Input graph file parsed. # of vertices = 549, # of edges = 639
s 8 10 12 6 4 1 124 126 128 21 23 25 19 17 14 136 138 140 34 36 38 32 30 27 148 150 152 47 49 51 45 43 40 160 162 164 60 62 64 58 56 53 172 174 176 73 75 77 71 69 66 184 186 188 280 282 284 364 366 368 86 88 90 84 82 79 196 198 200 292 294 296 99 101 103 97 95 92 208 210 212 112 114 116 110 105 108 119 121 123 131 133 135 143 145 147 155 157 159 167 169 171 179 181 183 191 193 195 203 205 207 215 217 219 220 222 224 227 229 231 232 234 236 239 241 243 244 246 248 251 253 255 256 258 260 263 265 267 268 270 272 352 354 356 424 426 428 275 277 279 287 289 291 299 301 303 304 306 308 311 313 315 316 318 320 323 325 327 328 330 332 335 337 339 407 409 411 467 469 471 340 342 344 412 414 416 472 474 476 347 349 351 359 361 363 371 373 375 380 378 376 419 421 423 383 385 387 388 390 392 435 433 431 440 438 436 395 397 399 455 457 459 503 505 507 400 402 404 460 462 464 508 510 512 443 445 447 491 493 495 527 529 531 448 450 452 496 498 500 532 534 536 483 481 479 488 486 484 520 522 524 519 517 515 539 541 543 544 546 548
t 8 10 12 6 4 1 124 126 128 21 23 25 19 17 14 136 138 140 34 36 38 32 30 27 148 150 152 47 49 51 45 43 40 160 162 164 60 62 64 58 56 53 172 174 176 73 75 77 71 69 66 184 186 188 280 282 284 364 366 368 86 88 90 84 82 79 196 198 200 292 294 296 99 101 103 97 95 92 208 210 212 112 114 116 110 106 107 119 121 123 131 133 135 143 145 147 155 157 159 167 169 171 179 181 183 191 193 195 203 205 207 215 217 219 220 222 224 227 229 231 232 234 236 239 241 243 244 246 248 251 253 255 256 258 260 263 265 267 268 270 272 352 354 356 424 426 428 275 277 279 287 289 291 299 301 303 304 306 308 311 313 315 316 318 320 323 325 327 328 330 332 335 337 339 407 409 411 467 469 471 340 342 344 412 414 416 472 474 476 347 349 351 359 361 363 371 373 375 380 378 376 419 421 423 383 385 387 388 390 392 435 433 431 440 438 436 395 397 399 455 457 459 503 505 507 400 402 404 460 462 464 508 510 512 443 445 447 491 493 495 527 529 531 448 450 452 496 498 500 532 534 536 483 481 479 488 486 484 520 522 524 519 517 515 539 541 543 544 546 548
Solution space ZDD construction start
Solution space ZDD construction end
Solution space ZDD construction time = 157.764468
Solution space ZDD size = 3647386
# of elements in the solution space = 84438494275099881091747988728364414990814061138830113567223612334910977569433421356363593260076749810615230106377500
Start searching a reconfiguration sequence from s to t
Step 1 time = 0.001605, # ZDD nodes = 807, # elems = 65
Step 2 time = 0.004170, # ZDD nodes = 1463, # elems = 2138
Step 3 time = 0.007201, # ZDD nodes = 2490, # elems = 47471
Step 4 time = 0.012212, # ZDD nodes = 3603, # elems = 800629
Step 5 time = 0.015631, # ZDD nodes = 4960, # elems = 10941440
Step 6 time = 0.020484, # ZDD nodes = 6427, # elems = 126200986
Step 7 time = 0.025859, # ZDD nodes = 7924, # elems = 1263481161
Step 8 time = 0.028591, # ZDD nodes = 9465, # elems = 11206211546
Step 9 time = 0.031216, # ZDD nodes = 10946, # elems = 89426264700
Step 10 time = 0.032380, # ZDD nodes = 12389, # elems = 649924248876
Step 11 time = 0.032328, # ZDD nodes = 13761, # elems = 4343986058316
Step 12 time = 0.038515, # ZDD nodes = 15341, # elems = 26916159237858
Step 13 time = 0.039255, # ZDD nodes = 16949, # elems = 155642210874721
Step 14 time = 0.041540, # ZDD nodes = 18798, # elems = 844640841098588
Step 15 time = 0.046651, # ZDD nodes = 20711, # elems = 4322473575969457
Step 16 time = 0.048718, # ZDD nodes = 22830, # elems = 20946322896105674
Step 17 time = 0.052858, # ZDD nodes = 25018, # elems = 96464012429058287
Step 18 time = 0.245776, # ZDD nodes = 27218, # elems = 423525835178259512
Step 19 time = 0.066033, # ZDD nodes = 29445, # elems = 1777732793686541261
Step 20 time = 0.067876, # ZDD nodes = 31874, # elems = 7151633311792380278
Step 21 time = 0.073660, # ZDD nodes = 34322, # elems = 27635155997527472601
Step 22 time = 0.077733, # ZDD nodes = 36744, # elems = 102778985466527878993
Step 23 time = 0.077955, # ZDD nodes = 39155, # elems = 368566465937731835764
Step 24 time = 0.079544, # ZDD nodes = 41519, # elems = 1276457923823714798185
Step 25 time = 0.080491, # ZDD nodes = 44073, # elems = 4275850966865277177408
Step 26 time = 0.090791, # ZDD nodes = 46660, # elems = 13872478732690694671812
Step 27 time = 0.094794, # ZDD nodes = 49496, # elems = 43645717779903610799799
Step 28 time = 0.102502, # ZDD nodes = 52391, # elems = 133315934600247121037341
Step 29 time = 0.104151, # ZDD nodes = 55289, # elems = 395761113615741407450711
Step 30 time = 0.123907, # ZDD nodes = 58202, # elems = 1142925076149069195981099
Step 31 time = 0.119441, # ZDD nodes = 60980, # elems = 3213865469201059838749522
Step 32 time = 0.205551, # ZDD nodes = 63673, # elems = 8806969786641728177395386
Step 33 time = 0.117890, # ZDD nodes = 66330, # elems = 23537070375311037070027748
Step 34 time = 0.115411, # ZDD nodes = 68951, # elems = 61393247233828285910536557
Step 35 time = 0.126337, # ZDD nodes = 71524, # elems = 156395923789240966838059143
Step 36 time = 0.116612, # ZDD nodes = 74059, # elems = 389351793320422913725659915
Step 37 time = 0.120502, # ZDD nodes = 76538, # elems = 947826339599848102527295655
Step 38 time = 0.131132, # ZDD nodes = 78970, # elems = 2257497179346683027815556425
Step 39 time = 0.115142, # ZDD nodes = 81364, # elems = 5263382164005834712733567930
Step 40 time = 0.118368, # ZDD nodes = 83879, # elems = 12018652903802391766601890736
Step 41 time = 0.129078, # ZDD nodes = 86374, # elems = 26890658912791911479321644497
Step 42 time = 0.130317, # ZDD nodes = 89074, # elems = 58978261606347187951569127584
Step 43 time = 0.141606, # ZDD nodes = 91810, # elems = 126854789732781928601392737398
Step 44 time = 0.236447, # ZDD nodes = 94705, # elems = 267679936151954858122535849107
Step 45 time = 0.243007, # ZDD nodes = 97640, # elems = 554343990546897280988372956970
Step 46 time = 0.246607, # ZDD nodes = 100559, # elems = 1127066269901695552880460780632
Step 47 time = 0.248933, # ZDD nodes = 103483, # elems = 2250454392007941527830670043376
Step 48 time = 0.186178, # ZDD nodes = 106563, # elems = 4414467071661899595121275344138
Step 49 time = 0.359307, # ZDD nodes = 109629, # elems = 8509486479041301526443226058920
Step 50 time = 0.181363, # ZDD nodes = 112653, # elems = 16123845192484631427696779415558
Step 51 time = 0.184367, # ZDD nodes = 115644, # elems = 30039393579339314932284109228101
Step 52 time = 0.373370, # ZDD nodes = 118572, # elems = 55040491771012120702913233713894
Step 53 time = 0.189220, # ZDD nodes = 121652, # elems = 99208290987856014258063759446066
Step 54 time = 0.193967, # ZDD nodes = 124723, # elems = 175949873471431457157332650687045
Step 55 time = 0.199124, # ZDD nodes = 127975, # elems = 307115166784743610363843274076953
Step 56 time = 0.199718, # ZDD nodes = 131245, # elems = 527686898856304572353274945833843
Step 57 time = 0.207004, # ZDD nodes = 134499, # elems = 892691107696547563044559630802152
Step 58 time = 0.227372, # ZDD nodes = 137716, # elems = 1487164351904226470252785040575789
Step 59 time = 0.235449, # ZDD nodes = 140869, # elems = 2440218458653234714168741893332515
Step 60 time = 0.329485, # ZDD nodes = 143957, # elems = 3944444563953771888548381284507551
Step 61 time = 0.222335, # ZDD nodes = 146983, # elems = 6282063418224623388704893545642735
Step 62 time = 0.236154, # ZDD nodes = 149947, # elems = 9859312531869328757161072245903490
Step 63 time = 0.214359, # ZDD nodes = 152845, # elems = 15250502435628392261326820141862218
Step 64 time = 0.212928, # ZDD nodes = 155668, # elems = 23252901577574672829646739683624561
Step 65 time = 0.323822, # ZDD nodes = 158625, # elems = 34953042921133300615367472973998922
Step 66 time = 0.225045, # ZDD nodes = 161566, # elems = 51804109010253269298846443556783853
Step 67 time = 0.399716, # ZDD nodes = 164430, # elems = 75712687475653643358048228387907981
Step 68 time = 0.310450, # ZDD nodes = 167280, # elems = 109131372923208744523958297183083747
Step 69 time = 0.331433, # ZDD nodes = 170076, # elems = 155151457929722703285864922682634790
Step 70 time = 0.231925, # ZDD nodes = 173001, # elems = 217587416869128557885432944403881134
Step 71 time = 0.220279, # ZDD nodes = 175903, # elems = 301042246355561389731060482943220089
Step 72 time = 0.327126, # ZDD nodes = 178979, # elems = 410940290291122248936351496613317386
Step 73 time = 0.234930, # ZDD nodes = 182059, # elems = 553512343418386065537158760838995695
Step 74 time = 0.339967, # ZDD nodes = 185080, # elems = 735717058444148501218883884820697381
Step 75 time = 0.342373, # ZDD nodes = 188064, # elems = 965083460097161067197321370420772348
Step 76 time = 0.335869, # ZDD nodes = 191147, # elems = 1249462127335416885540571573323478684
Step 77 time = 0.346157, # ZDD nodes = 194160, # elems = 1596677642573127971901417691067734765
Step 78 time = 0.265667, # ZDD nodes = 197130, # elems = 2014082304428268053103779576079223113
Step 79 time = 0.530570, # ZDD nodes = 200031, # elems = 2508020639062366962312591943449677074
Step 80 time = 0.256938, # ZDD nodes = 202857, # elems = 3083225352549130878142727388585898452
Step 81 time = 0.256628, # ZDD nodes = 205815, # elems = 3742177105494907192652783360177469506
Step 82 time = 0.258850, # ZDD nodes = 208729, # elems = 4484471601741959107270863540415760106
Step 83 time = 0.268058, # ZDD nodes = 211809, # elems = 5306246488355561326237427349585565370
Step 84 time = 0.270465, # ZDD nodes = 214888, # elems = 6199725933254613067521456421120887593
Step 85 time = 0.317055, # ZDD nodes = 217883, # elems = 7152941102896688904535012410411883267
Step 86 time = 0.309328, # ZDD nodes = 220824, # elems = 8149679109563487731857566538968490166
Step 87 time = 0.322722, # ZDD nodes = 223612, # elems = 9169700933341681036640520092185307796
Step 88 time = 0.286112, # ZDD nodes = 226274, # elems = 10189250697670999654719289844079553581
Step 89 time = 0.295132, # ZDD nodes = 228859, # elems = 11181855663173036715994993915506860407
Step 90 time = 0.303703, # ZDD nodes = 231361, # elems = 12119390358530415902071902356881270430
Step 91 time = 0.280468, # ZDD nodes = 233777, # elems = 12973351963381834281005308894217078211
Step 92 time = 0.279144, # ZDD nodes = 236112, # elems = 13716270311176423825213969101563401340
Step 93 time = 0.298274, # ZDD nodes = 238348, # elems = 14323157586338062130912816328020999645
Step 94 time = 0.296094, # ZDD nodes = 240478, # elems = 14772892436418220425983416180800073525
Step 95 time = 0.284235, # ZDD nodes = 242509, # elems = 15049432515527586137509610919166345469
Step 96 time = 0.271803, # ZDD nodes = 244426, # elems = 15142759070168500870498364558082778818
Step 97 time = 0.279514, # ZDD nodes = 246233, # elems = 15049476515312591593012464431334142061
Step 98 time = 0.293261, # ZDD nodes = 247944, # elems = 14773017279783128440859157913845227989
Step 99 time = 0.285909, # ZDD nodes = 249573, # elems = 14323434775374318102953808452089701100
Step 100 time = 0.274211, # ZDD nodes = 251106, # elems = 13716801744658334535771637203178550286
Step 101 time = 0.263539, # ZDD nodes = 252549, # elems = 12974263814350692015097305044514617369
Step 102 time = 0.263675, # ZDD nodes = 254050, # elems = 12120825405158363280704677347348872606
Step 103 time = 0.305330, # ZDD nodes = 255489, # elems = 11183964474451206468036065118377155789
Step 104 time = 0.261989, # ZDD nodes = 256999, # elems = 10192182147002131389150534123590597307
Step 105 time = 0.295839, # ZDD nodes = 258473, # elems = 9173592563779270546684813636345299691
Step 106 time = 0.273366, # ZDD nodes = 259992, # elems = 8154647899314726594559748788388111169
Step 107 time = 0.267733, # ZDD nodes = 261471, # elems = 7159075174471635490894631597921724263
Step 108 time = 0.280605, # ZDD nodes = 262890, # elems = 6207077711259847481550820585692899537
Step 109 time = 0.273162, # ZDD nodes = 264236, # elems = 5314827738379116393360711074538207818
Step 110 time = 0.277978, # ZDD nodes = 265639, # elems = 4494250677714500081954346447382533955
Step 111 time = 0.291744, # ZDD nodes = 266988, # elems = 3753078600101338844694154912536963354
Step 112 time = 0.477714, # ZDD nodes = 268229, # elems = 3095132192649605598998224934293727900
Step 113 time = 0.318526, # ZDD nodes = 269361, # elems = 2520778506430354674107401007974375950
Step 114 time = 0.305550, # ZDD nodes = 270396, # elems = 2027506104197684056510614544164350054
Step 115 time = 0.324853, # ZDD nodes = 271474, # elems = 1610559601157313382609489645458998739
Step 116 time = 0.315030, # ZDD nodes = 272490, # elems = 1263580991076116502144082779327218069
Step 117 time = 0.343060, # ZDD nodes = 273579, # elems = 979214196088439617556387420354190250
Step 118 time = 0.309102, # ZDD nodes = 274614, # elems = 749640436758765718579590670517536306
Step 119 time = 0.333860, # ZDD nodes = 275571, # elems = 567023807586321113988432711466507382
Step 120 time = 0.377530, # ZDD nodes = 276424, # elems = 423857597496861155636036562442420647
Step 121 time = 0.313482, # ZDD nodes = 277124, # elems = 313211472732206904116832824391542888
Step 122 time = 0.330805, # ZDD nodes = 277704, # elems = 228887064798652108866084284097417780
Step 123 time = 0.348215, # ZDD nodes = 278184, # elems = 165494557169631779557147742421568084
Step 124 time = 0.297275, # ZDD nodes = 278550, # elems = 118465620596496229408195126501784926
Step 125 time = 0.296456, # ZDD nodes = 278814, # elems = 84018809373051844704264669939317657
Step 126 time = 0.328645, # ZDD nodes = 278962, # elems = 59092734718567262931060447811337843
Step 127 time = 0.280626, # ZDD nodes = 279124, # elems = 41260462219802969754531021432432247
Step 128 time = 0.339405, # ZDD nodes = 279215, # elems = 28636105927576419902462562729798675
Step 129 time = 0.274952, # ZDD nodes = 279200, # elems = 19781914202798127767538400947705378
Step 130 time = 0.271265, # ZDD nodes = 279095, # elems = 13621570666193842998954428823856047
Step 131 time = 0.267873, # ZDD nodes = 278876, # elems = 9363175338329608568491817517776759
Step 132 time = 0.263752, # ZDD nodes = 278711, # elems = 6433539288750795040734380439751531
Step 133 time = 0.261900, # ZDD nodes = 278449, # elems = 4424055252381533426226550433507523
Step 134 time = 0.282448, # ZDD nodes = 278248, # elems = 3047473172693009361232384226526885
Step 135 time = 0.259751, # ZDD nodes = 277967, # elems = 2104353163246501144860363751102731
Step 136 time = 0.257518, # ZDD nodes = 277583, # elems = 1457710590604032129847677884330615
Step 137 time = 0.271902, # ZDD nodes = 277098, # elems = 1014327220460712050374209683318925
Step 138 time = 0.256405, # ZDD nodes = 276644, # elems = 711303805001860431888194600038942
Step 139 time = 0.264421, # ZDD nodes = 276107, # elems = 506610903507603811368369473476715
Step 140 time = 0.266732, # ZDD nodes = 275464, # elems = 372608736855868318935681918344180
Step 141 time = 0.276430, # ZDD nodes = 274731, # elems = 291720583401482782138379604042698
Step 142 time = 0.271727, # ZDD nodes = 273875, # elems = 253637284554749669561111165877865
Step 143 time = 0.268301, # ZDD nodes = 273059, # elems = 253592378695395281029895421025542
Step 144 time = 0.253939, # ZDD nodes = 272141, # elems = 291374861617538060466415964073286
Step 145 time = 0.243009, # ZDD nodes = 271272, # elems = 370840856726361540691546475725605
Step 146 time = 0.245486, # ZDD nodes = 270312, # elems = 499750530217492897597052917312036
Step 147 time = 0.251476, # ZDD nodes = 269279, # elems = 689797670457710480202142853385369
Step 148 time = 0.253892, # ZDD nodes = 268154, # elems = 956722167726828130833078712880158
Step 149 time = 0.267123, # ZDD nodes = 266960, # elems = 1320405847296583257948353354557271
Step 150 time = 0.257547, # ZDD nodes = 265673, # elems = 1804855144384886823365133666115079
Step 151 time = 0.260908, # ZDD nodes = 264284, # elems = 2437975039015301980745832246563081
Step 152 time = 0.321148, # ZDD nodes = 262987, # elems = 3251042132392515003125641705310963
Step 153 time = 0.445670, # ZDD nodes = 261595, # elems = 4277794784928069786208883486956362
Step 154 time = 0.246270, # ZDD nodes = 260101, # elems = 5553078020853668472714901958829195
Step 155 time = 0.241451, # ZDD nodes = 258443, # elems = 7111012374667274638572788927859311
Step 156 time = 0.261639, # ZDD nodes = 256717, # elems = 8982699319234547487091798363264310
Step 157 time = 0.227958, # ZDD nodes = 254945, # elems = 11193529708490373900023202344468009
Step 158 time = 0.223510, # ZDD nodes = 253157, # elems = 13760221966910149819689755932753500
Step 159 time = 0.219094, # ZDD nodes = 251518, # elems = 16687777667065531529003258442244014
Step 160 time = 0.264088, # ZDD nodes = 249801, # elems = 19966596108850483025855628937905895
Step 161 time = 0.215801, # ZDD nodes = 248393, # elems = 23570028138440447849316481294712473
Step 162 time = 0.395076, # ZDD nodes = 246966, # elems = 27452664550883121070598064886157523
Step 163 time = 0.207708, # ZDD nodes = 245529, # elems = 31549639378118291024924340213235154
Step 164 time = 0.208687, # ZDD nodes = 244205, # elems = 35777179398891741898486890876928544
Step 165 time = 0.217603, # ZDD nodes = 242796, # elems = 40034548493217677668553458636511378
Step 166 time = 0.208650, # ZDD nodes = 241473, # elems = 44207423776069148059117438759177499
Step 167 time = 0.260672, # ZDD nodes = 240070, # elems = 48172609172513169361456398046353563
Step 168 time = 0.203262, # ZDD nodes = 238778, # elems = 51803854526778558523761035517930756
Step 169 time = 0.223964, # ZDD nodes = 237461, # elems = 54978420224308940492934857633933204
Step 170 time = 0.392504, # ZDD nodes = 236018, # elems = 57583924876964827828028799121668561
Step 171 time = 0.218554, # ZDD nodes = 234560, # elems = 59524951300596359214676293251084379
Step 172 time = 0.207666, # ZDD nodes = 233244, # elems = 60728874205249795649723679591687375
Step 173 time = 0.209903, # ZDD nodes = 231899, # elems = 61150416330365087583067440904870634
Step 174 time = 0.228728, # ZDD nodes = 230767, # elems = 60774535993528851244824143225135008
Step 175 time = 0.215016, # ZDD nodes = 229552, # elems = 59617389144923363126055655094510151
Step 176 time = 0.256911, # ZDD nodes = 228251, # elems = 57725278150628001946834021625189689
Step 177 time = 0.228705, # ZDD nodes = 227258, # elems = 55171678846523812387284358988521367
Step 178 time = 0.224476, # ZDD nodes = 226243, # elems = 52052606676733125882574003034304688
Step 179 time = 0.219250, # ZDD nodes = 225440, # elems = 48480723060515347472292375856407338
Step 180 time = 0.218463, # ZDD nodes = 224774, # elems = 44578679503656920188999282227209529
Step 181 time = 0.222786, # ZDD nodes = 224362, # elems = 40472240181676132344783277598414847
Step 182 time = 0.226828, # ZDD nodes = 224124, # elems = 36283711416433381450138269361342010
Step 183 time = 0.418917, # ZDD nodes = 224222, # elems = 32126143140542221672675841016655891
Step 184 time = 0.318211, # ZDD nodes = 224155, # elems = 28098663464264354824223514819763565
Step 185 time = 0.228675, # ZDD nodes = 223981, # elems = 24283177314178683541112624789342752
Step 186 time = 0.224940, # ZDD nodes = 223726, # elems = 20742520194845364206414391480258564
Step 187 time = 0.221530, # ZDD nodes = 223375, # elems = 17520024437241965227940895000487861
Step 188 time = 0.404087, # ZDD nodes = 222900, # elems = 14640341429055387715162361220159869
Step 189 time = 0.214984, # ZDD nodes = 222593, # elems = 12111278967319357190535013880002243
Step 190 time = 0.215719, # ZDD nodes = 222298, # elems = 9926363066786304838780443247687976
Step 191 time = 0.216652, # ZDD nodes = 222222, # elems = 8067818637665515472105433164758846
Step 192 time = 0.239630, # ZDD nodes = 222389, # elems = 6509679674981352486493908854470741
Step 193 time = 0.229723, # ZDD nodes = 222493, # elems = 5220780241437333973862074973979748
Step 194 time = 0.229891, # ZDD nodes = 223051, # elems = 4167434159447796154810438592505979
Step 195 time = 0.264086, # ZDD nodes = 223544, # elems = 3315675187940083235969435817128805
Step 196 time = 0.250271, # ZDD nodes = 224191, # elems = 2632992571636892746052526273249311
Step 197 time = 0.227673, # ZDD nodes = 224809, # elems = 2089552865467558739333363189112094
Step 198 time = 0.278389, # ZDD nodes = 225351, # elems = 1658943586951149015034789864279974
Step 199 time = 0.236474, # ZDD nodes = 225843, # elems = 1318505441210651830995796477880355
Step 200 time = 0.238995, # ZDD nodes = 226400, # elems = 1049337466075124220749088688038694
Step 201 time = 0.241201, # ZDD nodes = 226921, # elems = 836064870767075735055777972336518
Step 202 time = 0.254449, # ZDD nodes = 227382, # elems = 666455021353718332078213254111526
Step 203 time = 0.256104, # ZDD nodes = 227805, # elems = 530955874754003464432446691301601
Step 204 time = 0.246996, # ZDD nodes = 228303, # elems = 422216114008146244967846432190381
Step 205 time = 0.547887, # ZDD nodes = 228932, # elems = 334629888975372841172062957591973
Step 206 time = 0.246295, # ZDD nodes = 229691, # elems = 263933461254417656938833896785524
Step 207 time = 0.273348, # ZDD nodes = 230617, # elems = 206867584441432078127362363144480
Step 208 time = 0.296797, # ZDD nodes = 231580, # elems = 160908881193378517138151879477030
Step 209 time = 0.261988, # ZDD nodes = 232499, # elems = 124066022708423917132205469508747
Step 210 time = 0.283592, # ZDD nodes = 233550, # elems = 94731977752530394194042246776510
Step 211 time = 0.265029, # ZDD nodes = 234610, # elems = 71581514321110799853135246143462
Step 212 time = 0.492665, # ZDD nodes = 235527, # elems = 53502913929224709130197714732654
Step 213 time = 0.260061, # ZDD nodes = 236342, # elems = 39553883615509603409185793190233
Step 214 time = 0.256643, # ZDD nodes = 237042, # elems = 28933371500646659147849670322929
Step 215 time = 0.295744, # ZDD nodes = 237640, # elems = 20962962875220874397652296179104
Step 216 time = 0.292747, # ZDD nodes = 238135, # elems = 15073435703075597900768714188951
Step 217 time = 0.251563, # ZDD nodes = 238522, # elems = 10793689679057633290720898216842
Step 218 time = 0.287690, # ZDD nodes = 238829, # elems = 7740538328111639297027782636700
Step 219 time = 0.241170, # ZDD nodes = 239061, # elems = 5608754674755386034028211551018
Step 220 time = 0.238468, # ZDD nodes = 239310, # elems = 4161325296859559716448534027886
Step 221 time = 0.255606, # ZDD nodes = 239448, # elems = 3220160300395085217288230217143
Step 222 time = 0.232299, # ZDD nodes = 239454, # elems = 2657601472182621285636022154903
Step 223 time = 0.230725, # ZDD nodes = 239353, # elems = 2389036192211601562467669351115
Step 224 time = 0.267525, # ZDD nodes = 239160, # elems = 2366816725382303669964936779311
Step 225 time = 0.267252, # ZDD nodes = 238842, # elems = 2575544188156122473625971086550
Step 226 time = 0.241796, # ZDD nodes = 238389, # elems = 3028630416672362757064793226479
Step 227 time = 0.261747, # ZDD nodes = 237784, # elems = 3765914549073844859653135056412
Step 228 time = 0.214771, # ZDD nodes = 237065, # elems = 4851992604244246650118067055652
Step 229 time = 0.236239, # ZDD nodes = 236218, # elems = 6374822733120864491706517478770
Step 230 time = 0.251462, # ZDD nodes = 235254, # elems = 8444101159152865886142804546439
Step 231 time = 0.269850, # ZDD nodes = 234164, # elems = 11188870981968020021006475039817
Step 232 time = 0.202588, # ZDD nodes = 233096, # elems = 14753837057287127437905118429108
Step 233 time = 0.212575, # ZDD nodes = 231997, # elems = 19293925189137805315747983080093
Step 234 time = 0.202273, # ZDD nodes = 230934, # elems = 24966751616924917364615969257237
Step 235 time = 0.201237, # ZDD nodes = 229784, # elems = 31922863449085460511016909825619
Step 236 time = 0.218242, # ZDD nodes = 228847, # elems = 40293868640928950466710977669261
Step 237 time = 0.201939, # ZDD nodes = 227915, # elems = 50178881172986354938784183670723
Step 238 time = 0.389004, # ZDD nodes = 226990, # elems = 61630037302055636794398741933555
Step 239 time = 0.206573, # ZDD nodes = 226074, # elems = 74638155144293361818234289801255
Step 240 time = 0.210220, # ZDD nodes = 225338, # elems = 89119867546609591569605372135212
Step 241 time = 0.220378, # ZDD nodes = 224692, # elems = 104907709964498172714363169148350
Step 242 time = 0.230696, # ZDD nodes = 224246, # elems = 121744648550776903826223549764728
Step 243 time = 0.261523, # ZDD nodes = 223802, # elems = 139284359498176369846579501390230
Step 244 time = 0.250104, # ZDD nodes = 223345, # elems = 157098209932499343838932788164453
Step 245 time = 0.452582, # ZDD nodes = 223034, # elems = 174689360191406149389666477165103
Step 246 time = 0.265918, # ZDD nodes = 222787, # elems = 191513751767982770880094286295936
Step 247 time = 0.336602, # ZDD nodes = 222771, # elems = 207007034605142780420851324425616
Step 248 time = 0.382920, # ZDD nodes = 222987, # elems = 220615810625723828731388777569548
Step 249 time = 0.293150, # ZDD nodes = 223436, # elems = 231831024765808415457572725576607
Step 250 time = 0.296641, # ZDD nodes = 224087, # elems = 240221014189464173512574502106531
Step 251 time = 0.301887, # ZDD nodes = 224692, # elems = 245461709328019396072828559539164
Step 252 time = 0.306295, # ZDD nodes = 225187, # elems = 247361821104612764326370382008470
Step 253 time = 0.326696, # ZDD nodes = 225596, # elems = 245881572863864384143573184953849
Step 254 time = 0.304055, # ZDD nodes = 226059, # elems = 241144642127306443910693943243554
Step 255 time = 0.301884, # ZDD nodes = 226477, # elems = 233444446311145196255020620717419
Step 256 time = 0.293849, # ZDD nodes = 226859, # elems = 223247710678302826862290979468478
Step 257 time = 0.472609, # ZDD nodes = 227376, # elems = 211200374037956694939617027627115
Step 258 time = 0.324440, # ZDD nodes = 228261, # elems = 198143310141038292487152487282532
Step 259 time = 0.278510, # ZDD nodes = 229123, # elems = 185148076515548235679776722893706
Step 260 time = 0.273872, # ZDD nodes = 229951, # elems = 173585954227272428009176504901726
Step 261 time = 0.271786, # ZDD nodes = 230667, # elems = 165246888090433222072850357135103
Step 262 time = 0.491168, # ZDD nodes = 231688, # elems = 162528474941096629543707638505632
Step 263 time = 0.260730, # ZDD nodes = 232653, # elems = 168718633958568703617018822987376
Step 264 time = 0.257206, # ZDD nodes = 233706, # elems = 188398572960197235216722937195934
Step 265 time = 0.443951, # ZDD nodes = 234859, # elems = 227994409994141964038542035883887
Step 266 time = 0.258254, # ZDD nodes = 235890, # elems = 296505282245369120226857104950155
Step 267 time = 0.275338, # ZDD nodes = 236824, # elems = 406431637841747240341521461827528
Step 268 time = 0.267029, # ZDD nodes = 237812, # elems = 574918110006038356332741800939284
Step 269 time = 0.266663, # ZDD nodes = 238778, # elems = 825109328914397444669770255672727
Step 270 time = 0.265730, # ZDD nodes = 239709, # elems = 1187692888317294893126358339963835
Step 271 time = 0.265357, # ZDD nodes = 240673, # elems = 1702570723583711595972221516998928
Step 272 time = 0.263555, # ZDD nodes = 241753, # elems = 2420558709492819900333655739659976
Step 273 time = 0.260772, # ZDD nodes = 242929, # elems = 3404966199051905508864577290814480
Step 274 time = 0.301895, # ZDD nodes = 244260, # elems = 4732856239840352899077948827705244
Step 275 time = 0.269231, # ZDD nodes = 245660, # elems = 6495739147282157317355368343561842
Step 276 time = 0.266957, # ZDD nodes = 247030, # elems = 8799414788511674096887161024461797
Step 277 time = 0.276186, # ZDD nodes = 248395, # elems = 11762661612868292406083769646700269
Step 278 time = 0.287393, # ZDD nodes = 249759, # elems = 15514482943464942480003464136047055
Step 279 time = 0.294621, # ZDD nodes = 251248, # elems = 20189672212690078921173736843427054
Step 280 time = 0.311945, # ZDD nodes = 252827, # elems = 25922554942169519066776311475685011
Step 281 time = 0.315995, # ZDD nodes = 254294, # elems = 32838908094454692158510825828306773
Step 282 time = 0.309670, # ZDD nodes = 255630, # elems = 41046242536677422928655291773264651
Step 283 time = 0.360320, # ZDD nodes = 256866, # elems = 50622850012905343205565464921890256
Step 284 time = 0.397433, # ZDD nodes = 257975, # elems = 61606242933526335049945259979633096
Step 285 time = 0.305398, # ZDD nodes = 258949, # elems = 73981827598757838018905595321590733
Step 286 time = 0.341457, # ZDD nodes = 259791, # elems = 87672819066150646462530307291606711
Step 287 time = 0.306471, # ZDD nodes = 260531, # elems = 102532497946944706256596286290122814
Step 288 time = 0.294464, # ZDD nodes = 261180, # elems = 118339898958622067159507393974899018
Step 289 time = 0.288769, # ZDD nodes = 261713, # elems = 134799889638444028728269082992359553
Step 290 time = 0.284438, # ZDD nodes = 262188, # elems = 151548339728961388187604033308975079
Step 291 time = 0.284497, # ZDD nodes = 262793, # elems = 168162707861236765024829306663071415
Step 292 time = 0.281170, # ZDD nodes = 263379, # elems = 184177909781231111186414237908251464
Step 293 time = 0.468295, # ZDD nodes = 264084, # elems = 199106824509529759598915118881077876
Step 294 time = 0.284984, # ZDD nodes = 264714, # elems = 212464295911270259987554966419760872
Step 295 time = 0.282499, # ZDD nodes = 265218, # elems = 223793056585375045681545479621869695
Step 296 time = 0.280889, # ZDD nodes = 265832, # elems = 232689695258917137536685861431577733
Step 297 time = 0.371392, # ZDD nodes = 266399, # elems = 238828653369919742923175146338613737
Step 298 time = 0.283145, # ZDD nodes = 267043, # elems = 241982298272849383980718257719238341
Step 299 time = 0.285919, # ZDD nodes = 267658, # elems = 242035383230760752906195415429698518
Step 300 time = 0.667196, # ZDD nodes = 268271, # elems = 238992646732376091868565484932468049
Step 301 time = 0.571858, # ZDD nodes = 268876, # elems = 232978881211246455132004105983223316
Step 302 time = 0.677940, # ZDD nodes = 269593, # elems = 224231451740899670828838084645509481
Step 303 time = 0.544456, # ZDD nodes = 270459, # elems = 213085896959009191428847857591259573
Step 304 time = 0.363402, # ZDD nodes = 271264, # elems = 199955825632890066831868892913531071
Step 305 time = 0.512601, # ZDD nodes = 271974, # elems = 185308770895308509648043213457523844
Step 306 time = 0.374325, # ZDD nodes = 272641, # elems = 169639935967173579188058159548407320
Step 307 time = 0.331384, # ZDD nodes = 273458, # elems = 153445838865317137088343412564414173
Step 308 time = 0.327752, # ZDD nodes = 274272, # elems = 137199742654942366524371615174823412
Step 309 time = 0.717017, # ZDD nodes = 275602, # elems = 121330468605493816046735766683474809
Step 310 time = 0.438770, # ZDD nodes = 276882, # elems = 106205776333652067004532150400021153
Step 311 time = 0.328426, # ZDD nodes = 278040, # elems = 92121012477695196664331464061450872
Step 312 time = 0.516085, # ZDD nodes = 279079, # elems = 79293234979997756649963146206763382
Step 313 time = 0.350099, # ZDD nodes = 279990, # elems = 67860565863537087821397519451029532
Step 314 time = 0.321702, # ZDD nodes = 280757, # elems = 57886152457641134110841918099088235
Step 315 time = 0.316624, # ZDD nodes = 281406, # elems = 49365851360009416907124664740265638
Step 316 time = 0.354673, # ZDD nodes = 281949, # elems = 42238600894575384702308319844204876
Step 317 time = 0.302317, # ZDD nodes = 282379, # elems = 36398411490279077947409384328517937
Step 318 time = 0.297017, # ZDD nodes = 282854, # elems = 31706962670097240806151311688544215
Step 319 time = 0.479629, # ZDD nodes = 283446, # elems = 28005926233618390216272351249622924
Step 320 time = 0.285324, # ZDD nodes = 283956, # elems = 25128310909740181701238742261135535
Step 321 time = 0.329885, # ZDD nodes = 284506, # elems = 22908318563955748636889877086700301
Step 322 time = 0.329578, # ZDD nodes = 284953, # elems = 21189394396721019620021219830752596
Step 323 time = 0.289977, # ZDD nodes = 285292, # elems = 19830327685843492000171369122046950
Step 324 time = 0.270552, # ZDD nodes = 285698, # elems = 18709405921439025622082344714861763
Step 325 time = 0.355721, # ZDD nodes = 286035, # elems = 17726739635382360610023387217367686
Step 326 time = 0.643154, # ZDD nodes = 286477, # elems = 16804958086418666846798109142065199
Step 327 time = 0.271401, # ZDD nodes = 286811, # elems = 15888530192139132179692726456721583
Step 328 time = 0.274680, # ZDD nodes = 287039, # elems = 14941994926260144322074703934752096
Step 329 time = 0.277206, # ZDD nodes = 287162, # elems = 13947395200482115012722429021441333
Step 330 time = 0.278591, # ZDD nodes = 287341, # elems = 12901202896105058389434813857698859
Step 331 time = 0.280847, # ZDD nodes = 287494, # elems = 11811003355874802926571452338479135
Step 332 time = 0.326028, # ZDD nodes = 287509, # elems = 10692177850873061161957870647055803
Step 333 time = 0.280563, # ZDD nodes = 287398, # elems = 9564784565882226890459090519204050
Step 334 time = 0.283335, # ZDD nodes = 287137, # elems = 8450794789431734176754306580483542
Step 335 time = 0.275955, # ZDD nodes = 287019, # elems = 7371793780123013452710830846825944
Step 336 time = 0.364968, # ZDD nodes = 286845, # elems = 6347208017750228759856495225116247
Step 337 time = 0.275843, # ZDD nodes = 286941, # elems = 5393075190002640973341115110279890
Step 338 time = 0.278960, # ZDD nodes = 287147, # elems = 4521333144576957719380069932520991
Step 339 time = 0.840148, # ZDD nodes = 287217, # elems = 3739571538889051414878783768052262
Step 340 time = 0.283983, # ZDD nodes = 287168, # elems = 3051166692945333097027686421468675
Step 341 time = 0.296455, # ZDD nodes = 286964, # elems = 2455706908387282208251054975158622
Step 342 time = 0.279405, # ZDD nodes = 286636, # elems = 1949611980465298697916954963550117
Step 343 time = 0.462953, # ZDD nodes = 286202, # elems = 1526855621707462507669971028757789
Step 344 time = 0.315810, # ZDD nodes = 285679, # elems = 1179711171892478339330864768308821
Step 345 time = 0.265961, # ZDD nodes = 285064, # elems = 899457029226282656308916772438758
Step 346 time = 0.497719, # ZDD nodes = 284336, # elems = 676996362084012835545982882909011
Step 347 time = 0.257439, # ZDD nodes = 283593, # elems = 503363712659076225388546506415942
Step 348 time = 0.299117, # ZDD nodes = 282710, # elems = 370107365574805851041769426602512
Step 349 time = 0.247887, # ZDD nodes = 281699, # elems = 269549651256408130606065369981598
Step 350 time = 0.243762, # ZDD nodes = 280580, # elems = 194937084207737282933661872153652
Step 351 time = 0.369302, # ZDD nodes = 279368, # elems = 140498321285865593658160652047591
Step 352 time = 0.236480, # ZDD nodes = 278044, # elems = 101430699598845311060891136152368
Step 353 time = 0.233035, # ZDD nodes = 276569, # elems = 73836188527225019345766361841935
Step 354 time = 0.229421, # ZDD nodes = 274958, # elems = 54625710569881098183290356979519
Step 355 time = 0.225367, # ZDD nodes = 273221, # elems = 41407706448526212487714380111273
Step 356 time = 0.221138, # ZDD nodes = 271347, # elems = 32373213351476790706099814115928
Step 357 time = 0.219742, # ZDD nodes = 269352, # elems = 26186123168367332688617644853876
Step 358 time = 0.296724, # ZDD nodes = 267277, # elems = 21884058474724423214672286863380
Step 359 time = 0.251223, # ZDD nodes = 265273, # elems = 18792657789838971680092104947726
Step 360 time = 0.207453, # ZDD nodes = 263256, # elems = 16454073778693484164874353079627
Step 361 time = 0.247866, # ZDD nodes = 261216, # elems = 14569133919634070281013763476812
Step 362 time = 0.223601, # ZDD nodes = 259111, # elems = 12951804244983614211093005893804
Step 363 time = 0.256161, # ZDD nodes = 257035, # elems = 11494213677938425416964701241534
Step 364 time = 0.227009, # ZDD nodes = 255022, # elems = 10140414757594257350140264673151
Step 365 time = 0.195269, # ZDD nodes = 252953, # elems = 8867164183305883950667505366364
Step 366 time = 0.193713, # ZDD nodes = 250998, # elems = 7670213769084088441266146976672
Step 367 time = 0.192450, # ZDD nodes = 249065, # elems = 6554844456893053694068561239380
Step 368 time = 0.202326, # ZDD nodes = 247142, # elems = 5529612048797581042175387208333
Step 369 time = 0.192302, # ZDD nodes = 245321, # elems = 4602481720468251064489646493858
Step 370 time = 0.191683, # ZDD nodes = 243508, # elems = 3778701608450757366494940211812
Step 371 time = 0.284944, # ZDD nodes = 241588, # elems = 3059904987769213502240250172798
Step 372 time = 0.196993, # ZDD nodes = 239578, # elems = 2444041282224634429261741003663
Step 373 time = 0.197901, # ZDD nodes = 237450, # elems = 1925825052037611693674213394385
Step 374 time = 0.199252, # ZDD nodes = 235199, # elems = 1497465093294786539875301671718
Step 375 time = 0.219920, # ZDD nodes = 232949, # elems = 1149497134501629600767666515735
Step 376 time = 0.451860, # ZDD nodes = 230616, # elems = 871595859515142348277228658658
Step 377 time = 0.200865, # ZDD nodes = 228320, # elems = 653286271725861059310821290296
Step 378 time = 0.222259, # ZDD nodes = 225977, # elems = 484511055686776119714995973292
Step 379 time = 0.205592, # ZDD nodes = 223508, # elems = 356039609071355587126630367385
Step 380 time = 0.206792, # ZDD nodes = 220977, # elems = 259725944024897356068608822415
Step 381 time = 0.206389, # ZDD nodes = 218519, # elems = 188637169888894836440892899485
Step 382 time = 0.391784, # ZDD nodes = 216019, # elems = 137082642973872982221714675056
Step 383 time = 0.400382, # ZDD nodes = 213558, # elems = 100577293052970211862657063821
Step 384 time = 0.386660, # ZDD nodes = 211255, # elems = 75772453440638973770434531417
Step 385 time = 0.195666, # ZDD nodes = 209142, # elems = 60385038645742317990678116393
Step 386 time = 0.196244, # ZDD nodes = 207176, # elems = 53152227039039553511774396759
Step 387 time = 0.185669, # ZDD nodes = 205342, # elems = 53834671345211506956637000340
Step 388 time = 0.183878, # ZDD nodes = 203484, # elems = 63287019902393444423690144614
Step 389 time = 0.223754, # ZDD nodes = 201650, # elems = 83610107816149869996974282851
Step 390 time = 0.223055, # ZDD nodes = 199856, # elems = 118394122186040459952725445240
Step 391 time = 0.176570, # ZDD nodes = 198118, # elems = 173055654900097052827299466895
Step 392 time = 0.174135, # ZDD nodes = 196680, # elems = 255263031683895321674414721007
Step 393 time = 0.183499, # ZDD nodes = 195243, # elems = 375432963049565575023436935840
Step 394 time = 0.369051, # ZDD nodes = 194280, # elems = 547267070239725849894016226463
Step 395 time = 0.172438, # ZDD nodes = 193321, # elems = 788279464156985022769509931551
Step 396 time = 0.175043, # ZDD nodes = 192319, # elems = 1120247379116580321269410989927
Step 397 time = 0.180200, # ZDD nodes = 191268, # elems = 1569497921387476193477087233491
Step 398 time = 0.179638, # ZDD nodes = 190519, # elems = 2166928281096073654964315922123
Step 399 time = 0.183721, # ZDD nodes = 189697, # elems = 2947648054588542960138685471146
Step 400 time = 0.184946, # ZDD nodes = 188816, # elems = 3950134797739710463564452408849
Step 401 time = 0.187172, # ZDD nodes = 187884, # elems = 5214811509730831029443809625033
Step 402 time = 0.185048, # ZDD nodes = 186847, # elems = 6781990332385450005219911625871
Step 403 time = 0.191169, # ZDD nodes = 185888, # elems = 8689181343352671909320267025742
Step 404 time = 0.367343, # ZDD nodes = 184855, # elems = 10967837233479047322551522453404
Step 405 time = 0.368948, # ZDD nodes = 184004, # elems = 13639688988998407250006350729331
Step 406 time = 0.195854, # ZDD nodes = 183150, # elems = 16712916271590501722403486758244
Step 407 time = 0.193198, # ZDD nodes = 182326, # elems = 20178478095744897101020078047710
Step 408 time = 0.202875, # ZDD nodes = 181687, # elems = 24006992214713520811062067035305
Step 409 time = 0.236736, # ZDD nodes = 180988, # elems = 28146583210194143334940611989962
Step 410 time = 0.207450, # ZDD nodes = 180428, # elems = 32522110007765632292165287430537
Step 411 time = 0.229341, # ZDD nodes = 179780, # elems = 37036128543767508486359596187267
Step 412 time = 0.206842, # ZDD nodes = 179070, # elems = 41571846355184496823390359183976
Step 413 time = 0.410555, # ZDD nodes = 178343, # elems = 45998192368872145905097456279815
Step 414 time = 0.203549, # ZDD nodes = 177617, # elems = 50176973978095461047987629515942
Step 415 time = 0.197270, # ZDD nodes = 177038, # elems = 53971947203138852418848725232874
Step 416 time = 0.193292, # ZDD nodes = 176591, # elems = 57259509520217542718663818353231
Step 417 time = 0.189005, # ZDD nodes = 176072, # elems = 59940662249648629143957388333291
Step 418 time = 0.184165, # ZDD nodes = 175495, # elems = 61953896953876566044051085687591
Step 419 time = 0.180492, # ZDD nodes = 174909, # elems = 63288743292698562357896823000784
Step 420 time = 0.364354, # ZDD nodes = 174301, # elems = 63999864002902911968586176698006
Step 421 time = 0.172639, # ZDD nodes = 174018, # elems = 64221768507855414697200498597446
Step 422 time = 0.172320, # ZDD nodes = 173902, # elems = 64184395715774854626630626778084
Step 423 time = 0.172783, # ZDD nodes = 173729, # elems = 64229931284083199888870648412885
Step 424 time = 0.178815, # ZDD nodes = 173495, # elems = 64831211160961800150147106005455
Step 425 time = 0.172127, # ZDD nodes = 173228, # elems = 66611861162741032825670394248670
Step 426 time = 0.258053, # ZDD nodes = 173126, # elems = 70367886657357593359359078812034
Step 427 time = 0.170294, # ZDD nodes = 173037, # elems = 77089740219125238631451155717897
Step 428 time = 0.720818, # ZDD nodes = 173341, # elems = 87982981709070131093043491377482
Step 429 time = 0.213839, # ZDD nodes = 173672, # elems = 104484577241149439609662735236709
Step 430 time = 0.176355, # ZDD nodes = 174159, # elems = 128270786734287659599288899838244
Step 431 time = 0.177208, # ZDD nodes = 174653, # elems = 161251639586246118745168124702769
Step 432 time = 0.379604, # ZDD nodes = 175296, # elems = 205546406351745444079930251440896
Step 433 time = 0.187026, # ZDD nodes = 176103, # elems = 263434466453060010185143486690648
Step 434 time = 0.185121, # ZDD nodes = 176897, # elems = 337276753913218503673030813152407
Step 435 time = 0.371787, # ZDD nodes = 177667, # elems = 429404682205693121755814010881834
Step 436 time = 0.208861, # ZDD nodes = 178395, # elems = 541976152887701064955546159434383
Step 437 time = 0.371652, # ZDD nodes = 179308, # elems = 676801851691168879630031877080637
Step 438 time = 0.188628, # ZDD nodes = 180235, # elems = 835149281373112675473162263945569
Step 439 time = 0.190952, # ZDD nodes = 181516, # elems = 1017536461711618468322974402414442
Step 440 time = 0.194068, # ZDD nodes = 182836, # elems = 1223531394395470355545393270520177
Step 441 time = 0.290496, # ZDD nodes = 184120, # elems = 1451576610704616249572475248324618
Step 442 time = 0.208609, # ZDD nodes = 185367, # elems = 1698859755449895890830333572865797
Step 443 time = 0.395054, # ZDD nodes = 186695, # elems = 1961250669098897733270416064107577
Step 444 time = 0.221470, # ZDD nodes = 187937, # elems = 2233322466737195524174116081937156
Step 445 time = 0.211114, # ZDD nodes = 189096, # elems = 2508468620609865393881521761822063
Step 446 time = 0.212593, # ZDD nodes = 190174, # elems = 2779120321352128144949369160971078
Step 447 time = 0.210364, # ZDD nodes = 191219, # elems = 3037059066862432907672101441572026
Step 448 time = 0.211574, # ZDD nodes = 192223, # elems = 3273809462315629120320844427913748
Step 449 time = 0.204020, # ZDD nodes = 193563, # elems = 3481087772146120420172326096312827
Step 450 time = 0.227589, # ZDD nodes = 195032, # elems = 3651274064623669142011360597311428
Step 451 time = 0.396930, # ZDD nodes = 196411, # elems = 3777870934323748272752760719614388
Step 452 time = 0.210365, # ZDD nodes = 197757, # elems = 3855910589735386849317632345466706
Step 453 time = 0.214811, # ZDD nodes = 199004, # elems = 3882274933827644130580073729897182
Step 454 time = 0.212316, # ZDD nodes = 200396, # elems = 3855900012330444002970745502734535
Step 455 time = 0.403160, # ZDD nodes = 201746, # elems = 3777846205130047553698617712825303
Step 456 time = 0.313704, # ZDD nodes = 203272, # elems = 3651227691665188480615599327636783
Step 457 time = 0.222272, # ZDD nodes = 204785, # elems = 3481007632029224240938747486350771
Step 458 time = 0.230081, # ZDD nodes = 206243, # elems = 3273677666048855771995863459926609
Step 459 time = 0.231546, # ZDD nodes = 207805, # elems = 3036850343214097713409202314987137
Step 460 time = 0.233260, # ZDD nodes = 209437, # elems = 2778799857675709980125547531366473
Step 461 time = 0.236845, # ZDD nodes = 211012, # elems = 2507989321225967529461025936707954
Step 462 time = 0.239842, # ZDD nodes = 212513, # elems = 2232621629830566288942986515738351
Step 463 time = 0.241347, # ZDD nodes = 213958, # elems = 1960246145640128219560016730509249
Step 464 time = 0.369870, # ZDD nodes = 215297, # elems = 1697445736662417231836970048236356
Step 465 time = 0.242374, # ZDD nodes = 216737, # elems = 1449619290068434465593873330530365
Step 466 time = 0.521290, # ZDD nodes = 218134, # elems = 1220864858851025507784968131838900
Step 467 time = 0.290191, # ZDD nodes = 219673, # elems = 1013959273876513761125015087480211
Step 468 time = 0.254348, # ZDD nodes = 221144, # elems = 830422306283040676971168699275895
Step 469 time = 0.259514, # ZDD nodes = 222528, # elems = 670647941597918241786696181422012
Step 470 time = 0.494834, # ZDD nodes = 223838, # elems = 534082315129849579712845136079721
Step 471 time = 0.264967, # ZDD nodes = 224993, # elems = 419427303017251698053001695463147
Step 472 time = 0.314697, # ZDD nodes = 226060, # elems = 324850324882260413524091604802705
Step 473 time = 0.538725, # ZDD nodes = 227054, # elems = 248184057674410481212427182018013
Step 474 time = 0.257397, # ZDD nodes = 227979, # elems = 187103859246467361520207044640904
Step 475 time = 0.385811, # ZDD nodes = 228963, # elems = 139275133371940501717161878709471
Step 476 time = 12.853309, # ZDD nodes = 229839, # elems = 102467098586708943623034773706643
Step 477 time = 0.456678, # ZDD nodes = 230586, # elems = 74633050690504657821357751210289
Step 478 time = 0.245719, # ZDD nodes = 231255, # elems = 53959990217444387981319103592945
Step 479 time = 0.429618, # ZDD nodes = 231854, # elems = 38892332142537527574800165325824
Step 480 time = 0.241836, # ZDD nodes = 232341, # elems = 28135364261591154119017331422869
Step 481 time = 0.237673, # ZDD nodes = 232879, # elems = 20644303176753670159059784401798
Step 482 time = 0.423523, # ZDD nodes = 233307, # elems = 15604393641260856450453797859638
Step 483 time = 0.273974, # ZDD nodes = 233648, # elems = 12406702902087200738916212214383
Step 484 time = 0.235828, # ZDD nodes = 233897, # elems = 10623256058948574264418830946478
Step 485 time = 0.233713, # ZDD nodes = 234006, # elems = 9984086893861394296304452501659
Step 486 time = 0.225136, # ZDD nodes = 234016, # elems = 10357744900988066106681799131085
Step 487 time = 0.311187, # ZDD nodes = 233922, # elems = 11735866616880710713206671204150
Step 488 time = 0.219610, # ZDD nodes = 233701, # elems = 14221618412078546105086915995640
Step 489 time = 0.216617, # ZDD nodes = 233375, # elems = 18021158111337461212408234508266
Step 490 time = 0.214241, # ZDD nodes = 232916, # elems = 23436744732891562589161106862109
Step 491 time = 0.211145, # ZDD nodes = 232340, # elems = 30859751453802108664848007007741
Step 492 time = 0.207680, # ZDD nodes = 231667, # elems = 40761617239383677634665167959408
Step 493 time = 0.205102, # ZDD nodes = 230876, # elems = 53680728536170621318788699900206
Step 494 time = 0.201796, # ZDD nodes = 229979, # elems = 70203382571122578572629596567549
Step 495 time = 0.198423, # ZDD nodes = 229000, # elems = 90937376450482625051471663058075
Step 496 time = 0.237482, # ZDD nodes = 227944, # elems = 116477408577737212828623069742558
Step 497 time = 0.283440, # ZDD nodes = 226919, # elems = 147362364765455612358007598432333
Step 498 time = 0.192775, # ZDD nodes = 225956, # elems = 184025650525015902639798843353910
Step 499 time = 0.189673, # ZDD nodes = 224913, # elems = 226740942246653099730644623749164
Step 500 time = 0.228675, # ZDD nodes = 223807, # elems = 275566941161453027864380592800645
Step 501 time = 0.195076, # ZDD nodes = 222664, # elems = 330295769956019237822266036793584
Step 502 time = 0.183602, # ZDD nodes = 221571, # elems = 390410381205732460936711109530485
Step 503 time = 0.183907, # ZDD nodes = 220606, # elems = 455056585559927455566565673164778
Step 504 time = 0.206631, # ZDD nodes = 219944, # elems = 523034927945912110614846926221418
Step 505 time = 0.229897, # ZDD nodes = 219407, # elems = 592816578172847967111507328392554
Step 506 time = 0.194407, # ZDD nodes = 219157, # elems = 662585681390061731368264414284840
Step 507 time = 0.204119, # ZDD nodes = 219223, # elems = 730308356497030294888743639259281
Step 508 time = 0.307337, # ZDD nodes = 219610, # elems = 793825957190255342979315740908899
Step 509 time = 0.252549, # ZDD nodes = 220359, # elems = 850967621764657747833365825652559
Step 510 time = 0.342814, # ZDD nodes = 221625, # elems = 899674884186139174270605386420656
Step 511 time = 0.493714, # ZDD nodes = 223448, # elems = 938129558909015762094502724110705
Step 512 time = 0.295945, # ZDD nodes = 225923, # elems = 964875569387904579642078392102717
Step 513 time = 0.320802, # ZDD nodes = 229212, # elems = 978926117485960160347429496003906
Step 514 time = 0.348254, # ZDD nodes = 233004, # elems = 979849745423801212789631960200643
Step 515 time = 0.507818, # ZDD nodes = 237239, # elems = 967832482406923307872206691393057
Step 516 time = 0.585027, # ZDD nodes = 241867, # elems = 943718371980602410472763265588646
Step 517 time = 0.552799, # ZDD nodes = 246806, # elems = 909037173154663111796442220662750
Step 518 time = 0.534380, # ZDD nodes = 252051, # elems = 866035841168305850819984483849128
Step 519 time = 0.743020, # ZDD nodes = 257510, # elems = 817739471372462766951205861550773
Step 520 time = 0.755399, # ZDD nodes = 263157, # elems = 768077714920764913732016521375332
Step 521 time = 0.766427, # ZDD nodes = 269264, # elems = 722124228971461070753671368974189
Step 522 time = 0.495612, # ZDD nodes = 275374, # elems = 686509393766841750704549679436736
Step 523 time = 0.498410, # ZDD nodes = 281574, # elems = 670079951197745188339645131980421
Step 524 time = 0.690092, # ZDD nodes = 287698, # elems = 684892569899707085156772658150199
Step 525 time = 0.505439, # ZDD nodes = 293885, # elems = 747640091725358217472668925018252
Step 526 time = 0.598666, # ZDD nodes = 299861, # elems = 881616898835534006613994877089925
Step 527 time = 0.507356, # ZDD nodes = 305575, # elems = 1119329902242893041463635995045234
Step 528 time = 0.594895, # ZDD nodes = 311155, # elems = 1505849438139493705765431214082986
Step 529 time = 0.780174, # ZDD nodes = 316472, # elems = 2102964354326888528991080147417374
Step 530 time = 0.693425, # ZDD nodes = 321658, # elems = 2994151954005054319871380849278840
Step 531 time = 0.500891, # ZDD nodes = 326647, # elems = 4290291025039307803721385350497858
Step 532 time = 0.502194, # ZDD nodes = 331452, # elems = 6135931591280162330394683561947206
Step 533 time = 0.567362, # ZDD nodes = 336048, # elems = 8715788387604361007464524961725631
Step 534 time = 0.506383, # ZDD nodes = 340669, # elems = 12260951578219750028044489354351788
Step 535 time = 0.700075, # ZDD nodes = 345296, # elems = 17054119657607996096296923060719464
Step 536 time = 0.508604, # ZDD nodes = 349692, # elems = 23432975013562257308021271801503161
Step 537 time = 0.506446, # ZDD nodes = 354101, # elems = 31790668937284929362656074566432689
Step 538 time = 0.502965, # ZDD nodes = 358256, # elems = 42572292627618548648226148684110539
Step 539 time = 0.498898, # ZDD nodes = 362408, # elems = 56266219713562029657255558219866566
Step 540 time = 0.493186, # ZDD nodes = 366455, # elems = 73389348223386880928389202316679442
Step 541 time = 0.489223, # ZDD nodes = 370563, # elems = 94465572452800482567692740117890857
Step 542 time = 0.491742, # ZDD nodes = 374760, # elems = 119997290308197159683637412055859383
Step 543 time = 0.503778, # ZDD nodes = 379003, # elems = 150430391264338754061064571855452076
Step 544 time = 0.698359, # ZDD nodes = 383086, # elems = 186113940369656046162138029957555886
Step 545 time = 0.610879, # ZDD nodes = 386910, # elems = 227256613430225719294759784831059305
Step 546 time = 0.812380, # ZDD nodes = 390511, # elems = 273882760592892742060966589297412152
Step 547 time = 0.541222, # ZDD nodes = 393905, # elems = 325791673968441579298155876899141430
Step 548 time = 0.634566, # ZDD nodes = 397098, # elems = 382524095921062995824029146680487037
Step 549 time = 0.744967, # ZDD nodes = 400098, # elems = 443340121893537501387773955157571819
Step 550 time = 0.597142, # ZDD nodes = 402896, # elems = 507212343487582675131428320955356596
Step 551 time = 0.552219, # ZDD nodes = 405493, # elems = 572837303671570568752707416980014245
Step 552 time = 0.731356, # ZDD nodes = 407885, # elems = 638667110728927806109659899517389914
Step 553 time = 0.723518, # ZDD nodes = 410104, # elems = 702961456711926767111394673422005458
Step 554 time = 0.614709, # ZDD nodes = 412146, # elems = 763858445545888648968106510382938369
Step 555 time = 0.518873, # ZDD nodes = 414026, # elems = 819460740320268298152368473804676767
Step 556 time = 0.509416, # ZDD nodes = 415891, # elems = 867931802465018059651868004067560914
Step 557 time = 0.590306, # ZDD nodes = 417754, # elems = 907595633431279581044890797937502686
Step 558 time = 0.586337, # ZDD nodes = 419454, # elems = 937032630513172336451950803751620526
Step 559 time = 0.497199, # ZDD nodes = 420975, # elems = 955164064790857935960383983854473597
Step 560 time = 0.676058, # ZDD nodes = 422342, # elems = 961318334636220173538615779174730194
Step 561 time = 0.488485, # ZDD nodes = 423440, # elems = 955273505989132422160552969640004870
Step 562 time = 0.526220, # ZDD nodes = 424527, # elems = 937272593814084450597744672472204857
Step 563 time = 0.484155, # ZDD nodes = 425484, # elems = 908010364650811796424739984329346143
Step 564 time = 0.573030, # ZDD nodes = 426458, # elems = 868592893950795235906517418380155662
Step 565 time = 0.676126, # ZDD nodes = 427367, # elems = 820473422298457467872944757875020190
Step 566 time = 0.504135, # ZDD nodes = 428290, # elems = 765369968524368673754177276475501542
Step 567 time = 0.782134, # ZDD nodes = 429040, # elems = 705171473954459143109938203891439489
Step 568 time = 0.556714, # ZDD nodes = 429760, # elems = 641839847019386194615466861816984693
Step 569 time = 0.759571, # ZDD nodes = 430385, # elems = 577315119249786667976548711223301069
Step 570 time = 0.915099, # ZDD nodes = 430868, # elems = 513430072758205986682184486840014228
Step 571 time = 0.546196, # ZDD nodes = 431221, # elems = 451839296229834460065451569100286638
Step 572 time = 0.553108, # ZDD nodes = 431770, # elems = 393965869121814294846779371106898263
Step 573 time = 0.554939, # ZDD nodes = 432311, # elems = 340966988090039745754182474679945515
Step 574 time = 0.554875, # ZDD nodes = 432654, # elems = 293718058258823151780240640296080919
Step 575 time = 0.552584, # ZDD nodes = 433009, # elems = 252813265771659573145113992395745613
Step 576 time = 0.553019, # ZDD nodes = 433225, # elems = 218579564563018131187728298805222020
Step 577 time = 0.596463, # ZDD nodes = 433250, # elems = 191100420740927018022352653308869095
Step 578 time = 0.595331, # ZDD nodes = 433124, # elems = 170245564797085208048495519878485674
Step 579 time = 1.143049, # ZDD nodes = 432837, # elems = 155703345385770624952481920366982365
Step 580 time = 0.544355, # ZDD nodes = 432370, # elems = 147012951070073528082707117179478451
Step 581 time = 0.536248, # ZDD nodes = 431890, # elems = 143594631777866026634625782588260849
Step 582 time = 0.527184, # ZDD nodes = 431249, # elems = 144776965172217598900766369828303601
Step 583 time = 0.516699, # ZDD nodes = 430421, # elems = 149821041665198552845031442659994964
Step 584 time = 0.506423, # ZDD nodes = 429528, # elems = 157942079976263744094185064553460116
Step 585 time = 0.499390, # ZDD nodes = 428617, # elems = 168329366162011830866029173211630246
Step 586 time = 0.489883, # ZDD nodes = 427531, # elems = 180165509736116716898478978158316228
Step 587 time = 0.484125, # ZDD nodes = 426226, # elems = 192645850240851851323428347397428655
Step 588 time = 0.571248, # ZDD nodes = 424745, # elems = 204998481980908943116145333047228983
Step 589 time = 0.555797, # ZDD nodes = 423050, # elems = 216504874766415092574584175740131744
Step 590 time = 0.462489, # ZDD nodes = 421284, # elems = 226520548138343226065456914001274689
Step 591 time = 0.550878, # ZDD nodes = 419320, # elems = 234494798024993585047011992546499151
Step 592 time = 0.454372, # ZDD nodes = 417375, # elems = 239988156274131517379260314251821335
Step 593 time = 0.453898, # ZDD nodes = 415243, # elems = 242686138780956621045092403859179182
Step 594 time = 0.461464, # ZDD nodes = 413007, # elems = 242407929953539876157637910890945280
Step 595 time = 0.459343, # ZDD nodes = 410528, # elems = 239108950359720759144184699753576866
Step 596 time = 0.468533, # ZDD nodes = 407975, # elems = 232876721072649359428903683046766945
Step 597 time = 0.460033, # ZDD nodes = 405245, # elems = 223920009975465330450323039703565886
Step 598 time = 0.460744, # ZDD nodes = 402460, # elems = 212551846410185031593240514040358203
Step 599 time = 0.456719, # ZDD nodes = 399625, # elems = 199167543413260956565266897666263425
Step 600 time = 0.452428, # ZDD nodes = 396836, # elems = 184219302724614363165226472100888846
Step 601 time = 0.452758, # ZDD nodes = 394224, # elems = 168189246243694732385213059188403332
Step 602 time = 0.535320, # ZDD nodes = 391481, # elems = 151562792177045832942562243595484288
Step 603 time = 0.440874, # ZDD nodes = 388840, # elems = 134804174564383289271167578327405860
Step 604 time = 0.442671, # ZDD nodes = 386164, # elems = 118335615473734389414666469017015989
Step 605 time = 0.444913, # ZDD nodes = 383449, # elems = 102521243604644730425088053965050504
Step 606 time = 0.449445, # ZDD nodes = 380718, # elems = 87656366969685592807246342047680444
Step 607 time = 0.456199, # ZDD nodes = 377889, # elems = 73962209874593663295870900874076600
Step 608 time = 0.448596, # ZDD nodes = 374997, # elems = 61585770111818976990276542404995180
Step 609 time = 0.713648, # ZDD nodes = 372029, # elems = 50604084448989499179303469571771404
Step 610 time = 0.438859, # ZDD nodes = 369007, # elems = 41031937007768139815779975552636038
Step 611 time = 0.430821, # ZDD nodes = 365752, # elems = 32831916835760272439236255289012513
Step 612 time = 0.490611, # ZDD nodes = 362250, # elems = 25925722677629413591035717762431479
Step 613 time = 0.412552, # ZDD nodes = 358483, # elems = 20205706455683832984332208887018262
Step 614 time = 0.400728, # ZDD nodes = 354477, # elems = 15545815428495038083069364101561745
Step 615 time = 0.388929, # ZDD nodes = 350278, # elems = 11811305721617431778704746612263102
Step 616 time = 0.558048, # ZDD nodes = 345878, # elems = 8866826884719300333293903250421584
Step 617 time = 0.364318, # ZDD nodes = 341360, # elems = 6582692531721478624208244332920997
Step 618 time = 0.354410, # ZDD nodes = 336780, # elems = 4839336740855432392114647462519936
Step 619 time = 0.339748, # ZDD nodes = 332148, # elems = 3530098059480658577756340554007455
Step 620 time = 0.328432, # ZDD nodes = 327518, # elems = 2562568333764452902393950382514959
Step 621 time = 0.316225, # ZDD nodes = 322935, # elems = 1858794015262608575792779367259949
Step 622 time = 0.305343, # ZDD nodes = 318441, # elems = 1354629433312202445212193826303779
Step 623 time = 0.295048, # ZDD nodes = 314069, # elems = 998523736942732188821167902331788
Step 624 time = 0.283818, # ZDD nodes = 309864, # elems = 749985650369366705136106197512403
Step 625 time = 0.284857, # ZDD nodes = 305958, # elems = 577922162095557861434329489345173
Step 626 time = 0.355897, # ZDD nodes = 302260, # elems = 458996586287485270197859866784827
Step 627 time = 0.259128, # ZDD nodes = 298631, # elems = 376103896011232222520214915594111
Step 628 time = 0.272879, # ZDD nodes = 295054, # elems = 317020521804683224214114577967318
Step 629 time = 0.266119, # ZDD nodes = 291526, # elems = 273253717833402042953282761804349
Step 630 time = 0.321111, # ZDD nodes = 288224, # elems = 239092380354770879042280947275029
Step 631 time = 0.236347, # ZDD nodes = 285001, # elems = 210846056764959015219654022801553
Step 632 time = 0.226198, # ZDD nodes = 281989, # elems = 186250394734514482331120327601424
Step 633 time = 0.223444, # ZDD nodes = 278895, # elems = 164013806760086021006169569938129
Step 634 time = 0.222417, # ZDD nodes = 275697, # elems = 143480074788572189983086122953229
Step 635 time = 0.222134, # ZDD nodes = 272389, # elems = 124383629978944902678430101024825
Step 636 time = 0.223297, # ZDD nodes = 269125, # elems = 106677263445432001909103763111514
Step 637 time = 0.226904, # ZDD nodes = 265787, # elems = 90415326650495952878413580360724
Step 638 time = 0.416328, # ZDD nodes = 262377, # elems = 75678621793368914611628577707511
Step 639 time = 0.231119, # ZDD nodes = 258936, # elems = 62529942729232905618638624862959
Step 640 time = 0.232119, # ZDD nodes = 255419, # elems = 50991539310134484041544714452371
Step 641 time = 0.232228, # ZDD nodes = 252009, # elems = 41037667506760233218337339105398
Step 642 time = 0.244037, # ZDD nodes = 248578, # elems = 32596921047211127849234776331610
Step 643 time = 0.232145, # ZDD nodes = 245317, # elems = 25560292475770199110700370882485
Step 644 time = 0.243572, # ZDD nodes = 242138, # elems = 19791946381874347903315004498202
Step 645 time = 0.325186, # ZDD nodes = 239029, # elems = 15140550615815060918271326950206
Step 646 time = 0.234429, # ZDD nodes = 236003, # elems = 11449730356974834631369189027657
Step 647 time = 0.233006, # ZDD nodes = 233060, # elems = 8566799776609342988939505521043
Step 648 time = 0.239224, # ZDD nodes = 230241, # elems = 6349394821138928742847820399723
Step 649 time = 0.222276, # ZDD nodes = 227505, # elems = 4669985075080335877962072891908
Step 650 time = 0.216719, # ZDD nodes = 225041, # elems = 3418491753927520105601931698282
Step 651 time = 0.209871, # ZDD nodes = 222684, # elems = 2503395403367854378733686429540
Step 652 time = 0.289460, # ZDD nodes = 220469, # elems = 1851797049584173574509552366456
Step 653 time = 0.197023, # ZDD nodes = 218542, # elems = 1408918390104636585507757971800
Step 654 time = 0.194017, # ZDD nodes = 216798, # elems = 1137507787651184058904683025260
Step 655 time = 0.191126, # ZDD nodes = 215218, # elems = 1017574385550850501305108989378
Step 656 time = 0.187364, # ZDD nodes = 213627, # elems = 1046813294351890555022879307358
Step 657 time = 0.184218, # ZDD nodes = 212180, # elems = 1242015807886293920599257206851
Step 658 time = 0.369209, # ZDD nodes = 211020, # elems = 1641679765218403551606874546094
Step 659 time = 0.179069, # ZDD nodes = 209763, # elems = 2309941504328529045077513576918
Step 660 time = 0.175710, # ZDD nodes = 208567, # elems = 3341834284548257171365966978091
Step 661 time = 0.361846, # ZDD nodes = 207306, # elems = 4869729858732453633045158676933
Step 662 time = 0.176269, # ZDD nodes = 205947, # elems = 7070633685170858313150290054539
Step 663 time = 0.176891, # ZDD nodes = 204589, # elems = 10173779400713056080922307437336
Step 664 time = 0.177549, # ZDD nodes = 203381, # elems = 14467712842820338960459461926873
Step 665 time = 0.267617, # ZDD nodes = 202175, # elems = 20305789753827114210538509945479
Step 666 time = 0.181054, # ZDD nodes = 201285, # elems = 28108766599065472383585210660836
Step 667 time = 0.178353, # ZDD nodes = 200389, # elems = 38362984747270719227383870088763
Step 668 time = 0.180801, # ZDD nodes = 199458, # elems = 51612587008750717334030709179008
Step 669 time = 0.354745, # ZDD nodes = 198621, # elems = 68444316631563955093234888832224
Step 670 time = 0.174095, # ZDD nodes = 197922, # elems = 89463779756897031931304005075792
Step 671 time = 0.173858, # ZDD nodes = 197336, # elems = 115262632645869983845699356068674
Step 672 time = 0.177842, # ZDD nodes = 196682, # elems = 146376985349196072006025006420346
Step 673 time = 0.183090, # ZDD nodes = 195966, # elems = 183238356176388389124346256496877
Step 674 time = 0.275054, # ZDD nodes = 195199, # elems = 226119685002969552103742817128268
Step 675 time = 0.192432, # ZDD nodes = 194325, # elems = 275080094305789301500233944147637
Step 676 time = 0.195785, # ZDD nodes = 193360, # elems = 329913117521516239098483922717116
Step 677 time = 0.217363, # ZDD nodes = 192314, # elems = 390103821312798109854701885749641
Step 678 time = 0.194451, # ZDD nodes = 191221, # elems = 454800465994216110739484005759553
Step 679 time = 0.191321, # ZDD nodes = 190121, # elems = 522805947310790625919504165246735
Step 680 time = 0.187988, # ZDD nodes = 189170, # elems = 592593177627899329600842795374013
Step 681 time = 0.184119, # ZDD nodes = 188142, # elems = 662346816340220035849142975430815
Step 682 time = 0.409662, # ZDD nodes = 187226, # elems = 730031466728549842405008344400250
Step 683 time = 0.176833, # ZDD nodes = 186244, # elems = 793483833116147017349060887941889
Step 684 time = 0.173199, # ZDD nodes = 185212, # elems = 850523666867935738234433552740165
Step 685 time = 0.170216, # ZDD nodes = 184171, # elems = 899075952245496797302371036807895
Step 686 time = 0.165384, # ZDD nodes = 183096, # elems = 937295018595166339474394945115168
Step 687 time = 0.162049, # ZDD nodes = 182357, # elems = 963680385175166449294844705285914
Step 688 time = 0.161851, # ZDD nodes = 181792, # elems = 977174321542425663086492494094597
Step 689 time = 0.161578, # ZDD nodes = 181186, # elems = 977232380672671212228298765067489
Step 690 time = 0.161966, # ZDD nodes = 180525, # elems = 963860429542594155399407410327207
Step 691 time = 0.161852, # ZDD nodes = 179844, # elems = 937614722047688126665379641904089
Step 692 time = 0.160520, # ZDD nodes = 179349, # elems = 899564985490641525598957228070900
Step 693 time = 0.160430, # ZDD nodes = 179018, # elems = 851223920499104613354446558319736
Step 694 time = 0.160355, # ZDD nodes = 179035, # elems = 794449541223086088753935403328315
Step 695 time = 0.348006, # ZDD nodes = 179030, # elems = 731329061762633533668094814029178
Step 696 time = 0.164971, # ZDD nodes = 178970, # elems = 664054325274290420469227672195206
Step 697 time = 0.166593, # ZDD nodes = 178933, # elems = 594798969416666934621139966670098
Step 698 time = 0.255380, # ZDD nodes = 179050, # elems = 525606665637929555996442286032409
Step 699 time = 0.170087, # ZDD nodes = 179178, # elems = 458298031008133761722478944575060
Step 700 time = 0.197856, # ZDD nodes = 179512, # elems = 394401458735027893503068355898784
Step 701 time = 0.182649, # ZDD nodes = 179814, # elems = 335110469246830152792515177202823
Step 702 time = 0.175001, # ZDD nodes = 180234, # elems = 281267574034009803355339156700694
Step 703 time = 0.174795, # ZDD nodes = 180826, # elems = 233372354925134135925380742933989
Step 704 time = 0.175698, # ZDD nodes = 181375, # elems = 191609703206572402945318650878827
Step 705 time = 0.363293, # ZDD nodes = 182218, # elems = 155893053722279488362100069002221
Step 706 time = 0.182314, # ZDD nodes = 183048, # elems = 125917010580412229160944242078686
Step 707 time = 0.187299, # ZDD nodes = 183800, # elems = 101213930890208499751135219575156
Step 708 time = 0.277201, # ZDD nodes = 184523, # elems = 81209686483337101493327762803912
Step 709 time = 0.195781, # ZDD nodes = 185210, # elems = 65274801509110378240082054247352
Step 710 time = 0.196900, # ZDD nodes = 185850, # elems = 52768299456655462608440313506676
Step 711 time = 0.196293, # ZDD nodes = 186578, # elems = 43072735703314154267720810843500
Step 712 time = 0.196442, # ZDD nodes = 187241, # elems = 35619922260154818393544425932229
Step 713 time = 0.214110, # ZDD nodes = 187842, # elems = 29907691202792684334627019407968
Step 714 time = 0.190421, # ZDD nodes = 188322, # elems = 25508654175262279795776490433040
Step 715 time = 0.319403, # ZDD nodes = 189061, # elems = 22072294454027037317981369059524
Step 716 time = 0.189272, # ZDD nodes = 189742, # elems = 19321898820944266321753240753255
Step 717 time = 0.381846, # ZDD nodes = 190355, # elems = 17047838512177966689976169853851
Step 718 time = 0.193215, # ZDD nodes = 190939, # elems = 15098587958450587303830002608646
Step 719 time = 0.199915, # ZDD nodes = 191499, # elems = 13370672074009090387461682522052
Step 720 time = 0.194258, # ZDD nodes = 192229, # elems = 11798496603185286695692426440863
Step 721 time = 0.196231, # ZDD nodes = 193080, # elems = 10344772050384842789101923794124
Step 722 time = 0.207294, # ZDD nodes = 194236, # elems = 8992011546962945088071002404153
Step 723 time = 0.383103, # ZDD nodes = 195322, # elems = 7735380116769249140471404412841
Step 724 time = 0.293151, # ZDD nodes = 196320, # elems = 6577004218496621217482980247609
Step 725 time = 0.207865, # ZDD nodes = 197273, # elems = 5521718520332750749226758574707
Step 726 time = 0.208813, # ZDD nodes = 198318, # elems = 4574130821005412338600690628805
Step 727 time = 0.212266, # ZDD nodes = 199294, # elems = 3736823113466793269485725961577
Step 728 time = 0.214738, # ZDD nodes = 200231, # elems = 3009473026369161342413156517565
Step 729 time = 0.215102, # ZDD nodes = 201108, # elems = 2388670576733153498854775650416
Step 730 time = 0.304695, # ZDD nodes = 201905, # elems = 1868215211512144162479702733952
Step 731 time = 0.404324, # ZDD nodes = 202951, # elems = 1439702235161350348012313011937
Step 732 time = 0.403567, # ZDD nodes = 203915, # elems = 1093240749738081406749439955311
Step 733 time = 0.218439, # ZDD nodes = 205018, # elems = 818182395246456198779573361141
Step 734 time = 0.222143, # ZDD nodes = 206053, # elems = 603777352681230685799630923509
Step 735 time = 0.226320, # ZDD nodes = 206986, # elems = 439708025129795453681910956067
Step 736 time = 0.229250, # ZDD nodes = 207852, # elems = 316479323371076302638853992072
Step 737 time = 0.406052, # ZDD nodes = 208584, # elems = 225666366719606180215707601875
Step 738 time = 0.228904, # ZDD nodes = 209189, # elems = 160035424690300860384751818968
Step 739 time = 0.231040, # ZDD nodes = 209672, # elems = 113562586643589455064844622473
Step 740 time = 0.222761, # ZDD nodes = 210031, # elems = 81377992580298065003038458330
Step 741 time = 0.219920, # ZDD nodes = 210283, # elems = 59662796994637948580816061286
Step 742 time = 0.216334, # ZDD nodes = 210418, # elems = 45522720861775698272543366561
Step 743 time = 0.213628, # ZDD nodes = 210398, # elems = 36857292347720732482789544342
Step 744 time = 0.254265, # ZDD nodes = 210262, # elems = 32238655160646192362404667449
Step 745 time = 0.294353, # ZDD nodes = 210041, # elems = 30808808532715528407185110463
Step 746 time = 0.203776, # ZDD nodes = 209697, # elems = 32199718728628966159280232591
Step 747 time = 0.206034, # ZDD nodes = 209377, # elems = 36477051088297248883827577203
Step 748 time = 0.239294, # ZDD nodes = 208928, # elems = 44105287358891632778442009048
Step 749 time = 0.200009, # ZDD nodes = 208342, # elems = 55929601539589327261701826104
Step 750 time = 0.191909, # ZDD nodes = 207689, # elems = 73167944249538053328570416463
Step 751 time = 0.420559, # ZDD nodes = 206938, # elems = 97405257560294576187870831580
Step 752 time = 0.186352, # ZDD nodes = 206105, # elems = 130580626567472338512063984232
Step 753 time = 0.207179, # ZDD nodes = 205321, # elems = 174957590669854216261298428423
Step 754 time = 0.180829, # ZDD nodes = 204431, # elems = 233067992983664219686573655420
Step 755 time = 0.177510, # ZDD nodes = 203422, # elems = 307620890236551849629070245678
Step 756 time = 0.217839, # ZDD nodes = 202263, # elems = 401370406017015177645666828862
Step 757 time = 0.171125, # ZDD nodes = 200991, # elems = 516940116831642917640143787303
Step 758 time = 0.189171, # ZDD nodes = 199594, # elems = 656606567330043378458078172077
Step 759 time = 0.186047, # ZDD nodes = 198072, # elems = 822050537673159459699937992844
Step 760 time = 0.161220, # ZDD nodes = 196432, # elems = 1014091190113476468319549381042
Step 761 time = 0.169313, # ZDD nodes = 194862, # elems = 1232424419661783110747947282351
Step 762 time = 0.157869, # ZDD nodes = 193235, # elems = 1475391674173778299386161114648
Step 763 time = 0.156266, # ZDD nodes = 191541, # elems = 1739808200129029607229533888828
Step 764 time = 0.240158, # ZDD nodes = 189865, # elems = 2020879242991205500332786660003
Step 765 time = 0.175211, # ZDD nodes = 188312, # elems = 2312228617966865336630673267782
Step 766 time = 0.151088, # ZDD nodes = 187001, # elems = 2606056161353800719362192416638
Step 767 time = 0.149446, # ZDD nodes = 185868, # elems = 2893429333413603013391523836323
Step 768 time = 0.147606, # ZDD nodes = 184960, # elems = 3164700717571815682919811521441
Step 769 time = 0.336114, # ZDD nodes = 184052, # elems = 3410028904510495237985566620339
Step 770 time = 0.156780, # ZDD nodes = 183164, # elems = 3619967154683025006634790164216
Step 771 time = 0.153489, # ZDD nodes = 182310, # elems = 3786074275190205905229353126509
Step 772 time = 0.158723, # ZDD nodes = 181642, # elems = 3901497106942146970315577682656
Step 773 time = 0.167894, # ZDD nodes = 181152, # elems = 3961475222206479026922052566970
Step 774 time = 0.176193, # ZDD nodes = 180856, # elems = 3963726576999163016915282390091
Step 775 time = 0.384950, # ZDD nodes = 181022, # elems = 3908687961541352253275517791319
Step 776 time = 0.189593, # ZDD nodes = 181380, # elems = 3799605575169832199693539250571
Step 777 time = 0.193873, # ZDD nodes = 181920, # elems = 3642498002383098223197508820902
Step 778 time = 0.200429, # ZDD nodes = 182492, # elems = 3446045351440856176743202414319
Step 779 time = 0.383650, # ZDD nodes = 183416, # elems = 3221493737087024651371695297350
Step 780 time = 0.255158, # ZDD nodes = 184368, # elems = 2982703643786690886164811470509
Step 781 time = 0.220435, # ZDD nodes = 185344, # elems = 2746514661245532838186531439666
Step 782 time = 0.226835, # ZDD nodes = 186300, # elems = 2533648740927248842253046498200
Step 783 time = 0.423770, # ZDD nodes = 187175, # elems = 2370430410996147975098800398060
Step 784 time = 0.423193, # ZDD nodes = 188013, # elems = 2291665063701273990070784683954
Step 785 time = 0.427599, # ZDD nodes = 188744, # elems = 2345082726733051707645326865774
Step 786 time = 0.236631, # ZDD nodes = 189413, # elems = 2597817811082650689681151094845
Step 787 time = 0.421475, # ZDD nodes = 190019, # elems = 3145442797071253313581484136726
Step 788 time = 0.273748, # ZDD nodes = 190601, # elems = 4124086669903124804074976441589
Step 789 time = 0.417133, # ZDD nodes = 191441, # elems = 5726121375427406296614765254758
Step 790 time = 0.224103, # ZDD nodes = 192217, # elems = 8219760372453045710070192763572
Step 791 time = 0.220004, # ZDD nodes = 193128, # elems = 11972648926732524017513230417454
Step 792 time = 0.216651, # ZDD nodes = 193910, # elems = 17479105606793359996252747339782
Step 793 time = 0.212629, # ZDD nodes = 194576, # elems = 25390078638513816063537038076617
Step 794 time = 0.208344, # ZDD nodes = 195352, # elems = 36544109421414488241846793739523
Step 795 time = 0.204433, # ZDD nodes = 196131, # elems = 51996678455907463198906352948789
Step 796 time = 0.202348, # ZDD nodes = 197210, # elems = 73044314452696306234746331598346
Step 797 time = 0.200484, # ZDD nodes = 198444, # elems = 101238887297541813239043119487653
Step 798 time = 0.202336, # ZDD nodes = 199564, # elems = 138386734145257250052578965705977
Step 799 time = 0.208789, # ZDD nodes = 200588, # elems = 186526872567159301068581791396019
Step 800 time = 0.205237, # ZDD nodes = 201735, # elems = 247882736333938967765593747724646
Step 801 time = 0.229770, # ZDD nodes = 202806, # elems = 324782813350344060883639943632597
Step 802 time = 0.209582, # ZDD nodes = 203770, # elems = 419547404084603338687408564434115
Step 803 time = 0.209309, # ZDD nodes = 204657, # elems = 534341492471914195348804685470408
Step 804 time = 0.208476, # ZDD nodes = 205432, # elems = 670997340598880133180995071500614
Step 805 time = 0.207137, # ZDD nodes = 206288, # elems = 830814640893127896711527300678898
Step 806 time = 0.208000, # ZDD nodes = 207057, # elems = 1014350484640523470679521556117421
Step 807 time = 0.221052, # ZDD nodes = 207967, # elems = 1221215497503930712438898529208476
Step 808 time = 0.217540, # ZDD nodes = 208871, # elems = 1449895631654592661322366466904025
Step 809 time = 0.315829, # ZDD nodes = 209736, # elems = 1697620665713465131447094344120811
Step 810 time = 0.239053, # ZDD nodes = 210739, # elems = 1960299916651049382803671131069099
Step 811 time = 0.248488, # ZDD nodes = 211632, # elems = 2232542677034342460876357975561672
Step 812 time = 0.256467, # ZDD nodes = 212421, # elems = 2507775408167530379717444143287948
Step 813 time = 0.260797, # ZDD nodes = 213114, # elems = 2778460042340619292608015744351144
Step 814 time = 0.264034, # ZDD nodes = 213711, # elems = 3036408531123990263352214158494860
Step 815 time = 0.263843, # ZDD nodes = 214165, # elems = 3273178989979532649227694178961347
Step 816 time = 0.265154, # ZDD nodes = 214542, # elems = 3480529611641993931651011487512561
Step 817 time = 0.261461, # ZDD nodes = 214842, # elems = 3650899192158529676793480982049689
Step 818 time = 0.259476, # ZDD nodes = 215073, # elems = 3777878758973008077081968151367854
Step 819 time = 0.298373, # ZDD nodes = 215244, # elems = 3856638242190900992383191522107453
Step 820 time = 0.297169, # ZDD nodes = 215534, # elems = 3884275779626815947358297537855814
Step 821 time = 0.251341, # ZDD nodes = 215729, # elems = 3860064951088639281646981809699641
Step 822 time = 0.268720, # ZDD nodes = 215823, # elems = 3785586301167106061569348411855911
Step 823 time = 0.245068, # ZDD nodes = 216096, # elems = 3664742740373924932477816527477103
Step 824 time = 0.246851, # ZDD nodes = 216397, # elems = 3503672253372248038970372949894879
Step 825 time = 0.435018, # ZDD nodes = 216726, # elems = 3310584047367394492883150449218489
Step 826 time = 0.249537, # ZDD nodes = 217433, # elems = 3095554123354022593349860484232560
Step 827 time = 0.250599, # ZDD nodes = 218054, # elems = 2870321754385245420051216065526102
Step 828 time = 0.250782, # ZDD nodes = 218783, # elems = 2648128416714754931677481758340694
Step 829 time = 0.253080, # ZDD nodes = 219458, # elems = 2443634781012620706556219929260778
Step 830 time = 0.254560, # ZDD nodes = 220272, # elems = 2272939478563881532479563797309145
Step 831 time = 0.257824, # ZDD nodes = 221052, # elems = 2153706190680003620713220959890498
Step 832 time = 0.263559, # ZDD nodes = 221795, # elems = 2105384462740802790167038698144792
Step 833 time = 0.269872, # ZDD nodes = 222522, # elems = 2149486374821651643262060634135880
Step 834 time = 0.275455, # ZDD nodes = 223392, # elems = 2309858147674267214657971431288731
Step 835 time = 0.283424, # ZDD nodes = 224432, # elems = 2612865630912570983712077078364541
Step 836 time = 0.294571, # ZDD nodes = 225454, # elems = 3087398320316930138378662401676096
Step 837 time = 0.482752, # ZDD nodes = 226436, # elems = 3764590979052642350267261365634695
Step 838 time = 0.294296, # ZDD nodes = 227532, # elems = 4677167681807772704998111182447917
Step 839 time = 0.295324, # ZDD nodes = 228729, # elems = 5858332079526804755150774759529900
Step 840 time = 0.295131, # ZDD nodes = 229856, # elems = 7340160732718920038953255895511007
Step 841 time = 0.294568, # ZDD nodes = 231133, # elems = 9151502830998590496937346835282254
Step 842 time = 0.496973, # ZDD nodes = 232378, # elems = 11315447032619028280620311443324785
Step 843 time = 0.299671, # ZDD nodes = 233541, # elems = 13846480063655526770677496077928501
Step 844 time = 0.300386, # ZDD nodes = 234622, # elems = 16747525767450787531378391207704295
Step 845 time = 0.304415, # ZDD nodes = 235599, # elems = 20007109679473093921801489901344299
Step 846 time = 0.295995, # ZDD nodes = 236478, # elems = 23596934411007331030036612847299533
Step 847 time = 0.481149, # ZDD nodes = 237255, # elems = 27470167021172613829783281128982333
Step 848 time = 0.286062, # ZDD nodes = 238058, # elems = 31560724639844782591249866954543013
Step 849 time = 0.280197, # ZDD nodes = 238763, # elems = 35783795278582557329451758787254884
Step 850 time = 0.465907, # ZDD nodes = 239343, # elems = 40037747399527402343182219936394343
Step 851 time = 0.268352, # ZDD nodes = 240029, # elems = 44207469351280485634766565475262601
Step 852 time = 0.265920, # ZDD nodes = 240696, # elems = 48169047749199634279792050355626260
Step 853 time = 0.264636, # ZDD nodes = 241317, # elems = 51795555645230310214699768015440695
Step 854 time = 0.303519, # ZDD nodes = 242047, # elems = 54963592682767549999352610888236968
Step 855 time = 0.391169, # ZDD nodes = 242847, # elems = 57560116576550227807837122056477994
Step 856 time = 0.441306, # ZDD nodes = 243708, # elems = 59489042567588346593562460935586344
Step 857 time = 0.443286, # ZDD nodes = 244504, # elems = 60677075310739348640659022275567616
Step 858 time = 0.252847, # ZDD nodes = 245409, # elems = 61078280492190868946571681632667923
Step 859 time = 0.255621, # ZDD nodes = 246288, # elems = 60676999088655825692318392127300651
Step 860 time = 0.303119, # ZDD nodes = 247065, # elems = 59488846502572338064350521555096210
Step 861 time = 0.445204, # ZDD nodes = 247773, # elems = 57559706969645954552624281236206097
Step 862 time = 0.262958, # ZDD nodes = 248578, # elems = 54962811876396699483475550203188109
Step 863 time = 0.265498, # ZDD nodes = 249330, # elems = 51794158818625091928025930721811728
Step 864 time = 0.267133, # ZDD nodes = 250113, # elems = 48166667625541698846550799028155908
Step 865 time = 0.265763, # ZDD nodes = 250791, # elems = 44203565317714357885699967966978923
Step 866 time = 0.267638, # ZDD nodes = 251308, # elems = 40031535017522461278429536545328306
Step 867 time = 0.263108, # ZDD nodes = 251882, # elems = 35774151960265438688464670664136927
Step 868 time = 0.262555, # ZDD nodes = 252349, # elems = 31546067525419165869895351390414706
Step 869 time = 0.352790, # ZDD nodes = 252911, # elems = 27448299973954531697168287780884325
Step 870 time = 0.269274, # ZDD nodes = 253386, # elems = 23564862714760438486190933789041766
Step 871 time = 0.272483, # ZDD nodes = 253744, # elems = 19960823619374135770106871003725090
Step 872 time = 0.275794, # ZDD nodes = 253981, # elems = 16681757882489417547278841079544300
Step 873 time = 0.277055, # ZDD nodes = 254049, # elems = 13754445451304035331110901737939921
Step 874 time = 0.273827, # ZDD nodes = 253984, # elems = 11188581493250512470436191082632271
Step 875 time = 0.269525, # ZDD nodes = 253817, # elems = 8979219500015285621025597104458662
Step 876 time = 0.263610, # ZDD nodes = 253530, # elems = 7109651597487042373271667257404406
Step 877 time = 0.278686, # ZDD nodes = 253171, # elems = 5554445656202481740170274225654795
Step 878 time = 0.252655, # ZDD nodes = 252777, # elems = 4282397228523139475142365310229301
Step 879 time = 0.248039, # ZDD nodes = 252329, # elems = 3259207986721649431543759961059535
Step 880 time = 0.243412, # ZDD nodes = 251914, # elems = 2449762766232916800585992236368803
Step 881 time = 0.250339, # ZDD nodes = 251407, # elems = 1819936952396398109153104060778858
Step 882 time = 0.236003, # ZDD nodes = 250796, # elems = 1337918840205187569749403839129721
Step 883 time = 0.232364, # ZDD nodes = 250138, # elems = 975073830031568047099537509848188
Step 884 time = 0.229749, # ZDD nodes = 249479, # elems = 706407059390963828737711363483382
Step 885 time = 0.601217, # ZDD nodes = 248813, # elems = 510698306178034744162007005224355
Step 886 time = 0.223198, # ZDD nodes = 248228, # elems = 370389128860040710020208788843639
Step 887 time = 0.308039, # ZDD nodes = 247534, # elems = 271299517265450616674030681809847
Step 888 time = 0.216489, # ZDD nodes = 246739, # elems = 202242479674215168164537559519522
Step 889 time = 0.213722, # ZDD nodes = 245820, # elems = 154592610656700107881677128524309
Step 890 time = 0.299785, # ZDD nodes = 244782, # elems = 121851042600439911501587312421437
Step 891 time = 0.206705, # ZDD nodes = 243780, # elems = 99236029104641436425401916444056
Step 892 time = 0.205472, # ZDD nodes = 242686, # elems = 83316903905724884395478536551416
Step 893 time = 0.246181, # ZDD nodes = 241508, # elems = 71699920393919978457227800750412
Step 894 time = 0.202278, # ZDD nodes = 240247, # elems = 62767668398342453333628147163190
Step 895 time = 0.199465, # ZDD nodes = 238864, # elems = 55469225134786388288836412301084
Step 896 time = 0.197504, # ZDD nodes = 237485, # elems = 49155566427536187656605050831741
Step 897 time = 0.195386, # ZDD nodes = 236043, # elems = 43453596804240883051316944790728
Step 898 time = 0.285285, # ZDD nodes = 234703, # elems = 38172006367936394481455384104671
Step 899 time = 0.328555, # ZDD nodes = 233296, # elems = 33232637160368676849732691081748
Step 900 time = 0.192991, # ZDD nodes = 231853, # elems = 28621834456025247547704737649882
Step 901 time = 0.192715, # ZDD nodes = 230374, # elems = 24357151994614342558554786566985
Step 902 time = 0.234170, # ZDD nodes = 228941, # elems = 20465639834423678632795003078582
Step 903 time = 0.235482, # ZDD nodes = 227478, # elems = 16970700365432671601421573134507
Step 904 time = 0.195744, # ZDD nodes = 226031, # elems = 13885129598898219165619867149749
Step 905 time = 0.196184, # ZDD nodes = 224655, # elems = 11208472930478335687130436586431
Step 906 time = 0.196538, # ZDD nodes = 223267, # elems = 8927236415325257487662086761602
Step 907 time = 0.218421, # ZDD nodes = 222050, # elems = 7016828562058420863957465299179
Step 908 time = 0.197332, # ZDD nodes = 220844, # elems = 5444383139349113824097359477661
Step 909 time = 0.196959, # ZDD nodes = 219847, # elems = 4171844359037407001616468820428
Step 910 time = 0.199234, # ZDD nodes = 218797, # elems = 3158890321429406472948927150044
Step 911 time = 0.201807, # ZDD nodes = 217658, # elems = 2365432795999134582209902499496
Step 912 time = 0.390870, # ZDD nodes = 216427, # elems = 1753562880508890021579913999857
Step 913 time = 0.203493, # ZDD nodes = 215120, # elems = 1288913778671923881482687867989
Step 914 time = 0.202530, # ZDD nodes = 213746, # elems = 941485365959020758895588038661
Step 915 time = 0.200328, # ZDD nodes = 212425, # elems = 686023049940635386138319046653
Step 916 time = 0.196686, # ZDD nodes = 210958, # elems = 502069559356377004231219613461
Step 917 time = 0.566135, # ZDD nodes = 209427, # elems = 373817428113224485837164907603
Step 918 time = 0.189157, # ZDD nodes = 207852, # elems = 289887012178391057134577247654
Step 919 time = 0.185017, # ZDD nodes = 206363, # elems = 243144390470632352229424370299
Step 920 time = 0.183838, # ZDD nodes = 205054, # elems = 230658956932386822882770725022
Step 921 time = 0.182852, # ZDD nodes = 203892, # elems = 253884026102794374889075147586
Step 922 time = 0.181150, # ZDD nodes = 202625, # elems = 319125921249795281330026831381
Step 923 time = 0.179610, # ZDD nodes = 201223, # elems = 438346904804680827200689337647
Step 924 time = 0.177052, # ZDD nodes = 199880, # elems = 630322916586182704451413915931
Step 925 time = 0.175308, # ZDD nodes = 198462, # elems = 922145771819598409477876568981
Step 926 time = 0.174005, # ZDD nodes = 197169, # elems = 1351018719873283799419167350205
Step 927 time = 0.175041, # ZDD nodes = 195930, # elems = 1966242529130171769361377814861
Step 928 time = 0.177933, # ZDD nodes = 194706, # elems = 2831226876562856768956374083781
Step 929 time = 0.180506, # ZDD nodes = 193812, # elems = 4025291834900767387410024381432
Step 930 time = 0.182030, # ZDD nodes = 193049, # elems = 5644953045757115192480324077092
Step 931 time = 0.185221, # ZDD nodes = 192276, # elems = 7804321636188673129849499616687
Step 932 time = 0.185656, # ZDD nodes = 191430, # elems = 10634209054811803272144541035609
Step 933 time = 0.184634, # ZDD nodes = 190718, # elems = 14279522643155158108111263427151
Step 934 time = 0.183578, # ZDD nodes = 189937, # elems = 18894584694444534458366859130899
Step 935 time = 0.181194, # ZDD nodes = 189214, # elems = 24636117983208663407548440685495
Step 936 time = 0.181297, # ZDD nodes = 188405, # elems = 31653820418948000266535510730050
Step 937 time = 0.183677, # ZDD nodes = 187723, # elems = 40078697898215576487098051834348
Step 938 time = 0.188255, # ZDD nodes = 186997, # elems = 50009623837420628204281626966721
Step 939 time = 0.201209, # ZDD nodes = 186214, # elems = 61498920589812853395981437988689
Step 940 time = 0.202188, # ZDD nodes = 185417, # elems = 74538075571047326884491982570590
Step 941 time = 0.395118, # ZDD nodes = 184545, # elems = 89044969792243062969426243831221
Step 942 time = 0.298149, # ZDD nodes = 183670, # elems = 104854163528418193539188044503514
Step 943 time = 0.295320, # ZDD nodes = 182954, # elems = 121711813976440804924527562643071
Step 944 time = 0.205475, # ZDD nodes = 182165, # elems = 139276668116911780936855854791742
Step 945 time = 0.202133, # ZDD nodes = 181470, # elems = 157128277275589783507012699081595
Step 946 time = 0.198592, # ZDD nodes = 180679, # elems = 174783141245919612262835041167000
Step 947 time = 0.194295, # ZDD nodes = 179831, # elems = 191718959905290956195324170212607
Step 948 time = 0.190377, # ZDD nodes = 178969, # elems = 207406623070324002090597629381862
Step 949 time = 0.185917, # ZDD nodes = 178097, # elems = 221349092951100485329457561435338
Step 950 time = 0.182107, # ZDD nodes = 177372, # elems = 233126015926881590325521017606987
Step 951 time = 0.184019, # ZDD nodes = 176769, # elems = 242442812016441300264569115374897
Step 952 time = 0.174092, # ZDD nodes = 176082, # elems = 249183166499126669514491473719672
Step 953 time = 0.170418, # ZDD nodes = 175525, # elems = 253464272757333455067734583983827
Step 954 time = 0.170698, # ZDD nodes = 175011, # elems = 255694771519231743650314125074320
Step 955 time = 0.171777, # ZDD nodes = 174524, # elems = 256635959510616381181287950486421
Step 956 time = 0.173283, # ZDD nodes = 174211, # elems = 257467306668675269362848879793870
Step 957 time = 0.174510, # ZDD nodes = 174043, # elems = 259857399323560887491318775445094
Step 958 time = 0.172858, # ZDD nodes = 174003, # elems = 266040890265143626224047227479044
Step 959 time = 0.179419, # ZDD nodes = 173911, # elems = 278900699200185664966627734784056
Step 960 time = 0.174226, # ZDD nodes = 174041, # elems = 302052469748293995909524120156083
Step 961 time = 0.175614, # ZDD nodes = 174184, # elems = 339925185826702402693516461144122
Step 962 time = 0.178562, # ZDD nodes = 174328, # elems = 397828085903632468933446282170332
Step 963 time = 0.179827, # ZDD nodes = 174687, # elems = 481989985270753349047163251155204
Step 964 time = 0.179537, # ZDD nodes = 175152, # elems = 599553409913428662034050011218618
Step 965 time = 0.182765, # ZDD nodes = 175788, # elems = 758503299125339232609530762672557
Step 966 time = 0.185258, # ZDD nodes = 176448, # elems = 967509266304270076683272675986720
Step 967 time = 0.186968, # ZDD nodes = 177065, # elems = 1235662308923717079693918562165785
Step 968 time = 0.199041, # ZDD nodes = 177779, # elems = 1572092055459672700569534470159272
Step 969 time = 0.188589, # ZDD nodes = 178637, # elems = 1985459440697781570014422860549261
Step 970 time = 0.189628, # ZDD nodes = 179452, # elems = 2483331968157675741814554311342423
Step 971 time = 0.196688, # ZDD nodes = 180442, # elems = 3071463747663601088381714702875031
Step 972 time = 0.196362, # ZDD nodes = 181481, # elems = 3753018989171370378971561813960825
Step 973 time = 0.202056, # ZDD nodes = 182539, # elems = 4527793748184817748914005185204806
Step 974 time = 0.206483, # ZDD nodes = 183741, # elems = 5391504222261600964271176494125034
Step 975 time = 0.209568, # ZDD nodes = 184890, # elems = 6335218429648880229218618155818169
Step 976 time = 0.211193, # ZDD nodes = 185995, # elems = 7345009501990605397847340967235148
Step 977 time = 0.210372, # ZDD nodes = 187019, # elems = 8401901511895854542156387480732593
Step 978 time = 0.208671, # ZDD nodes = 188087, # elems = 9482162077798086796275423068837874
Step 979 time = 0.207181, # ZDD nodes = 189076, # elems = 10557970475561621970677108446302323
Step 980 time = 0.227173, # ZDD nodes = 189955, # elems = 11598457471140055566823836792278915
Step 981 time = 0.203523, # ZDD nodes = 190981, # elems = 12571076622676310593114641126769679
Step 982 time = 0.205857, # ZDD nodes = 192031, # elems = 13443230365947851590176632563110029
Step 983 time = 0.209228, # ZDD nodes = 193094, # elems = 14184042233409166955257291841152391
Step 984 time = 0.211189, # ZDD nodes = 194316, # elems = 14766143360828924684254079758705349
Step 985 time = 0.305087, # ZDD nodes = 195620, # elems = 15167330522510448394661827392289704
Step 986 time = 0.213671, # ZDD nodes = 197020, # elems = 15371956470217223255621212297712811
Step 987 time = 0.215778, # ZDD nodes = 198385, # elems = 15371931741023522536567069290923726
Step 988 time = 0.218501, # ZDD nodes = 199915, # elems = 15167248842953324167865036273093803
Step 989 time = 0.222083, # ZDD nodes = 201417, # elems = 14765981541154904278223710029547392
Step 990 time = 0.270863, # ZDD nodes = 202853, # elems = 14183759194873316047248827986739466
Step 991 time = 0.230651, # ZDD nodes = 204280, # elems = 13442763332957366206959412588901300
Step 992 time = 0.231779, # ZDD nodes = 205817, # elems = 12570335498967887706469360792630990
Step 993 time = 0.235749, # ZDD nodes = 207324, # elems = 11597317188164630994991639242988173
Step 994 time = 0.239429, # ZDD nodes = 208932, # elems = 10556261151946341511938762298799915
Step 995 time = 0.246728, # ZDD nodes = 210460, # elems = 9479656954372372018089576714322027
Step 996 time = 0.242572, # ZDD nodes = 211887, # elems = 8398302833359079269800999231191910
Step 997 time = 0.243139, # ZDD nodes = 213403, # elems = 7339932802201546205933846625014321
Step 998 time = 0.245218, # ZDD nodes = 214880, # elems = 6328176031222005424775828241114870
Step 999 time = 0.249190, # ZDD nodes = 216528, # elems = 5381889159458390966340826598085832
Step 1000 time = 0.344321, # ZDD nodes = 218085, # elems = 4514865729079014411475025249125371
Step 1001 time = 0.444569, # ZDD nodes = 219577, # elems = 3735894380608498187667848100017018
Step 1002 time = 0.263807, # ZDD nodes = 221022, # elems = 3049111836887322259595725104257839
Step 1003 time = 0.265478, # ZDD nodes = 222313, # elems = 2454579866028060196523711712240775
Step 1004 time = 0.264579, # ZDD nodes = 223502, # elems = 1949007884627279933076634617767585
Step 1005 time = 0.265517, # ZDD nodes = 224597, # elems = 1526544000703772172502365618363586
Step 1006 time = 0.304710, # ZDD nodes = 225552, # elems = 1179565544820389954309727526924769
Step 1007 time = 0.258024, # ZDD nodes = 226431, # elems = 899413375175078757973887710171093
Step 1008 time = 0.256194, # ZDD nodes = 227220, # elems = 677030148879527288072830879075031
Step 1009 time = 0.253463, # ZDD nodes = 227930, # elems = 503479141895621464681761448267307
Step 1010 time = 0.438576, # ZDD nodes = 228709, # elems = 370335272866598491142873507219348
Step 1011 time = 0.248278, # ZDD nodes = 229369, # elems = 269952471637195517000511793835701
Step 1012 time = 0.246361, # ZDD nodes = 229923, # elems = 195620737312077727496494351551927
Step 1013 time = 0.243341, # ZDD nodes = 230423, # elems = 141631989798326739834196384743436
Step 1014 time = 0.240963, # ZDD nodes = 230848, # elems = 103276393222143208303331079010129
Step 1015 time = 0.238424, # ZDD nodes = 231207, # elems = 76790763981692881467447125898688
Step 1016 time = 0.236500, # ZDD nodes = 231631, # elems = 59278655779050301612848625422297
Step 1017 time = 0.234133, # ZDD nodes = 231952, # elems = 48618439496158025750093293522158
Step 1018 time = 0.322359, # ZDD nodes = 232172, # elems = 43371790755885235406321294793605
Step 1019 time = 0.319293, # ZDD nodes = 232294, # elems = 42700954470678745380611753783372
Step 1020 time = 0.226655, # ZDD nodes = 232307, # elems = 46299316823808717221279838832534
Step 1021 time = 0.223070, # ZDD nodes = 232203, # elems = 54336388041284784137383620839141
Step 1022 time = 0.220776, # ZDD nodes = 232000, # elems = 67415387873188280619862928570165
Step 1023 time = 0.217959, # ZDD nodes = 231686, # elems = 86539272710109678571504264373756
Step 1024 time = 0.215584, # ZDD nodes = 231274, # elems = 113079271537414810101082516337524
Step 1025 time = 0.212027, # ZDD nodes = 230751, # elems = 148738841962247970207462981729464
Step 1026 time = 0.209232, # ZDD nodes = 230111, # elems = 195505479800478986190931471434904
Step 1027 time = 0.205630, # ZDD nodes = 229393, # elems = 255583104797159502577555127485238
Step 1028 time = 0.203495, # ZDD nodes = 228559, # elems = 331298896135513037771513029268388
Step 1029 time = 0.200317, # ZDD nodes = 227609, # elems = 424980532364798028810731927800515
Step 1030 time = 0.284959, # ZDD nodes = 226580, # elems = 538802800318691352877901174586875
Step 1031 time = 0.194047, # ZDD nodes = 225456, # elems = 674606366114861827557074135277913
Step 1032 time = 0.191634, # ZDD nodes = 224362, # elems = 833695898698577642592831658334674
Step 1033 time = 0.188483, # ZDD nodes = 223162, # elems = 1016629303889141268057090096672501
Step 1034 time = 0.185763, # ZDD nodes = 221856, # elems = 1223014034569857826354002362532977
Step 1035 time = 0.182615, # ZDD nodes = 220435, # elems = 1451329677883132182189923408475020
Step 1036 time = 0.179910, # ZDD nodes = 219113, # elems = 1698797664667591264940389709539843
Step 1037 time = 0.190165, # ZDD nodes = 217747, # elems = 1961318472884419994229630738537792
Step 1038 time = 0.189262, # ZDD nodes = 216336, # elems = 2233493773068749264661182148893892
Step 1039 time = 0.175639, # ZDD nodes = 215032, # elems = 2508745544005852103983347782606728
Step 1040 time = 0.174851, # ZDD nodes = 213837, # elems = 2779536573250195336347743286492540
Step 1041 time = 0.175382, # ZDD nodes = 212793, # elems = 3037687616842005117069200016520333
Step 1042 time = 0.177276, # ZDD nodes = 211979, # elems = 3274776819638082559969495122023828
Step 1043 time = 0.183612, # ZDD nodes = 211410, # elems = 3482598022050068027165509995386344
Step 1044 time = 0.192013, # ZDD nodes = 211395, # elems = 3653647634247717263784616206835107
Step 1045 time = 0.251610, # ZDD nodes = 212089, # elems = 3781606129969019676113776569429584
Step 1046 time = 0.249600, # ZDD nodes = 213325, # elems = 3861780991206681713889143768020210
Step 1047 time = 0.251577, # ZDD nodes = 215258, # elems = 3891483914704589256815082368702051
Step 1048 time = 0.281902, # ZDD nodes = 217823, # elems = 3870326717297287077178525791848033
Step 1049 time = 0.361635, # ZDD nodes = 221011, # elems = 3800437772965989991718630028316575
Step 1050 time = 0.349676, # ZDD nodes = 224755, # elems = 3686623868710494504267775176890475
Step 1051 time = 0.567877, # ZDD nodes = 229272, # elems = 3536530857676033550555695765970524
Step 1052 time = 0.519076, # ZDD nodes = 234509, # elems = 3360890200616194735145847075277593
Step 1053 time = 0.479334, # ZDD nodes = 240522, # elems = 3173977256432988588970065879965599
Step 1054 time = 0.530767, # ZDD nodes = 247295, # elems = 2994450809031511992446800082754207
Step 1055 time = 0.772732, # ZDD nodes = 254774, # elems = 2846791288856757098718666357287147
Step 1056 time = 0.732348, # ZDD nodes = 263273, # elems = 2763606143835589666031936189526654
Step 1057 time = 0.700053, # ZDD nodes = 272317, # elems = 2789122006589169441545042785568203
Step 1058 time = 0.839999, # ZDD nodes = 281866, # elems = 2984229511656954370317519893109895
Step 1059 time = 0.798679, # ZDD nodes = 291809, # elems = 3433479462699539210074787689472745
Step 1060 time = 0.930026, # ZDD nodes = 302230, # elems = 4254436330932171687889408340803727
Step 1061 time = 0.958719, # ZDD nodes = 313021, # elems = 5609760593513979586189017590939585
Step 1062 time = 0.900598, # ZDD nodes = 324004, # elems = 7722295648629851559931832999105020
Step 1063 time = 1.105740, # ZDD nodes = 335103, # elems = 10893256771282437000621293564012886
Step 1064 time = 1.360492, # ZDD nodes = 346227, # elems = 15523338924043520211421483841107661
Step 1065 time = 1.128659, # ZDD nodes = 357254, # elems = 22136162956335967186654936565869079
Step 1066 time = 1.325329, # ZDD nodes = 368374, # elems = 31402962578039763817623502274176534
Step 1067 time = 0.964137, # ZDD nodes = 379412, # elems = 44166791204326388368928212634103116
Step 1068 time = 1.055714, # ZDD nodes = 390496, # elems = 61463834611191579607175763241866049
Step 1069 time = 1.434797, # ZDD nodes = 401599, # elems = 84538715123776567612311745677999864
Step 1070 time = 0.984361, # ZDD nodes = 412780, # elems = 114850056085686184609974436543210881
Step 1071 time = 1.086216, # ZDD nodes = 423796, # elems = 154062155939418384691816604872986501
Step 1072 time = 1.103982, # ZDD nodes = 434973, # elems = 204018528691181589340776768241106654
Step 1073 time = 1.036305, # ZDD nodes = 445851, # elems = 266693431189845156569915783234891662
Step 1074 time = 1.332234, # ZDD nodes = 456434, # elems = 344118426657973474385229812225438464
Step 1075 time = 1.349900, # ZDD nodes = 466787, # elems = 438282593489923205050739973644304901
Step 1076 time = 1.462795, # ZDD nodes = 476853, # elems = 551007175768493502205169279115109706
Step 1077 time = 1.551609, # ZDD nodes = 486962, # elems = 683798196510869251085939325549994170
Step 1078 time = 1.469933, # ZDD nodes = 496941, # elems = 837683626096041729842101771836241300
Step 1079 time = 1.482738, # ZDD nodes = 506724, # elems = 1013044828491369940914468179777324093
Step 1080 time = 1.130260, # ZDD nodes = 516191, # elems = 1209454828547661785917296902902847657
Step 1081 time = 1.156573, # ZDD nodes = 525299, # elems = 1425538041523121216686207888443292309
Step 1082 time = 1.379930, # ZDD nodes = 534031, # elems = 1658867073208132311913905202313687505
Step 1083 time = 1.230491, # ZDD nodes = 542298, # elems = 1905911693359756245256356783557338150
Step 1084 time = 1.459539, # ZDD nodes = 550090, # elems = 2162052892448745831246114438326278937
Step 1085 time = 1.683695, # ZDD nodes = 557429, # elems = 2421671019932380262510961557632833419
Step 1086 time = 1.555835, # ZDD nodes = 564305, # elems = 2678311556867175983424401027799422457
Step 1087 time = 1.800904, # ZDD nodes = 570720, # elems = 2924925507347452728912954873473420357
Step 1088 time = 1.632690, # ZDD nodes = 576678, # elems = 3154174312388401595148729274134395209
Step 1089 time = 1.655424, # ZDD nodes = 582157, # elems = 3358782347411251716399039105954108042
Step 1090 time = 1.863495, # ZDD nodes = 587162, # elems = 3531914264478400199127047782057824151
Step 1091 time = 1.587577, # ZDD nodes = 591878, # elems = 3667550435146083198756438631548484680
Step 1092 time = 1.966603, # ZDD nodes = 596130, # elems = 3760832132535417145231648717917253757
Step 1093 time = 1.872053, # ZDD nodes = 599896, # elems = 3808349203533022964805518880626244330
Step 1094 time = 1.902357, # ZDD nodes = 603153, # elems = 3808346851299836486706012167440109491
Step 1095 time = 1.830320, # ZDD nodes = 606149, # elems = 3760834467217972123160818416631669387
Step 1096 time = 1.625645, # ZDD nodes = 608708, # elems = 3667587604976654880162125481913474519
Step 1097 time = 1.519113, # ZDD nodes = 610831, # elems = 3532043326695458220201306937072036965
Step 1098 time = 1.593840, # ZDD nodes = 612602, # elems = 3359098291859746273501124411610368786
Step 1099 time = 1.395204, # ZDD nodes = 613957, # elems = 3154827121707558226287115730432072686
Step 1100 time = 1.400887, # ZDD nodes = 615109, # elems = 2926144895382867543460986956812336662
Step 1101 time = 1.362468, # ZDD nodes = 616070, # elems = 2680441491194843902887798327052343068
Step 1102 time = 1.905900, # ZDD nodes = 616814, # elems = 2425216551376730542115067811228523076
Step 1103 time = 1.564351, # ZDD nodes = 617236, # elems = 2167742127677364682331993851080429571
Step 1104 time = 1.324711, # ZDD nodes = 617394, # elems = 1914775876559857623888898529975345851
Step 1105 time = 1.415463, # ZDD nodes = 617272, # elems = 1672341588798879935134860079905195742
Step 1106 time = 1.780470, # ZDD nodes = 617043, # elems = 1445586596000610558257801572642727651
Step 1107 time = 1.518432, # ZDD nodes = 616875, # elems = 1238717996335406604052421818973940131
Step 1108 time = 1.332948, # ZDD nodes = 616273, # elems = 1055012448036230980764069347232841527
Step 1109 time = 1.425705, # ZDD nodes = 615250, # elems = 896888138591046702450530323712070896
Step 1110 time = 1.531579, # ZDD nodes = 613823, # elems = 766022923543553658853098927210433690
Step 1111 time = 1.558637, # ZDD nodes = 612243, # elems = 663499817187001795453715774989262044
Step 1112 time = 1.309501, # ZDD nodes = 610292, # elems = 589960090416234234947712720248922467
Step 1113 time = 1.290027, # ZDD nodes = 608271, # elems = 545745103649144933152313603449343664
Step 1114 time = 1.464143, # ZDD nodes = 606026, # elems = 531010462108253882643417172476438045
Step 1115 time = 1.826129, # ZDD nodes = 603522, # elems = 545799828024838712649266316632825020
Step 1116 time = 1.437458, # ZDD nodes = 600904, # elems = 590070411455188528727219856398953382
Step 1117 time = 1.428620, # ZDD nodes = 597953, # elems = 663667417489600330382895465215860419
Step 1118 time = 1.223894, # ZDD nodes = 594665, # elems = 766250173900615506250088016428865985
Step 1119 time = 1.569102, # ZDD nodes = 591150, # elems = 897177919363239187066467920967651693
Step 1120 time = 1.220331, # ZDD nodes = 587214, # elems = 1055367919502373726267904651126859100
Step 1121 time = 1.554465, # ZDD nodes = 582848, # elems = 1239142325296688462071121020772095266
Step 1122 time = 1.306529, # ZDD nodes = 578070, # elems = 1446082647759729630304475030079311894
Step 1123 time = 1.096746, # ZDD nodes = 573106, # elems = 1672911595479879665224662432926854353
Step 1124 time = 1.073931, # ZDD nodes = 567834, # elems = 1915421094576765986401926205801581812
Step 1125 time = 1.050767, # ZDD nodes = 562234, # elems = 2168462498940284290410863593934399926
Step 1126 time = 1.032996, # ZDD nodes = 556395, # elems = 2426010384434334034337164801933277074
Step 1127 time = 1.567053, # ZDD nodes = 550376, # elems = 2681305179788314439647759386033453135
Step 1128 time = 1.033699, # ZDD nodes = 544357, # elems = 2927072692616778160043056967838518840
Step 1129 time = 1.344073, # ZDD nodes = 538327, # elems = 3155810987991742947144685083152467147
Step 1130 time = 0.979621, # ZDD nodes = 532350, # elems = 3360127833717366842156759526684518930
Step 1131 time = 0.944392, # ZDD nodes = 526238, # elems = 3533105841295056533400785556332869089
Step 1132 time = 1.128200, # ZDD nodes = 520081, # elems = 3668668241756712329443156545209616534
Step 1133 time = 0.941134, # ZDD nodes = 513950, # elems = 3761916513289608289011512942469775719
Step 1134 time = 0.941139, # ZDD nodes = 508046, # elems = 3809412141641057195021252277903639662
Step 1135 time = 0.949894, # ZDD nodes = 502323, # elems = 3809378650665660375801240552238823357
Step 1136 time = 0.955056, # ZDD nodes = 496663, # elems = 3761806363839738738135735049029442345
Step 1137 time = 1.047057, # ZDD nodes = 490864, # elems = 3668450519690320313653545630171727315
Step 1138 time = 1.048085, # ZDD nodes = 484967, # elems = 3532722505657027224605696593783065150
Step 1139 time = 0.947374, # ZDD nodes = 479170, # elems = 3359483113126300946570977899608957800
Step 1140 time = 0.940604, # ZDD nodes = 473306, # elems = 3154754871144892320290207237653704265
Step 1141 time = 1.310101, # ZDD nodes = 467615, # elems = 2925376836464609362244619768269540993
Step 1142 time = 1.123743, # ZDD nodes = 461954, # elems = 2678629087876876530429172818632045877
Step 1143 time = 1.710248, # ZDD nodes = 456287, # elems = 2421855285901462310287611916099659014
Step 1144 time = 1.328264, # ZDD nodes = 450614, # elems = 2162110042182191882053851088669212045
Step 1145 time = 0.974910, # ZDD nodes = 444875, # elems = 1905853838084149013463878500660294040
Step 1146 time = 1.170335, # ZDD nodes = 438901, # elems = 1658712432462877794541217656906939417
Step 1147 time = 1.004534, # ZDD nodes = 432738, # elems = 1425310856913502187724622021418327565
Step 1148 time = 1.010677, # ZDD nodes = 426375, # elems = 1209185017294740362926091734687060597
Step 1149 time = 1.010978, # ZDD nodes = 419890, # elems = 1012767354075215870944009026259423416
Step 1150 time = 1.377643, # ZDD nodes = 413365, # elems = 837437571490495302745346336394962075
Step 1151 time = 1.456628, # ZDD nodes = 406780, # elems = 683625537161609722361446984405217553
Step 1152 time = 1.249571, # ZDD nodes = 400220, # elems = 550951264838052504096454089676568734
Step 1153 time = 1.333738, # ZDD nodes = 393751, # elems = 438386390730858495926613589616846443
Step 1154 time = 1.486572, # ZDD nodes = 387420, # elems = 344422523694408612620314311568088457
Step 1155 time = 0.913303, # ZDD nodes = 381262, # elems = 267233948452360853693569455758555335
Step 1156 time = 0.891935, # ZDD nodes = 375269, # elems = 204824980664781036853809232152342689
Step 1157 time = 0.869676, # ZDD nodes = 369458, # elems = 155155399294013442667019906055715706
Step 1158 time = 0.848468, # ZDD nodes = 363879, # elems = 116240447139265124901838267639449513
Step 1159 time = 0.827538, # ZDD nodes = 358552, # elems = 86224606687449657719141560724560523
Step 1160 time = 1.452618, # ZDD nodes = 353435, # elems = 63430535941190857174234902127836145
Step 1161 time = 1.053855, # ZDD nodes = 348559, # elems = 46386097793599202716015543920608333
Step 1162 time = 0.761277, # ZDD nodes = 343718, # elems = 33833335192805301594765063286414243
Step 1163 time = 0.924158, # ZDD nodes = 339065, # elems = 24723599119505439184348660260075483
Step 1164 time = 0.720707, # ZDD nodes = 334526, # elems = 18202937450531969639633271861663671
Step 1165 time = 0.703554, # ZDD nodes = 330099, # elems = 13591430240451486055176540933506194
Step 1166 time = 0.952975, # ZDD nodes = 325760, # elems = 10359540576238489082234671747913504
Step 1167 time = 0.663983, # ZDD nodes = 321540, # elems = 8103854317479827064723604598134550
Step 1168 time = 0.645827, # ZDD nodes = 317389, # elems = 6523896698518084853020774220025217
Step 1169 time = 0.626029, # ZDD nodes = 313223, # elems = 5401101080768042888598348355957670
Step 1170 time = 0.608916, # ZDD nodes = 309151, # elems = 4580500464343986425956294596635316
Step 1171 time = 0.593806, # ZDD nodes = 305118, # elems = 3955328381050437602080198537571267
Step 1172 time = 0.581169, # ZDD nodes = 301120, # elems = 3454448198103787632941446368441887
Step 1173 time = 0.930594, # ZDD nodes = 297161, # elems = 3032363427610993650946505840125022
Step 1174 time = 0.558016, # ZDD nodes = 293426, # elems = 2661475652897259618626555682697072
Step 1175 time = 1.019443, # ZDD nodes = 289800, # elems = 2326229309146630605596019763465733
Step 1176 time = 0.725289, # ZDD nodes = 286256, # elems = 2018793817966813000738766947263125
Step 1177 time = 0.533741, # ZDD nodes = 282808, # elems = 1735967066323244857829280657039143
Step 1178 time = 0.710413, # ZDD nodes = 279457, # elems = 1477027721833447151705087845234007
Step 1179 time = 0.526942, # ZDD nodes = 276345, # elems = 1242309198309499937516511884933107
Step 1180 time = 0.599783, # ZDD nodes = 273362, # elems = 1032310427034597228493863405808271
Step 1181 time = 0.495939, # ZDD nodes = 270657, # elems = 847195692755943569670828654421224
Step 1182 time = 0.675427, # ZDD nodes = 268103, # elems = 686567089684327236416300557243373
Step 1183 time = 0.481605, # ZDD nodes = 265681, # elems = 549419028865501438010190317899285
Step 1184 time = 0.472225, # ZDD nodes = 263420, # elems = 434205478102597130499279349982027
Step 1185 time = 0.554168, # ZDD nodes = 261293, # elems = 338968084893994672843214725787836
Step 1186 time = 0.496875, # ZDD nodes = 259317, # elems = 261487733052916932064396969080192
Step 1187 time = 0.437633, # ZDD nodes = 257466, # elems = 199433932562049638527483682174460
Step 1188 time = 0.421984, # ZDD nodes = 255798, # elems = 150496084158371323679708339551743
Step 1189 time = 0.403456, # ZDD nodes = 254289, # elems = 112488324080612376343032681545501
Step 1190 time = 0.384263, # ZDD nodes = 252860, # elems = 83425517792034092998421477308039
Step 1191 time = 0.367494, # ZDD nodes = 251617, # elems = 61572210359214835401656894038216
Step 1192 time = 0.399700, # ZDD nodes = 250268, # elems = 45469157563166556283961352644739
Step 1193 time = 0.388884, # ZDD nodes = 248761, # elems = 33943688122542761899042953231798
Step 1194 time = 0.518253, # ZDD nodes = 247112, # elems = 26110832698241439662976139860064
Step 1195 time = 0.319995, # ZDD nodes = 245325, # elems = 21372141376697474054455139966513
Step 1196 time = 0.708165, # ZDD nodes = 243569, # elems = 19418605998997063985333580225154
Step 1197 time = 0.392717, # ZDD nodes = 241710, # elems = 20243258757891336337413002509544
Step 1198 time = 0.289013, # ZDD nodes = 239935, # elems = 24167916262214258325322185523703
Step 1199 time = 0.293482, # ZDD nodes = 238139, # elems = 31887190399601682690585770772892
Step 1200 time = 0.277312, # ZDD nodes = 236322, # elems = 44531246479374342324690580009692
Step 1201 time = 0.729091, # ZDD nodes = 234665, # elems = 63746773336753850450867778519370
Step 1202 time = 0.638347, # ZDD nodes = 233285, # elems = 91793157762209073749795384307097
Step 1203 time = 0.263185, # ZDD nodes = 231785, # elems = 131647888031912797913770439893288
Step 1204 time = 0.258653, # ZDD nodes = 230140, # elems = 187111797295558681386637000577331
Step 1205 time = 0.274916, # ZDD nodes = 228421, # elems = 262901074009377700970120330052383
Step 1206 time = 0.245395, # ZDD nodes = 226551, # elems = 364709346330855017138081411830788
Step 1207 time = 0.238702, # ZDD nodes = 224782, # elems = 499220085634974513611245521227392
Step 1208 time = 0.233747, # ZDD nodes = 223044, # elems = 674047705183030955561693504432655
Step 1209 time = 0.230281, # ZDD nodes = 221502, # elems = 897585767283128998983995410966402
Step 1210 time = 0.230697, # ZDD nodes = 220334, # elems = 1178743353557742018704720367489352
Step 1211 time = 0.511123, # ZDD nodes = 219166, # elems = 1526556452499442631573860312790210
Step 1212 time = 0.233975, # ZDD nodes = 218021, # elems = 1949670443529384205067720275728588
Step 1213 time = 0.235135, # ZDD nodes = 216822, # elems = 2455702248320645831597799340766018
Step 1214 time = 0.235143, # ZDD nodes = 215744, # elems = 3050505786943782270548343024858880
Step 1215 time = 0.232216, # ZDD nodes = 214582, # elems = 3737380751158503996198130970539853
Step 1216 time = 0.268199, # ZDD nodes = 213297, # elems = 4516280591118399760311221292799635
Step 1217 time = 0.223954, # ZDD nodes = 211884, # elems = 5383088822423377531189047248079552
Step 1218 time = 0.259369, # ZDD nodes = 210406, # elems = 6329040981662418225476773159719596
Step 1219 time = 0.212793, # ZDD nodes = 208798, # elems = 7340370670792471125028584531788050
Step 1220 time = 0.207516, # ZDD nodes = 207094, # elems = 8398250579665611197610179053865916
Step 1221 time = 0.200981, # ZDD nodes = 205381, # elems = 9479082521339106337202060077539838
Step 1222 time = 0.195508, # ZDD nodes = 203644, # elems = 10555164892146254794925172985923015
Step 1223 time = 0.190746, # ZDD nodes = 201946, # elems = 11595733403831258088107072866002098
Step 1224 time = 0.185938, # ZDD nodes = 200435, # elems = 12568334466648544146692835008155402
Step 1225 time = 0.179966, # ZDD nodes = 199073, # elems = 13440454195719493245794824244957577
Step 1226 time = 0.179088, # ZDD nodes = 197926, # elems = 14181294090224895861115281665748032
Step 1227 time = 0.184139, # ZDD nodes = 196756, # elems = 14763561277252196129908438753421001
Step 1228 time = 0.178200, # ZDD nodes = 195630, # elems = 15165130323360307717557221705591091
Step 1229 time = 0.177672, # ZDD nodes = 194558, # elems = 15370437154281921550630755777035331
Step 1230 time = 0.175300, # ZDD nodes = 193701, # elems = 15371483994477261321364695641101442
Step 1231 time = 0.178311, # ZDD nodes = 193081, # elems = 15168365946071860078298855570160206
Step 1232 time = 0.176046, # ZDD nodes = 192815, # elems = 14769271598399522952662531027008039
Step 1233 time = 0.223208, # ZDD nodes = 192535, # elems = 14189957253569609556658386719362786
Step 1234 time = 0.191472, # ZDD nodes = 192234, # elems = 13452741584575129193012048121865536
Step 1235 time = 0.181598, # ZDD nodes = 191957, # elems = 12585109424671777749506255139466401
Step 1236 time = 0.181816, # ZDD nodes = 191845, # elems = 11618045277502777839888441046770252
Step 1237 time = 0.185639, # ZDD nodes = 191867, # elems = 10584235759864332751322295912494896
Step 1238 time = 0.187791, # ZDD nodes = 192072, # elems = 9516284035902976240919721017798812
Step 1239 time = 0.189786, # ZDD nodes = 192188, # elems = 8445068762854220627421827925285091
Step 1240 time = 0.282653, # ZDD nodes = 192194, # elems = 7398357273786701794040324820735561
Step 1241 time = 0.190728, # ZDD nodes = 192377, # elems = 6399751139390683106807339383999078
Step 1242 time = 0.192403, # ZDD nodes = 192523, # elems = 5468006116005471455982763558539060
Step 1243 time = 0.192465, # ZDD nodes = 192863, # elems = 4616732177265545922556397414345715
Step 1244 time = 0.197222, # ZDD nodes = 193438, # elems = 3854446766675942567576739484862077
Step 1245 time = 0.246254, # ZDD nodes = 193964, # elems = 3184928608134413202219934233660677
Step 1246 time = 0.388856, # ZDD nodes = 194626, # elems = 2607802188398104025968887799404319
Step 1247 time = 0.209671, # ZDD nodes = 195258, # elems = 2119274931973176404026238458593694
Step 1248 time = 0.210271, # ZDD nodes = 195831, # elems = 1712949527878089589725480103833067
Step 1249 time = 0.229435, # ZDD nodes = 196470, # elems = 1380641352631034066115552863699617
Step 1250 time = 0.206430, # ZDD nodes = 197023, # elems = 1113143429884031560857833174769399
Step 1251 time = 0.204080, # ZDD nodes = 197478, # elems = 900896649043880471816676465754666
Step 1252 time = 0.201762, # ZDD nodes = 197844, # elems = 734538934046092966515359862238307
Step 1253 time = 0.200243, # ZDD nodes = 198342, # elems = 605321972985912689747718225669628
Step 1254 time = 0.201557, # ZDD nodes = 198849, # elems = 505396752709704144008068740793658
Step 1255 time = 0.203511, # ZDD nodes = 199504, # elems = 427978790049198574529223441202955
Step 1256 time = 0.205653, # ZDD nodes = 200117, # elems = 367410406453274495371095476861494
Step 1257 time = 0.207682, # ZDD nodes = 200680, # elems = 319140841726619586232187267766537
Step 1258 time = 0.207278, # ZDD nodes = 201327, # elems = 279645898221416249539009429538162
Step 1259 time = 0.209264, # ZDD nodes = 202056, # elems = 246307740945034506589608194804177
Step 1260 time = 0.211272, # ZDD nodes = 202958, # elems = 217273073473976813916394447690093
Step 1261 time = 0.214513, # ZDD nodes = 203805, # elems = 191304736425697226926710109004270
Step 1262 time = 0.220073, # ZDD nodes = 204636, # elems = 167638309210487954084877138437585
Step 1263 time = 0.268221, # ZDD nodes = 205484, # elems = 145851894927019713104043248711210
Step 1264 time = 0.601821, # ZDD nodes = 206456, # elems = 125754176329081581589498047413980
Step 1265 time = 0.226905, # ZDD nodes = 207565, # elems = 107293192685080835450957445774697
Step 1266 time = 0.228791, # ZDD nodes = 208778, # elems = 90486170233641294915556466598624
Step 1267 time = 0.230669, # ZDD nodes = 209898, # elems = 75369153368654249169658669717677
Step 1268 time = 0.416915, # ZDD nodes = 210911, # elems = 61964101620131467997110196717225
Step 1269 time = 0.230247, # ZDD nodes = 212019, # elems = 50260485996605699774073989218397
Step 1270 time = 0.245002, # ZDD nodes = 213045, # elems = 40208169288576311490443888887359
Step 1271 time = 0.235080, # ZDD nodes = 214196, # elems = 31718412342659823157110569191337
Step 1272 time = 0.239626, # ZDD nodes = 215354, # elems = 24670133147405689523218165579725
Step 1273 time = 0.244630, # ZDD nodes = 216456, # elems = 18918980620425443916468772861883
Step 1274 time = 0.254046, # ZDD nodes = 217541, # elems = 14307298943709273141272510743056
Step 1275 time = 0.249234, # ZDD nodes = 218645, # elems = 10673589419952949647587585154238
Step 1276 time = 0.617821, # ZDD nodes = 219625, # elems = 7860575827036609805167852271322
Step 1277 time = 0.294086, # ZDD nodes = 220509, # elems = 5721411005665618858461455110682
Step 1278 time = 0.242103, # ZDD nodes = 221241, # elems = 4123906279870854778229828379539
Step 1279 time = 0.239095, # ZDD nodes = 221865, # elems = 2952914012877972484927175867073
Step 1280 time = 0.237134, # ZDD nodes = 222385, # elems = 2111150970047494854927194006741
Step 1281 time = 0.234442, # ZDD nodes = 222745, # elems = 1518828071407354500962223401872
Step 1282 time = 0.231355, # ZDD nodes = 222984, # elems = 1112467166138340511992434539864
Step 1283 time = 0.228208, # ZDD nodes = 223105, # elems = 843255842132372334483906267622
Step 1284 time = 0.270938, # ZDD nodes = 223083, # elems = 675234219821782586974323313817
Step 1285 time = 0.222612, # ZDD nodes = 222968, # elems = 583537650547638078447833471004
Step 1286 time = 0.593407, # ZDD nodes = 222733, # elems = 552847050891390882978014760671
Step 1287 time = 0.588762, # ZDD nodes = 222389, # elems = 576131232703939906536343716802
Step 1288 time = 0.214467, # ZDD nodes = 221961, # elems = 653706642170544749377225990775
Step 1289 time = 0.210913, # ZDD nodes = 221446, # elems = 792590499368570403121113486264
Step 1290 time = 0.207790, # ZDD nodes = 220838, # elems = 1006083063576931322182585615338
Step 1291 time = 0.204599, # ZDD nodes = 220228, # elems = 1313482823908683331389137631090
Step 1292 time = 0.201921, # ZDD nodes = 219508, # elems = 1739814407453652419784402701927
Step 1293 time = 0.198849, # ZDD nodes = 218672, # elems = 2315433417202881454316823932485
Step 1294 time = 0.196104, # ZDD nodes = 217757, # elems = 3075366867193072622249226032489
Step 1295 time = 0.193082, # ZDD nodes = 216748, # elems = 4058254854214787602560876889054
Step 1296 time = 0.189659, # ZDD nodes = 215621, # elems = 5304781366848755575286029023319
Step 1297 time = 0.185987, # ZDD nodes = 214556, # elems = 6855521894243073884640849490652
Step 1298 time = 0.183585, # ZDD nodes = 213376, # elems = 8748193426284310645535949665535
Step 1299 time = 0.180247, # ZDD nodes = 212254, # elems = 11014366734993898898160007976586
Step 1300 time = 0.179858, # ZDD nodes = 211040, # elems = 13675786576200842912940644713551
Step 1301 time = 0.178526, # ZDD nodes = 209718, # elems = 16740534432427049465180009599334
Step 1302 time = 0.176436, # ZDD nodes = 208284, # elems = 20199349557434523758758729211897
Step 1303 time = 0.174120, # ZDD nodes = 206704, # elems = 24022484577916940085112371314796
Step 1304 time = 0.171419, # ZDD nodes = 205120, # elems = 28157498978735643910513961775987
Step 1305 time = 0.168192, # ZDD nodes = 203468, # elems = 32528376850383050994547946270308
Step 1306 time = 0.168505, # ZDD nodes = 201904, # elems = 37036288143733339229155718117788
Step 1307 time = 0.167559, # ZDD nodes = 200395, # elems = 41562195525322175139235654999211
Step 1308 time = 0.168997, # ZDD nodes = 198989, # elems = 45971349413060212916612138171162
Step 1309 time = 0.182486, # ZDD nodes = 197817, # elems = 50119527109290280179664308729582
Step 1310 time = 0.178075, # ZDD nodes = 197068, # elems = 53860679720310068547524200474826
Step 1311 time = 0.187984, # ZDD nodes = 196670, # elems = 57055478362482210802959493704314
Step 1312 time = 0.198065, # ZDD nodes = 196489, # elems = 59580125433641266781368305356238
Step 1313 time = 0.207586, # ZDD nodes = 196315, # elems = 61334741249374866215809134526536
Step 1314 time = 0.216539, # ZDD nodes = 196157, # elems = 62250669143965819591390050987930
Step 1315 time = 0.223352, # ZDD nodes = 196118, # elems = 62296173501037408370539044956112
Step 1316 time = 0.242421, # ZDD nodes = 196105, # elems = 61480237210234552283308036426575
Step 1317 time = 0.236623, # ZDD nodes = 196326, # elems = 59854493008626222182321051267700
Step 1318 time = 0.243870, # ZDD nodes = 196679, # elems = 57513738407407065294729989608931
Step 1319 time = 0.252027, # ZDD nodes = 197497, # elems = 54595977684873722933924094459128
Step 1320 time = 0.256813, # ZDD nodes = 198512, # elems = 51283501577385076934390961981635
Step 1321 time = 0.261745, # ZDD nodes = 199514, # elems = 47807156368259871125973542777065
Step 1322 time = 0.275581, # ZDD nodes = 200490, # elems = 44456674510432354054983258271032
Step 1323 time = 0.263080, # ZDD nodes = 201572, # elems = 41600744059229805139922165399588
Step 1324 time = 0.259551, # ZDD nodes = 202586, # elems = 39721379288695893693501486709968
Step 1325 time = 0.265844, # ZDD nodes = 203509, # elems = 39468090230326788126563896427727
Step 1326 time = 0.259831, # ZDD nodes = 204312, # elems = 41738261358241261090556565081438
Step 1327 time = 0.242664, # ZDD nodes = 205119, # elems = 47790903069351080126708043738669
Step 1328 time = 0.238423, # ZDD nodes = 205862, # elems = 59401318271640364131002705143039
Step 1329 time = 0.234512, # ZDD nodes = 206527, # elems = 79063927217406888177195105478215
Step 1330 time = 0.230052, # ZDD nodes = 207124, # elems = 110249133493531436129432065077914
Step 1331 time = 0.226165, # ZDD nodes = 207648, # elems = 157717258383059480014987079980744
Step 1332 time = 0.227831, # ZDD nodes = 208310, # elems = 227887789757267547144437055951443
Step 1333 time = 0.220357, # ZDD nodes = 209114, # elems = 329255144522572799488102739365574
Step 1334 time = 0.216975, # ZDD nodes = 210017, # elems = 472832689173042005994177711097514
Step 1335 time = 0.216025, # ZDD nodes = 211077, # elems = 672595085153312906826657957430129
Step 1336 time = 0.217975, # ZDD nodes = 212031, # elems = 945875756629106778061665781845018
Step 1337 time = 0.220193, # ZDD nodes = 212914, # elems = 1313662592211650385404290775088445
Step 1338 time = 0.222495, # ZDD nodes = 213968, # elems = 1800722639598835973942840056091761
Step 1339 time = 0.224834, # ZDD nodes = 215012, # elems = 2435477801266895631112774611600177
Step 1340 time = 0.226768, # ZDD nodes = 216189, # elems = 3249551000457934685130960206289757
Step 1341 time = 0.226254, # ZDD nodes = 217496, # elems = 4276908606866787546520980293224318
Step 1342 time = 0.225253, # ZDD nodes = 218677, # elems = 5552542351815511953859833837978330
Step 1343 time = 0.223312, # ZDD nodes = 219929, # elems = 7110663897074038188921133491804998
Step 1344 time = 0.223929, # ZDD nodes = 221132, # elems = 8982427624570997368861075434105096
Step 1345 time = 0.226817, # ZDD nodes = 222441, # elems = 11193250232835040501632456924375507
Step 1346 time = 0.232667, # ZDD nodes = 223716, # elems = 13759855437676911071112709395497637
Step 1347 time = 0.615655, # ZDD nodes = 224924, # elems = 16687232532399912455853509233081531
Step 1348 time = 0.251379, # ZDD nodes = 226048, # elems = 19965751195292966533910127055546117
Step 1349 time = 0.260970, # ZDD nodes = 227060, # elems = 23568713317045617288533682253650632
Step 1350 time = 0.267815, # ZDD nodes = 227935, # elems = 27450637582322227538475735589980973
Step 1351 time = 0.271862, # ZDD nodes = 228723, # elems = 31546557446745144890071961485128582
Step 1352 time = 0.654073, # ZDD nodes = 229433, # elems = 35772564226082720194570446468953030
Step 1353 time = 0.274406, # ZDD nodes = 230044, # elems = 40027744429747854507469406315851955
Step 1354 time = 0.272178, # ZDD nodes = 230760, # elems = 44197548991920560041575807961819595
Step 1355 time = 0.270499, # ZDD nodes = 231384, # elems = 48158501054526498367628478316297671
Step 1356 time = 0.266951, # ZDD nodes = 231913, # elems = 51784011697698179761110140630577598
Step 1357 time = 0.263301, # ZDD nodes = 232348, # elems = 54950945209624420380622460861792337
Step 1358 time = 0.260313, # ZDD nodes = 232680, # elems = 57546473314771737735631531932279493
Step 1359 time = 0.256922, # ZDD nodes = 232907, # elems = 59474695597094461930978588425752987
Step 1360 time = 0.435491, # ZDD nodes = 233037, # elems = 60662491496941104911996555599580122
Step 1361 time = 0.249995, # ZDD nodes = 233291, # elems = 61064112267257052961278192946595884
Step 1362 time = 0.250416, # ZDD nodes = 233501, # elems = 60664116892728727124375688167084053
Step 1363 time = 0.250767, # ZDD nodes = 233704, # elems = 59478395135575141056947057300706225
Step 1364 time = 0.252629, # ZDD nodes = 234072, # elems = 57553188698152957112168203034375742
Step 1365 time = 0.447208, # ZDD nodes = 234336, # elems = 54962199216992588906729275942509488
Step 1366 time = 0.253445, # ZDD nodes = 234699, # elems = 51802039296187716996633733486058875
Step 1367 time = 0.255142, # ZDD nodes = 235072, # elems = 48186421312764225757877647753903755
Step 1368 time = 0.256951, # ZDD nodes = 235638, # elems = 44239573471319666044840846779719183
Step 1369 time = 0.259756, # ZDD nodes = 236243, # elems = 40089414581364969327830019790895926
Step 1370 time = 0.265664, # ZDD nodes = 237198, # elems = 35861006163762380810331600452999552
Step 1371 time = 0.272261, # ZDD nodes = 238097, # elems = 31670737477692983813433912839820723
Step 1372 time = 0.278911, # ZDD nodes = 239102, # elems = 27621596431864649277402364570265111
Step 1373 time = 0.296320, # ZDD nodes = 240041, # elems = 23799751671859879001333280856653517
Step 1374 time = 0.290846, # ZDD nodes = 240898, # elems = 20272534783966685344882176461929232
Step 1375 time = 0.293075, # ZDD nodes = 241678, # elems = 17087782371180140928506950886445839
Step 1376 time = 0.688517, # ZDD nodes = 242379, # elems = 14274389037280779677530938278064714
Step 1377 time = 0.292439, # ZDD nodes = 243213, # elems = 11843843340703766905507173357288556
Step 1378 time = 0.380688, # ZDD nodes = 243974, # elems = 9792474070484905349462626911543397
Step 1379 time = 0.288553, # ZDD nodes = 245068, # elems = 8104123518685768633396780686745665
Step 1380 time = 0.288722, # ZDD nodes = 246168, # elems = 6752983461292921717502386433831816
Step 1381 time = 0.289939, # ZDD nodes = 247217, # elems = 5706371059396306751602960955312796
Step 1382 time = 0.289731, # ZDD nodes = 248368, # elems = 4927277052847607259330769459254056
Step 1383 time = 0.287575, # ZDD nodes = 249392, # elems = 4376578484784691735097564704294261
Step 1384 time = 0.657973, # ZDD nodes = 250288, # elems = 4014864858943913630787191291246017
Step 1385 time = 0.279974, # ZDD nodes = 251052, # elems = 3803874093305048095920698350106589
Step 1386 time = 0.273394, # ZDD nodes = 251684, # elems = 3707569261129364101360118980588236
Step 1387 time = 0.267823, # ZDD nodes = 252198, # elems = 3692907694083216622911491650370340
Step 1388 time = 0.303679, # ZDD nodes = 252593, # elems = 3730361487385566231780457456639786
Step 1389 time = 0.257548, # ZDD nodes = 253104, # elems = 3794245323314251336718811910133412
Step 1390 time = 0.255034, # ZDD nodes = 253557, # elems = 3862897290750492532593885882935085
Step 1391 time = 0.252730, # ZDD nodes = 253912, # elems = 3918744767793816847806345900563330
Step 1392 time = 0.250823, # ZDD nodes = 254323, # elems = 3948273869888006635261252053018351
Step 1393 time = 0.340143, # ZDD nodes = 254628, # elems = 3941910095663580639091218520318982
Step 1394 time = 0.244203, # ZDD nodes = 254954, # elems = 3893811247498573203131448104269677
Step 1395 time = 0.243785, # ZDD nodes = 255232, # elems = 3801571991831497597550367879596163
Step 1396 time = 0.243251, # ZDD nodes = 255678, # elems = 3665842098553347492578273433307522
Step 1397 time = 0.246284, # ZDD nodes = 256125, # elems = 3489866255298459741183606232581885
Step 1398 time = 0.249247, # ZDD nodes = 256607, # elems = 3278960755286279488786024307614060
Step 1399 time = 0.251619, # ZDD nodes = 257137, # elems = 3039949574118730982706491483126110
Step 1400 time = 0.251750, # ZDD nodes = 257706, # elems = 2780587855158165962184036275438295
Step 1401 time = 0.254293, # ZDD nodes = 258134, # elems = 2509003522831165617368170390029331
Step 1402 time = 0.300455, # ZDD nodes = 258447, # elems = 2233187110242980451404318694934021
Step 1403 time = 0.255071, # ZDD nodes = 258656, # elems = 1960555980410334394613143976353916
Step 1404 time = 0.251614, # ZDD nodes = 258737, # elems = 1697612511277985483695115025960616
Step 1405 time = 0.251227, # ZDD nodes = 258933, # elems = 1449707443493888142256894655955631
Step 1406 time = 0.247633, # ZDD nodes = 259069, # elems = 1220910579328226745041319084209289
Step 1407 time = 0.248502, # ZDD nodes = 259328, # elems = 1013982485994253175268190142713831
Step 1408 time = 0.252125, # ZDD nodes = 259671, # elems = 830433739550211364633614249657690
Step 1409 time = 0.253957, # ZDD nodes = 259881, # elems = 670653200897215190311226191521930
Step 1410 time = 0.255441, # ZDD nodes = 259976, # elems = 534084153369085685328554263061609
Step 1411 time = 0.256528, # ZDD nodes = 259905, # elems = 419426822210121689506888306149300
Step 1412 time = 0.254451, # ZDD nodes = 259670, # elems = 324847524135295071381106650590655
Step 1413 time = 0.261024, # ZDD nodes = 259278, # elems = 248177946240826716177455056476567
Step 1414 time = 0.246733, # ZDD nodes = 258734, # elems = 187092217555089137810674862750074
Step 1415 time = 0.242608, # ZDD nodes = 258054, # elems = 139253904783730383303957218302082
Step 1416 time = 0.417790, # ZDD nodes = 257252, # elems = 102429308565089776794216736308681
Step 1417 time = 0.234949, # ZDD nodes = 256306, # elems = 74567063494902143310518757043172
Step 1418 time = 0.231294, # ZDD nodes = 255265, # elems = 53846816366915362195990295986092
Step 1419 time = 0.227563, # ZDD nodes = 254133, # elems = 38701587148183823308159499277798
Step 1420 time = 0.234571, # ZDD nodes = 252900, # elems = 27819349258195401679725308120336
Step 1421 time = 0.219747, # ZDD nodes = 251600, # elems = 20129535096881443465234857960102
Step 1422 time = 0.216219, # ZDD nodes = 250259, # elems = 14779767021652014518340028909372
Step 1423 time = 0.399072, # ZDD nodes = 248846, # elems = 11107335819790562208147260650332
Step 1424 time = 0.209190, # ZDD nodes = 247441, # elems = 8608986636828087385898756731519
Step 1425 time = 0.205215, # ZDD nodes = 245953, # elems = 6911581059892666970464567500478
Step 1426 time = 0.201337, # ZDD nodes = 244410, # elems = 5745295182802355471336701433781
Step 1427 time = 0.199292, # ZDD nodes = 242822, # elems = 4920254451058061653419323655497
Step 1428 time = 0.195110, # ZDD nodes = 241210, # elems = 4306925511259828257889409207304
Step 1429 time = 0.191232, # ZDD nodes = 239715, # elems = 3820181784200680681471274192306
Step 1430 time = 0.189541, # ZDD nodes = 238324, # elems = 3406711714279574731411141302497
Step 1431 time = 0.188093, # ZDD nodes = 236848, # elems = 3035314795557172791540059923704
Step 1432 time = 0.185915, # ZDD nodes = 235271, # elems = 2689595910944262438107523168450
Step 1433 time = 0.182997, # ZDD nodes = 233551, # elems = 2362591243556979571438971711181
Step 1434 time = 0.180137, # ZDD nodes = 231836, # elems = 2052912803046818677553595383360
Step 1435 time = 0.178678, # ZDD nodes = 230030, # elems = 1762064224321045043472645101014
Step 1436 time = 0.364055, # ZDD nodes = 228263, # elems = 1492645497713860953228197258892
Step 1437 time = 0.177299, # ZDD nodes = 226408, # elems = 1247221931677790353882032211675
Step 1438 time = 0.176083, # ZDD nodes = 224441, # elems = 1027680395046214948393637699522
Step 1439 time = 0.175242, # ZDD nodes = 222413, # elems = 834933896019587147470271092734
Step 1440 time = 0.174834, # ZDD nodes = 220409, # elems = 668865385704262815180554231274
Step 1441 time = 0.357448, # ZDD nodes = 218326, # elems = 528425310998399270850157424847
Step 1442 time = 0.179578, # ZDD nodes = 216165, # elems = 411816689502199737580522230671
Step 1443 time = 0.179589, # ZDD nodes = 213904, # elems = 316717665832705977859233698651
Step 1444 time = 0.179179, # ZDD nodes = 211531, # elems = 240505426961471647570261195449
Step 1445 time = 0.179557, # ZDD nodes = 209254, # elems = 180457352205250112404235252621
Step 1446 time = 0.180252, # ZDD nodes = 206951, # elems = 133915414515714178481054870698
Step 1447 time = 0.226411, # ZDD nodes = 204805, # elems = 98408078043425038027266607521
Step 1448 time = 0.181631, # ZDD nodes = 202969, # elems = 71730210922386775888995263397
Step 1449 time = 0.190209, # ZDD nodes = 201132, # elems = 51985905589829592221750344545
Step 1450 time = 0.185574, # ZDD nodes = 199416, # elems = 37601749469255949539431641044
Step 1451 time = 0.192766, # ZDD nodes = 197791, # elems = 27319303907422518734547356809
Step 1452 time = 0.186788, # ZDD nodes = 196412, # elems = 20175684007364921718632080886
Step 1453 time = 0.184923, # ZDD nodes = 195306, # elems = 15480555668926821869178759306
Step 1454 time = 0.180860, # ZDD nodes = 194081, # elems = 12796909856924711447985591000
Step 1455 time = 0.177235, # ZDD nodes = 192736, # elems = 11931889112525862954873429034
Step 1456 time = 0.358541, # ZDD nodes = 191259, # elems = 12942872400662157239735982104
Step 1457 time = 0.541116, # ZDD nodes = 189823, # elems = 16162999975098775314041958491
Step 1458 time = 0.166932, # ZDD nodes = 188370, # elems = 22249258414106648915038773094
Step 1459 time = 0.165217, # ZDD nodes = 186905, # elems = 32254977026282288528157569101
Step 1460 time = 0.163668, # ZDD nodes = 185444, # elems = 47726886770552747195487144553
Step 1461 time = 0.162005, # ZDD nodes = 184297, # elems = 70824532689155368188615980147
Step 1462 time = 0.159342, # ZDD nodes = 183238, # elems = 104456635197904917762154027206
Step 1463 time = 0.159228, # ZDD nodes = 182124, # elems = 152424908391952541877179783934
Step 1464 time = 0.157524, # ZDD nodes = 181091, # elems = 219560993960713022066066435176
Step 1465 time = 0.158433, # ZDD nodes = 180213, # elems = 311836926606414541064109685235
Step 1466 time = 0.542540, # ZDD nodes = 179291, # elems = 436424550157500216262055085582
Step 1467 time = 0.163551, # ZDD nodes = 178294, # elems = 601675450662848414084856027498
Step 1468 time = 0.165809, # ZDD nodes = 177405, # elems = 816991353669310483553295123808
Step 1469 time = 0.169391, # ZDD nodes = 176423, # elems = 1092556700098883846238479234258
Step 1470 time = 0.169920, # ZDD nodes = 175361, # elems = 1438911293308667719687822023285
Step 1471 time = 0.168872, # ZDD nodes = 174258, # elems = 1866352162653968979964213243682
Step 1472 time = 0.167243, # ZDD nodes = 173100, # elems = 2384170176323929459329397124646
Step 1473 time = 0.164187, # ZDD nodes = 172055, # elems = 2999747711066105750338834634129
Step 1474 time = 0.250285, # ZDD nodes = 171014, # elems = 3717567183435043132919077450947
Step 1475 time = 0.166756, # ZDD nodes = 170368, # elems = 4538203918173328907419041519609
Step 1476 time = 0.170882, # ZDD nodes = 169737, # elems = 5457397458916023931726533153559
Step 1477 time = 0.178581, # ZDD nodes = 169272, # elems = 6465309535220501128955425923595
Step 1478 time = 0.184977, # ZDD nodes = 168754, # elems = 7546081302403666842961066438542
Step 1479 time = 0.200270, # ZDD nodes = 168186, # elems = 8677794913653951431297586474266
Step 1480 time = 0.192887, # ZDD nodes = 167609, # elems = 9832924256487512888951208594134
Step 1481 time = 0.202943, # ZDD nodes = 167022, # elems = 10979328071222377323149734680325
Step 1482 time = 0.191529, # ZDD nodes = 166550, # elems = 12081799113820655179991829435251
Step 1483 time = 0.188835, # ZDD nodes = 166196, # elems = 13104140927341600513004683570105
Step 1484 time = 0.557873, # ZDD nodes = 165773, # elems = 14011705865710828031841381830261
Step 1485 time = 0.371534, # ZDD nodes = 165303, # elems = 14774301296265768694010830397257
Step 1486 time = 0.177208, # ZDD nodes = 164821, # elems = 15369361430899345479806922555608
Step 1487 time = 0.591524, # ZDD nodes = 164340, # elems = 15785293656772686938298253550165
Step 1488 time = 0.169914, # ZDD nodes = 163977, # elems = 16024940569938764931935079184561
Step 1489 time = 0.166238, # ZDD nodes = 163734, # elems = 16109147635087765007856567710450
Step 1490 time = 0.162059, # ZDD nodes = 163392, # elems = 16080482141103695090496276252830
Step 1491 time = 0.536339, # ZDD nodes = 163131, # elems = 16007198161725189666912575449605
Step 1492 time = 0.158056, # ZDD nodes = 162874, # elems = 15987567777858204861365207365199
Step 1493 time = 0.157734, # ZDD nodes = 162595, # elems = 16154683203396110270096589345251
Step 1494 time = 0.158196, # ZDD nodes = 162344, # elems = 16681762017982295351772733845400
Step 1495 time = 0.158107, # ZDD nodes = 162268, # elems = 17787848163504422342435863692820
Step 1496 time = 0.160004, # ZDD nodes = 162360, # elems = 19743593272474765395053891928563
Step 1497 time = 0.158538, # ZDD nodes = 162612, # elems = 22876536765163755542188666251114
Step 1498 time = 0.158811, # ZDD nodes = 163051, # elems = 27575003507927187813365069504985
Step 1499 time = 0.160312, # ZDD nodes = 163528, # elems = 34289443695583730859055107552047
Step 1500 time = 0.163535, # ZDD nodes = 164175, # elems = 43529802765612985384680056530098
Step 1501 time = 0.165131, # ZDD nodes = 164801, # elems = 55857389617122214688067891115639
Step 1502 time = 0.165619, # ZDD nodes = 165554, # elems = 71869770273426513148127196243112
Step 1503 time = 0.169074, # ZDD nodes = 166305, # elems = 92177503796898296964268342801799
Step 1504 time = 0.172545, # ZDD nodes = 167074, # elems = 117372090225771478872567382991857
Step 1505 time = 0.173434, # ZDD nodes = 167861, # elems = 147985317909596832770851088845066
Step 1506 time = 0.175049, # ZDD nodes = 168758, # elems = 184441240955434456347859344795661
Step 1507 time = 0.174827, # ZDD nodes = 169837, # elems = 227003202600366111638754060448053
Step 1508 time = 0.176986, # ZDD nodes = 170873, # elems = 275719519907715274715697769856789
Step 1509 time = 0.178233, # ZDD nodes = 172061, # elems = 330372498248102625620663227313939
Step 1510 time = 0.183901, # ZDD nodes = 173415, # elems = 390436173639286343570278212901396
Step 1511 time = 0.200781, # ZDD nodes = 174718, # elems = 455048418909512005665836038252494
Step 1512 time = 0.195730, # ZDD nodes = 175979, # elems = 523002664652994915973556094397968
Step 1513 time = 0.199581, # ZDD nodes = 177194, # elems = 592763411897104468060745718555719
Step 1514 time = 0.201111, # ZDD nodes = 178402, # elems = 662507971277584134473978230730975
Step 1515 time = 0.247026, # ZDD nodes = 179580, # elems = 730194572782181875373241718137401
Step 1516 time = 0.384210, # ZDD nodes = 180861, # elems = 793654365395257667041403493546983
Step 1517 time = 0.197805, # ZDD nodes = 182228, # elems = 850702157407409230783477999156667
Step 1518 time = 0.288119, # ZDD nodes = 183471, # elems = 899258366730780347122721217072697
Step 1519 time = 0.194577, # ZDD nodes = 184850, # elems = 937472882612673175224723386536480
Step 1520 time = 0.196947, # ZDD nodes = 186190, # elems = 963840657872806388880437994545584
Step 1521 time = 0.199045, # ZDD nodes = 187484, # elems = 977299027107488361524878121459627
Step 1522 time = 0.201696, # ZDD nodes = 188732, # elems = 977298022142418923687592842925015
Step 1523 time = 0.203590, # ZDD nodes = 189903, # elems = 963837226704930456487164770966956
Step 1524 time = 0.203687, # ZDD nodes = 191216, # elems = 937465736375606261271109767382937
Step 1525 time = 0.205447, # ZDD nodes = 192495, # elems = 899245219907091912252750331550395
Step 1526 time = 0.220207, # ZDD nodes = 194083, # elems = 850679508677559850604574457736495
Step 1527 time = 0.212346, # ZDD nodes = 195609, # elems = 793617167068966216810312929680944
Step 1528 time = 0.216854, # ZDD nodes = 197078, # elems = 730135770395237792328225740958775
Step 1529 time = 0.220146, # ZDD nodes = 198473, # elems = 662417897072333853666089186610923
Step 1530 time = 0.221391, # ZDD nodes = 199974, # elems = 592629023139172117320919674115831
Step 1531 time = 0.224842, # ZDD nodes = 201411, # elems = 522806630619223766145791335022425
Step 1532 time = 0.595841, # ZDD nodes = 202788, # elems = 454768078999836551810186319989172
Step 1533 time = 0.239606, # ZDD nodes = 204091, # elems = 390042412881895784283119401381821
Step 1534 time = 0.230225, # ZDD nodes = 205280, # elems = 329828614161461129597872991842938
Step 1535 time = 0.230546, # ZDD nodes = 206576, # elems = 274980184025240999902694617316434
Step 1536 time = 0.232755, # ZDD nodes = 207793, # elems = 226013647782427594001281121297707
Step 1537 time = 0.236036, # ZDD nodes = 209137, # elems = 183136827907384037623166357023132
Step 1538 time = 0.241004, # ZDD nodes = 210407, # elems = 146291646567988045444026603638622
Step 1539 time = 0.244801, # ZDD nodes = 211625, # elems = 115205819340118564718222099462551
Step 1540 time = 0.268243, # ZDD nodes = 212818, # elems = 89448021314358931927430075955416
Step 1541 time = 0.249523, # ZDD nodes = 213909, # elems = 68481815794786155963322916406558
Step 1542 time = 0.248719, # ZDD nodes = 215059, # elems = 51714668432996760915116512978180
Step 1543 time = 0.245901, # ZDD nodes = 216105, # elems = 38539552132268632406557676677859
Step 1544 time = 0.243883, # ZDD nodes = 217024, # elems = 28367822886415812235209938578307
Step 1545 time = 0.251998, # ZDD nodes = 217865, # elems = 20653089920259296160277750475125
Step 1546 time = 0.238012, # ZDD nodes = 218633, # elems = 14906633647765202820989407975352
Step 1547 time = 0.235629, # ZDD nodes = 219288, # elems = 10705504236064346604880654181505
Step 1548 time = 0.232837, # ZDD nodes = 219986, # elems = 7694762413355542395171290960963
Step 1549 time = 0.230853, # ZDD nodes = 220583, # elems = 5585431845352435753758812208004
Step 1550 time = 0.228618, # ZDD nodes = 221073, # elems = 4149665766818829365206574072397
Step 1551 time = 0.226155, # ZDD nodes = 221463, # elems = 3214443151226862644923107160434
Step 1552 time = 0.224354, # ZDD nodes = 221727, # elems = 2654852877862728686565304418803
Step 1553 time = 0.221655, # ZDD nodes = 221891, # elems = 2387741106178780042221226562749
Step 1554 time = 0.218144, # ZDD nodes = 221961, # elems = 2366218923680202890709192804492
Step 1555 time = 0.215102, # ZDD nodes = 221901, # elems = 2575273986139682676808728715615
Step 1556 time = 0.212140, # ZDD nodes = 221760, # elems = 3028510884989400496942651048229
Step 1557 time = 0.210106, # ZDD nodes = 221491, # elems = 3765862822071424648746098635814
Step 1558 time = 0.231003, # ZDD nodes = 221096, # elems = 4851970718878038282589437595982
Step 1559 time = 0.203613, # ZDD nodes = 220592, # elems = 6374813685398597784130047228241
Step 1560 time = 0.201292, # ZDD nodes = 219956, # elems = 8444097506543501873695523402072
Step 1561 time = 0.380601, # ZDD nodes = 219224, # elems = 11188869542981970724432998781446
Step 1562 time = 0.565483, # ZDD nodes = 218410, # elems = 14753836504459607252406598547649
Step 1563 time = 0.191583, # ZDD nodes = 217512, # elems = 19293924982185541468253579169039
Step 1564 time = 0.188658, # ZDD nodes = 216642, # elems = 24966751541495459127536420069415
Step 1565 time = 0.185740, # ZDD nodes = 215655, # elems = 31922863422342017203275065271972
Step 1566 time = 0.276434, # ZDD nodes = 214560, # elems = 40293868631714195029558005232132
Step 1567 time = 0.180335, # ZDD nodes = 213354, # elems = 50178881169903940997638107858814
Step 1568 time = 0.176317, # ZDD nodes = 212070, # elems = 61630037301055749409327664990991
Step 1569 time = 0.174365, # ZDD nodes = 210689, # elems = 74638155143979214294120845667176
Step 1570 time = 0.182310, # ZDD nodes = 209215, # elems = 89119867546514123163293974282338
Step 1571 time = 0.167885, # ZDD nodes = 207981, # elems = 104907709964470150955523551829656
Step 1572 time = 0.166620, # ZDD nodes = 206635, # elems = 121744648550768972523772737435266
Step 1573 time = 0.165567, # ZDD nodes = 205220, # elems = 139284359498174208923975406145221
Step 1574 time = 0.162601, # ZDD nodes = 203763, # elems = 157098209932498778211575198477373
Step 1575 time = 0.160498, # ZDD nodes = 202229, # elems = 174689360191406007452183724025074
Step 1576 time = 0.157614, # ZDD nodes = 200623, # elems = 191513751767982736780528194374328
Step 1577 time = 0.154166, # ZDD nodes = 199166, # elems = 207007034605142772444444218591105
Step 1578 time = 0.335880, # ZDD nodes = 197867, # elems = 220615810625723826302086520206423
Step 1579 time = 0.153746, # ZDD nodes = 196906, # elems = 231831024765808412305906728073862
Step 1580 time = 0.154572, # ZDD nodes = 196301, # elems = 240221014189464163216132258218229
Step 1581 time = 0.157727, # ZDD nodes = 195832, # elems = 245461709328019360260692314762227
Step 1582 time = 0.164663, # ZDD nodes = 195705, # elems = 247361821104612643816008220878961
Step 1583 time = 0.175750, # ZDD nodes = 195893, # elems = 245881572863863992871272123631941
Step 1584 time = 0.186883, # ZDD nodes = 196391, # elems = 241144642127305215105332660805382
Step 1585 time = 0.202651, # ZDD nodes = 197207, # elems = 233444446311141453259817434505502
Step 1586 time = 0.219270, # ZDD nodes = 198315, # elems = 223247710678291738900754611461246
Step 1587 time = 0.235486, # ZDD nodes = 199942, # elems = 211200374037924668134708521792721
Step 1588 time = 0.255832, # ZDD nodes = 202354, # elems = 198143310140947866942771785939942
Step 1589 time = 0.274909, # ZDD nodes = 205304, # elems = 185148076515298086876779254473188
Step 1590 time = 0.297630, # ZDD nodes = 208748, # elems = 173585954226592995625295058122157
Step 1591 time = 0.320246, # ZDD nodes = 212594, # elems = 165246888088618088530164924623445
Step 1592 time = 0.339724, # ZDD nodes = 217012, # elems = 162528474936320305557863222154369
Step 1593 time = 0.734813, # ZDD nodes = 221665, # elems = 168718633946177136367892996463468
Step 1594 time = 1.134011, # ZDD nodes = 226486, # elems = 188398572928483781065708267232084
Step 1595 time = 0.778986, # ZDD nodes = 231301, # elems = 227994409914064507850159305977587
Step 1596 time = 0.775783, # ZDD nodes = 236025, # elems = 296505282045913585899401433187948
Step 1597 time = 0.408558, # ZDD nodes = 240623, # elems = 406431637351897278731578750945410
Step 1598 time = 0.411554, # ZDD nodes = 245025, # elems = 574918108820527112681611669126561
Step 1599 time = 0.411848, # ZDD nodes = 249453, # elems = 825109326088946148069092779608074
Step 1600 time = 0.414136, # ZDD nodes = 253748, # elems = 1187692881690197620198462993822644
Step 1601 time = 0.414641, # ZDD nodes = 257968, # elems = 1702570708295806664563908565125252
Step 1602 time = 0.412514, # ZDD nodes = 262225, # elems = 2420558674824470563693124482811444
Step 1603 time = 0.410742, # ZDD nodes = 266264, # elems = 3404966121802897299832016153271577
Step 1604 time = 0.407421, # ZDD nodes = 270472, # elems = 4732856070763048464981554255948476
Step 1605 time = 0.403609, # ZDD nodes = 274432, # elems = 6495738783860685625117277374080305
Step 1606 time = 0.398874, # ZDD nodes = 278344, # elems = 8799414021491231749757010326852231
Step 1607 time = 0.395886, # ZDD nodes = 282157, # elems = 11762660023423275850366066713523853
Step 1608 time = 0.395242, # ZDD nodes = 285863, # elems = 15514479709577213963151727272868309
Step 1609 time = 0.396378, # ZDD nodes = 289633, # elems = 20189665752188985142057698805029605
Step 1610 time = 0.399083, # ZDD nodes = 293610, # elems = 25922542268339415018847494104808352
Step 1611 time = 0.771343, # ZDD nodes = 297419, # elems = 32838883676911652233800757099689049
Step 1612 time = 0.403288, # ZDD nodes = 301034, # elems = 41046196329412722239149778975978987
Step 1613 time = 0.776323, # ZDD nodes = 304501, # elems = 50622764111285871192562822366329647
Step 1614 time = 0.402594, # ZDD nodes = 307790, # elems = 61606086024479305208406119043603807
Step 1615 time = 0.398760, # ZDD nodes = 311063, # elems = 73981545938937314145941678034529164
Step 1616 time = 0.399546, # ZDD nodes = 314213, # elems = 87672322122733158483838033899322529
Step 1617 time = 0.400189, # ZDD nodes = 317392, # elems = 102531636025992360518790467418230946
Step 1618 time = 0.407313, # ZDD nodes = 320503, # elems = 118338429096195580113962973056355171
Step 1619 time = 0.419107, # ZDD nodes = 323490, # elems = 134797424731286523076256432188187518
Step 1620 time = 1.190370, # ZDD nodes = 326389, # elems = 151544274368109844990415433252442592
Step 1621 time = 0.624892, # ZDD nodes = 329147, # elems = 168156112706550271259572895564474260
Step 1622 time = 0.648247, # ZDD nodes = 331753, # elems = 184167384785787377632636262077830482
Step 1623 time = 0.467784, # ZDD nodes = 334398, # elems = 199090300225452923446674798576858765
Step 1624 time = 0.658435, # ZDD nodes = 336859, # elems = 212438772031311676300287383808729934
Step 1625 time = 0.656353, # ZDD nodes = 339136, # elems = 223754268584548109832901828213674826
Step 1626 time = 0.845284, # ZDD nodes = 341215, # elems = 232631704560958708758549306323606079
Step 1627 time = 0.465301, # ZDD nodes = 343137, # elems = 238743365234167618990557861060028988
Step 1628 time = 0.460691, # ZDD nodes = 344854, # elems = 241858926226213293335366720464102215
Step 1629 time = 0.454785, # ZDD nodes = 346388, # elems = 241859901242023561925975549950034911
Step 1630 time = 0.448414, # ZDD nodes = 347789, # elems = 238747302457003805800174409338698279
Step 1631 time = 0.444309, # ZDD nodes = 349046, # elems = 232641887489818142387675892616685120
Step 1632 time = 0.438060, # ZDD nodes = 350165, # elems = 223777030765258582702261866787900723
Step 1633 time = 0.433549, # ZDD nodes = 351463, # elems = 212484923105090761714394338273921770
Step 1634 time = 0.432884, # ZDD nodes = 352587, # elems = 199177398737963082856382826674611781
Step 1635 time = 0.432681, # ZDD nodes = 353524, # elems = 184323149868712823431272121978621872
Step 1636 time = 0.433501, # ZDD nodes = 354381, # elems = 168423368858187431241233444835353936
Step 1637 time = 0.434756, # ZDD nodes = 355094, # elems = 151987932622762593589938834837325873
Step 1638 time = 0.433354, # ZDD nodes = 355871, # elems = 135514112856789734511431248742141689
Step 1639 time = 0.433667, # ZDD nodes = 356894, # elems = 119469481257727374186597432470661755
Step 1640 time = 0.812519, # ZDD nodes = 357916, # elems = 104280220863579807027038009180629291
Step 1641 time = 0.437930, # ZDD nodes = 358804, # elems = 90325503603546582998709499370961233
Step 1642 time = 0.444848, # ZDD nodes = 359549, # elems = 77938004530835870961398055735966346
Step 1643 time = 0.831704, # ZDD nodes = 360144, # elems = 67410046224373057289543257391876574
Step 1644 time = 0.848566, # ZDD nodes = 360736, # elems = 59004345850778419674600708856966674
Step 1645 time = 0.495586, # ZDD nodes = 361200, # elems = 52967905261518962625651894096923083
Step 1646 time = 0.499559, # ZDD nodes = 361550, # elems = 49547263657708599769596603582202147
Step 1647 time = 0.509255, # ZDD nodes = 361775, # elems = 49003136617063410602784212784594215
Step 1648 time = 0.515962, # ZDD nodes = 362040, # elems = 51622402923293608617438916490536370
Step 1649 time = 0.520456, # ZDD nodes = 362368, # elems = 57725477364847544782783939211709269
Step 1650 time = 0.522655, # ZDD nodes = 362575, # elems = 67667328421018103487912181869792651
Step 1651 time = 0.521091, # ZDD nodes = 363038, # elems = 81830768596709805561896186278908471
Step 1652 time = 0.525006, # ZDD nodes = 363393, # elems = 100611162902887187826668930857857241
Step 1653 time = 0.527128, # ZDD nodes = 363589, # elems = 124392360771819006770260146118653613
Step 1654 time = 0.994627, # ZDD nodes = 363599, # elems = 153514438628364677945277829638566852
Step 1655 time = 0.527065, # ZDD nodes = 363415, # elems = 188234706278049679097047545761495809
Step 1656 time = 0.897135, # ZDD nodes = 363050, # elems = 228684320660456720839726245571369830
Step 1657 time = 0.514388, # ZDD nodes = 362493, # elems = 274823684607286627362828617499241025
Step 1658 time = 0.506573, # ZDD nodes = 361759, # elems = 326400488871252724540285281220309082
Step 1659 time = 0.495993, # ZDD nodes = 360836, # elems = 382914678859849569600422638418573414
Step 1660 time = 0.486203, # ZDD nodes = 359731, # elems = 443594696148487796403135095232019370
Step 1661 time = 0.476546, # ZDD nodes = 358771, # elems = 507388985051894534105485707591936498
Step 1662 time = 0.849128, # ZDD nodes = 357654, # elems = 572975931740050926269227415806958952
Step 1663 time = 0.461799, # ZDD nodes = 356328, # elems = 638794135525003385060436653247277213
Step 1664 time = 0.454910, # ZDD nodes = 354881, # elems = 703093276588548203075953565936874437
Step 1665 time = 0.823923, # ZDD nodes = 353352, # elems = 764003977634110278789708724744801064
Step 1666 time = 0.816926, # ZDD nodes = 351888, # elems = 819623142734550755847669987391725047
Step 1667 time = 0.618187, # ZDD nodes = 350517, # elems = 868109507446140573003229465414364048
Step 1668 time = 0.432461, # ZDD nodes = 349378, # elems = 907782764602801806691296381155748887
Step 1669 time = 0.809342, # ZDD nodes = 348114, # elems = 937218827180745065211881959119576389
Step 1670 time = 0.438975, # ZDD nodes = 346732, # elems = 955333684640258024563186098682965293
Step 1671 time = 1.369299, # ZDD nodes = 345276, # elems = 961448955742383777427930268977501512
Step 1672 time = 0.827440, # ZDD nodes = 343949, # elems = 955333602530923028929642807115669483
Step 1673 time = 0.452040, # ZDD nodes = 342584, # elems = 937218220977161481260788989436510811
Step 1674 time = 0.455426, # ZDD nodes = 341208, # elems = 907780661853659298331582592355720982
Step 1675 time = 0.453097, # ZDD nodes = 339789, # elems = 868104208147657751136461834867758861
Step 1676 time = 0.449628, # ZDD nodes = 338298, # elems = 819611872370813023202566139927325917
Step 1677 time = 0.445202, # ZDD nodes = 337024, # elems = 763982326037373165557109294052362094
Step 1678 time = 0.440489, # ZDD nodes = 335600, # elems = 703054332851488598098509700046285752
Step 1679 time = 0.438811, # ZDD nodes = 334218, # elems = 638727201345020375690610749598130019
Step 1680 time = 0.440833, # ZDD nodes = 332684, # elems = 572864666215104715025916128268305749
Step 1681 time = 0.444154, # ZDD nodes = 330995, # elems = 507208805120474250615255302235291009
Step 1682 time = 0.825255, # ZDD nodes = 329138, # elems = 443309232074861451079510737967210559
Step 1683 time = 0.828699, # ZDD nodes = 327026, # elems = 382471068581072696645504782739917412
Step 1684 time = 0.454132, # ZDD nodes = 324713, # elems = 325723295511808961889687386918594345
Step 1685 time = 0.825466, # ZDD nodes = 322234, # elems = 273807246330259041730208792101413302
Step 1686 time = 0.445705, # ZDD nodes = 319606, # elems = 227183400339773425868949031214906461
Step 1687 time = 0.816358, # ZDD nodes = 316903, # elems = 186053408994716963779133951982810843
Step 1688 time = 0.615619, # ZDD nodes = 314174, # elems = 150393514566597341192610570658826888
Step 1689 time = 0.417467, # ZDD nodes = 311509, # elems = 119995212725450721923278479882982958
Step 1690 time = 0.793676, # ZDD nodes = 308940, # elems = 94509128329002800427059463868341248
Step 1691 time = 0.395955, # ZDD nodes = 306503, # elems = 73488535019599628196848467230505834
Step 1692 time = 0.387357, # ZDD nodes = 304196, # elems = 56429647584624013662215995509133819
Step 1693 time = 0.558603, # ZDD nodes = 302078, # elems = 42806637505333562691511797568757347
Step 1694 time = 0.363739, # ZDD nodes = 299971, # elems = 32100160550031972588443452083302598
Step 1695 time = 0.351919, # ZDD nodes = 297810, # elems = 23818953652124011229257415030266225
Step 1696 time = 0.340750, # ZDD nodes = 295649, # elems = 17514695431100390333665442889255777
Step 1697 time = 0.329833, # ZDD nodes = 293525, # elems = 12790797053960708108099238317471257
Step 1698 time = 0.317911, # ZDD nodes = 291430, # elems = 9306089803928290039551925021497979
Step 1699 time = 0.307960, # ZDD nodes = 289396, # elems = 6774515504584953937026265532349550
Step 1700 time = 0.297198, # ZDD nodes = 287191, # elems = 4961932830323694293103579110397802
Step 1701 time = 0.662828, # ZDD nodes = 284993, # elems = 3681060980666253779280704403009980
Step 1702 time = 0.279588, # ZDD nodes = 282665, # elems = 2785428134956445013582715997781799
Step 1703 time = 0.271701, # ZDD nodes = 280227, # elems = 2163008294504932851684706497446314
Step 1704 time = 0.263463, # ZDD nodes = 277708, # elems = 1730043166110820449405731723657783
Step 1705 time = 0.625166, # ZDD nodes = 275082, # elems = 1425374721907621669437644019985902
Step 1706 time = 0.247948, # ZDD nodes = 272549, # elems = 1205470515994709079306816533177539
Step 1707 time = 0.242185, # ZDD nodes = 270009, # elems = 1040212676754891846349891575435930
Step 1708 time = 0.236043, # ZDD nodes = 267570, # elems = 909442549686763986131566478166686
Step 1709 time = 0.232310, # ZDD nodes = 265169, # elems = 800202638614072763380592364686445
Step 1710 time = 0.230257, # ZDD nodes = 262775, # elems = 704590333048059064518868591466901
Step 1711 time = 0.228592, # ZDD nodes = 260435, # elems = 618127906262097845980426717110498
Step 1712 time = 0.229194, # ZDD nodes = 258286, # elems = 538554774973029947476132348980088
Step 1713 time = 0.413963, # ZDD nodes = 256218, # elems = 464956294863443748381319601637643
Step 1714 time = 0.235978, # ZDD nodes = 254223, # elems = 397154841868241459098542291752137
Step 1715 time = 0.239490, # ZDD nodes = 252289, # elems = 335301154618529702921292835298133
Step 1716 time = 0.241629, # ZDD nodes = 250421, # elems = 279615430483232241314833365881043
Step 1717 time = 0.330336, # ZDD nodes = 248739, # elems = 230237771339496534184152810289250
Step 1718 time = 25.440866, # ZDD nodes = 247194, # elems = 187156070593338750074039359582766
Step 1719 time = 0.245436, # ZDD nodes = 245946, # elems = 150186420339876044097886039596879
Step 1720 time = 0.248134, # ZDD nodes = 244890, # elems = 118986827411615908060236235341306
Step 1721 time = 0.252546, # ZDD nodes = 243955, # elems = 93089710520670735778030802025460
Step 1722 time = 0.441485, # ZDD nodes = 243106, # elems = 71942519830434442563126564120723
Step 1723 time = 0.255638, # ZDD nodes = 242124, # elems = 54949027131273586441821159795337
Step 1724 time = 0.627381, # ZDD nodes = 241038, # elems = 41506475570538167281418446904315
Step 1725 time = 0.248531, # ZDD nodes = 239852, # elems = 31035910029803442241117511692272
Step 1726 time = 0.242333, # ZDD nodes = 238554, # elems = 23004671426756127715351221184518
Step 1727 time = 0.235134, # ZDD nodes = 237159, # elems = 16941267053514639105145501765772
Step 1728 time = 0.228469, # ZDD nodes = 235816, # elems = 12443669281959883936807242665529
Step 1729 time = 0.220961, # ZDD nodes = 234489, # elems = 9182602596984184644352928422398
Step 1730 time = 0.217535, # ZDD nodes = 233064, # elems = 6901618630707848597655679791040
Step 1731 time = 0.212768, # ZDD nodes = 231568, # elems = 5415797612890844720227102352831
Step 1732 time = 0.583071, # ZDD nodes = 229965, # elems = 4610813857658561700740429293795
Step 1733 time = 0.204751, # ZDD nodes = 228287, # elems = 4443911275440219035831928528847
Step 1734 time = 0.199514, # ZDD nodes = 226709, # elems = 4948083253007438528534120049681
Step 1735 time = 0.195575, # ZDD nodes = 225141, # elems = 6240450371785117072306524637221
Step 1736 time = 0.193292, # ZDD nodes = 223904, # elems = 8535471361981483688649612307954
Step 1737 time = 0.192928, # ZDD nodes = 222828, # elems = 12163185412827643401095513778036
Step 1738 time = 0.193812, # ZDD nodes = 221667, # elems = 17592139332780098162638929286481
Step 1739 time = 0.193992, # ZDD nodes = 220432, # elems = 25455977229164625198483723146899
Step 1740 time = 0.236216, # ZDD nodes = 219285, # elems = 36581855787436706987577218095681
Step 1741 time = 0.196450, # ZDD nodes = 218033, # elems = 52017915682531367565070569364227
Step 1742 time = 0.379143, # ZDD nodes = 216734, # elems = 73056048596425981635505489970524
Step 1743 time = 0.570268, # ZDD nodes = 215426, # elems = 101245253942983644781967052621951
Step 1744 time = 0.193420, # ZDD nodes = 214101, # elems = 138390128108914023155538299874086
Step 1745 time = 0.190949, # ZDD nodes = 213253, # elems = 186528654986650864038234678760831
Step 1746 time = 0.190187, # ZDD nodes = 212378, # elems = 247883668144482423585953473175787
Step 1747 time = 0.376711, # ZDD nodes = 211669, # elems = 324783316043081688204268959155698
Step 1748 time = 0.576617, # ZDD nodes = 210956, # elems = 419547714383527042876263256397036
Step 1749 time = 0.199874, # ZDD nodes = 210406, # elems = 534341753928351476907374624061689
Step 1750 time = 0.204270, # ZDD nodes = 209794, # elems = 670997659174423997079813436114165
Step 1751 time = 0.207361, # ZDD nodes = 209061, # elems = 830815120834343314734348024193128
Step 1752 time = 0.209262, # ZDD nodes = 208242, # elems = 1014351253006663481826806940489898
Step 1753 time = 0.396270, # ZDD nodes = 207301, # elems = 1221216718143073202557162569742662
Step 1754 time = 0.209077, # ZDD nodes = 206273, # elems = 1449897499134319761192903758373947
Step 1755 time = 0.207182, # ZDD nodes = 205150, # elems = 1697623352139321085612173979473045
Step 1756 time = 0.204366, # ZDD nodes = 203963, # elems = 1960303412245704176114532852129942
Step 1757 time = 0.573381, # ZDD nodes = 202725, # elems = 2232546407273126102108973941811116
Step 1758 time = 0.197336, # ZDD nodes = 201472, # elems = 2507777408007459833774498280451813
Step 1759 time = 0.192990, # ZDD nodes = 200415, # elems = 2778455293812816225204055003146967
Step 1760 time = 0.189298, # ZDD nodes = 199247, # elems = 3036385783052852633837645760513119
Step 1761 time = 0.185820, # ZDD nodes = 198191, # elems = 3273114918958129395290873821890199
Step 1762 time = 0.181066, # ZDD nodes = 197026, # elems = 3480378470824745892360260422605117
Step 1763 time = 0.177061, # ZDD nodes = 196021, # elems = 3650575022883765324306044239949142
Step 1764 time = 0.177048, # ZDD nodes = 195071, # elems = 3777225677558255249158103181303574
Step 1765 time = 0.177045, # ZDD nodes = 194137, # elems = 3855382105985429664084030909563168
Step 1766 time = 0.176608, # ZDD nodes = 193398, # elems = 3881947516932857480009043374775207
Step 1767 time = 0.176444, # ZDD nodes = 192803, # elems = 3855881853805379157379578311393382
Step 1768 time = 0.173756, # ZDD nodes = 192345, # elems = 3778272517753595019892043045369685
Step 1769 time = 0.174579, # ZDD nodes = 191852, # elems = 3652264057580028421018190838621932
Step 1770 time = 0.174065, # ZDD nodes = 191548, # elems = 3482853169260520354372718831623040
Step 1771 time = 0.174624, # ZDD nodes = 191279, # elems = 3276567508975465761375434003748129
Step 1772 time = 0.178022, # ZDD nodes = 191148, # elems = 3041056848759114656245704447872435
Step 1773 time = 0.266078, # ZDD nodes = 191186, # elems = 2784631897676676977512397856222797
Step 1774 time = 0.178497, # ZDD nodes = 191330, # elems = 2515789022091520444754904738926891
Step 1775 time = 0.556049, # ZDD nodes = 191420, # elems = 2242757991337020672809288869472773
Step 1776 time = 0.187740, # ZDD nodes = 191535, # elems = 1973105124797758145843129553176351
Step 1777 time = 0.189705, # ZDD nodes = 191624, # elems = 1713416624627921364014504763709076
Step 1778 time = 0.190331, # ZDD nodes = 191693, # elems = 1469077533024001611373401634377361
Step 1779 time = 0.188898, # ZDD nodes = 192118, # elems = 1244151856941001985576303432736290
Step 1780 time = 0.188768, # ZDD nodes = 192522, # elems = 1041360101412546495018553727716333
Step 1781 time = 0.189334, # ZDD nodes = 193259, # elems = 862142685887995830588138619515731
Step 1782 time = 0.193239, # ZDD nodes = 194022, # elems = 706792122434398256393743704893723
Step 1783 time = 0.198165, # ZDD nodes = 194756, # elems = 574633698399472620219498181534890
Step 1784 time = 0.202542, # ZDD nodes = 195585, # elems = 464233681676237318767507293459975
Step 1785 time = 0.206008, # ZDD nodes = 196338, # elems = 373615429463068208645489278705106
Step 1786 time = 0.207200, # ZDD nodes = 196985, # elems = 300466718339311442092985350133096
Step 1787 time = 0.206201, # ZDD nodes = 197561, # elems = 242325523152417096609570941401440
Step 1788 time = 0.205169, # ZDD nodes = 198101, # elems = 196735758929234813509787604529757
Step 1789 time = 0.203094, # ZDD nodes = 198585, # elems = 161368648622917119604332569690373
Step 1790 time = 0.201241, # ZDD nodes = 199145, # elems = 134109003341523936791668746616737
Step 1791 time = 0.293796, # ZDD nodes = 199822, # elems = 113108562092236819841929304832761
Step 1792 time = 0.200885, # ZDD nodes = 200461, # elems = 96810538653026267770138119653787
Step 1793 time = 0.578707, # ZDD nodes = 201065, # elems = 83950685962411550125487270099670
Step 1794 time = 0.205195, # ZDD nodes = 201764, # elems = 73540619745599857633540782275276
Step 1795 time = 0.204900, # ZDD nodes = 202377, # elems = 64838997365581910703021095737804
Step 1796 time = 0.203977, # ZDD nodes = 203079, # elems = 57315595147822931076960281425412
Step 1797 time = 0.206175, # ZDD nodes = 203755, # elems = 50612528686029807176086035365685
Step 1798 time = 0.208109, # ZDD nodes = 204636, # elems = 44505952274542164960327035161192
Step 1799 time = 0.212396, # ZDD nodes = 205530, # elems = 38870660317302323713336757051981
Step 1800 time = 0.217468, # ZDD nodes = 206542, # elems = 33649167932613658235127310858727
Step 1801 time = 0.597797, # ZDD nodes = 207680, # elems = 28826114402561566195252145639310
Step 1802 time = 0.221833, # ZDD nodes = 208898, # elems = 24408233676604033445781833863962
Step 1803 time = 0.225290, # ZDD nodes = 210032, # elems = 20409676673301577574796155412698
Step 1804 time = 0.228212, # ZDD nodes = 211093, # elems = 16842145481174117699726331682654
Step 1805 time = 0.229831, # ZDD nodes = 212055, # elems = 13709097537574520449354348758363
Step 1806 time = 0.416345, # ZDD nodes = 212906, # elems = 11003181928081252273233360863510
Step 1807 time = 0.228366, # ZDD nodes = 213869, # elems = 8706061049775809351759947913870
Step 1808 time = 0.228485, # ZDD nodes = 214791, # elems = 6789828773144729416096231351616
Step 1809 time = 0.232077, # ZDD nodes = 215888, # elems = 5219340591658032116021029062341
Step 1810 time = 0.237085, # ZDD nodes = 217101, # elems = 3954902732827118639340957251898
Step 1811 time = 0.242219, # ZDD nodes = 218227, # elems = 2954908522795563745010555196028
Step 1812 time = 0.243928, # ZDD nodes = 219299, # elems = 2178147096428558640899969232789
Step 1813 time = 0.246008, # ZDD nodes = 220227, # elems = 1585631067901708622336103473523
Step 1814 time = 0.621936, # ZDD nodes = 221025, # elems = 1141889139910778796921224368982
Step 1815 time = 0.241670, # ZDD nodes = 221688, # elems = 815743701424572798304158035388
Step 1816 time = 0.238518, # ZDD nodes = 222226, # elems = 580642370633794560668342501646
Step 1817 time = 0.235245, # ZDD nodes = 222625, # elems = 414638800908826329033450961057
Step 1818 time = 0.231670, # ZDD nodes = 222900, # elems = 300126097080301166921242508650
Step 1819 time = 0.228014, # ZDD nodes = 223041, # elems = 223420802784432444339187430519
Step 1820 time = 0.224779, # ZDD nodes = 223066, # elems = 174281465364780571698553639638
Step 1821 time = 0.221773, # ZDD nodes = 222980, # elems = 145427476902858151524922688815
Step 1822 time = 0.218402, # ZDD nodes = 222773, # elems = 132104474769711419411659554845
Step 1823 time = 0.973853, # ZDD nodes = 222481, # elems = 131724233510287935812697587706
Step 1824 time = 0.212143, # ZDD nodes = 222080, # elems = 143590865708533376228734929305
Step 1825 time = 0.208879, # ZDD nodes = 221536, # elems = 168711658715407175083251644946
Step 1826 time = 0.205596, # ZDD nodes = 221026, # elems = 209679884236316262252541828818
Step 1827 time = 0.203090, # ZDD nodes = 220412, # elems = 270608090708313589556585083195
Step 1828 time = 0.199467, # ZDD nodes = 219686, # elems = 357083429916894295290207058379
Step 1829 time = 0.196744, # ZDD nodes = 218863, # elems = 476111419047159184289803660698
Step 1830 time = 0.193945, # ZDD nodes = 217955, # elems = 636011467781285350647806899655
Step 1831 time = 0.190645, # ZDD nodes = 216960, # elems = 846227100457542624089006313753
Step 1832 time = 0.188018, # ZDD nodes = 216007, # elems = 1117016879907085463222609158383
Step 1833 time = 0.184470, # ZDD nodes = 214948, # elems = 1458999406068874164601454517263
Step 1834 time = 0.181051, # ZDD nodes = 213764, # elems = 1882537980415253323372959033920
Step 1835 time = 0.177897, # ZDD nodes = 212437, # elems = 2396967627851860933443826781086
Step 1836 time = 0.174836, # ZDD nodes = 210969, # elems = 3009688411948322224117709333266
Step 1837 time = 0.171014, # ZDD nodes = 209559, # elems = 3725172714778462417225512828314
Step 1838 time = 0.549467, # ZDD nodes = 208068, # elems = 4543957821622197338153595770885
Step 1839 time = 0.539581, # ZDD nodes = 206468, # elems = 5461715484078067485683191666869
Step 1840 time = 0.167066, # ZDD nodes = 204796, # elems = 6468503536955796517696428945830
Step 1841 time = 0.164541, # ZDD nodes = 203030, # elems = 7548307735260878743579154931261
Step 1842 time = 0.162370, # ZDD nodes = 201309, # elems = 8678972222440901163555186233251
Step 1843 time = 0.159952, # ZDD nodes = 199601, # elems = 9832593355725474569717176180746
Step 1844 time = 0.158042, # ZDD nodes = 198206, # elems = 10976414830306084752304201042184
Step 1845 time = 0.160924, # ZDD nodes = 197056, # elems = 12074215116849714653659094394741
Step 1846 time = 0.162660, # ZDD nodes = 196154, # elems = 13088126110178938940931692142319
Step 1847 time = 0.165001, # ZDD nodes = 195423, # elems = 13980771051955541832769521432505
Step 1848 time = 0.170349, # ZDD nodes = 194844, # elems = 14717567441325873120165287593720
Step 1849 time = 0.179390, # ZDD nodes = 194371, # elems = 15269013759021856909101773540351
Step 1850 time = 0.188504, # ZDD nodes = 193981, # elems = 15612773181337994919382265766226
Step 1851 time = 0.196757, # ZDD nodes = 193646, # elems = 15735386867689141267428430431036
Step 1852 time = 0.203777, # ZDD nodes = 193418, # elems = 15633495335916826496806391998951
Step 1853 time = 0.208387, # ZDD nodes = 193448, # elems = 15314518116093445693081848252883
Step 1854 time = 0.214693, # ZDD nodes = 193940, # elems = 14796836890535138852909768277111
Step 1855 time = 0.219738, # ZDD nodes = 194744, # elems = 14109642666080811251005945783142
Step 1856 time = 0.228072, # ZDD nodes = 195598, # elems = 13292740734697669937477218003080
Step 1857 time = 0.236370, # ZDD nodes = 196496, # elems = 12396757393560104552466240621844
Step 1858 time = 0.333047, # ZDD nodes = 197605, # elems = 11484360783046497217976084705725
Step 1859 time = 0.625893, # ZDD nodes = 198672, # elems = 10633297456955620541703189806435
Step 1860 time = 0.443522, # ZDD nodes = 199697, # elems = 9942258876870203645609163019880
Step 1861 time = 0.281370, # ZDD nodes = 200629, # elems = 9540826942357722515067958445988
Step 1862 time = 0.259679, # ZDD nodes = 201458, # elems = 9604996012513124362496063042633
Step 1863 time = 0.257967, # ZDD nodes = 202196, # elems = 10380008398588229700978746781299
Step 1864 time = 0.254891, # ZDD nodes = 202804, # elems = 12212430004790080514982938538934
Step 1865 time = 0.251165, # ZDD nodes = 203483, # elems = 15593468653484435103952376927918
Step 1866 time = 0.248358, # ZDD nodes = 204112, # elems = 21215411214854830124341418596645
Step 1867 time = 0.245089, # ZDD nodes = 204764, # elems = 30042617344516100828273164877373
Step 1868 time = 0.241599, # ZDD nodes = 205555, # elems = 43397636281406336020450935775566
Step 1869 time = 0.237681, # ZDD nodes = 206243, # elems = 63061593544492745787373208597425
Step 1870 time = 0.232899, # ZDD nodes = 207195, # elems = 91385942593454188319149809573376
Step 1871 time = 0.229768, # ZDD nodes = 208047, # elems = 131409972122629127500542932104711
Step 1872 time = 0.225749, # ZDD nodes = 208989, # elems = 186975180968532073739036516363275
Step 1873 time = 0.600418, # ZDD nodes = 209933, # elems = 262823989627560070914542597774311
Step 1874 time = 0.224493, # ZDD nodes = 210868, # elems = 364666614351402832725274769740765
Step 1875 time = 0.225372, # ZDD nodes = 211958, # elems = 499196808462654670594950208187995
Step 1876 time = 0.227333, # ZDD nodes = 213345, # elems = 674035230343897332125797624314295
Step 1877 time = 0.611267, # ZDD nodes = 214623, # elems = 897579156396699579770394448459239
Step 1878 time = 0.230272, # ZDD nodes = 215795, # elems = 1178739826336045668405224047187377
Step 1879 time = 0.228973, # ZDD nodes = 216900, # elems = 1526554446240800562685446941261766
Step 1880 time = 0.227566, # ZDD nodes = 217909, # elems = 1949669050505741728100848265037734
Step 1881 time = 0.225408, # ZDD nodes = 218978, # elems = 2455700878048525563928735622084035
Step 1882 time = 0.225180, # ZDD nodes = 219970, # elems = 3050503958604445695920848613767341
Step 1883 time = 0.227138, # ZDD nodes = 221068, # elems = 3737377963636462213010942457505409
Step 1884 time = 0.233655, # ZDD nodes = 222136, # elems = 4516276254692174741152313852908820
Step 1885 time = 0.244083, # ZDD nodes = 223145, # elems = 5383082279512511975887880896350733
Step 1886 time = 0.254253, # ZDD nodes = 224098, # elems = 6329031711523037888012030471302411
Step 1887 time = 0.265251, # ZDD nodes = 224969, # elems = 7340358891053449636449489917655607
Step 1888 time = 0.272936, # ZDD nodes = 225760, # elems = 8398238667566387354844567594039530
Step 1889 time = 1.034239, # ZDD nodes = 226665, # elems = 9479078044193541516005488994269863
Step 1890 time = 0.281943, # ZDD nodes = 227442, # elems = 10555186658666482396554032021695624
Step 1891 time = 0.282037, # ZDD nodes = 228066, # elems = 11595822971611672584905368225095299
Step 1892 time = 0.280515, # ZDD nodes = 228606, # elems = 12568577175086136136838935569319912
Step 1893 time = 0.279163, # ZDD nodes = 229067, # elems = 13441016324904046521024400807018457
Step 1894 time = 0.276854, # ZDD nodes = 229424, # elems = 14182486552753064334754154799891451
Step 1895 time = 0.272585, # ZDD nodes = 229671, # elems = 14765945804964432677909652143037557
Step 1896 time = 0.269672, # ZDD nodes = 229868, # elems = 15169691972949254693616938193380810
Step 1897 time = 0.643344, # ZDD nodes = 230025, # elems = 15378857731879364298470439021030762
Step 1898 time = 0.263298, # ZDD nodes = 230137, # elems = 15386565274073462282957819281518819
Step 1899 time = 0.260913, # ZDD nodes = 230556, # elems = 15194669772256486223052444286888469
Step 1900 time = 0.261492, # ZDD nodes = 230910, # elems = 14814066246001918314664519698927534
Step 1901 time = 0.262070, # ZDD nodes = 231216, # elems = 14264585342280673525900688338446382
Step 1902 time = 0.263603, # ZDD nodes = 231541, # elems = 13574553164467590057681200410823031
Step 1903 time = 0.265558, # ZDD nodes = 231848, # elems = 12780132178478910545254599948872030
Step 1904 time = 0.265873, # ZDD nodes = 232336, # elems = 11924588341821417437961708757317845
Step 1905 time = 0.268519, # ZDD nodes = 233175, # elems = 11057639075466643651634778237360134
Step 1906 time = 0.270493, # ZDD nodes = 234137, # elems = 10235024430676502590764481550436719
Step 1907 time = 0.274324, # ZDD nodes = 235077, # elems = 9518408866971260791426486444801115
Step 1908 time = 0.280303, # ZDD nodes = 235972, # elems = 8975664912997308649916043384605213
Step 1909 time = 0.288247, # ZDD nodes = 236837, # elems = 8681516506806339586621884089480315
Step 1910 time = 0.674136, # ZDD nodes = 237806, # elems = 8718435175916725268800291723459901
Step 1911 time = 0.303476, # ZDD nodes = 238742, # elems = 9177594616149292631799147841933944
Step 1912 time = 0.310306, # ZDD nodes = 239653, # elems = 10159608473725419980010771545465248
Step 1913 time = 0.313561, # ZDD nodes = 240517, # elems = 11774713077956410687015972276964063
Step 1914 time = 0.315481, # ZDD nodes = 241473, # elems = 14142022612089916177356112028123249
Step 1915 time = 0.316470, # ZDD nodes = 242552, # elems = 17387489060704149948794809709288608
Step 1916 time = 0.317151, # ZDD nodes = 243583, # elems = 21640251473106139849369403203123519
Step 1917 time = 0.318598, # ZDD nodes = 244968, # elems = 27027163325052087996039488672771078
Step 1918 time = 0.319579, # ZDD nodes = 246341, # elems = 33665442675863343571661688933647946
Step 1919 time = 0.322450, # ZDD nodes = 247643, # elems = 41653590659992065587188410252046547
Step 1920 time = 0.324251, # ZDD nodes = 248860, # elems = 51060955694723933079613545564239835
Step 1921 time = 0.322870, # ZDD nodes = 249964, # elems = 61916562543198436504477688630301880
Step 1922 time = 0.320082, # ZDD nodes = 250952, # elems = 74198049921586739253893990034276628
Step 1923 time = 0.316153, # ZDD nodes = 251814, # elems = 87821736879103826312999775085330460
Step 1924 time = 0.321389, # ZDD nodes = 252557, # elems = 102634935751497821372871250832169178
Step 1925 time = 0.304504, # ZDD nodes = 253204, # elems = 118411621350607284780521519718079763
Step 1926 time = 0.298847, # ZDD nodes = 253774, # elems = 134852434339127356093667126807174573
Step 1927 time = 0.293409, # ZDD nodes = 254565, # elems = 151589736669235227898650411153454841
Step 1928 time = 0.289998, # ZDD nodes = 255285, # elems = 168198059778590079587192594554538088
Step 1929 time = 0.287024, # ZDD nodes = 255905, # elems = 184209820145237832472440603782723899
Step 1930 time = 0.283126, # ZDD nodes = 256453, # elems = 199135665428477980128610994734566524
Step 1931 time = 0.278414, # ZDD nodes = 256960, # elems = 212488312653747722301681551315781917
Step 1932 time = 0.274573, # ZDD nodes = 257580, # elems = 223808307472136434615451961895742001
Step 1933 time = 0.273817, # ZDD nodes = 258338, # elems = 232689827137645473041411216155868922
Step 1934 time = 0.271795, # ZDD nodes = 259368, # elems = 238804514947068791988630286900299877
Step 1935 time = 0.274463, # ZDD nodes = 260332, # elems = 241921397459174389873111556971122534
Step 1936 time = 0.278710, # ZDD nodes = 261172, # elems = 241921201394158381343899617590632400
Step 1937 time = 0.281409, # ZDD nodes = 261905, # elems = 238803833053064987255864876551270881
Step 1938 time = 0.280897, # ZDD nodes = 262738, # elems = 232688364437270817792768745121791067
Step 1939 time = 0.284282, # ZDD nodes = 263493, # elems = 223805524167240084028476283716302144
Step 1940 time = 0.286221, # ZDD nodes = 264167, # elems = 212483345290209444810676561189361842
Step 1941 time = 0.285175, # ZDD nodes = 264747, # elems = 199127203638277848143752247920134668
Step 1942 time = 0.283801, # ZDD nodes = 265223, # elems = 184195926779403609938706234262274865
Step 1943 time = 0.281079, # ZDD nodes = 265925, # elems = 168175919921043956699144974204600064
Step 1944 time = 0.280502, # ZDD nodes = 266545, # elems = 151555319820921423722489526566858862
Step 1945 time = 0.283049, # ZDD nodes = 267269, # elems = 134800054477161597533957846380764264
Step 1946 time = 0.287765, # ZDD nodes = 267906, # elems = 118333382174399574741719243624477724
Step 1947 time = 0.292306, # ZDD nodes = 268451, # elems = 102520053833508271823361443964065887
Step 1948 time = 0.308503, # ZDD nodes = 268885, # elems = 87655744190578523500744933653195481
Step 1949 time = 0.686737, # ZDD nodes = 269154, # elems = 73961889667928027134687547610251077
Step 1950 time = 0.670861, # ZDD nodes = 269275, # elems = 61585608446418101118932804903841582
Step 1951 time = 0.292626, # ZDD nodes = 269238, # elems = 50604004327059250969851531004575154
Step 1952 time = 0.288364, # ZDD nodes = 269048, # elems = 41031898042056875795844357182435260
Step 1953 time = 0.651652, # ZDD nodes = 268704, # elems = 32831898246955322204903729670150134
Step 1954 time = 0.275975, # ZDD nodes = 268269, # elems = 25925713982227949209609903897747164
Step 1955 time = 0.644745, # ZDD nodes = 267761, # elems = 20205702468934313020128066754348037
Step 1956 time = 0.263486, # ZDD nodes = 267188, # elems = 15545813637680187447442391733312434
Step 1957 time = 0.633708, # ZDD nodes = 266571, # elems = 11811304933874103816425221568436497
Step 1958 time = 0.252760, # ZDD nodes = 265914, # elems = 8866826545556151911032260097336917
Step 1959 time = 0.248445, # ZDD nodes = 265323, # elems = 6582692388866070526588037646125570
Step 1960 time = 0.245210, # ZDD nodes = 264656, # elems = 4839336682024117554739756773240149
Step 1961 time = 0.241655, # ZDD nodes = 263870, # elems = 3530098035805754189748659717685646
Step 1962 time = 0.237929, # ZDD nodes = 263030, # elems = 2562568324460607330019464667399564
Step 1963 time = 0.327018, # ZDD nodes = 262195, # elems = 1858794011694489899593957839361223
Step 1964 time = 0.230625, # ZDD nodes = 261364, # elems = 1354629431977741239020784035397363
Step 1965 time = 0.227709, # ZDD nodes = 260612, # elems = 998523736456406602740454158697317
Step 1966 time = 0.224187, # ZDD nodes = 259745, # elems = 749985650196805804221832682275115
Step 1967 time = 0.221529, # ZDD nodes = 258905, # elems = 577922162035996623973203916909324
Step 1968 time = 0.595905, # ZDD nodes = 257972, # elems = 458996586267506340204144893941218
Step 1969 time = 0.219519, # ZDD nodes = 256952, # elems = 376103896004726210779695566167321
Step 1970 time = 0.217558, # ZDD nodes = 255866, # elems = 317020521802628752611736400909074
Step 1971 time = 0.214983, # ZDD nodes = 254641, # elems = 273253717832773704475170896766102
Step 1972 time = 0.212062, # ZDD nodes = 253427, # elems = 239092380354585007736297411046427
Step 1973 time = 0.210475, # ZDD nodes = 252143, # elems = 210846056764905912330386555086743
Step 1974 time = 0.208580, # ZDD nodes = 250925, # elems = 186250394734499853478213792028224
Step 1975 time = 0.207957, # ZDD nodes = 249605, # elems = 164013806760082142039110070808888
Step 1976 time = 0.208051, # ZDD nodes = 248207, # elems = 143480074788571201930209757627029
Step 1977 time = 0.207420, # ZDD nodes = 246775, # elems = 124383629978944661437447599403286
Step 1978 time = 0.207520, # ZDD nodes = 245387, # elems = 106677263445431945588787218377197
Step 1979 time = 0.209393, # ZDD nodes = 243949, # elems = 90415326650495940340476100429956
Step 1980 time = 0.211642, # ZDD nodes = 242454, # elems = 75678621793368911958391229929823
Step 1981 time = 0.212805, # ZDD nodes = 240895, # elems = 62529942729232905086966879949269
Step 1982 time = 0.213679, # ZDD nodes = 239287, # elems = 50991539310134483941833963632289
Step 1983 time = 0.591431, # ZDD nodes = 237828, # elems = 41037667506760233204369855796961
Step 1984 time = 0.585591, # ZDD nodes = 236465, # elems = 32596921047211127862847348124873
Step 1985 time = 0.213749, # ZDD nodes = 235247, # elems = 25560292475770199177333380358870
Step 1986 time = 0.590283, # ZDD nodes = 234130, # elems = 19791946381874348162620220747312
Step 1987 time = 0.218628, # ZDD nodes = 233035, # elems = 15140550615815061880872657947629
Step 1988 time = 0.220201, # ZDD nodes = 232026, # elems = 11449730356974838078355212469825
Step 1989 time = 0.222226, # ZDD nodes = 230894, # elems = 8566799776609354958221431517386
Step 1990 time = 0.221051, # ZDD nodes = 229635, # elems = 6349394821138969244168092406003
Step 1991 time = 0.218065, # ZDD nodes = 228287, # elems = 4669985075080470048096508953160
Step 1992 time = 0.214841, # ZDD nodes = 226799, # elems = 3418491753927957030747814566764
Step 1993 time = 0.210177, # ZDD nodes = 225239, # elems = 2503395403369257635102291606378
Step 1994 time = 0.206216, # ZDD nodes = 223693, # elems = 1851797049588627933341280815371
Step 1995 time = 0.203681, # ZDD nodes = 222186, # elems = 1408918390118624899432386139017
Step 1996 time = 0.199783, # ZDD nodes = 220632, # elems = 1137507787694634718083937250578
Step 1997 time = 0.198260, # ZDD nodes = 219093, # elems = 1017574385684204607135847490561
Step 1998 time = 0.197036, # ZDD nodes = 217553, # elems = 1046813294755608831331297074288
Step 1999 time = 0.601765, # ZDD nodes = 216159, # elems = 1242015809089657306302562041636
Step 2000 time = 0.192641, # ZDD nodes = 215050, # elems = 1641679768743453187871205232545
Step 2001 time = 0.191606, # ZDD nodes = 213831, # elems = 2309941514460257222460006653940
Step 2002 time = 0.190330, # ZDD nodes = 212657, # elems = 3341834313083745740549147172764
Step 2003 time = 0.568814, # ZDD nodes = 211434, # elems = 4869729937409236682709835649978
Step 2004 time = 0.192820, # ZDD nodes = 210136, # elems = 7070633897385910747214795817828
Step 2005 time = 0.194852, # ZDD nodes = 208816, # elems = 10173779960467079725146943630279
Step 2006 time = 0.196987, # ZDD nodes = 207656, # elems = 14467714286350911118208100357166
Step 2007 time = 0.200996, # ZDD nodes = 206517, # elems = 20305793393409412478696222158992
Step 2008 time = 0.213479, # ZDD nodes = 205714, # elems = 28108775571658358981884389110820
Step 2009 time = 0.200265, # ZDD nodes = 204887, # elems = 38363006379912749702585628156539
Step 2010 time = 0.198964, # ZDD nodes = 204021, # elems = 51612638028600168968472163210346
Step 2011 time = 0.196399, # ZDD nodes = 203213, # elems = 68444434375620159246171104279154
Step 2012 time = 0.196057, # ZDD nodes = 202540, # elems = 89464045739756356240562073973595
Step 2013 time = 0.198207, # ZDD nodes = 202000, # elems = 115263220994816774619548862380792
Step 2014 time = 0.202465, # ZDD nodes = 201436, # elems = 146378260137792868365463630216614
Step 2015 time = 0.209934, # ZDD nodes = 200828, # elems = 183241062744397058353896627519808
Step 2016 time = 0.405396, # ZDD nodes = 200144, # elems = 226125317896496384971853099360348
Step 2017 time = 0.607038, # ZDD nodes = 199355, # elems = 275091589790523871454181291357221
Step 2018 time = 0.226240, # ZDD nodes = 198467, # elems = 329936129481521436789087708894014
Step 2019 time = 0.237861, # ZDD nodes = 197551, # elems = 390149022868149388317633833548396
Step 2020 time = 0.224000, # ZDD nodes = 196517, # elems = 454887615414013842369997705769548
Step 2021 time = 0.221023, # ZDD nodes = 195430, # elems = 522970922897360562907584161019922
Step 2022 time = 0.217205, # ZDD nodes = 194526, # elems = 592899900614861981631231157683408
Step 2023 time = 0.212560, # ZDD nodes = 193584, # elems = 662907046543712132902027765252944
Step 2024 time = 0.208452, # ZDD nodes = 192772, # elems = 731037001497124354055769539843064
Step 2025 time = 0.203631, # ZDD nodes = 191840, # elems = 795257817172635055878214402196807
Step 2026 time = 0.578442, # ZDD nodes = 190864, # elems = 853600691853597033940900378636794
Step 2027 time = 0.194899, # ZDD nodes = 189901, # elems = 904324543964747378010145323799084
Step 2028 time = 0.190341, # ZDD nodes = 188942, # elems = 946101087393550045434039168136894
Step 2029 time = 0.186766, # ZDD nodes = 188319, # elems = 978216267199783015172316190685383
Step 2030 time = 0.186309, # ZDD nodes = 187854, # elems = 1000785022792133168497109298152716
Step 2031 time = 0.186177, # ZDD nodes = 187350, # elems = 1014978170286308249413828133264240
Step 2032 time = 0.186083, # ZDD nodes = 186839, # elems = 1023262310455856849262185539338438
Step 2033 time = 0.186295, # ZDD nodes = 186337, # elems = 1029655437022084281685769730799705
Step 2034 time = 0.185312, # ZDD nodes = 186026, # elems = 1040001555767996164259502833204429
Step 2035 time = 0.188493, # ZDD nodes = 185870, # elems = 1062266295457565448044842617502064
Step 2036 time = 0.571873, # ZDD nodes = 186087, # elems = 1106851458537184174591517857864277
Step 2037 time = 0.188163, # ZDD nodes = 186268, # elems = 1186919245040325689793715543563305
Step 2038 time = 0.281519, # ZDD nodes = 186379, # elems = 1318706440678814532503114598254593
Step 2039 time = 0.192831, # ZDD nodes = 186519, # elems = 1521795726749382216583650114625741
Step 2040 time = 0.203551, # ZDD nodes = 186786, # elems = 1819296666914516882708176005688276
Step 2041 time = 0.195928, # ZDD nodes = 187100, # elems = 2237874780213153712624190307216711
Step 2042 time = 0.198723, # ZDD nodes = 187630, # elems = 2807555960613791320374016701033099
Step 2043 time = 0.200911, # ZDD nodes = 188149, # elems = 3561228284266755051020772012043680
Step 2044 time = 0.202416, # ZDD nodes = 188764, # elems = 4533766929812999089556256470984334
Step 2045 time = 0.202088, # ZDD nodes = 189554, # elems = 5760723071385441426961148568861038
Step 2046 time = 0.202952, # ZDD nodes = 190304, # elems = 7276545773238847092092430204216741
Step 2047 time = 0.203710, # ZDD nodes = 191371, # elems = 9112347211978731100780226344925987
Step 2048 time = 0.207966, # ZDD nodes = 192459, # elems = 11293274145690428779182253688727540
Step 2049 time = 0.596955, # ZDD nodes = 193495, # elems = 13835608453177464958081836013383085
Step 2050 time = 0.982146, # ZDD nodes = 194533, # elems = 16743780707281390180538458196165696
Step 2051 time = 0.223432, # ZDD nodes = 195542, # elems = 20007535389266669321375361649108834
Step 2052 time = 0.224326, # ZDD nodes = 196531, # elems = 23599525902085904340251140802383157
Step 2053 time = 0.222421, # ZDD nodes = 197630, # elems = 27473633665796941133493523097910944
Step 2054 time = 0.220478, # ZDD nodes = 198625, # elems = 31564291521333426965497769672623784
Step 2055 time = 0.217457, # ZDD nodes = 199563, # elems = 35787043567246168706956259963107938
Step 2056 time = 0.214645, # ZDD nodes = 200402, # elems = 40040491536395618875932755788151705
Step 2057 time = 0.212752, # ZDD nodes = 201531, # elems = 44209666647176074926891009434188791
Step 2058 time = 0.215096, # ZDD nodes = 202629, # elems = 48170734935325839720792218928460946
Step 2059 time = 0.217053, # ZDD nodes = 203675, # elems = 51796806693173384705372402323311014
Step 2060 time = 0.597272, # ZDD nodes = 204708, # elems = 54964492582862253822802645289737448
Step 2061 time = 0.223047, # ZDD nodes = 205718, # elems = 57560746482696391624349831555257473
Step 2062 time = 0.234155, # ZDD nodes = 206921, # elems = 59489472586965763289794411289860255
Step 2063 time = 0.225458, # ZDD nodes = 208280, # elems = 60677362094580118871104188739631590
Step 2064 time = 0.228015, # ZDD nodes = 209970, # elems = 61078467576704518354715145254020044
Step 2065 time = 0.232395, # ZDD nodes = 211582, # elems = 60677118595348974238277027891277732
Step 2066 time = 0.237406, # ZDD nodes = 213124, # elems = 59488921320005067029904643580304387
Step 2067 time = 0.241624, # ZDD nodes = 214626, # elems = 57559752911938910700296986878281961
Step 2068 time = 0.610404, # ZDD nodes = 216229, # elems = 54962839567953474238901311397819148
Step 2069 time = 0.624629, # ZDD nodes = 217790, # elems = 51794175214963200955669240611259929
Step 2070 time = 0.250295, # ZDD nodes = 219310, # elems = 48166677172036226420359174923320378
Step 2071 time = 0.250965, # ZDD nodes = 220799, # elems = 44203570793451232231489339048741105
Step 2072 time = 0.253008, # ZDD nodes = 222228, # elems = 40031538127842423794820977487302025
Step 2073 time = 0.277813, # ZDD nodes = 223928, # elems = 35774153741879339005763184869328173
Step 2074 time = 0.256524, # ZDD nodes = 225579, # elems = 31546068621155002918600250811643128
Step 2075 time = 0.260670, # ZDD nodes = 227374, # elems = 27448300826241021866851500695406933
Step 2076 time = 0.358491, # ZDD nodes = 229075, # elems = 23564863721960957008525526713340394
Step 2077 time = 0.271292, # ZDD nodes = 230697, # elems = 19960825300367908990259528188343091
Step 2078 time = 0.275339, # ZDD nodes = 232284, # elems = 16681761106033225825079425051486060
Step 2079 time = 0.278459, # ZDD nodes = 233744, # elems = 13754451812602895055262310165641003
Step 2080 time = 0.653154, # ZDD nodes = 235112, # elems = 11188593968151160576863919534283217
Step 2081 time = 0.276108, # ZDD nodes = 236387, # elems = 8979243588246434561698437052629785
Step 2082 time = 0.274221, # ZDD nodes = 237550, # elems = 7109697296179502256412439475296715
Step 2083 time = 0.270043, # ZDD nodes = 238625, # elems = 5554530805326520817862615473227033
Step 2084 time = 0.269133, # ZDD nodes = 239585, # elems = 4282553069578768172858811734534479
Step 2085 time = 0.266313, # ZDD nodes = 240383, # elems = 3259488210770617465038207564438200
Step 2086 time = 0.263436, # ZDD nodes = 241093, # elems = 2450257938816826001871353544732779
Step 2087 time = 0.260949, # ZDD nodes = 241718, # elems = 1820797035278942760897977628397387
Step 2088 time = 0.633183, # ZDD nodes = 242264, # elems = 1339387623711493200321641100874283
Step 2089 time = 0.254873, # ZDD nodes = 242884, # elems = 977540471614198475474076037350412
Step 2090 time = 0.252750, # ZDD nodes = 243390, # elems = 710481591969743192634533609141193
Step 2091 time = 0.249893, # ZDD nodes = 243795, # elems = 517319884314240557101468941204180
Step 2092 time = 0.247644, # ZDD nodes = 244140, # elems = 380977802781213131217823215074550
Step 2093 time = 0.246533, # ZDD nodes = 244414, # elems = 287964252479044417133720123853272
Step 2094 time = 0.242243, # ZDD nodes = 244616, # elems = 228059650012786444236710339636748
Step 2095 time = 0.240313, # ZDD nodes = 244879, # elems = 193969840501772308149874967521432
Step 2096 time = 0.237590, # ZDD nodes = 245038, # elems = 180990501546530723758306180931669
Step 2097 time = 0.234765, # ZDD nodes = 245100, # elems = 186708450091657482145596508248652
Step 2098 time = 0.232459, # ZDD nodes = 245064, # elems = 210752047208960527359138142025212
Step 2099 time = 0.230553, # ZDD nodes = 244908, # elems = 254590365448391460550030652615596
Step 2100 time = 0.226959, # ZDD nodes = 244656, # elems = 321370320161997553429833330120586
Step 2101 time = 0.224299, # ZDD nodes = 244309, # elems = 415772774082960739499912691010909
Step 2102 time = 0.245523, # ZDD nodes = 243836, # elems = 543862866010251445070981233875648
Step 2103 time = 0.218333, # ZDD nodes = 243265, # elems = 712906698097301269077032096987130
Step 2104 time = 0.590318, # ZDD nodes = 242573, # elems = 931126322695399496747462609917994
Step 2105 time = 0.257986, # ZDD nodes = 241759, # elems = 1207368013097949555350731555989045
Step 2106 time = 0.209345, # ZDD nodes = 240842, # elems = 1550665333616161922037701259141016
Step 2107 time = 0.206299, # ZDD nodes = 239794, # elems = 1969688594933864247017220266933691
Step 2108 time = 0.203271, # ZDD nodes = 238659, # elems = 2472085597496928851838538895999977
Step 2109 time = 0.200306, # ZDD nodes = 237455, # elems = 3063734369021272091084897064871963
Step 2110 time = 0.197251, # ZDD nodes = 236172, # elems = 3747945603272438564560998252818065
Step 2111 time = 0.194449, # ZDD nodes = 234900, # elems = 4524668915040708919193847526015172
Step 2112 time = 0.191841, # ZDD nodes = 233510, # elems = 5389770681009722541541405577220340
Step 2113 time = 0.188242, # ZDD nodes = 232031, # elems = 6334459850005001267713946219085580
Step 2114 time = 0.185028, # ZDD nodes = 230447, # elems = 7344939588503892706021126005445169
Step 2115 time = 0.182389, # ZDD nodes = 228781, # elems = 8402355454626612627814550379553452
Step 2116 time = 0.178701, # ZDD nodes = 227013, # elems = 9483094363209216699221903956189999
Step 2117 time = 0.175017, # ZDD nodes = 225173, # elems = 10559463507166801822061473230697642
Step 2118 time = 0.359962, # ZDD nodes = 223608, # elems = 11600746553736135117369786171448129
Step 2119 time = 0.172641, # ZDD nodes = 221967, # elems = 12574599031780351040551948121307931
Step 2120 time = 0.170864, # ZDD nodes = 220261, # elems = 13448710092777872967988819143715441
Step 2121 time = 0.171139, # ZDD nodes = 218504, # elems = 14192628605904887527033383330782954
Step 2122 time = 0.168850, # ZDD nodes = 216887, # elems = 14779632777473486680952958387971361
Step 2123 time = 0.170067, # ZDD nodes = 215520, # elems = 15188518670128007910602126920006269
Step 2124 time = 0.172960, # ZDD nodes = 214626, # elems = 15405197753177577723993976500243403
Step 2125 time = 0.178118, # ZDD nodes = 214073, # elems = 15424029396174548039588996439675591
Step 2126 time = 0.190380, # ZDD nodes = 214278, # elems = 15248872273678360829923442621702661
Step 2127 time = 0.207041, # ZDD nodes = 215205, # elems = 14893919216649805123476190997460398
Step 2128 time = 0.411544, # ZDD nodes = 216611, # elems = 14384482699968712780684049363954889
Step 2129 time = 0.252120, # ZDD nodes = 218498, # elems = 13758022183435711375002964473638876
Step 2130 time = 0.284530, # ZDD nodes = 220810, # elems = 13065849123756728852318162962008145
Step 2131 time = 0.315662, # ZDD nodes = 223784, # elems = 12376109554937452361696295276396323
Step 2132 time = 0.354128, # ZDD nodes = 227348, # elems = 11778825498156847158543333160817541
Step 2133 time = 0.392942, # ZDD nodes = 231770, # elems = 11393970248313027560650887845114893
Step 2134 time = 0.439064, # ZDD nodes = 237011, # elems = 11383748950938468459718596273964579
Step 2135 time = 0.491502, # ZDD nodes = 243422, # elems = 11970437124781245808711642909157139
Step 2136 time = 0.544832, # ZDD nodes = 250592, # elems = 13461267311877812728651711305862920
Step 2137 time = 0.793617, # ZDD nodes = 258459, # elems = 16281905898802575577250630421139103
Step 2138 time = 1.512478, # ZDD nodes = 266965, # elems = 21019972035775326200101549199558400
Step 2139 time = 0.724799, # ZDD nodes = 276195, # elems = 28479749344357774207759717604573129
Step 2140 time = 0.782265, # ZDD nodes = 285912, # elems = 39748651937467756253345050992721018
Step 2141 time = 0.832531, # ZDD nodes = 296022, # elems = 56275054300285638527054140920462919
Step 2142 time = 0.877385, # ZDD nodes = 306439, # elems = 79955721229683374164789754908126474
Step 2143 time = 0.938943, # ZDD nodes = 317315, # elems = 113229255662691734468602820230052498
Step 2144 time = 0.950999, # ZDD nodes = 328560, # elems = 159169751349737461200391790075667483
Step 2145 time = 1.367682, # ZDD nodes = 340101, # elems = 221572303516889083966266776150361405
Step 2146 time = 1.377736, # ZDD nodes = 351868, # elems = 305019397023735049502449415795724247
Step 2147 time = 1.022624, # ZDD nodes = 363726, # elems = 414914761756654270647656243647975576
Step 2148 time = 1.418158, # ZDD nodes = 375905, # elems = 557469455830868558486432905895563031
Step 2149 time = 1.050950, # ZDD nodes = 388320, # elems = 739624171881908174493970244603553588
Step 2150 time = 1.155207, # ZDD nodes = 400882, # elems = 968892542415922648979409780456680468
Step 2151 time = 1.464467, # ZDD nodes = 413635, # elems = 1253112979871045693634969203756229584
Step 2152 time = 1.465405, # ZDD nodes = 426212, # elems = 1600101626715718721303096469168012792
Step 2153 time = 1.105895, # ZDD nodes = 438638, # elems = 2017206391481341119817046240459993640
Step 2154 time = 1.548527, # ZDD nodes = 451095, # elems = 2510771589621235410143380111504088027
Step 2155 time = 1.525871, # ZDD nodes = 463367, # elems = 3085533821651220619954515145917652112
Step 2156 time = 1.538779, # ZDD nodes = 475495, # elems = 3743981467767834917198312562075478475
Step 2157 time = 1.193206, # ZDD nodes = 487441, # elems = 4485721298142389646478533171561511760
Step 2158 time = 1.209671, # ZDD nodes = 498916, # elems = 5306904713733737380879394461843821016
Step 2159 time = 1.598602, # ZDD nodes = 510128, # elems = 6199771512053117418304442808818997274
Step 2160 time = 1.425537, # ZDD nodes = 520933, # elems = 7152369438158587005532657905772018000
Step 2161 time = 1.250538, # ZDD nodes = 531489, # elems = 8148502136668990934490058637493402892
Step 2162 time = 1.658131, # ZDD nodes = 541669, # elems = 9167946062427393146408670320670382341
Step 2163 time = 1.706517, # ZDD nodes = 551431, # elems = 10186958784937498095972211144611039994
Step 2164 time = 1.343414, # ZDD nodes = 560739, # elems = 11179078108445307543602484129878206361
Step 2165 time = 2.138705, # ZDD nodes = 569539, # elems = 12116185481771320304194943221004570095
Step 2166 time = 1.440575, # ZDD nodes = 577787, # elems = 12969780864098164009165294885949916325
Step 2167 time = 1.491980, # ZDD nodes = 585562, # elems = 13712392460433570023599955308910723932
Step 2168 time = 1.920268, # ZDD nodes = 592860, # elems = 14319026441498840194766142250402036318
Step 2169 time = 1.636727, # ZDD nodes = 599662, # elems = 14768551405969829127277475952369712635
Step 2170 time = 1.723993, # ZDD nodes = 606129, # elems = 15044911640719518772332958700908775516
Step 2171 time = 2.046744, # ZDD nodes = 612059, # elems = 15138072841140177052394861149025291329
Step 2172 time = 2.455603, # ZDD nodes = 617463, # elems = 15044623317226589184379632692038167452
Step 2173 time = 2.073963, # ZDD nodes = 622299, # elems = 14767981092295754874781948598050806360
Step 2174 time = 2.475483, # ZDD nodes = 626599, # elems = 14318189959927715994700802000263292587
Step 2175 time = 2.465725, # ZDD nodes = 630332, # elems = 13711322094908394676481139549359673307
Step 2176 time = 1.696647, # ZDD nodes = 633530, # elems = 12968537577502457369510862692416193263
Step 2177 time = 1.681560, # ZDD nodes = 636447, # elems = 12114878785478175642041565314243031093
Step 2178 time = 1.859568, # ZDD nodes = 638917, # elems = 11177897301683471901522482489920172508
Step 2179 time = 2.781794, # ZDD nodes = 640954, # elems = 10186221043077132916027202722878340637
Step 2180 time = 1.621644, # ZDD nodes = 642743, # elems = 9168169188429275057696237232725841015
Step 2181 time = 1.602873, # ZDD nodes = 644027, # elems = 8150512807419394695600216081775902468
Step 2182 time = 1.579080, # ZDD nodes = 644984, # elems = 7157461550755823458500884635098929956
Step 2183 time = 2.111875, # ZDD nodes = 645605, # elems = 6209933770570379512131940641172091445
Step 2184 time = 1.535149, # ZDD nodes = 646084, # elems = 5325141791597706325162731946765945526
Step 2185 time = 1.560462, # ZDD nodes = 646265, # elems = 4516498503178925541369162192532770241
Step 2186 time = 1.499219, # ZDD nodes = 646416, # elems = 3793828352830844920991232890852774611
Step 2187 time = 1.496258, # ZDD nodes = 646074, # elems = 3163846891483543846597554462307402760
Step 2188 time = 1.869414, # ZDD nodes = 645451, # elems = 2630859133203806448291379118386400469
Step 2189 time = 2.432071, # ZDD nodes = 644413, # elems = 2197618210408360398291802555693975892
Step 2190 time = 1.490793, # ZDD nodes = 642974, # elems = 1866281488589722460115167103317940932
Step 2191 time = 1.485685, # ZDD nodes = 641112, # elems = 1639400331993701497941086725862794941
Step 2192 time = 1.855462, # ZDD nodes = 638875, # elems = 1520880769656559061279980100621101366
Step 2193 time = 1.844904, # ZDD nodes = 636500, # elems = 1516854195557390094634880549280133888
Step 2194 time = 1.441498, # ZDD nodes = 633818, # elems = 1636399125247775438352068077332238012
Step 2195 time = 1.603455, # ZDD nodes = 631190, # elems = 1892056683418242307454940304439059184
Step 2196 time = 1.399913, # ZDD nodes = 628242, # elems = 2300084346465012768544566731440385422
Step 2197 time = 1.385577, # ZDD nodes = 624929, # elems = 2880395587912510760085312400275298755
Step 2198 time = 1.365094, # ZDD nodes = 621363, # elems = 3656139030069134447917192287154905666
Step 2199 time = 1.565085, # ZDD nodes = 617299, # elems = 4652881252316150798858528166653055129
Step 2200 time = 1.704776, # ZDD nodes = 612749, # elems = 5897374141683908602120039779551410633
Step 2201 time = 1.301542, # ZDD nodes = 607750, # elems = 7415911622991253131662723504680240877
Step 2202 time = 1.278651, # ZDD nodes = 602328, # elems = 9232311846791860361036643114353262613
Step 2203 time = 1.440154, # ZDD nodes = 596552, # elems = 11365598260479314727485233903784965140
Step 2204 time = 1.217593, # ZDD nodes = 590453, # elems = 13827493851742381767630528361843133763
Step 2205 time = 1.192513, # ZDD nodes = 584292, # elems = 16619883293521931739742500749540328808
Step 2206 time = 1.191912, # ZDD nodes = 577994, # elems = 19732432735179321422021309060769173833
Step 2207 time = 1.140882, # ZDD nodes = 571512, # elems = 23140581041267269088006776633813841161
Step 2208 time = 1.120747, # ZDD nodes = 565035, # elems = 26804124028098728062253166611214830364
Step 2209 time = 1.097978, # ZDD nodes = 558365, # elems = 30666600356977765641687530133069954647
Step 2210 time = 1.071654, # ZDD nodes = 551705, # elems = 34655651723538160784528862800274696755
Step 2211 time = 1.053688, # ZDD nodes = 545035, # elems = 38684470880251483564490696370207941663
Step 2212 time = 1.036040, # ZDD nodes = 538608, # elems = 42654371838073707447580240389855831809
Step 2213 time = 1.023350, # ZDD nodes = 532293, # elems = 46458423291722263369632605274227168022
Step 2214 time = 1.024178, # ZDD nodes = 526142, # elems = 49985987457813810019481811736884587230
Step 2215 time = 1.028312, # ZDD nodes = 520000, # elems = 53127912401266242863716776657694840385
Step 2216 time = 1.032183, # ZDD nodes = 513854, # elems = 55782047394024654694248247462856031550
Step 2217 time = 1.046582, # ZDD nodes = 507607, # elems = 57858697891222984116612572625996883420
Step 2218 time = 1.055796, # ZDD nodes = 501264, # elems = 59285617059017850926794502880845292310
Step 2219 time = 1.442846, # ZDD nodes = 494836, # elems = 60012148734514450482742031440000698233
Step 2220 time = 1.443475, # ZDD nodes = 488337, # elems = 60012192300900280876469343651853214799
Step 2221 time = 1.055007, # ZDD nodes = 482003, # elems = 59285748821855019478300105807852933423
Step 2222 time = 1.813125, # ZDD nodes = 475702, # elems = 57858921431634839093919101883856678563
Step 2223 time = 1.046084, # ZDD nodes = 469629, # elems = 55782369857020145276881999185806276124
Step 2224 time = 1.048384, # ZDD nodes = 463714, # elems = 53128345817830465606096486451719779662
Step 2225 time = 1.056159, # ZDD nodes = 457675, # elems = 49986549675939199756129985468778364980
Step 2226 time = 1.095027, # ZDD nodes = 451539, # elems = 46459137511286857564638551849289944165
Step 2227 time = 1.096162, # ZDD nodes = 445235, # elems = 42655263325819050927794735044676269368
Step 2228 time = 1.127987, # ZDD nodes = 438841, # elems = 38685558910250342510178101609629328481
Step 2229 time = 1.135303, # ZDD nodes = 432447, # elems = 34656934112188662559476917381321872682
Step 2230 time = 1.148640, # ZDD nodes = 426067, # elems = 30668027110337023233506217369191971849
Step 2231 time = 1.155208, # ZDD nodes = 419755, # elems = 26805555575724756620636919846135203989
Step 2232 time = 1.436028, # ZDD nodes = 413551, # elems = 23141725299432560037379772895206561305
Step 2233 time = 1.148694, # ZDD nodes = 407447, # elems = 19732753862975678620340842221676527539
Step 2234 time = 1.137106, # ZDD nodes = 401507, # elems = 16618473566124841164102881976367385728
Step 2235 time = 1.121787, # ZDD nodes = 395743, # elems = 13822898725704454832160649286418990541
Step 2236 time = 1.291945, # ZDD nodes = 390164, # elems = 11355583668001564923833395371468701151
Step 2237 time = 1.641125, # ZDD nodes = 384816, # elems = 9213562327184565768218437871146454151
Step 2238 time = 1.824706, # ZDD nodes = 379703, # elems = 7383648448204062872617658622257486290
Step 2239 time = 1.043463, # ZDD nodes = 374789, # elems = 5844884538255647352688225129524554474
Step 2240 time = 1.789603, # ZDD nodes = 370091, # elems = 4570953598292650919209390957996674996
Step 2241 time = 1.178290, # ZDD nodes = 365463, # elems = 3532404904737551516823478008838108465
Step 2242 time = 1.165174, # ZDD nodes = 360918, # elems = 2698588050407962320391080189956191584
Step 2243 time = 0.950498, # ZDD nodes = 356530, # elems = 2039232885923229747005954970603396646
Step 2244 time = 0.930021, # ZDD nodes = 352296, # elems = 1525652686010632961004702103714979760
Step 2245 time = 1.095483, # ZDD nodes = 348360, # elems = 1131580820280760478932188395492787632
Step 2246 time = 1.269899, # ZDD nodes = 344641, # elems = 833675800778403152082064776019311845
Step 2247 time = 0.873701, # ZDD nodes = 340906, # elems = 611745415221303868106777056714638207
Step 2248 time = 0.855414, # ZDD nodes = 337145, # elems = 448748346993371793180614001564423755
Step 2249 time = 0.837005, # ZDD nodes = 333317, # elems = 330632541531102928881883880872989701
Step 2250 time = 0.816050, # ZDD nodes = 329631, # elems = 246065293807391628032242903894531314
Step 2251 time = 0.798404, # ZDD nodes = 325995, # elems = 186102384477115498434812060421267235
Step 2252 time = 0.780620, # ZDD nodes = 322558, # elems = 143834229651502271087604788095514271
Step 2253 time = 0.765497, # ZDD nodes = 319238, # elems = 114037293691482315556210761312839175
Step 2254 time = 1.897231, # ZDD nodes = 316017, # elems = 92849949983061050407304260158477831
Step 2255 time = 0.741815, # ZDD nodes = 312892, # elems = 77484197781165915059737239520241782
Step 2256 time = 0.732872, # ZDD nodes = 310017, # elems = 65978460879718480357043652740344892
Step 2257 time = 1.105895, # ZDD nodes = 307290, # elems = 56992150842796607436561256578275406
Step 2258 time = 0.723261, # ZDD nodes = 304652, # elems = 49639634926152051615780301644104878
Step 2259 time = 0.715202, # ZDD nodes = 302124, # elems = 43359460301376794836621902750504159
Step 2260 time = 1.087813, # ZDD nodes = 299733, # elems = 37813862556984452052877635934376902
Step 2261 time = 0.723102, # ZDD nodes = 297608, # elems = 32813443773658785516048007036793616
Step 2262 time = 0.693714, # ZDD nodes = 295655, # elems = 28262195979537877820717612104385413
Step 2263 time = 0.707684, # ZDD nodes = 294019, # elems = 24118573173137417626343553647840739
Step 2264 time = 1.052593, # ZDD nodes = 292590, # elems = 20368937665651649982772998373833969
Step 2265 time = 0.717405, # ZDD nodes = 291355, # elems = 17010332099559014507611862438439569
Step 2266 time = 0.755184, # ZDD nodes = 290315, # elems = 14040104975466594706670286926202759
Step 2267 time = 0.653017, # ZDD nodes = 289440, # elems = 11450421617079527297054072000324430
Step 2268 time = 0.639601, # ZDD nodes = 288694, # elems = 9226119534210169498373819424045493
Step 2269 time = 0.623527, # ZDD nodes = 288009, # elems = 7344722524481358399717036093968882
Step 2270 time = 0.604017, # ZDD nodes = 287195, # elems = 5777721069740321592235244290677042
Step 2271 time = 0.580427, # ZDD nodes = 286266, # elems = 4492467462047851385080881427450557
Step 2272 time = 0.747924, # ZDD nodes = 285198, # elems = 3454230995725908643212446291577897
Step 2273 time = 0.535245, # ZDD nodes = 284164, # elems = 2628117903504582897700890961555656
Step 2274 time = 0.516844, # ZDD nodes = 283088, # elems = 1980687278632278191613159650883306
Step 2275 time = 0.497251, # ZDD nodes = 281940, # elems = 1481191778615286167581620655781034
Step 2276 time = 0.480351, # ZDD nodes = 280887, # elems = 1102443808765384329280611814977549
Step 2277 time = 0.462591, # ZDD nodes = 279698, # elems = 821357492135799932758228008237217
Step 2278 time = 0.540261, # ZDD nodes = 278527, # elems = 619247550537250811332963415984252
Step 2279 time = 0.428757, # ZDD nodes = 277232, # elems = 481981815532119878790058601322735
Step 2280 time = 0.413339, # ZDD nodes = 275958, # elems = 400087849184754418244945169772832
Step 2281 time = 0.401149, # ZDD nodes = 274585, # elems = 368909000842810527683164123101011
Step 2282 time = 0.391219, # ZDD nodes = 273063, # elems = 388893344545413407759367848633313
Step 2283 time = 0.572361, # ZDD nodes = 271419, # elems = 466081632191530227510656300897695
Step 2284 time = 0.373873, # ZDD nodes = 269822, # elems = 612838077773669044024071906281832
Step 2285 time = 0.365303, # ZDD nodes = 268102, # elems = 848840171965214767124541549979986
Step 2286 time = 0.356632, # ZDD nodes = 266311, # elems = 1202310176492567550947600614461241
Step 2287 time = 0.346351, # ZDD nodes = 264494, # elems = 1711430967113681671176457454465683
Step 2288 time = 0.430118, # ZDD nodes = 262635, # elems = 2425842704803446919369127123210422
Step 2289 time = 0.326349, # ZDD nodes = 261062, # elems = 3408065942463962768036087204168869
Step 2290 time = 0.318564, # ZDD nodes = 259615, # elems = 4734644537195766551816157368415001
Step 2291 time = 0.311232, # ZDD nodes = 258236, # elems = 6496753524528697783090850062042139
Step 2292 time = 0.353777, # ZDD nodes = 256744, # elems = 8799980330519870072543895683804150
Step 2293 time = 0.330533, # ZDD nodes = 255143, # elems = 11762971305772448764262081015794875
Step 2294 time = 0.306466, # ZDD nodes = 253420, # elems = 15514649111483908431311236615226209
Step 2295 time = 0.307294, # ZDD nodes = 251646, # elems = 20189758704959133632960321063543140
Step 2296 time = 0.304410, # ZDD nodes = 249872, # elems = 25922596724593512084886389213571035
Step 2297 time = 0.394340, # ZDD nodes = 248103, # elems = 32838922676022483783474113229785755
Step 2298 time = 0.294164, # ZDD nodes = 246625, # elems = 41046236036694117787799311491775589
Step 2299 time = 0.286884, # ZDD nodes = 245101, # elems = 50622819490430966659101953731279341
Step 2300 time = 0.279017, # ZDD nodes = 243571, # elems = 61606175705500411233489403448274281
Step 2301 time = 0.362477, # ZDD nodes = 241966, # elems = 73981697541544761572083036068767775
Step 2302 time = 0.264241, # ZDD nodes = 240468, # elems = 87672579218547307792732125433256503
Step 2303 time = 0.256528, # ZDD nodes = 238873, # elems = 102532068020362851119802979719891983
Step 2304 time = 0.249042, # ZDD nodes = 237170, # elems = 118339145537943595061393803697870166
Step 2305 time = 0.242465, # ZDD nodes = 235376, # elems = 134798595868929158837232662448814200
Step 2306 time = 0.234850, # ZDD nodes = 233500, # elems = 151546160098350444124855219392981439
Step 2307 time = 0.227290, # ZDD nodes = 231713, # elems = 168159102303236387515057527675106131
Step 2308 time = 0.224218, # ZDD nodes = 229895, # elems = 184172049795717135402001544810852421
Step 2309 time = 0.222489, # ZDD nodes = 228099, # elems = 199097462428580034367668439499803566
Step 2310 time = 0.219465, # ZDD nodes = 226322, # elems = 212449587031171763955117064931900914
Step 2311 time = 0.403482, # ZDD nodes = 224577, # elems = 223770322917945534938808857728658277
Step 2312 time = 0.213630, # ZDD nodes = 223247, # elems = 232655119510893030316559955820944033
Step 2313 time = 0.210511, # ZDD nodes = 221909, # elems = 238776892899239251600900104842550091
Step 2314 time = 0.209822, # ZDD nodes = 220975, # elems = 241906011705912924549481176488137408
Step 2315 time = 0.209137, # ZDD nodes = 220080, # elems = 241924667653311857199253947543974426
Step 2316 time = 0.211519, # ZDD nodes = 219254, # elems = 238834391286556292260424657105222128
Step 2317 time = 0.211315, # ZDD nodes = 218560, # elems = 232756053729580981044412349419036820
Step 2318 time = 0.211436, # ZDD nodes = 218052, # elems = 223922348576669709480520642431196777
Step 2319 time = 0.214321, # ZDD nodes = 217760, # elems = 212663401830765473105265213694161389
Step 2320 time = 0.217698, # ZDD nodes = 217655, # elems = 199386739946091215906270105372295183
Step 2321 time = 0.220359, # ZDD nodes = 217479, # elems = 184553293920999483913983170266941472
Step 2322 time = 0.221764, # ZDD nodes = 217257, # elems = 168651386213088420988622208915790857
Step 2323 time = 0.244846, # ZDD nodes = 217204, # elems = 152170715378408985224082381843012314
Step 2324 time = 0.702908, # ZDD nodes = 217156, # elems = 135578224172504197626697924415040743
Step 2325 time = 0.222140, # ZDD nodes = 217463, # elems = 119297437042828292446532463690311106
Step 2326 time = 0.225502, # ZDD nodes = 217973, # elems = 103692427409757704085751533855742676
Step 2327 time = 0.229336, # ZDD nodes = 218390, # elems = 89057079865904495464898155399331663
Step 2328 time = 0.234257, # ZDD nodes = 218710, # elems = 75609806314341424198967858643045661
Step 2329 time = 0.236182, # ZDD nodes = 219006, # elems = 63493412103074658119372833441947014
Step 2330 time = 0.616031, # ZDD nodes = 219233, # elems = 52779431160120798288390134195692841
Step 2331 time = 0.235534, # ZDD nodes = 219437, # elems = 43475985492919829225890458729816009
Step 2332 time = 0.610438, # ZDD nodes = 219791, # elems = 35538084994812155128293604398438998
Step 2333 time = 0.230868, # ZDD nodes = 220082, # elems = 28879263459067554617017347029974980
Step 2334 time = 0.228035, # ZDD nodes = 220447, # elems = 23383528568288810460382228800945212
Step 2335 time = 0.224994, # ZDD nodes = 220938, # elems = 18916761553368324063483657303846515
Step 2336 time = 0.597892, # ZDD nodes = 221418, # elems = 15336906619787582714846375997406997
Step 2337 time = 0.250083, # ZDD nodes = 221969, # elems = 12502512110141455401131203659254796
Step 2338 time = 0.228281, # ZDD nodes = 222478, # elems = 10279399666734506239481887177320542
Step 2339 time = 0.229357, # ZDD nodes = 222887, # elems = 8545425471713385350684874375513186
Step 2340 time = 0.228093, # ZDD nodes = 223430, # elems = 7193447099378303984268566696426075
Step 2341 time = 0.230131, # ZDD nodes = 223971, # elems = 6132715536933740447200096795491897
Step 2342 time = 0.232332, # ZDD nodes = 224738, # elems = 5288975169102697699821190250763131
Step 2343 time = 0.236734, # ZDD nodes = 225686, # elems = 4603579827230025696652337505175189
Step 2344 time = 0.242432, # ZDD nodes = 226613, # elems = 4031927750834713292498411779742166
Step 2345 time = 0.632906, # ZDD nodes = 227528, # elems = 3541490877525550162798536354614954
Step 2346 time = 1.112090, # ZDD nodes = 228516, # elems = 3109672440050789482226465558383030
Step 2347 time = 0.434741, # ZDD nodes = 229563, # elems = 2721678564136334769484119257683800
Step 2348 time = 0.254902, # ZDD nodes = 230554, # elems = 2368540138255961693026584576246186
Step 2349 time = 0.257445, # ZDD nodes = 231464, # elems = 2045374816835237946120230261908006
Step 2350 time = 0.354202, # ZDD nodes = 232312, # elems = 1749938317850459317948384497149184
Step 2351 time = 0.258854, # ZDD nodes = 233318, # elems = 1481480655917821945575407939063635
Step 2352 time = 0.259740, # ZDD nodes = 234294, # elems = 1239897132016966248946639475105782
Step 2353 time = 0.263623, # ZDD nodes = 235599, # elems = 1025145608648481590239707489615122
Step 2354 time = 0.650468, # ZDD nodes = 237041, # elems = 836890191516221266651271323683717
Step 2355 time = 0.273363, # ZDD nodes = 238411, # elems = 674325975696255822882113397952098
Step 2356 time = 0.277667, # ZDD nodes = 239723, # elems = 536138890476488324188896671787441
Step 2357 time = 0.279656, # ZDD nodes = 240885, # elems = 420557723360008377998705062112025
Step 2358 time = 0.278905, # ZDD nodes = 241910, # elems = 325460967395885130564355170265706
Step 2359 time = 0.298839, # ZDD nodes = 242828, # elems = 248508147193182313929603177024700
Step 2360 time = 0.273281, # ZDD nodes = 243668, # elems = 187272804671508117280979879564480
Step 2361 time = 0.269223, # ZDD nodes = 244427, # elems = 139361609665465816979219156854194
Step 2362 time = 0.265741, # ZDD nodes = 245115, # elems = 102510547122803481445268089187730
Step 2363 time = 0.263372, # ZDD nodes = 245820, # elems = 74654471260642706611825107563657
Step 2364 time = 0.259550, # ZDD nodes = 246397, # elems = 53970348948587835875187414463426
Step 2365 time = 0.256048, # ZDD nodes = 246886, # elems = 38897243872862342150766861050909
Step 2366 time = 0.252900, # ZDD nodes = 247244, # elems = 28137646903900251108634095210049
Step 2367 time = 0.249701, # ZDD nodes = 247495, # elems = 20645342448336708001486171147131
Step 2368 time = 0.246978, # ZDD nodes = 247625, # elems = 15604856991258729531561221144695
Step 2369 time = 0.244736, # ZDD nodes = 247638, # elems = 12406905095497918784131978190890
Step 2370 time = 0.242261, # ZDD nodes = 247544, # elems = 10623342372311582467058508606967
Step 2371 time = 0.239439, # ZDD nodes = 247313, # elems = 9984122918805894897172708969172
Step 2372 time = 0.235837, # ZDD nodes = 246952, # elems = 10357759593232697395505899965237
Step 2373 time = 0.233110, # ZDD nodes = 246467, # elems = 11735872468292675746639447426410
Step 2374 time = 0.230437, # ZDD nodes = 245869, # elems = 14221620686286999605777268921777
Step 2375 time = 0.226689, # ZDD nodes = 245175, # elems = 18021158973294702191437520848105
Step 2376 time = 0.676333, # ZDD nodes = 244394, # elems = 23436745051233005637959842336917
Step 2377 time = 0.221328, # ZDD nodes = 243523, # elems = 30859751568272669930801109169405
Step 2378 time = 0.217484, # ZDD nodes = 242538, # elems = 40761617279424329708736825612133
Step 2379 time = 0.214018, # ZDD nodes = 241590, # elems = 53680728549781870865800857166807
Step 2380 time = 0.211445, # ZDD nodes = 240526, # elems = 70203382575614508746084971937376
Step 2381 time = 0.208551, # ZDD nodes = 239510, # elems = 90937376451920153650796478537513
Step 2382 time = 0.207467, # ZDD nodes = 238451, # elems = 116477408578182782737660974506490
Step 2383 time = 0.206922, # ZDD nodes = 237325, # elems = 147362364765589194974740605025982
Step 2384 time = 0.589258, # ZDD nodes = 236126, # elems = 184025650525054582301756291458790
Step 2385 time = 0.201883, # ZDD nodes = 234948, # elems = 226740942246663899520125210142276
Step 2386 time = 0.199838, # ZDD nodes = 233775, # elems = 275566941161455930398412830197966
Step 2387 time = 0.197839, # ZDD nodes = 232526, # elems = 330295769956019987225529226815948
Step 2388 time = 0.194629, # ZDD nodes = 231320, # elems = 390410381205732646409819832793459
Step 2389 time = 0.197250, # ZDD nodes = 230106, # elems = 455056585559927499461281359117175
Step 2390 time = 0.197947, # ZDD nodes = 228881, # elems = 523034927945912120521267744773630
Step 2391 time = 0.200576, # ZDD nodes = 227650, # elems = 592816578172847969237002556218385
Step 2392 time = 0.206953, # ZDD nodes = 226580, # elems = 662585681390061731800708861114287
Step 2393 time = 0.217025, # ZDD nodes = 225611, # elems = 730308356497030294974015721030877
Step 2394 time = 0.228723, # ZDD nodes = 224744, # elems = 793825957190255343005980571737368
Step 2395 time = 0.242441, # ZDD nodes = 224008, # elems = 850967621764657747888973885781539
Step 2396 time = 0.258092, # ZDD nodes = 223427, # elems = 899674884186139174497464567981776
Step 2397 time = 0.273167, # ZDD nodes = 223291, # elems = 938129558909015763009810962728708
Step 2398 time = 0.475171, # ZDD nodes = 223491, # elems = 964875569387904583159340921360901
Step 2399 time = 0.303171, # ZDD nodes = 224180, # elems = 978926117485960173239237970937304
Step 2400 time = 0.320524, # ZDD nodes = 225151, # elems = 979849745423801257978609108621604
Step 2401 time = 0.337990, # ZDD nodes = 226210, # elems = 967832482406923459713785744557122
Step 2402 time = 0.355169, # ZDD nodes = 227358, # elems = 943718371980602900598105574977363
Step 2403 time = 0.371490, # ZDD nodes = 228523, # elems = 909037173154664634459565980165805
Step 2404 time = 0.384543, # ZDD nodes = 229711, # elems = 866035841168310411377939715395347
Step 2405 time = 0.391724, # ZDD nodes = 230970, # elems = 817739471372475955938926472062333
Step 2406 time = 0.394218, # ZDD nodes = 232288, # elems = 768077714920801792607940827902592
Step 2407 time = 0.394036, # ZDD nodes = 234024, # elems = 722124228971560897333893045884148
Step 2408 time = 0.390154, # ZDD nodes = 235878, # elems = 686509393767103620335165302014009
Step 2409 time = 0.384639, # ZDD nodes = 237837, # elems = 670079951198411536117225365542491
Step 2410 time = 0.380821, # ZDD nodes = 239814, # elems = 684892569901353105577676122775711
Step 2411 time = 0.375295, # ZDD nodes = 241963, # elems = 747640091729307858088167735408757
Step 2412 time = 0.368759, # ZDD nodes = 244072, # elems = 881616898844743878601961541227873
Step 2413 time = 0.751868, # ZDD nodes = 246098, # elems = 1119329902263767024017248504949983
Step 2414 time = 0.354853, # ZDD nodes = 248216, # elems = 1505849438185472882008468601047426
Step 2415 time = 0.350654, # ZDD nodes = 250255, # elems = 2102964354425264551259965121981740
Step 2416 time = 0.345503, # ZDD nodes = 252371, # elems = 2994151954209276615337331788939178
Step 2417 time = 0.343798, # ZDD nodes = 254464, # elems = 4290291025449833706338090297103926
Step 2418 time = 0.720616, # ZDD nodes = 256507, # elems = 6135931592076602845242643180353845
Step 2419 time = 0.344300, # ZDD nodes = 258498, # elems = 8715788389087283658752476465439276
Step 2420 time = 0.346350, # ZDD nodes = 260631, # elems = 12260951580844247870346226449499354
Step 2421 time = 0.348983, # ZDD nodes = 262901, # elems = 17054119661944541379414422210280095
Step 2422 time = 0.350303, # ZDD nodes = 265090, # elems = 23432975020001823564634683669612000
Step 2423 time = 0.739225, # ZDD nodes = 267387, # elems = 31790668945025165325055446611356907
Step 2424 time = 0.540271, # ZDD nodes = 269550, # elems = 42572292631839389097444540989994136
Step 2425 time = 0.347826, # ZDD nodes = 271797, # elems = 56266219698347172703355877594666138
Step 2426 time = 0.369190, # ZDD nodes = 274018, # elems = 73389348145139191085928035002708740
Step 2427 time = 0.346615, # ZDD nodes = 276358, # elems = 94465572203244325262494979523766658
Step 2428 time = 0.352427, # ZDD nodes = 278842, # elems = 119997289634994182576397805820457314
Step 2429 time = 0.362934, # ZDD nodes = 281420, # elems = 150430389606262771599424648978219682
Step 2430 time = 0.376127, # ZDD nodes = 283875, # elems = 186113936524140267103770428529607732
Step 2431 time = 0.578212, # ZDD nodes = 286144, # elems = 227256604900260086439905956779119718
Step 2432 time = 0.786811, # ZDD nodes = 288253, # elems = 273882742335163823126151635665595733
Step 2433 time = 0.419417, # ZDD nodes = 290202, # elems = 325791636049086917979683391062842266
Step 2434 time = 0.428259, # ZDD nodes = 291996, # elems = 382524019223077797328826414252054691
Step 2435 time = 0.432376, # ZDD nodes = 293637, # elems = 443339970425560337110003936174193314
Step 2436 time = 0.618092, # ZDD nodes = 295151, # elems = 507212050892995892926918504273687223
Step 2437 time = 0.427808, # ZDD nodes = 296513, # elems = 572836750053867569787171136952303170
Step 2438 time = 0.421311, # ZDD nodes = 297734, # elems = 638666083655564952553303144379136772
Step 2439 time = 0.798915, # ZDD nodes = 298849, # elems = 702959586924436663973652482289709433
Step 2440 time = 0.406420, # ZDD nodes = 299882, # elems = 763855103106561220584957471798903370
Step 2441 time = 0.421074, # ZDD nodes = 300832, # elems = 819454870223472387282056054586383534
Step 2442 time = 0.389611, # ZDD nodes = 301841, # elems = 867921669668011019563501358181241654
Step 2443 time = 0.382478, # ZDD nodes = 302922, # elems = 907578435390305718552449339314962939
Step 2444 time = 0.377418, # ZDD nodes = 303902, # elems = 937003920367706229236085752713028886
Step 2445 time = 0.760473, # ZDD nodes = 304807, # elems = 955116910341019455482340524876592755
Step 2446 time = 0.394764, # ZDD nodes = 305586, # elems = 961242117716301608777880529505949720
Step 2447 time = 0.367695, # ZDD nodes = 306181, # elems = 955152244983686665438215885046416742
Step 2448 time = 0.364483, # ZDD nodes = 306841, # elems = 937082651076573722582065129671054026
Step 2449 time = 0.363008, # ZDD nodes = 307454, # elems = 907717383808169185300876495873935602
Step 2450 time = 0.361339, # ZDD nodes = 308197, # elems = 868147804111719504752188858387364999
Step 2451 time = 0.361037, # ZDD nodes = 308944, # elems = 819807352829906668679150881753267230
Step 2452 time = 0.365171, # ZDD nodes = 309800, # elems = 764387946012209506547552726767135316
Step 2453 time = 0.370085, # ZDD nodes = 310537, # elems = 703744829182252017770580246413722840
Step 2454 time = 1.149828, # ZDD nodes = 311323, # elems = 639797350539672803293496640105512851
Step 2455 time = 0.384760, # ZDD nodes = 312076, # elems = 574432993623216118068815551014674015
Step 2456 time = 0.389393, # ZDD nodes = 312765, # elems = 509421198459389073564987170965824182
Step 2457 time = 0.774726, # ZDD nodes = 313435, # elems = 446342132024120428120675563877682497
Step 2458 time = 0.395039, # ZDD nodes = 314361, # elems = 386533835233722929843931012706794487
Step 2459 time = 0.392521, # ZDD nodes = 315362, # elems = 331059293021674409797857092970783925
Step 2460 time = 0.389920, # ZDD nodes = 316209, # elems = 280693161475939805221813047675457848
Step 2461 time = 0.387664, # ZDD nodes = 317112, # elems = 235926326184223671235585794133806481
Step 2462 time = 0.765616, # ZDD nodes = 317885, # elems = 196985292711103548889201415040122613
Step 2463 time = 0.382991, # ZDD nodes = 318499, # elems = 163862695287832078484738931043827946
Step 2464 time = 1.153958, # ZDD nodes = 319004, # elems = 136354961560405089985564139145629773
Step 2465 time = 0.373317, # ZDD nodes = 319417, # elems = 114103341651571396883200301464680370
Step 2466 time = 0.365509, # ZDD nodes = 319690, # elems = 96635008716376553654149820485378066
Step 2467 time = 0.356721, # ZDD nodes = 319963, # elems = 83401651096397911923321289302845315
Step 2468 time = 0.347954, # ZDD nodes = 320064, # elems = 73813782702338325124653965093936085
Step 2469 time = 0.339783, # ZDD nodes = 320010, # elems = 67269788551478340112099783813554338
Step 2470 time = 1.101333, # ZDD nodes = 319947, # elems = 63179409631409015787254063841152159
Step 2471 time = 0.326027, # ZDD nodes = 319920, # elems = 60981898907440153358888720033983010
Step 2472 time = 0.319819, # ZDD nodes = 319765, # elems = 60159424004810662519727793607826530
Step 2473 time = 0.316354, # ZDD nodes = 319470, # elems = 60246456966593247017647794485786961
Step 2474 time = 0.685020, # ZDD nodes = 319070, # elems = 60835905682436619318055323794732188
Step 2475 time = 0.305863, # ZDD nodes = 318519, # elems = 61582647940620117680037146153836162
Step 2476 time = 0.301003, # ZDD nodes = 317975, # elems = 62204976125930568281322763831927879
Step 2477 time = 0.299583, # ZDD nodes = 317323, # elems = 62484294461568099407457549238859439
Step 2478 time = 0.295892, # ZDD nodes = 316791, # elems = 62263268643368530987428561429701605
Step 2479 time = 0.297896, # ZDD nodes = 316195, # elems = 61442534212454512367119554722621104
Step 2480 time = 0.301275, # ZDD nodes = 315599, # elems = 59976035332580119361927561997550394
Step 2481 time = 0.303312, # ZDD nodes = 314874, # elems = 57865086810955278992147670896976798
Step 2482 time = 0.303476, # ZDD nodes = 314182, # elems = 55151315817269916234656521258244804
Step 2483 time = 0.305920, # ZDD nodes = 313389, # elems = 51908725931482380251257548064697353
Step 2484 time = 0.690174, # ZDD nodes = 312590, # elems = 48235212892863838944822293055125480
Step 2485 time = 0.305025, # ZDD nodes = 311767, # elems = 44243928678249667665137566935251466
Step 2486 time = 0.301993, # ZDD nodes = 310982, # elems = 40054923363150497437358156723769000
Step 2487 time = 0.297941, # ZDD nodes = 310428, # elems = 35787484701181343858282906620765388
Step 2488 time = 0.510022, # ZDD nodes = 309762, # elems = 31553543153340735610226362519717083
Step 2489 time = 0.299436, # ZDD nodes = 309183, # elems = 27452421704792442730918212091800887
Step 2490 time = 0.302389, # ZDD nodes = 308582, # elems = 23567096828396556211037482137059444
Step 2491 time = 0.305568, # ZDD nodes = 307889, # elems = 19962013788741274214322359451958000
Step 2492 time = 0.307867, # ZDD nodes = 307120, # elems = 16682380854041604864257471556433608
Step 2493 time = 0.309059, # ZDD nodes = 306266, # elems = 13754765749973885247776235657984770
Step 2494 time = 0.692189, # ZDD nodes = 305348, # elems = 11188743202219023457103992936771823
Step 2495 time = 0.303360, # ZDD nodes = 304360, # elems = 8979299642404446144243647544947214
Step 2496 time = 0.296151, # ZDD nodes = 303395, # elems = 7109690572735013343578187573958750
Step 2497 time = 0.289553, # ZDD nodes = 302287, # elems = 5554464249423320722471098351687599
Step 2498 time = 0.286118, # ZDD nodes = 301045, # elems = 4282405925956339100029626814201509
Step 2499 time = 0.278794, # ZDD nodes = 299650, # elems = 3259211974399821378854990112327387
Step 2500 time = 0.273108, # ZDD nodes = 298122, # elems = 2449764557469126429583548244000818
Step 2501 time = 0.267351, # ZDD nodes = 296460, # elems = 1819937740329276226519239744497183
Step 2502 time = 0.262861, # ZDD nodes = 294698, # elems = 1337919179452736942927329731087177
Step 2503 time = 0.257241, # ZDD nodes = 292844, # elems = 975073972924101532357072118027496
Step 2504 time = 0.253498, # ZDD nodes = 290910, # elems = 706407118238376549723848804655077
Step 2505 time = 0.632068, # ZDD nodes = 288880, # elems = 510698329859804865986410971679476
Step 2506 time = 0.244911, # ZDD nodes = 286777, # elems = 370389138166760243069638015503403
Step 2507 time = 0.240419, # ZDD nodes = 284621, # elems = 271299520834747543503378667950776
Step 2508 time = 0.236508, # ZDD nodes = 282434, # elems = 202242481009148532567766259999278
Step 2509 time = 0.231699, # ZDD nodes = 280212, # elems = 154592611143210282177438153680411
Step 2510 time = 0.228100, # ZDD nodes = 277991, # elems = 121851042773071086952927251226146
Step 2511 time = 0.223860, # ZDD nodes = 275901, # elems = 99236029164228681934193345923333
Step 2512 time = 0.221864, # ZDD nodes = 273922, # elems = 83316903925713155222537207964827
Step 2513 time = 0.220281, # ZDD nodes = 271947, # elems = 71699920400429240203729743269363
Step 2514 time = 0.218517, # ZDD nodes = 269956, # elems = 62767668400398018493149740059260
Step 2515 time = 0.215690, # ZDD nodes = 267947, # elems = 55469225135415081961530727676204
Step 2516 time = 0.213209, # ZDD nodes = 266070, # elems = 49155566427722170115979729505295
Step 2517 time = 0.211030, # ZDD nodes = 264192, # elems = 43453596804294019384240580243489
Step 2518 time = 0.208770, # ZDD nodes = 262547, # elems = 38172006367951032987403991110979
Step 2519 time = 0.206725, # ZDD nodes = 260836, # elems = 33232637160372558483042764960088
Step 2520 time = 0.206540, # ZDD nodes = 259028, # elems = 28621834456026236303379127044496
Step 2521 time = 0.207222, # ZDD nodes = 257128, # elems = 24357151994614583975780529943314
Step 2522 time = 0.206390, # ZDD nodes = 255225, # elems = 20465639834423734995013615724072
Step 2523 time = 0.301376, # ZDD nodes = 253236, # elems = 16970700365432684148771766217508
Step 2524 time = 0.211388, # ZDD nodes = 251150, # elems = 13885129598898221820876758925931
Step 2525 time = 0.212452, # ZDD nodes = 248948, # elems = 11208472930478336219373088248551
Step 2526 time = 0.214051, # ZDD nodes = 246636, # elems = 8927236415325257588306767562964
Step 2527 time = 0.214075, # ZDD nodes = 244382, # elems = 7016828562058420881826399491979
Step 2528 time = 0.215391, # ZDD nodes = 242062, # elems = 5444383139349113827059679529872
Step 2529 time = 0.593779, # ZDD nodes = 239838, # elems = 4171844359037407002072029870718
Step 2530 time = 0.218318, # ZDD nodes = 237566, # elems = 3158890321429406473013407315337
Step 2531 time = 0.221003, # ZDD nodes = 235208, # elems = 2365432795999134582218222024106
Step 2532 time = 0.223331, # ZDD nodes = 232784, # elems = 1753562880508890021580880863194
Step 2533 time = 0.223796, # ZDD nodes = 230382, # elems = 1288913778671923881482787542700
Step 2534 time = 0.224382, # ZDD nodes = 227975, # elems = 941485365959020758895596971747
Step 2535 time = 0.220811, # ZDD nodes = 225598, # elems = 686023049940635386138319723631
Step 2536 time = 0.217118, # ZDD nodes = 223487, # elems = 502069559356377004231219655125
Step 2537 time = 0.212286, # ZDD nodes = 221374, # elems = 373817428113224485837164909556
Step 2538 time = 0.588567, # ZDD nodes = 219325, # elems = 289887012178391057134577247716
Step 2539 time = 0.203610, # ZDD nodes = 217511, # elems = 243144390470632352229424370300
Step 2540 time = 0.200977, # ZDD nodes = 215986, # elems = 230658956932386822882770725022
Step 2541 time = 0.200100, # ZDD nodes = 214760, # elems = 253884026102794374889075147586
Step 2542 time = 0.197470, # ZDD nodes = 213455, # elems = 319125921249795281330026831381
Step 2543 time = 0.195320, # ZDD nodes = 212012, # elems = 438346904804680827200689337647
Step 2544 time = 0.191697, # ZDD nodes = 210625, # elems = 630322916586182704451413915931
Step 2545 time = 0.189754, # ZDD nodes = 209136, # elems = 922145771819598409477876568981
Step 2546 time = 0.187298, # ZDD nodes = 207772, # elems = 1351018719873283799419167350205
Step 2547 time = 0.186678, # ZDD nodes = 206434, # elems = 1966242529130171769361377814861
Step 2548 time = 0.189254, # ZDD nodes = 205101, # elems = 2831226876562856768956374083781
Step 2549 time = 0.191395, # ZDD nodes = 204117, # elems = 4025291834900767387410024381432
Step 2550 time = 0.193934, # ZDD nodes = 203266, # elems = 5644953045757115192480324077092
Step 2551 time = 0.197853, # ZDD nodes = 202371, # elems = 7804321636188673129849499616687
Step 2552 time = 0.198797, # ZDD nodes = 201437, # elems = 10634209054811803272144541035609
Step 2553 time = 0.198111, # ZDD nodes = 200663, # elems = 14279522643155158108111263427151
Step 2554 time = 0.197473, # ZDD nodes = 199800, # elems = 18894584694444534458366859130899
Step 2555 time = 0.194202, # ZDD nodes = 199018, # elems = 24636117983208663407548440685495
Step 2556 time = 0.194448, # ZDD nodes = 198157, # elems = 31653820418948000266535510730050
Step 2557 time = 0.195975, # ZDD nodes = 197423, # elems = 40078697898215576487098051834348
Step 2558 time = 0.199963, # ZDD nodes = 196641, # elems = 50009623837420628204281626966721
Step 2559 time = 0.397355, # ZDD nodes = 195795, # elems = 61498920589812853395981437988689
Step 2560 time = 0.214801, # ZDD nodes = 194962, # elems = 74538075571047326884491982570590
Step 2561 time = 0.219485, # ZDD nodes = 194063, # elems = 89044969792243062969426243831221
Step 2562 time = 0.222830, # ZDD nodes = 193156, # elems = 104854163528418193539188044503514
Step 2563 time = 0.224029, # ZDD nodes = 192407, # elems = 121711813976440804924527562643071
Step 2564 time = 0.222580, # ZDD nodes = 191573, # elems = 139276668116911780936855854791742
Step 2565 time = 0.606097, # ZDD nodes = 190862, # elems = 157128277275589783507012699081595
Step 2566 time = 0.216720, # ZDD nodes = 190062, # elems = 174783141245919612262835041167000
Step 2567 time = 0.214219, # ZDD nodes = 189213, # elems = 191718959905290956195324170212607
Step 2568 time = 0.208988, # ZDD nodes = 188356, # elems = 207406623070324002090597629381862
Step 2569 time = 0.204793, # ZDD nodes = 187515, # elems = 221349092951100485329457561435338
Step 2570 time = 0.200833, # ZDD nodes = 186843, # elems = 233126015926881590325521017606987
Step 2571 time = 0.197007, # ZDD nodes = 186308, # elems = 242442812016441300264569115374897
Step 2572 time = 0.192170, # ZDD nodes = 185690, # elems = 249183166499126669514491473719672
Step 2573 time = 0.187662, # ZDD nodes = 185200, # elems = 253464272757333455067734583983827
Step 2574 time = 0.277458, # ZDD nodes = 184738, # elems = 255694771519231743650314125074320
Step 2575 time = 0.186607, # ZDD nodes = 184307, # elems = 256635959510616381181287950486421
Step 2576 time = 0.188400, # ZDD nodes = 184034, # elems = 257467306668675269362848879793870
Step 2577 time = 0.187351, # ZDD nodes = 183882, # elems = 259857399323560887491318775445094
Step 2578 time = 0.185805, # ZDD nodes = 183851, # elems = 266040890265143626224047227479044
Step 2579 time = 0.185746, # ZDD nodes = 183773, # elems = 278900699200185664966627734784056
Step 2580 time = 0.184802, # ZDD nodes = 183896, # elems = 302052469748293995909524120156083
Step 2581 time = 0.275667, # ZDD nodes = 184052, # elems = 339925185826702402693516461144122
Step 2582 time = 0.187571, # ZDD nodes = 184215, # elems = 397828085903632468933446282170332
Step 2583 time = 0.189593, # ZDD nodes = 184585, # elems = 481989985270753349047163251155204
Step 2584 time = 0.190896, # ZDD nodes = 185095, # elems = 599553409913428662034050011218618
Step 2585 time = 0.194863, # ZDD nodes = 185758, # elems = 758503299125339232609530762672557
Step 2586 time = 0.199165, # ZDD nodes = 186433, # elems = 967509266304270076683272675986720
Step 2587 time = 0.201097, # ZDD nodes = 187107, # elems = 1235662308923717079693918562165785
Step 2588 time = 0.202401, # ZDD nodes = 187902, # elems = 1572092055459672700569534470159272
Step 2589 time = 0.297814, # ZDD nodes = 188857, # elems = 1985459440697781570014422860549261
Step 2590 time = 0.202726, # ZDD nodes = 189771, # elems = 2483331968157675741814554311342423
Step 2591 time = 0.203957, # ZDD nodes = 190869, # elems = 3071463747663601088381714702875031
Step 2592 time = 0.207235, # ZDD nodes = 192013, # elems = 3753018989171370378971561813960825
Step 2593 time = 0.213134, # ZDD nodes = 193167, # elems = 4527793748184817748914005185204806
Step 2594 time = 0.217602, # ZDD nodes = 194484, # elems = 5391504222261600964271176494125034
Step 2595 time = 0.221187, # ZDD nodes = 195751, # elems = 6335218429648880229218618155818169
Step 2596 time = 0.222769, # ZDD nodes = 196957, # elems = 7345009501990605397847340967235148
Step 2597 time = 0.233776, # ZDD nodes = 198092, # elems = 8401901511895854542156387480732593
Step 2598 time = 0.220412, # ZDD nodes = 199277, # elems = 9482162077798086796275423068837874
Step 2599 time = 0.218857, # ZDD nodes = 200366, # elems = 10557970475561621970677108446302323
Step 2600 time = 0.216307, # ZDD nodes = 201343, # elems = 11598457471140055566823836792278915
Step 2601 time = 0.214299, # ZDD nodes = 202469, # elems = 12571076622676310593114641126769679
Step 2602 time = 0.216577, # ZDD nodes = 203612, # elems = 13443230365947851590176632563110029
Step 2603 time = 0.218615, # ZDD nodes = 204744, # elems = 14184042233409166955257291841152391
Step 2604 time = 0.221694, # ZDD nodes = 206052, # elems = 14766143360828924684254079758705349
Step 2605 time = 0.223348, # ZDD nodes = 207442, # elems = 15167330522510448394661827392289704
Step 2606 time = 0.223882, # ZDD nodes = 208937, # elems = 15371956470217223255621212297712811
Step 2607 time = 0.225000, # ZDD nodes = 210389, # elems = 15371931741023522536567069290923726
Step 2608 time = 0.227960, # ZDD nodes = 212000, # elems = 15167248842953324167865036273093803
Step 2609 time = 0.231204, # ZDD nodes = 213586, # elems = 14765981541154904278223710029547392
Step 2610 time = 0.237926, # ZDD nodes = 215107, # elems = 14183759194873316047248827986739466
Step 2611 time = 0.242080, # ZDD nodes = 216603, # elems = 13442763332957366206959412588901300
Step 2612 time = 0.244160, # ZDD nodes = 218206, # elems = 12570335498967887706469360792630990
Step 2613 time = 0.248085, # ZDD nodes = 219766, # elems = 11597317188164630994991639242988173
Step 2614 time = 0.252405, # ZDD nodes = 221441, # elems = 10556261151946341511938762298799915
Step 2615 time = 0.254836, # ZDD nodes = 223026, # elems = 9479656954372372018089576714322027
Step 2616 time = 0.255883, # ZDD nodes = 224513, # elems = 8398302833359079269800999231191910
Step 2617 time = 0.255655, # ZDD nodes = 226088, # elems = 7339932802201546205933846625014321
Step 2618 time = 0.257223, # ZDD nodes = 227622, # elems = 6328176031222005424775828241114870
Step 2619 time = 1.424895, # ZDD nodes = 229297, # elems = 5381889159458390966340826598085832
Step 2620 time = 0.266139, # ZDD nodes = 230918, # elems = 4514865729079014411475025249125371
Step 2621 time = 0.272260, # ZDD nodes = 232465, # elems = 3735894380608498187667848100017018
Step 2622 time = 0.277319, # ZDD nodes = 233948, # elems = 3049111836887322259595725104257839
Step 2623 time = 0.278362, # ZDD nodes = 235282, # elems = 2454579866028060196523711712240775
Step 2624 time = 0.302188, # ZDD nodes = 236489, # elems = 1949007884627279933076634617767585
Step 2625 time = 0.656287, # ZDD nodes = 237591, # elems = 1526544000703772172502365618363586
Step 2626 time = 0.273565, # ZDD nodes = 238576, # elems = 1179565544820389954309727526924769
Step 2627 time = 0.269906, # ZDD nodes = 239489, # elems = 899413375175078757973887710171093
Step 2628 time = 1.039392, # ZDD nodes = 240328, # elems = 677030148879527288072830879075031
Step 2629 time = 0.262806, # ZDD nodes = 241080, # elems = 503479141895621464681761448267307
Step 2630 time = 0.260691, # ZDD nodes = 241876, # elems = 370335272866598491142873507219348
Step 2631 time = 0.257661, # ZDD nodes = 242574, # elems = 269952471637195517000511793835701
Step 2632 time = 1.020247, # ZDD nodes = 243142, # elems = 195620737312077727496494351551927
Step 2633 time = 0.251622, # ZDD nodes = 243628, # elems = 141631989798326739834196384743436
Step 2634 time = 0.248682, # ZDD nodes = 244032, # elems = 103276393222143208303331079010129
Step 2635 time = 0.246444, # ZDD nodes = 244361, # elems = 76790763981692881467447125898688
Step 2636 time = 0.243700, # ZDD nodes = 244752, # elems = 59278655779050301612848625422297
Step 2637 time = 0.241376, # ZDD nodes = 245026, # elems = 48618439496158025750093293522158
Step 2638 time = 0.237987, # ZDD nodes = 245226, # elems = 43371790755885235406321294793605
Step 2639 time = 0.235902, # ZDD nodes = 245320, # elems = 42700954470678745380611753783372
Step 2640 time = 0.233379, # ZDD nodes = 245276, # elems = 46299316823808717221279838832534
Step 2641 time = 0.230347, # ZDD nodes = 245116, # elems = 54336388041284784137383620839141
Step 2642 time = 0.227459, # ZDD nodes = 244852, # elems = 67415387873188280619862928570165
Step 2643 time = 0.225213, # ZDD nodes = 244466, # elems = 86539272710109678571504264373756
Step 2644 time = 0.609636, # ZDD nodes = 243982, # elems = 113079271537414810101082516337524
Step 2645 time = 0.218859, # ZDD nodes = 243374, # elems = 148738841962247970207462981729464
Step 2646 time = 0.215877, # ZDD nodes = 242659, # elems = 195505479800478986190931471434904
Step 2647 time = 0.590874, # ZDD nodes = 241839, # elems = 255583104797159502577555127485238
Step 2648 time = 0.209717, # ZDD nodes = 240891, # elems = 331298896135513037771513029268388
Step 2649 time = 0.206251, # ZDD nodes = 239846, # elems = 424980532364798028810731927800515
Step 2650 time = 0.202604, # ZDD nodes = 238733, # elems = 538802800318691352877901174586875
Step 2651 time = 0.199103, # ZDD nodes = 237541, # elems = 674606366114861827557074135277913
Step 2652 time = 0.196322, # ZDD nodes = 236384, # elems = 833695898698577642592831658334674
Step 2653 time = 0.577421, # ZDD nodes = 235283, # elems = 1016629303889141268057090096672502
Step 2654 time = 0.192890, # ZDD nodes = 234080, # elems = 1223014034569857826354002362533029
Step 2655 time = 0.191490, # ZDD nodes = 232827, # elems = 1451329677883132182189923408476397
Step 2656 time = 0.189864, # ZDD nodes = 231528, # elems = 1698797664667591264940389709564593
Step 2657 time = 0.186333, # ZDD nodes = 230119, # elems = 1961318472884419994229630738877316
Step 2658 time = 0.183530, # ZDD nodes = 228600, # elems = 2233493773068749264661182152683602
Step 2659 time = 0.180626, # ZDD nodes = 227154, # elems = 2508745544005852103983347818436949
Step 2660 time = 0.177370, # ZDD nodes = 225763, # elems = 2779536573250195336347743581454760
Step 2661 time = 0.178088, # ZDD nodes = 224472, # elems = 3037687616842005117069202173476931
Step 2662 time = 0.178023, # ZDD nodes = 223340, # elems = 3274776819638082559969509346863205
Step 2663 time = 0.179598, # ZDD nodes = 222373, # elems = 3482598022050068027165595604346634
Step 2664 time = 0.187450, # ZDD nodes = 221794, # elems = 3653647634247717263785090852933048
Step 2665 time = 0.387420, # ZDD nodes = 221762, # elems = 3781606129969019676116219780183972
Step 2666 time = 0.210168, # ZDD nodes = 222121, # elems = 3861780991206681713900895062703967
Step 2667 time = 0.608207, # ZDD nodes = 223048, # elems = 3891483914704589256868182838713073
Step 2668 time = 0.246801, # ZDD nodes = 224490, # elems = 3870326717297287077404993598966433
Step 2669 time = 0.266271, # ZDD nodes = 226417, # elems = 3800437772965989992633880058156251
Step 2670 time = 0.291572, # ZDD nodes = 228737, # elems = 3686623868710494507785012671904113
Step 2671 time = 0.313956, # ZDD nodes = 231637, # elems = 3536530857676033563447365397978025
Step 2672 time = 1.101239, # ZDD nodes = 235050, # elems = 3360890200616194780333842809478799
Step 2673 time = 0.363565, # ZDD nodes = 238972, # elems = 3173977256432988740805222356092629
Step 2674 time = 0.387042, # ZDD nodes = 243379, # elems = 2994450809031512482533156242921011
Step 2675 time = 0.412030, # ZDD nodes = 248155, # elems = 2846791288856758621160855863154797
Step 2676 time = 0.529457, # ZDD nodes = 253643, # elems = 2763606143835594225414533406389443
Step 2677 time = 0.453717, # ZDD nodes = 259318, # elems = 2789122006589182624635028933300685
Step 2678 time = 0.468047, # ZDD nodes = 265159, # elems = 2984229511656991221166163148739848
Step 2679 time = 0.864698, # ZDD nodes = 271107, # elems = 3433479462699638910064360374973167
Step 2680 time = 0.484923, # ZDD nodes = 277250, # elems = 4254436330932433012386480698273621
Step 2681 time = 0.488910, # ZDD nodes = 283483, # elems = 5609760593514643689653694641263327
Step 2682 time = 0.517563, # ZDD nodes = 289610, # elems = 7722295648631488724926717358758656
Step 2683 time = 0.497645, # ZDD nodes = 295550, # elems = 10893256771286353080223338175530834
Step 2684 time = 1.256653, # ZDD nodes = 301232, # elems = 15523338924052607673076989969838495
Step 2685 time = 0.501256, # ZDD nodes = 306601, # elems = 22136162956356410708578749595151058
Step 2686 time = 0.499003, # ZDD nodes = 311859, # elems = 31402962578084281206697744144860821
Step 2687 time = 0.882956, # ZDD nodes = 316884, # elems = 44166791204419963626808281353548326
Step 2688 time = 0.495414, # ZDD nodes = 321787, # elems = 61463834611380533372701020432730673
Step 2689 time = 0.494097, # ZDD nodes = 326532, # elems = 84538715124140008681537881081529818
Step 2690 time = 0.876706, # ZDD nodes = 331246, # elems = 114850056086341678366125277757176308
Step 2691 time = 0.875610, # ZDD nodes = 335730, # elems = 154062155940491316415631825156855963
Step 2692 time = 0.493041, # ZDD nodes = 340350, # elems = 204018528692646084433797798101895997
Step 2693 time = 0.494522, # ZDD nodes = 344735, # elems = 266693431190986494012120825648489906
Step 2694 time = 0.495789, # ZDD nodes = 348908, # elems = 344118426655837599324646570396673762
Step 2695 time = 0.870878, # ZDD nodes = 352958, # elems = 438282593475221109044761370351954211
Step 2696 time = 0.487281, # ZDD nodes = 356863, # elems = 551007175715402054588779308483091999
Step 2697 time = 0.482503, # ZDD nodes = 360968, # elems = 683798196352735640074006205510899360
Step 2698 time = 0.477558, # ZDD nodes = 365112, # elems = 837683625669563386958094474602689078
Step 2699 time = 0.902470, # ZDD nodes = 369221, # elems = 1013044827412271694208708716573511513
Step 2700 time = 0.476085, # ZDD nodes = 373161, # elems = 1209454825941400046183833267065839470
Step 2701 time = 0.484133, # ZDD nodes = 376921, # elems = 1425538035456311060198304363825673444
Step 2702 time = 0.494042, # ZDD nodes = 380522, # elems = 1658867059516643319536828089514632443
Step 2703 time = 0.506968, # ZDD nodes = 383895, # elems = 1905911663288061000963999237334347444
Step 2704 time = 0.519910, # ZDD nodes = 387055, # elems = 2162052827998719744760534196376378295
Step 2705 time = 0.528145, # ZDD nodes = 390026, # elems = 2421670884893864994783100311430690849
Step 2706 time = 1.301824, # ZDD nodes = 392821, # elems = 2678311279880642501295273062987217115
Step 2707 time = 0.537081, # ZDD nodes = 395427, # elems = 2924924950573059815460854480372778329
Step 2708 time = 0.535524, # ZDD nodes = 397863, # elems = 3154173214714265067481447959180377507
Step 2709 time = 0.542459, # ZDD nodes = 400135, # elems = 3358780223554031377086134067208282285
Step 2710 time = 0.525759, # ZDD nodes = 402253, # elems = 3531910229243258470583806360361163151
Step 2711 time = 0.518231, # ZDD nodes = 404360, # elems = 3667542903303857035390677339598219763
Step 2712 time = 0.510046, # ZDD nodes = 406262, # elems = 3760818316221018268629423995586215939
Step 2713 time = 0.501859, # ZDD nodes = 407963, # elems = 3808324286818000904522265386046629292
Step 2714 time = 0.688100, # ZDD nodes = 409457, # elems = 3808302660714390462141523972367797967
Step 2715 time = 0.485373, # ZDD nodes = 410939, # elems = 3760757371697483311845323326676021379
Step 2716 time = 0.869670, # ZDD nodes = 412233, # elems = 3667455262684567929310159344825194676
Step 2717 time = 0.864983, # ZDD nodes = 413366, # elems = 3531819743350148062495681910138070072
Step 2718 time = 0.478915, # ZDD nodes = 414383, # elems = 3358726460917301857098739730214020743
Step 2719 time = 0.479706, # ZDD nodes = 415228, # elems = 3154218279571868540642263642290685328
Step 2720 time = 0.478012, # ZDD nodes = 416114, # elems = 2925163148831465424662444745846032843
Step 2721 time = 0.477398, # ZDD nodes = 417046, # elems = 2678882271942072575494443736897100124
Step 2722 time = 0.478874, # ZDD nodes = 417989, # elems = 2422777048193182469308459131638864068
Step 2723 time = 0.481278, # ZDD nodes = 418773, # elems = 2163981578240591921243125980908701532
Step 2724 time = 0.488552, # ZDD nodes = 419470, # elems = 1909063424211911367923685755086905921
Step 2725 time = 0.500908, # ZDD nodes = 420044, # elems = 1663789395409200240738247166666652528
Step 2726 time = 0.511939, # ZDD nodes = 420688, # elems = 1432966137311248655846599014012636839
Step 2727 time = 0.527233, # ZDD nodes = 421556, # elems = 1220358044853073145903942893999520283
Step 2728 time = 0.541245, # ZDD nodes = 422221, # elems = 1028678262766784252082691274345548302
Step 2729 time = 0.550948, # ZDD nodes = 422698, # elems = 859642905277578241419458751216775078
Step 2730 time = 0.557569, # ZDD nodes = 422989, # elems = 714074561635413657047117673440882208
Step 2731 time = 0.560720, # ZDD nodes = 423306, # elems = 592038870710391217079210537730759482
Step 2732 time = 0.950954, # ZDD nodes = 423443, # elems = 492997450694161603538873709319257420
Step 2733 time = 0.560511, # ZDD nodes = 423650, # elems = 415961578739073996653988702925337043
Step 2734 time = 0.562713, # ZDD nodes = 423768, # elems = 359633414574767374610097560909181141
Step 2735 time = 0.564400, # ZDD nodes = 423744, # elems = 322524856354518282231317377131816376
Step 2736 time = 0.565435, # ZDD nodes = 423742, # elems = 303047884883477870021049536858609069
Step 2737 time = 0.947679, # ZDD nodes = 423582, # elems = 299574092146964466098285413731209751
Step 2738 time = 0.559027, # ZDD nodes = 423253, # elems = 310464652330933393962264109105908267
Step 2739 time = 0.552327, # ZDD nodes = 422896, # elems = 334075001145010198599502280365641555
Step 2740 time = 0.542967, # ZDD nodes = 422327, # elems = 368740745446444192402248014503718861
Step 2741 time = 0.532671, # ZDD nodes = 421523, # elems = 412752713387823132476766380342986722
Step 2742 time = 0.522232, # ZDD nodes = 420474, # elems = 464329534351921689901010409513379487
Step 2743 time = 0.511816, # ZDD nodes = 419408, # elems = 521595735107677889889229194671116162
Step 2744 time = 0.504148, # ZDD nodes = 418174, # elems = 582572142801007811477704485019877714
Step 2745 time = 0.497687, # ZDD nodes = 416733, # elems = 645183540065587858910653528614645488
Step 2746 time = 0.490005, # ZDD nodes = 415134, # elems = 707286212840868460761288430251699506
Step 2747 time = 0.481977, # ZDD nodes = 413332, # elems = 766715493695571014888321295225254179
Step 2748 time = 0.475949, # ZDD nodes = 411483, # elems = 821350880487701897071135146707590550
Step 2749 time = 1.246050, # ZDD nodes = 409553, # elems = 869194052555344843292489471228943567
Step 2750 time = 0.464737, # ZDD nodes = 407620, # elems = 908453344637808825941556304524044579
Step 2751 time = 0.464952, # ZDD nodes = 405471, # elems = 937627158147373974915666169212155293
Step 2752 time = 0.467867, # ZDD nodes = 403131, # elems = 955578508920059109388245730776125553
Step 2753 time = 0.472151, # ZDD nodes = 400717, # elems = 961593464772478490193609991927193499
Step 2754 time = 0.473985, # ZDD nodes = 398418, # elems = 955417557724073674352147677219674047
Step 2755 time = 0.477920, # ZDD nodes = 396204, # elems = 937266218810945687523412840561849900
Step 2756 time = 0.480820, # ZDD nodes = 393992, # elems = 907807659260530323204969796293719413
Step 2757 time = 0.478140, # ZDD nodes = 391612, # elems = 868119144647435302048474972792395469
Step 2758 time = 0.474154, # ZDD nodes = 389091, # elems = 819619998747092851722721350672630400
Step 2759 time = 0.469283, # ZDD nodes = 386664, # elems = 763986672699379873011732349397502870
Step 2760 time = 0.464709, # ZDD nodes = 384216, # elems = 703056617974078266111399537793326358
Step 2761 time = 0.462995, # ZDD nodes = 381936, # elems = 638728381762432362987824645788354634
Step 2762 time = 0.464546, # ZDD nodes = 379672, # elems = 572865265185741856177394198169479968
Step 2763 time = 0.468188, # ZDD nodes = 377373, # elems = 507209103578866772750178704135424274
Step 2764 time = 0.858340, # ZDD nodes = 375021, # elems = 443309378066382048213436064926786413
Step 2765 time = 0.476159, # ZDD nodes = 372557, # elems = 382471138659851127941119119383898437
Step 2766 time = 0.475815, # ZDD nodes = 369799, # elems = 325723328510876864273160649569020122
Step 2767 time = 0.473666, # ZDD nodes = 366772, # elems = 273807261567468821169683129691138768
Step 2768 time = 0.658604, # ZDD nodes = 363468, # elems = 227183407236146631540850923018941005
Step 2769 time = 0.484155, # ZDD nodes = 359933, # elems = 186053412052878287871026202145254366
Step 2770 time = 0.837794, # ZDD nodes = 356177, # elems = 150393515894683656095592472664579038
Step 2771 time = 0.438901, # ZDD nodes = 352260, # elems = 119995213290009029971404984923206986
Step 2772 time = 0.810674, # ZDD nodes = 348234, # elems = 94509128563796115607614976916734058
Step 2773 time = 0.415903, # ZDD nodes = 344139, # elems = 73488535115081626289861528081678801
Step 2774 time = 0.403283, # ZDD nodes = 339994, # elems = 56429647622570024251865727833316977
Step 2775 time = 0.391439, # ZDD nodes = 335854, # elems = 42806637520061913311041637439826452
Step 2776 time = 0.379936, # ZDD nodes = 331765, # elems = 32100160555611575832335255742269878
Step 2777 time = 0.367518, # ZDD nodes = 327727, # elems = 23818953654185655182601289023021536
Step 2778 time = 0.355521, # ZDD nodes = 323790, # elems = 17514695431842837968346363396704704
Step 2779 time = 0.343335, # ZDD nodes = 320011, # elems = 12790797054221095413390949998938281
Step 2780 time = 0.331284, # ZDD nodes = 316400, # elems = 9306089804017151497201268056565352
Step 2781 time = 0.320176, # ZDD nodes = 312987, # elems = 6774515504614436200003685956360271
Step 2782 time = 0.309114, # ZDD nodes = 309583, # elems = 4961932830333194887015966007086510
Step 2783 time = 0.298813, # ZDD nodes = 306355, # elems = 3681060980669224385899019114277757
Step 2784 time = 0.291436, # ZDD nodes = 303204, # elems = 2785428134957345293178950113131489
Step 2785 time = 0.283116, # ZDD nodes = 300141, # elems = 2163008294505197001937494833451998
Step 2786 time = 0.274032, # ZDD nodes = 297138, # elems = 1730043166110895393642899935350831
Step 2787 time = 0.266489, # ZDD nodes = 294169, # elems = 1425374721907642203691280466879102
Step 2788 time = 0.257825, # ZDD nodes = 291216, # elems = 1205470515994714505306481051833055
Step 2789 time = 0.250827, # ZDD nodes = 288184, # elems = 1040212676754893227095668981587573
Step 2790 time = 0.245246, # ZDD nodes = 285197, # elems = 909442549686764323978218453575847
Step 2791 time = 0.240668, # ZDD nodes = 282185, # elems = 800202638614072842740563488663334
Step 2792 time = 0.238509, # ZDD nodes = 279114, # elems = 704590333048059082384856464299620
Step 2793 time = 0.235747, # ZDD nodes = 275990, # elems = 618127906262097849828322837715213
Step 2794 time = 0.235881, # ZDD nodes = 272987, # elems = 538554774973029948267480471411784
Step 2795 time = 0.238147, # ZDD nodes = 269979, # elems = 464956294863443748536403918344107
Step 2796 time = 1.010382, # ZDD nodes = 266952, # elems = 397154841868241459127437641252355
Step 2797 time = 0.243934, # ZDD nodes = 263910, # elems = 335301154618529702926397721592960
Step 2798 time = 0.246124, # ZDD nodes = 260848, # elems = 279615430483232241315685714133160
Step 2799 time = 0.247401, # ZDD nodes = 257957, # elems = 230237771339496534184286742393409
Step 2800 time = 0.634778, # ZDD nodes = 255155, # elems = 187156070593338750074059053517193
Step 2801 time = 0.248662, # ZDD nodes = 252608, # elems = 150186420339876044097888728670286
Step 2802 time = 0.251027, # ZDD nodes = 250194, # elems = 118986827411615908060236572681656
Step 2803 time = 0.253620, # ZDD nodes = 247876, # elems = 93089710520670735778030840338314
Step 2804 time = 0.254151, # ZDD nodes = 245662, # elems = 71942519830434442563126567980717
Step 2805 time = 0.637440, # ZDD nodes = 243516, # elems = 54949027131273586441821160130570
Step 2806 time = 0.251028, # ZDD nodes = 241486, # elems = 41506475570538167281418446928382
Step 2807 time = 0.245935, # ZDD nodes = 239577, # elems = 31035910029803442241117511693609
Step 2808 time = 0.252225, # ZDD nodes = 237834, # elems = 23004671426756127715351221184569
Step 2809 time = 0.232548, # ZDD nodes = 236231, # elems = 16941267053514639105145501765773
Step 2810 time = 0.225716, # ZDD nodes = 234705, # elems = 12443669281959883936807242665529
Step 2811 time = 0.219956, # ZDD nodes = 233375, # elems = 9182602596984184644352928422398
Step 2812 time = 0.214928, # ZDD nodes = 231951, # elems = 6901618630707848597655679791040
Step 2813 time = 0.211314, # ZDD nodes = 230457, # elems = 5415797612890844720227102352831
Step 2814 time = 0.206303, # ZDD nodes = 228857, # elems = 4610813857658561700740429293795
Step 2815 time = 0.202817, # ZDD nodes = 227192, # elems = 4443911275440219035831928528847
Step 2816 time = 0.197999, # ZDD nodes = 225639, # elems = 4948083253007438528534120049681
Step 2817 time = 0.194651, # ZDD nodes = 224072, # elems = 6240450371785117072306524637221
Step 2818 time = 0.192383, # ZDD nodes = 222837, # elems = 8535471361981483688649612307954
Step 2819 time = 0.191242, # ZDD nodes = 221748, # elems = 12163185412827643401095513778036
Step 2820 time = 0.191287, # ZDD nodes = 220573, # elems = 17592139332780098162638929286481
Step 2821 time = 0.192264, # ZDD nodes = 219315, # elems = 25455977229164625198483723146899
Step 2822 time = 0.192079, # ZDD nodes = 218140, # elems = 36581855787436706987577218095681
Step 2823 time = 0.193238, # ZDD nodes = 216872, # elems = 52017915682531367565070569364227
Step 2824 time = 0.194355, # ZDD nodes = 215577, # elems = 73056048596425981635505489970524
Step 2825 time = 0.192457, # ZDD nodes = 214299, # elems = 101245253942983644781967052621951
Step 2826 time = 0.190426, # ZDD nodes = 213004, # elems = 138390128108914023155538299874086
Step 2827 time = 0.278639, # ZDD nodes = 212164, # elems = 186528654986650864038234678760831
Step 2828 time = 0.186286, # ZDD nodes = 211310, # elems = 247883668144482423585953473175787
Step 2829 time = 0.187748, # ZDD nodes = 210624, # elems = 324783316043081688204268959155698
Step 2830 time = 0.190881, # ZDD nodes = 209928, # elems = 419547714383527042876263256397036
Step 2831 time = 0.196649, # ZDD nodes = 209379, # elems = 534341753928351476907374624061689
Step 2832 time = 0.201369, # ZDD nodes = 208766, # elems = 670997659174423997079813436114165
Step 2833 time = 0.583774, # ZDD nodes = 208055, # elems = 830815120834343314734348024193128
Step 2834 time = 0.208135, # ZDD nodes = 207249, # elems = 1014351253006663481826806940489898
Step 2835 time = 0.207500, # ZDD nodes = 206343, # elems = 1221216718143073202557162569742662
Step 2836 time = 0.207158, # ZDD nodes = 205324, # elems = 1449897499134319761192903758373947
Step 2837 time = 0.205714, # ZDD nodes = 204199, # elems = 1697623352139321085612173979473045
Step 2838 time = 0.249051, # ZDD nodes = 203014, # elems = 1960303412245704176114532852129942
Step 2839 time = 0.221384, # ZDD nodes = 201775, # elems = 2232546407273126102108973941811116
Step 2840 time = 0.195946, # ZDD nodes = 200522, # elems = 2507777408007459833774498280451813
Step 2841 time = 0.191804, # ZDD nodes = 199443, # elems = 2778455293812816225204055003146967
Step 2842 time = 0.187426, # ZDD nodes = 198277, # elems = 3036385783052852633837645760513119
Step 2843 time = 0.183930, # ZDD nodes = 197240, # elems = 3273114918958129395290873821890199
Step 2844 time = 0.181097, # ZDD nodes = 196108, # elems = 3480378470824745892360260422605117
Step 2845 time = 0.176835, # ZDD nodes = 195112, # elems = 3650575022883765324306044239949142
Step 2846 time = 0.175409, # ZDD nodes = 194153, # elems = 3777225677558255249158103181303574
Step 2847 time = 0.175734, # ZDD nodes = 193217, # elems = 3855382105985429664084030909563168
Step 2848 time = 0.175383, # ZDD nodes = 192465, # elems = 3881947516932857480009043374775207
Step 2849 time = 0.174556, # ZDD nodes = 191850, # elems = 3855881853805379157379578311393382
Step 2850 time = 0.172700, # ZDD nodes = 191357, # elems = 3778272517753595019892043045369685
Step 2851 time = 0.172269, # ZDD nodes = 190846, # elems = 3652264057580028421018190838621932
Step 2852 time = 0.172915, # ZDD nodes = 190534, # elems = 3482853169260520354372718831623040
Step 2853 time = 0.173925, # ZDD nodes = 190259, # elems = 3276567508975465761375434003748129
Step 2854 time = 0.176126, # ZDD nodes = 190138, # elems = 3041056848759114656245704447872435
Step 2855 time = 0.176934, # ZDD nodes = 190188, # elems = 2784631897676676977512397856222797
Step 2856 time = 0.177531, # ZDD nodes = 190358, # elems = 2515789022091520444754904738926891
Step 2857 time = 0.181046, # ZDD nodes = 190471, # elems = 2242757991337020672809288869472773
Step 2858 time = 0.274465, # ZDD nodes = 190607, # elems = 1973105124797758145843129553176351
Step 2859 time = 0.187420, # ZDD nodes = 190718, # elems = 1713416624627921364014504763709076
Step 2860 time = 0.187101, # ZDD nodes = 190800, # elems = 1469077533024001611373401634377361
Step 2861 time = 0.186943, # ZDD nodes = 191234, # elems = 1244151856941001985576303432736290
Step 2862 time = 0.187438, # ZDD nodes = 191627, # elems = 1041360101412546495018553727716333
Step 2863 time = 0.188000, # ZDD nodes = 192358, # elems = 862142685887995830588138619515731
Step 2864 time = 0.192318, # ZDD nodes = 193129, # elems = 706792122434398256393743704893723
Step 2865 time = 0.196847, # ZDD nodes = 193857, # elems = 574633698399472620219498181534890
Step 2866 time = 0.201399, # ZDD nodes = 194674, # elems = 464233681676237318767507293459975
Step 2867 time = 0.203468, # ZDD nodes = 195414, # elems = 373615429463068208645489278705106
Step 2868 time = 0.205418, # ZDD nodes = 196057, # elems = 300466718339311442092985350133096
Step 2869 time = 0.203994, # ZDD nodes = 196640, # elems = 242325523152417096609570941401440
Step 2870 time = 0.204197, # ZDD nodes = 197174, # elems = 196735758929234813509787604529757
Step 2871 time = 0.202521, # ZDD nodes = 197668, # elems = 161368648622917119604332569690373
Step 2872 time = 0.200073, # ZDD nodes = 198224, # elems = 134109003341523936791668746616737
Step 2873 time = 0.198875, # ZDD nodes = 198901, # elems = 113108562092236819841929304832761
Step 2874 time = 0.200829, # ZDD nodes = 199540, # elems = 96810538653026267770138119653787
Step 2875 time = 0.202153, # ZDD nodes = 200128, # elems = 83950685962411550125487270099670
Step 2876 time = 0.203445, # ZDD nodes = 200815, # elems = 73540619745599857633540782275276
Step 2877 time = 0.203941, # ZDD nodes = 201418, # elems = 64838997365581910703021095737804
Step 2878 time = 0.204495, # ZDD nodes = 202128, # elems = 57315595147822931076960281425412
Step 2879 time = 0.205532, # ZDD nodes = 202795, # elems = 50612528686029807176086035365685
Step 2880 time = 0.208458, # ZDD nodes = 203669, # elems = 44505952274542164960327035161192
Step 2881 time = 0.211013, # ZDD nodes = 204543, # elems = 38870660317302323713336757051981
Step 2882 time = 0.216484, # ZDD nodes = 205536, # elems = 33649167932613658235127310858727
Step 2883 time = 0.218818, # ZDD nodes = 206657, # elems = 28826114402561566195252145639310
Step 2884 time = 0.981570, # ZDD nodes = 207853, # elems = 24408233676604033445781833863962
Step 2885 time = 0.222593, # ZDD nodes = 208975, # elems = 20409676673301577574796155412698
Step 2886 time = 0.226181, # ZDD nodes = 210024, # elems = 16842145481174117699726331682654
Step 2887 time = 0.227132, # ZDD nodes = 210990, # elems = 13709097537574520449354348758363
Step 2888 time = 0.228340, # ZDD nodes = 211847, # elems = 11003181928081252273233360863510
Step 2889 time = 0.227807, # ZDD nodes = 212830, # elems = 8706061049775809351759947913870
Step 2890 time = 0.229049, # ZDD nodes = 213761, # elems = 6789828773144729416096231351616
Step 2891 time = 0.231541, # ZDD nodes = 214856, # elems = 5219340591658032116021029062341
Step 2892 time = 0.236049, # ZDD nodes = 216068, # elems = 3954902732827118639340957251898
Step 2893 time = 0.240691, # ZDD nodes = 217169, # elems = 2954908522795563745010555196028
Step 2894 time = 0.615827, # ZDD nodes = 218215, # elems = 2178147096428558640899969232789
Step 2895 time = 0.244906, # ZDD nodes = 219122, # elems = 1585631067901708622336103473523
Step 2896 time = 0.243525, # ZDD nodes = 219904, # elems = 1141889139910778796921224368982
Step 2897 time = 0.240735, # ZDD nodes = 220563, # elems = 815743701424572798304158035388
Step 2898 time = 0.237582, # ZDD nodes = 221110, # elems = 580642370633794560668342501646
Step 2899 time = 0.234516, # ZDD nodes = 221532, # elems = 414638800908826329033450961057
Step 2900 time = 0.231913, # ZDD nodes = 221828, # elems = 300126097080301166921242508650
Step 2901 time = 0.993502, # ZDD nodes = 221957, # elems = 223420802784432444339187430519
Step 2902 time = 0.225182, # ZDD nodes = 221967, # elems = 174281465364780571698553639638
Step 2903 time = 0.221292, # ZDD nodes = 221876, # elems = 145427476902858151524922688815
Step 2904 time = 0.217955, # ZDD nodes = 221663, # elems = 132104474769711419411659554845
Step 2905 time = 0.215388, # ZDD nodes = 221357, # elems = 131724233510287935812697587706
Step 2906 time = 0.212728, # ZDD nodes = 220950, # elems = 143590865708533376228734929305
Step 2907 time = 0.984176, # ZDD nodes = 220423, # elems = 168711658715407175083251644946
Step 2908 time = 0.205943, # ZDD nodes = 219925, # elems = 209679884236316262252541828818
Step 2909 time = 0.203008, # ZDD nodes = 219322, # elems = 270608090708313589556585083195
Step 2910 time = 0.199111, # ZDD nodes = 218614, # elems = 357083429916894295290207058379
Step 2911 time = 0.568144, # ZDD nodes = 217809, # elems = 476111419047159184289803660698
Step 2912 time = 0.194687, # ZDD nodes = 216904, # elems = 636011467781285350647806899655
Step 2913 time = 0.190340, # ZDD nodes = 215913, # elems = 846227100457542624089006313753
Step 2914 time = 0.188232, # ZDD nodes = 214976, # elems = 1117016879907085463222609158383
Step 2915 time = 0.184323, # ZDD nodes = 213939, # elems = 1458999406068874164601454517263
Step 2916 time = 0.181957, # ZDD nodes = 212778, # elems = 1882537980415253323372959033920
Step 2917 time = 0.178338, # ZDD nodes = 211469, # elems = 2396967627851860933443826781086
Step 2918 time = 0.174440, # ZDD nodes = 210029, # elems = 3009688411948322224117709333266
Step 2919 time = 0.171394, # ZDD nodes = 208634, # elems = 3725172714778462417225512828314
Step 2920 time = 0.548136, # ZDD nodes = 207147, # elems = 4543957821622197338153595770885
Step 2921 time = 0.169381, # ZDD nodes = 205562, # elems = 5461715484078067485683191666869
Step 2922 time = 0.167135, # ZDD nodes = 203905, # elems = 6468503536955796517696428945830
Step 2923 time = 0.165147, # ZDD nodes = 202156, # elems = 7548307735260878743579154931261
Step 2924 time = 0.161499, # ZDD nodes = 200444, # elems = 8678972222440901163555186233251
Step 2925 time = 0.159882, # ZDD nodes = 198741, # elems = 9832593355725474569717176180746
Step 2926 time = 0.159031, # ZDD nodes = 197349, # elems = 10976414830306084752304201042184
Step 2927 time = 0.159986, # ZDD nodes = 196213, # elems = 12074215116849714653659094394741
Step 2928 time = 0.161880, # ZDD nodes = 195339, # elems = 13088126110178938940931692142319
Step 2929 time = 0.164560, # ZDD nodes = 194636, # elems = 13980771051955541832769521432505
Step 2930 time = 0.169568, # ZDD nodes = 194077, # elems = 14717567441325873120165287593720
Step 2931 time = 0.178442, # ZDD nodes = 193608, # elems = 15269013759021856909101773540351
Step 2932 time = 0.187447, # ZDD nodes = 193222, # elems = 15612773181337994919382265766226
Step 2933 time = 0.195986, # ZDD nodes = 192874, # elems = 15735386867689141267428430431036
Step 2934 time = 0.202865, # ZDD nodes = 192617, # elems = 15633495335916826496806391998951
Step 2935 time = 0.207734, # ZDD nodes = 192618, # elems = 15314518116093445693081848252883
Step 2936 time = 0.213545, # ZDD nodes = 193093, # elems = 14796836890535138852909768277111
Step 2937 time = 0.219288, # ZDD nodes = 193898, # elems = 14109642666080811251005945783142
Step 2938 time = 0.226575, # ZDD nodes = 194765, # elems = 13292740734697669937477218003080
Step 2939 time = 0.235655, # ZDD nodes = 195675, # elems = 12396757393560104552466240621844
Step 2940 time = 0.242365, # ZDD nodes = 196779, # elems = 11484360783046497217976084705725
Step 2941 time = 0.249193, # ZDD nodes = 197844, # elems = 10633297456955620541703189806435
Step 2942 time = 0.253587, # ZDD nodes = 198871, # elems = 9942258876870203645609163019880
Step 2943 time = 0.256870, # ZDD nodes = 199800, # elems = 9540826942357722515067958445988
Step 2944 time = 0.257838, # ZDD nodes = 200617, # elems = 9604996012513124362496063042633
Step 2945 time = 0.255608, # ZDD nodes = 201341, # elems = 10380008398588229700978746781299
Step 2946 time = 0.264893, # ZDD nodes = 201953, # elems = 12212430004790080514982938538934
Step 2947 time = 0.249194, # ZDD nodes = 202625, # elems = 15593468653484435103952376927918
Step 2948 time = 0.247068, # ZDD nodes = 203259, # elems = 21215411214854830124341418596645
Step 2949 time = 0.242602, # ZDD nodes = 203903, # elems = 30042617344516100828273164877373
Step 2950 time = 0.251339, # ZDD nodes = 204687, # elems = 43397636281406336020450935775566
Step 2951 time = 0.235652, # ZDD nodes = 205369, # elems = 63061593544492745787373208597425
Step 2952 time = 0.231600, # ZDD nodes = 206306, # elems = 91385942593454188319149809573376
Step 2953 time = 0.227834, # ZDD nodes = 207155, # elems = 131409972122629127500542932104711
Step 2954 time = 0.223694, # ZDD nodes = 208085, # elems = 186975180968532073739036516363275
Step 2955 time = 0.612395, # ZDD nodes = 209027, # elems = 262823989627560070914542597774311
Step 2956 time = 0.222747, # ZDD nodes = 209962, # elems = 364666614351402832725274769740765
Step 2957 time = 0.223585, # ZDD nodes = 211039, # elems = 499196808462654670594950208187995
Step 2958 time = 0.225691, # ZDD nodes = 212419, # elems = 674035230343897332125797624314295
Step 2959 time = 0.227697, # ZDD nodes = 213706, # elems = 897579156396699579770394448459239
Step 2960 time = 0.228150, # ZDD nodes = 214876, # elems = 1178739826336045668405224047187377
Step 2961 time = 0.226566, # ZDD nodes = 215989, # elems = 1526554446240800562685446941261766
Step 2962 time = 0.225786, # ZDD nodes = 217009, # elems = 1949669050505741728100848265037734
Step 2963 time = 0.223191, # ZDD nodes = 218105, # elems = 2455700878048525563928735622084035
Step 2964 time = 0.223544, # ZDD nodes = 219123, # elems = 3050503958604445695920848613767341
Step 2965 time = 0.226291, # ZDD nodes = 220234, # elems = 3737377963636462213010942457505409
Step 2966 time = 0.231629, # ZDD nodes = 221300, # elems = 4516276254692174741152313852908820
Step 2967 time = 0.242088, # ZDD nodes = 222281, # elems = 5383082279512511975887880896350733
Step 2968 time = 0.252198, # ZDD nodes = 223224, # elems = 6329031711523037888012030471302411
Step 2969 time = 0.262752, # ZDD nodes = 224084, # elems = 7340358891053449636449489917655607
Step 2970 time = 0.271382, # ZDD nodes = 224861, # elems = 8398238667566387354844567594039530
Step 2971 time = 0.276600, # ZDD nodes = 225751, # elems = 9479078044193541516005488994269863
Step 2972 time = 0.279765, # ZDD nodes = 226535, # elems = 10555186658666482396554032021695624
Step 2973 time = 0.280498, # ZDD nodes = 227192, # elems = 11595822971611672584905368225095299
Step 2974 time = 0.278438, # ZDD nodes = 227752, # elems = 12568577175086136136838935569319912
Step 2975 time = 0.276988, # ZDD nodes = 228201, # elems = 13441016324904046521024400807018457
Step 2976 time = 0.273772, # ZDD nodes = 228538, # elems = 14182486552753064334754154799891451
Step 2977 time = 0.270833, # ZDD nodes = 228785, # elems = 14765945804964432677909652143037557
Step 2978 time = 0.651313, # ZDD nodes = 228968, # elems = 15169691972949254693616938193380810
Step 2979 time = 0.265303, # ZDD nodes = 229097, # elems = 15378857731879364298470439021030762
Step 2980 time = 0.261754, # ZDD nodes = 229180, # elems = 15386565274073462282957819281518819
Step 2981 time = 0.258582, # ZDD nodes = 229594, # elems = 15194669772256486223052444286888469
Step 2982 time = 0.259999, # ZDD nodes = 229955, # elems = 14814066246001918314664519698927534
Step 2983 time = 0.260972, # ZDD nodes = 230255, # elems = 14264585342280673525900688338446382
Step 2984 time = 0.262135, # ZDD nodes = 230576, # elems = 13574553164467590057681200410823031
Step 2985 time = 0.264350, # ZDD nodes = 230879, # elems = 12780132178478910545254599948872030
Step 2986 time = 0.264520, # ZDD nodes = 231367, # elems = 11924588341821417437961708757317845
Step 2987 time = 0.266959, # ZDD nodes = 232218, # elems = 11057639075466643651634778237360134
Step 2988 time = 0.268191, # ZDD nodes = 233196, # elems = 10235024430676502590764481550436719
Step 2989 time = 0.272329, # ZDD nodes = 234152, # elems = 9518408866971260791426486444801115
Step 2990 time = 0.658673, # ZDD nodes = 235062, # elems = 8975664912997308649916043384605213
Step 2991 time = 0.286237, # ZDD nodes = 235923, # elems = 8681516506806339586621884089480315
Step 2992 time = 0.292818, # ZDD nodes = 236890, # elems = 8718435175916725268800291723459901
Step 2993 time = 0.299901, # ZDD nodes = 237817, # elems = 9177594616149292631799147841933944
Step 2994 time = 0.307863, # ZDD nodes = 238712, # elems = 10159608473725419980010771545465248
Step 2995 time = 0.311260, # ZDD nodes = 239560, # elems = 11774713077956410687015972276964063
Step 2996 time = 0.313957, # ZDD nodes = 240514, # elems = 14142022612089916177356112028123249
Step 2997 time = 0.315387, # ZDD nodes = 241619, # elems = 17387489060704149948794809709288608
Step 2998 time = 0.315697, # ZDD nodes = 242684, # elems = 21640251473106139849369403203123519
Step 2999 time = 0.315687, # ZDD nodes = 244100, # elems = 27027163325052087996039488672771078
Step 3000 time = 0.317499, # ZDD nodes = 245486, # elems = 33665442675863343571661688933647946
Step 3001 time = 0.320764, # ZDD nodes = 246788, # elems = 41653590659992065587188410252046547
Step 3002 time = 0.698583, # ZDD nodes = 248004, # elems = 51060955694723933079613545564239835
Step 3003 time = 0.319799, # ZDD nodes = 249091, # elems = 61916562543198436504477688630301880
Step 3004 time = 0.318034, # ZDD nodes = 250059, # elems = 74198049921586739253893990034276628
Step 3005 time = 0.313927, # ZDD nodes = 250908, # elems = 87821736879103826312999775085330460
Step 3006 time = 0.308982, # ZDD nodes = 251652, # elems = 102634935751497821372871250832169178
Step 3007 time = 0.304144, # ZDD nodes = 252310, # elems = 118411621350607284780521519718079763
Step 3008 time = 0.297889, # ZDD nodes = 252865, # elems = 134852434339127356093667126807174573
Step 3009 time = 0.291899, # ZDD nodes = 253641, # elems = 151589736669235227898650411153454841
Step 3010 time = 0.288946, # ZDD nodes = 254352, # elems = 168198059778590079587192594554538088
Step 3011 time = 0.285778, # ZDD nodes = 254962, # elems = 184209820145237832472440603782723899
Step 3012 time = 0.281300, # ZDD nodes = 255500, # elems = 199135665428477980128610994734566524
Step 3013 time = 0.278312, # ZDD nodes = 255999, # elems = 212488312653747722301681551315781917
Step 3014 time = 0.273459, # ZDD nodes = 256627, # elems = 223808307472136434615451961895742001
Step 3015 time = 0.271873, # ZDD nodes = 257378, # elems = 232689827137645473041411216155868922
Step 3016 time = 0.270938, # ZDD nodes = 258403, # elems = 238804514947068791988630286900299877
Step 3017 time = 0.273170, # ZDD nodes = 259349, # elems = 241921397459174389873111556971122534
Step 3018 time = 0.277224, # ZDD nodes = 260166, # elems = 241921201394158381343899617590632400
Step 3019 time = 0.279003, # ZDD nodes = 260880, # elems = 238803833053064987255864876551270881
Step 3020 time = 0.279876, # ZDD nodes = 261691, # elems = 232688364437270817792768745121791067
Step 3021 time = 0.282123, # ZDD nodes = 262434, # elems = 223805524167240084028476283716302144
Step 3022 time = 0.283728, # ZDD nodes = 263108, # elems = 212483345290209444810676561189361842
Step 3023 time = 0.283545, # ZDD nodes = 263704, # elems = 199127203638277848143752247920134668
Step 3024 time = 0.281369, # ZDD nodes = 264200, # elems = 184195926779403609938706234262274865
Step 3025 time = 0.279565, # ZDD nodes = 264919, # elems = 168175919921043956699144974204600064
Step 3026 time = 0.279289, # ZDD nodes = 265545, # elems = 151555319820921423722489526566858862
Step 3027 time = 0.282310, # ZDD nodes = 266262, # elems = 134800054477161597533957846380764264
Step 3028 time = 0.664887, # ZDD nodes = 266895, # elems = 118333382174399574741719243624477724
Step 3029 time = 0.291829, # ZDD nodes = 267416, # elems = 102520053833508271823361443964065887
Step 3030 time = 0.295770, # ZDD nodes = 267825, # elems = 87655744190578523500744933653195481
Step 3031 time = 0.296891, # ZDD nodes = 268076, # elems = 73961889667928027134687547610251077
Step 3032 time = 0.295553, # ZDD nodes = 268182, # elems = 61585608446418101118932804903841582
Step 3033 time = 0.292884, # ZDD nodes = 268142, # elems = 50604004327059250969851531004575154
Step 3034 time = 0.287915, # ZDD nodes = 267946, # elems = 41031898042056875795844357182435260
Step 3035 time = 0.282211, # ZDD nodes = 267608, # elems = 32831898246955322204903729670150134
Step 3036 time = 0.276517, # ZDD nodes = 267179, # elems = 25925713982227949209609903897747164
Step 3037 time = 0.270267, # ZDD nodes = 266653, # elems = 20205702468934313020128066754348037
Step 3038 time = 0.263243, # ZDD nodes = 266049, # elems = 15545813637680187447442391733312434
Step 3039 time = 0.449002, # ZDD nodes = 265407, # elems = 11811304933874103816425221568436497
Step 3040 time = 1.021289, # ZDD nodes = 264721, # elems = 8866826545556151911032260097336917
Step 3041 time = 0.249445, # ZDD nodes = 264096, # elems = 6582692388866070526588037646125570
Step 3042 time = 0.245230, # ZDD nodes = 263393, # elems = 4839336682024117554739756773240149
Step 3043 time = 0.241918, # ZDD nodes = 262595, # elems = 3530098035805754189748659717685646
Step 3044 time = 0.238425, # ZDD nodes = 261755, # elems = 2562568324460607330019464667399564
Step 3045 time = 0.235556, # ZDD nodes = 260918, # elems = 1858794011694489899593957839361223
Step 3046 time = 0.231621, # ZDD nodes = 260089, # elems = 1354629431977741239020784035397363
Step 3047 time = 0.228066, # ZDD nodes = 259339, # elems = 998523736456406602740454158697317
Step 3048 time = 0.224440, # ZDD nodes = 258472, # elems = 749985650196805804221832682275115
Step 3049 time = 0.222167, # ZDD nodes = 257646, # elems = 577922162035996623973203916909324
Step 3050 time = 0.220790, # ZDD nodes = 256723, # elems = 458996586267506340204144893941218
Step 3051 time = 0.219283, # ZDD nodes = 255713, # elems = 376103896004726210779695566167321
Step 3052 time = 0.217317, # ZDD nodes = 254638, # elems = 317020521802628752611736400909074
Step 3053 time = 0.215347, # ZDD nodes = 253420, # elems = 273253717832773704475170896766102
Step 3054 time = 0.212320, # ZDD nodes = 252225, # elems = 239092380354585007736297411046427
Step 3055 time = 0.210325, # ZDD nodes = 250951, # elems = 210846056764905912330386555086743
Step 3056 time = 0.209469, # ZDD nodes = 249741, # elems = 186250394734499853478213792028224
Step 3057 time = 0.208240, # ZDD nodes = 248432, # elems = 164013806760082142039110070808888
Step 3058 time = 0.208208, # ZDD nodes = 247049, # elems = 143480074788571201930209757627029
Step 3059 time = 0.206642, # ZDD nodes = 245632, # elems = 124383629978944661437447599403286
Step 3060 time = 0.206748, # ZDD nodes = 244241, # elems = 106677263445431945588787218377197
Step 3061 time = 0.208163, # ZDD nodes = 242793, # elems = 90415326650495940340476100429956
Step 3062 time = 0.213833, # ZDD nodes = 241304, # elems = 75678621793368911958391229929823
Step 3063 time = 0.596845, # ZDD nodes = 239753, # elems = 62529942729232905086966879949269
Step 3064 time = 0.213198, # ZDD nodes = 238147, # elems = 50991539310134483941833963632289
Step 3065 time = 0.212316, # ZDD nodes = 236689, # elems = 41037667506760233204369855796961
Step 3066 time = 0.213192, # ZDD nodes = 235331, # elems = 32596921047211127862847348124873
Step 3067 time = 0.213486, # ZDD nodes = 234131, # elems = 25560292475770199177333380358870
Step 3068 time = 0.214509, # ZDD nodes = 233015, # elems = 19791946381874348162620220747312
Step 3069 time = 0.217470, # ZDD nodes = 231922, # elems = 15140550615815061880872657947629
Step 3070 time = 0.219495, # ZDD nodes = 230905, # elems = 11449730356974838078355212469825
Step 3071 time = 0.220119, # ZDD nodes = 229769, # elems = 8566799776609354958221431517386
Step 3072 time = 0.219862, # ZDD nodes = 228510, # elems = 6349394821138969244168092406003
Step 3073 time = 0.217481, # ZDD nodes = 227148, # elems = 4669985075080470048096508953160
Step 3074 time = 0.213750, # ZDD nodes = 225660, # elems = 3418491753927957030747814566764
Step 3075 time = 0.209812, # ZDD nodes = 224100, # elems = 2503395403369257635102291606378
Step 3076 time = 0.205087, # ZDD nodes = 222574, # elems = 1851797049588627933341280815371
Step 3077 time = 0.201308, # ZDD nodes = 221071, # elems = 1408918390118624899432386139017
Step 3078 time = 0.198788, # ZDD nodes = 219531, # elems = 1137507787694634718083937250578
Step 3079 time = 0.197634, # ZDD nodes = 217989, # elems = 1017574385684204607135847490561
Step 3080 time = 0.195904, # ZDD nodes = 216438, # elems = 1046813294755608831331297074288
Step 3081 time = 0.193983, # ZDD nodes = 215034, # elems = 1242015809089657306302562041636
Step 3082 time = 0.192372, # ZDD nodes = 213906, # elems = 1641679768743453187871205232545
Step 3083 time = 0.191433, # ZDD nodes = 212684, # elems = 2309941514460257222460006653940
Step 3084 time = 0.189649, # ZDD nodes = 211498, # elems = 3341834313083745740549147172764
Step 3085 time = 0.190273, # ZDD nodes = 210273, # elems = 4869729937409236682709835649978
Step 3086 time = 0.192160, # ZDD nodes = 208975, # elems = 7070633897385910747214795817828
Step 3087 time = 0.194814, # ZDD nodes = 207654, # elems = 10173779960467079725146943630279
Step 3088 time = 0.972696, # ZDD nodes = 206511, # elems = 14467714286350911118208100357166
Step 3089 time = 0.199705, # ZDD nodes = 205393, # elems = 20305793393409412478696222158992
Step 3090 time = 0.200501, # ZDD nodes = 204599, # elems = 28108775571658358981884389110820
Step 3091 time = 0.199119, # ZDD nodes = 203788, # elems = 38363006379912749702585628156539
Step 3092 time = 0.197977, # ZDD nodes = 202938, # elems = 51612638028600168968472163210346
Step 3093 time = 0.196655, # ZDD nodes = 202165, # elems = 68444434375620159246171104279154
Step 3094 time = 0.386649, # ZDD nodes = 201515, # elems = 89464045739756356240562073973595
Step 3095 time = 0.197355, # ZDD nodes = 200994, # elems = 115263220994816774619548862380792
Step 3096 time = 0.201813, # ZDD nodes = 200439, # elems = 146378260137792868365463630216614
Step 3097 time = 0.208521, # ZDD nodes = 199816, # elems = 183241062744397058353896627519808
Step 3098 time = 0.216283, # ZDD nodes = 199143, # elems = 226125317896496384971853099360348
Step 3099 time = 0.221706, # ZDD nodes = 198351, # elems = 275091589790523871454181291357221
Step 3100 time = 0.224373, # ZDD nodes = 197455, # elems = 329936129481521436789087708894014
Step 3101 time = 0.225295, # ZDD nodes = 196531, # elems = 390149022868149388317633833548396
Step 3102 time = 0.223881, # ZDD nodes = 195513, # elems = 454887615414013842369997705769548
Step 3103 time = 0.220748, # ZDD nodes = 194466, # elems = 522970922897360562907584161019922
Step 3104 time = 0.216898, # ZDD nodes = 193578, # elems = 592899900614861981631231157683408
Step 3105 time = 0.217189, # ZDD nodes = 192620, # elems = 662907046543712132902027765252944
Step 3106 time = 0.207709, # ZDD nodes = 191784, # elems = 731037001497124354055769539843064
Step 3107 time = 0.202774, # ZDD nodes = 190852, # elems = 795257817172635055878214402196807
Step 3108 time = 0.198420, # ZDD nodes = 189874, # elems = 853600691853597033940900378636794
Step 3109 time = 0.289336, # ZDD nodes = 188895, # elems = 904324543964747378010145323799084
Step 3110 time = 0.190025, # ZDD nodes = 187919, # elems = 946101087393550045434039168136894
Step 3111 time = 0.186720, # ZDD nodes = 187302, # elems = 978216267199783015172316190685383
Step 3112 time = 0.185930, # ZDD nodes = 186853, # elems = 1000785022792133168497109298152716
Step 3113 time = 0.186323, # ZDD nodes = 186350, # elems = 1014978170286308249413828133264240
Step 3114 time = 0.186358, # ZDD nodes = 185831, # elems = 1023262310455856849262185539338438
Step 3115 time = 0.185853, # ZDD nodes = 185321, # elems = 1029655437022084281685769730799705
Step 3116 time = 0.185634, # ZDD nodes = 185006, # elems = 1040001555767996164259502833204429
Step 3117 time = 0.186253, # ZDD nodes = 184862, # elems = 1062266295457565448044842617502064
Step 3118 time = 0.187133, # ZDD nodes = 185091, # elems = 1106851458537184174591517857864277
Step 3119 time = 0.188671, # ZDD nodes = 185300, # elems = 1186919245040325689793715543563305
Step 3120 time = 0.191698, # ZDD nodes = 185442, # elems = 1318706440678814532503114598254593
Step 3121 time = 0.192674, # ZDD nodes = 185609, # elems = 1521795726749382216583650114625741
Step 3122 time = 0.192108, # ZDD nodes = 185891, # elems = 1819296666914516882708176005688276
Step 3123 time = 0.195667, # ZDD nodes = 186196, # elems = 2237874780213153712624190307216711
Step 3124 time = 0.198799, # ZDD nodes = 186717, # elems = 2807555960613791320374016701033099
Step 3125 time = 0.200831, # ZDD nodes = 187198, # elems = 3561228284266755051020772012043680
Step 3126 time = 0.202889, # ZDD nodes = 187786, # elems = 4533766929812999089556256470984334
Step 3127 time = 0.202316, # ZDD nodes = 188563, # elems = 5760723071385441426961148568861038
Step 3128 time = 0.203218, # ZDD nodes = 189315, # elems = 7276545773238847092092430204216741
Step 3129 time = 0.587468, # ZDD nodes = 190397, # elems = 9112347211978731100780226344925987
Step 3130 time = 0.207925, # ZDD nodes = 191497, # elems = 11293274145690428779182253688727540
Step 3131 time = 0.214972, # ZDD nodes = 192557, # elems = 13835608453177464958081836013383085
Step 3132 time = 0.218703, # ZDD nodes = 193599, # elems = 16743780707281390180538458196165696
Step 3133 time = 0.222632, # ZDD nodes = 194601, # elems = 20007535389266669321375361649108834
Step 3134 time = 0.223404, # ZDD nodes = 195587, # elems = 23599525902085904340251140802383157
Step 3135 time = 0.611441, # ZDD nodes = 196681, # elems = 27473633665796941133493523097910944
Step 3136 time = 0.220281, # ZDD nodes = 197677, # elems = 31564291521333426965497769672623784
Step 3137 time = 0.218645, # ZDD nodes = 198614, # elems = 35787043567246168706956259963107938
Step 3138 time = 0.215711, # ZDD nodes = 199457, # elems = 40040491536395618875932755788151705
Step 3139 time = 0.213962, # ZDD nodes = 200575, # elems = 44209666647176074926891009434188791
Step 3140 time = 0.215016, # ZDD nodes = 201664, # elems = 48170734935325839720792218928460946
Step 3141 time = 0.217629, # ZDD nodes = 202690, # elems = 51796806693173384705372402323311014
Step 3142 time = 0.220501, # ZDD nodes = 203702, # elems = 54964492582862253822802645289737448
Step 3143 time = 0.602102, # ZDD nodes = 204695, # elems = 57560746482696391624349831555257473
Step 3144 time = 0.223919, # ZDD nodes = 205874, # elems = 59489472586965763289794411289860255
Step 3145 time = 0.225476, # ZDD nodes = 207221, # elems = 60677362094580118871104188739631590
Step 3146 time = 0.228966, # ZDD nodes = 208899, # elems = 61078467576704518354715145254020044
Step 3147 time = 0.232458, # ZDD nodes = 210515, # elems = 60677118595348974238277027891277732
Step 3148 time = 0.238712, # ZDD nodes = 212065, # elems = 59488921320005067029904643580304387
Step 3149 time = 0.241850, # ZDD nodes = 213573, # elems = 57559752911938910700296986878281961
Step 3150 time = 0.434623, # ZDD nodes = 215173, # elems = 54962839567953474238901311397819148
Step 3151 time = 1.020388, # ZDD nodes = 216720, # elems = 51794175214963200955669240611259929
Step 3152 time = 0.249610, # ZDD nodes = 218240, # elems = 48166677172036226420359174923320378
Step 3153 time = 0.252912, # ZDD nodes = 219709, # elems = 44203570793451232231489339048741105
Step 3154 time = 0.254523, # ZDD nodes = 221117, # elems = 40031538127842423794820977487302025
Step 3155 time = 0.255577, # ZDD nodes = 222799, # elems = 35774153741879339005763184869328173
Step 3156 time = 0.257449, # ZDD nodes = 224435, # elems = 31546068621155002918600250811643128
Step 3157 time = 0.261783, # ZDD nodes = 226225, # elems = 27448300826241021866851500695406933
Step 3158 time = 0.266794, # ZDD nodes = 227930, # elems = 23564863721960957008525526713340394
Step 3159 time = 0.271952, # ZDD nodes = 229572, # elems = 19960825300367908990259528188343091
Step 3160 time = 0.276737, # ZDD nodes = 231179, # elems = 16681761106033225825079425051486060
Step 3161 time = 0.277661, # ZDD nodes = 232634, # elems = 13754451812602895055262310165641003
Step 3162 time = 0.277540, # ZDD nodes = 233980, # elems = 11188593968151160576863919534283217
Step 3163 time = 0.276078, # ZDD nodes = 235237, # elems = 8979243588246434561698437052629785
Step 3164 time = 0.273141, # ZDD nodes = 236367, # elems = 7109697296179502256412439475296715
Step 3165 time = 0.271203, # ZDD nodes = 237402, # elems = 5554530805326520817862615473227033
Step 3166 time = 0.268470, # ZDD nodes = 238322, # elems = 4282553069578768172858811734534479
Step 3167 time = 0.266353, # ZDD nodes = 239108, # elems = 3259488210770617465038207564438200
Step 3168 time = 0.263540, # ZDD nodes = 239816, # elems = 2450257938816826001871353544732779
Step 3169 time = 0.261536, # ZDD nodes = 240439, # elems = 1820797035278942760897977628397387
Step 3170 time = 0.258271, # ZDD nodes = 240987, # elems = 1339387623711493200321641100874283
Step 3171 time = 0.255412, # ZDD nodes = 241611, # elems = 977540471614198475474076037350412
Step 3172 time = 0.254370, # ZDD nodes = 242117, # elems = 710481591969743192634533609141193
Step 3173 time = 0.250186, # ZDD nodes = 242522, # elems = 517319884314240557101468941204180
Step 3174 time = 0.248343, # ZDD nodes = 242867, # elems = 380977802781213131217823215074550
Step 3175 time = 0.245087, # ZDD nodes = 243139, # elems = 287964252479044417133720123853272
Step 3176 time = 0.243227, # ZDD nodes = 243355, # elems = 228059650012786444236710339636748
Step 3177 time = 0.240654, # ZDD nodes = 243628, # elems = 193969840501772308149874967521432
Step 3178 time = 0.238875, # ZDD nodes = 243799, # elems = 180990501546530723758306180931669
Step 3179 time = 0.235767, # ZDD nodes = 243874, # elems = 186708450091657482145596508248652
Step 3180 time = 0.233614, # ZDD nodes = 243845, # elems = 210752047208960527359138142025212
Step 3181 time = 0.230650, # ZDD nodes = 243696, # elems = 254590365448391460550030652615596
Step 3182 time = 0.228352, # ZDD nodes = 243438, # elems = 321370320161997553429833330120586
Step 3183 time = 0.224817, # ZDD nodes = 243085, # elems = 415772774082960739499912691010909
Step 3184 time = 0.222018, # ZDD nodes = 242622, # elems = 543862866010251445070981233875648
Step 3185 time = 0.218879, # ZDD nodes = 242063, # elems = 712906698097301269077032096987130
Step 3186 time = 0.216005, # ZDD nodes = 241385, # elems = 931126322695399496747462609917994
Step 3187 time = 0.213219, # ZDD nodes = 240586, # elems = 1207368013097949555350731555989045
Step 3188 time = 0.209754, # ZDD nodes = 239688, # elems = 1550665333616161922037701259141016
Step 3189 time = 0.205989, # ZDD nodes = 238669, # elems = 1969688594933864247017220266933691
Step 3190 time = 0.204810, # ZDD nodes = 237554, # elems = 2472085597496928851838538895999977
Step 3191 time = 0.200253, # ZDD nodes = 236369, # elems = 3063734369021272091084897064871963
Step 3192 time = 0.197367, # ZDD nodes = 235102, # elems = 3747945603272438564560998252818065
Step 3193 time = 0.194581, # ZDD nodes = 233860, # elems = 4524668915040708919193847526015172
Step 3194 time = 0.190937, # ZDD nodes = 232499, # elems = 5389770681009722541541405577220340
Step 3195 time = 0.573846, # ZDD nodes = 231034, # elems = 6334459850005001267713946219085580
Step 3196 time = 0.185696, # ZDD nodes = 229463, # elems = 7344939588503892706021126005445169
Step 3197 time = 0.182229, # ZDD nodes = 228006, # elems = 8402355454626612627814550379553453
Step 3198 time = 0.182259, # ZDD nodes = 226495, # elems = 9483094363209216699221903956190051
Step 3199 time = 0.180752, # ZDD nodes = 224946, # elems = 10559463507166801822061473230699019
Step 3200 time = 0.178569, # ZDD nodes = 223504, # elems = 11600746553736135117369786171472880
Step 3201 time = 0.176721, # ZDD nodes = 221946, # elems = 12574599031780351040551948121647506
Step 3202 time = 0.174187, # ZDD nodes = 220279, # elems = 13448710092777872967988819147506476
Step 3203 time = 0.170380, # ZDD nodes = 218536, # elems = 14192628605904887527033383366636550
Step 3204 time = 0.358961, # ZDD nodes = 216935, # elems = 14779632777473486680952958683248456
Step 3205 time = 0.169103, # ZDD nodes = 215567, # elems = 15188518670128007910602129080415651
Step 3206 time = 0.171502, # ZDD nodes = 214649, # elems = 15405197753177577723993990757168662
Step 3207 time = 0.175340, # ZDD nodes = 214047, # elems = 15424029396174548039589082308372752
Step 3208 time = 0.187364, # ZDD nodes = 214179, # elems = 15248872273678360829923919136356852
Step 3209 time = 0.251826, # ZDD nodes = 215014, # elems = 14893919216649805123478646336387400
Step 3210 time = 0.222149, # ZDD nodes = 216314, # elems = 14384482699968712780695872524849507
Step 3211 time = 0.245686, # ZDD nodes = 218081, # elems = 13758022183435711375056457401679948
Step 3212 time = 1.047245, # ZDD nodes = 220250, # elems = 13065849123756728852546621187258057
Step 3213 time = 0.304646, # ZDD nodes = 223038, # elems = 12376109554937452362620980425660773
Step 3214 time = 0.340412, # ZDD nodes = 226392, # elems = 11778825498156847162102597105940937
Step 3215 time = 0.376004, # ZDD nodes = 230566, # elems = 11393970248313027573719254247270367
Step 3216 time = 0.418311, # ZDD nodes = 235526, # elems = 11383748950938468505610509464293091
Step 3217 time = 0.464892, # ZDD nodes = 241624, # elems = 11970437124781245963212405369891085
Step 3218 time = 0.515217, # ZDD nodes = 248449, # elems = 13461267311877813228358688031096167
Step 3219 time = 0.947114, # ZDD nodes = 255924, # elems = 16281905898802577132855938940012161
Step 3220 time = 0.622681, # ZDD nodes = 264007, # elems = 21019972035775330868831148156058464
Step 3221 time = 1.057741, # ZDD nodes = 272770, # elems = 28479749344357787735998808662572262
Step 3222 time = 1.111556, # ZDD nodes = 281960, # elems = 39748651937467794147014082984432070
Step 3223 time = 0.763856, # ZDD nodes = 291448, # elems = 56275054300285741238748271704524839
Step 3224 time = 0.799336, # ZDD nodes = 301111, # elems = 79955721229683643775459652138212651
Step 3225 time = 0.828842, # ZDD nodes = 311101, # elems = 113229255662692420145509212038877393
Step 3226 time = 0.854762, # ZDD nodes = 321268, # elems = 159169751349739150825779965362410358
Step 3227 time = 1.655366, # ZDD nodes = 331555, # elems = 221572303516893115995075191885397829
Step 3228 time = 0.890392, # ZDD nodes = 341878, # elems = 305019397023744354687912169127369371
Step 3229 time = 0.898663, # ZDD nodes = 352102, # elems = 414914761756674982917948274608470503
Step 3230 time = 0.904624, # ZDD nodes = 362485, # elems = 557469455830912808675086787454340920
Step 3231 time = 0.909744, # ZDD nodes = 372983, # elems = 739624171881998116732229068693003747
Step 3232 time = 0.910745, # ZDD nodes = 383528, # elems = 968892542416093694854141090155962095
Step 3233 time = 1.681578, # ZDD nodes = 394230, # elems = 1253112979871339386803771390615158321
Step 3234 time = 0.927981, # ZDD nodes = 404730, # elems = 1600101626716132354648906258091419600
Step 3235 time = 0.940537, # ZDD nodes = 415071, # elems = 2017206391481635154239525885075048013
Step 3236 time = 1.144807, # ZDD nodes = 425422, # elems = 2510771589620323584577227659647493542
Step 3237 time = 0.975742, # ZDD nodes = 435599, # elems = 3085533821645418369218280329437274400
Step 3238 time = 0.992995, # ZDD nodes = 445689, # elems = 3743981467746137542811470427192721679
Step 3239 time = 1.009480, # ZDD nodes = 455679, # elems = 4485721298074323962811182849747288740
Step 3240 time = 1.024670, # ZDD nodes = 465278, # elems = 5306904713539256999702037161766181111
Step 3241 time = 1.033454, # ZDD nodes = 474674, # elems = 6199771511530350711625748261362410936
Step 3242 time = 1.045720, # ZDD nodes = 483722, # elems = 7152369436815303645914159944340898830
Step 3243 time = 1.056670, # ZDD nodes = 492576, # elems = 8148502133339636045608426186754717036
Step 3244 time = 1.074391, # ZDD nodes = 501121, # elems = 9167946054423944671787984084632547617
Step 3245 time = 1.869925, # ZDD nodes = 509312, # elems = 10186958766210131686400321772808972457
Step 3246 time = 1.133987, # ZDD nodes = 517120, # elems = 11179078065686697360977211140073206063
Step 3247 time = 1.922476, # ZDD nodes = 524473, # elems = 12116185386343308908130069740416082404
Step 3248 time = 1.984060, # ZDD nodes = 531361, # elems = 12969780655652235030975542493241715078
Step 3249 time = 1.258138, # ZDD nodes = 537853, # elems = 13712392014362625142445432574152189791
Step 3250 time = 1.301833, # ZDD nodes = 543928, # elems = 14319025505565584939556930651654341067
Step 3251 time = 1.342303, # ZDD nodes = 549557, # elems = 14768549479374056164029206723067577366
Step 3252 time = 1.377012, # ZDD nodes = 554904, # elems = 15044907747844844771027215503361642512
Step 3253 time = 2.167534, # ZDD nodes = 559786, # elems = 15138065116454805890710199952632705896
Step 3254 time = 1.800554, # ZDD nodes = 564192, # elems = 15044608258310678891334827428575429328
Step 3255 time = 2.207987, # ZDD nodes = 568094, # elems = 14767952241191323137062160945839920338
Step 3256 time = 2.958570, # ZDD nodes = 571535, # elems = 14318135619168029193044421501839282167
Step 3257 time = 1.416067, # ZDD nodes = 574491, # elems = 13711221445664089408731166455742304191
Step 3258 time = 1.399699, # ZDD nodes = 576988, # elems = 12968354204952552764418858467494150073
Step 3259 time = 1.379434, # ZDD nodes = 579284, # elems = 12114550080316353151999575662634919031
Step 3260 time = 2.138620, # ZDD nodes = 581223, # elems = 11177317433044838535224867382447172529
Step 3261 time = 2.482751, # ZDD nodes = 582805, # elems = 10185214111214857556100051811813903103
Step 3262 time = 1.324359, # ZDD nodes = 584219, # elems = 9166447680576342430765823642821595627
Step 3263 time = 1.307845, # ZDD nodes = 585198, # elems = 8147614512048394444202451805885684261
Step 3264 time = 1.289767, # ZDD nodes = 585945, # elems = 7152655561409310386012457609691703533
Step 3265 time = 1.273552, # ZDD nodes = 586427, # elems = 6202083091707832018610631250134068386
Step 3266 time = 2.036110, # ZDD nodes = 586824, # elems = 5312506368666272708639318175508048621
Step 3267 time = 1.245343, # ZDD nodes = 587015, # elems = 4496458358184541727789513948523933243
Step 3268 time = 2.012080, # ZDD nodes = 587260, # elems = 3762502174011347261060168447191491829
Step 3269 time = 2.016051, # ZDD nodes = 587103, # elems = 3115577339002936630710484180786061341
Step 3270 time = 1.242297, # ZDD nodes = 586736, # elems = 2557532932008561629304726794617090300
Step 3271 time = 1.247444, # ZDD nodes = 586034, # elems = 2087787684509823580285362106967628869
Step 3272 time = 1.256350, # ZDD nodes = 584989, # elems = 1704055640309058882419922050488202405
Step 3273 time = 2.028258, # ZDD nodes = 583567, # elems = 1403079135178529099565380621513528894
Step 3274 time = 1.258298, # ZDD nodes = 581846, # elems = 1181317325254437919500249012702129917
Step 3275 time = 1.253066, # ZDD nodes = 580044, # elems = 1035546966529475851210611237996716902
Step 3276 time = 1.242787, # ZDD nodes = 577970, # elems = 963341450935035691394757599145326018
Step 3277 time = 1.226438, # ZDD nodes = 576020, # elems = 963403375338187704783187377045047199
Step 3278 time = 1.993202, # ZDD nodes = 573835, # elems = 1035734684907850857228736732755516576
Step 3279 time = 1.212648, # ZDD nodes = 571344, # elems = 1181636602108325274991049442505993246
Step 3280 time = 1.978601, # ZDD nodes = 568673, # elems = 1403539341249339319900673985646039032
Step 3281 time = 1.190238, # ZDD nodes = 565594, # elems = 1704669397355644409158294217071666506
Step 3282 time = 1.175126, # ZDD nodes = 562115, # elems = 2088570368402004168060557031503438025
Step 3283 time = 1.150624, # ZDD nodes = 558224, # elems = 2558502035855998825270030129843252584
Step 3284 time = 1.894770, # ZDD nodes = 553943, # elems = 3116751700315490207459111486657189779
Step 3285 time = 1.104132, # ZDD nodes = 549318, # elems = 3763901073358222189306879535035067350
Step 3286 time = 1.077822, # ZDD nodes = 544370, # elems = 4498100501589751184701672872070189728
Step 3287 time = 1.056027, # ZDD nodes = 539340, # elems = 5314408772056780181567386375053132165
Step 3288 time = 1.034860, # ZDD nodes = 534152, # elems = 6204259893007453781067560093364423043
Step 3289 time = 1.011316, # ZDD nodes = 528770, # elems = 7155116794087468229903961313911299860
Step 3290 time = 1.774937, # ZDD nodes = 523344, # elems = 8150364882655680829929753281507443456
Step 3291 time = 0.972680, # ZDD nodes = 517717, # elems = 9169485401406881276383684115506536206
Step 3292 time = 0.948809, # ZDD nodes = 512070, # elems = 10188529846924159217334948752287088232
Step 3293 time = 0.934681, # ZDD nodes = 506371, # elems = 11180893425873587025327547424544734454
Step 3294 time = 0.918737, # ZDD nodes = 500903, # elems = 12118359521513573003583143530377231758
Step 3295 time = 0.907649, # ZDD nodes = 495515, # elems = 12972360919097361998402948158755401730
Step 3296 time = 0.909551, # ZDD nodes = 490301, # elems = 13715379949092154692144958553936654722
Step 3297 time = 0.912497, # ZDD nodes = 485139, # elems = 14322391603200140084952167930674037747
Step 3298 time = 1.687729, # ZDD nodes = 480012, # elems = 14772243515388029999221227475183744421
Step 3299 time = 1.310357, # ZDD nodes = 474807, # elems = 15048866169123881918833096008706111291
Step 3300 time = 0.938375, # ZDD nodes = 469544, # elems = 15142216433520095338778576591652660617
Step 3301 time = 0.942258, # ZDD nodes = 464205, # elems = 15048876985277301787467279052250602218
Step 3302 time = 1.721004, # ZDD nodes = 458782, # elems = 14772261594539685143306771386994795027
Step 3303 time = 0.938122, # ZDD nodes = 453522, # elems = 14322408894624099803575203212585243330
Step 3304 time = 0.932706, # ZDD nodes = 448265, # elems = 13715381703862010094506368590711793273
Step 3305 time = 0.929601, # ZDD nodes = 443217, # elems = 12972321573561259585686627286112594370
Step 3306 time = 1.708669, # ZDD nodes = 438269, # elems = 12118235584493953563127429545993140044
Step 3307 time = 0.941608, # ZDD nodes = 433151, # elems = 11180611758441817225118551937798920357
Step 3308 time = 1.004376, # ZDD nodes = 427883, # elems = 10187969046631948885973465393368591547
Step 3309 time = 0.975817, # ZDD nodes = 422385, # elems = 9168447148521291790726056712946091288
Step 3310 time = 0.994339, # ZDD nodes = 416740, # elems = 8148531054558139967892596582105457684
Step 3311 time = 1.010578, # ZDD nodes = 411032, # elems = 7151986906802757644289493706483772157
Step 3312 time = 1.023571, # ZDD nodes = 405240, # elems = 6199062020153658217323429353125341909
Step 3313 time = 1.028471, # ZDD nodes = 399458, # elems = 5305975602803864999212197859702216775
Step 3314 time = 1.028026, # ZDD nodes = 393734, # elems = 4484700773353162417112638698980166933
Step 3315 time = 1.021887, # ZDD nodes = 388114, # elems = 3743015468213560171978679164165827912
Step 3316 time = 1.787010, # ZDD nodes = 382638, # elems = 3084781722394567166176564875149546770
Step 3317 time = 1.778452, # ZDD nodes = 377328, # elems = 2510400762003638333770865761185559911
Step 3318 time = 0.978071, # ZDD nodes = 372208, # elems = 2017385715494184536468386069512470160
Step 3319 time = 0.956993, # ZDD nodes = 367312, # elems = 1600994127333463369663866387848667029
Step 3320 time = 1.716127, # ZDD nodes = 362637, # elems = 1254867843388931871868823871052806494
Step 3321 time = 0.916060, # ZDD nodes = 358177, # elems = 971636852045338182488062736586888152
Step 3322 time = 0.895042, # ZDD nodes = 353951, # elems = 743454775527339088462132534909719054
Step 3323 time = 3.160835, # ZDD nodes = 349758, # elems = 562445433776875495550634304526894752
Step 3324 time = 0.852922, # ZDD nodes = 345588, # elems = 421050989058769162812552295871211245
Step 3325 time = 0.832132, # ZDD nodes = 341518, # elems = 312281687560384783487423802641416309
Step 3326 time = 0.811075, # ZDD nodes = 337541, # elems = 229874575614657149471658404257295408
Step 3327 time = 1.555619, # ZDD nodes = 333794, # elems = 168373568046970101224424878160609541
Step 3328 time = 0.772109, # ZDD nodes = 330191, # elems = 123145969556399095729499050858572299
Step 3329 time = 0.754327, # ZDD nodes = 326506, # elems = 90351302003280572097932265803819404
Step 3330 time = 0.736518, # ZDD nodes = 322774, # elems = 66877507386723177401987053455393845
Step 3331 time = 0.717822, # ZDD nodes = 318956, # elems = 50257762584700512950869582343385504
Step 3332 time = 0.697564, # ZDD nodes = 315256, # elems = 38578721832687522295287508515678537
Step 3333 time = 1.441081, # ZDD nodes = 311592, # elems = 30388392673004341686294398793700844
Step 3334 time = 0.659781, # ZDD nodes = 308109, # elems = 24609352561109913576011279495837567
Step 3335 time = 1.416675, # ZDD nodes = 304719, # elems = 20460826624680544551608570557363955
Step 3336 time = 0.632383, # ZDD nodes = 301430, # elems = 17391378124266252735239586128678583
Step 3337 time = 1.005111, # ZDD nodes = 298224, # elems = 15022640471109204873358769800298200
Step 3338 time = 0.611268, # ZDD nodes = 295252, # elems = 13103615659662478402810236812419085
Step 3339 time = 0.604280, # ZDD nodes = 292407, # elems = 11474516587758671485467579407049981
Step 3340 time = 0.596910, # ZDD nodes = 289648, # elems = 10038862207621696871088138493747405
Step 3341 time = 0.589668, # ZDD nodes = 286999, # elems = 8742465846333948081810855151434816
Step 3342 time = 1.348315, # ZDD nodes = 284462, # elems = 7558017915270135615679335083857616
Step 3343 time = 0.571948, # ZDD nodes = 282173, # elems = 6474097804433004947754679711384393
Step 3344 time = 0.564123, # ZDD nodes = 280032, # elems = 5487614413500789175538635720731741
Step 3345 time = 0.741936, # ZDD nodes = 278219, # elems = 4598843039933487887385283497897207
Step 3346 time = 0.546358, # ZDD nodes = 276613, # elems = 3808382407784367972097347893732968
Step 3347 time = 0.541060, # ZDD nodes = 275189, # elems = 3115492238340369472591160181206178
Step 3348 time = 1.302315, # ZDD nodes = 273947, # elems = 2517387289408369374596595811349760
Step 3349 time = 0.525714, # ZDD nodes = 272847, # elems = 2009159681546420477768984571091647
Step 3350 time = 0.512562, # ZDD nodes = 271882, # elems = 1584080324915010173417081320218674
Step 3351 time = 0.497826, # ZDD nodes = 270982, # elems = 1234095228611558373934374722803938
Step 3352 time = 0.481256, # ZDD nodes = 269941, # elems = 950385834667332567114803716233544
Step 3353 time = 0.844803, # ZDD nodes = 268788, # elems = 723906073853950270614621672326440
Step 3354 time = 0.834877, # ZDD nodes = 267542, # elems = 545843858593067431548646180578354
Step 3355 time = 0.423569, # ZDD nodes = 266345, # elems = 407982136390232628422819392443447
Step 3356 time = 0.788066, # ZDD nodes = 265099, # elems = 302955209795027861027072405536494
Step 3357 time = 0.392001, # ZDD nodes = 263902, # elems = 224410573836958246583082677222792
Step 3358 time = 0.377561, # ZDD nodes = 262572, # elems = 167095888743165593247637339774817
Step 3359 time = 0.553373, # ZDD nodes = 261099, # elems = 126895819760648231900435585703114
Step 3360 time = 0.350399, # ZDD nodes = 259615, # elems = 100845268196478739601807813283529
Step 3361 time = 0.339936, # ZDD nodes = 257995, # elems = 87144838831827314040177862561275
Step 3362 time = 0.328218, # ZDD nodes = 256407, # elems = 85201922395800132702523908224914
Step 3363 time = 0.319677, # ZDD nodes = 254755, # elems = 95716971418704341338654539031293
Step 3364 time = 0.312879, # ZDD nodes = 252991, # elems = 120829611899081619678011538815831
Step 3365 time = 0.307266, # ZDD nodes = 251170, # elems = 164333126477944133791466314825657
Step 3366 time = 0.301003, # ZDD nodes = 249456, # elems = 231958367977938949215939513609051
Step 3367 time = 0.487447, # ZDD nodes = 247732, # elems = 331719065610250064439124182729447
Step 3368 time = 0.289657, # ZDD nodes = 246131, # elems = 474299616426434403501070603297086
Step 3369 time = 0.281948, # ZDD nodes = 244663, # elems = 673453917099058254020323154830099
Step 3370 time = 0.274374, # ZDD nodes = 243050, # elems = 946370105667704197408609182353790
Step 3371 time = 0.267137, # ZDD nodes = 241464, # elems = 1313942303270765913106084263687894
Step 3372 time = 0.261494, # ZDD nodes = 239800, # elems = 1800878211158238187281140767543218
Step 3373 time = 0.257428, # ZDD nodes = 238183, # elems = 2435562904431989485295015848457237
Step 3374 time = 0.256639, # ZDD nodes = 236555, # elems = 3249596911658876486861654804115801
Step 3375 time = 0.446572, # ZDD nodes = 234954, # elems = 4276933278523344604824269595678619
Step 3376 time = 0.259546, # ZDD nodes = 233392, # elems = 5552556016869697854330296366974552
Step 3377 time = 0.260510, # ZDD nodes = 232125, # elems = 7110672497907214686944100296774168
Step 3378 time = 0.259887, # ZDD nodes = 230815, # elems = 8982434931293254938787722954143696
Step 3379 time = 0.256755, # ZDD nodes = 229492, # elems = 11193259229952316303411993611893339
Step 3380 time = 0.253407, # ZDD nodes = 228137, # elems = 13759869377541331858655494628964386
Step 3381 time = 0.247969, # ZDD nodes = 226907, # elems = 16687255951644063558246742536277920
Step 3382 time = 0.242122, # ZDD nodes = 225589, # elems = 19965791146362699513175172671138636
Step 3383 time = 0.234743, # ZDD nodes = 224128, # elems = 23568781065996666642005626232386833
Step 3384 time = 0.229716, # ZDD nodes = 222558, # elems = 27450751054543878079304583993453114
Step 3385 time = 0.222211, # ZDD nodes = 220925, # elems = 31546744753459606885317596822913400
Step 3386 time = 0.216488, # ZDD nodes = 219164, # elems = 35772868663943443454765996649116819
Step 3387 time = 0.210526, # ZDD nodes = 217303, # elems = 40028231396982230417844484983330867
Step 3388 time = 0.990848, # ZDD nodes = 215420, # elems = 44198315283965163366927140937620353
Step 3389 time = 0.198725, # ZDD nodes = 213725, # elems = 48159686958345550275519905105038092
Step 3390 time = 0.196316, # ZDD nodes = 212117, # elems = 51785816156424191341710013784863109
Step 3391 time = 0.196017, # ZDD nodes = 210753, # elems = 54953644029845129383511379672282012
Step 3392 time = 0.194248, # ZDD nodes = 209396, # elems = 57550439886556892954375766369717701
Step 3393 time = 0.383434, # ZDD nodes = 208218, # elems = 59480422845119321259211697901795455
Step 3394 time = 0.189993, # ZDD nodes = 207179, # elems = 60670612749371686719461111877148865
Step 3395 time = 0.189833, # ZDD nodes = 206178, # elems = 61075417418191350667851528693888070
Step 3396 time = 0.189540, # ZDD nodes = 205458, # elems = 60679558693230565902956838015305018
Step 3397 time = 0.190323, # ZDD nodes = 204814, # elems = 59499078792518253908984468957632473
Step 3398 time = 0.192557, # ZDD nodes = 204412, # elems = 57580336382616121780631821438396567
Step 3399 time = 0.193274, # ZDD nodes = 204186, # elems = 54997079861216039451839221007702762
Step 3400 time = 0.193987, # ZDD nodes = 204072, # elems = 51845853540319294339065131027464975
Step 3401 time = 0.197432, # ZDD nodes = 203929, # elems = 48240132046614017533729040220597085
Step 3402 time = 0.201274, # ZDD nodes = 203813, # elems = 44303674497941864581636713116530361
Step 3403 time = 0.202152, # ZDD nodes = 203666, # elems = 40163633836124307459552285902349051
Step 3404 time = 0.204404, # ZDD nodes = 203614, # elems = 35943945832408231413704169676314360
Step 3405 time = 0.202625, # ZDD nodes = 203886, # elems = 31759461211934581769189213147818542
Step 3406 time = 0.203112, # ZDD nodes = 204070, # elems = 27711183292037076984252255688558790
Step 3407 time = 0.205083, # ZDD nodes = 204383, # elems = 23882846706448402279386825177619414
Step 3408 time = 0.208321, # ZDD nodes = 204749, # elems = 20338936199337643052923239841745930
Step 3409 time = 0.214858, # ZDD nodes = 205092, # elems = 17124113668081373148335834691407529
Step 3410 time = 0.218557, # ZDD nodes = 205438, # elems = 14263909740474005718321958932272788
Step 3411 time = 0.222375, # ZDD nodes = 205953, # elems = 11766452495181636199791799976520767
Step 3412 time = 0.221930, # ZDD nodes = 206403, # elems = 9624955256383783221940540595491757
Step 3413 time = 0.221776, # ZDD nodes = 206938, # elems = 7820668000880404085836159225530697
Step 3414 time = 0.218504, # ZDD nodes = 207425, # elems = 6326009242366331620725104600895777
Step 3415 time = 0.215243, # ZDD nodes = 207849, # elems = 5107630959437035688515542608056749
Step 3416 time = 0.212868, # ZDD nodes = 208310, # elems = 4129220365605039065305422366461989
Step 3417 time = 0.209922, # ZDD nodes = 208861, # elems = 3353900985959917688937587728432000
Step 3418 time = 0.211456, # ZDD nodes = 209347, # elems = 2746154308785590272087823294456259
Step 3419 time = 0.212970, # ZDD nodes = 209826, # elems = 2273236449790908374800370269904548
Step 3420 time = 0.215692, # ZDD nodes = 210292, # elems = 1906107922198089903656105884527735
Step 3421 time = 0.216114, # ZDD nodes = 210734, # elems = 1619926790938796800140574926624644
Step 3422 time = 0.216248, # ZDD nodes = 211459, # elems = 1394175936450508905671515615369148
Step 3423 time = 0.218107, # ZDD nodes = 212150, # elems = 1212504887346344837731900368970370
Step 3424 time = 0.220319, # ZDD nodes = 213046, # elems = 1062367554367047156277199339798969
Step 3425 time = 0.224278, # ZDD nodes = 213909, # elems = 934531449066124796971722181036702
Step 3426 time = 0.229327, # ZDD nodes = 214856, # elems = 822523860055196501517589889936125
Step 3427 time = 0.232566, # ZDD nodes = 215762, # elems = 722068014037181708032024943843158
Step 3428 time = 0.233851, # ZDD nodes = 216740, # elems = 630549116892286475705128543567045
Step 3429 time = 0.237973, # ZDD nodes = 217693, # elems = 546537573151670084229375880337472
Step 3430 time = 0.240919, # ZDD nodes = 218647, # elems = 469385434174823425060055208498511
Step 3431 time = 0.243398, # ZDD nodes = 219544, # elems = 398902692616457961125670629504978
Step 3432 time = 0.243123, # ZDD nodes = 220526, # elems = 335112617907507847533282778808223
Step 3433 time = 0.242668, # ZDD nodes = 221764, # elems = 278079911219032711856399322251923
Step 3434 time = 0.244083, # ZDD nodes = 222918, # elems = 227801910273967728431286744540658
Step 3435 time = 0.247546, # ZDD nodes = 224209, # elems = 184151169247973302418738644014318
Step 3436 time = 1.026512, # ZDD nodes = 225477, # elems = 146857200775247523944846612876818
Step 3437 time = 0.256505, # ZDD nodes = 226683, # elems = 115515695399067268087241396520304
Step 3438 time = 0.271557, # ZDD nodes = 227836, # elems = 89614825054200229738070018376001
Step 3439 time = 0.262066, # ZDD nodes = 228873, # elems = 68570002131493356228547034338902
Step 3440 time = 0.261303, # ZDD nodes = 229806, # elems = 51760444811124276510496721030499
Step 3441 time = 0.260910, # ZDD nodes = 230676, # elems = 38562875196364451452489403279298
Step 3442 time = 1.023200, # ZDD nodes = 231565, # elems = 28379482532526033089446720915781
Step 3443 time = 0.252885, # ZDD nodes = 232332, # elems = 20658807125451055926786311628616
Step 3444 time = 0.249234, # ZDD nodes = 232992, # elems = 14909382268461940976545653364035
Step 3445 time = 0.246301, # ZDD nodes = 233519, # elems = 10706799334203676619046421655225
Step 3446 time = 0.242813, # ZDD nodes = 233941, # elems = 7695360220471162352809027815550
Step 3447 time = 0.241187, # ZDD nodes = 234260, # elems = 5585702049725562202365758216099
Step 3448 time = 0.237714, # ZDD nodes = 234438, # elems = 4149785299499849934412887523175
Step 3449 time = 0.235168, # ZDD nodes = 234510, # elems = 3214494878640133511898497592307
Step 3450 time = 0.231398, # ZDD nodes = 234452, # elems = 2654874763393183882884077813114
Step 3451 time = 0.229162, # ZDD nodes = 234274, # elems = 2387750153964751454936515262294
Step 3452 time = 0.226071, # ZDD nodes = 234002, # elems = 2366222576313513617339417939252
Step 3453 time = 0.999083, # ZDD nodes = 233607, # elems = 2575275425134445942012697954512
Step 3454 time = 0.219947, # ZDD nodes = 233096, # elems = 3028511437819986381217268809179
Step 3455 time = 0.217927, # ZDD nodes = 232471, # elems = 3765863029024729806070062723467
Step 3456 time = 0.215766, # ZDD nodes = 231768, # elems = 4851970794307837476477239434619
Step 3457 time = 0.211034, # ZDD nodes = 230982, # elems = 6374813712142148527672949880840
Step 3458 time = 0.208256, # ZDD nodes = 230234, # elems = 8444097515758289827739590297991
Step 3459 time = 0.205141, # ZDD nodes = 229377, # elems = 11188869546064394098911329555955
Step 3460 time = 0.201908, # ZDD nodes = 228371, # elems = 14753836505459497254412955877347
Step 3461 time = 0.199312, # ZDD nodes = 227282, # elems = 19293924982499689684736981435514
Step 3462 time = 0.195777, # ZDD nodes = 226108, # elems = 24966751541590927708023705068560
Step 3463 time = 0.193152, # ZDD nodes = 225009, # elems = 31922863422370039003622836156092
Step 3464 time = 0.192541, # ZDD nodes = 223995, # elems = 40293868631722126341277451846324
Step 3465 time = 0.191160, # ZDD nodes = 222885, # elems = 50178881169906101921816611955006
Step 3466 time = 0.189682, # ZDD nodes = 221682, # elems = 61630037301056315035039391501368
Step 3467 time = 0.186752, # ZDD nodes = 220330, # elems = 74638155143979356221991754839578
Step 3468 time = 0.183890, # ZDD nodes = 218952, # elems = 89119867546514157219565071902014
Step 3469 time = 0.181818, # ZDD nodes = 217482, # elems = 104907709964470158748933008572988
Step 3470 time = 0.178943, # ZDD nodes = 216061, # elems = 121744648550768974219329997478879
Step 3471 time = 0.179652, # ZDD nodes = 214649, # elems = 139284359498174209273453281163294
Step 3472 time = 0.182078, # ZDD nodes = 213250, # elems = 157098209932498778279551457558469
Step 3473 time = 0.183083, # ZDD nodes = 211881, # elems = 174689360191406007464667820017743
Step 3474 time = 0.189790, # ZDD nodes = 210733, # elems = 191513751767982736783036302374781
Step 3475 time = 0.200991, # ZDD nodes = 209762, # elems = 207007034605142772446760141079884
Step 3476 time = 0.209264, # ZDD nodes = 209082, # elems = 220615810625723826311516308264960
Step 3477 time = 0.220605, # ZDD nodes = 208673, # elems = 231831024765808412347661134061914
Step 3478 time = 0.229621, # ZDD nodes = 208522, # elems = 240221014189464163391526984575018
Step 3479 time = 0.237841, # ZDD nodes = 208641, # elems = 245461709328019360959106535826816
Step 3480 time = 0.246145, # ZDD nodes = 208720, # elems = 247361821104612646461046266897153
Step 3481 time = 0.252520, # ZDD nodes = 208944, # elems = 245881572863864002427558183638317
Step 3482 time = 0.261365, # ZDD nodes = 209201, # elems = 241144642127305248130898122259318
Step 3483 time = 0.269857, # ZDD nodes = 209507, # elems = 233444446311141562694283171762334
Step 3484 time = 0.276277, # ZDD nodes = 209920, # elems = 223247710678292087345366097317394
Step 3485 time = 0.287750, # ZDD nodes = 210391, # elems = 211200374037925736289018588826759
Step 3486 time = 0.286038, # ZDD nodes = 211274, # elems = 198143310140951025049271857488860
Step 3487 time = 0.287533, # ZDD nodes = 212242, # elems = 185148076515307107255269928429320
Step 3488 time = 0.285517, # ZDD nodes = 213166, # elems = 173585954226617924014380453157653
Step 3489 time = 0.281903, # ZDD nodes = 214039, # elems = 165246888088684841014970806808315
Step 3490 time = 0.275974, # ZDD nodes = 215018, # elems = 162528474936493748050544113618721
Step 3491 time = 0.269199, # ZDD nodes = 216046, # elems = 168718633946615023037329991957802
Step 3492 time = 0.263985, # ZDD nodes = 217002, # elems = 188398572929559493474831210390873
Step 3493 time = 1.047406, # ZDD nodes = 217883, # elems = 227994409916639593525462419441361
Step 3494 time = 0.254537, # ZDD nodes = 218642, # elems = 296505282051929768564337919437837
Step 3495 time = 0.248528, # ZDD nodes = 219276, # elems = 406431637365638168452616955679912
Step 3496 time = 0.243484, # ZDD nodes = 219957, # elems = 574918108851265351466051306488316
Step 3497 time = 0.239577, # ZDD nodes = 220586, # elems = 825109326156431262776958940375675
Step 3498 time = 0.235686, # ZDD nodes = 221321, # elems = 1187692881835941832641704586395275
Step 3499 time = 0.233700, # ZDD nodes = 222097, # elems = 1702570708606195259453375463844660
Step 3500 time = 0.235803, # ZDD nodes = 223009, # elems = 2420558675478034490370604189738235
Step 3501 time = 0.236889, # ZDD nodes = 223873, # elems = 3404966123167112076286792225461106
Step 3502 time = 0.238823, # ZDD nodes = 225043, # elems = 4732856073592906044235454570455353
Step 3503 time = 0.241163, # ZDD nodes = 226129, # elems = 6495738789706488768521571224625401
Step 3504 time = 0.242502, # ZDD nodes = 227139, # elems = 8799414033535316675590865649070140
Step 3505 time = 0.241678, # ZDD nodes = 228153, # elems = 11762660048190453836707555167206013
Step 3506 time = 0.240396, # ZDD nodes = 229141, # elems = 15514479760407129816624548949092582
Step 3507 time = 0.238112, # ZDD nodes = 230440, # elems = 20189665856214272374432907829297403
Step 3508 time = 0.239450, # ZDD nodes = 231875, # elems = 25922542480327335058163023057112742
Step 3509 time = 0.240272, # ZDD nodes = 233387, # elems = 32838884106295588013274499688263931
Step 3510 time = 0.245404, # ZDD nodes = 234847, # elems = 41046197192156987130527375245783238
Step 3511 time = 0.255446, # ZDD nodes = 236251, # elems = 50622765827482861397459750987059771
Step 3512 time = 0.265585, # ZDD nodes = 237587, # elems = 61606089398204830562508802608500792
Step 3513 time = 0.274811, # ZDD nodes = 238800, # elems = 73981552482415407349410027937775917
Step 3514 time = 0.283771, # ZDD nodes = 239879, # elems = 87672334627060723816773054132259253
Step 3515 time = 0.288292, # ZDD nodes = 240853, # elems = 102531659541405956250991506384306304
Step 3516 time = 0.289935, # ZDD nodes = 241729, # elems = 118338472572195709911651825797713217
Step 3517 time = 0.290456, # ZDD nodes = 242482, # elems = 134797503684897947130587549859914540
Step 3518 time = 0.288894, # ZDD nodes = 243138, # elems = 151544415094496279633687622231753162
Step 3519 time = 0.286142, # ZDD nodes = 243720, # elems = 168156358702277633111244139062922251
Step 3520 time = 0.282862, # ZDD nodes = 244234, # elems = 184167806173893092677783833224546819
Step 3521 time = 0.278999, # ZDD nodes = 244857, # elems = 199091006953769658550936887770487201
Step 3522 time = 0.276404, # ZDD nodes = 245369, # elems = 212439931276620836244992611740947099
Step 3523 time = 0.272526, # ZDD nodes = 245771, # elems = 223756125819188799808342721850402415
Step 3524 time = 0.267585, # ZDD nodes = 246080, # elems = 232634605618431724959229136819404939
Step 3525 time = 0.264799, # ZDD nodes = 246500, # elems = 238747772676064357539884868904208486
Step 3526 time = 0.264104, # ZDD nodes = 246847, # elems = 241865416254021346928629025139013046
Step 3527 time = 0.264645, # ZDD nodes = 247137, # elems = 241869115792502026054597494013966284
Step 3528 time = 0.266529, # ZDD nodes = 247399, # elems = 238759812993713878254769141448761904
Step 3529 time = 0.267330, # ZDD nodes = 247596, # elems = 232657899943449414200220224444675508
Step 3530 time = 0.266704, # ZDD nodes = 247945, # elems = 223795822346908404072478269763650330
Step 3531 time = 0.268607, # ZDD nodes = 248468, # elems = 212503848524097488773408860216847860
Step 3532 time = 0.270647, # ZDD nodes = 249111, # elems = 199190233297264197706081503962191301
Step 3533 time = 0.273235, # ZDD nodes = 249711, # elems = 184317448661636578127182247810577739
Step 3534 time = 0.279896, # ZDD nodes = 250316, # elems = 168376415529211241940880114777518416
Step 3535 time = 0.286929, # ZDD nodes = 250928, # elems = 151860731694139999996436379863435384
Step 3536 time = 0.292960, # ZDD nodes = 251724, # elems = 135242754654684983228997897653981312
Step 3537 time = 0.303201, # ZDD nodes = 252861, # elems = 118953091745179892902501158719738903
Step 3538 time = 0.309333, # ZDD nodes = 253904, # elems = 103364620365384197437051734728668583
Step 3539 time = 0.313113, # ZDD nodes = 254866, # elems = 88781665258871354552124772775293699
Step 3540 time = 0.317437, # ZDD nodes = 255721, # elems = 75434457864287484952253346483093302
Step 3541 time = 0.315435, # ZDD nodes = 256684, # elems = 63478549533131372856427238983728341
Step 3542 time = 0.314414, # ZDD nodes = 257559, # elems = 52998488819649592861007689433342506
Step 3543 time = 0.313352, # ZDD nodes = 258597, # elems = 44014829967155220565897519233642332
Step 3544 time = 0.314126, # ZDD nodes = 259642, # elems = 36493424391167362605868967389409434
Step 3545 time = 0.316017, # ZDD nodes = 260602, # elems = 30355952109859902451964754987433674
Step 3546 time = 0.315968, # ZDD nodes = 261654, # elems = 25490755092222604361832897535144333
Step 3547 time = 0.313086, # ZDD nodes = 262605, # elems = 21763210058321527463533681552692929
Step 3548 time = 0.309014, # ZDD nodes = 263447, # elems = 19025091455972519376818486410107130
Step 3549 time = 0.304271, # ZDD nodes = 264332, # elems = 17122594489881260721136223804900923
Step 3550 time = 0.297741, # ZDD nodes = 265091, # elems = 15902886698163017563165573326235103
Step 3551 time = 0.291442, # ZDD nodes = 265743, # elems = 15219215907461542450979500272311182
Step 3552 time = 0.286206, # ZDD nodes = 266274, # elems = 14934712535903195051972766437704951
Step 3553 time = 0.280015, # ZDD nodes = 266900, # elems = 14925083765912398292770879997731774
Step 3554 time = 0.275899, # ZDD nodes = 267439, # elems = 15080411795533526724004646900078623
Step 3555 time = 0.272658, # ZDD nodes = 267853, # elems = 15306248869244126948899501150271613
Step 3556 time = 0.269186, # ZDD nodes = 268200, # elems = 15524161251746567352380295746650178
Step 3557 time = 0.265097, # ZDD nodes = 268468, # elems = 15671826024095896654752702356835748
Step 3558 time = 0.261744, # ZDD nodes = 268818, # elems = 15702739980843977325290264578170340
Step 3559 time = 0.260573, # ZDD nodes = 269238, # elems = 15585567204881658075034286557203173
Step 3560 time = 0.259749, # ZDD nodes = 269762, # elems = 15303135433546998932351307937492344
Step 3561 time = 0.261308, # ZDD nodes = 270189, # elems = 14851091593181878034443695649755247
Step 3562 time = 0.265113, # ZDD nodes = 270496, # elems = 14236241100969584320098271853099630
Step 3563 time = 0.267779, # ZDD nodes = 270743, # elems = 13474618683256817705254395456629577
Step 3564 time = 0.358951, # ZDD nodes = 271089, # elems = 12589364439861636174860158298760350
Step 3565 time = 0.270690, # ZDD nodes = 271480, # elems = 11608501707394342051044722456207796
Step 3566 time = 0.272107, # ZDD nodes = 271916, # elems = 10562728062351043013663016843527757
Step 3567 time = 0.271423, # ZDD nodes = 272229, # elems = 9483334468642646425569669336755563
Step 3568 time = 0.269007, # ZDD nodes = 272382, # elems = 8400359124762465947080748087277884
Step 3569 time = 1.049442, # ZDD nodes = 272616, # elems = 7341063045425188471969472353204184
Step 3570 time = 0.264546, # ZDD nodes = 272778, # elems = 6328786514510434765606472742479452
Step 3571 time = 0.266375, # ZDD nodes = 273064, # elems = 5382213020094353546261518908839367
Step 3572 time = 0.269809, # ZDD nodes = 273346, # elems = 4515034248366579427200018132536441
Step 3573 time = 0.273935, # ZDD nodes = 273529, # elems = 3735980005769906475254349668102740
Step 3574 time = 0.276250, # ZDD nodes = 273613, # elems = 3049153579810765415541584846955060
Step 3575 time = 0.276623, # ZDD nodes = 273679, # elems = 2454597916026633929780283010390529
Step 3576 time = 0.272674, # ZDD nodes = 273578, # elems = 1949011700611717636527775411323494
Step 3577 time = 0.267771, # ZDD nodes = 273347, # elems = 1526536445955329162394004276278131
Step 3578 time = 0.264077, # ZDD nodes = 272973, # elems = 1179544510141332614876124875966596
Step 3579 time = 0.497685, # ZDD nodes = 272474, # elems = 899371592714941308673193788119378
Step 3580 time = 0.255760, # ZDD nodes = 271830, # elems = 676953377144736014086303873837404
Step 3581 time = 0.250947, # ZDD nodes = 271023, # elems = 503342494398811441219367574404009
Step 3582 time = 0.246508, # ZDD nodes = 270094, # elems = 370097093210637665604683007640027
Step 3583 time = 0.242211, # ZDD nodes = 269045, # elems = 269544775575091105608885288615743
Step 3584 time = 0.238553, # ZDD nodes = 267867, # elems = 194934816268196730494393860427398
Step 3585 time = 0.234317, # ZDD nodes = 266598, # elems = 140497287870176030649109961344328
Step 3586 time = 0.254454, # ZDD nodes = 265248, # elems = 101430238524912682971459694267608
Step 3587 time = 0.227976, # ZDD nodes = 263802, # elems = 73835987196519421871447455640142
Step 3588 time = 0.223510, # ZDD nodes = 262276, # elems = 54625624575152107577620904251325
Step 3589 time = 0.220344, # ZDD nodes = 260699, # elems = 41407670538163331082850613791701
Step 3590 time = 0.215922, # ZDD nodes = 259091, # elems = 32373198699313672035847286316110
Step 3591 time = 0.212224, # ZDD nodes = 257509, # elems = 26186117330581171481119349321275
Step 3592 time = 0.208441, # ZDD nodes = 255846, # elems = 21884056205012912353110001797060
Step 3593 time = 0.980154, # ZDD nodes = 254247, # elems = 18792656929320926064116708488888
Step 3594 time = 0.203603, # ZDD nodes = 252641, # elems = 16454073460798145324191148357604
Step 3595 time = 0.201514, # ZDD nodes = 251045, # elems = 14569133805297256462311884625811
Step 3596 time = 0.199121, # ZDD nodes = 249444, # elems = 12951804204981690642529998586957
Step 3597 time = 0.198008, # ZDD nodes = 247904, # elems = 11494213664337989532497696105832
Step 3598 time = 0.193731, # ZDD nodes = 246403, # elems = 10140414753105233478640150186695
Step 3599 time = 0.191954, # ZDD nodes = 244817, # elems = 8867164181869105730572735364005
Step 3600 time = 0.190109, # ZDD nodes = 243274, # elems = 7670213768638704245693409454447
Step 3601 time = 0.190538, # ZDD nodes = 241644, # elems = 6554844456759515028136469954941
Step 3602 time = 0.189304, # ZDD nodes = 239911, # elems = 5529612048758911298976512271103
Step 3603 time = 0.188619, # ZDD nodes = 238080, # elems = 4602481720457453402974138262823
Step 3604 time = 0.187960, # ZDD nodes = 236249, # elems = 3778701608447855264926495235205
Step 3605 time = 0.189742, # ZDD nodes = 234332, # elems = 3059904987768464181894620448377
Step 3606 time = 0.192203, # ZDD nodes = 232334, # elems = 2444041282224448971081504979526
Step 3607 time = 0.194336, # ZDD nodes = 230216, # elems = 1925825052037567801470467585443
Step 3608 time = 0.195278, # ZDD nodes = 227958, # elems = 1497465093294776633860174549618
Step 3609 Command exited with non-zero status 124
	Command being timed: "timeout 30m ../ddreconf/ddreconf ../instances_pwwt_from_heur_col/LGC_exp_instance009.pwwt.col --stfile=../benchmark_instances/2023result/docs/solver/benchmark/exp_instance/LGC_exp_instance009_01.dat --tj --indset --st"
	User time (seconds): 1760.51
	System time (seconds): 35.91
	Percent of CPU this job got: 99%
	Elapsed (wall clock) time (h:mm:ss or m:ss): 30:00.26
	Average shared text size (kbytes): 0
	Average unshared data size (kbytes): 0
	Average stack size (kbytes): 0
	Average total size (kbytes): 0
	Maximum resident set size (kbytes): 73481108
	Average resident set size (kbytes): 0
	Major (requiring I/O) page faults: 0
	Minor (reclaiming a frame) page faults: 1341474
	Voluntary context switches: 198
	Involuntary context switches: 1546
	Swaps: 0
	File system inputs: 0
	File system outputs: 2968
	Socket messages sent: 0
	Socket messages received: 0
	Signals delivered: 0
	Page size (bytes): 4096
	Exit status: 124
