graph_name,vertices,edges,dat_file,tokens,independent_sets,cpu_time,wallclock_time,max_memory,zdd_time,zdd_size,solved?,error,reconfiguration_sequence_length,type
hc-power-015-002,229,348,hc-power-015-002_01,92,5574197766708031179445012038756188664562183,9586.22,9600,36920780,0.055598,1032,0,,,opt
hc-power-018-002,274,417,hc-power-018-002_01,110,1314500581644442308054917054661833384029658065341294,9577.569,9600,136571532,0.081431,1174,0,,,orig
hc-power-015-002,229,348,hc-power-015-002_01,92,5574197766708031179445012038756188664562183,9189.52,9203,37375812,0.056312,976,1,,884546,orig
hc-power-018-002,274,417,hc-power-018-002_01,110,1314500581644442308054917054661833384029658065341294,9578.16,9600,135166016,0.080841,1242,0,,,heur
hc-power-017-002,259,394,hc-power-017-002_01,104,2127655511458921906699036812684863553827095067151,9577.7295,9600,73609108,0.072573,1172,0,,,heur
hc-power-017-002,259,394,hc-power-017-002_01,104,2127655511458921906699036812684863553827095067151,9577.029,9600,134146576,0.072823,1108,0,,,orig
hc-power-017-002,259,394,hc-power-017-002_01,104,2127655511458921906699036812684863553827095067151,9577.699,9600,73441420,0.072397,1172,0,,,opt
hc-power-014-002,214,325,hc-power-014-002_01,86,9022417156682815492520665863912956245046,3883.5,3888,18562968,0.048404,910,1,,442189,orig
hc-power-018-002,274,417,hc-power-018-002_01,110,1314500581644442308054917054661833384029658065341294,9577.68,9600,135195152,0.080897,1242,0,,,opt
hc-power-014-002,214,325,hc-power-014-002_01,86,9022417156682815492520665863912956245046,4071.8499,4077,10997104,0.048151,962,1,,442189,opt
hc-power-014-002,214,325,hc-power-014-002_01,86,9022417156682815492520665863912956245046,4057.7,4063,10997524,0.048762,962,1,,442189,heur
hc-power-019-002,289,440,hc-power-019-002_01,116,812120087033618215897164092207942923928586126523583359,9576.78,9600,139603360,0.090603,1240,0,,,orig
hc-power-019-002,289,440,hc-power-019-002_01,116,812120087033618215897164092207942923928586126523583359,9577.36,9600,138049980,0.090186,1312,0,,,heur
hc-power-015-002,229,348,hc-power-015-002_01,92,5574197766708031179445012038756188664562183,9586.101,9600,36920520,0.055495,1032,0,,,heur
hc-power-019-002,289,440,hc-power-019-002_01,116,812120087033618215897164092207942923928586126523583359,9577.67,9600,138096408,0.090231,1312,0,,,opt
hc-power-020-002,304,463,hc-power-020-002_01,122,501741151714369915506768957681239053884548329894829212368,9577.37,9600,140813164,0.098703,1306,0,,,orig
hc-power-020-002,304,463,hc-power-020-002_01,122,501741151714369915506768957681239053884548329894829212368,9577.02,9600,139422852,0.098605,1382,0,,,heur
hc-power-020-002,304,463,hc-power-020-002_01,122,501741151714369915506768957681239053884548329894829212368,9577.561,9600,139392424,0.099325,1382,0,,,opt
suzuki_instance_3_16_2_2,488,1728,suzuki_instance_3_16_2_2_01,98,32326749630884469805020004288078497229792374893732094296621301357,9580.261,9600,138170632,0.656765,2204,0,,,heur
hc-power-016-002,244,371,hc-power-016-002_01,98,3443831093462389356374187356733005542648388264,9582.67,9600,69214320,0.063419,1042,0,,,orig
hc-power-016-002,244,371,hc-power-016-002_01,98,3443831093462389356374187356733005542648388264,9583.16,9600,68170408,0.063084,1102,0,,,heur
hc-power-016-002,244,371,hc-power-016-002_01,98,3443831093462389356374187356733005542648388264,9582.81,9600,68139420,0.063638,1102,0,,,opt
suzuki_instance_3_16_2_2,488,1728,suzuki_instance_3_16_2_2_01,98,32326749630884469805020004288078497229792374893732094296621301357,9578.98,9600,138130168,0.666171,2204,0,,,opt
suzuki_instance_3_13_2_3,597,3315,suzuki_instance_3_13_2_3_01,80,810956209263646734902287892470949536167033789941127227106079339,8387.78,8399,34786120,1.702803,2676,1,,221016,heur
suzuki_instance_3_16_2_2,488,1728,suzuki_instance_3_16_2_2_01,98,32326749630884469805020004288078497229792374893732094296621301357,9575.859,9600,139334788,0.686959,2084,0,,,orig
suzuki_instance_3_15_2_3,687,3819,suzuki_instance_3_15_2_3_01,92,2213911939438873187790612775592103903967231260949938268585188482722001665,9580.31,9600,137275036,2.253552,3096,0,,,opt
suzuki_instance_3_13_2_3,597,3315,suzuki_instance_3_13_2_3_01,80,810956209263646734902287892470949536167033789941127227106079339,8429.37,8441,34786944,1.700045,2676,1,,221016,opt
suzuki_instance_3_15_2_3,687,3819,suzuki_instance_3_15_2_3_01,92,2213911939438873187790612775592103903967231260949938268585188482722001665,9580.3,9600,137266564,2.261101,3096,0,,,heur
suzuki_instance_3_13_2_2,398,1407,suzuki_instance_3_13_2_2_01,80,45366461598361157816823991857826456582625720201035763,4750.86,4757,18857884,0.414979,1688,1,,221016,orig
suzuki_instance_3_13_2_2,398,1407,suzuki_instance_3_13_2_2_01,80,45366461598361157816823991857826456582625720201035763,4940.1,4947,18520516,0.406841,1784,1,,221016,heur
suzuki_instance_3_13_2_3,597,3315,suzuki_instance_3_13_2_3_01,80,810956209263646734902287892470949536167033789941127227106079339,8222.22,8233,35388160,1.834088,2532,1,,221016,orig
suzuki_instance_3_13_2_2,398,1407,suzuki_instance_3_13_2_2_01,80,45366461598361157816823991857826456582625720201035763,4905.63,4912,18521816,0.407546,1784,1,,221016,opt
suzuki_instance_3_15_2_3,687,3819,suzuki_instance_3_15_2_3_01,92,2213911939438873187790612775592103903967231260949938268585188482722001665,9580.92,9600,139435732,2.443974,2928,0,,,orig
sp015,195,1242,sp015_01,30,44323712108820516566,6104.8696,6115,149218016,0.169887,429,1,,480502,orig
sp015,195,1242,sp015_01,30,44323712108820516566,6093.39,6104,148480172,0.170381,344,1,,480502,heur
sp015,195,1242,sp015_01,30,44323712108820516566,6089.38,6100,148481484,0.172556,344,1,,480502,opt
suzuki_instance_3_15_2_2,458,1621,suzuki_instance_3_15_2_2_01,92,3619258993215587040499992278375222152754227270671117222674355,9581.99,9600,71666160,0.584560,2064,0,,,opt
suzuki_instance_3_15_2_2,458,1621,suzuki_instance_3_15_2_2_01,92,3619258993215587040499992278375222152754227270671117222674355,9582.2705,9600,71675268,0.580722,2064,0,,,heur
suzuki_instance_3_15_2_2,458,1621,suzuki_instance_3_15_2_2_01,92,3619258993215587040499992278375222152754227270671117222674355,9582.56,9600,73038528,0.601921,1952,0,,,orig
hc-power-013-002,199,302,hc-power-013-002_01,80,14603717836383728549736459587959249895,1685.26,1687.62,5416240,0.041857,892,1,,221016,heur
hc-power-013-002,199,302,hc-power-013-002_01,80,14603717836383728549736459587959249895,1627.11,1629.46,9184776,0.042384,844,1,,221016,orig
suzuki_instance_3_17_2_2,518,1835,suzuki_instance_3_17_2_2_01,104,288738314571244878597104857097219082257679688979603424549524521938803,9580.7,9600,137765404,0.758104,2344,0,,,heur
hc-power-013-002,199,302,hc-power-013-002_01,80,14603717836383728549736459587959249895,1681.34,1683.67,5416108,0.041881,892,1,,221016,opt
suzuki_instance_3_17_2_2,518,1835,suzuki_instance_3_17_2_2_01,104,288738314571244878597104857097219082257679688979603424549524521938803,9581.08,9600,137837160,0.750696,2344,0,,,opt
sp017,221,1410,sp017_01,34,17822431566207395633927,9581.13,9603,566816420,0.219207,390,0,,,heur
suzuki_instance_3_17_2_2,518,1835,suzuki_instance_3_17_2_2_01,104,288738314571244878597104857097219082257679688979603424549524521938803,9580.71,9600,139532512,0.782510,2216,0,,,orig
suzuki_instance_3_16_2_3,732,4071,suzuki_instance_3_16_2_3_01,98,115675613595561389858571836003725480008470730881273290601020692387477550621336,9580.89,9600,139187444,2.726257,3306,0,,,opt
suzuki_instance_3_16_2_3,732,4071,suzuki_instance_3_16_2_3_01,98,115675613595561389858571836003725480008470730881273290601020692387477550621336,9580.95,9600,139145492,2.749185,3306,0,,,heur
suzuki_instance_3_16_2_3,732,4071,suzuki_instance_3_16_2_3_01,98,115675613595561389858571836003725480008470730881273290601020692387477550621336,9581.07,9600,140855704,2.911101,3126,0,,,orig
sp017,221,1410,sp017_01,34,17822431566207395633927,9580.76,9603,566773320,0.219916,390,0,,,opt
sp017,221,1410,sp017_01,34,17822431566207395633927,9580.77,9603,567157176,0.220104,487,0,,,orig
suzuki_instance_3_18_2_2,548,1942,suzuki_instance_3_18_2_2_01,110,2578972994606081552998840647058156752439353181016076849493119618726131373,9581.681,9600,135792816,0.841373,2484,0,,,heur
suzuki_instance_3_18_2_2,548,1942,suzuki_instance_3_18_2_2_01,110,2578972994606081552998840647058156752439353181016076849493119618726131373,9581.22,9600,135645640,0.855866,2484,0,,,opt
suzuki_instance_3_18_2_2,548,1942,suzuki_instance_3_18_2_2_01,110,2578972994606081552998840647058156752439353181016076849493119618726131373,9581.529,9600,137056088,0.878322,2348,0,,,orig
sp016,208,1326,sp016_01,32,888794872746086303527,9582.64,9602,544344552,0.197824,458,0,,,orig
sp018,234,1494,sp018_01,36,357381749909002819498633,9580.72,9603,566514380,0.246934,413,0,,,opt
sp016,208,1326,sp016_01,32,888794872746086303527,9582.75,9602,543622692,0.195969,367,0,,,heur
sp016,208,1326,sp016_01,32,888794872746086303527,9582.74,9602,543621140,0.194312,367,0,,,opt
sp018,234,1494,sp018_01,36,357381749909002819498633,9580.851,9603,567606028,0.249274,516,0,,,orig
sp018,234,1494,sp018_01,36,357381749909002819498633,9581.279,9603,566287964,0.250312,413,0,,,heur
suzuki_instance_3_19_2_2,578,2049,suzuki_instance_3_19_2_2_01,116,23035050671345283351719367626055496431223513403127042193714323394717562801971,9581.931,9600,134687132,0.928892,2624,0,,,opt
suzuki_instance_3_19_2_2,578,2049,suzuki_instance_3_19_2_2_01,116,23035050671345283351719367626055496431223513403127042193714323394717562801971,9581.75,9600,134498364,0.958937,2624,0,,,heur
suzuki_instance_3_17_2_3,777,4323,suzuki_instance_3_17_2_3_01,104,6043983657317945690023415345536758706058213067793675705287969170924513589960047551,9581.5205,9600,138538012,3.042641,3516,0,,,heur
suzuki_instance_3_19_2_2,578,2049,suzuki_instance_3_19_2_2_01,116,23035050671345283351719367626055496431223513403127042193714323394717562801971,9581.71,9600,135479924,0.983651,2480,0,,,orig
suzuki_instance_3_17_2_3,777,4323,suzuki_instance_3_17_2_3_01,104,6043983657317945690023415345536758706058213067793675705287969170924513589960047551,9581.52,9600,138662600,3.070141,3516,0,,,opt
suzuki_instance_3_17_2_3,777,4323,suzuki_instance_3_17_2_3_01,104,6043983657317945690023415345536758706058213067793675705287969170924513589960047551,9581.57,9600,139269896,3.276373,3324,0,,,orig
sp019,247,1578,sp019_01,38,7166346224619009871910114,9581.05,9603,565959448,0.281188,436,0,,,opt
suzuki_instance_3_20_2_2,608,2156,suzuki_instance_3_20_2_2_01,122,205746070447896241656443684984037067255695036534260513913829729196842401292320493,9582.22,9600,134340720,1.037695,2764,0,,,opt
sp019,247,1578,sp019_01,38,7166346224619009871910114,9581.069,9603,565906744,0.280280,436,0,,,heur
sp019,247,1578,sp019_01,38,7166346224619009871910114,9581.03,9603,564518996,0.277839,545,0,,,orig
suzuki_instance_3_20_2_2,608,2156,suzuki_instance_3_20_2_2_01,122,205746070447896241656443684984037067255695036534260513913829729196842401292320493,9582.67,9600,134372692,1.049812,2764,0,,,heur
sp020,260,1662,sp020_01,40,143702128673855407653334840,9581.189,9603,565372208,0.314722,574,0,,,orig
sp020,260,1662,sp020_01,40,143702128673855407653334840,9581.11,9603,563380684,0.312797,459,0,,,opt
suzuki_instance_3_18_2_3,822,4575,suzuki_instance_3_18_2_3_01,110,315794637386977301824710419775120266593423689906753394793920574193998519457876660732532,9582.29,9600,137677244,3.500690,3726,0,,,opt
suzuki_instance_3_18_2_3,822,4575,suzuki_instance_3_18_2_3_01,110,315794637386977301824710419775120266593423689906753394793920574193998519457876660732532,9582.07,9600,137635752,3.476826,3726,0,,,heur
suzuki_instance_3_18_2_3,822,4575,suzuki_instance_3_18_2_3_01,110,315794637386977301824710419775120266593423689906753394793920574193998519457876660732532,9582.359,9600,138009836,3.661935,3522,0,,,orig
suzuki_instance_3_20_2_2,608,2156,suzuki_instance_3_20_2_2_01,122,205746070447896241656443684984037067255695036534260513913829729196842401292320493,9582.05,9600,134099580,1.102233,2612,0,,,orig
sp020,260,1662,sp020_01,40,143702128673855407653334840,9581.19,9603,563190964,0.307701,459,0,,,heur
suzuki_instance_3_14_2_3,642,3567,suzuki_instance_3_14_2_3_01,86,42371991150415351253763796628419929132706766921673666846547908370816,9580.51,9600,68601628,1.986936,2886,0,,,opt
suzuki_instance_3_14_2_3,642,3567,suzuki_instance_3_14_2_3_01,86,42371991150415351253763796628419929132706766921673666846547908370816,9574.19,9600,68583956,1.993707,2886,0,,,heur
suzuki_instance_3_14_2_3,642,3567,suzuki_instance_3_14_2_3_01,86,42371991150415351253763796628419929132706766921673666846547908370816,9571.6,9600,69886332,2.122206,2730,0,,,orig
suzuki_instance_3_19_2_3,867,4827,suzuki_instance_3_19_2_3_01,116,16500086475519460671465892935093131843186905222542813909728644772141868180984525410900012413,9582.45,9600,136369864,4.083483,3720,0,,,orig
sp021,273,1746,sp021_01,42,2881566301451636165758105547,9581.58,9603,566559248,0.346314,603,0,,,orig
sp021,273,1746,sp021_01,42,2881566301451636165758105547,9581.359,9603,564910768,0.346952,482,0,,,opt
sp021,273,1746,sp021_01,42,2881566301451636165758105547,9581.4795,9603,564285996,0.342588,482,0,,,heur
suzuki_instance_3_12_2_3,552,3063,suzuki_instance_3_12_2_3_01,74,15520865446438123865698137776787370340512054876661596017772,3463.66,3468.66,17348284,1.467542,2466,1,,110435,heur
suzuki_instance_3_19_2_3,867,4827,suzuki_instance_3_19_2_3_01,116,16500086475519460671465892935093131843186905222542813909728644772141868180984525410900012413,9582.391,9600,134904700,3.892835,3936,0,,,opt
suzuki_instance_3_19_2_3,867,4827,suzuki_instance_3_19_2_3_01,116,16500086475519460671465892935093131843186905222542813909728644772141868180984525410900012413,9582.31,9600,134788636,3.883480,3936,0,,,heur
suzuki_instance_3_12_2_3,552,3063,suzuki_instance_3_12_2_3_01,74,15520865446438123865698137776787370340512054876661596017772,3484.99,3490.13,17348196,1.448649,2466,1,,110435,opt
suzuki_instance_3_12_2_3,552,3063,suzuki_instance_3_12_2_3_01,74,15520865446438123865698137776787370340512054876661596017772,3404.38,3409.31,17613284,1.558568,2334,1,,110435,orig
suzuki_instance_3_12_2_2,368,1300,suzuki_instance_3_12_2_2_01,74,5079167438886921136163197043042252861907119717869,2011.64,2014.55,9355592,0.352436,1556,1,,110435,orig
sp022,286,1830,sp022_01,44,57782194503931197732687355894,9581.13,9603,564056720,0.384897,632,0,,,orig
sp022,286,1830,sp022_01,44,57782194503931197732687355894,9581.38,9603,562469440,0.380097,505,0,,,opt
sp022,286,1830,sp022_01,44,57782194503931197732687355894,9581.35,9603,562391400,0.381068,505,0,,,heur
suzuki_instance_3_14_2_2,428,1514,suzuki_instance_3_14_2_2_01,86,405207322404517013540974185499382529431898431389309556269,9585.721,9600,37486220,0.492238,1820,0,,,orig
suzuki_instance_3_12_2_2,368,1300,suzuki_instance_3_12_2_2_01,74,5079167438886921136163197043042252861907119717869,2063.5,2066.46,9211028,0.347505,1644,1,,110435,heur
suzuki_instance_3_14_2_2,428,1514,suzuki_instance_3_14_2_2_01,86,405207322404517013540974185499382529431898431389309556269,9585.71,9600,36727768,0.479412,1924,0,,,heur
suzuki_instance_3_14_2_2,428,1514,suzuki_instance_3_14_2_2_01,86,405207322404517013540974185499382529431898431389309556269,9585.81,9600,36726092,0.479116,1924,0,,,opt
suzuki_instance_3_12_2_2,368,1300,suzuki_instance_3_12_2_2_01,74,5079167438886921136163197043042252861907119717869,2055.3901,2058.34,9210204,0.349859,1644,1,,110435,opt
sp014,182,1158,sp014_01,28,2210399176849046821,2468.5,2472.85,71525988,0.148877,321,1,,240207,heur
suzuki_instance_3_20_2_3,912,5079,suzuki_instance_3_20_2_3_01,122,862119939566926114585904010553445717545646652417433118884707035332150842736079179060087306455460,9582.94,9600,134134492,4.280412,4146,0,,,opt
sp014,182,1158,sp014_01,28,2210399176849046821,2477.13,2481.52,71629892,0.149998,400,1,,240207,orig
suzuki_instance_3_20_2_3,912,5079,suzuki_instance_3_20_2_3_01,122,862119939566926114585904010553445717545646652417433118884707035332150842736079179060087306455460,9582.78,9600,134188088,4.355139,4146,0,,,heur
suzuki_instance_3_20_2_3,912,5079,suzuki_instance_3_20_2_3_01,122,862119939566926114585904010553445717545646652417433118884707035332150842736079179060087306455460,9583.17,9600,135176104,4.586538,3918,0,,,orig
sp014,182,1158,sp014_01,28,2210399176849046821,2470.02,2474.45,71526312,0.149463,321,1,,240207,opt
hc-power-012-002,184,279,hc-power-012-002_01,74,23637631794351951224765884378156416,668.43,669.44,4562532,0.036509,778,1,,110435,orig
sp023,299,1914,sp023_01,46,1158669158508749446227158558267,9581.869,9603,563615932,0.417681,528,0,,,opt
hc-power-012-002,184,279,hc-power-012-002_01,74,23637631794351951224765884378156416,695.93,696.94,2674828,0.036186,822,1,,110435,heur
hc-power-012-002,184,279,hc-power-012-002_01,74,23637631794351951224765884378156416,695.64996,696.67,2676836,0.036062,822,1,,110435,opt
sp023,299,1914,sp023_01,46,1158669158508749446227158558267,9581.17,9603,563361456,0.420543,528,0,,,heur
sp023,299,1914,sp023_01,46,1158669158508749446227158558267,9581.5,9603,564371568,0.417297,661,0,,,orig
sp024,312,1998,sp024_01,48,23234046930980371758441616626781,9581.09,9603,560492128,0.450845,551,0,,,opt
sp024,312,1998,sp024_01,48,23234046930980371758441616626781,9581.09,9603,560521832,0.455243,551,0,,,heur
sp025,325,2082,sp025_01,50,465897389972620115812792178449781,9581.53,9603,560073548,0.487427,574,0,,,heur
sp024,312,1998,sp024_01,48,23234046930980371758441616626781,9580.54,9603,561143032,0.458433,690,0,,,orig
sp025,325,2082,sp025_01,50,465897389972620115812792178449781,9581.82,9603,561344252,0.500617,719,0,,,orig
sp025,325,2082,sp025_01,50,465897389972620115812792178449781,9580.96,9603,559846728,0.492620,574,0,,,opt
sp026,338,2166,sp026_01,52,9342340515541891437460512344180668,9581.61,9603,559288512,0.566344,597,0,,,opt
sp026,338,2166,sp026_01,52,9342340515541891437460512344180668,9581.19,9603,559267848,0.559682,597,0,,,heur
sp026,338,2166,sp026_01,52,9342340515541891437460512344180668,9581.57,9603,560954916,0.563499,748,0,,,orig
sp027,351,2250,sp027_01,54,187335941747741429236781480678689922,9581.42,9603,559439252,0.611467,777,0,,,orig
sp027,351,2250,sp027_01,54,187335941747741429236781480678689922,9581.49,9603,558460644,0.605555,620,0,,,opt
sp027,351,2250,sp027_01,54,187335941747741429236781480678689922,9581.4,9603,560403620,0.608874,620,0,,,heur
sp028,364,2334,sp028_01,56,3756527072860343096288902918096428889,9581.92,9603,559825484,0.651664,643,0,,,heur
sp028,364,2334,sp028_01,56,3756527072860343096288902918096428889,9581.65,9603,559450408,0.651806,643,0,,,opt
sp028,364,2334,sp028_01,56,3756527072860343096288902918096428889,9581.08,9603,559896668,0.663196,806,0,,,orig
sp029,377,2418,sp029_01,58,75327219739470145246452300354951448370,9581.97,9603,558979032,0.712638,666,0,,,heur
sp029,377,2418,sp029_01,58,75327219739470145246452300354951448370,9581.77,9603,560527504,0.709091,835,0,,,orig
sp030,390,2502,sp030_01,60,1510488257804010989454571691497804086211,9581.87,9603,559072736,0.758909,689,0,,,opt
suzuki_instance_3_11_2_3,507,2811,suzuki_instance_3_11_2_3_01,68,297053356833130498046842386493717118445975204208510597,1443.41,1445.56,8633056,1.232158,2256,1,,55150,heur
sp030,390,2502,sp030_01,60,1510488257804010989454571691497804086211,9581.88,9603,559078872,0.743773,689,0,,,heur
sp029,377,2418,sp029_01,58,75327219739470145246452300354951448370,9581.51,9603,558963164,0.707888,666,0,,,opt
suzuki_instance_3_11_2_3,507,2811,suzuki_instance_3_11_2_3_01,68,297053356833130498046842386493717118445975204208510597,1446.42,1448.5,8634060,1.227157,2256,1,,55150,opt
sp030,390,2502,sp030_01,60,1510488257804010989454571691497804086211,9581.84,9603,560334760,0.752115,864,0,,,orig
suzuki_instance_3_11_2_2,338,1193,suzuki_instance_3_11_2_2_01,68,568656689618946704968673431690868636207362099,842.16,843.42,4569464,0.290650,1504,1,,55150,heur
suzuki_instance_3_11_2_2,338,1193,suzuki_instance_3_11_2_2_01,68,568656689618946704968673431690868636207362099,827.22003,828.51,4644540,0.295588,1424,1,,55150,orig
suzuki_instance_3_11_2_3,507,2811,suzuki_instance_3_11_2_3_01,68,297053356833130498046842386493717118445975204208510597,1428.15,1430.24,8769352,1.273182,2136,1,,55150,orig
suzuki_instance_3_11_2_2,338,1193,suzuki_instance_3_11_2_2_01,68,568656689618946704968673431690868636207362099,841.13,842.38,4570704,0.294700,1504,1,,55150,opt
sp013,169,1074,sp013_01,26,110231392826925386,1003.89996,1005.81,34811244,0.131058,371,1,,120065,orig
sp013,169,1074,sp013_01,26,110231392826925386,990.48,992.17,34768404,0.129685,298,1,,120065,heur
suzuki_instance_3_10_2_3,462,2559,suzuki_instance_3_10_2_3_01,62,5685294876780307085286656129015170472504012313580,583.04,583.93,4291452,0.952564,2046,1,,27513,heur
hc-power-011-002,169,256,hc-power-011-002_01,68,38259958395890004445076194998031,282.47,282.9,1318692,0.030769,752,1,,55150,opt
hc-power-011-002,169,256,hc-power-011-002_01,68,38259958395890004445076194998031,281.24,281.66998,1320472,0.030724,752,1,,55150,heur
sp012,156,990,sp012_01,24,5497179012654760,400.69,401.41,17007636,0.112258,342,1,,59994,orig
hc-power-011-002,169,256,hc-power-011-002_01,68,38259958395890004445076194998031,273.69,274.14,2263572,0.030621,712,1,,55150,orig
sp013,169,1074,sp013_01,26,110231392826925386,990.82,992.48,34768360,0.131336,298,1,,120065,opt
suzuki_instance_3_10_2_3,462,2559,suzuki_instance_3_10_2_3_01,62,5685294876780307085286656129015170472504012313580,578.76,579.64,4293024,0.933452,2046,1,,27513,opt
suzuki_instance_3_10_2_3,462,2559,suzuki_instance_3_10_2_3_01,62,5685294876780307085286656129015170472504012313580,578.88,579.77,4354684,0.999085,1938,1,,27513,orig
suzuki_instance_3_10_2_2,308,1086,suzuki_instance_3_10_2_2_01,62,63666030809026528853042316005043465188781,337.16,337.7,2266256,0.241970,1364,1,,27513,heur
hc-power-010-002,154,233,hc-power-010-002_01,62,61927710406463170775241686526,113.07,113.259995,653224,0.025391,682,1,,27513,heur
sp012,156,990,sp012_01,24,5497179012654760,395.87,396.58002,16975000,0.111563,275,1,,59994,heur
suzuki_instance_3_10_2_2,308,1086,suzuki_instance_3_10_2_2_01,62,63666030809026528853042316005043465188781,337.63998,338.18,2265000,0.241816,1364,1,,27513,opt
sp012,156,990,sp012_01,24,5497179012654760,395.63,396.34,16964988,0.110994,275,1,,59994,opt
suzuki_instance_3_10_2_2,308,1086,suzuki_instance_3_10_2_2_01,62,63666030809026528853042316005043465188781,334.21,334.76,2298320,0.250366,1292,1,,27513,orig
hc-power-010-002,154,233,hc-power-010-002_01,62,61927710406463170775241686526,109.85,110.03,1121196,0.025654,646,1,,27513,orig
suzuki_instance_3_9_2_3,417,2307,suzuki_instance_3_9_2_3_01,56,108810680278228827478442259611303322486183127,229.66,230.03,2137420,0.774234,1836,1,,13700,heur
sp011,143,906,sp011_01,22,274141297884341,152.33,152.62,4590112,0.094045,313,1,,29964,orig
sp011,143,906,sp011_01,22,274141297884341,149.99,150.28,4573648,0.094679,252,1,,29964,opt
suzuki_instance_3_9_2_3,417,2307,suzuki_instance_3_9_2_3_01,56,108810680278228827478442259611303322486183127,229.26,229.63,2167948,0.816116,1740,1,,13700,orig
sp011,143,906,sp011_01,22,274141297884341,149.93001,150.22,4575636,0.094435,252,1,,29964,heur
hc-power-010-002,154,233,hc-power-010-002_01,62,61927710406463170775241686526,112.44,112.630005,651848,0.025381,682,1,,27513,opt
suzuki_instance_3_9_2_3,417,2307,suzuki_instance_3_9_2_3_01,56,108810680278228827478442259611303322486183127,228.07,228.43,2138736,0.764861,1836,1,,13700,opt
suzuki_instance_3_9_2_2,278,979,suzuki_instance_3_9_2_2_01,56,7127962359313926592651731204666511475,134.59,134.82,1122056,0.198734,1224,1,,13700,heur
hc-power-009-002,139,210,hc-power-009-002_01,56,100236421495919298704585535,44.1,44.19,321992,0.021078,612,1,,13700,opt
SAT_exp_instance020,330,590,SAT_exp_instance020_01,120,277652867496406121569286204689753837201613861210146991477922816,7148.99,7164,544526996,6284.590235,136134354,1,,7193,heur
suzuki_instance_3_9_2_2,278,979,suzuki_instance_3_9_2_2_01,56,7127962359313926592651731204666511475,133.81,134.03,1121236,0.200839,1224,1,,13700,opt
hc-power-009-002,139,210,hc-power-009-002_01,56,100236421495919298704585535,44.2,44.28,320928,0.021024,612,1,,13700,heur
hc-power-009-002,139,210,hc-power-009-002_01,56,100236421495919298704585535,43.21,43.28,327648,0.020928,580,1,,13700,orig
suzuki_instance_3_9_2_2,278,979,suzuki_instance_3_9_2_2_01,56,7127962359313926592651731204666511475,132.41,132.64,1141376,0.203775,1160,1,,13700,orig
suzuki_instance_3_8_2_3,372,2055,suzuki_instance_3_8_2_3_01,50,2082524196056536802687690195561640899488,87.590004,87.74,1075516,0.636273,1542,1,,6799,orig
sp010,130,822,sp010_01,20,13671275945845,55.93,56.05,2195164,0.076619,229,1,,14949,heur
sp010,130,822,sp010_01,20,13671275945845,55.79,55.9,2206368,0.076436,229,1,,14949,opt
sp010,130,822,sp010_01,20,13671275945845,56.550003,56.67,2197036,0.078409,284,1,,14949,orig
suzuki_instance_3_8_2_3,372,2055,suzuki_instance_3_8_2_3_01,50,2082524196056536802687690195561640899488,86.810005,86.96,1064580,0.601208,1626,1,,6799,heur
suzuki_instance_3_8_2_3,372,2055,suzuki_instance_3_8_2_3_01,50,2082524196056536802687690195561640899488,86.96999,87.12,1064148,0.599840,1626,1,,6799,opt
suzuki_instance_3_8_2_2,248,872,suzuki_instance_3_8_2_2_01,50,798036986916937705245927179287917,50.73,50.82,567228,0.161524,1028,1,,6799,orig
suzuki_instance_3_8_2_2,248,872,suzuki_instance_3_8_2_2_01,50,798036986916937705245927179287917,51.01,51.1,558168,0.158835,1084,1,,6799,heur
SAT_exp_instance018,270,477,SAT_exp_instance018_01,99,873873569991273303134209907448251231957953821107712,663.98,665.24,37014176,504.109399,20438226,1,,3597,heur
LGC_exp_instance007,343,399,LGC_exp_instance007_01,168,674516536127394145681870502747660267690305580542417422016749275459855100,603.30005,604.26,8756568,3.822038,172186,1,,2183,heur
hc-power-008-002,124,187,hc-power-008-002_01,50,162243043192809350629208,16.449999,16.49,161664,0.016583,514,1,,6799,orig
suzuki_instance_3_8_2_2,248,872,suzuki_instance_3_8_2_2_01,50,798036986916937705245927179287917,50.66,50.75,558432,0.156695,1084,1,,6799,opt
hc-power-008-002,124,187,hc-power-008-002_01,50,162243043192809350629208,16.73,16.77,159568,0.016622,542,1,,6799,opt
LGC_exp_instance007,343,399,LGC_exp_instance007_01,168,674516536127394145681870502747660267690305580542417422016749275459855100,995.81,997.65,33849116,97.112919,11862645,1,,2183,orig
hc-power-008-002,124,187,hc-power-008-002_01,50,162243043192809350629208,16.710001,16.75,158632,0.016437,542,1,,6799,heur
sp009,117,738,sp009_01,18,681779022095,20.59,20.64,1062204,0.062921,255,1,,7447,orig
sp009,117,738,sp009_01,18,681779022095,20.25,20.29,1056760,0.062541,206,1,,7447,heur
suzuki_instance_3_7_2_3,327,1803,suzuki_instance_3_7_2_3_01,44,39857365251895888743559670313178249,33.030003,33.1,539648,0.456093,1344,1,,3354,orig
sp009,117,738,sp009_01,18,681779022095,20.3,20.34,1055060,0.062964,206,1,,7447,opt
suzuki_instance_3_7_2_3,327,1803,suzuki_instance_3_7_2_3_01,44,39857365251895888743559670313178249,32.07,32.13,530712,0.438112,1416,1,,3354,heur
suzuki_instance_3_7_2_3,327,1803,suzuki_instance_3_7_2_3_01,44,39857365251895888743559670313178249,32.190002,32.25,531636,0.443116,1416,1,,3354,opt
suzuki_instance_3_7_2_2,218,765,suzuki_instance_3_7_2_2_01,44,89347137426326164248329789619,19.099998,19.15,281840,0.123557,896,1,,3354,orig
suzuki_instance_3_7_2_2,218,765,suzuki_instance_3_7_2_2_01,44,89347137426326164248329789619,18.86,18.9,278392,0.122939,944,1,,3354,heur
suzuki_instance_2_20_2_3,612,3339,suzuki_instance_2_20_2_3_01,82,92836281667158209619484775759835272306896191785416034244960496828,302.62,303.08,4236528,1.755884,1674,1,,1742,opt
suzuki_instance_3_7_2_2,218,765,suzuki_instance_3_7_2_2_01,44,89347137426326164248329789619,18.859999,18.9,278500,0.121383,944,1,,3354,opt
suzuki_instance_2_20_2_3,612,3339,suzuki_instance_2_20_2_3_01,82,92836281667158209619484775759835272306896191785416034244960496828,276.15,276.57,2281888,1.884197,1560,1,,1742,orig
suzuki_instance_2_20_2_2,408,1416,suzuki_instance_2_20_2_2_01,82,2153362308063949620746303257670304057539674961384489621,184.43001,184.73,2197412,0.416875,1116,1,,1742,heur
suzuki_instance_2_20_2_2,408,1416,suzuki_instance_2_20_2_2_01,82,2153362308063949620746303257670304057539674961384489621,169.40999,169.69,2121728,0.423962,1040,1,,1742,orig
suzuki_instance_2_20_2_2,408,1416,suzuki_instance_2_20_2_2_01,82,2153362308063949620746303257670304057539674961384489621,184.39,184.67,2197448,0.411802,1116,1,,1742,opt
suzuki_instance_2_20_2_3,612,3339,suzuki_instance_2_20_2_3_01,82,92836281667158209619484775759835272306896191785416034244960496828,303.52002,303.99,4240736,1.738917,1674,1,,1742,heur
hc-power-007-002,109,164,hc-power-007-002_01,44,262607190795765425815,6.0899997,6.11,81264,0.012778,448,1,,3354,orig
hc-power-007-002,109,164,hc-power-007-002_01,44,262607190795765425815,6.16,6.18,79604,0.012678,472,1,,3354,opt
hc-power-007-002,109,164,hc-power-007-002_01,44,262607190795765425815,6.18,6.21,79748,0.012850,472,1,,3354,heur
suzuki_instance_2_19_2_3,582,3174,suzuki_instance_2_19_2_3_01,78,62840296913372394297278015774672363406294142104123320861548240,227.57,227.92,2263468,1.569636,1590,1,,1579,heur
suzuki_instance_2_19_2_3,582,3174,suzuki_instance_2_19_2_3_01,78,62840296913372394297278015774672363406294142104123320861548240,228.68,229.05,2263356,1.548938,1590,1,,1579,opt
suzuki_instance_2_19_2_3,582,3174,suzuki_instance_2_19_2_3_01,78,62840296913372394297278015774672363406294142104123320861548240,211.66,211.99,2195644,1.683471,1482,1,,1579,orig
SAT_exp_instance016,216,376,SAT_exp_instance016_01,80,43526523678932538394267340909466937163520,88.01,88.22,4446988,48.117631,3006930,1,,1795,heur
suzuki_instance_2_19_2_2,388,1346,suzuki_instance_2_19_2_2_01,78,4802718257794601283142046295841752341768306917136825,128.98001,129.17,1149328,0.386144,988,1,,1579,orig
hc-square-020-002,204,303,hc-square-020-002_01,82,199388444362280815484779455078579869052,59.66,59.76,535516,0.042338,558,1,,1742,heur
hc-square-020-002,204,303,hc-square-020-002_01,82,199388444362280815484779455078579869052,55.46,55.55,528932,0.042516,520,1,,1742,orig
hc-square-020-002,204,303,hc-square-020-002_01,82,199388444362280815484779455078579869052,59.670002,59.77,538276,0.042512,558,1,,1742,opt
suzuki_instance_2_19_2_2,388,1346,suzuki_instance_2_19_2_2_01,78,4802718257794601283142046295841752341768306917136825,140.18001,140.4,2108140,0.371198,1060,1,,1579,heur
suzuki_instance_2_19_2_2,388,1346,suzuki_instance_2_19_2_2_01,78,4802718257794601283142046295841752341768306917136825,139.67,139.88,2108232,0.385146,1060,1,,1579,opt
LGC_exp_instance006,258,300,LGC_exp_instance006_01,126,559559103355495408560789450412405323930946227170249700,110.28,110.45,1174980,0.540633,36994,1,,1074,heur
suzuki_instance_2_18_2_3,552,3009,suzuki_instance_2_18_2_3_01,74,42536202928921970451593051591547721633403543472584072487958,171.13,171.39,2185584,1.410823,1506,1,,1424,heur
LGC_exp_instance006,258,300,LGC_exp_instance006_01,126,559559103355495408560789450412405323930946227170249700,68.72,68.82,278812,0.088219,6668,1,,1074,opt
LGC_exp_instance006,258,300,LGC_exp_instance006_01,126,559559103355495408560789450412405323930946227170249700,146.04,146.3,4299560,11.138525,1489525,1,,1074,orig
suzuki_instance_2_18_2_3,552,3009,suzuki_instance_2_18_2_3_01,74,42536202928921970451593051591547721633403543472584072487958,159.86,160.1,2136428,1.484360,1404,1,,1424,orig
suzuki_instance_2_18_2_3,552,3009,suzuki_instance_2_18_2_3_01,74,42536202928921970451593051591547721633403543472584072487958,171.01,171.27,2186696,1.410565,1506,1,,1424,opt
hc-square-019-002,194,288,hc-square-019-002_01,78,2686241509925626603670110545661959688,42.08,42.15,289100,0.039049,494,1,,1579,orig
hc-square-019-002,194,288,hc-square-019-002_01,78,2686241509925626603670110545661959688,45.14,45.21,300140,0.038658,530,1,,1579,heur
hc-square-019-002,194,288,hc-square-019-002_01,78,2686241509925626603670110545661959688,45.109997,45.19,299216,0.039008,530,1,,1579,opt
suzuki_instance_2_18_2_2,368,1276,suzuki_instance_2_18_2_2_01,74,10711668248940392945112931222160280248064324191661,104.15,104.33,1143312,0.334570,1004,1,,1424,heur
suzuki_instance_2_18_2_2,368,1276,suzuki_instance_2_18_2_2_01,74,10711668248940392945112931222160280248064324191661,96.83,96.990005,1106364,0.345373,936,1,,1424,orig
suzuki_instance_2_17_2_3,522,2844,suzuki_instance_2_17_2_3_01,70,28792489031435583518091314088456983183173810004480116618,118.39,118.59,1160884,1.357033,1326,1,,1277,orig
hc-square-018-002,184,273,hc-square-018-002_01,74,36190128634217743215750248053447622,33.86,33.92,285736,0.035106,502,1,,1424,heur
suzuki_instance_2_18_2_2,368,1276,suzuki_instance_2_18_2_2_01,74,10711668248940392945112931222160280248064324191661,104.149994,104.32,1143996,0.332261,1004,1,,1424,opt
hc-square-018-002,184,273,hc-square-018-002_01,74,36190128634217743215750248053447622,31.71,31.77,283908,0.034779,468,1,,1424,orig
hc-square-018-002,184,273,hc-square-018-002_01,74,36190128634217743215750248053447622,33.7,33.76,287776,0.035001,502,1,,1424,opt
suzuki_instance_2_17_2_3,522,2844,suzuki_instance_2_17_2_3_01,70,28792489031435583518091314088456983183173810004480116618,127.25,127.47,2114664,1.243494,1422,1,,1277,opt
sp008,104,654,sp008_01,16,33999945346,6.96,6.99,288756,0.049172,226,1,,3696,orig
suzuki_instance_2_17_2_2,348,1206,suzuki_instance_2_17_2_2_01,70,23890603303481318489201407559578041427651337905,77.009995,77.14,1098964,0.299380,948,1,,1277,opt
suzuki_instance_2_17_2_2,348,1206,suzuki_instance_2_17_2_2_01,70,23890603303481318489201407559578041427651337905,77.18,77.33,1097600,0.296853,948,1,,1277,heur
suzuki_instance_2_17_2_2,348,1206,suzuki_instance_2_17_2_2_01,70,23890603303481318489201407559578041427651337905,71.939995,72.06,1070724,0.305006,884,1,,1277,orig
sp008,104,654,sp008_01,16,33999945346,6.8,6.81,282376,0.049039,183,1,,3696,heur
sp008,104,654,sp008_01,16,33999945346,6.78,6.8,283732,0.048665,183,1,,3696,opt
hc-square-017-002,174,258,hc-square-017-002_01,70,487568003741215771887327606921774,24.939999,24.98,275576,0.031652,474,1,,1277,heur
hc-square-017-002,174,258,hc-square-017-002_01,70,487568003741215771887327606921774,23.38,23.43,273344,0.031504,442,1,,1277,orig
suzuki_instance_2_16_2_3,492,2679,suzuki_instance_2_16_2_3_01,66,19489455276734749087424541909137255302197790229882344,92.09,92.25,1131688,1.039445,1338,1,,1138,opt
hc-square-017-002,174,258,hc-square-017-002_01,70,487568003741215771887327606921774,24.929998,24.97,276736,0.031337,474,1,,1277,opt
suzuki_instance_2_16_2_3,492,2679,suzuki_instance_2_16_2_3_01,66,19489455276734749087424541909137255302197790229882344,86.85,87.01,1096896,1.114596,1248,1,,1138,orig
suzuki_instance_2_16_2_2,328,1136,suzuki_instance_2_16_2_2_01,66,53284036896939244677775714648097170144477701,52.17,52.26,570852,0.270882,832,1,,1138,orig
suzuki_instance_2_16_2_2,328,1136,suzuki_instance_2_16_2_2_01,66,53284036896939244677775714648097170144477701,56.25,56.35,1051832,0.267966,892,1,,1138,heur
LGC_exp_instance008,440,512,LGC_exp_instance008_01,216,359060566196216750998743630035998992574155431687784356274219296186833753951411469657575287300,1796.98,1800.12,35998048,27.353910,802714,0,,,heur
suzuki_instance_2_16_2_3,492,2679,suzuki_instance_2_16_2_3_01,66,19489455276734749087424541909137255302197790229882344,91.869995,92.03,1131676,1.056748,1338,1,,1138,heur
suzuki_instance_3_6_2_3,282,1551,suzuki_instance_3_6_2_3_01,38,762828863111767204090605371704,11.21,11.24,154544,0.329029,1206,1,,1637,opt
suzuki_instance_2_16_2_2,328,1136,suzuki_instance_2_16_2_2_01,66,53284036896939244677775714648097170144477701,55.920002,56.01,1052672,0.267540,892,1,,1138,opt
suzuki_instance_3_6_2_3,282,1551,suzuki_instance_3_6_2_3_01,38,762828863111767204090605371704,11.57,11.6,271584,0.342727,1146,1,,1637,orig
suzuki_instance_3_6_2_3,282,1551,suzuki_instance_3_6_2_3_01,38,762828863111767204090605371704,11.21,11.24,155468,0.328044,1206,1,,1637,heur
LGC_exp_instance009,549,639,LGC_exp_instance009_01,270,84438494275099881091747988728364414990814061138830113567223612334910977569433421356363593260076749810615230106377500,1796.25,1800.23,73587280,157.221182,3647386,0,,,heur
suzuki_instance_2_17_2_3,522,2844,suzuki_instance_2_17_2_3_01,70,28792489031435583518091314088456983183173810004480116618,126.53,126.73,2113556,1.228647,1422,1,,1277,heur
suzuki_instance_3_6_2_2,188,658,suzuki_instance_3_6_2_2_01,38,10003184184743758214255917,6.59,6.61,153192,0.091257,764,1,,1637,orig
suzuki_instance_2_15_2_3,462,2514,suzuki_instance_2_15_2_3_01,62,13192290064576793587158597864491637507770301077296,66.12,66.23,1081932,0.914394,1254,1,,1007,heur
suzuki_instance_2_15_2_3,462,2514,suzuki_instance_2_15_2_3_01,62,13192290064576793587158597864491637507770301077296,63.13,63.24,1067124,0.978982,1170,1,,1007,orig
suzuki_instance_2_15_2_3,462,2514,suzuki_instance_2_15_2_3_01,62,13192290064576793587158597864491637507770301077296,65.99,66.09,1082192,0.922392,1254,1,,1007,opt
suzuki_instance_3_6_2_2,188,658,suzuki_instance_3_6_2_2_01,38,10003184184743758214255917,6.52,6.54,152780,0.091761,804,1,,1637,heur
hc-square-016-002,164,243,hc-square-016-002_01,66,6568712719286321404374469598152,16.99,17.03,153512,0.028092,416,1,,1138,orig
hc-square-016-002,164,243,hc-square-016-002_01,66,6568712719286321404374469598152,17.97,18.01,152708,0.028135,446,1,,1138,opt
suzuki_instance_3_6_2_2,188,658,suzuki_instance_3_6_2_2_01,38,10003184184743758214255917,6.5099998,6.53,152876,0.090012,804,1,,1637,opt
hc-square-016-002,164,243,hc-square-016-002_01,66,6568712719286321404374469598152,17.98,18.03,153804,0.027816,446,1,,1138,heur
suzuki_instance_2_15_2_2,308,1066,suzuki_instance_2_15_2_2_01,62,118841226065674894587740668021552491345385,39.84,39.91,566192,0.236377,836,1,,1007,heur
suzuki_instance_2_14_2_3,432,2349,suzuki_instance_2_14_2_3_01,58,8929778420009774016068432642916543647880937642,46.28,46.37,593220,0.788929,1170,1,,884,heur
suzuki_instance_2_15_2_2,308,1066,suzuki_instance_2_15_2_2_01,62,118841226065674894587740668021552491345385,40.13,40.2,567084,0.237696,836,1,,1007,opt
suzuki_instance_2_15_2_2,308,1066,suzuki_instance_2_15_2_2_01,62,118841226065674894587740668021552491345385,38.01,38.08,555008,0.240744,780,1,,1007,orig
hc-power-006-002,94,141,hc-power-006-002_01,38,425056971938806982,2.13,2.15,40180,0.009598,402,1,,1637,heur
suzuki_instance_2_14_2_3,432,2349,suzuki_instance_2_14_2_3_01,58,8929778420009774016068432642916543647880937642,44.489998,44.57,579244,0.841156,1092,1,,884,orig
hc-power-006-002,94,141,hc-power-006-002_01,38,425056971938806982,2.13,2.15,41204,0.009681,402,1,,1637,opt
hc-power-006-002,94,141,hc-power-006-002_01,38,425056971938806982,2.1000001,2.11,41204,0.009796,382,1,,1637,orig
hc-square-015-002,154,228,hc-square-015-002_01,62,88496346063379822743985273712,12.85,12.89,153592,0.024643,418,1,,1007,opt
suzuki_instance_2_14_2_3,432,2349,suzuki_instance_2_14_2_3_01,58,8929778420009774016068432642916543647880937642,46.22,46.31,593632,0.796785,1170,1,,884,opt
hc-square-015-002,154,228,hc-square-015-002_01,62,88496346063379822743985273712,12.889999,12.92,152488,0.024482,418,1,,1007,heur
suzuki_instance_2_14_2_2,288,996,suzuki_instance_2_14_2_2_01,58,265055687130269151769894293463713635741,26.97,27.02,535096,0.210774,728,1,,884,orig
hc-square-015-002,154,228,hc-square-015-002_01,62,88496346063379822743985273712,12.200001,12.23,152752,0.024480,390,1,,1007,orig
suzuki_instance_2_14_2_2,288,996,suzuki_instance_2_14_2_2_01,58,265055687130269151769894293463713635741,28.189999,28.25,544052,0.207415,780,1,,884,heur
suzuki_instance_2_14_2_2,288,996,suzuki_instance_2_14_2_2_01,58,265055687130269151769894293463713635741,28.31,28.37,543400,0.207234,780,1,,884,opt
SAT_exp_instance014,168,287,SAT_exp_instance014_01,63,34098220037949676163739599356800,15,15.03,579932,4.933408,435282,1,,891,heur
suzuki_instance_2_13_2_3,402,2184,suzuki_instance_2_13_2_3_01,54,6044511016672398479454560608676295299263018,30.93,30.99,552128,0.721344,1014,1,,769,orig
hc-square-014-002,144,213,hc-square-014-002_01,58,1192258453254501711333651114,9.009999,9.04,152756,0.021623,390,1,,884,heur
suzuki_instance_2_13_2_3,402,2184,suzuki_instance_2_13_2_3_01,54,6044511016672398479454560608676295299263018,32.170002,32.24,558784,0.703629,1086,1,,769,heur
suzuki_instance_2_13_2_3,402,2184,suzuki_instance_2_13_2_3_01,54,6044511016672398479454560608676295299263018,31.820002,31.88,558836,0.696108,1086,1,,769,opt
hc-square-014-002,144,213,hc-square-014-002_01,58,1192258453254501711333651114,9.08,9.1,152812,0.021553,390,1,,884,opt
hc-square-014-002,144,213,hc-square-014-002_01,58,1192258453254501711333651114,8.599999,8.62,153468,0.021796,364,1,,884,orig
suzuki_instance_2_13_2_2,268,926,suzuki_instance_2_13_2_2_01,54,591162844796590793630071899127463265,19.210001,19.26,290420,0.178849,724,1,,769,heur
suzuki_instance_2_13_2_2,268,926,suzuki_instance_2_13_2_2_01,54,591162844796590793630071899127463265,19.18,19.22,290456,0.176669,724,1,,769,opt
LGC_exp_instance005,185,215,LGC_exp_instance005_01,90,204378652937287921022196675453652622940,11.17,11.2,74540,0.035759,2444,1,,515,opt
LGC_exp_instance005,185,215,LGC_exp_instance005_01,90,204378652937287921022196675453652622940,16.43,16.47,272144,0.075222,7666,1,,515,heur
sp007,91,570,sp007_01,14,1695558599,2.3,2.31,152580,0.038116,197,1,,1826,orig
sp007,91,570,sp007_01,14,1695558599,2.27,2.28,153732,0.037895,160,1,,1826,opt
suzuki_instance_2_13_2_2,268,926,suzuki_instance_2_13_2_2_01,54,591162844796590793630071899127463265,18.36,18.4,285508,0.181781,676,1,,769,orig
sp007,91,570,sp007_01,14,1695558599,2.27,2.28,153748,0.037913,160,1,,1826,heur
LGC_exp_instance005,185,215,LGC_exp_instance005_01,90,204378652937287921022196675453652622940,19.35,19.4,545764,0.992917,184949,1,,515,orig
hc-square-013-002,134,198,hc-square-013-002_01,54,16062586565311667817634198,6.13,6.16,77120,0.018536,362,1,,769,heur
hc-square-013-002,134,198,hc-square-013-002_01,54,16062586565311667817634198,6.15,6.17,78056,0.018689,362,1,,769,opt
hc-square-013-002,134,198,hc-square-013-002_01,54,16062586565311667817634198,5.81,5.83,75012,0.018571,338,1,,769,orig
suzuki_instance_2_12_2_3,372,2019,suzuki_instance_2_12_2_3_01,50,4091491603957850724017436965045194606492,21.45,21.5,530364,0.594828,1002,1,,662,opt
suzuki_instance_2_12_2_3,372,2019,suzuki_instance_2_12_2_3_01,50,4091491603957850724017436965045194606492,21.61,21.66,530016,0.589330,1002,1,,662,heur
suzuki_instance_2_12_2_2,248,856,suzuki_instance_2_12_2_2_01,50,1318490890920742269501211023281781,12.4,12.43,272108,0.154915,624,1,,662,orig
suzuki_instance_2_12_2_2,248,856,suzuki_instance_2_12_2_2_01,50,1318490890920742269501211023281781,12.940001,12.97,275864,0.152817,668,1,,662,heur
suzuki_instance_2_12_2_3,372,2019,suzuki_instance_2_12_2_3_01,50,4091491603957850724017436965045194606492,20.66,20.71,298328,0.604705,936,1,,662,orig
suzuki_instance_3_5_2_3,237,1299,suzuki_instance_3_5_2_3_01,32,14599757659552808618553475,3.75,3.77,80220,0.230332,948,1,,784,orig
suzuki_instance_2_12_2_2,248,856,suzuki_instance_2_12_2_2_01,50,1318490890920742269501211023281781,12.83,12.86,274864,0.152898,668,1,,662,opt
suzuki_instance_3_5_2_3,237,1299,suzuki_instance_3_5_2_3_01,32,14599757659552808618553475,3.6499999,3.66,79180,0.225308,996,1,,784,opt
suzuki_instance_3_5_2_3,237,1299,suzuki_instance_3_5_2_3_01,32,14599757659552808618553475,3.6499999,3.67,79744,0.225652,996,1,,784,heur
hc-square-012-002,124,183,hc-square-012-002_01,50,216401642163954775969628,4.06,4.08,73820,0.015773,334,1,,662,heur
hc-square-012-002,124,183,hc-square-012-002_01,50,216401642163954775969628,3.9299998,3.94,73980,0.016063,312,1,,662,orig
hc-square-012-002,124,183,hc-square-012-002_01,50,216401642163954775969628,4.07,4.09,73080,0.016048,334,1,,662,opt
suzuki_instance_2_11_2_3,342,1854,suzuki_instance_2_11_2_3_01,46,2769505010261921082592573804929936952,14.089999,14.12,286456,0.464035,918,1,,563,opt
suzuki_instance_2_11_2_3,342,1854,suzuki_instance_2_11_2_3_01,46,2769505010261921082592573804929936952,14.21,14.25,286460,0.466110,918,1,,563,heur
suzuki_instance_2_11_2_3,342,1854,suzuki_instance_2_11_2_3_01,46,2769505010261921082592573804929936952,13.83,13.86,283712,0.494877,858,1,,563,orig
suzuki_instance_3_5_2_2,158,551,suzuki_instance_3_5_2_2_01,32,1119942917786002694387,2.1599998,2.17,70480,0.065106,632,1,,784,orig
suzuki_instance_2_11_2_2,228,786,suzuki_instance_2_11_2_2_01,46,2940675728764944971284823499545,8.34,8.36,154472,0.127328,612,1,,563,opt
suzuki_instance_2_11_2_2,228,786,suzuki_instance_2_11_2_2_01,46,2940675728764944971284823499545,8.110001,8.14,153580,0.130173,572,1,,563,orig
suzuki_instance_2_11_2_2,228,786,suzuki_instance_2_11_2_2_01,46,2940675728764944971284823499545,8.389999,8.42,153332,0.128153,612,1,,563,heur
suzuki_instance_3_5_2_2,158,551,suzuki_instance_3_5_2_2_01,32,1119942917786002694387,2.16,2.18,70064,0.064512,664,1,,784,opt
suzuki_instance_3_5_2_2,158,551,suzuki_instance_3_5_2_2_01,32,1119942917786002694387,2.15,2.16,71124,0.065231,664,1,,784,heur
hc-power-005-002,79,118,hc-power-005-002_01,32,687998789526551,0.68,0.69,36084,0.006919,332,1,,784,heur
hc-power-005-002,79,118,hc-power-005-002_01,32,687998789526551,0.67,0.68,36088,0.007082,316,1,,784,orig
hc-square-011-002,114,168,hc-square-011-002_01,46,2915450169923966881488,2.6599998,2.68,70856,0.013408,306,1,,563,opt
hc-power-005-002,79,118,hc-power-005-002_01,32,687998789526551,0.69,0.69,36084,0.006916,332,1,,784,opt
LGC_exp_instance010,670,780,LGC_exp_instance010_01,330,8769445788604745105477614667740361376037738950792360615150046573431042549414698097680861862760974571734891668444320449952587107456776812622500,1796.09,1800.47,139174264,909.883656,16377754,0,,,heur
suzuki_instance_2_10_2_3,312,1689,suzuki_instance_2_10_2_3_01,42,1874660574751334469860327499409990,9,9.02,270128,0.399198,780,1,,472,orig
hc-square-011-002,114,168,hc-square-011-002_01,46,2915450169923966881488,2.53,2.54,40180,0.013367,286,1,,563,orig
hc-square-011-002,114,168,hc-square-011-002_01,46,2915450169923966881488,2.6699998,2.69,71768,0.013431,306,1,,563,heur
suzuki_instance_2_10_2_3,312,1689,suzuki_instance_2_10_2_3_01,42,1874660574751334469860327499409990,9,9.03,271484,0.383332,834,1,,472,heur
suzuki_instance_2_10_2_2,208,716,suzuki_instance_2_10_2_2_01,42,6558690546362725829645703821,5.2400002,5.26,154004,0.106888,556,1,,472,opt
suzuki_instance_2_10_2_2,208,716,suzuki_instance_2_10_2_2_01,42,6558690546362725829645703821,5.2200003,5.23,154220,0.108625,520,1,,472,orig
suzuki_instance_2_10_2_2,208,716,suzuki_instance_2_10_2_2_01,42,6558690546362725829645703821,5.25,5.27,153500,0.106824,556,1,,472,heur
LGC_exp_instance008,440,512,LGC_exp_instance008_01,216,359060566196216750998743630035998992574155431687784356274219296186833753951411469657575287300,1796.49,1800.44,135519960,790.806096,94290549,0,,,orig
SAT_exp_instance012,126,210,SAT_exp_instance012_01,48,415653365128275123681600,964.73,966.49,76479468,906.891705,142539591,1,,437,orig
suzuki_instance_2_10_2_3,312,1689,suzuki_instance_2_10_2_3_01,42,1874660574751334469860327499409990,9.01,9.04,272516,0.386067,834,1,,472,opt
SAT_exp_instance012,126,210,SAT_exp_instance012_01,48,415653365128275123681600,2.27,2.28,75652,0.217047,41618,1,,437,opt
hc-square-010-002,104,153,hc-square-010-002_01,42,39278120111814364054,1.5799999,1.59,38132,0.011326,260,1,,472,orig
SAT_exp_instance012,126,210,SAT_exp_instance012_01,48,415653365128275123681600,2.37,2.39,77280,0.293870,57490,1,,437,heur
hc-square-010-002,104,153,hc-square-010-002_01,42,39278120111814364054,1.65,1.66,39156,0.011271,278,1,,472,heur
suzuki_instance_2_9_2_3,282,1524,suzuki_instance_2_9_2_3_01,38,1268945987642259965385005581186,5.44,5.46,155460,0.313708,750,1,,389,opt
hc-square-010-002,104,153,hc-square-010-002_01,42,39278120111814364054,1.65,1.66,38132,0.011278,278,1,,472,opt
suzuki_instance_2_9_2_3,282,1524,suzuki_instance_2_9_2_3_01,38,1268945987642259965385005581186,5.45,5.46,155452,0.315885,750,1,,389,heur
suzuki_instance_2_9_2_3,282,1524,suzuki_instance_2_9_2_3_01,38,1268945987642259965385005581186,5.46,5.48,155352,0.323486,702,1,,389,orig
suzuki_instance_2_9_2_2,188,646,suzuki_instance_2_9_2_2_01,38,14628073834245660412798225,3.12,3.14,78248,0.087205,500,1,,389,opt
sp006,78,486,sp006_01,12,84556576,0.69,0.7,40180,0.028219,137,1,,891,opt
suzuki_instance_2_9_2_2,188,646,suzuki_instance_2_9_2_2_01,38,14628073834245660412798225,3.12,3.14,77044,0.087069,500,1,,389,heur
suzuki_instance_2_9_2_2,188,646,suzuki_instance_2_9_2_2_01,38,14628073834245660412798225,3.09,3.1,76312,0.088944,468,1,,389,orig
sp006,78,486,sp006_01,12,84556576,0.7,0.7,39156,0.028121,168,1,,891,orig
hc-square-009-002,94,138,hc-square-009-002_01,38,529170669913507910,0.99,1,37104,0.009323,250,1,,389,opt
suzuki_instance_2_8_2_3,252,1359,suzuki_instance_2_8_2_3_01,34,858941581873841971077624184,3.12,3.13,81008,0.254004,624,1,,314,orig
hc-square-009-002,94,138,hc-square-009-002_01,38,529170669913507910,1.01,1.02,37108,0.009223,250,1,,389,heur
hc-square-009-002,94,138,hc-square-009-002_01,38,529170669913507910,0.95000005,0.96,36084,0.009244,234,1,,389,orig
suzuki_instance_2_8_2_3,252,1359,suzuki_instance_2_8_2_3_01,34,858941581873841971077624184,3.1599998,3.18,80916,0.244041,666,1,,314,opt
LGC_exp_instance004,124,144,LGC_exp_instance004_01,60,32514909110582995049377860,2.05,2.06,71412,0.077008,22389,1,,234,orig
suzuki_instance_2_8_2_3,252,1359,suzuki_instance_2_8_2_3_01,34,858941581873841971077624184,3.1299999,3.14,79548,0.243513,666,1,,314,heur
LGC_exp_instance004,124,144,LGC_exp_instance004_01,60,32514909110582995049377860,1.4,1.41,36088,0.014235,890,1,,234,opt
LGC_exp_instance004,124,144,LGC_exp_instance004_01,60,32514909110582995049377860,1.79,1.8,37104,0.019425,1694,1,,234,heur
suzuki_instance_3_4_2_3,192,1047,suzuki_instance_3_4_2_3_01,26,279424316966618343604,1.1700001,1.18,40184,0.153044,750,1,,363,orig
suzuki_instance_2_8_2_2,168,576,suzuki_instance_2_8_2_2_01,34,32625497816604949157861,1.7800001,1.79,72140,0.070953,416,1,,314,orig
suzuki_instance_3_4_2_3,192,1047,suzuki_instance_3_4_2_3_01,26,279424316966618343604,1.13,1.14,41204,0.151677,786,1,,363,heur
suzuki_instance_3_4_2_3,192,1047,suzuki_instance_3_4_2_3_01,26,279424316966618343604,1.13,1.13,41204,0.151699,786,1,,363,opt
suzuki_instance_2_8_2_2,168,576,suzuki_instance_2_8_2_2_01,34,32625497816604949157861,1.8,1.82,72968,0.070036,444,1,,314,opt
suzuki_instance_3_4_2_2,128,444,suzuki_instance_3_4_2_2_01,26,125387290952498413,0.65,0.67,37108,0.044039,500,1,,363,orig
suzuki_instance_3_4_2_2,128,444,suzuki_instance_3_4_2_2_01,26,125387290952498413,0.62,0.63,37108,0.043278,524,1,,363,heur
suzuki_instance_2_8_2_2,168,576,suzuki_instance_2_8_2_2_01,34,32625497816604949157861,1.79,1.79,73148,0.069069,444,1,,314,heur
suzuki_instance_3_4_2_2,128,444,suzuki_instance_3_4_2_2_01,26,125387290952498413,0.62,0.63,37108,0.042900,524,1,,363,opt
hc-square-008-002,84,123,hc-square-008-002_01,34,7129200610914264,0.57,0.58,36084,0.007475,222,1,,314,heur
hc-square-008-002,84,123,hc-square-008-002_01,34,7129200610914264,0.55999994,0.57,36084,0.007461,208,1,,314,orig
hc-square-008-002,84,123,hc-square-008-002_01,34,7129200610914264,0.59000003,0.59,36080,0.007623,222,1,,314,opt
sp006,78,486,sp006_01,12,84556576,0.68,0.7,40180,0.027823,137,1,,891,heur
hc-power-004-002,64,95,hc-power-004-002_01,26,1113597391920,0.21000001,0.21,34036,0.004752,250,1,,363,orig
hc-power-004-002,64,95,hc-power-004-002_01,26,1113597391920,0.2,0.21,33012,0.004711,262,1,,363,opt
hc-power-004-002,64,95,hc-power-004-002_01,26,1113597391920,0.2,0.21,33012,0.004702,262,1,,363,heur
suzuki_instance_2_7_2_3,222,1194,suzuki_instance_2_7_2_3_01,30,581412170617301011055272,1.79,1.8,74488,0.195725,546,1,,247,orig
suzuki_instance_2_7_2_3,222,1194,suzuki_instance_2_7_2_3_01,30,581412170617301011055272,1.76,1.77,73748,0.192774,582,1,,247,opt
suzuki_instance_2_7_2_2,148,506,suzuki_instance_2_7_2_2_01,30,72765773528499327305,0.96000004,0.97,38132,0.054116,388,1,,247,opt
sp005,65,402,sp005_01,10,4216790,0.21,0.22,34040,0.019507,139,1,,429,orig
suzuki_instance_2_7_2_2,148,506,suzuki_instance_2_7_2_2_01,30,72765773528499327305,0.97,0.98,40180,0.055269,364,1,,247,orig
suzuki_instance_2_7_2_3,222,1194,suzuki_instance_2_7_2_3_01,30,581412170617301011055272,1.75,1.75,74408,0.192115,582,1,,247,heur
suzuki_instance_2_7_2_2,148,506,suzuki_instance_2_7_2_2_01,30,72765773528499327305,0.98,0.99,38132,0.054556,388,1,,247,heur
hc-square-007-002,74,108,hc-square-007-002_01,30,96047464911400,0.32000002,0.33,35060,0.005943,194,1,,247,opt
hc-square-007-002,74,108,hc-square-007-002_01,30,96047464911400,0.32000002,0.33,34036,0.005935,194,1,,247,heur
hc-square-007-002,74,108,hc-square-007-002_01,30,96047464911400,0.31,0.32,35060,0.005893,182,1,,247,orig
SAT_exp_instance010,90,145,SAT_exp_instance010_01,35,77378485134230208,48.11,48.21,4593036,44.873016,8354830,1,,209,orig
sp005,65,402,sp005_01,10,4216790,0.21,0.22,35060,0.019600,114,1,,429,opt
sp005,65,402,sp005_01,10,4216790,0.22,0.22,35060,0.019769,114,1,,429,heur
SAT_exp_instance010,90,145,SAT_exp_instance010_01,35,77378485134230208,0.41,0.41,36088,0.033742,11530,1,,209,heur
SAT_exp_instance010,90,145,SAT_exp_instance010_01,35,77378485134230208,0.4,0.41,36084,0.032310,9034,1,,209,opt
suzuki_instance_2_6_2_3,192,1029,suzuki_instance_2_6_2_3_01,26,393554252451204693994,0.92,0.92,41200,0.144955,498,1,,188,opt
suzuki_instance_2_6_2_2,128,436,suzuki_instance_2_6_2_2_01,26,162292015497931901,0.5,0.51,37108,0.041154,312,1,,188,orig
suzuki_instance_2_6_2_3,192,1029,suzuki_instance_2_6_2_3_01,26,393554252451204693994,0.93,0.93,40180,0.145774,468,1,,188,orig
suzuki_instance_2_6_2_3,192,1029,suzuki_instance_2_6_2_3_01,26,393554252451204693994,0.93,0.94,41200,0.143011,498,1,,188,heur
suzuki_instance_2_6_2_2,128,436,suzuki_instance_2_6_2_2_01,26,162292015497931901,0.49,0.5,37108,0.040961,332,1,,188,heur
suzuki_instance_2_6_2_2,128,436,suzuki_instance_2_6_2_2_01,26,162292015497931901,0.5,0.5,36084,0.040488,332,1,,188,opt
hc-square-006-002,64,93,hc-square-006-002_01,26,1293990170762,0.16,0.17,34032,0.004470,156,1,,188,orig
hc-square-006-002,64,93,hc-square-006-002_01,26,1293990170762,0.16000001,0.17,35064,0.004466,166,1,,188,opt
hc-square-006-002,64,93,hc-square-006-002_01,26,1293990170762,0.17,0.17,34036,0.004486,166,1,,188,heur
suzuki_instance_2_5_2_3,162,864,suzuki_instance_2_5_2_3_01,22,266394405319018354,0.46,0.46,37108,0.103543,414,1,,137,heur
suzuki_instance_2_5_2_3,162,864,suzuki_instance_2_5_2_3_01,22,266394405319018354,0.48000002,0.49,38132,0.123701,390,1,,137,orig
suzuki_instance_2_5_2_3,162,864,suzuki_instance_2_5_2_3_01,22,266394405319018354,0.45000002,0.46,38132,0.103600,414,1,,137,opt
grid090x090,8100,16020,grid090x090_02_9631,4049,,1795.77,1800.42,140044300,,,0,,,orig
grid090x090,8100,16020,grid090x090_01_0710,4048,,1795.9,1800.42,139998568,,,0,,,orig
grid090x090,8100,16020,grid090x090_04_4969,4049,,1795.65,1800.42,140043528,,,0,,,orig
grid090x090,8100,16020,grid090x090_03_8778,4048,,1795.67,1800.42,139998572,,,0,,,orig
grid090x090,8100,16020,grid090x090_01_0710,4048,,1796.1,1800.1,33809416,,,0,,,heur
suzuki_instance_2_5_2_2,108,366,suzuki_instance_2_5_2_2_01,22,361965481870785,0.25,0.25,36084,0.029212,260,1,,137,orig
grid090x090,8100,16020,grid090x090_04_4969,4049,,1796.18,1800.1,33728352,,,0,,,heur
grid090x090,8100,16020,grid090x090_03_8778,4048,,1796.12,1800.1,33809420,,,0,,,heur
ph-05-04,165,256,ph-05-04_01,67,753738554891557952055688747206339,153,153.39,4204424,1.571782,355369,1,,61,heur
suzuki_instance_2_5_2_2,108,366,suzuki_instance_2_5_2_2_01,22,361965481870785,0.25,0.26,35056,0.028968,276,1,,137,heur
ph-19-19,7947,14807,ph-19-19_01,3631,,1796.6299,1800.75,142592120,,,0,,,heur
suzuki_instance_2_5_2_2,108,366,suzuki_instance_2_5_2_2_01,22,361965481870785,0.24000001,0.25,36084,0.029005,276,1,,137,opt
hc-square-005-002,54,78,hc-square-005-002_01,22,17433157278,0.08,0.09,33008,0.003204,138,1,,137,opt
hc-square-005-002,54,78,hc-square-005-002_01,22,17433157278,0.089999996,0.09,34040,0.003192,138,1,,137,heur
grid090x090,8100,16020,grid090x090_02_9631,4049,,1796.21,1800.1,33809380,,,0,,,heur
hc-square-005-002,54,78,hc-square-005-002_01,22,17433157278,0.08,0.09,34036,0.003197,130,1,,137,orig
ph-19-18,7529,13857,ph-19-18_01,3441,,1796.6,1800.72,142296372,,,0,,,heur
sp004,52,318,sp004_01,8,210289,0.07,0.07,34036,0.012681,91,1,,198,heur
sp004,52,318,sp004_01,8,210289,0.07,0.08,34040,0.012624,110,1,,198,orig
LGC_exp_instance003,75,87,LGC_exp_instance003_01,36,2182279538746620,0.17,0.18,33012,0.009449,2421,1,,95,orig
LGC_exp_instance003,75,87,LGC_exp_instance003_01,36,2182279538746620,0.13,0.14,34036,0.005000,245,1,,95,heur
LGC_exp_instance003,75,87,LGC_exp_instance003_01,36,2182279538746620,0.13,0.14,34036,0.004996,245,1,,95,opt
sp004,52,318,sp004_01,8,210289,0.060000002,0.08,33012,0.012688,91,1,,198,opt
grid080x080,6400,12640,grid080x080_03_8653,3199,,1795.87,1800.43,144322828,,,0,,,orig
grid080x080,6400,12640,grid080x080_01_9321,3199,,1795.85,1800.43,144322828,,,0,,,orig
grid080x080,6400,12640,grid080x080_04_8592,3198,,1795.83,1800.43,144615292,,,0,,,orig
grid080x080,6400,12640,grid080x080_02_8623,3198,,1795.87,1800.43,144615288,,,0,,,orig
grid080x080,6400,12640,grid080x080_03_8653,3199,,1796.16,1800.1,33609620,,,0,,,heur
grid080x080,6400,12640,grid080x080_01_9321,3199,,1796.0901,1800.1,33609620,,,0,,,heur
ph-18-17,6431,11787,ph-18-17_01,2927,,1795.96,1800.7,139606328,,,0,,,orig
grid080x080,6400,12640,grid080x080_02_8623,3198,,1796.16,1800.1,33450180,,,0,,,heur
ph-18-18,6809,12642,ph-18-18_01,3098,,1796.48,1800.65,140352616,,,0,,,heur
ph-18-17,6431,11787,ph-18-17_01,2927,,1796.5801,1800.66,139900660,,,0,,,heur
grid080x080,6400,12640,grid080x080_04_8592,3198,,1796.29,1800.1,33614052,,,0,,,heur
SAT_exp_instance008,60,92,SAT_exp_instance008_01,24,212905178628,0.07,0.07,34036,0.007413,2163,1,,95,opt
ph-17-17,5785,10699,ph-17-17_01,2620,,1795.86,1800.66,139527428,,,0,,,orig
ph-17-17,5785,10699,ph-17-17_01,2620,,1796.55,1800.64,140832172,,,0,,,heur
SAT_exp_instance008,60,92,SAT_exp_instance008_01,24,212905178628,1.39,1.4,156084,1.221478,429236,1,,95,orig
SAT_exp_instance008,60,92,SAT_exp_instance008_01,24,212905178628,0.07,0.08,34036,0.010736,3771,1,,95,heur
suzuki_instance_2_4_2_3,132,699,suzuki_instance_2_4_2_3_01,18,180320709759388,0.21000001,0.22,36084,0.068980,312,1,,94,orig
suzuki_instance_2_4_2_3,132,699,suzuki_instance_2_4_2_3_01,18,180320709759388,0.21000001,0.22,36088,0.068253,330,1,,94,heur
suzuki_instance_2_4_2_3,132,699,suzuki_instance_2_4_2_3_01,18,180320709759388,0.21000001,0.22,36084,0.068471,330,1,,94,opt
grid070x070,4900,9660,grid070x070_04_3525,2449,,1795.8,1800.44,148552820,,,0,,,orig
grid070x070,4900,9660,grid070x070_01_6558,2449,,1795.8201,1800.44,148553208,,,0,,,orig
ph-17-16,5445,9934,ph-17-16_01,2467,,1795.89,1800.66,139933580,,,0,,,orig
ph-17-16,5445,9934,ph-17-16_01,2467,,1796.47,1800.62,141156664,,,0,,,heur
grid070x070,4900,9660,grid070x070_02_7903,2448,,1795.66,1800.44,148502952,,,0,,,orig
grid070x070,4900,9660,grid070x070_01_6558,2449,,1796.1699,1800.1,33283160,,,0,,,heur
grid070x070,4900,9660,grid070x070_04_3525,2449,,1796.12,1800.1,33379816,,,0,,,heur
suzuki_instance_2_4_2_2,88,296,suzuki_instance_2_4_2_2_01,18,807304121941,0.11,0.11,35060,0.019292,220,1,,94,heur
grid070x070,4900,9660,grid070x070_03_4857,2448,,1796.22,1800.1,33365084,,,0,,,heur
suzuki_instance_2_4_2_2,88,296,suzuki_instance_2_4_2_2_01,18,807304121941,0.11,0.12,34036,0.019160,220,1,,94,opt
suzuki_instance_2_4_2_2,88,296,suzuki_instance_2_4_2_2_01,18,807304121941,0.11,0.12,35060,0.019454,208,1,,94,orig
grid070x070,4900,9660,grid070x070_02_7903,2448,,1796.24,1800.1,33365424,,,0,,,heur
ph-16-16,4869,8966,ph-16-16_01,2194,,1796.4099,1800.59,146302744,,,0,,,heur
hc-square-004-002,44,63,hc-square-004-002_01,18,234866524,0.04,0.04,33012,0.002260,110,1,,94,heur
hc-square-004-002,44,63,hc-square-004-002_01,18,234866524,0.04,0.04,34032,0.002242,110,1,,94,opt
grid070x070,4900,9660,grid070x070_03_4857,2448,,1795.7,1800.44,148651724,,,0,,,orig
4-FullIns_5,4146,77305,4-FullIns_5_02,2070,,1796.25,1800.58,147296368,,,0,,,orig
hc-square-004-002,44,63,hc-square-004-002_01,18,234866524,0.04,0.04,33012,0.002273,104,1,,94,orig
4-FullIns_5,4146,77305,4-FullIns_5_01,2070,,1796.38,1800.66,174378160,,,0,,,orig
ph-16-15,4565,8286,ph-16-15_01,2058,,1795.7001,1800.57,145566872,,,0,,,orig
4-FullIns_5,4146,77305,4-FullIns_5_02,2070,,1795.79,1800.45,77782552,,,0,,,heur
4-FullIns_5,4146,77305,4-FullIns_5_01,2070,,1795.78,1800.45,77782244,,,0,,,heur
ph-16-15,4565,8286,ph-16-15_01,2058,,1796.37,1800.59,145877420,,,0,,,heur
ph-16-16,4869,8966,ph-16-16_01,2194,,1795.9199,1800.65,144915436,,,0,,,orig
grid060x060,3600,7080,grid060x060_01_5912,1799,,1795.91,1800.42,141945148,,,0,,,orig
ph-15-15,4055,7431,ph-15-15_01,1817,,1795.9401,1800.65,147811528,,,0,,,orig
grid060x060,3600,7080,grid060x060_04_3263,1799,,1795.93,1800.42,141944096,,,0,,,orig
ph-15-15,4055,7431,ph-15-15_01,1817,,1796.48,1800.54,142249136,,,0,,,heur
grid060x060,3600,7080,grid060x060_01_5912,1799,,1796.33,1800.1,33266408,,,0,,,heur
grid060x060,3600,7080,grid060x060_02_4571,1798,,1795.97,1800.41,141935032,,,0,,,orig
grid060x060,3600,7080,grid060x060_04_3263,1799,,1796.1799,1800.1,33266856,,,0,,,heur
grid060x060,3600,7080,grid060x060_02_4571,1798,,1796.12,1800.1,33257916,,,0,,,heur
grid060x060,3600,7080,grid060x060_03_2183,1798,,1796.21,1800.1,33257916,,,0,,,heur
grid060x060,3600,7080,grid060x060_03_2183,1798,,1795.9401,1800.42,141935032,,,0,,,orig
hc-power-12,36,51,hc-power-12_01,15,7636103,0.02,0.02,33012,0.001567,118,1,,71,opt
anna,138,493,anna_02,79,246319342336314321386707353600,3184.51,3190.68,151400524,2828.820609,240778360,1,,23,orig
ph-15-14,3785,6831,ph-15-14_01,1697,,1795.85,1800.64,145945596,,,0,,,orig
ph-15-14,3785,6831,ph-15-14_01,1697,,1796.4,1800.54,141888260,,,0,,,heur
hc-power-12,36,51,hc-power-12_01,15,7636103,0.02,0.02,31984,0.001863,174,1,,71,orig
hc-power-12,36,51,hc-power-12_01,15,7636103,0.02,0.02,31984,0.001580,118,1,,71,heur
anna,138,493,anna_02,79,246319342336314321386707353600,2.7800002,2.79,276020,2.356662,11785,1,,23,heur
sp003,39,234,sp003_01,6,10487,0.03,0.03,33012,0.007330,68,1,,88,heur
anna,138,493,anna_01,80,246319342336314321386707353600,2914.3,2919.95,151400368,2834.490639,240778360,1,,20,orig
sp003,39,234,sp003_01,6,10487,0.02,0.03,33012,0.007282,68,1,,88,opt
sp003,39,234,sp003_01,6,10487,0.03,0.03,33016,0.007312,81,1,,88,orig
ph-14-14,3337,6082,ph-14-14_01,1486,,1796.51,1800.65,144757000,,,0,,,heur
anna,138,493,anna_01,80,246319342336314321386707353600,2.6999998,2.7,275748,2.362756,11785,1,,20,heur
ph-14-14,3337,6082,ph-14-14_01,1486,,1795.69,1800.58,143848724,,,0,,,orig
grid020x020,400,760,grid020x020_03_3902,198,958979036662929619406859624886958746851620546557485230898539651354907499,250.34,250.88,17829888,249.078717,2922135,1,,6,orig
grid020x020,400,760,grid020x020_01_9275,198,958979036662929619406859624886958746851620546557485230898539651354907499,67.25,67.4,4517988,63.358150,2921661,1,,6,heur
grid020x020,400,760,grid020x020_01_9275,198,958979036662929619406859624886958746851620546557485230898539651354907499,250.65999,251.19,17822232,249.022492,2922135,1,,6,orig
ph-14-13,3099,5557,ph-14-13_01,1381,,1795.83,1800.57,142086524,,,0,,,orig
grid020x020,400,760,grid020x020_03_3902,198,958979036662929619406859624886958746851620546557485230898539651354907499,65.66,65.8,4517576,63.313143,2921661,1,,6,heur
ph-14-13,3099,5557,ph-14-13_01,1381,,1796.6901,1800.63,145486548,,,0,,,heur
mug100_25,100,166,mug100_25_01,33,917236423320766528,973.13,975.21,34905212,5.317545,823723,1,,33,orig
mug100_25,100,166,mug100_25_01,33,917236423320766528,183,183.44,4480572,0.345232,154012,1,,33,heur
ph-04-03,89,132,ph-04-03_01,36,391184729725936525,225.7,226.17,2142948,0.484457,108816,1,,31,orig
mug100_25,100,166,mug100_25_01,33,917236423320766528,0.29999998,0.31,38132,0.012709,681,1,,33,opt
mug100_1,100,166,mug100_1_01,33,899476914678948928,0.21000001,0.21,36084,0.012131,534,1,,33,opt
mug100_1,100,166,mug100_1_01,33,899476914678948928,102.630005,102.89,4260720,0.151224,97170,1,,33,heur
mug100_1,100,166,mug100_1_01,33,899476914678948928,337.27,338.06,8972564,0.882971,312529,1,,33,orig
grid050x050,2500,4900,grid050x050_03_4298,1249,,1795.96,1800.43,147222596,,,0,,,orig
mug100_1,100,166,mug100_1_02,32,899476914678948928,5995.25,6008,66547564,0.890742,312529,1,,32,orig
grid050x050,2500,4900,grid050x050_04_8232,1248,,1796.03,1800.43,148527560,,,0,,,orig
grid050x050,2500,4900,grid050x050_03_4298,1249,,1796.09,1800.06,18574232,,,0,,,heur
mug100_25,100,166,mug100_25_02,32,917236423320766528,2068.44,2073,33441384,0.347140,154012,1,,32,heur
grid050x050,2500,4900,grid050x050_01_8271,1249,,1796,1800.43,148533380,,,0,,,orig
grid050x050,2500,4900,grid050x050_02_8314,1248,,1795.97,1800.43,148527556,,,0,,,orig
grid050x050,2500,4900,grid050x050_01_8271,1249,,1796.11,1800.06,18574228,,,0,,,heur
grid050x050,2500,4900,grid050x050_02_8314,1248,,1796.15,1800.06,18492804,,,0,,,heur
mug100_1,100,166,mug100_1_02,32,899476914678948928,1019.13,1021.22,17312124,0.149715,97170,1,,32,heur
grid050x050,2500,4900,grid050x050_04_8232,1248,,1796.1001,1800.06,18492280,,,0,,,heur
ph-04-03,89,132,ph-04-03_01,36,391184729725936525,0.58,0.59,40176,0.016520,5058,1,,31,heur
ph-04-03,89,132,ph-04-03_01,36,391184729725936525,0.62,0.62,40180,0.015830,4354,1,,31,opt
ph-13-13,2709,4907,ph-13-13_01,1198,,1795.67,1800.56,140014760,,,0,,,orig
mug100_25,100,166,mug100_25_02,32,917236423320766528,7.1800003,7.2,75400,0.012700,681,1,,32,opt
ph-13-12,2501,4452,ph-13-12_01,1107,,1795.6901,1800.53,138400380,,,0,,,orig
games120,120,638,games120_02,21,30467298966717,5728.87,5741,290974448,5327.948480,5409598,1,,39,heur
games120,120,638,games120_02,21,30467298966717,847.58997,849.24,36375948,638.086617,804613,1,,39,opt
ph-13-13,2709,4907,ph-13-13_01,1198,,1796.4099,1800.69,146100464,,,0,,,heur
mug100_1,100,166,mug100_1_02,32,899476914678948928,1.7,1.71,40180,0.012138,534,1,,32,opt
random_instance007_graph005,91,273,random_instance007_graph005_01,32,1107929080040276,1657.7001,1661.32,70607228,378.905000,2780994,1,,29,heur
ph-13-12,2501,4452,ph-13-12_01,1107,,1796.41,1800.64,145092700,,,0,,,heur
ph-03-03,59,87,ph-03-03_01,23,279340917727,30.72,30.81,1148600,0.026552,10204,1,,34,orig
ph-03-03,59,87,ph-03-03_01,23,279340917727,5.42,5.43,285848,0.005001,834,1,,34,opt
ph-03-03,59,87,ph-03-03_01,23,279340917727,5.4,5.42,287940,0.005645,1226,1,,34,heur
mug88_25,88,146,mug88_25_01,29,6219522864915696,175.29001,175.65,8530684,11.464540,1783217,1,,28,orig
mug88_25,88,146,mug88_25_02,28,6219522864915696,4596.7197,4609,71225208,11.633273,1783217,1,,28,orig
3-FullIns_5,2030,33751,3-FullIns_5_01,1009,,1796.3401,1800.52,150304544,,,0,,,orig
3-FullIns_5,2030,33751,3-FullIns_5_02,1008,,1796,1800.54,138940692,,,0,,,heur
3-FullIns_5,2030,33751,3-FullIns_5_02,1008,,1796.31,1800.53,150156872,,,0,,,orig
mug88_1,88,146,mug88_1_02,28,6657407284552416,1160.23,1162.7,34359096,14.654050,893642,1,,28,orig
mug88_1,88,146,mug88_1_01,29,6657407284552416,101.11,101.33,4671684,14.718515,893642,1,,28,orig
3-FullIns_5,2030,33751,3-FullIns_5_01,1009,,1795.95,1800.54,138933772,,,0,,,heur
mug88_25,88,146,mug88_25_02,28,6219522864915696,176.95,177.29001,155964,0.011443,1974,1,,28,heur
mug88_1,88,146,mug88_1_01,29,6657407284552416,1.1999999,1.2,77356,0.016018,4932,1,,28,heur
mug88_1,88,146,mug88_1_01,29,6657407284552416,0.12,0.13,35060,0.009898,455,1,,28,opt
mug88_25,88,146,mug88_25_01,29,6219522864915696,0.29999998,0.31,38132,0.011604,1974,1,,28,heur
mug88_25,88,146,mug88_25_01,29,6219522864915696,0.14,0.14,35060,0.009840,493,1,,28,opt
mug88_1,88,146,mug88_1_02,28,6657407284552416,22.28,22.34,528400,0.015956,4932,1,,28,heur
mug88_1,88,146,mug88_1_02,28,6657407284552416,0.39999998,0.41,37112,0.009885,455,1,,28,opt
mug88_25,88,146,mug88_25_02,28,6219522864915696,0.59,0.6,39156,0.009968,493,1,,28,opt
ph-12-12,2165,3894,ph-12-12_01,950,,1795.58,1800.53,141268028,,,0,,,orig
random_instance007_graph003,91,273,random_instance007_graph003_01,32,942068520920506,979.68,981.79,36223636,163.985152,3334915,1,,24,heur
random_instance006_graph003,78,234,random_instance006_graph003_01,26,6209505336003,3831.13,3842,144664780,890.553059,32234377,1,,27,orig
random_instance006_graph003,78,234,random_instance006_graph003_01,26,6209505336003,311.93,312.65,16910704,27.498464,254246,1,,27,opt
ph-12-12,2165,3894,ph-12-12_01,950,,1796.2799,1800.69,144866428,,,0,,,heur
SAT_exp_instance006,36,51,SAT_exp_instance006_01,15,8181566,0.02,0.02,33012,0.001991,412,1,,39,opt
SAT_exp_instance006,36,51,SAT_exp_instance006_01,15,8181566,0.03,0.04,34036,0.016712,14084,1,,39,orig
random_instance006_graph002,78,234,random_instance006_graph002_01,24,4518023603224,5385.86,5398,147197892,98.478155,1906572,1,,26,heur
SAT_exp_instance006,36,51,SAT_exp_instance006_01,15,8181566,0.02,0.02,31988,0.001985,412,1,,39,heur
ph-05-05,205,331,ph-05-05_01,82,34186289117229456276370041652678426068693,1796.1799,1800.06,17974388,5.182014,567300,0,,,heur
random_instance006_graph003,78,234,random_instance006_graph003_01,26,6209505336003,634.6,635.97,33571256,31.670654,866255,1,,27,heur
random_instance006_graph002,78,234,random_instance006_graph002_01,24,4518023603224,4196.18,4208,134828308,30.583135,550768,1,,26,opt
ph-12-11,1985,3504,ph-12-11_01,872,,1796.35,1800.74,150663916,,,0,,,heur
ph-12-11,1985,3504,ph-12-11_01,872,,1795.73,1800.57,147169060,,,0,,,orig
LGC_exp_instance002,38,44,LGC_exp_instance002_01,18,56829420,0.01,0.02,33012,0.001378,75,1,,30,heur
random_instance006_graph005,78,234,random_instance006_graph005_01,25,6110607164382,1079.8099,1082.18,34929436,24.176437,421404,1,,24,heur
random_instance006_graph004,78,234,random_instance006_graph004_01,23,4784011345326,4019.17,4030,135159524,38.573921,595168,1,,24,heur
random_instance006_graph004,78,234,random_instance006_graph004_01,23,4784011345326,3349.8198,3359.55,71211812,27.263355,419992,1,,24,opt
LGC_exp_instance002,38,44,LGC_exp_instance002_01,18,56829420,0.02,0.02,33012,0.001646,229,1,,30,orig
LGC_exp_instance002,38,44,LGC_exp_instance002_01,18,56829420,0.01,0.02,33012,0.001418,77,1,,30,opt
ph-06-05,275,441,ph-06-05_01,113,22353448597842287861628828809135856971564909322470507445,9578.84,9600,36162876,57.815858,4703433,0,,,heur
grid040x040,1600,3120,grid040x040_02_3552,799,,1796.1101,1800.4,138484116,,,0,,,orig
grid040x040,1600,3120,grid040x040_04_3680,798,,1796.07,1800.4,138677536,,,0,,,orig
grid040x040,1600,3120,grid040x040_03_0746,798,,1796.1101,1800.4,138677536,,,0,,,orig
grid040x040,1600,3120,grid040x040_01_6703,799,,1796,1800.4,138483368,,,0,,,orig
5-FullIns_3,154,792,5-FullIns_3_02,71,958445790577822897653308,66.47,66.61,2404056,65.643867,3508485,1,,9,orig
grid020x020,400,760,grid020x020_02_7550,199,958979036662929619406859624886958746851620546557485230898539651354907499,248.8,249.32,17806212,248.173828,2922135,1,,2,orig
grid020x020,400,760,grid020x020_04_3283,199,958979036662929619406859624886958746851620546557485230898539651354907499,253.34,253.88,17805928,251.951962,2922135,1,,2,orig
grid040x040,1600,3120,grid040x040_01_6703,799,,1796.11,1800.06,18551908,,,0,,,heur
grid040x040,1600,3120,grid040x040_03_0746,798,,1796.1,1800.06,18552140,,,0,,,heur
grid020x020,400,760,grid020x020_04_3283,199,958979036662929619406859624886958746851620546557485230898539651354907499,64.659996,64.81,4519396,63.180102,2921661,1,,2,heur
grid040x040,1600,3120,grid040x040_02_3552,799,,1796.0399,1800.06,18551908,,,0,,,heur
grid040x040,1600,3120,grid040x040_04_3680,798,,1796.0801,1800.06,18552140,,,0,,,heur
grid020x020,400,760,grid020x020_02_7550,199,958979036662929619406859624886958746851620546557485230898539651354907499,64.490005,64.64,4518536,63.023012,2921661,1,,2,heur
ph-11-11,1699,3031,ph-11-11_01,739,,9582.109,9605,593251044,,,0,,,orig
random_instance005_graph003,65,195,random_instance005_graph003_01,22,38638170829,67.340004,67.48,4391792,30.824675,985466,1,,22,orig
ph-11-11,1699,3031,ph-11-11_01,739,,9587.03,9615,924567320,,,0,,,heur
ph-04-04,117,182,ph-04-04_01,46,74825062231393217887911,9579.2295,9600,267936552,0.039561,10316,0,,,opt
random_instance005_graph003,65,195,random_instance005_graph003_01,22,38638170829,14.05,14.1,1072964,2.891466,129949,1,,22,heur
ph-04-04,117,182,ph-04-04_01,46,74825062231393217887911,9579.18,9600,268608976,0.042706,11660,0,,,heur
3-Insertions_5,1406,9695,3-Insertions_5_01,701,,1796.3501,1800.48,144812420,,,0,,,orig
random_instance005_graph003,65,195,random_instance005_graph003_01,22,38638170829,15.05,15.1,1100328,7.273627,103642,1,,22,opt
3-Insertions_5,1406,9695,3-Insertions_5_01,701,,1795.59,1800.45,133333276,,,0,,,heur
3-Insertions_5,1406,9695,3-Insertions_5_02,700,,1796.42,1800.48,144665176,,,0,,,orig
3-Insertions_5,1406,9695,3-Insertions_5_02,700,,1795.8201,1800.47,133311492,,,0,,,heur
hc-square-02,24,33,hc-square-02_01,10,42630,0.01,0.01,33012,0.000750,58,1,,32,orig
david,87,406,david_02,35,1233653689761797,93.07,93.28,4673140,55.339795,5193482,1,,15,orig
ash958GPIA,1916,12506,ash958GPIA_01,662,,1795.92,1800.41,141566012,,,0,,,orig
hc-square-02,24,33,hc-square-02_01,10,42630,0,0.01,31984,0.000748,54,1,,32,heur
ash958GPIA,1916,12506,ash958GPIA_02,661,,1795.96,1800.41,140872156,,,0,,,orig
ph-06-06,329,546,ph-06-06_01,134,712081938752035057893383624500702381356344163108636740161703247481,9578.859,9600,147001368,721.283714,8654645,0,,,heur
ash958GPIA,1916,12506,ash958GPIA_01,662,,1796.76,1800.41,136748832,,,0,,,heur
hc-square-02,24,33,hc-square-02_01,10,42630,0.01,0.01,33012,0.000770,54,1,,32,opt
random_instance005_graph001,65,195,random_instance005_graph001_01,20,48187380654,883.52,885.37,35550976,27.368054,1702838,1,,20,orig
ph-11-10,1545,2701,ph-11-10_01,673,,1795.7,1800.51,144942864,,,0,,,orig
ash958GPIA,1916,12506,ash958GPIA_02,661,,1796.7401,1800.41,137472872,,,0,,,heur
ph-11-10,1545,2701,ph-11-10_01,673,,1796.12,1800.61,144673868,,,0,,,heur
david,87,406,david_02,35,1233653689761797,0.16000001,0.16,36084,0.093717,1476,1,,15,heur
random_instance005_graph005,65,195,random_instance005_graph005_01,20,54651105614,1469.91,1473.13,68007120,59.529391,1726509,1,,20,orig
david,87,406,david_02,35,1233653689761797,0.12,0.12,35060,0.067160,857,1,,15,opt
random_instance005_graph002,65,195,random_instance005_graph002_01,19,34141571484,1129.48,1131.76,35618168,66.529382,2138028,1,,20,orig
random_instance005_graph004,65,195,random_instance005_graph004_01,18,21665853613,2076.47,2081.16,72538736,61.072653,2015530,1,,20,orig
random_instance005_graph001,65,195,random_instance005_graph001_01,20,48187380654,94.869995,95.1,4300144,5.685915,84633,1,,20,opt
random_instance005_graph005,65,195,random_instance005_graph005_01,20,54651105614,155.56,155.95,4516216,1.715021,70227,1,,20,heur
random_instance005_graph001,65,195,random_instance005_graph001_01,20,48187380654,229.79,230.31,8535364,1.776326,108475,1,,20,heur
random_instance005_graph005,65,195,random_instance005_graph005_01,20,54651105614,126.27,126.58,4338720,0.833398,46510,1,,20,opt
random_instance005_graph002,65,195,random_instance005_graph002_01,19,34141571484,162.58,162.97,4437648,1.267224,72492,1,,20,heur
random_instance005_graph002,65,195,random_instance005_graph002_01,19,34141571484,150.62999,150.98,4453748,1.144480,59970,1,,20,opt
david,87,406,david_01,36,1233653689761797,0.13,0.14,36084,0.094082,1476,1,,13,heur
random_instance005_graph004,65,195,random_instance005_graph004_01,18,21665853613,542.79,543.97,18052220,1.266394,72732,1,,20,opt
david,87,406,david_01,36,1233653689761797,59.22,59.34,4357164,55.659158,5193482,1,,13,orig
random_instance005_graph004,65,195,random_instance005_graph004_01,18,21665853613,584.16,585.45,18100768,2.007612,94019,1,,20,heur
david,87,406,david_01,36,1233653689761797,0.1,0.11,35060,0.067278,857,1,,13,opt
sp002,26,150,sp002_01,4,523,0.01,0.02,33012,0.003438,52,1,,33,orig
miles500,128,1170,miles500_02,17,892734883938,2131.3699,2135.76,137301308,1168.684102,11786143,1,,17,orig
miles500,128,1170,miles500_02,17,892734883938,3.98,3.99,268352,0.578170,6471,1,,17,heur
sp002,26,150,sp002_01,4,523,0.02,0.02,31984,0.003538,45,1,,33,opt
sp002,26,150,sp002_01,4,523,0.01,0.02,33008,0.003372,45,1,,33,heur
miles500,128,1170,miles500_01,18,892734883938,1213.17,1215.63,71261920,1175.307631,11786143,1,,16,orig
ph-10-10,1305,2306,ph-10-10_01,562,,1795.97,1800.55,145386068,,,0,,,heur
ph-10-10,1305,2306,ph-10-10_01,562,,1795.77,1800.49,142726676,,,0,,,orig
miles500,128,1170,miles500_02,17,892734883938,0.96999997,0.98,74808,0.163461,2035,1,,17,opt
miles500,128,1170,miles500_01,18,892734883938,0.24000001,0.25,38132,0.163443,2035,1,,16,opt
random_instance004_graph005,52,156,random_instance004_graph005_01,15,198435306,34.399998,34.5,2233436,2.372365,140413,1,,18,orig
miles500,128,1170,miles500_01,18,892734883938,0.76000005,0.77,78836,0.582998,6471,1,,16,heur
5-FullIns_3,154,792,5-FullIns_3_01,72,958445790577822897653308,65.71,65.84,2404292,64.908064,3508485,1,,5,orig
random_instance004_graph002,52,156,random_instance004_graph002_01,16,242964120,20.98,21.04,1137964,3.555782,266787,1,,17,orig
5-FullIns_4,1085,11395,5-FullIns_4_01,535,,1796.49,1800.44,141946024,,,0,,,orig
5-FullIns_4,1085,11395,5-FullIns_4_02,534,,1796.5,1800.43,142007660,,,0,,,orig
queen10_10,100,1470,queen10_10_01,9,7535369,5123.54,5134,292727536,5126.069351,628749,1,,21,orig
random_instance004_graph005,52,156,random_instance004_graph005_01,15,198435306,12.14,12.17,565624,0.340306,16197,1,,18,opt
random_instance004_graph005,52,156,random_instance004_graph005_01,15,198435306,13.18,13.22,581344,0.193531,15622,1,,18,heur
queen010x010,100,1470,queen010x010_04_2943,9,7535369,5125.12,5136,292771740,5127.939600,628749,1,,21,orig
random_instance004_graph002,52,156,random_instance004_graph002_01,16,242964120,4.72,4.74,282424,0.102253,12969,1,,17,heur
queen010x010,100,1470,queen010x010_03_7635,9,7535369,5032.79,5043,292771740,5035.386939,628749,1,,21,orig
random_instance004_graph002,52,156,random_instance004_graph002_01,16,242964120,4.72,4.74,283036,0.102175,12969,1,,17,opt
queen010x010,100,1470,queen010x010_01_0612,9,7535369,5079.83,5090,292771036,5082.423984,628749,1,,21,orig
queen010x010,100,1470,queen010x010_02_5832,9,7535369,5090.3203,5101,292771744,5092.807879,628749,1,,21,orig
5-FullIns_4,1085,11395,5-FullIns_4_01,535,,1796.29,1800.42,137742124,,,0,,,heur
5-FullIns_4,1085,11395,5-FullIns_4_02,534,,1796.42,1800.41,136383848,,,0,,,heur
queen010x010,100,1470,queen010x010_03_7635,9,7535369,2280.32,2284.96,136442680,2275.867654,510361,1,,21,heur
queen010x010,100,1470,queen010x010_04_2943,9,7535369,2284.21,2289.07,136442588,2279.961213,510361,1,,21,heur
random_instance004_graph001,52,156,random_instance004_graph001_01,15,227597732,31.91,32,2118796,1.279362,138652,1,,17,orig
queen010x010,100,1470,queen010x010_02_5832,9,7535369,2285.3,2290.12,136441688,2280.963212,510361,1,,21,heur
queen010x010,100,1470,queen010x010_01_0612,9,7535369,2285.9502,2290.74,136442588,2281.628329,510361,1,,21,heur
random_instance004_graph003,52,156,random_instance004_graph003_01,16,280529902,17.35,17.39,1101780,1.947245,137344,1,,16,orig
queen010x010,100,1470,queen010x010_01_0612,9,7535369,2558,2565.07,137422064,2556.052592,523184,1,,21,opt
queen010x010,100,1470,queen010x010_03_7635,9,7535369,2571.4602,2578.73,137420348,2569.722992,523184,1,,21,opt
queen010x010,100,1470,queen010x010_02_5832,9,7535369,2554.7102,2561.85,137420320,2552.803212,523184,1,,21,opt
queen10_10,100,1470,queen10_10_01,9,7535369,2569.42,2576.63,137453676,2567.605248,523184,1,,21,opt
huck,74,301,huck_02,26,1537558481760,5.79,5.81,286536,0.646890,128070,1,,12,orig
queen010x010,100,1470,queen010x010_04_2943,9,7535369,2554.6,2561.85,137420292,2552.911958,523184,1,,21,opt
queen10_10,100,1470,queen10_10_01,9,7535369,2287.7202,2292.49,136490052,2283.363708,510361,1,,21,heur
random_instance004_graph001,52,156,random_instance004_graph001_01,15,227597732,6.52,6.55,289496,0.063618,6911,1,,17,heur
random_instance004_graph001,52,156,random_instance004_graph001_01,15,227597732,6.52,6.54,288696,0.063526,6911,1,,17,opt
random_instance004_graph003,52,156,random_instance004_graph003_01,16,280529902,7.6899996,7.72,533884,0.294012,26744,1,,16,heur
queen10_10,100,1470,queen10_10_02,9,7535369,5105.06,5116,292727536,5107.648668,628749,1,,20,orig
hc-power-11,21,28,hc-power-11_01,9,12351,0.01,0.01,33012,0.000630,92,1,,22,orig
ph-10-09,1175,2031,ph-10-09_01,507,,9582.45,9605,610822524,,,0,,,orig
queen9_9,81,1056,queen9_9_01,8,915442,387.39,388.22,33739528,386.741227,109532,1,,21,orig
random_instance004_graph004,52,156,random_instance004_graph004_01,15,245353332,41.18,41.29,2212044,1.492016,109540,1,,16,orig
queen10_10,100,1470,queen10_10_02,9,7535369,2547.55,2554.79,137453448,2545.815210,523184,1,,20,opt
queen10_10,100,1470,queen10_10_02,9,7535369,2287.47,2292.28,136488088,2283.090330,510361,1,,20,heur
ph-10-09,1175,2031,ph-10-09_01,507,,9582.2,9604,593686308,,,0,,,heur
random_instance004_graph003,52,156,random_instance004_graph003_01,16,280529902,5.35,5.36,285964,0.173144,13549,1,,16,opt
huck,74,301,huck_02,26,1537558481760,0.06,0.07,35060,0.036490,903,1,,12,heur
huck,74,301,huck_02,26,1537558481760,0.04,0.05,33012,0.019703,234,1,,12,opt
random_instance004_graph004,52,156,random_instance004_graph004_01,15,245353332,11.85,11.88,574628,0.168897,10632,1,,16,opt
random_instance004_graph004,52,156,random_instance004_graph004_01,15,245353332,12.17,12.21,562696,0.094874,10029,1,,16,heur
hc-power-11,21,28,hc-power-11_01,9,12351,0,0.01,33012,0.000616,56,1,,22,heur
queen9_9,81,1056,queen9_9_01,8,915442,125.649994,125.92,8517872,124.198151,87103,1,,21,heur
queen9_9,81,1056,queen9_9_02,8,915442,385.4,386.21,33741364,384.746144,109532,1,,20,orig
queen9_9,81,1056,queen9_9_01,8,915442,136.15,136.45999,8579004,133.824428,89538,1,,21,opt
hc-power-11,21,28,hc-power-11_01,9,12351,0.01,0.01,31988,0.000616,56,1,,22,opt
queen9_9,81,1056,queen9_9_02,8,915442,124.93,125.2,8516252,123.507308,87103,1,,20,heur
huck,74,301,huck_01,27,1537558481760,1.15,1.16,153020,0.653180,128070,1,,11,orig
queen9_9,81,1056,queen9_9_02,8,915442,136.67,136.97,8578020,134.329849,89538,1,,20,opt
huck,74,301,huck_01,27,1537558481760,0.060000002,0.07,34036,0.036402,903,1,,11,heur
games120,120,638,games120_01,22,30467298966717,5322.04,5333,288048884,5330.068491,5409598,1,,12,heur
huck,74,301,huck_01,27,1537558481760,0.03,0.04,34036,0.019919,234,1,,11,opt
games120,120,638,games120_01,22,30467298966717,638.75,639.97,34584012,639.510579,804613,1,,12,opt
grid030x030,900,1740,grid030x030_03_4248,449,,1796.36,1800.4,138560508,,,0,,,orig
3-Insertions_3,56,110,3-Insertions_3_02,26,16999974125,0.03,0.04,34036,0.013993,13124,1,,11,orig
3-Insertions_3,56,110,3-Insertions_3_02,26,16999974125,0.02,0.03,34036,0.011060,5090,1,,11,heur
3-Insertions_3,56,110,3-Insertions_3_02,26,16999974125,0.03,0.04,34040,0.014703,5841,1,,11,opt
ash608GPIA,1216,7844,ash608GPIA_01,423,,1796.0599,1800.4,137974752,,,0,,,orig
grid030x030,900,1740,grid030x030_01_6931,449,,1796.36,1800.4,138561048,,,0,,,orig
ash608GPIA,1216,7844,ash608GPIA_02,422,,1796.09,1800.4,137932228,,,0,,,orig
grid010x010,100,180,grid010x010_04_4957,48,2030049051145980050,0.07,0.07,35060,0.030923,5614,1,,6,orig
grid030x030,900,1740,grid030x030_02_7112,448,,1796.36,1800.4,138481672,,,0,,,orig
grid030x030,900,1740,grid030x030_04_2988,448,,1796.4,1800.4,138482984,,,0,,,orig
grid010x010,100,180,grid010x010_01_6141,48,2030049051145980050,0.06,0.07,34036,0.030928,5614,1,,6,orig
grid030x030,900,1740,grid030x030_02_7112,448,,1796.16,1800.12,36578632,,,0,,,heur
2-FullIns_5,852,12201,2-FullIns_5_02,424,,1796.4299,1800.47,148499476,,,0,,,orig
grid030x030,900,1740,grid030x030_03_4248,449,,1796.15,1800.12,36562464,,,0,,,heur
2-FullIns_5,852,12201,2-FullIns_5_01,424,,1796.42,1800.47,147123148,,,0,,,orig
grid030x030,900,1740,grid030x030_01_6931,449,,1796.28,1800.12,36397516,,,0,,,heur
4-Insertions_3,79,156,4-Insertions_3_02,38,245227225296269,0.07,0.08,35060,0.056241,61780,1,,7,orig
ash608GPIA,1216,7844,ash608GPIA_01,423,,1796.75,1800.39,134149004,,,0,,,heur
grid030x030,900,1740,grid030x030_04_2988,448,,1796.1699,1800.12,36413564,,,0,,,heur
grid010x010,100,180,grid010x010_01_6141,48,2030049051145980050,0.049999997,0.05,34036,0.021021,4486,1,,6,heur
4-Insertions_3,79,156,4-Insertions_3_01,38,245227225296269,0.07,0.08,35060,0.056177,61780,1,,7,orig
ph-03-02,41,57,ph-03-02_01,17,121582107,0.03,0.04,34040,0.003128,892,1,,13,orig
ash608GPIA,1216,7844,ash608GPIA_02,422,,1796.75,1800.39,134107368,,,0,,,heur
grid010x010,100,180,grid010x010_04_4957,48,2030049051145980050,0.05,0.05,34040,0.021106,4486,1,,6,heur
2-FullIns_5,852,12201,2-FullIns_5_02,424,,1795.87,1800.44,134337060,,,0,,,heur
grid010x010,100,180,grid010x010_01_6141,48,2030049051145980050,0.05,0.05,34036,0.020998,4486,1,,6,opt
ph-03-02,41,57,ph-03-02_01,17,121582107,0.01,0.02,33012,0.002272,353,1,,13,heur
2-FullIns_5,852,12201,2-FullIns_5_01,424,,1795.9299,1800.45,132485132,,,0,,,heur
grid010x010,100,180,grid010x010_04_4957,48,2030049051145980050,0.05,0.05,34036,0.020964,4486,1,,6,opt
ph-03-02,41,57,ph-03-02_01,17,121582107,0.01,0.02,33012,0.002166,265,1,,13,opt
queen8_8,64,728,queen8_8_01,7,118969,28.53,28.6,2265920,27.989268,20243,1,,17,orig
mug100_25,100,166,mug100_25_02,32,917236423320766528,9578.94,9600,136486684,5.330623,823723,0,,,orig
queen8_8,64,728,queen8_8_02,7,118969,28.6,28.67,2265640,28.054158,20243,1,,17,orig
4-Insertions_3,79,156,4-Insertions_3_02,38,245227225296269,0.049999997,0.05,34036,0.032357,19853,1,,7,heur
4-Insertions_3,79,156,4-Insertions_3_01,38,245227225296269,0.049999997,0.05,35060,0.032149,19853,1,,7,heur
4-Insertions_3,79,156,4-Insertions_3_01,38,245227225296269,0.08,0.08,34036,0.051801,27622,1,,7,opt
4-Insertions_3,79,156,4-Insertions_3_02,38,245227225296269,0.08,0.08,34036,0.051763,27622,1,,7,opt
3-FullIns_3,80,346,3-FullIns_3_02,36,4560332427351,0.2,0.21,38132,0.176780,61729,1,,7,orig
queen8_8,64,728,queen8_8_02,7,118969,7.9,7.93,559672,7.666414,16607,1,,17,heur
wap04a,5231,294902,wap04a_01,341,,1797.0499,1800.96,140226364,,,0,,,heur
ph-09-09,977,1707,ph-09-09_01,416,,9584.199,9606,612380460,,,0,,,orig
wap04a,5231,294902,wap04a_02,340,,1797.1,1801.07,140068284,,,0,,,heur
queen8_8,64,728,queen8_8_01,7,118969,9.26,9.29,573904,9.020613,17366,1,,17,opt
queen8_8,64,728,queen8_8_02,7,118969,9.22,9.24,574628,8.973624,17366,1,,17,opt
queen8_8,64,728,queen8_8_01,7,118969,7.9399996,7.96,559940,7.705996,16607,1,,17,heur
ph-09-09,977,1707,ph-09-09_01,416,,9604.631,9626,1068714500,,,0,,,heur
3-FullIns_3,80,346,3-FullIns_3_02,36,4560332427351,16.880001,16.92,1117420,16.839795,211602,1,,7,heur
3-FullIns_3,80,346,3-FullIns_3_02,36,4560332427351,0.55999994,0.57,74216,0.539510,41456,1,,7,opt
ph-04-04,117,182,ph-04-04_01,46,74825062231393217887911,9578.65,9600,71111164,25.276302,2265360,0,,,orig
random_instance003_graph005,39,117,random_instance003_graph005_01,11,1566681,0.9,0.91,75396,0.108289,16612,1,,13,orig
queen008x008,64,728,queen008x008_03_8723,7,118969,28.58,28.66,2273140,28.054008,20243,1,,15,orig
queen008x008,64,728,queen008x008_04_4441,7,118969,28.51,28.58,2272596,27.968152,20243,1,,15,orig
random_instance003_graph003,39,117,random_instance003_graph003_01,11,1346850,0.53,0.53,71996,0.083821,11820,1,,13,orig
queen008x008,64,728,queen008x008_02_8804,7,118969,28.6,28.67,2272732,28.062750,20243,1,,15,orig
random_instance003_graph001,39,117,random_instance003_graph001_01,12,1797410,0.26999998,0.27,37104,0.050402,8874,1,,12,orig
1-Insertions_4,67,232,1-Insertions_4_02,31,232007606571,6.29,6.31,304968,6.106785,761556,1,,7,orig
queen8_12,96,1368,queen8_12_01,8,4558093,1055,1057.08,66684552,1031.631408,271991,1,,14,opt
random_instance003_graph005,39,117,random_instance003_graph005_01,11,1566681,0.32,0.32,38132,0.026100,3261,1,,13,heur
random_instance003_graph005,39,117,random_instance003_graph005_01,11,1566681,0.28,0.29,38132,0.031446,2547,1,,13,opt
queen8_12,96,1368,queen8_12_01,8,4558093,1056.3201,1058.46,66703836,1033.077761,273418,1,,14,heur
random_instance003_graph003,39,117,random_instance003_graph003_01,11,1346850,0.16000001,0.16,36084,0.013660,1534,1,,13,heur
queen008x008,64,728,queen008x008_04_4441,7,118969,7.89,7.91,557096,7.653370,16607,1,,15,heur
queen008x008,64,728,queen008x008_04_4441,7,118969,9.18,9.21,582200,8.942427,17366,1,,15,opt
queen008x008,64,728,queen008x008_03_8723,7,118969,9.18,9.21,580600,8.939802,17366,1,,15,opt
queen008x008,64,728,queen008x008_03_8723,7,118969,7.8900003,7.92,556400,7.664033,16607,1,,15,heur
queen008x008,64,728,queen008x008_02_8804,7,118969,7.91,7.93,557912,7.671133,16607,1,,15,heur
random_instance006_graph002,78,234,random_instance006_graph002_01,24,4518023603224,9578.471,9600,289561608,472.268287,11045981,0,,,orig
1-Insertions_4,67,232,1-Insertions_4_02,31,232007606571,10.47,10.5,574496,10.386893,310776,1,,7,heur
queen008x008,64,728,queen008x008_02_8804,7,118969,9.2,9.23,581564,8.962248,17366,1,,15,opt
random_instance003_graph003,39,117,random_instance003_graph003_01,11,1346850,0.16000001,0.16,36084,0.012661,1565,1,,13,opt
ph-09-08,869,1482,ph-09-08_01,371,,9583.64,9605,598645776,,,0,,,orig
random_instance003_graph001,39,117,random_instance003_graph001_01,12,1797410,0.13,0.14,35056,0.017903,2906,1,,12,heur
random_instance003_graph004,39,117,random_instance003_graph004_01,14,1936328,0.060000002,0.06,34036,0.045310,9454,1,,11,orig
4-FullIns_4,690,6650,4-FullIns_4_01,343,,19191.451,19229,1094596428,,,0,,,orig
miles750,128,2113,miles750_02,11,245547105,150.49,150.82,16635716,148.389691,507692,1,,11,orig
1-Insertions_4,67,232,1-Insertions_4_02,31,232007606571,0.39000002,0.4,70784,0.366127,20258,1,,7,opt
queen008x008,64,728,queen008x008_01_4136,7,118969,28.59,28.66,2273252,28.049179,20243,1,,14,orig
ph-09-08,869,1482,ph-09-08_01,371,,9605.75,9628,1053202576,,,0,,,heur
queen008x008,64,728,queen008x008_01_4136,7,118969,7.89,7.91,557360,7.657689,16607,1,,14,heur
4-FullIns_4,690,6650,4-FullIns_4_02,342,,19191.15,19228,1094540432,,,0,,,orig
random_instance003_graph001,39,117,random_instance003_graph001_01,12,1797410,0.1,0.11,35056,0.016308,2244,1,,12,opt
queen008x008,64,728,queen008x008_01_4136,7,118969,9.179999,9.2,582080,8.933682,17366,1,,14,opt
random_instance003_graph004,39,117,random_instance003_graph004_01,14,1936328,0.060000002,0.06,34036,0.047274,3856,1,,11,heur
random_instance003_graph004,39,117,random_instance003_graph004_01,14,1936328,0.04,0.05,34036,0.032055,2444,1,,11,opt
queen7_7,49,476,queen7_7_02,6,16870,1.8,1.81,268852,1.742363,4002,1,,14,orig
4-FullIns_3,114,541,4-FullIns_3_02,54,767186184427266378,3.58,3.6,285740,3.469938,491999,1,,3,orig
queen7_7,49,476,queen7_7_01,6,16870,1.8,1.82,268752,1.742949,4002,1,,14,orig
4-FullIns_4,690,6650,4-FullIns_4_01,343,,19188.23,19226,1076038056,,,0,,,heur
4-FullIns_4,690,6650,4-FullIns_4_02,342,,19188.09,19226,1075973448,,,0,,,heur
miles750,128,2113,miles750_02,11,245547105,2.6799998,2.69,275124,2.528436,10322,1,,11,heur
miles750,128,2113,miles750_02,11,245547105,0.61999995,0.62,75068,0.536703,1501,1,,11,opt
queen7_7,49,476,queen7_7_01,6,16870,0.53,0.54,72960,0.483563,3463,1,,14,opt
wap03a,4730,286722,wap03a_01,296,,1796.96,1800.98,139065388,,,0,,,heur
1-FullIns_4,93,593,1-FullIns_4_02,44,343142930930159,30.85,30.92,1225272,30.324036,2015949,1,,4,orig
random_instance003_graph002,39,117,random_instance003_graph002_01,14,2283228,0.060000002,0.06,33012,0.032204,4316,1,,10,orig
queen7_7,49,476,queen7_7_02,6,16870,0.52,0.53,73876,0.477496,3463,1,,14,heur
wap03a,4730,286722,wap03a_02,295,,1796.9601,1801.01,139069980,,,0,,,heur
queen7_7,49,476,queen7_7_02,6,16870,0.53,0.53,72280,0.478542,3463,1,,14,opt
queen7_7,49,476,queen7_7_01,6,16870,0.52,0.53,72988,0.475207,3463,1,,14,heur
LGC_exp_instance010,670,780,LGC_exp_instance010_01,330,,1796.33,1800.46,153021024,,,0,,,orig
4-FullIns_3,114,541,4-FullIns_3_02,54,767186184427266378,6770.64,6784,297157000,6780.568029,8867288,1,,3,heur
DSJC125.5,125,3891,DSJC125.5_01,9,537509,895.58,897.49,72016168,897.187428,115590,1,,11,orig
random_instance007_graph004,91,273,random_instance007_graph004_01,30,1574776068008764,1796.1,1800.11,36602280,82.004754,1137201,0,,,heur
SAT_exp_instance004,18,22,SAT_exp_instance004_01,8,3988,0,0.01,33012,0.000614,218,1,,13,orig
4-FullIns_3,114,541,4-FullIns_3_02,54,767186184427266378,2.87,2.89,281320,2.811822,255177,1,,3,opt
ph-05-04,165,256,ph-05-04_01,67,753738554891557952055688747206339,9579.409,9600,273084832,693.916601,45443928,0,,,orig
random_instance003_graph002,39,117,random_instance003_graph002_01,14,2283228,0.03,0.04,33012,0.012321,1605,1,,10,heur
2-Insertions_5,597,3936,2-Insertions_5_01,297,,19189.281,19230,1116909004,,,0,,,orig
random_instance003_graph002,39,117,random_instance003_graph002_01,14,2283228,0.03,0.04,33012,0.012186,1454,1,,10,opt
2-Insertions_5,597,3936,2-Insertions_5_02,297,,19192.75,19230,1115338568,,,0,,,orig
SAT_exp_instance004,18,22,SAT_exp_instance004_01,8,3988,0,0.01,31988,0.000470,51,1,,13,heur
1-FullIns_4,93,593,1-FullIns_4_02,44,343142930930159,136.37,136.63,8543824,136.454836,395153,1,,4,opt
1-FullIns_4,93,593,1-FullIns_4_02,44,343142930930159,62.53,62.67,4283404,62.388454,793894,1,,4,heur
DSJC125.5,125,3891,DSJC125.5_01,9,537509,971.13,973.21,70208804,972.916232,94405,1,,11,heur
SAT_exp_instance004,18,22,SAT_exp_instance004_01,8,3988,0.01,0.01,33012,0.000461,51,1,,13,opt
hc-square-01,14,18,hc-square-01_01,6,574,0.01,0.01,33012,0.000306,32,1,,13,orig
DSJC125.5,125,3891,DSJC125.5_01,9,537509,1011.77,1013.9,70347032,1013.609322,97315,1,,11,opt
1-Insertions_6,607,6337,1-Insertions_6_02,300,,1796.6599,1800.47,145354604,,,0,,,orig
1-Insertions_6,607,6337,1-Insertions_6_01,301,,1796.61,1800.47,144974316,,,0,,,orig
DSJC125.5,125,3891,DSJC125.5_02,9,537509,903.59,905.51,72016088,905.199322,115590,1,,10,orig
random_instance006_graph004,78,234,random_instance006_graph004_01,23,4784011345326,9579.03,9600,292357264,1072.500209,17793391,0,,,orig
2-Insertions_5,597,3936,2-Insertions_5_01,297,,19189.578,19231,1095617664,,,0,,,heur
2-Insertions_5,597,3936,2-Insertions_5_02,297,,19190.35,19231,1095617656,,,0,,,heur
random_instance006_graph001,78,234,random_instance006_graph001_01,23,3706721252978,1796.34,1800.2,67968232,47.977550,875806,0,,,heur
1-Insertions_6,607,6337,1-Insertions_6_01,301,,1795.77,1800.45,130704336,,,0,,,heur
hc-square-01,14,18,hc-square-01_01,6,574,0.01,0.01,33012,0.000308,26,1,,13,opt
ph-08-08,709,1222,ph-08-08_01,298,,9582.96,9604,579252656,,,0,,,orig
1-Insertions_6,607,6337,1-Insertions_6_02,300,,1795.83,1800.44,132191184,,,0,,,heur
3-FullIns_3,80,346,3-FullIns_3_01,37,4560332427351,0.2,0.2,37108,0.176893,61729,1,,4,orig
random_instance007_graph001,91,273,random_instance007_graph001_01,29,795908695346840,1796.52,1800.2,68771200,365.260705,3708159,0,,,heur
hc-square-01,14,18,hc-square-01_01,6,574,0,0.01,31988,0.000313,26,1,,13,heur
queen6_6,36,290,queen6_6_02,5,2635,0.1,0.1,36084,0.082107,841,1,,12,orig
ph-05-04,165,256,ph-05-04_01,67,753738554891557952055688747206339,1796.33,1800.39,133428584,694.251808,45443928,0,,,orig
DSJC125.5,125,3891,DSJC125.5_02,9,537509,972.25,974.35,70208616,974.060775,94405,1,,10,heur
DSJC125.5,125,3891,DSJC125.5_02,9,537509,1023.47,1025.64,70348840,1025.351307,97315,1,,10,opt
ph-08-08,709,1222,ph-08-08_01,298,,9607.109,9628,1052286668,,,0,,,heur
queen6_6,36,290,queen6_6_01,5,2635,0.09,0.1,36084,0.081973,841,1,,12,orig
3-Insertions_3,56,110,3-Insertions_3_01,27,16999974125,0.02,0.03,34036,0.014064,13124,1,,5,orig
3-FullIns_3,80,346,3-FullIns_3_01,37,4560332427351,16.949999,16.99,1119920,16.920400,211602,1,,4,heur
queen8_12,96,1368,queen8_12_02,7,4558093,1103.1599,1105.4,67091196,1030.976575,273418,1,,10,heur
queen8_12,96,1368,queen8_12_02,7,4558093,1106.37,1108.93,67089000,1034.278320,271991,1,,10,opt
random_instance002_graph004,26,78,random_instance002_graph004_01,8,14355,0.01,0.02,33012,0.003741,608,1,,10,orig
DSJC125.9,125,6961,DSJC125.9_02,3,1250,6.5800004,6.59,595280,6.480987,912,1,,12,orig
3-FullIns_3,80,346,3-FullIns_3_01,37,4560332427351,0.55999994,0.57,74336,0.546843,41456,1,,4,opt
queen6_6,36,290,queen6_6_01,5,2635,0.049999997,0.06,35056,0.042331,750,1,,12,heur
queen6_6,36,290,queen6_6_02,5,2635,0.049999997,0.06,35060,0.042312,750,1,,12,heur
queen6_6,36,290,queen6_6_02,5,2635,0.060000002,0.06,35064,0.042510,750,1,,12,opt
queen6_6,36,290,queen6_6_01,5,2635,0.060000002,0.06,34040,0.042287,750,1,,12,opt
3-Insertions_3,56,110,3-Insertions_3_01,27,16999974125,0.03,0.03,34036,0.014666,5841,1,,5,opt
random_instance002_graph004,26,78,random_instance002_graph004_01,8,14355,0.02,0.02,33012,0.003690,341,1,,10,heur
random_instance006_graph005,78,234,random_instance006_graph005_01,25,6110607164382,1796.2899,1800.22,71739108,814.360994,26572315,0,,,orig
3-Insertions_3,56,110,3-Insertions_3_01,27,16999974125,0.01,0.02,33012,0.010991,5090,1,,5,heur
random_instance002_graph004,26,78,random_instance002_graph004_01,8,14355,0.01,0.02,33012,0.003697,341,1,,10,opt
LGC_exp_instance009,549,639,LGC_exp_instance009_01,270,,1796.14,1800.44,146003464,,,0,,,orig
DSJC125.9,125,6961,DSJC125.9_02,3,1250,6.66,6.68,599496,6.599390,888,1,,12,opt
DSJC125.9,125,6961,DSJC125.9_02,3,1250,6.61,6.63,595896,6.555217,888,1,,12,heur
random_instance002_graph003,26,78,random_instance002_graph003_01,8,14046,0.01,0.02,33012,0.003151,321,1,,9,opt
random_instance002_graph005,26,78,random_instance002_graph005_01,7,11926,0.01,0.02,33012,0.005229,1095,1,,9,orig
ph-08-07,621,1042,ph-08-07_01,262,,9584.1,9605,589719660,,,0,,,orig
random_instance002_graph003,26,78,random_instance002_graph003_01,8,14046,0.01,0.02,31988,0.004647,658,1,,9,orig
random_instance002_graph003,26,78,random_instance002_graph003_01,8,14046,0.02,0.02,33012,0.003152,321,1,,9,heur
4-Insertions_4,475,1795,4-Insertions_4_01,236,,19191.51,19230,1077409216,,,0,,,orig
random_instance002_graph002,26,78,random_instance002_graph002_01,7,12722,0.02,0.03,33012,0.006369,616,1,,9,orig
grid010x010,100,180,grid010x010_03_6844,49,2030049051145980050,0.04,0.05,34036,0.030713,5614,1,,2,orig
random_instance002_graph001,26,78,random_instance002_graph001_01,8,13630,0.01,0.02,33012,0.002800,476,1,,8,orig
random_instance002_graph002,26,78,random_instance002_graph002_01,7,12722,0.02,0.02,33012,0.003103,352,1,,9,heur
4-Insertions_4,475,1795,4-Insertions_4_02,236,,9591.35,9610,544864844,,,0,,,orig
grid010x010,100,180,grid010x010_02_0495,49,2030049051145980050,0.04,0.05,34032,0.030978,5614,1,,2,orig
ph-08-07,621,1042,ph-08-07_01,262,,9605.7295,9626,1063307724,,,0,,,heur
miles1000,128,3216,miles1000_02,7,2500822,39.02,39.12,4262912,35.992422,59247,1,,7,orig
random_instance002_graph005,26,78,random_instance002_graph005_01,7,11926,0.01,0.02,33012,0.002866,254,1,,9,heur
random_instance002_graph005,26,78,random_instance002_graph005_01,7,11926,0.02,0.02,33012,0.002855,254,1,,9,opt
random_instance002_graph002,26,78,random_instance002_graph002_01,7,12722,0.02,0.02,31984,0.003109,352,1,,9,opt
miles750,128,2113,miles750_01,12,245547105,148.34001,148.67,16581064,148.386775,507692,1,,6,orig
1-Insertions_4,67,232,1-Insertions_4_01,32,232007606571,6.2999997,6.32,305560,6.123946,761556,1,,3,orig
grid010x010,100,180,grid010x010_03_6844,49,2030049051145980050,0.04,0.04,34036,0.021168,4486,1,,2,heur
grid010x010,100,180,grid010x010_02_0495,49,2030049051145980050,0.04,0.04,34036,0.021080,4486,1,,2,heur
2-Insertions_3,37,72,2-Insertions_3_02,17,6031508,0.01,0.01,31988,0.003874,2498,1,,5,orig
grid010x010,100,180,grid010x010_03_6844,49,2030049051145980050,0.04,0.04,34040,0.021015,4486,1,,2,opt
sp001,13,66,sp001_01,2,26,0,0.01,31988,0.000973,23,1,,11,orig
4-Insertions_4,475,1795,4-Insertions_4_02,236,,9589.99,9609,559026644,,,0,,,heur
grid010x010,100,180,grid010x010_02_0495,49,2030049051145980050,0.04,0.04,34036,0.021018,4486,1,,2,opt
4-Insertions_4,475,1795,4-Insertions_4_01,236,,19190.67,19228,1066209736,,,0,,,heur
2-Insertions_3,37,72,2-Insertions_3_01,17,6031508,0.01,0.02,33012,0.003886,2498,1,,5,orig
random_instance002_graph001,26,78,random_instance002_graph001_01,8,13630,0.01,0.01,33012,0.002353,186,1,,8,opt
4-FullIns_3,114,541,4-FullIns_3_01,55,767186184427266378,3.6000001,3.62,284796,3.496924,491999,1,,1,orig
1-Insertions_4,67,232,1-Insertions_4_01,32,232007606571,10.450001,10.48,573836,10.373061,310776,1,,3,heur
ash331GPIA,662,4181,ash331GPIA_01,228,,1796.42,1800.41,139254696,,,0,,,orig
random_instance002_graph001,26,78,random_instance002_graph001_01,8,13630,0.01,0.01,31988,0.002351,186,1,,8,heur
grid004x004,16,24,grid004x004_04,6,1234,0,0.01,31988,0.000474,48,1,,8,orig
ash331GPIA,662,4181,ash331GPIA_02,228,,1796.4299,1800.41,139191844,,,0,,,orig
miles750,128,2113,miles750_01,12,245547105,0.53999996,0.55,73608,0.527179,1501,1,,6,opt
miles750,128,2113,miles750_01,12,245547105,2.5600002,2.57,272928,2.536283,10322,1,,6,heur
sp001,13,66,sp001_01,2,26,0,0.01,33016,0.000989,22,1,,11,heur
1-Insertions_4,67,232,1-Insertions_4_01,32,232007606571,0.37,0.38,70428,0.365989,20258,1,,3,opt
ash331GPIA,662,4181,ash331GPIA_01,228,,1796.8201,1800.39,132473720,,,0,,,heur
2-Insertions_3,37,72,2-Insertions_3_02,17,6031508,0,0.01,31984,0.003684,1178,1,,5,heur
sp001,13,66,sp001_01,2,26,0.01,0.01,31988,0.000990,22,1,,11,opt
ash331GPIA,662,4181,ash331GPIA_02,228,,1796.8201,1800.39,132474340,,,0,,,heur
2-Insertions_3,37,72,2-Insertions_3_01,17,6031508,0.01,0.02,31988,0.003668,1178,1,,5,heur
2-Insertions_3,37,72,2-Insertions_3_01,17,6031508,0.01,0.02,31760,0.004266,1128,1,,5,opt
miles1000,128,3216,miles1000_01,8,2500822,35.97,36.05,4245560,35.919500,59247,1,,6,orig
2-Insertions_3,37,72,2-Insertions_3_02,17,6031508,0.01,0.02,31988,0.004204,1128,1,,5,opt
miles1000,128,3216,miles1000_02,7,2500822,1.25,1.26,152620,1.138551,688,1,,7,opt
4-FullIns_3,114,541,4-FullIns_3_01,55,767186184427266378,6881.6997,6895,297155336,6891.842638,8867288,1,,1,heur
miles1000,128,3216,miles1000_02,7,2500822,1.2299999,1.24,153796,1.129753,690,1,,7,heur
grid004x004,16,24,grid004x004_04,6,1234,0,0.01,31992,0.000508,43,1,,8,opt
random_instance008_graph003,104,312,random_instance008_graph003_01,36,86776122135880556,1796.79,1800.22,72848692,1750.233454,33605458,0,,,heur
4-FullIns_3,114,541,4-FullIns_3_01,55,767186184427266378,2.88,2.89,281144,2.817333,255177,1,,1,opt
grid004x004,16,24,grid004x004_04,6,1234,0,0.01,33012,0.000444,43,1,,8,heur
grid004x004,16,24,grid004x004_03,6,1234,0,0.01,31988,0.000457,48,1,,7,orig
3-FullIns_4,405,3524,3-FullIns_4_02,197,,1796.62,1800.42,139500872,,,0,,,orig
3-FullIns_4,405,3524,3-FullIns_4_01,198,,1796.66,1800.41,139927484,,,0,,,orig
ph-07-07,495,839,ph-07-07_01,205,,9585.13,9606,610664620,,,0,,,orig
miles1000,128,3216,miles1000_01,8,2500822,1.1600001,1.17,153204,1.135695,690,1,,6,heur
LGC_exp_instance001,13,15,LGC_exp_instance001_01,6,475,0,0.01,31988,0.000267,23,1,,7,orig
DSJR500.1c,500,121275,DSJR500.1c_02,12,94552,1473.89,1477.06,140428340,1475.896296,4948,1,,4,orig
myciel6,95,755,myciel6_01,46,1079054920080607,62.920002,63.07,4623884,61.905486,3821400,1,,1,orig
myciel6,95,755,myciel6_02,46,1079054920080607,62.510002,62.65,4622860,61.490524,3821400,1,,1,orig
queen5_5,25,160,queen5_5_02,4,462,0.02,0.02,33016,0.008442,193,1,,7,orig
miles1000,128,3216,miles1000_01,8,2500822,1.17,1.18,153508,1.141745,688,1,,6,opt
queen5_5,25,160,queen5_5_01,4,462,0.02,0.02,33012,0.008361,193,1,,7,orig
1-FullIns_4,93,593,1-FullIns_4_01,45,343142930930159,30.89,30.96,1225780,30.359912,2015949,1,,1,orig
grid004x004,16,24,grid004x004_03,6,1234,0.01,0.01,33012,0.000448,43,1,,7,heur
ph-07-07,495,839,ph-07-07_01,205,,9605.15,9626,1060203684,,,0,,,heur
3-FullIns_4,405,3524,3-FullIns_4_01,198,,1796.61,1800.4,135947560,,,0,,,heur
grid004x004,16,24,grid004x004_03,6,1234,0,0.01,31988,0.000448,43,1,,7,opt
3-FullIns_4,405,3524,3-FullIns_4_02,197,,1796.59,1800.41,137426172,,,0,,,heur
DSJR500.1c,500,121275,DSJR500.1c_02,12,94552,1227.53,1230.27,137895076,1229.116011,4653,1,,4,opt
LGC_exp_instance001,13,15,LGC_exp_instance001_01,6,475,0.01,0.01,33016,0.000266,22,1,,7,opt
DSJR500.1c,500,121275,DSJR500.1c_02,12,94552,1228.22,1230.9,137896732,1229.744490,4653,1,,4,heur
will199GPIA,701,6772,will199GPIA_01,190,,1796.61,1800.23,73930540,,,0,,,heur
LGC_exp_instance001,13,15,LGC_exp_instance001_01,6,475,0,0.01,33012,0.000257,22,1,,7,heur
1-FullIns_3,30,100,1-FullIns_3_02,13,83039,0,0.01,31988,0.003477,664,1,,4,orig
will199GPIA,701,6772,will199GPIA_02,189,,1796.59,1800.24,73951760,,,0,,,heur
myciel6,95,755,myciel6_01,46,1079054920080607,20.58,20.63,1114684,20.593791,65932,1,,1,heur
queen5_5,25,160,queen5_5_01,4,462,0.02,0.02,31992,0.006573,186,1,,7,heur
myciel6,95,755,myciel6_02,46,1079054920080607,20.5,20.56,1113984,20.517537,65932,1,,1,heur
queen5_5,25,160,queen5_5_02,4,462,0.02,0.02,31988,0.006596,187,1,,7,opt
myciel6,95,755,myciel6_01,46,1079054920080607,23.789999,23.86,1132084,23.820108,60229,1,,1,opt
myciel6,95,755,myciel6_02,46,1079054920080607,23.75,23.82,1132800,23.780170,60229,1,,1,opt
queen5_5,25,160,queen5_5_02,4,462,0.01,0.02,33012,0.006585,186,1,,7,heur
queen5_5,25,160,queen5_5_01,4,462,0.01,0.02,31988,0.006580,187,1,,7,opt
wap02a,2464,111742,wap02a_01,170,,1796.54,1800.7,139691412,,,0,,,heur
wap02a,2464,111742,wap02a_02,169,,1796.6001,1800.7,139729552,,,0,,,heur
1-FullIns_4,93,593,1-FullIns_4_01,45,343142930930159,136.7,136.98,8572560,136.820223,395153,1,,1,opt
1-FullIns_4,93,593,1-FullIns_4_01,45,343142930930159,62.49,62.63,4283404,62.352089,793894,1,,1,heur
2-FullIns_3,52,201,2-FullIns_3_01,24,209515460,0.02,0.03,34036,0.019822,7040,1,,2,orig
2-FullIns_3,52,201,2-FullIns_3_02,24,209515460,0.03,0.03,34036,0.019765,7040,1,,2,orig
DSJC250.9,250,27897,DSJC250.9_01,4,6556,325.2,325.91,34971884,325.619325,4319,1,,5,orig
random_instance001_graph004,13,39,random_instance001_graph004_01,4,94,0,0.01,31988,0.000658,40,1,,6,orig
ph-07-06,425,699,ph-07-06_01,177,,9580.391,9607,588804792,,,0,,,orig
miles1500,128,5198,miles1500_02,4,14030,5.0099998,5.02,558676,4.945802,2334,1,,5,orig
DSJC250.9,250,27897,DSJC250.9_02,4,6556,324.46,325.14,35050200,324.852823,4319,1,,5,orig
1-FullIns_3,30,100,1-FullIns_3_02,13,83039,0,0.01,31988,0.003525,333,1,,4,heur
1-FullIns_3,30,100,1-FullIns_3_02,13,83039,0.01,0.01,31988,0.004267,546,1,,4,opt
random_instance001_graph004,13,39,random_instance001_graph004_01,4,94,0,0.01,33012,0.000609,32,1,,6,heur
ph-07-06,425,699,ph-07-06_01,177,,9548.91,9610,671834560,,,0,,,heur
random_instance001_graph004,13,39,random_instance001_graph004_01,4,94,0.01,0.01,33012,0.000815,32,1,,6,opt
2-FullIns_3,52,201,2-FullIns_3_02,24,209515460,0.07,0.07,33012,0.060555,7572,1,,2,heur
2-FullIns_3,52,201,2-FullIns_3_01,24,209515460,0.02,0.03,33012,0.022158,4914,1,,2,opt
random_instance039_graph001,507,1521,random_instance039_graph001_01,161,,1796.48,1800.42,137723412,,,0,,,heur
2-FullIns_3,52,201,2-FullIns_3_01,24,209515460,0.07,0.07,33012,0.059735,7572,1,,2,heur
random_instance038_graph003,494,1482,random_instance038_graph003_01,163,,1796.4,1800.42,138184268,,,0,,,heur
2-FullIns_3,52,201,2-FullIns_3_02,24,209515460,0.03,0.03,33016,0.022314,4914,1,,2,opt
random_instance038_graph004,494,1482,random_instance038_graph004_01,162,,1796.62,1800.4,129711704,,,0,,,heur
wap08a,1870,104176,wap08a_02,149,,1796.53,1800.64,142661232,,,0,,,heur
DSJC250.9,250,27897,DSJC250.9_01,4,6556,329.44,330.15,34930408,329.859890,4295,1,,5,heur
wap08a,1870,104176,wap08a_01,150,,1796.4401,1800.6,142682572,,,0,,,heur
random_instance038_graph005,494,1482,random_instance038_graph005_01,156,,1796.58,1800.42,138829664,,,0,,,heur
miles1500,128,5198,miles1500_02,4,14030,2.05,2.06,273392,2.016099,310,1,,5,heur
wap01a,2368,110871,wap01a_01,152,,1796.59,1800.72,139621892,,,0,,,heur
random_instance038_graph001,494,1482,random_instance038_graph001_01,155,,1796.5,1800.42,138990360,,,0,,,heur
DSJC250.9,250,27897,DSJC250.9_02,4,6556,329.49,330.18,35018580,329.890300,4295,1,,5,heur
DSJC250.9,250,27897,DSJC250.9_01,4,6556,325.63,326.29,34930444,326.024911,4295,1,,5,opt
random_instance037_graph004,481,1443,random_instance037_graph004_01,155,,1796.54,1800.41,136218344,,,0,,,heur
miles1500,128,5198,miles1500_02,4,14030,2.04,2.05,274136,2.006393,310,1,,5,opt
DSJC250.9,250,27897,DSJC250.9_02,4,6556,326.84003,327.51,35018652,327.250182,4295,1,,5,opt
wap01a,2368,110871,wap01a_02,151,,1796.41,1800.58,140295092,,,0,,,heur
random_instance037_graph002,481,1443,random_instance037_graph002_01,150,,1796.7101,1800.41,137403168,,,0,,,heur
3-Insertions_4,281,1046,3-Insertions_4_01,139,,1796.77,1800.4,137378876,,,0,,,orig
random_instance036_graph004,468,1404,random_instance036_graph004_01,152,,1796.37,1800.43,143848492,,,0,,,heur
random_instance037_graph005,481,1443,random_instance037_graph005_01,154,,1796.58,1800.42,140085644,,,0,,,heur
random_instance037_graph003,481,1443,random_instance037_graph003_01,160,,1796.67,1800.4,135979012,,,0,,,heur
3-Insertions_4,281,1046,3-Insertions_4_02,138,,1796.73,1800.4,137489912,,,0,,,orig
random_instance034_graph004,442,1326,random_instance034_graph004_01,148,,1796.3501,1800.44,143973016,,,0,,,heur
random_instance036_graph005,468,1404,random_instance036_graph005_01,148,,1796.51,1800.41,136465884,,,0,,,heur
random_instance035_graph005,455,1365,random_instance035_graph005_01,146,,1796.46,1800.43,139486784,,,0,,,heur
1-FullIns_5,282,3247,1-FullIns_5_01,139,,1796.65,1800.43,144078976,,,0,,,orig
1-FullIns_5,282,3247,1-FullIns_5_02,138,,1796.6299,1800.43,144472452,,,0,,,orig
random_instance001_graph001,13,39,random_instance001_graph001_01,3,125,0.01,0.01,33012,0.000632,39,1,,4,orig
random_instance035_graph004,455,1365,random_instance035_graph004_01,142,,1796.48,1800.41,137287704,,,0,,,heur
random_instance001_graph005,13,39,random_instance001_graph005_01,3,105,0.01,0.01,33012,0.000648,50,1,,4,orig
random_instance034_graph003,442,1326,random_instance034_graph003_01,142,,1796.47,1800.41,135673060,,,0,,,heur
miles1500,128,5198,miles1500_01,5,14030,4.96,4.98,554948,4.935393,2334,1,,3,orig
random_instance001_graph002,13,39,random_instance001_graph002_01,3,93,0,0.01,31992,0.000671,38,1,,4,orig
hc-toyyes-01,7,7,hc-toyyes-01_01,3,31,0.01,0.01,33016,0.000105,10,1,,4,orig
myciel5,47,236,myciel5_01,22,39473983,0.1,0.11,35056,0.094194,18724,1,,1,orig
myciel5,47,236,myciel5_02,22,39473983,0.1,0.11,36080,0.093536,18724,1,,1,orig
random_instance034_graph002,442,1326,random_instance034_graph002_01,139,,1796.3,1800.41,136432452,,,0,,,heur
random_instance035_graph003,455,1365,random_instance035_graph003_01,139,,1796.5099,1800.41,136908436,,,0,,,heur
random_instance034_graph005,442,1326,random_instance034_graph005_01,139,,1796.53,1800.42,140390676,,,0,,,heur
3-Insertions_4,281,1046,3-Insertions_4_01,139,,1796.59,1800.39,133841144,,,0,,,heur
random_instance034_graph001,442,1326,random_instance034_graph001_01,138,,1796.5299,1800.42,140101564,,,0,,,heur
random_instance031_graph004,403,1209,random_instance031_graph004_01,134,,1796.66,1800.4,134878840,,,0,,,heur
wap07a,1809,103368,wap07a_01,138,,1796.6599,1800.62,140009668,,,0,,,heur
wap07a,1809,103368,wap07a_02,137,,1796.52,1800.57,139989492,,,0,,,heur
3-Insertions_4,281,1046,3-Insertions_4_02,138,,1796.59,1800.39,133944068,,,0,,,heur
random_instance031_graph003,403,1209,random_instance031_graph003_01,134,,1796.73,1800.41,137239192,,,0,,,heur
random_instance001_graph001,13,39,random_instance001_graph001_01,3,125,0,0.01,33008,0.000614,25,1,,4,heur
1-FullIns_5,282,3247,1-FullIns_5_01,139,,1796.2101,1800.27,85702968,,,0,,,heur
1-FullIns_5,282,3247,1-FullIns_5_02,138,,1796.1,1800.23,71879572,,,0,,,heur
random_instance001_graph002,13,39,random_instance001_graph002_01,3,93,0,0.01,31988,0.000663,28,1,,4,heur
ph-06-06,329,546,ph-06-06_01,134,,9589.14,9608,559583008,,,0,,,orig
random_instance001_graph001,13,39,random_instance001_graph001_01,3,125,0.01,0.01,33012,0.000610,25,1,,4,opt
random_instance001_graph005,13,39,random_instance001_graph005_01,3,105,0,0.01,31988,0.000629,26,1,,4,heur
random_instance001_graph002,13,39,random_instance001_graph002_01,3,93,0.01,0.01,33012,0.000616,27,1,,4,opt
random_instance001_graph005,13,39,random_instance001_graph005_01,3,105,0,0.01,33012,0.000640,26,1,,4,opt
DSJR500.1c,500,121275,DSJR500.1c_01,13,94552,1471.3201,1474.54,140541336,1473.377226,4948,1,,1,orig
random_instance032_graph001,416,1248,random_instance032_graph001_01,131,,1796.73,1800.39,132173136,,,0,,,heur
myciel3,11,20,myciel3_01,4,103,0.01,0.01,31988,0.000335,48,1,,3,orig
random_instance029_graph002,377,1131,random_instance029_graph002_01,125,,1796.6201,1800.42,140451176,,,0,,,heur
random_instance031_graph005,403,1209,random_instance031_graph005_01,129,,1796.7899,1800.4,133909004,,,0,,,heur
myciel3,11,20,myciel3_02,4,103,0.01,0.01,31988,0.000329,48,1,,3,orig
random_instance001_graph003,13,39,random_instance001_graph003_01,3,94,0.01,0.01,33008,0.000643,38,1,,3,orig
random_instance029_graph004,377,1131,random_instance029_graph004_01,125,,1796.63,1800.41,136172840,,,0,,,heur
miles1500,128,5198,miles1500_01,5,14030,2.04,2.05,274012,2.016331,310,1,,3,heur
hc-toyyes-01,7,7,hc-toyyes-01_01,3,31,0,0.01,31992,0.000104,8,1,,4,heur
random_instance030_graph004,390,1170,random_instance030_graph004_01,124,,1796.63,1800.4,134605080,,,0,,,heur
miles1500,128,5198,miles1500_01,5,14030,2.03,2.05,273228,2.008257,310,1,,3,opt
myciel5,47,236,myciel5_02,22,39473983,0.04,0.05,33012,0.035295,1869,1,,1,heur
myciel5,47,236,myciel5_01,22,39473983,0.04,0.05,34036,0.035279,1869,1,,1,heur
myciel5,47,236,myciel5_01,22,39473983,0.04,0.05,34036,0.035450,1869,1,,1,opt
hc-toyyes-01,7,7,hc-toyyes-01_01,3,31,0,0.01,33012,0.000106,8,1,,4,opt
myciel5,47,236,myciel5_02,22,39473983,0.04,0.05,33012,0.035558,1869,1,,1,opt
SAT_exp_instance020,330,590,SAT_exp_instance020_01,120,,9591.221,9609,536680816,,,0,,,orig
grid004x004,16,24,grid004x004_02,7,1234,0,0.01,33012,0.000445,48,1,,2,orig
random_instance028_graph002,364,1092,random_instance028_graph002_01,120,,1796.5901,1800.42,137297820,,,0,,,heur
grid004x004,16,24,grid004x004_05,7,1234,0,0.01,33012,0.000449,48,1,,2,orig
grid004x004,16,24,grid004x004_01,7,1234,0,0.01,33016,0.000452,48,1,,2,orig
random_instance028_graph005,364,1092,random_instance028_graph005_01,119,,1796.74,1800.39,133287256,,,0,,,heur
1-FullIns_3,30,100,1-FullIns_3_01,14,83039,0.01,0.01,31984,0.003457,664,1,,1,orig
random_instance028_graph004,364,1092,random_instance028_graph004_01,118,,1796.71,1800.4,134864148,,,0,,,heur
random_instance029_graph005,377,1131,random_instance029_graph005_01,116,,1796.6901,1800.41,137728008,,,0,,,heur
SAT_exp_instance002,6,5,SAT_exp_instance002_01,3,21,0,0.01,33012,0.000085,8,1,,3,orig
random_instance028_graph003,364,1092,random_instance028_graph003_01,116,,1796.6699,1800.42,139962368,,,0,,,heur
random_instance025_graph005,325,975,random_instance025_graph005_01,105,,9583.82,9603,562591948,,,0,,,orig
queen090x090,8100,1198830,queen090x090_03_9570,89,,1797.15,1801.08,136078900,,,0,,,heur
queen090x090,8100,1198830,queen090x090_04_1188,89,,1797.14,1801.08,136065740,,,0,,,heur
queen090x090,8100,1198830,queen090x090_01_8978,89,,1797.13,1801.07,136049368,,,0,,,heur
DSJR500.1c,500,121275,DSJR500.1c_01,13,94552,1229.91,1232.59,137670164,1231.452335,4653,1,,1,heur
random_instance001_graph003,13,39,random_instance001_graph003_01,3,94,0.01,0.01,33012,0.000636,34,1,,3,heur
random_instance028_graph001,364,1092,random_instance028_graph001_01,117,,1796.8201,1800.39,132677540,,,0,,,heur
queen090x090,8100,1198830,queen090x090_02_0808,89,,1797.01,1801.01,136192588,,,0,,,heur
random_instance027_graph003,351,1053,random_instance027_graph003_01,114,,1796.85,1800.39,132989228,,,0,,,heur
myciel3,11,20,myciel3_01,4,103,0,0.01,31988,0.000348,29,1,,3,heur
myciel4,23,71,myciel4_02,10,7407,0.01,0.01,33008,0.002596,593,1,,1,orig
random_instance001_graph003,13,39,random_instance001_graph003_01,3,94,0.01,0.01,31988,0.000656,34,1,,3,opt
DSJR500.1c,500,121275,DSJR500.1c_01,13,94552,1227.8301,1230.4,137670248,1229.303251,4653,1,,1,opt
myciel3,11,20,myciel3_02,4,103,0,0.01,33012,0.000324,29,1,,3,heur
myciel3,11,20,myciel3_01,4,103,0,0.01,31840,0.000329,29,1,,3,opt
myciel4,23,71,myciel4_01,10,7407,0.01,0.01,31988,0.002604,593,1,,1,orig
random_instance026_graph001,338,1014,random_instance026_graph001_01,110,,1796.6599,1800.41,137209704,,,0,,,heur
2-FullIns_4,212,1621,2-FullIns_4_01,104,,1796.7101,1800.41,138667980,,,0,,,orig
2-FullIns_4,212,1621,2-FullIns_4_02,104,,1796.6799,1800.41,138667980,,,0,,,orig
myciel3,11,20,myciel3_02,4,103,0.01,0.01,33012,0.000322,29,1,,3,opt
myciel7,191,2360,myciel7_01,94,,1796.16,1800.43,143492868,,,0,,,orig
ph-06-05,275,441,ph-06-05_01,113,,9590.15,9609,577124668,,,0,,,orig
myciel7,191,2360,myciel7_02,94,,1796.12,1800.43,143327412,,,0,,,orig
1-Insertions_5,202,1227,1-Insertions_5_01,99,,1796.73,1800.42,141447228,,,0,,,orig
1-Insertions_5,202,1227,1-Insertions_5_02,98,,1796.75,1800.42,141141728,,,0,,,orig
random_instance025_graph002,325,975,random_instance025_graph002_01,105,,1796.64,1800.39,132521412,,,0,,,heur
SAT_exp_instance002,6,5,SAT_exp_instance002_01,3,21,0.01,0.01,33012,0.000193,6,1,,3,opt
SAT_exp_instance002,6,5,SAT_exp_instance002_01,3,21,0,0.01,33012,0.000084,6,1,,3,heur
random_instance023_graph003,299,897,random_instance023_graph003_01,96,,9583.05,9603,560707156,,,0,,,orig
grid004x004,16,24,grid004x004_02,7,1234,0,0.01,33012,0.000469,43,1,,2,heur
grid004x004,16,24,grid004x004_05,7,1234,0.01,0.01,33012,0.000440,43,1,,2,heur
grid004x004,16,24,grid004x004_01,7,1234,0,0.01,31992,0.000465,43,1,,2,heur
random_instance025_graph004,325,975,random_instance025_graph004_01,106,,1796.68,1800.4,135416792,,,0,,,heur
grid004x004,16,24,grid004x004_05,7,1234,0,0.01,33016,0.000452,43,1,,2,opt
random_instance025_graph005,325,975,random_instance025_graph005_01,105,,9583.12,9603,558881984,,,0,,,heur
grid004x004,16,24,grid004x004_02,7,1234,0.01,0.01,33016,0.000440,43,1,,2,opt
grid004x004,16,24,grid004x004_01,7,1234,0,0.01,33012,0.000452,43,1,,2,opt
1-FullIns_3,30,100,1-FullIns_3_01,14,83039,0.01,0.01,31992,0.003533,333,1,,1,heur
random_instance024_graph005,312,936,random_instance024_graph005_01,104,,1796.6,1800.41,137144060,,,0,,,heur
1-FullIns_3,30,100,1-FullIns_3_01,14,83039,0.01,0.02,31988,0.004345,546,1,,1,opt
random_instance025_graph001,325,975,random_instance025_graph001_01,106,,1796.6499,1800.22,74033524,,,0,,,heur
le450_25a,450,8260,le450_25a_01,91,,1796.3999,1800.48,144566636,,,0,,,orig
random_instance025_graph003,325,975,random_instance025_graph003_01,104,,1796.5901,1800.42,140313576,,,0,,,heur
random_instance024_graph002,312,936,random_instance024_graph002_01,102,,1796.59,1800.4,135292024,,,0,,,heur
queen080x080,6400,840560,queen080x080_03_0355,79,,1797.2999,1801.12,139558600,,,0,,,heur
queen080x080,6400,840560,queen080x080_01_0297,79,,1797.08,1801.05,139578472,,,0,,,heur
queen080x080,6400,840560,queen080x080_02_2368,79,,1797.23,1801.08,139564492,,,0,,,heur
le450_25a,450,8260,le450_25a_02,90,,1796.41,1800.45,144532184,,,0,,,orig
le450_5b,450,5734,le450_5b_01,89,,9592.2,9610,562996600,,,0,,,orig
queen080x080,6400,840560,queen080x080_04_4954,79,,1797.27,1801.07,139462084,,,0,,,heur
le450_5a,450,5714,le450_5a_01,89,,9592.8,9610,566403460,,,0,,,orig
le450_5a,450,5714,le450_5a_02,89,,9592.72,9610,566403488,,,0,,,orig
le450_5b,450,5734,le450_5b_02,89,,9590.859,9608,562995948,,,0,,,orig
SAT_exp_instance018,270,477,SAT_exp_instance018_01,99,,9590.86,9609,556223956,,,0,,,orig
le450_5d,450,9757,le450_5d_02,89,,1796.37,1800.48,143771108,,,0,,,orig
DSJC125.9,125,6961,DSJC125.9_01,4,1250,6.53,6.54,594776,6.495504,912,1,,1,orig
random_instance023_graph004,299,897,random_instance023_graph004_01,101,,1796.6,1800.41,136516812,,,0,,,heur
random_instance024_graph003,312,936,random_instance024_graph003_01,99,,1796.8301,1800.4,135398768,,,0,,,heur
le450_5d,450,9757,le450_5d_01,89,,1796.3501,1800.48,143771108,,,0,,,orig
le450_5c,450,9803,le450_5c_02,89,,1796.34,1800.48,143968328,,,0,,,orig
SAT_exp_instance018,270,477,SAT_exp_instance018_01,99,,1796.55,1800.22,74136360,,,0,,,orig
random_instance024_graph004,312,936,random_instance024_graph004_01,101,,1796.6699,1800.4,135343428,,,0,,,heur
le450_5c,450,9803,le450_5c_01,89,,1796.34,1800.48,143999760,,,0,,,orig
random_instance024_graph001,312,936,random_instance024_graph001_01,97,,1796.67,1800.41,137954812,,,0,,,heur
random_instance023_graph001,299,897,random_instance023_graph001_01,97,,1796.89,1800.4,136002836,,,0,,,heur
2-FullIns_4,212,1621,2-FullIns_4_01,104,,1796.58,1800.21,72852956,,,0,,,heur
1-Insertions_5,202,1227,1-Insertions_5_01,99,,1796.45,1800.4,134404000,,,0,,,heur
myciel7,191,2360,myciel7_01,94,,1796.38,1800.26,116608352,,,0,,,heur
2-FullIns_4,212,1621,2-FullIns_4_02,104,,1796.5901,1800.22,72852948,,,0,,,heur
random_instance022_graph001,286,858,random_instance022_graph001_01,96,,1796.8099,1800.4,136701108,,,0,,,heur
random_instance022_graph005,286,858,random_instance022_graph005_01,97,,1796.8899,1800.4,135701060,,,0,,,heur
myciel4,23,71,myciel4_01,10,7407,0,0.01,33012,0.001927,198,1,,1,heur
myciel4,23,71,myciel4_02,10,7407,0,0.01,33012,0.001934,198,1,,1,heur
1-Insertions_5,202,1227,1-Insertions_5_02,98,,1796.36,1800.4,134433012,,,0,,,heur
myciel7,191,2360,myciel7_02,94,,1796.39,1800.3,116608348,,,0,,,heur
myciel4,23,71,myciel4_02,10,7407,0,0.01,33016,0.002023,192,1,,1,opt
DSJR500.1,500,3555,DSJR500.1_01,82,,1796.83,1800.49,144223816,,,0,,,orig
myciel4,23,71,myciel4_01,10,7407,0,0.01,33012,0.002025,192,1,,1,opt
random_instance023_graph003,299,897,random_instance023_graph003_01,96,,9582.591,9602,551820712,,,0,,,heur
random_instance022_graph002,286,858,random_instance022_graph002_01,95,,1796.78,1800.4,135595680,,,0,,,heur
random_instance022_graph004,286,858,random_instance022_graph004_01,95,,1796.9401,1800.41,137933268,,,0,,,heur
DSJR500.1,500,3555,DSJR500.1_02,81,,1796.8301,1800.49,144223812,,,0,,,orig
hc-toyno-01,6,9,hc-toyno-01_01,2,15,0,0.01,30964,0.000136,8,1,,1,orig
le450_15b,450,8169,le450_15b_01,78,,9590.98,9609,563962660,,,0,,,orig
le450_25b,450,8263,le450_25b_01,78,,1796.3099,1800.48,145666136,,,0,,,orig
le450_25a,450,8260,le450_25a_02,90,,1796.72,1800.4,134697120,,,0,,,heur
le450_25a,450,8260,le450_25a_01,91,,1796.63,1800.41,134597748,,,0,,,heur
le450_15b,450,8169,le450_15b_02,77,,9590.86,9609,563962660,,,0,,,orig
queen070x070,4900,561890,queen070x070_03_1545,69,,1797.08,1801,137554456,,,0,,,heur
queen070x070,4900,561890,queen070x070_02_8683,69,,1797.0599,1800.98,137575200,,,0,,,heur
queen070x070,4900,561890,queen070x070_01_1828,69,,1797.0901,1800.99,137576108,,,0,,,heur
random_instance021_graph003,273,819,random_instance021_graph003_01,88,,1796.8201,1800.41,140380712,,,0,,,heur
queen070x070,4900,561890,queen070x070_04_7426,69,,1797.1399,1800.89,137554732,,,0,,,heur
le450_15a,450,8168,le450_15a_01,75,,9591.22,9609,561560792,,,0,,,orig
random_instance022_graph003,286,858,random_instance022_graph003_01,89,,1796.8,1800.4,134616916,,,0,,,heur
le450_25b,450,8263,le450_25b_02,77,,1796.25,1800.48,144674404,,,0,,,orig
le450_5d,450,9757,le450_5d_02,89,,1796.35,1800.44,135034268,,,0,,,heur
le450_5c,450,9803,le450_5c_02,89,,1796.31,1800.46,136995796,,,0,,,heur
le450_15a,450,8168,le450_15a_02,74,,9591.0205,9609,562082692,,,0,,,orig
le450_5d,450,9757,le450_5d_01,89,,1796.38,1800.44,135034272,,,0,,,heur
le450_5a,450,5714,le450_5a_01,89,,9590.359,9609,549999136,,,0,,,heur
le450_5b,450,5734,le450_5b_01,89,,9588.6,9607,545295444,,,0,,,heur
le450_5c,450,9803,le450_5c_01,89,,1796.32,1800.45,136995796,,,0,,,heur
le450_5a,450,5714,le450_5a_02,89,,9589.18,9608,550195776,,,0,,,heur
le450_5b,450,5734,le450_5b_02,89,,9589.62,9609,544967276,,,0,,,heur
DSJC125.9,125,6961,DSJC125.9_01,4,1250,6.63,6.66,595900,6.608483,888,1,,1,heur
random_instance021_graph005,273,819,random_instance021_graph005_01,84,,1796.9199,1800.4,137599640,,,0,,,heur
DSJC125.9,125,6961,DSJC125.9_01,4,1250,6.59,6.61,595900,6.560420,888,1,,1,opt
wap06a,947,43571,wap06a_02,84,,1796.55,1800.54,139166108,,,0,,,heur
random_instance020_graph002,260,780,random_instance020_graph002_01,84,,1796.77,1800.4,134370828,,,0,,,heur
random_instance021_graph002,273,819,random_instance021_graph002_01,83,,1796.7999,1800.4,136657524,,,0,,,heur
wap06a,947,43571,wap06a_01,85,,1796.5299,1800.52,139066148,,,0,,,heur
2-Insertions_4,149,541,2-Insertions_4_02,73,,1796.64,1800.21,71407144,,,0,,,orig
DSJC1000.1,1000,49629,DSJC1000.1_01,66,,1796.84,1800.6,147972764,,,0,,,orig
random_instance019_graph002,247,741,random_instance019_graph002_01,83,,1796.74,1800.4,136849304,,,0,,,heur
2-Insertions_4,149,541,2-Insertions_4_01,73,,1796.64,1800.21,71407144,,,0,,,orig
random_instance020_graph003,260,780,random_instance020_graph003_01,82,,1796.84,1800.4,135236576,,,0,,,heur
DSJC1000.1,1000,49629,DSJC1000.1_02,66,,1796.88,1800.64,147972760,,,0,,,orig
random_instance020_graph005,260,780,random_instance020_graph005_01,81,,1796.91,1800.41,140684140,,,0,,,heur
DSJR500.1,500,3555,DSJR500.1_01,82,,1796.42,1800.41,138117672,,,0,,,heur
SAT_exp_instance016,216,376,SAT_exp_instance016_01,80,,1796.71,1800.4,139125472,,,0,,,orig
random_instance019_graph003,247,741,random_instance019_graph003_01,79,,1796.9,1800.4,136332944,,,0,,,heur
anna,138,493,anna_01,80,,1796.54,1800.39,133834052,,,0,,,orig
random_instance019_graph001,247,741,random_instance019_graph001_01,79,,1796.82,1800.39,133632676,,,0,,,heur
random_instance019_graph005,247,741,random_instance019_graph005_01,79,,1796.74,1800.4,135841188,,,0,,,heur
random_instance020_graph001,260,780,random_instance020_graph001_01,81,,1796.88,1800.39,133720248,,,0,,,heur
random_instance018_graph002,234,702,random_instance018_graph002_01,78,,1796.75,1800.4,136094944,,,0,,,heur
DSJR500.1,500,3555,DSJR500.1_02,81,,1796.3301,1800.41,137998844,,,0,,,heur
hc-toyno-01,6,9,hc-toyno-01_01,2,15,0,0.01,33012,0.000134,8,1,,1,heur
anna,138,493,anna_02,79,,1796.48,1800.39,133834052,,,0,,,orig
ph-05-05,205,331,ph-05-05_01,82,,1796.11,1800.41,139396276,,,0,,,orig
random_instance016_graph001,208,624,random_instance016_graph001_01,68,,9583.33,9603,553487044,,,0,,,orig
hc-toyno-01,6,9,hc-toyno-01_01,2,15,0,0.01,31988,0.000134,8,1,,1,opt
le450_25b,450,8263,le450_25b_01,78,,1796.62,1800.41,134137676,,,0,,,heur
queen060x060,3600,352820,queen060x060_03_1394,59,,1796.99,1800.85,137306100,,,0,,,heur
random_instance016_graph004,208,624,random_instance016_graph004_01,66,,9583.07,9603,557242908,,,0,,,orig
random_instance018_graph005,234,702,random_instance018_graph005_01,76,,1796.8501,1800.4,135888464,,,0,,,heur
queen060x060,3600,352820,queen060x060_01_8336,59,,1797.04,1800.88,137236916,,,0,,,heur
random_instance016_graph003,208,624,random_instance016_graph003_01,67,,9582.57,9603,556145260,,,0,,,orig
le450_15b,450,8169,le450_15b_01,78,,9590.42,9609,539035680,,,0,,,heur
queen060x060,3600,352820,queen060x060_04_3799,59,,1796.89,1800.74,137321884,,,0,,,heur
queen060x060,3600,352820,queen060x060_02_6710,59,,1796.9901,1800.78,137308656,,,0,,,heur
le450_15b,450,8169,le450_15b_02,77,,9590.68,9609,541394980,,,0,,,heur
le450_25b,450,8263,le450_25b_02,77,,1796.63,1800.41,134131492,,,0,,,heur
random_instance017_graph003,221,663,random_instance017_graph003_01,73,,1796.8099,1800.38,131600404,,,0,,,heur
qg.order60,3600,212400,qg.order60_02,59,,1797.1901,1800.98,146112256,,,0,,,heur
le450_15a,450,8168,le450_15a_01,75,,9589.26,9608,542360768,,,0,,,heur
random_instance018_graph003,234,702,random_instance018_graph003_01,74,,1796.94,1800.39,133598976,,,0,,,heur
qg.order60,3600,212400,qg.order60_01,59,,1797.29,1801.01,146129116,,,0,,,heur
le450_15a,450,8168,le450_15a_02,74,,9590.68,9609,542151728,,,0,,,heur
wap05a,905,43081,wap05a_01,79,,1796.5701,1800.5,138624416,,,0,,,heur
DSJC500.1,500,12458,DSJC500.1_01,57,,9591.71,9609,569462552,,,0,,,orig
random_instance016_graph005,208,624,random_instance016_graph005_01,72,,1796.9299,1800.4,135718660,,,0,,,heur
wap05a,905,43081,wap05a_02,78,,1796.5499,1800.51,138484704,,,0,,,heur
random_instance017_graph004,221,663,random_instance017_graph004_01,73,,1796.86,1800.39,132510440,,,0,,,heur
DSJC500.1,500,12458,DSJC500.1_02,56,,9591.65,9609,569578924,,,0,,,orig
random_instance015_graph002,195,585,random_instance015_graph002_01,61,,9582.87,9602,553611548,,,0,,,orig
random_instance017_graph005,221,663,random_instance017_graph005_01,70,,1796.9099,1800.4,135316068,,,0,,,heur
random_instance017_graph001,221,663,random_instance017_graph001_01,72,,1796.9701,1800.39,134069444,,,0,,,heur
DSJC1000.1,1000,49629,DSJC1000.1_01,66,,1796.61,1800.52,134725872,,,0,,,heur
2-Insertions_4,149,541,2-Insertions_4_01,73,,1796.6499,1800.21,71240356,,,0,,,heur
2-Insertions_4,149,541,2-Insertions_4_02,73,,1796.61,1800.21,71897500,,,0,,,heur
random_instance016_graph004,208,624,random_instance016_graph004_01,66,,9583.38,9603,563731492,,,0,,,heur
random_instance014_graph005,182,546,random_instance014_graph005_01,57,,9582.05,9601,535238532,,,0,,,orig
random_instance017_graph002,221,663,random_instance017_graph002_01,69,,1796.73,1800.22,73835500,,,0,,,heur
DSJC1000.1,1000,49629,DSJC1000.1_02,66,,1796.62,1800.51,134824200,,,0,,,heur
random_instance016_graph001,208,624,random_instance016_graph001_01,68,,9582.79,9603,554214852,,,0,,,heur
SAT_exp_instance014,168,287,SAT_exp_instance014_01,63,,9593.5205,9611,571823976,,,0,,,orig
5-FullIns_3,154,792,5-FullIns_3_02,71,,1796.61,1800.22,74170076,,,0,,,heur
random_instance016_graph003,208,624,random_instance016_graph003_01,67,,9582.52,9602,549622528,,,0,,,heur
5-FullIns_3,154,792,5-FullIns_3_01,72,,1796.59,1800.22,74170468,,,0,,,heur
SAT_exp_instance014,168,287,SAT_exp_instance014_01,63,,1796.7699,1800.4,136128092,,,0,,,orig
queen050x050,2500,203350,queen050x050_03_0562,49,,1796.77,1800.69,137176220,,,0,,,heur
le450_25c,450,17343,le450_25c_01,47,,9590.88,9609,566527348,,,0,,,orig
le450_25c,450,17343,le450_25c_02,46,,9592.16,9610,565565432,,,0,,,orig
queen050x050,2500,203350,queen050x050_04_9047,49,,1796.91,1800.76,137146452,,,0,,,heur
random_instance015_graph005,195,585,random_instance015_graph005_01,64,,1797.06,1800.38,128737812,,,0,,,heur
queen050x050,2500,203350,queen050x050_02_6166,49,,1796.76,1800.71,137175820,,,0,,,heur
queen050x050,2500,203350,queen050x050_01_6006,49,,1796.8,1800.77,137126868,,,0,,,heur
random_instance015_graph001,195,585,random_instance015_graph001_01,62,,1796.8999,1800.41,139786804,,,0,,,heur
random_instance015_graph003,195,585,random_instance015_graph003_01,61,,1797,1800.4,133183836,,,0,,,heur
random_instance014_graph002,182,546,random_instance014_graph002_01,59,,1796.87,1800.39,134531900,,,0,,,heur
le450_25d,450,17425,le450_25d_01,43,,9591,9609,565802128,,,0,,,orig
random_instance014_graph001,182,546,random_instance014_graph001_01,61,,1796.7101,1800.4,135555860,,,0,,,heur
random_instance015_graph002,195,585,random_instance015_graph002_01,61,,9583.659,9603,560649092,,,0,,,heur
DSJC500.1,500,12458,DSJC500.1_01,57,,9589.22,9608,541480736,,,0,,,heur
le450_15d,450,16750,le450_15d_01,40,,9590.69,9609,564100868,,,0,,,orig
random_instance013_graph003,169,507,random_instance013_graph003_01,49,,9582.8,9603,549990780,,,0,,,orig
le450_25d,450,17425,le450_25d_02,42,,9592.15,9610,564261696,,,0,,,orig
random_instance013_graph002,169,507,random_instance013_graph002_01,56,,1796.85,1800.39,133476520,,,0,,,heur
le450_15c,450,16680,le450_15c_01,41,,1796.27,1800.48,144213416,,,0,,,orig
random_instance014_graph005,182,546,random_instance014_graph005_01,57,,9582.97,9603,556658424,,,0,,,heur
DSJC250.1,250,3218,DSJC250.1_01,44,,1796.65,1800.46,143138588,,,0,,,orig
DSJC500.1,500,12458,DSJC500.1_02,56,,9590.439,9609,540981676,,,0,,,heur
le450_15d,450,16750,le450_15d_02,40,,9590.72,9609,564100868,,,0,,,orig
random_instance012_graph001,156,468,random_instance012_graph001_01,54,,1796.9099,1800.39,133427416,,,0,,,heur
random_instance013_graph001,169,507,random_instance013_graph001_01,53,,1796.84,1800.4,135352036,,,0,,,heur
le450_15c,450,16680,le450_15c_02,40,,1796.26,1800.48,144215276,,,0,,,orig
random_instance013_graph004,169,507,random_instance013_graph004_01,52,,1796.85,1800.21,70972180,,,0,,,heur
random_instance012_graph002,156,468,random_instance012_graph002_01,53,,1796.83,1800.22,74711656,,,0,,,heur
DSJC250.1,250,3218,DSJC250.1_02,43,,1796.6599,1800.46,143138588,,,0,,,orig
random_instance014_graph004,182,546,random_instance014_graph004_01,56,,1796.98,1800.4,137752396,,,0,,,heur
queen040x040,1600,103480,queen040x040_01_6291,39,,1796.86,1800.69,138206060,,,0,,,heur
queen040x040,1600,103480,queen040x040_02_9487,39,,1796.69,1800.6,138370688,,,0,,,heur
random_instance012_graph004,156,468,random_instance012_graph004_01,47,,1796.91,1800.39,133327880,,,0,,,heur
queen040x040,1600,103480,queen040x040_03_7037,39,,1796.74,1800.64,138206392,,,0,,,heur
queen040x040,1600,103480,queen040x040_04_8369,39,,1796.77,1800.56,138340000,,,0,,,heur
le450_25c,450,17343,le450_25c_01,47,,9589.06,9607,543120952,,,0,,,heur
random_instance012_graph003,156,468,random_instance012_graph003_01,46,,1796.87,1800.21,71507116,,,0,,,heur
random_instance011_graph005,143,429,random_instance011_graph005_01,48,,1796.89,1800.39,132910444,,,0,,,heur
random_instance013_graph003,169,507,random_instance013_graph003_01,49,,9582.94,9603,554479236,,,0,,,heur
qg.order40,1600,62400,qg.order40_02,39,,1797.0599,1800.71,144799692,,,0,,,heur
qg.order40,1600,62400,qg.order40_01,39,,1797,1800.65,145029124,,,0,,,heur
le450_25c,450,17343,le450_25c_02,46,,9590.25,9609,542943880,,,0,,,heur
random_instance011_graph001,143,429,random_instance011_graph001_01,45,,1796.88,1800.39,134844596,,,0,,,heur
le450_25d,450,17425,le450_25d_01,43,,9590.79,9609,552270744,,,0,,,heur
random_instance011_graph003,143,429,random_instance011_graph003_01,45,,1796.74,1800.4,137868668,,,0,,,heur
random_instance011_graph004,143,429,random_instance011_graph004_01,46,,1796.86,1800.39,132702776,,,0,,,heur
random_instance010_graph003,130,390,random_instance010_graph003_01,46,,1796.74,1800.22,73290028,,,0,,,heur
le450_15c,450,16680,le450_15c_01,41,,1796.45,1800.44,133762124,,,0,,,heur
le450_25d,450,17425,le450_25d_02,42,,9591.011,9609,553067940,,,0,,,heur
DSJC250.1,250,3218,DSJC250.1_01,44,,1796.53,1800.41,135061036,,,0,,,heur
DSJC125.1,125,736,DSJC125.1_01,34,,1796.7301,1800.4,135250460,,,0,,,orig
le450_15c,450,16680,le450_15c_02,40,,1796.52,1800.45,133730392,,,0,,,heur
DSJC125.1,125,736,DSJC125.1_02,33,,1796.75,1800.4,135315420,,,0,,,orig
DSJC250.1,250,3218,DSJC250.1_02,43,,1796.53,1800.41,135061952,,,0,,,heur
school1,385,19095,school1_01,41,,1796.64,1800.43,136269972,,,0,,,heur
le450_15d,450,16750,le450_15d_01,40,,9590.05,9608,537187052,,,0,,,heur
random_instance010_graph001,130,390,random_instance010_graph001_01,41,,1796.71,1800.22,73051468,,,0,,,heur
school1_nsh,352,14612,school1_nsh_01,39,,1796.44,1800.24,74743060,,,0,,,heur
school1,385,19095,school1_02,40,,1796.73,1800.41,136144004,,,0,,,heur
school1_nsh,352,14612,school1_nsh_02,38,,1796.54,1800.24,74906932,,,0,,,heur
random_instance010_graph005,130,390,random_instance010_graph005_01,40,,1796.73,1800.22,72278372,,,0,,,heur
random_instance007_graph005,91,273,random_instance007_graph005_01,32,,1796.49,1800.21,72462284,,,0,,,orig
random_instance007_graph003,91,273,random_instance007_graph003_01,32,,1796.41,1800.21,70524996,,,0,,,orig
le450_15d,450,16750,le450_15d_02,40,,9588.75,9607,538202836,,,0,,,heur
random_instance010_graph004,130,390,random_instance010_graph004_01,41,,1796.76,1800.22,75266292,,,0,,,heur
random_instance010_graph002,130,390,random_instance010_graph002_01,39,,1796.86,1800.4,137284628,,,0,,,heur
random_instance009_graph002,117,351,random_instance009_graph002_01,38,,1796.7201,1800.22,72977188,,,0,,,heur
random_instance009_graph003,117,351,random_instance009_graph003_01,38,,1796.61,1800.21,71477332,,,0,,,heur
random_instance009_graph005,117,351,random_instance009_graph005_01,38,,1796.71,1800.21,72033516,,,0,,,heur
random_instance007_graph001,91,273,random_instance007_graph001_01,29,,1796.63,1800.38,131426316,,,0,,,orig
queen030x030,900,43210,queen030x030_04_9144,29,,1796.6699,1800.52,136907848,,,0,,,heur
queen030x030,900,43210,queen030x030_03_7394,29,,1796.6901,1800.55,136908632,,,0,,,heur
random_instance008_graph005,104,312,random_instance008_graph005_01,37,,1796.79,1800.22,73852916,,,0,,,heur
random_instance009_graph001,117,351,random_instance009_graph001_01,33,,1796.87,1800.21,71859524,,,0,,,heur
queen030x030,900,43210,queen030x030_02_4963,29,,1796.64,1800.52,136907848,,,0,,,heur
games120,120,638,games120_02,21,,9589.28,9608,541137036,,,0,,,orig
games120,120,638,games120_01,22,,9589.18,9607,541137032,,,0,,,orig
queen030x030,900,43210,queen030x030_01_3761,29,,1796.7201,1800.54,136907848,,,0,,,heur
random_instance009_graph004,117,351,random_instance009_graph004_01,34,,1796.7999,1800.21,73186968,,,0,,,heur
random_instance008_graph002,104,312,random_instance008_graph002_01,33,,1796.9401,1800.39,134003196,,,0,,,heur
qg.order30,900,26100,qg.order30_01,29,,1796.83,1800.56,144365576,,,0,,,heur
qg.order30,900,26100,qg.order30_02,29,,1796.93,1800.55,144365452,,,0,,,heur
random_instance008_graph001,104,312,random_instance008_graph001_01,33,,1796.8301,1800.21,71221740,,,0,,,heur
latin_square_10,900,307350,latin_square_10_01,9,,9592.05,9611,574298056,,,0,,,orig
DSJC1000.5,1000,249826,DSJC1000.5_01,14,,1796.25,1800.59,147588620,,,0,,,orig
queen15_15,225,5180,queen15_15_02,14,,9583.17,9604,583511952,,,0,,,orig
DSJC1000.5,1000,249826,DSJC1000.5_02,13,,1796.38,1800.6,147891740,,,0,,,orig
queen15_15,225,5180,queen15_15_01,14,,9583.88,9605,587634880,,,0,,,orig
latin_square_10,900,307350,latin_square_10_02,9,,9591.4,9609,576982300,,,0,,,orig
DSJC500.5,500,62624,DSJC500.5_01,12,,1796.27,1800.51,146152256,,,0,,,orig
queen13_13,169,3328,queen13_13_01,12,,9583.279,9604,583534272,,,0,,,orig
queen13_13,169,3328,queen13_13_02,12,,9583.141,9604,583534600,,,0,,,orig
DSJC125.1,125,736,DSJC125.1_02,33,,1796.55,1800.22,73052584,,,0,,,heur
DSJC125.1,125,736,DSJC125.1_01,34,,1796.5299,1800.22,73052580,,,0,,,heur
DSJC250.5,250,15668,DSJC250.5_02,11,,1796.31,1800.45,143420280,,,0,,,orig
DSJC500.5,500,62624,DSJC500.5_02,12,,1796.17,1800.5,145757912,,,0,,,orig
DSJC250.5,250,15668,DSJC250.5_01,11,,1796.2201,1800.45,143708408,,,0,,,orig
DSJC1000.9,1000,449449,DSJC1000.9_01,5,,9590.29,9610,572996868,,,0,,,orig
DSJR500.5,500,58862,DSJR500.5_01,7,,9590.44,9609,567221488,,,0,,,orig
queen11_11,121,1980,queen11_11_02,10,,9581.58,9604,576796988,,,0,,,orig
queen11_11,121,1980,queen11_11_01,10,,9582.36,9604,576803948,,,0,,,orig
DSJC1000.9,1000,449449,DSJC1000.9_02,5,,9590.3,9610,573358780,,,0,,,orig
queen020x020,400,12540,queen020x020_02_4815,19,,1796.66,1800.45,137624276,,,0,,,heur
queen020x020,400,12540,queen020x020_04_0961,19,,1796.66,1800.45,137590664,,,0,,,heur
queen020x020,400,12540,queen020x020_01_7075,19,,1796.74,1800.45,137557468,,,0,,,heur
queen020x020,400,12540,queen020x020_03_8667,19,,1796.8,1800.45,137492164,,,0,,,heur
DSJR500.5,500,58862,DSJR500.5_02,6,,9590.57,9609,567969420,,,0,,,orig
queen8_12,96,1368,queen8_12_02,7,,9582.7,9604,573202332,,,0,,,orig
DSJC500.9,500,112437,DSJC500.9_01,4,,9590.75,9609,564661204,,,0,,,orig
queen8_12,96,1368,queen8_12_01,8,,9582.569,9604,573076104,,,0,,,orig
random_instance026_graph005,,,random_instance026_graph005_01,,,0.03,0.2,31988,,,-1,No such vertex,,orig
random_instance036_graph002,,,random_instance036_graph002_01,,,0.03,0.2,31988,,,-1,No such vertex,,orig
DSJC500.9,500,112437,DSJC500.9_02,4,,9590.71,9609,564923352,,,0,,,orig
DSJC1000.5,1000,249826,DSJC1000.5_01,14,,1796.23,1800.54,134684080,,,0,,,heur
random_instance014_graph003,,,random_instance014_graph003_01,,,0.03,0.19,31988,,,-1,No such vertex,,orig
DSJC1000.5,1000,249826,DSJC1000.5_02,13,,1796.1799,1800.51,134851836,,,0,,,heur
random_instance035_graph001,,,random_instance035_graph001_01,,,0.03,0.2,31984,,,-1,No such vertex,,orig
queen14_14,196,4186,queen14_14_01,13,,1796.5901,1800.41,135507848,,,0,,,heur
queen16_16,256,6320,queen16_16_01,15,,1796.5901,1800.41,134131772,,,0,,,heur
DSJC500.5,500,62624,DSJC500.5_01,12,,1796.1101,1800.44,133900380,,,0,,,heur
queen16_16,256,6320,queen16_16_02,15,,1796.56,1800.41,134229432,,,0,,,heur
latin_square_10,900,307350,latin_square_10_01,9,,9589.54,9608,559706984,,,0,,,heur
queen15_15,225,5180,queen15_15_02,14,,9581.36,9602,549808784,,,0,,,heur
queen14_14,196,4186,queen14_14_02,13,,1796.65,1800.41,135506320,,,0,,,heur
DSJC500.5,500,62624,DSJC500.5_02,12,,1796.0901,1800.44,134032956,,,0,,,heur
queen15_15,225,5180,queen15_15_01,14,,9581.5,9602,549841124,,,0,,,heur
latin_square_10,900,307350,latin_square_10_02,9,,9589.62,9608,560100472,,,0,,,heur
DSJC250.5,250,15668,DSJC250.5_01,11,,1796.11,1800.41,134462000,,,0,,,heur
DSJC250.5,250,15668,DSJC250.5_02,11,,1796.1901,1800.41,134487648,,,0,,,heur
latin_square_10,900,307350,latin_square_10_01,9,,9589.37,9609,559347012,,,0,,,opt
latin_square_10,900,307350,latin_square_10_02,9,,9589.31,9608,559576156,,,0,,,opt
random_instance027_graph005,,,random_instance027_graph005_01,,,0.03,0.21,31988,,,-1,No such vertex,,heur
random_instance040_graph002,,,random_instance040_graph002_01,,,0.04,0.2,31988,,,-1,No such vertex,,heur
queen12_12,144,2596,queen12_12_02,11,,1796.5499,1800.4,133573996,,,0,,,heur
random_instance016_graph002,,,random_instance016_graph002_01,,,0.03,0.19,31988,,,-1,No such vertex,,heur
random_instance027_graph001,,,random_instance027_graph001_01,,,0.03,0.19,31988,,,-1,No such vertex,,heur
random_instance033_graph001,,,random_instance033_graph001_01,,,0.03,0.2,31988,,,-1,No such vertex,,heur
random_instance027_graph004,,,random_instance027_graph004_01,,,0.04,0.23,31992,,,-1,No such vertex,,heur
queen12_12,144,2596,queen12_12_01,11,,1796.52,1800.39,133573996,,,0,,,heur
random_instance023_graph002,,,random_instance023_graph002_01,,,0.03,0.19,31988,,,-1,No such vertex,,heur
random_instance026_graph002,,,random_instance026_graph002_01,,,0.03,0.19,31988,,,-1,No such vertex,,heur
random_instance026_graph003,,,random_instance026_graph003_01,,,0.03,0.19,31988,,,-1,No such vertex,,heur
random_instance021_graph004,,,random_instance021_graph004_01,,,0.03,0.19,31988,,,-1,No such vertex,,heur
random_instance040_graph005,,,random_instance040_graph005_01,,,0.03,0.19,31988,,,-1,No such vertex,,heur
random_instance027_graph002,,,random_instance027_graph002_01,,,0.03,0.2,31988,,,-1,No such vertex,,heur
random_instance023_graph005,,,random_instance023_graph005_01,,,0.03,0.2,31992,,,-1,No such vertex,,heur
random_instance040_graph004,,,random_instance040_graph004_01,,,0.03,0.2,31988,,,-1,No such vertex,,heur
random_instance040_graph003,,,random_instance040_graph003_01,,,0.04,0.21,31988,,,-1,No such vertex,,heur
random_instance021_graph001,,,random_instance021_graph001_01,,,0.03,0.19,31988,,,-1,No such vertex,,heur
random_instance039_graph002,,,random_instance039_graph002_01,,,0.03,0.2,31988,,,-1,No such vertex,,heur
random_instance039_graph004,,,random_instance039_graph004_01,,,0.04,0.2,31988,,,-1,No such vertex,,heur
random_instance040_graph001,,,random_instance040_graph001_01,,,0.03,0.2,31988,,,-1,No such vertex,,heur
random_instance029_graph003,,,random_instance029_graph003_01,,,0.03,0.24,31988,,,-1,No such vertex,,heur
random_instance038_graph002,,,random_instance038_graph002_01,,,0.03,0.2,31988,,,-1,No such vertex,,heur
random_instance030_graph002,,,random_instance030_graph002_01,,,0.03,0.2,31988,,,-1,No such vertex,,heur
random_instance015_graph004,,,random_instance015_graph004_01,,,0.03,0.19,31988,,,-1,No such vertex,,heur
random_instance019_graph004,,,random_instance019_graph004_01,,,0.03,0.19,31988,,,-1,No such vertex,,heur
random_instance037_graph001,,,random_instance037_graph001_01,,,0.03,0.19,31988,,,-1,No such vertex,,heur
random_instance011_graph002,,,random_instance011_graph002_01,,,0.03,0.2,31988,,,-1,No such vertex,,heur
random_instance036_graph001,,,random_instance036_graph001_01,,,0.04,0.2,31988,,,-1,No such vertex,,heur
random_instance030_graph003,,,random_instance030_graph003_01,,,0.04,0.19,31992,,,-1,No such vertex,,heur
random_instance031_graph001,,,random_instance031_graph001_01,,,0.03,0.19,31988,,,-1,No such vertex,,heur
random_instance018_graph001,,,random_instance018_graph001_01,,,0.03,0.19,31988,,,-1,No such vertex,,heur
queen13_13,169,3328,queen13_13_01,12,,9581.53,9603,552087428,,,0,,,heur
random_instance031_graph002,,,random_instance031_graph002_01,,,0.03,0.19,31988,,,-1,No such vertex,,heur
random_instance033_graph005,,,random_instance033_graph005_01,,,0.03,0.2,31988,,,-1,No such vertex,,heur
random_instance033_graph004,,,random_instance033_graph004_01,,,0.03,0.2,31988,,,-1,No such vertex,,heur
random_instance033_graph003,,,random_instance033_graph003_01,,,0.04,0.19,31988,,,-1,No such vertex,,heur
random_instance030_graph005,,,random_instance030_graph005_01,,,0.04,0.19,31988,,,-1,No such vertex,,heur
random_instance032_graph002,,,random_instance032_graph002_01,,,0.04,0.2,31984,,,-1,No such vertex,,heur
random_instance032_graph003,,,random_instance032_graph003_01,,,0.04,0.19,31988,,,-1,No such vertex,,heur
random_instance033_graph002,,,random_instance033_graph002_01,,,0.03,0.19,31988,,,-1,No such vertex,,heur
random_instance007_graph002,,,random_instance007_graph002_01,,,0.03,0.19,31988,,,-1,No such vertex,,heur
random_instance032_graph004,,,random_instance032_graph004_01,,,0.03,0.2,31992,,,-1,No such vertex,,heur
random_instance039_graph005,,,random_instance039_graph005_01,,,0.03,0.2,31984,,,-1,No such vertex,,heur
random_instance029_graph001,,,random_instance029_graph001_01,,,0.03,0.19,31988,,,-1,No such vertex,,heur
random_instance020_graph004,,,random_instance020_graph004_01,,,0.03,0.19,31988,,,-1,No such vertex,,heur
random_instance039_graph003,,,random_instance039_graph003_01,,,0.04,0.2,31988,,,-1,No such vertex,,heur
random_instance012_graph005,,,random_instance012_graph005_01,,,0.03,0.19,31988,,,-1,No such vertex,,heur
random_instance018_graph004,,,random_instance018_graph004_01,,,0.03,0.19,31988,,,-1,No such vertex,,heur
random_instance013_graph005,,,random_instance013_graph005_01,,,0.03,0.19,31988,,,-1,No such vertex,,heur
random_instance036_graph003,,,random_instance036_graph003_01,,,0.04,0.2,31988,,,-1,No such vertex,,heur
random_instance035_graph002,,,random_instance035_graph002_01,,,0.04,0.21,31988,,,-1,No such vertex,,heur
random_instance032_graph005,,,random_instance032_graph005_01,,,0.03,0.19,31988,,,-1,No such vertex,,heur
random_instance030_graph001,,,random_instance030_graph001_01,,,0.03,0.2,31988,,,-1,No such vertex,,heur
random_instance026_graph004,,,random_instance026_graph004_01,,,0.03,0.19,31992,,,-1,No such vertex,,heur
random_instance008_graph004,,,random_instance008_graph004_01,,,0.03,0.19,31992,,,-1,No such vertex,,heur
queen13_13,169,3328,queen13_13_02,12,,9581.6,9603,553397200,,,0,,,heur
random_instance026_graph005,,,random_instance026_graph005_01,,,0.03,0.2,31988,,,-1,No such vertex,,heur
random_instance035_graph001,,,random_instance035_graph001_01,,,0.04,0.2,31988,,,-1,No such vertex,,heur
random_instance014_graph003,,,random_instance014_graph003_01,,,0.03,0.19,31988,,,-1,No such vertex,,heur
random_instance036_graph002,,,random_instance036_graph002_01,,,0.04,0.2,31988,,,-1,No such vertex,,heur
queen11_11,121,1980,queen11_11_02,10,,9580.851,9602,541116520,,,0,,,heur
queen11_11,121,1980,queen11_11_01,10,,9580.83,9602,541116524,,,0,,,heur
DSJR500.5,500,58862,DSJR500.5_01,7,,9587.399,9609,537324564,,,0,,,heur
queen11_11,121,1980,queen11_11_02,10,,9581.08,9602,543269188,,,0,,,opt
DSJC1000.9,1000,449449,DSJC1000.9_01,5,,9590.75,9610,564172088,,,0,,,heur
queen11_11,121,1980,queen11_11_01,10,,9581.859,9602,543270612,,,0,,,opt
DSJC1000.9,1000,449449,DSJC1000.9_02,5,,9589.48,9609,568265324,,,0,,,heur
DSJR500.5,500,58862,DSJR500.5_01,7,,9586.199,9607,537440828,,,0,,,opt
DSJC500.9,500,112437,DSJC500.9_01,4,,9590.46,9609,563248380,,,0,,,heur
DSJC1000.9,1000,449449,DSJC1000.9_01,5,,9589.74,9609,565953380,,,0,,,opt
DSJC1000.9,1000,449449,DSJC1000.9_02,5,,9589.84,9609,567165412,,,0,,,opt
DSJC500.9,500,112437,DSJC500.9_01,4,,9590.87,9609,563907060,,,0,,,opt
DSJR500.5,500,58862,DSJR500.5_02,6,,9586.189,9607,537979948,,,0,,,heur
DSJC500.9,500,112437,DSJC500.9_02,4,,9591.41,9610,562462452,,,0,,,heur
DSJR500.5,500,58862,DSJR500.5_02,6,,9586.25,9607,537440824,,,0,,,opt
DSJC500.9,500,112437,DSJC500.9_02,4,,9589.94,9609,563907276,,,0,,,opt
grid200x200,,,grid200x200_01_8265,,,0.37,0.38,71544,,,-1,The number of vertices,,orig
grid100x100,,,grid100x100_02_7191,,,0.089999996,0.09,41204,,,-1,The number of vertices,,orig
grid200x200,,,grid200x200_04_2816,,,0.36,0.37,73588,,,-1,The number of vertices,,orig
grid100x100,,,grid100x100_03_4887,,,0.089999996,0.09,41204,,,-1,The number of vertices,,orig
grid200x200,,,grid200x200_03_0743,,,0.37,0.37,72576,,,-1,The number of vertices,,orig
grid200x200,,,grid200x200_02_2458,,,0.37,0.38,71544,,,-1,The number of vertices,,orig
queen100x100,,,queen100x100_04_0618,,,10.549999,10.59,744724,,,-1,The number of vertices,,heur
queen100x100,,,queen100x100_02_1699,,,10.610001,10.63,744724,,,-1,The number of vertices,,heur
grid100x100,,,grid100x100_04_0664,,,0.08,0.09,41204,,,-1,The number of vertices,,orig
grid100x100,,,grid100x100_01_9072,,,0.08,0.09,41208,,,-1,The number of vertices,,orig
qg.order100,,,qg.order100_01,,,5.16,5.17,459692,,,-1,The number of vertices,,heur
queen100x100,,,queen100x100_01_3955,,,10.59,10.62,742684,,,-1,The number of vertices,,heur
grid200x200,,,grid200x200_03_0743,,,0.4,0.41,71548,,,-1,The number of vertices,,heur
queen100x100,,,queen100x100_03_6670,,,10.57,10.61,742684,,,-1,The number of vertices,,heur
grid100x100,,,grid100x100_01_9072,,,0.089999996,0.1,41204,,,-1,The number of vertices,,heur
qg.order100,,,qg.order100_02,,,5.1499996,5.17,459692,,,-1,The number of vertices,,heur
grid200x200,,,grid200x200_04_2816,,,0.4,0.41,71804,,,-1,The number of vertices,,heur
grid100x100,,,grid100x100_02_7191,,,0.089999996,0.1,41204,,,-1,The number of vertices,,heur
grid200x200,,,grid200x200_02_2458,,,0.4,0.41,71544,,,-1,The number of vertices,,heur
grid200x200,,,grid200x200_01_8265,,,0.39000002,0.4,71544,,,-1,The number of vertices,,heur
grid100x100,,,grid100x100_03_4887,,,0.1,0.1,41204,,,-1,The number of vertices,,heur
grid100x100,,,grid100x100_04_0664,,,0.089999996,0.1,41204,,,-1,The number of vertices,,heur
ph-20-20,,,ph-20-20_01,,,0.08,0.09,40180,,,-1,The number of vertices,,heur
ph-20-19,,,ph-20-19_01,,,0.08,0.08,39156,,,-1,The number of vertices,,heur
