graph_name,vertices,edges,dat_file,tokens,independent_sets,cpu_time,wallclock_time,max_memory,zdd_time,zdd_size,solved?,error,reconfiguration_sequence_length,type
hc-power-018-002,274,417,hc-power-018-002_01,110,1314500581644442308054917054661833384029658065341294,7177.7603,7200,74098436,0.081963,1242,0,,,opt
hc-power-017-002,259,394,hc-power-017-002_01,104,2127655511458921906699036812684863553827095067151,7176.0996,7200,72963952,0.074322,1108,0,,,orig
hc-power-014-002,214,325,hc-power-014-002_01,86,9022417156682815492520665863912956245046,4067.18,4079,10993032,0.049354,962,1,,442175,opt
hc-power-017-002,259,394,hc-power-017-002_01,104,2127655511458921906699036812684863553827095067151,7178.57,7200,71966984,0.072790,1172,0,,,heur
hc-power-017-002,259,394,hc-power-017-002_01,104,2127655511458921906699036812684863553827095067151,7178.66,7200,71749268,0.072632,1172,0,,,opt
hc-power-014-002,214,325,hc-power-014-002_01,86,9022417156682815492520665863912956245046,3904.04,3916,18559824,0.049086,910,1,,442175,orig
hc-power-014-002,214,325,hc-power-014-002_01,86,9022417156682815492520665863912956245046,4078.19,4086,10992904,0.086273,962,1,,442175,heur
hc-power-016-002,244,371,hc-power-016-002_01,98,3443831093462389356374187356733005542648388264,7179.73,7200,66901032,0.064685,1102,0,,,heur
hc-power-018-002,274,417,hc-power-018-002_01,110,1314500581644442308054917054661833384029658065341294,7175.7397,7200,74706240,0.081933,1174,0,,,orig
hc-power-016-002,244,371,hc-power-016-002_01,98,3443831093462389356374187356733005542648388264,7177.84,7200,67896244,0.064418,1042,0,,,orig
hc-power-018-002,274,417,hc-power-018-002_01,110,1314500581644442308054917054661833384029658065341294,7177.6797,7200,74050412,0.082025,1242,0,,,heur
hc-power-019-002,289,440,hc-power-019-002_01,116,812120087033618215897164092207942923928586126523583359,7178.69,7200,133420512,0.091244,1312,0,,,opt
hc-power-016-002,244,371,hc-power-016-002_01,98,3443831093462389356374187356733005542648388264,7172.87,7200,66896632,0.064185,1102,0,,,opt
hc-power-019-002,289,440,hc-power-019-002_01,116,812120087033618215897164092207942923928586126523583359,7177.09,7200,134453380,0.090596,1240,0,,,orig
hc-power-013-002,199,302,hc-power-013-002_01,80,14603717836383728549736459587959249895,1701.28,1706.79,5417208,0.042616,892,1,,221003,opt
hc-power-013-002,199,302,hc-power-013-002_01,80,14603717836383728549736459587959249895,1707.5,1711.67,9179476,0.044094,844,1,,221003,orig
hc-power-013-002,199,302,hc-power-013-002_01,80,14603717836383728549736459587959249895,1709.55,1715.01,5415436,0.042523,892,1,,221003,heur
hc-power-020-002,304,463,hc-power-020-002_01,122,501741151714369915506768957681239053884548329894829212368,7177.2,7201,134552004,0.100183,1382,0,,,opt
hc-power-020-002,304,463,hc-power-020-002_01,122,501741151714369915506768957681239053884548329894829212368,7176.27,7201,135177424,0.101590,1306,0,,,orig
hc-power-019-002,289,440,hc-power-019-002_01,116,812120087033618215897164092207942923928586126523583359,7176.92,7201,133013588,0.090297,1312,0,,,heur
suzuki_instance_3_12_2_3,552,3063,suzuki_instance_3_12_2_3_01,74,15520865446438123865698137776787370340512054876661596017772,3494.0398,3504.62,17348084,1.582366,2466,1,,110423,heur
hc-power-020-002,304,463,hc-power-020-002_01,122,501741151714369915506768957681239053884548329894829212368,7176.62,7201,133717584,0.100946,1382,0,,,heur
suzuki_instance_3_12_2_3,552,3063,suzuki_instance_3_12_2_3_01,74,15520865446438123865698137776787370340512054876661596017772,3507.99,3518.55,17348112,1.480996,2466,1,,110423,opt
suzuki_instance_3_12_2_3,552,3063,suzuki_instance_3_12_2_3_01,74,15520865446438123865698137776787370340512054876661596017772,3536.01,3546.57,17611764,1.562180,2334,1,,110423,orig
hc-power-015-002,229,348,hc-power-015-002_01,92,5574197766708031179445012038756188664562183,7179.4897,7200,35604100,0.056286,1032,0,,,heur
hc-power-015-002,229,348,hc-power-015-002_01,92,5574197766708031179445012038756188664562183,7178.2397,7200,36245004,0.056679,976,0,,,orig
hc-power-015-002,229,348,hc-power-015-002_01,92,5574197766708031179445012038756188664562183,7173.58,7200,35611768,0.056414,1032,0,,,opt
suzuki_instance_3_12_2_2,368,1300,suzuki_instance_3_12_2_2_01,74,5079167438886921136163197043042252861907119717869,2055.3,2061.65,9209404,0.354735,1644,1,,110423,heur
suzuki_instance_3_12_2_2,368,1300,suzuki_instance_3_12_2_2_01,74,5079167438886921136163197043042252861907119717869,2054.36,2060.57,9355308,0.358803,1556,1,,110423,orig
suzuki_instance_3_12_2_2,368,1300,suzuki_instance_3_12_2_2_01,74,5079167438886921136163197043042252861907119717869,2066.55,2072.82,9210992,0.348720,1644,1,,110423,opt
suzuki_instance_3_14_2_2,428,1514,suzuki_instance_3_14_2_2_01,86,405207322404517013540974185499382529431898431389309556269,3587.99,3600,35836468,0.486064,1924,0,,,heur
suzuki_instance_3_14_2_2,428,1514,suzuki_instance_3_14_2_2_01,86,405207322404517013540974185499382529431898431389309556269,3587.34,3600,36575484,0.499204,1820,0,,,orig
suzuki_instance_3_14_2_2,428,1514,suzuki_instance_3_14_2_2_01,86,405207322404517013540974185499382529431898431389309556269,3587.8,3600,35830592,0.487905,1924,0,,,opt
suzuki_instance_3_15_2_2,458,1621,suzuki_instance_3_15_2_2_01,92,3619258993215587040499992278375222152754227270671117222674355,3586.31,3600,67536136,0.653121,2064,0,,,opt
hc-power-012-002,184,279,hc-power-012-002_01,74,23637631794351951224765884378156416,726.52997,728.49,4558772,0.036740,778,1,,110423,orig
hc-power-012-002,184,279,hc-power-012-002_01,74,23637631794351951224765884378156416,701.51,703.79,2675988,0.036800,822,1,,110423,opt
hc-power-012-002,184,279,hc-power-012-002_01,74,23637631794351951224765884378156416,700.3,702.61,2676768,0.036329,822,1,,110423,heur
suzuki_instance_3_15_2_2,458,1621,suzuki_instance_3_15_2_2_01,92,3619258993215587040499992278375222152754227270671117222674355,3585.8599,3600,67480492,0.646901,2064,0,,,heur
suzuki_instance_3_14_2_3,642,3567,suzuki_instance_3_14_2_3_01,86,42371991150415351253763796628419929132706766921673666846547908370816,3585.93,3600,67847016,2.188170,2886,0,,,heur
suzuki_instance_3_14_2_3,642,3567,suzuki_instance_3_14_2_3_01,86,42371991150415351253763796628419929132706766921673666846547908370816,3587.94,3600,68158128,2.160480,2886,0,,,opt
suzuki_instance_3_16_2_2,488,1728,suzuki_instance_3_16_2_2_01,98,32326749630884469805020004288078497229792374893732094296621301357,3587.84,3600,66957372,0.669813,2204,0,,,opt
suzuki_instance_3_16_2_2,488,1728,suzuki_instance_3_16_2_2_01,98,32326749630884469805020004288078497229792374893732094296621301357,3587.9,3600,66915616,0.665528,2204,0,,,heur
suzuki_instance_3_14_2_3,642,3567,suzuki_instance_3_14_2_3_01,86,42371991150415351253763796628419929132706766921673666846547908370816,3587.1301,3600,69395152,2.155074,2730,0,,,orig
suzuki_instance_3_15_2_2,458,1621,suzuki_instance_3_15_2_2_01,92,3619258993215587040499992278375222152754227270671117222674355,3586,3600,68350520,0.684655,1952,0,,,orig
sp014,182,1158,sp014_01,28,2210399176849046821,1895.8,1902.01,68668224,0.151754,321,1,,180213,heur
suzuki_instance_3_16_2_2,488,1728,suzuki_instance_3_16_2_2_01,98,32326749630884469805020004288078497229792374893732094296621301357,3587.65,3600,67243120,0.705003,2084,0,,,orig
sp014,182,1158,sp014_01,28,2210399176849046821,1887.18,1893.08,68664688,0.153206,321,1,,180213,opt
sp014,182,1158,sp014_01,28,2210399176849046821,1907.91,1914.45,68802772,0.153210,400,1,,180213,orig
sp016,208,1326,sp016_01,32,888794872746086303527,3590.9202,3604,269511912,0.199325,367,0,,,opt
sp016,208,1326,sp016_01,32,888794872746086303527,3590.98,3604,269965816,0.197624,367,0,,,heur
suzuki_instance_3_17_2_2,518,1835,suzuki_instance_3_17_2_2_01,104,288738314571244878597104857097219082257679688979603424549524521938803,3587.6902,3600,37130744,0.772416,2344,0,,,opt
suzuki_instance_3_17_2_2,518,1835,suzuki_instance_3_17_2_2_01,104,288738314571244878597104857097219082257679688979603424549524521938803,3587.24,3600,37084680,0.759406,2344,0,,,heur
sp017,221,1410,sp017_01,34,17822431566207395633927,3586.47,3600,272590860,0.225450,487,0,,,orig
sp016,208,1326,sp016_01,32,888794872746086303527,3587.0298,3600,269856176,0.200766,458,0,,,orig
suzuki_instance_3_15_2_3,687,3819,suzuki_instance_3_15_2_3_01,92,2213911939438873187790612775592103903967231260949938268585188482722001665,3588.47,3600,68384880,2.299219,3096,0,,,heur
suzuki_instance_3_17_2_2,518,1835,suzuki_instance_3_17_2_2_01,104,288738314571244878597104857097219082257679688979603424549524521938803,3587.51,3600,37498036,0.786812,2216,0,,,orig
suzuki_instance_3_15_2_3,687,3819,suzuki_instance_3_15_2_3_01,92,2213911939438873187790612775592103903967231260949938268585188482722001665,3585.8499,3600,68116384,2.477823,3096,0,,,opt
suzuki_instance_3_15_2_3,687,3819,suzuki_instance_3_15_2_3_01,92,2213911939438873187790612775592103903967231260949938268585188482722001665,3587.05,3600,68311272,2.655332,2928,0,,,orig
sp017,221,1410,sp017_01,34,17822431566207395633927,3590.67,3604,268402040,0.224211,390,0,,,heur
sp018,234,1494,sp018_01,36,357381749909002819498633,3586.56,3600,271712360,0.254424,516,0,,,orig
sp017,221,1410,sp017_01,34,17822431566207395633927,3590.81,3604,269092048,0.226816,390,0,,,opt
sp015,195,1242,sp015_01,30,44323712108820516566,3588.12,3600,140173208,0.172984,429,0,,,orig
suzuki_instance_3_13_2_3,597,3315,suzuki_instance_3_13_2_3_01,80,810956209263646734902287892470949536167033789941127227106079339,3588.43,3600,34393800,1.732810,2676,0,,,heur
sp015,195,1242,sp015_01,30,44323712108820516566,3588.1099,3600,140187288,0.173737,344,0,,,heur
sp015,195,1242,sp015_01,30,44323712108820516566,3587.91,3600,140184524,0.175748,344,0,,,opt
suzuki_instance_3_13_2_3,597,3315,suzuki_instance_3_13_2_3_01,80,810956209263646734902287892470949536167033789941127227106079339,3588.46,3600,34395856,1.727504,2676,0,,,opt
suzuki_instance_3_13_2_3,597,3315,suzuki_instance_3_13_2_3_01,80,810956209263646734902287892470949536167033789941127227106079339,3588.41,3600,35045120,1.862012,2532,0,,,orig
suzuki_instance_3_18_2_2,548,1942,suzuki_instance_3_18_2_2_01,110,2578972994606081552998840647058156752439353181016076849493119618726131373,3587.99,3600,36930300,0.872284,2484,0,,,opt
suzuki_instance_3_18_2_2,548,1942,suzuki_instance_3_18_2_2_01,110,2578972994606081552998840647058156752439353181016076849493119618726131373,3587.63,3600,36880104,0.848514,2484,0,,,heur
suzuki_instance_3_18_2_2,548,1942,suzuki_instance_3_18_2_2_01,110,2578972994606081552998840647058156752439353181016076849493119618726131373,3587.72,3600,36695940,0.893291,2348,0,,,orig
suzuki_instance_3_16_2_3,732,4071,suzuki_instance_3_16_2_3_01,98,115675613595561389858571836003725480008470730881273290601020692387477550621336,3587.8,3600,67456764,2.752245,3306,0,,,heur
suzuki_instance_3_16_2_3,732,4071,suzuki_instance_3_16_2_3_01,98,115675613595561389858571836003725480008470730881273290601020692387477550621336,3588.0698,3600,67458992,2.763664,3306,0,,,opt
suzuki_instance_3_16_2_3,732,4071,suzuki_instance_3_16_2_3_01,98,115675613595561389858571836003725480008470730881273290601020692387477550621336,3588.0198,3600,68239172,2.947833,3126,0,,,orig
sp018,234,1494,sp018_01,36,357381749909002819498633,3591.9,3606,268191180,0.253826,413,0,,,opt
sp018,234,1494,sp018_01,36,357381749909002819498633,3593.12,3607,266022380,0.253753,413,0,,,heur
suzuki_instance_3_19_2_2,578,2049,suzuki_instance_3_19_2_2_01,116,23035050671345283351719367626055496431223513403127042193714323394717562801971,3588.15,3600,36184060,0.951816,2624,0,,,opt
suzuki_instance_3_19_2_2,578,2049,suzuki_instance_3_19_2_2_01,116,23035050671345283351719367626055496431223513403127042193714323394717562801971,3588.16,3600,36208204,0.969920,2624,0,,,heur
suzuki_instance_3_19_2_2,578,2049,suzuki_instance_3_19_2_2_01,116,23035050671345283351719367626055496431223513403127042193714323394717562801971,3588.1,3600,36559524,1.010031,2480,0,,,orig
suzuki_instance_3_13_2_2,398,1407,suzuki_instance_3_13_2_2_01,80,45366461598361157816823991857826456582625720201035763,3589.0498,3600,18205304,0.423418,1784,0,,,heur
suzuki_instance_3_11_2_3,507,2811,suzuki_instance_3_11_2_3_01,68,297053356833130498046842386493717118445975204208510597,1431.47,1436.3,8634400,1.242856,2256,1,,55139,heur
suzuki_instance_3_13_2_2,398,1407,suzuki_instance_3_13_2_2_01,80,45366461598361157816823991857826456582625720201035763,3589.01,3600,18207452,0.419524,1784,0,,,opt
suzuki_instance_3_11_2_3,507,2811,suzuki_instance_3_11_2_3_01,68,297053356833130498046842386493717118445975204208510597,1438.88,1443.98,8634052,1.236817,2256,1,,55139,opt
suzuki_instance_3_13_2_2,398,1407,suzuki_instance_3_13_2_2_01,80,45366461598361157816823991857826456582625720201035763,3589.3,3600,18553144,0.418632,1688,0,,,orig
suzuki_instance_3_11_2_3,507,2811,suzuki_instance_3_11_2_3_01,68,297053356833130498046842386493717118445975204208510597,1473.67,1478.18,8769660,1.303012,2136,1,,55139,orig
suzuki_instance_3_17_2_3,777,4323,suzuki_instance_3_17_2_3_01,104,6043983657317945690023415345536758706058213067793675705287969170924513589960047551,3587.73,3600,37134148,3.139410,3516,0,,,heur
suzuki_instance_3_11_2_2,338,1193,suzuki_instance_3_11_2_2_01,68,568656689618946704968673431690868636207362099,841.41003,844.07,4646296,0.302479,1424,1,,55139,orig
suzuki_instance_3_11_2_2,338,1193,suzuki_instance_3_11_2_2_01,68,568656689618946704968673431690868636207362099,847.04,850.04,4568544,0.295743,1504,1,,55139,heur
suzuki_instance_3_17_2_3,777,4323,suzuki_instance_3_17_2_3_01,104,6043983657317945690023415345536758706058213067793675705287969170924513589960047551,3588.64,3600,67112036,3.317001,3324,0,,,orig
suzuki_instance_3_11_2_2,338,1193,suzuki_instance_3_11_2_2_01,68,568656689618946704968673431690868636207362099,838.66003,841.59,4569708,0.298068,1504,1,,55139,opt
suzuki_instance_3_17_2_3,777,4323,suzuki_instance_3_17_2_3_01,104,6043983657317945690023415345536758706058213067793675705287969170924513589960047551,3587.68,3600,37089952,3.106251,3516,0,,,opt
sp020,260,1662,sp020_01,40,143702128673855407653334840,3587.6301,3600,270618680,0.313629,459,0,,,opt
suzuki_instance_3_20_2_2,608,2156,suzuki_instance_3_20_2_2_01,122,205746070447896241656443684984037067255695036534260513913829729196842401292320493,3586.3901,3600,35446412,1.156762,2764,0,,,opt
suzuki_instance_3_20_2_2,608,2156,suzuki_instance_3_20_2_2_01,122,205746070447896241656443684984037067255695036534260513913829729196842401292320493,3588.8901,3600,35419240,1.171111,2764,0,,,heur
sp019,247,1578,sp019_01,38,7166346224619009871910114,3591.58,3605,265354588,0.301764,436,0,,,heur
suzuki_instance_3_20_2_2,608,2156,suzuki_instance_3_20_2_2_01,122,205746070447896241656443684984037067255695036534260513913829729196842401292320493,3588.69,3600,35843296,1.116541,2612,0,,,orig
sp019,247,1578,sp019_01,38,7166346224619009871910114,3593.38,3608,265044764,0.302520,436,0,,,opt
sp019,247,1578,sp019_01,38,7166346224619009871910114,3593.71,3608,265532836,0.305140,545,0,,,orig
suzuki_instance_3_18_2_3,822,4575,suzuki_instance_3_18_2_3_01,110,315794637386977301824710419775120266593423689906753394793920574193998519457876660732532,3587.56,3600,37277460,3.731793,3522,0,,,orig
hc-power-011-002,169,256,hc-power-011-002_01,68,38259958395890004445076194998031,300.09,301.02,2261944,0.031083,712,1,,55139,orig
suzuki_instance_3_18_2_3,822,4575,suzuki_instance_3_18_2_3_01,110,315794637386977301824710419775120266593423689906753394793920574193998519457876660732532,3587.79,3600,36726612,3.489455,3726,0,,,opt
suzuki_instance_3_18_2_3,822,4575,suzuki_instance_3_18_2_3_01,110,315794637386977301824710419775120266593423689906753394793920574193998519457876660732532,3587.94,3600,36683520,3.527022,3726,0,,,heur
hc-power-011-002,169,256,hc-power-011-002_01,68,38259958395890004445076194998031,284.16998,285.1,1320488,0.031379,752,1,,55139,heur
hc-power-011-002,169,256,hc-power-011-002_01,68,38259958395890004445076194998031,283.88998,284.84,1319580,0.031518,752,1,,55139,opt
sp021,273,1746,sp021_01,42,2881566301451636165758105547,3589.7,3600,269421520,0.354253,482,0,,,heur
sp020,260,1662,sp020_01,40,143702128673855407653334840,3593.0698,3607,266623168,0.346903,574,0,,,orig
suzuki_instance_3_19_2_3,867,4827,suzuki_instance_3_19_2_3_01,116,16500086475519460671465892935093131843186905222542813909728644772141868180984525410900012413,3587.6301,3600,36958144,4.137225,3720,0,,,orig
suzuki_instance_3_19_2_3,867,4827,suzuki_instance_3_19_2_3_01,116,16500086475519460671465892935093131843186905222542813909728644772141868180984525410900012413,3588.04,3600,36646144,3.923798,3936,0,,,opt
sp020,260,1662,sp020_01,40,143702128673855407653334840,3593.02,3606,265915960,0.340749,459,0,,,heur
suzuki_instance_3_19_2_3,867,4827,suzuki_instance_3_19_2_3_01,116,16500086475519460671465892935093131843186905222542813909728644772141868180984525410900012413,3586.49,3600,36536584,4.165689,3936,0,,,heur
sp021,273,1746,sp021_01,42,2881566301451636165758105547,3594.4402,3607,265327016,0.376966,482,0,,,opt
sp021,273,1746,sp021_01,42,2881566301451636165758105547,3593.95,3607,265338400,0.377872,603,0,,,orig
sp022,286,1830,sp022_01,44,57782194503931197732687355894,3590.94,3604,266998868,0.461076,505,0,,,opt
sp013,169,1074,sp013_01,26,110231392826925386,768.77997,771.28,33712536,0.131097,371,1,,90101,orig
suzuki_instance_3_20_2_3,912,5079,suzuki_instance_3_20_2_3_01,122,862119939566926114585904010553445717545646652417433118884707035332150842736079179060087306455460,3588.6099,3600,35859120,4.940035,3918,0,,,orig
sp022,286,1830,sp022_01,44,57782194503931197732687355894,3591.4202,3605,266653176,0.386806,632,0,,,orig
sp022,286,1830,sp022_01,44,57782194503931197732687355894,3591.0798,3604,266977928,0.381718,505,0,,,heur
sp013,169,1074,sp013_01,26,110231392826925386,762.92004,765.73,33598908,0.132214,298,1,,90101,heur
sp013,169,1074,sp013_01,26,110231392826925386,761.16003,763.91,33592156,0.131957,298,1,,90101,opt
suzuki_instance_3_20_2_3,912,5079,suzuki_instance_3_20_2_3_01,122,862119939566926114585904010553445717545646652417433118884707035332150842736079179060087306455460,3587.73,3600,36126744,4.430184,4146,0,,,heur
sp023,299,1914,sp023_01,46,1158669158508749446227158558267,3591.8398,3605,267195244,0.425203,528,0,,,opt
sp023,299,1914,sp023_01,46,1158669158508749446227158558267,3592.43,3605,267530524,0.426799,528,0,,,heur
suzuki_instance_3_20_2_3,912,5079,suzuki_instance_3_20_2_3_01,122,862119939566926114585904010553445717545646652417433118884707035332150842736079179060087306455460,3587.24,3600,36062580,4.627201,4146,0,,,opt
sp023,299,1914,sp023_01,46,1158669158508749446227158558267,3591.7998,3605,267393836,0.425196,661,0,,,orig
sp024,312,1998,sp024_01,48,23234046930980371758441616626781,3591.44,3605,267497560,0.464280,551,0,,,opt
sp024,312,1998,sp024_01,48,23234046930980371758441616626781,3591.05,3604,267467564,0.462601,551,0,,,heur
sp024,312,1998,sp024_01,48,23234046930980371758441616626781,3591.15,3604,267792888,0.457608,690,0,,,orig
sp025,325,2082,sp025_01,50,465897389972620115812792178449781,3591.59,3605,267009196,0.497364,574,0,,,opt
sp026,338,2166,sp026_01,52,9342340515541891437460512344180668,3591.61,3604,266927488,0.567342,597,0,,,heur
sp025,325,2082,sp025_01,50,465897389972620115812792178449781,3591.86,3605,267433308,0.502694,719,0,,,orig
sp025,325,2082,sp025_01,50,465897389972620115812792178449781,3591.72,3604,267373144,0.494316,574,0,,,heur
sp026,338,2166,sp026_01,52,9342340515541891437460512344180668,3591.04,3604,266876120,0.575319,597,0,,,opt
sp026,338,2166,sp026_01,52,9342340515541891437460512344180668,3591.22,3604,266951520,0.572933,748,0,,,orig
sp027,351,2250,sp027_01,54,187335941747741429236781480678689922,3591.36,3604,266211764,0.619475,620,0,,,heur
suzuki_instance_3_10_2_3,462,2559,suzuki_instance_3_10_2_3_01,62,5685294876780307085286656129015170472504012313580,572.11,574.09,4292672,0.954238,2046,1,,27503,heur
sp027,351,2250,sp027_01,54,187335941747741429236781480678689922,3591.56,3605,265865564,0.613638,777,0,,,orig
suzuki_instance_3_10_2_3,462,2559,suzuki_instance_3_10_2_3_01,62,5685294876780307085286656129015170472504012313580,579.8,581.85,4292052,0.960820,2046,1,,27503,opt
sp028,364,2334,sp028_01,56,3756527072860343096288902918096428889,3590.52,3604,266703788,0.668290,643,0,,,heur
sp027,351,2250,sp027_01,54,187335941747741429236781480678689922,3591.0798,3604,266194784,0.616287,620,0,,,opt
sp028,364,2334,sp028_01,56,3756527072860343096288902918096428889,3590.5698,3604,266028248,0.670713,643,0,,,opt
suzuki_instance_3_10_2_3,462,2559,suzuki_instance_3_10_2_3_01,62,5685294876780307085286656129015170472504012313580,594.17004,595.97,4352724,1.031023,1938,1,,27503,orig
suzuki_instance_3_10_2_2,308,1086,suzuki_instance_3_10_2_2_01,62,63666030809026528853042316005043465188781,383.97,385.23,2296456,0.250130,1292,1,,27503,orig
sp029,377,2418,sp029_01,58,75327219739470145246452300354951448370,3591.55,3604,266213164,0.718132,666,0,,,heur
suzuki_instance_3_10_2_2,308,1086,suzuki_instance_3_10_2_2_01,62,63666030809026528853042316005043465188781,339.40002,340.59,2264188,0.247636,1364,1,,27503,heur
sp028,364,2334,sp028_01,56,3756527072860343096288902918096428889,3591.8,3605,266362236,0.672418,806,0,,,orig
sp029,377,2418,sp029_01,58,75327219739470145246452300354951448370,3590.9202,3604,266249880,0.713063,666,0,,,opt
sp029,377,2418,sp029_01,58,75327219739470145246452300354951448370,3590.85,3604,265934252,0.716125,835,0,,,orig
suzuki_instance_3_10_2_2,308,1086,suzuki_instance_3_10_2_2_01,62,63666030809026528853042316005043465188781,337.63998,338.82,2265092,0.247076,1364,1,,27503,opt
hc-power-010-002,154,233,hc-power-010-002_01,62,61927710406463170775241686526,113.4,113.78,652196,0.025863,682,1,,27503,heur
hc-power-010-002,154,233,hc-power-010-002_01,62,61927710406463170775241686526,119.47,119.880005,1120176,0.025943,646,1,,27503,orig
hc-power-010-002,154,233,hc-power-010-002_01,62,61927710406463170775241686526,113.310005,113.69,652868,0.025788,682,1,,27503,opt
sp030,390,2502,sp030_01,60,1510488257804010989454571691497804086211,3590.99,3604,265537144,0.772859,689,0,,,opt
sp030,390,2502,sp030_01,60,1510488257804010989454571691497804086211,3590.98,3604,265107408,0.768343,864,0,,,orig
sp012,156,990,sp012_01,24,5497179012654760,307.68,308.71,9126736,0.112262,342,1,,45045,orig
sp030,390,2502,sp030_01,60,1510488257804010989454571691497804086211,3591.87,3605,265541892,0.761282,689,0,,,heur
suzuki_instance_3_9_2_3,417,2307,suzuki_instance_3_9_2_3_01,56,108810680278228827478442259611303322486183127,259.64,260.39,2166748,0.820282,1740,1,,13691,orig
sp012,156,990,sp012_01,24,5497179012654760,297.7,298.77,9101636,0.113168,275,1,,45045,opt
suzuki_instance_3_9_2_3,417,2307,suzuki_instance_3_9_2_3_01,56,108810680278228827478442259611303322486183127,223.25,223.99,2138736,0.768080,1836,1,,13691,opt
sp012,156,990,sp012_01,24,5497179012654760,296.97998,298.08002,9086284,0.113892,275,1,,45045,heur
suzuki_instance_3_9_2_3,417,2307,suzuki_instance_3_9_2_3_01,56,108810680278228827478442259611303322486183127,222.95,223.68,2138440,0.776148,1836,1,,13691,heur
suzuki_instance_3_9_2_2,278,979,suzuki_instance_3_9_2_2_01,56,7127962359313926592651731204666511475,147.77,148.35,1140352,0.203312,1160,1,,13691,orig
suzuki_instance_3_9_2_2,278,979,suzuki_instance_3_9_2_2_01,56,7127962359313926592651731204666511475,131.62001,132.06,1122056,0.201916,1224,1,,13691,heur
suzuki_instance_3_9_2_2,278,979,suzuki_instance_3_9_2_2_01,56,7127962359313926592651731204666511475,131.67,132.13,1122256,0.201428,1224,1,,13691,opt
hc-power-009-002,139,210,hc-power-009-002_01,56,100236421495919298704585535,44.199997,44.35,321948,0.021533,612,1,,13691,heur
hc-power-009-002,139,210,hc-power-009-002_01,56,100236421495919298704585535,45.5,45.65,326624,0.021118,580,1,,13691,orig
hc-power-009-002,139,210,hc-power-009-002_01,56,100236421495919298704585535,44.190002,44.35,321996,0.021308,612,1,,13691,opt
sp011,143,906,sp011_01,22,274141297884341,145.39,145.89,4392544,0.093977,313,1,,22517,orig
suzuki_instance_3_8_2_3,372,2055,suzuki_instance_3_8_2_3_01,50,2082524196056536802687690195561640899488,98.97,99.21,1075520,0.636023,1542,1,,6791,orig
sp011,143,906,sp011_01,22,274141297884341,114.87,115.3,4402036,0.096141,252,1,,22517,opt
sp011,143,906,sp011_01,22,274141297884341,115.24,115.67,4411368,0.096263,252,1,,22517,heur
suzuki_instance_3_8_2_3,372,2055,suzuki_instance_3_8_2_3_01,50,2082524196056536802687690195561640899488,85.82,86.11,1064580,0.611226,1626,1,,6791,heur
suzuki_instance_3_8_2_2,248,872,suzuki_instance_3_8_2_2_01,50,798036986916937705245927179287917,56.32,56.51,567228,0.161378,1028,1,,6791,orig
suzuki_instance_3_8_2_3,372,2055,suzuki_instance_3_8_2_3_01,50,2082524196056536802687690195561640899488,84.85,85.15,1065172,0.618627,1626,1,,6791,opt
suzuki_instance_3_8_2_2,248,872,suzuki_instance_3_8_2_2_01,50,798036986916937705245927179287917,49.949997,50.13,558164,0.161091,1084,1,,6791,heur
hc-power-008-002,124,187,hc-power-008-002_01,50,162243043192809350629208,16.55,16.6,161664,0.016794,514,1,,6791,orig
suzuki_instance_3_8_2_2,248,872,suzuki_instance_3_8_2_2_01,50,798036986916937705245927179287917,50.16,50.33,558432,0.161396,1084,1,,6791,opt
hc-power-008-002,124,187,hc-power-008-002_01,50,162243043192809350629208,16.67,16.74,159656,0.016898,542,1,,6791,heur
SAT_exp_instance018,270,477,SAT_exp_instance018_01,99,873873569991273303134209907448251231957953821107712,671.67,674.22,37017060,515.450521,20438226,1,,3541,heur
hc-power-008-002,124,187,hc-power-008-002_01,50,162243043192809350629208,16.68,16.74,159572,0.016865,542,1,,6791,opt
sp010,130,822,sp010_01,20,13671275945845,42.870003,43.04,2115724,0.077871,229,1,,11253,opt
LGC_exp_instance007,343,399,LGC_exp_instance007_01,168,674516536127394145681870502747660267690305580542417422016749275459855100,949.99,951.71,33848116,97.035862,11862645,1,,2075,orig
sp010,130,822,sp010_01,20,13671275945845,46.940002,47.08,2113476,0.081037,284,1,,11253,orig
suzuki_instance_3_7_2_3,327,1803,suzuki_instance_3_7_2_3_01,44,39857365251895888743559670313178249,31.32,31.44,531736,0.447878,1416,1,,3347,heur
sp010,130,822,sp010_01,20,13671275945845,42.86,43.03,2103992,0.077763,229,1,,11253,heur
suzuki_instance_3_7_2_3,327,1803,suzuki_instance_3_7_2_3_01,44,39857365251895888743559670313178249,36.030003,36.16,538628,0.462739,1344,1,,3347,orig
LGC_exp_instance007,343,399,LGC_exp_instance007_01,168,674516536127394145681870502747660267690305580542417422016749275459855100,568.01996,568.9,8739188,3.844570,172186,1,,2075,heur
suzuki_instance_3_7_2_2,218,765,suzuki_instance_3_7_2_2_01,44,89347137426326164248329789619,18.57,18.64,278392,0.125430,944,1,,3347,heur
suzuki_instance_3_7_2_3,327,1803,suzuki_instance_3_7_2_3_01,44,39857365251895888743559670313178249,31.33,31.44,531636,0.446014,1416,1,,3347,opt
suzuki_instance_3_7_2_2,218,765,suzuki_instance_3_7_2_2_01,44,89347137426326164248329789619,18.58,18.65,278500,0.123715,944,1,,3347,opt
suzuki_instance_3_7_2_2,218,765,suzuki_instance_3_7_2_2_01,44,89347137426326164248329789619,20.140001,20.22,280816,0.124652,896,1,,3347,orig
suzuki_instance_2_20_2_3,612,3339,suzuki_instance_2_20_2_3_01,82,92836281667158209619484775759835272306896191785416034244960496828,303.07,304.14,4242620,1.765305,1674,1,,1722,heur
suzuki_instance_2_20_2_3,612,3339,suzuki_instance_2_20_2_3_01,82,92836281667158209619484775759835272306896191785416034244960496828,306.01,306.97,2279936,1.897906,1560,1,,1722,orig
suzuki_instance_2_20_2_3,612,3339,suzuki_instance_2_20_2_3_01,82,92836281667158209619484775759835272306896191785416034244960496828,300.15,301.17,4235612,2.000666,1674,1,,1722,opt
suzuki_instance_2_20_2_2,408,1416,suzuki_instance_2_20_2_2_01,82,2153362308063949620746303257670304057539674961384489621,203.17001,203.92,2121708,0.428371,1040,1,,1722,orig
sp009,117,738,sp009_01,18,681779022095,18.73,18.79,575048,0.065554,255,1,,5621,orig
suzuki_instance_2_20_2_2,408,1416,suzuki_instance_2_20_2_2_01,82,2153362308063949620746303257670304057539674961384489621,184.3,184.92,2196840,0.424445,1116,1,,1722,opt
suzuki_instance_2_20_2_2,408,1416,suzuki_instance_2_20_2_2_01,82,2153362308063949620746303257670304057539674961384489621,184.25,184.88,2197328,0.424941,1116,1,,1722,heur
hc-power-007-002,109,164,hc-power-007-002_01,44,262607190795765425815,6.16,6.19,80356,0.012870,472,1,,3347,heur
hc-power-007-002,109,164,hc-power-007-002_01,44,262607190795765425815,6.15,6.18,80228,0.013043,472,1,,3347,opt
suzuki_instance_2_19_2_3,582,3174,suzuki_instance_2_19_2_3_01,78,62840296913372394297278015774672363406294142104123320861548240,227.61,228.45999,2263356,1.577960,1590,1,,1560,opt
sp009,117,738,sp009_01,18,681779022095,15.47,15.53,579200,0.063062,206,1,,5621,heur
hc-power-007-002,109,164,hc-power-007-002_01,44,262607190795765425815,6.1,6.12,80276,0.012872,448,1,,3347,orig
sp009,117,738,sp009_01,18,681779022095,15.52,15.59,577236,0.063741,206,1,,5621,opt
suzuki_instance_2_19_2_3,582,3174,suzuki_instance_2_19_2_3_01,78,62840296913372394297278015774672363406294142104123320861548240,224.82,225.61,2261988,1.578608,1590,1,,1560,heur
SAT_exp_instance016,216,376,SAT_exp_instance016_01,80,43526523678932538394267340909466937163520,87.55,87.74,4447040,48.841349,3006930,1,,1753,heur
hc-square-020-002,204,303,hc-square-020-002_01,82,199388444362280815484779455078579869052,57,57.19,526888,0.043039,520,1,,1722,orig
suzuki_instance_2_19_2_3,582,3174,suzuki_instance_2_19_2_3_01,78,62840296913372394297278015774672363406294142104123320861548240,252.55,253.29,2195644,1.706149,1482,1,,1560,orig
suzuki_instance_2_19_2_2,388,1346,suzuki_instance_2_19_2_2_01,78,4802718257794601283142046295841752341768306917136825,150.76001,151.25,1148304,0.384606,988,1,,1560,orig
suzuki_instance_2_19_2_2,388,1346,suzuki_instance_2_19_2_2_01,78,4802718257794601283142046295841752341768306917136825,140.17,140.68,2106432,0.378626,1060,1,,1560,heur
hc-square-020-002,204,303,hc-square-020-002_01,82,199388444362280815484779455078579869052,60.19,60.38,537564,0.043584,558,1,,1722,heur
hc-square-020-002,204,303,hc-square-020-002_01,82,199388444362280815484779455078579869052,60.07,60.26,537252,0.043763,558,1,,1722,opt
suzuki_instance_2_19_2_2,388,1346,suzuki_instance_2_19_2_2_01,78,4802718257794601283142046295841752341768306917136825,139.75,140.24,2108232,0.381004,1060,1,,1560,opt
suzuki_instance_2_18_2_3,552,3009,suzuki_instance_2_18_2_3_01,74,42536202928921970451593051591547721633403543472584072487958,168.27,168.86,2184888,1.434145,1506,1,,1406,heur
suzuki_instance_2_18_2_3,552,3009,suzuki_instance_2_18_2_3_01,74,42536202928921970451593051591547721633403543472584072487958,186.11,186.66,2134952,1.620330,1404,1,,1406,orig
hc-square-019-002,194,288,hc-square-019-002_01,78,2686241509925626603670110545661959688,45.29,45.45,296144,0.039302,530,1,,1560,opt
hc-square-019-002,194,288,hc-square-019-002_01,78,2686241509925626603670110545661959688,43.14,43.31,288916,0.039184,494,1,,1560,orig
hc-square-019-002,194,288,hc-square-019-002_01,78,2686241509925626603670110545661959688,45.82,45.98,298092,0.039688,530,1,,1560,heur
suzuki_instance_2_18_2_3,552,3009,suzuki_instance_2_18_2_3_01,74,42536202928921970451593051591547721633403543472584072487958,168.84,169.43,2186692,1.435616,1506,1,,1406,opt
LGC_exp_instance006,258,300,LGC_exp_instance006_01,126,559559103355495408560789450412405323930946227170249700,101.81,102.15,1174492,0.546460,36994,1,,999,heur
LGC_exp_instance006,258,300,LGC_exp_instance006_01,126,559559103355495408560789450412405323930946227170249700,142.94,143.42,4295928,14.550664,1489525,1,,999,orig
LGC_exp_instance006,258,300,LGC_exp_instance006_01,126,559559103355495408560789450412405323930946227170249700,65.46,65.67,278812,0.089672,6668,1,,999,opt
suzuki_instance_2_18_2_2,368,1276,suzuki_instance_2_18_2_2_01,74,10711668248940392945112931222160280248064324191661,103.71,104.06,1142020,0.342444,1004,1,,1406,heur
suzuki_instance_2_17_2_3,522,2844,suzuki_instance_2_17_2_3_01,70,28792489031435583518091314088456983183173810004480116618,138.09001,138.54001,1159860,1.319179,1326,1,,1260,orig
suzuki_instance_2_17_2_3,522,2844,suzuki_instance_2_17_2_3_01,70,28792489031435583518091314088456983183173810004480116618,126.200005,126.64,2112140,1.276542,1422,1,,1260,opt
suzuki_instance_2_18_2_2,368,1276,suzuki_instance_2_18_2_2_01,74,10711668248940392945112931222160280248064324191661,103.76,104.1,1142972,0.338201,1004,1,,1406,opt
hc-square-018-002,184,273,hc-square-018-002_01,74,36190128634217743215750248053447622,32.34,32.44,282884,0.035099,468,1,,1406,orig
suzuki_instance_2_17_2_3,522,2844,suzuki_instance_2_17_2_3_01,70,28792489031435583518091314088456983183173810004480116618,126.54,126.99,2113552,1.251512,1422,1,,1260,heur
hc-square-018-002,184,273,hc-square-018-002_01,74,36190128634217743215750248053447622,33.79,33.9,286756,0.035233,502,1,,1406,heur
suzuki_instance_2_17_2_2,348,1206,suzuki_instance_2_17_2_2_01,70,23890603303481318489201407559578041427651337905,83.45,83.68,1071748,0.308068,884,1,,1260,orig
suzuki_instance_2_17_2_2,348,1206,suzuki_instance_2_17_2_2_01,70,23890603303481318489201407559578041427651337905,77.05,77.31,1098624,0.323068,948,1,,1260,heur
suzuki_instance_2_16_2_3,492,2679,suzuki_instance_2_16_2_3_01,66,19489455276734749087424541909137255302197790229882344,90.29,90.61,1131676,1.070157,1338,1,,1122,heur
suzuki_instance_2_16_2_3,492,2679,suzuki_instance_2_16_2_3_01,66,19489455276734749087424541909137255302197790229882344,100.560005,100.81,1095872,1.117250,1248,1,,1122,orig
suzuki_instance_2_17_2_2,348,1206,suzuki_instance_2_17_2_2_01,70,23890603303481318489201407559578041427651337905,77.03001,77.29,1098964,0.360868,948,1,,1260,opt
suzuki_instance_2_16_2_3,492,2679,suzuki_instance_2_16_2_3_01,66,19489455276734749087424541909137255302197790229882344,89.63,89.94,1132712,1.057305,1338,1,,1122,opt
suzuki_instance_2_18_2_2,368,1276,suzuki_instance_2_18_2_2_01,74,10711668248940392945112931222160280248064324191661,113.770004,114.15,1106364,0.346542,936,1,,1406,orig
hc-square-017-002,174,258,hc-square-017-002_01,70,487568003741215771887327606921774,23.66,23.74,273344,0.031459,442,1,,1260,orig
hc-square-017-002,174,258,hc-square-017-002_01,70,487568003741215771887327606921774,25.08,25.17,276736,0.032258,474,1,,1260,opt
hc-square-017-002,174,258,hc-square-017-002_01,70,487568003741215771887327606921774,25.05,25.14,276600,0.032224,474,1,,1260,heur
hc-square-018-002,184,273,hc-square-018-002_01,74,36190128634217743215750248053447622,33.92,34.04,286748,0.035330,502,1,,1406,opt
suzuki_instance_2_16_2_2,328,1136,suzuki_instance_2_16_2_2_01,66,53284036896939244677775714648097170144477701,55.820004,56.02,1052668,0.269785,892,1,,1122,opt
suzuki_instance_2_16_2_2,328,1136,suzuki_instance_2_16_2_2_01,66,53284036896939244677775714648097170144477701,59.12,59.31,571876,0.274469,832,1,,1122,orig
suzuki_instance_2_16_2_2,328,1136,suzuki_instance_2_16_2_2_01,66,53284036896939244677775714648097170144477701,56.09,56.26,1049924,0.273004,892,1,,1122,heur
LGC_exp_instance008,440,512,LGC_exp_instance008_01,216,359060566196216750998743630035998992574155431687784356274219296186833753951411469657575287300,1797.12,1800.12,35948888,27.379997,802714,0,,,heur
suzuki_instance_3_6_2_3,282,1551,suzuki_instance_3_6_2_3_01,38,762828863111767204090605371704,10.7699995,10.82,155464,0.332195,1206,1,,1631,heur
suzuki_instance_3_6_2_3,282,1551,suzuki_instance_3_6_2_3_01,38,762828863111767204090605371704,12.04,12.09,270552,0.337343,1146,1,,1631,orig
suzuki_instance_3_6_2_3,282,1551,suzuki_instance_3_6_2_3_01,38,762828863111767204090605371704,10.75,10.79,155564,0.330518,1206,1,,1631,opt
suzuki_instance_3_6_2_2,188,658,suzuki_instance_3_6_2_2_01,38,10003184184743758214255917,6.8799996,6.91,153208,0.092264,764,1,,1631,orig
LGC_exp_instance009,549,639,LGC_exp_instance009_01,270,84438494275099881091747988728364414990814061138830113567223612334910977569433421356363593260076749810615230106377500,1796.42,1800.26,73481108,157.764468,3647386,0,,,heur
suzuki_instance_2_15_2_3,462,2514,suzuki_instance_2_15_2_3_01,62,13192290064576793587158597864491637507770301077296,65.62,65.8,1065680,1.145617,1170,1,,992,orig
suzuki_instance_2_15_2_3,462,2514,suzuki_instance_2_15_2_3_01,62,13192290064576793587158597864491637507770301077296,64.64,64.87,1081936,0.929354,1254,1,,992,heur
suzuki_instance_3_6_2_2,188,658,suzuki_instance_3_6_2_2_01,38,10003184184743758214255917,6.4199996,6.44,152784,0.092424,804,1,,1631,heur
suzuki_instance_2_15_2_3,462,2514,suzuki_instance_2_15_2_3_01,62,13192290064576793587158597864491637507770301077296,64.47,64.7,1080612,1.065315,1254,1,,992,opt
hc-square-016-002,164,243,hc-square-016-002_01,66,6568712719286321404374469598152,18.06,18.12,152780,0.028642,446,1,,1122,heur
suzuki_instance_3_6_2_2,188,658,suzuki_instance_3_6_2_2_01,38,10003184184743758214255917,6.4100003,6.44,153900,0.092549,804,1,,1631,opt
hc-square-016-002,164,243,hc-square-016-002_01,66,6568712719286321404374469598152,17,17.05,152484,0.028075,416,1,,1122,orig
hc-square-016-002,164,243,hc-square-016-002_01,66,6568712719286321404374469598152,18.02,18.09,153732,0.028707,446,1,,1122,opt
suzuki_instance_2_15_2_2,308,1066,suzuki_instance_2_15_2_2_01,62,118841226065674894587740668021552491345385,39.66,39.81,566196,0.238133,836,1,,992,heur
suzuki_instance_2_15_2_2,308,1066,suzuki_instance_2_15_2_2_01,62,118841226065674894587740668021552491345385,39.54,39.69,566060,0.239291,836,1,,992,opt
sp008,104,654,sp008_01,16,33999945346,5.28,5.3,273156,0.049962,183,1,,2805,heur
suzuki_instance_2_15_2_2,308,1066,suzuki_instance_2_15_2_2_01,62,118841226065674894587740668021552491345385,39.68,39.8,553980,0.251327,780,1,,992,orig
sp008,104,654,sp008_01,16,33999945346,7.42,7.44,275440,0.050837,226,1,,2805,orig
hc-power-006-002,94,141,hc-power-006-002_01,38,425056971938806982,2.1100001,2.12,40180,0.009787,382,1,,1631,orig
hc-power-006-002,94,141,hc-power-006-002_01,38,425056971938806982,2.14,2.15,41204,0.009831,402,1,,1631,heur
hc-square-015-002,154,228,hc-square-015-002_01,62,88496346063379822743985273712,12.88,12.93,153512,0.025249,418,1,,992,heur
suzuki_instance_2_14_2_3,432,2349,suzuki_instance_2_14_2_3_01,58,8929778420009774016068432642916543647880937642,45.43,45.58,593220,0.982443,1170,1,,870,heur
sp008,104,654,sp008_01,16,33999945346,5.27,5.29,273496,0.049841,183,1,,2805,opt
hc-power-006-002,94,141,hc-power-006-002_01,38,425056971938806982,2.1399999,2.15,41204,0.009895,402,1,,1631,opt
suzuki_instance_2_14_2_3,432,2349,suzuki_instance_2_14_2_3_01,58,8929778420009774016068432642916543647880937642,45.210003,45.35,591580,0.809867,1170,1,,870,opt
suzuki_instance_2_14_2_3,432,2349,suzuki_instance_2_14_2_3_01,58,8929778420009774016068432642916543647880937642,46.74,46.87,579240,0.984270,1092,1,,870,orig
suzuki_instance_2_14_2_2,288,996,suzuki_instance_2_14_2_2_01,58,265055687130269151769894293463713635741,28.41,28.5,534068,0.220534,728,1,,870,orig
hc-square-015-002,154,228,hc-square-015-002_01,62,88496346063379822743985273712,12.839999,12.88,153596,0.025146,418,1,,992,opt
suzuki_instance_2_14_2_2,288,996,suzuki_instance_2_14_2_2_01,58,265055687130269151769894293463713635741,27.82,27.93,544420,0.210105,780,1,,870,opt
hc-square-015-002,154,228,hc-square-015-002_01,62,88496346063379822743985273712,12.24,12.28,152756,0.024878,390,1,,992,orig
suzuki_instance_2_14_2_2,288,996,suzuki_instance_2_14_2_2_01,58,265055687130269151769894293463713635741,27.91,28.02,544048,0.208557,780,1,,870,heur
SAT_exp_instance014,168,287,SAT_exp_instance014_01,63,34098220037949676163739599356800,14.62,14.67,580436,5.043713,435282,1,,861,heur
suzuki_instance_2_13_2_2,268,926,suzuki_instance_2_13_2_2_01,54,591162844796590793630071899127463265,19.92,19.99,284480,0.189880,676,1,,756,orig
suzuki_instance_2_13_2_3,402,2184,suzuki_instance_2_13_2_3_01,54,6044511016672398479454560608676295299263018,30.949999,31.07,558840,0.701475,1086,1,,756,opt
hc-square-014-002,144,213,hc-square-014-002_01,58,1192258453254501711333651114,9.01,9.05,153836,0.021696,390,1,,870,opt
suzuki_instance_2_13_2_3,402,2184,suzuki_instance_2_13_2_3_01,54,6044511016672398479454560608676295299263018,31.009998,31.13,557760,0.714026,1086,1,,756,heur
hc-square-014-002,144,213,hc-square-014-002_01,58,1192258453254501711333651114,9,9.03,153780,0.021884,390,1,,870,heur
suzuki_instance_2_13_2_3,402,2184,suzuki_instance_2_13_2_3_01,54,6044511016672398479454560608676295299263018,32.78,32.88,551100,0.842491,1014,1,,756,orig
hc-square-014-002,144,213,hc-square-014-002_01,58,1192258453254501711333651114,8.58,8.6,152444,0.021814,364,1,,870,orig
hc-square-013-002,134,198,hc-square-013-002_01,54,16062586565311667817634198,6.1099997,6.14,78368,0.019103,362,1,,756,heur
suzuki_instance_2_13_2_2,268,926,suzuki_instance_2_13_2_2_01,54,591162844796590793630071899127463265,18.95,19.01,290460,0.182162,724,1,,756,opt
suzuki_instance_2_13_2_2,268,926,suzuki_instance_2_13_2_2_01,54,591162844796590793630071899127463265,18.810001,18.89,290420,0.180755,724,1,,756,heur
hc-square-013-002,134,198,hc-square-013-002_01,54,16062586565311667817634198,6.1,6.13,78292,0.018839,362,1,,756,opt
hc-square-013-002,134,198,hc-square-013-002_01,54,16062586565311667817634198,5.8199997,5.84,77748,0.018816,338,1,,756,orig
suzuki_instance_2_12_2_3,372,2019,suzuki_instance_2_12_2_3_01,50,4091491603957850724017436965045194606492,21.02,21.08,530020,0.602626,1002,1,,650,heur
LGC_exp_instance005,185,215,LGC_exp_instance005_01,90,204378652937287921022196675453652622940,20.7,20.77,542864,1.594679,184949,1,,467,orig
suzuki_instance_2_12_2_3,372,2019,suzuki_instance_2_12_2_3_01,50,4091491603957850724017436965045194606492,22.54,22.62,298328,0.704407,936,1,,650,orig
LGC_exp_instance005,185,215,LGC_exp_instance005_01,90,204378652937287921022196675453652622940,15.12,15.16,272140,0.075749,7666,1,,467,heur
suzuki_instance_2_12_2_2,248,856,suzuki_instance_2_12_2_2_01,50,1318490890920742269501211023281781,13.93,13.98,272208,0.160759,624,1,,650,orig
LGC_exp_instance005,185,215,LGC_exp_instance005_01,90,204378652937287921022196675453652622940,10.38,10.41,74804,0.036051,2444,1,,467,opt
suzuki_instance_2_12_2_3,372,2019,suzuki_instance_2_12_2_3_01,50,4091491603957850724017436965045194606492,20.960001,21.04,530368,0.592527,1002,1,,650,opt
suzuki_instance_2_12_2_2,248,856,suzuki_instance_2_12_2_2_01,50,1318490890920742269501211023281781,12.66,12.71,275864,0.154329,668,1,,650,heur
suzuki_instance_2_12_2_2,248,856,suzuki_instance_2_12_2_2_01,50,1318490890920742269501211023281781,12.679999,12.73,275888,0.153961,668,1,,650,opt
suzuki_instance_3_5_2_3,237,1299,suzuki_instance_3_5_2_3_01,32,14599757659552808618553475,3.52,3.53,79016,0.230471,996,1,,779,heur
hc-square-012-002,124,183,hc-square-012-002_01,50,216401642163954775969628,3.9099998,3.92,73700,0.016089,312,1,,650,orig
suzuki_instance_3_5_2_3,237,1299,suzuki_instance_3_5_2_3_01,32,14599757659552808618553475,3.85,3.87,80304,0.234310,948,1,,779,orig
suzuki_instance_3_5_2_3,237,1299,suzuki_instance_3_5_2_3_01,32,14599757659552808618553475,3.52,3.53,79056,0.229699,996,1,,779,opt
sp007,91,570,sp007_01,14,1695558599,2.2900002,2.3,76480,0.039254,197,1,,1397,orig
hc-square-012-002,124,183,hc-square-012-002_01,50,216401642163954775969628,4.05,4.06,74392,0.016222,334,1,,650,opt
hc-square-012-002,124,183,hc-square-012-002_01,50,216401642163954775969628,4.06,4.08,74056,0.016085,334,1,,650,heur
suzuki_instance_2_11_2_3,342,1854,suzuki_instance_2_11_2_3_01,46,2769505010261921082592573804929936952,15.41,15.46,282688,0.526653,858,1,,552,orig
sp007,91,570,sp007_01,14,1695558599,1.74,1.76,78424,0.038402,160,1,,1397,heur
sp007,91,570,sp007_01,14,1695558599,1.7600001,1.77,78940,0.038560,160,1,,1397,opt
suzuki_instance_2_11_2_3,342,1854,suzuki_instance_2_11_2_3_01,46,2769505010261921082592573804929936952,13.66,13.69,286460,0.473748,918,1,,552,heur
suzuki_instance_2_11_2_2,228,786,suzuki_instance_2_11_2_2_01,46,2940675728764944971284823499545,9.62,9.66,153580,0.136253,572,1,,552,orig
suzuki_instance_3_5_2_2,158,551,suzuki_instance_3_5_2_2_01,32,1119942917786002694387,2.1999998,2.2,72028,0.065776,632,1,,779,orig
suzuki_instance_3_5_2_2,158,551,suzuki_instance_3_5_2_2_01,32,1119942917786002694387,2.1100001,2.12,71744,0.066315,664,1,,779,heur
suzuki_instance_2_11_2_2,228,786,suzuki_instance_2_11_2_2_01,46,2940675728764944971284823499545,8.21,8.25,154472,0.131625,612,1,,552,opt
hc-power-005-002,79,118,hc-power-005-002_01,32,687998789526551,0.68,0.68,35060,0.007050,316,1,,779,orig
suzuki_instance_2_11_2_2,228,786,suzuki_instance_2_11_2_2_01,46,2940675728764944971284823499545,8.26,8.29,153332,0.130917,612,1,,552,heur
suzuki_instance_3_5_2_2,158,551,suzuki_instance_3_5_2_2_01,32,1119942917786002694387,2.1200001,2.14,71064,0.066213,664,1,,779,opt
hc-power-005-002,79,118,hc-power-005-002_01,32,687998789526551,0.72999996,0.74,34036,0.007047,332,1,,779,heur
LGC_exp_instance010,670,780,LGC_exp_instance010_01,330,8769445788604745105477614667740361376037738950792360615150046573431042549414698097680861862760974571734891668444320449952587107456776812622500,1796.2201,1800.43,139207136,905.544817,16377754,0,,,heur
hc-square-011-002,114,168,hc-square-011-002_01,46,2915450169923966881488,2.6699998,2.68,70700,0.013672,306,1,,552,heur
hc-power-005-002,79,118,hc-power-005-002_01,32,687998789526551,0.69,0.69,36084,0.007114,332,1,,779,opt
suzuki_instance_2_11_2_3,342,1854,suzuki_instance_2_11_2_3_01,46,2769505010261921082592573804929936952,13.679999,13.74,286456,0.476186,918,1,,552,opt
hc-square-011-002,114,168,hc-square-011-002_01,46,2915450169923966881488,2.51,2.52,41204,0.013465,286,1,,552,orig
hc-square-011-002,114,168,hc-square-011-002_01,46,2915450169923966881488,2.6599998,2.66,71500,0.013498,306,1,,552,opt
suzuki_instance_2_10_2_3,312,1689,suzuki_instance_2_10_2_3_01,42,1874660574751334469860327499409990,10.45,10.49,270128,0.436950,780,1,,462,orig
suzuki_instance_2_10_2_2,208,716,suzuki_instance_2_10_2_2_01,42,6558690546362725829645703821,5.14,5.15,154004,0.107738,556,1,,462,opt
suzuki_instance_2_10_2_3,312,1689,suzuki_instance_2_10_2_3_01,42,1874660574751334469860327499409990,8.96,9,272512,0.394464,834,1,,462,heur
suzuki_instance_2_10_2_2,208,716,suzuki_instance_2_10_2_2_01,42,6558690546362725829645703821,6.2,6.23,153196,0.112427,520,1,,462,orig
suzuki_instance_2_10_2_3,312,1689,suzuki_instance_2_10_2_3_01,42,1874660574751334469860327499409990,8.740001,8.78,272512,0.392844,834,1,,462,opt
LGC_exp_instance008,440,512,LGC_exp_instance008_01,216,359060566196216750998743630035998992574155431687784356274219296186833753951411469657575287300,1796.53,1800.45,135519848,788.911510,94290549,0,,,orig
suzuki_instance_2_10_2_2,208,716,suzuki_instance_2_10_2_2_01,42,6558690546362725829645703821,5.44,5.47,153856,0.116662,556,1,,462,heur
SAT_exp_instance012,126,210,SAT_exp_instance012_01,48,415653365128275123681600,2.16,2.17,76624,0.221172,41618,1,,417,opt
hc-square-010-002,104,153,hc-square-010-002_01,42,39278120111814364054,1.5699999,1.59,38132,0.011538,260,1,,462,orig
SAT_exp_instance012,126,210,SAT_exp_instance012_01,48,415653365128275123681600,2.26,2.28,77248,0.297196,57490,1,,417,heur
SAT_exp_instance012,126,210,SAT_exp_instance012_01,48,415653365128275123681600,1164.5701,1168.97,76460616,1088.198530,142539591,1,,417,orig
suzuki_instance_2_9_2_3,282,1524,suzuki_instance_2_9_2_3_01,38,1268945987642259965385005581186,5.24,5.25,155452,0.322268,750,1,,380,heur
hc-square-010-002,104,153,hc-square-010-002_01,42,39278120111814364054,1.6400001,1.65,39160,0.013557,278,1,,462,heur
suzuki_instance_2_9_2_3,282,1524,suzuki_instance_2_9_2_3_01,38,1268945987642259965385005581186,5.2,5.22,155456,0.314423,750,1,,380,opt
suzuki_instance_2_9_2_3,282,1524,suzuki_instance_2_9_2_3_01,38,1268945987642259965385005581186,5.73,5.76,154324,0.324916,702,1,,380,orig
suzuki_instance_2_9_2_2,188,646,suzuki_instance_2_9_2_2_01,38,14628073834245660412798225,3.11,3.13,78220,0.092069,500,1,,380,heur
hc-square-010-002,104,153,hc-square-010-002_01,42,39278120111814364054,1.64,1.65,39156,0.011310,278,1,,462,opt
sp006,78,486,sp006_01,12,84556576,0.61,0.62,37888,0.028756,168,1,,693,orig
suzuki_instance_2_9_2_2,188,646,suzuki_instance_2_9_2_2_01,38,14628073834245660412798225,3.1399999,3.15,76556,0.088668,468,1,,380,orig
sp006,78,486,sp006_01,12,84556576,0.54,0.55,38132,0.028591,137,1,,693,heur
hc-square-009-002,94,138,hc-square-009-002_01,38,529170669913507910,1,1.01,37108,0.009475,250,1,,380,heur
sp006,78,486,sp006_01,12,84556576,0.57,0.58,38132,0.029032,137,1,,693,opt
suzuki_instance_2_9_2_2,188,646,suzuki_instance_2_9_2_2_01,38,14628073834245660412798225,3.04,3.06,77888,0.088572,500,1,,380,opt
hc-square-009-002,94,138,hc-square-009-002_01,38,529170669913507910,0.95,0.96,36084,0.009378,234,1,,380,orig
hc-square-009-002,94,138,hc-square-009-002_01,38,529170669913507910,1.01,1.02,37108,0.009392,250,1,,380,opt
suzuki_instance_2_8_2_3,252,1359,suzuki_instance_2_8_2_3_01,34,858941581873841971077624184,3.03,3.04,81424,0.247738,666,1,,306,heur
suzuki_instance_2_8_2_3,252,1359,suzuki_instance_2_8_2_3_01,34,858941581873841971077624184,3.24,3.26,79808,0.254580,624,1,,306,orig
suzuki_instance_2_8_2_2,168,576,suzuki_instance_2_8_2_2_01,34,32625497816604949157861,1.8000001,1.82,71272,0.072859,416,1,,306,orig
suzuki_instance_2_8_2_2,168,576,suzuki_instance_2_8_2_2_01,34,32625497816604949157861,1.76,1.77,72828,0.070409,444,1,,306,opt
suzuki_instance_2_8_2_3,252,1359,suzuki_instance_2_8_2_3_01,34,858941581873841971077624184,3.04,3.06,81200,0.250539,666,1,,306,opt
suzuki_instance_3_4_2_3,192,1047,suzuki_instance_3_4_2_3_01,26,279424316966618343604,1.1,1.11,41204,0.152444,786,1,,359,heur
suzuki_instance_3_4_2_3,192,1047,suzuki_instance_3_4_2_3_01,26,279424316966618343604,1.0999999,1.11,41208,0.152698,786,1,,359,opt
suzuki_instance_2_8_2_2,168,576,suzuki_instance_2_8_2_2_01,34,32625497816604949157861,1.75,1.77,73436,0.070382,444,1,,306,heur
suzuki_instance_3_4_2_2,128,444,suzuki_instance_3_4_2_2_01,26,125387290952498413,0.67,0.68,36084,0.043888,500,1,,359,orig
LGC_exp_instance004,124,144,LGC_exp_instance004_01,60,32514909110582995049377860,1.56,1.57,37108,0.019727,1694,1,,207,heur
suzuki_instance_3_4_2_2,128,444,suzuki_instance_3_4_2_2_01,26,125387290952498413,0.6,0.61,37108,0.043378,524,1,,359,heur
suzuki_instance_3_4_2_2,128,444,suzuki_instance_3_4_2_2_01,26,125387290952498413,0.61,0.62,37108,0.043529,524,1,,359,opt
LGC_exp_instance004,124,144,LGC_exp_instance004_01,60,32514909110582995049377860,1.94,1.95,69636,0.087643,22389,1,,207,orig
LGC_exp_instance004,124,144,LGC_exp_instance004_01,60,32514909110582995049377860,1.22,1.22,36080,0.014499,890,1,,207,opt
hc-square-008-002,84,123,hc-square-008-002_01,34,7129200610914264,0.55999994,0.56,35060,0.007537,208,1,,306,orig
hc-power-004-002,64,95,hc-power-004-002_01,26,1113597391920,0.2,0.21,33012,0.004772,250,1,,359,orig
hc-square-008-002,84,123,hc-square-008-002_01,34,7129200610914264,0.57,0.58,36084,0.007624,222,1,,306,heur
hc-power-004-002,64,95,hc-power-004-002_01,26,1113597391920,0.2,0.21,34036,0.004758,262,1,,359,heur
hc-square-008-002,84,123,hc-square-008-002_01,34,7129200610914264,0.56,0.58,36084,0.007594,222,1,,306,opt
suzuki_instance_2_7_2_3,222,1194,suzuki_instance_2_7_2_3_01,30,581412170617301011055272,1.86,1.88,73992,0.197984,546,1,,240,orig
hc-power-004-002,64,95,hc-power-004-002_01,26,1113597391920,0.2,0.21,34036,0.004730,262,1,,359,opt
suzuki_instance_2_7_2_2,148,506,suzuki_instance_2_7_2_2_01,30,72765773528499327305,1.05,1.07,39156,0.054944,388,1,,240,heur
suzuki_instance_2_7_2_3,222,1194,suzuki_instance_2_7_2_3_01,30,581412170617301011055272,1.93,1.95,75100,0.343547,582,1,,240,opt
suzuki_instance_2_7_2_3,222,1194,suzuki_instance_2_7_2_3_01,30,581412170617301011055272,1.6899999,1.7,74804,0.193381,582,1,,240,heur
suzuki_instance_2_7_2_2,148,506,suzuki_instance_2_7_2_2_01,30,72765773528499327305,0.97,0.98,40180,0.055204,364,1,,240,orig
grid090x090,8100,16020,grid090x090_02_9631,4049,,1795.79,1800.42,140043532,,,0,,,orig
suzuki_instance_2_7_2_2,148,506,suzuki_instance_2_7_2_2_01,30,72765773528499327305,0.94,0.94,39156,0.054868,388,1,,240,opt
grid090x090,8100,16020,grid090x090_04_4969,4049,,1795.63,1800.42,140043528,,,0,,,orig
grid090x090,8100,16020,grid090x090_01_0710,4048,,1795.8601,1800.41,139998568,,,0,,,orig
grid090x090,8100,16020,grid090x090_02_9631,4049,,1796.2899,1800.1,33810400,,,0,,,heur
grid090x090,8100,16020,grid090x090_03_8778,4048,,1795.77,1800.42,139998568,,,0,,,orig
grid090x090,8100,16020,grid090x090_01_0710,4048,,1796.2999,1800.1,33809416,,,0,,,heur
grid090x090,8100,16020,grid090x090_04_4969,4049,,1796.25,1800.1,33810400,,,0,,,heur
suzuki_instance_3_4_2_3,192,1047,suzuki_instance_3_4_2_3_01,26,279424316966618343604,1.21,1.21,41200,0.154084,750,1,,359,orig
hc-square-007-002,74,108,hc-square-007-002_01,30,96047464911400,0.3,0.32,34036,0.005963,182,1,,240,orig
grid090x090,8100,16020,grid090x090_03_8778,4048,,1796.3,1800.1,33809416,,,0,,,heur
hc-square-007-002,74,108,hc-square-007-002_01,30,96047464911400,0.32,0.32,35060,0.005960,194,1,,240,heur
ph-19-18,7529,13857,ph-19-18_01,3441,,1796.57,1800.71,142058336,,,0,,,heur
hc-square-007-002,74,108,hc-square-007-002_01,30,96047464911400,0.32,0.32,35060,0.005973,194,1,,240,opt
ph-19-19,7947,14807,ph-19-19_01,3631,,1796.64,1800.74,142592744,,,0,,,heur
SAT_exp_instance010,90,145,SAT_exp_instance010_01,35,77378485134230208,51.98,52.18,4593036,48.796040,8354830,1,,197,orig
grid080x080,6400,12640,grid080x080_01_9321,3199,,1795.8601,1800.43,145305376,,,0,,,orig
grid080x080,6400,12640,grid080x080_02_8623,3198,,1795.8401,1800.43,144942836,,,0,,,orig
SAT_exp_instance010,90,145,SAT_exp_instance010_01,35,77378485134230208,0.37,0.38,36084,0.034139,11530,1,,197,heur
grid080x080,6400,12640,grid080x080_03_8653,3199,,1795.86,1800.43,144322828,,,0,,,orig
grid080x080,6400,12640,grid080x080_04_8592,3198,,1795.79,1800.43,144615292,,,0,,,orig
SAT_exp_instance010,90,145,SAT_exp_instance010_01,35,77378485134230208,0.38,0.39,36088,0.032502,9034,1,,197,opt
grid080x080,6400,12640,grid080x080_03_8653,3199,,1796.2301,1800.1,33609620,,,0,,,heur
grid080x080,6400,12640,grid080x080_01_9321,3199,,1796.25,1800.1,33608696,,,0,,,heur
grid080x080,6400,12640,grid080x080_04_8592,3198,,1796.25,1800.1,33614036,,,0,,,heur
grid080x080,6400,12640,grid080x080_02_8623,3198,,1796.26,1800.1,33614040,,,0,,,heur
sp005,65,402,sp005_01,10,4216790,0.2,0.2,34036,0.020673,114,1,,341,heur
sp005,65,402,sp005_01,10,4216790,0.19999999,0.21,33792,0.020254,139,1,,341,orig
ph-18-18,6809,12642,ph-18-18_01,3098,,1796.5901,1800.64,140352492,,,0,,,heur
suzuki_instance_2_6_2_3,192,1029,suzuki_instance_2_6_2_3_01,26,393554252451204693994,0.89,0.9,41204,0.145673,498,1,,182,heur
sp005,65,402,sp005_01,10,4216790,0.17999999,0.19,35060,0.020147,114,1,,341,opt
suzuki_instance_2_6_2_3,192,1029,suzuki_instance_2_6_2_3_01,26,393554252451204693994,0.94,0.96,40180,0.148069,468,1,,182,orig
suzuki_instance_2_6_2_2,128,436,suzuki_instance_2_6_2_2_01,26,162292015497931901,0.51,0.51,36084,0.041716,312,1,,182,orig
suzuki_instance_2_6_2_3,192,1029,suzuki_instance_2_6_2_3_01,26,393554252451204693994,0.88,0.89,41200,0.146613,498,1,,182,opt
ph-18-17,6431,11787,ph-18-17_01,2927,,1796.59,1800.66,139900660,,,0,,,heur
ph-18-17,6431,11787,ph-18-17_01,2927,,1796.0701,1800.67,139605800,,,0,,,orig
ph-17-17,5785,10699,ph-17-17_01,2620,,1795.73,1800.6,139528380,,,0,,,orig
ph-17-17,5785,10699,ph-17-17_01,2620,,1796.4701,1800.64,141389652,,,0,,,heur
suzuki_instance_2_6_2_2,128,436,suzuki_instance_2_6_2_2_01,26,162292015497931901,0.49,0.49,37104,0.041178,332,1,,182,opt
hc-square-006-002,64,93,hc-square-006-002_01,26,1293990170762,0.16000001,0.17,33012,0.004526,156,1,,182,orig
hc-square-006-002,64,93,hc-square-006-002_01,26,1293990170762,0.17,0.17,35060,0.004508,166,1,,182,opt
hc-square-006-002,64,93,hc-square-006-002_01,26,1293990170762,0.17,0.17,34036,0.004550,166,1,,182,heur
ph-17-16,5445,9934,ph-17-16_01,2467,,1796.49,1800.59,141157220,,,0,,,heur
ph-17-16,5445,9934,ph-17-16_01,2467,,1795.6901,1800.62,141122356,,,0,,,orig
suzuki_instance_2_6_2_2,128,436,suzuki_instance_2_6_2_2_01,26,162292015497931901,0.48,0.49,37108,0.041708,332,1,,182,heur
grid070x070,4900,9660,grid070x070_01_6558,2449,,1795.8,1800.44,148550812,,,0,,,orig
grid070x070,4900,9660,grid070x070_03_4857,2448,,1795.65,1800.44,148654420,,,0,,,orig
grid070x070,4900,9660,grid070x070_02_7903,2448,,1795.84,1800.44,148502192,,,0,,,orig
grid070x070,4900,9660,grid070x070_04_3525,2449,,1796.1699,1800.1,33283800,,,0,,,heur
grid070x070,4900,9660,grid070x070_04_3525,2449,,1795.7201,1800.44,148551168,,,0,,,orig
grid070x070,4900,9660,grid070x070_01_6558,2449,,1796.28,1800.1,33379784,,,0,,,heur
4-FullIns_5,4146,77305,4-FullIns_5_02,2070,,1795.9199,1800.44,77784356,,,0,,,heur
grid070x070,4900,9660,grid070x070_02_7903,2448,,1796.29,1800.1,33379388,,,0,,,heur
ph-16-16,4869,8966,ph-16-16_01,2194,,1796.47,1800.6,146304148,,,0,,,heur
4-FullIns_5,4146,77305,4-FullIns_5_02,2070,,1796.35,1800.64,170201252,,,0,,,orig
ph-16-16,4869,8966,ph-16-16_01,2194,,1795.5499,1800.66,145472632,,,0,,,orig
grid070x070,4900,9660,grid070x070_03_4857,2448,,1796.28,1800.1,33411488,,,0,,,heur
4-FullIns_5,4146,77305,4-FullIns_5_01,2070,,1796.41,1800.65,157890724,,,0,,,orig
4-FullIns_5,4146,77305,4-FullIns_5_01,2070,,1795.7899,1800.44,77782680,,,0,,,heur
ph-16-15,4565,8286,ph-16-15_01,2058,,1795.64,1800.61,145566676,,,0,,,orig
suzuki_instance_2_5_2_3,162,864,suzuki_instance_2_5_2_3_01,22,266394405319018354,0.46,0.47,38136,0.105458,390,1,,132,orig
suzuki_instance_2_5_2_3,162,864,suzuki_instance_2_5_2_3_01,22,266394405319018354,0.44,0.45,38132,0.105767,414,1,,132,heur
suzuki_instance_2_5_2_2,108,366,suzuki_instance_2_5_2_2_01,22,361965481870785,0.24000001,0.25,36084,0.029324,260,1,,132,orig
suzuki_instance_2_5_2_3,162,864,suzuki_instance_2_5_2_3_01,22,266394405319018354,0.44,0.45,38132,0.105194,414,1,,132,opt
suzuki_instance_2_5_2_2,108,366,suzuki_instance_2_5_2_2_01,22,361965481870785,0.25,0.26,35908,0.030119,276,1,,132,heur
ph-16-15,4565,8286,ph-16-15_01,2058,,1796.4601,1800.59,145876796,,,0,,,heur
suzuki_instance_2_5_2_2,108,366,suzuki_instance_2_5_2_2_01,22,361965481870785,0.24000001,0.25,36084,0.030155,276,1,,132,opt
ph-15-15,4055,7431,ph-15-15_01,1817,,1795.78,1800.6,147811852,,,0,,,orig
ph-15-15,4055,7431,ph-15-15_01,1817,,1796.62,1800.54,142249136,,,0,,,heur
grid060x060,3600,7080,grid060x060_03_2183,1798,,1795.89,1800.42,141936080,,,0,,,orig
grid060x060,3600,7080,grid060x060_04_3263,1799,,1795.99,1800.42,141944100,,,0,,,orig
grid060x060,3600,7080,grid060x060_01_5912,1799,,1795.97,1800.42,141944100,,,0,,,orig
grid060x060,3600,7080,grid060x060_02_4571,1798,,1795.83,1800.42,141935032,,,0,,,orig
grid060x060,3600,7080,grid060x060_01_5912,1799,,1796.38,1800.1,33266332,,,0,,,heur
grid060x060,3600,7080,grid060x060_03_2183,1798,,1796.27,1800.1,33258440,,,0,,,heur
hc-square-005-002,54,78,hc-square-005-002_01,22,17433157278,0.08,0.09,33012,0.003251,130,1,,132,orig
grid060x060,3600,7080,grid060x060_04_3263,1799,,1796.26,1800.1,33266852,,,0,,,heur
grid060x060,3600,7080,grid060x060_02_4571,1798,,1796.2301,1800.1,33257920,,,0,,,heur
hc-square-005-002,54,78,hc-square-005-002_01,22,17433157278,0.08,0.09,34036,0.003251,138,1,,132,opt
hc-square-005-002,54,78,hc-square-005-002_01,22,17433157278,0.08,0.09,34036,0.003267,138,1,,132,heur
ph-15-14,3785,6831,ph-15-14_01,1697,,1795.77,1800.62,145945548,,,0,,,orig
ph-14-14,3337,6082,ph-14-14_01,1486,,1795.72,1800.53,143848724,,,0,,,orig
LGC_exp_instance003,75,87,LGC_exp_instance003_01,36,2182279538746620,0.12,0.12,34040,0.005053,245,1,,83,heur
ph-14-14,3337,6082,ph-14-14_01,1486,,1796.59,1800.62,144889260,,,0,,,heur
ph-15-14,3785,6831,ph-15-14_01,1697,,1796.6,1800.53,141888260,,,0,,,heur
LGC_exp_instance003,75,87,LGC_exp_instance003_01,36,2182279538746620,0.11,0.12,34040,0.005089,245,1,,83,opt
LGC_exp_instance003,75,87,LGC_exp_instance003_01,36,2182279538746620,0.16,0.16,32768,0.009964,2421,1,,83,orig
ph-14-13,3099,5557,ph-14-13_01,1381,,1795.89,1800.59,142086000,,,0,,,orig
sp004,52,318,sp004_01,8,210289,0.08,0.08,32768,0.012925,110,1,,165,orig
sp004,52,318,sp004_01,8,210289,0.060000002,0.07,34036,0.012900,91,1,,165,heur
sp004,52,318,sp004_01,8,210289,0.060000002,0.07,34036,0.012746,91,1,,165,opt
suzuki_instance_2_4_2_3,132,699,suzuki_instance_2_4_2_3_01,18,180320709759388,0.22,0.22,36084,0.069323,312,1,,90,orig
SAT_exp_instance008,60,92,SAT_exp_instance008_01,24,212905178628,0.060000002,0.07,34036,0.007404,2163,1,,89,opt
SAT_exp_instance008,60,92,SAT_exp_instance008_01,24,212905178628,2.3400002,2.34,155668,2.082060,429236,1,,89,orig
SAT_exp_instance008,60,92,SAT_exp_instance008_01,24,212905178628,0.06,0.07,34036,0.010776,3771,1,,89,heur
suzuki_instance_2_4_2_3,132,699,suzuki_instance_2_4_2_3_01,18,180320709759388,0.21,0.21,36084,0.069238,330,1,,90,heur
suzuki_instance_2_4_2_3,132,699,suzuki_instance_2_4_2_3_01,18,180320709759388,0.2,0.22,36084,0.069621,330,1,,90,opt
ph-14-13,3099,5557,ph-14-13_01,1381,,1796.57,1800.61,145486552,,,0,,,heur
grid050x050,2500,4900,grid050x050_03_4298,1249,,1796.24,1800.06,18574228,,,0,,,heur
grid050x050,2500,4900,grid050x050_03_4298,1249,,1795.94,1800.43,147222592,,,0,,,orig
grid050x050,2500,4900,grid050x050_01_8271,1249,,1795.95,1800.43,147878144,,,0,,,orig
grid050x050,2500,4900,grid050x050_02_8314,1248,,1795.96,1800.43,146561676,,,0,,,orig
grid050x050,2500,4900,grid050x050_02_8314,1248,,1796.2799,1800.06,18492280,,,0,,,heur
grid050x050,2500,4900,grid050x050_04_8232,1248,,1795.96,1800.43,147872368,,,0,,,orig
grid050x050,2500,4900,grid050x050_01_8271,1249,,1796.25,1800.06,18574752,,,0,,,heur
ph-13-13,2709,4907,ph-13-13_01,1198,,1796.48,1800.63,146100548,,,0,,,heur
ph-13-13,2709,4907,ph-13-13_01,1198,,1795.74,1800.54,140015284,,,0,,,orig
grid050x050,2500,4900,grid050x050_04_8232,1248,,1796.3401,1800.06,18574736,,,0,,,heur
suzuki_instance_2_4_2_2,88,296,suzuki_instance_2_4_2_2_01,18,807304121941,0.11,0.12,34036,0.019620,208,1,,90,orig
ph-13-12,2501,4452,ph-13-12_01,1107,,1795.74,1800.51,138399860,,,0,,,orig
suzuki_instance_2_4_2_2,88,296,suzuki_instance_2_4_2_2_01,18,807304121941,0.11,0.11,35060,0.019478,220,1,,90,heur
ph-13-12,2501,4452,ph-13-12_01,1107,,1796.51,1800.66,145092436,,,0,,,heur
suzuki_instance_2_4_2_2,88,296,suzuki_instance_2_4_2_2_01,18,807304121941,0.11,0.11,34036,0.019531,220,1,,90,opt
hc-square-004-002,44,63,hc-square-004-002_01,18,234866524,0.04,0.04,31988,0.002284,104,1,,90,orig
hc-square-004-002,44,63,hc-square-004-002_01,18,234866524,0.04,0.04,34036,0.002304,110,1,,90,heur
hc-square-004-002,44,63,hc-square-004-002_01,18,234866524,0.04,0.04,34036,0.002284,110,1,,90,opt
3-FullIns_5,2030,33751,3-FullIns_5_01,1009,,1796.37,1800.52,150304544,,,0,,,orig
3-FullIns_5,2030,33751,3-FullIns_5_01,1009,,1795.9199,1800.52,138936100,,,0,,,heur
3-FullIns_5,2030,33751,3-FullIns_5_02,1008,,1795.93,1800.54,138938756,,,0,,,heur
3-FullIns_5,2030,33751,3-FullIns_5_02,1008,,1796.39,1800.53,150156872,,,0,,,orig
hc-power-12,36,51,hc-power-12_01,15,7636103,0.01,0.02,31988,0.001617,174,1,,69,orig
ph-12-12,2165,3894,ph-12-12_01,950,,1796.4299,1800.71,145841684,,,0,,,heur
ph-12-12,2165,3894,ph-12-12_01,950,,1795.64,1800.53,142216336,,,0,,,orig
ph-12-11,1985,3504,ph-12-11_01,872,,1795.76,1800.55,147169064,,,0,,,orig
ph-12-11,1985,3504,ph-12-11_01,872,,1796.58,1800.76,150663740,,,0,,,heur
hc-power-12,36,51,hc-power-12_01,15,7636103,0.02,0.02,33012,0.001601,118,1,,69,heur
hc-power-12,36,51,hc-power-12_01,15,7636103,0.02,0.02,33012,0.001607,118,1,,69,opt
grid040x040,1600,3120,grid040x040_01_6703,799,,1796.03,1800.4,138484116,,,0,,,orig
grid040x040,1600,3120,grid040x040_04_3680,798,,1796.06,1800.4,138677536,,,0,,,orig
grid040x040,1600,3120,grid040x040_01_6703,799,,1796.1799,1800.06,18551908,,,0,,,heur
grid040x040,1600,3120,grid040x040_02_3552,799,,1796.11,1800.4,138484116,,,0,,,orig
grid040x040,1600,3120,grid040x040_03_0746,798,,1796.12,1800.4,138677536,,,0,,,orig
grid040x040,1600,3120,grid040x040_04_3680,798,,1796.24,1800.06,18552140,,,0,,,heur
grid040x040,1600,3120,grid040x040_03_0746,798,,1796.25,1800.06,18552136,,,0,,,heur
grid040x040,1600,3120,grid040x040_02_3552,799,,1796.2201,1800.06,18551908,,,0,,,heur
ph-11-11,1699,3031,ph-11-11_01,739,,3586.92,3601,295546464,,,0,,,orig
ph-11-11,1699,3031,ph-11-11_01,739,,3592.5,3606,269067888,,,0,,,heur
3-Insertions_5,1406,9695,3-Insertions_5_02,700,,1796.41,1800.48,144927280,,,0,,,orig
3-Insertions_5,1406,9695,3-Insertions_5_01,701,,1796.07,1800.48,133301140,,,0,,,heur
3-Insertions_5,1406,9695,3-Insertions_5_01,701,,1796.45,1800.48,145106896,,,0,,,orig
sp003,39,234,sp003_01,6,10487,0.03,0.04,33792,0.007428,81,1,,77,orig
3-Insertions_5,1406,9695,3-Insertions_5_02,700,,1795.95,1800.48,133311492,,,0,,,heur
sp003,39,234,sp003_01,6,10487,0.02,0.03,33012,0.007396,68,1,,77,heur
sp003,39,234,sp003_01,6,10487,0.03,0.03,33012,0.007383,68,1,,77,opt
ash958GPIA,1916,12506,ash958GPIA_01,662,,1796.79,1800.41,137436908,,,0,,,heur
ash958GPIA,1916,12506,ash958GPIA_01,662,,1795.9199,1800.41,141238800,,,0,,,orig
ash958GPIA,1916,12506,ash958GPIA_02,661,,1795.97,1800.41,141199888,,,0,,,orig
ph-11-10,1545,2701,ph-11-10_01,673,,1795.78,1800.52,145638176,,,0,,,orig
ash958GPIA,1916,12506,ash958GPIA_02,661,,1796.82,1800.41,137472984,,,0,,,heur
ph-11-10,1545,2701,ph-11-10_01,673,,1796.3301,1800.64,144412712,,,0,,,heur
anna,138,493,anna_02,79,246319342336314321386707353600,3110.9302,3119.66,151402700,2839.226206,240778360,1,,13,orig
anna,138,493,anna_02,79,246319342336314321386707353600,2.6299999,2.64,275752,2.398439,11785,1,,13,heur
ph-05-04,165,256,ph-05-04_01,67,753738554891557952055688747206339,156.32,156.97,4204164,1.584619,355369,1,,-1,heur
ph-10-10,1305,2306,ph-10-10_01,562,,1795.8,1800.49,142726328,,,0,,,orig
ph-10-10,1305,2306,ph-10-10_01,562,,1796.1,1800.55,145319288,,,0,,,heur
5-FullIns_4,1085,11395,5-FullIns_4_01,535,,1796.45,1800.42,137742124,,,0,,,heur
5-FullIns_4,1085,11395,5-FullIns_4_02,534,,1796.4401,1800.44,142007664,,,0,,,orig
ph-03-03,59,87,ph-03-03_01,23,279340917727,49.010002,49.27,1148876,0.027223,10204,1,,31,orig
ph-05-05,205,331,ph-05-05_01,82,34186289117229456276370041652678426068693,1796.2899,1800.06,17974388,5.183926,567300,0,,,heur
5-FullIns_4,1085,11395,5-FullIns_4_01,535,,1796.59,1800.43,142007824,,,0,,,orig
ph-03-03,59,87,ph-03-03_01,23,279340917727,5.28,5.31,283500,0.005744,1226,1,,31,heur
5-FullIns_4,1085,11395,5-FullIns_4_02,534,,1796.4199,1800.42,136546676,,,0,,,heur
ph-03-03,59,87,ph-03-03_01,23,279340917727,5.3799996,5.41,286776,0.005146,834,1,,31,opt
ph-10-09,1175,2031,ph-10-09_01,507,,3587.1401,3600,277851436,,,0,,,orig
mug100_25,100,166,mug100_25_02,32,917236423320766528,1689.68,1696.69,18026168,0.354114,154012,1,,21,heur
SAT_exp_instance006,36,51,SAT_exp_instance006_01,15,8181566,0.04,0.05,32768,0.018173,14084,1,,37,orig
ph-10-09,1175,2031,ph-10-09_01,507,,3592.7202,3606,280355276,,,0,,,heur
SAT_exp_instance006,36,51,SAT_exp_instance006_01,15,8181566,0.01,0.02,33008,0.002041,412,1,,37,heur
random_instance007_graph005,91,273,random_instance007_graph005_01,32,1107929080040276,1447.91,1450.91,68838060,380.317631,2780994,1,,20,heur
SAT_exp_instance006,36,51,SAT_exp_instance006_01,15,8181566,0.01,0.02,33016,0.002050,412,1,,37,opt
mug100_25,100,166,mug100_25_02,32,917236423320766528,7.15,7.19,72672,0.013180,681,1,,21,opt
grid030x030,900,1740,grid030x030_01_6931,449,,1796.37,1800.4,138561044,,,0,,,orig
grid030x030,900,1740,grid030x030_04_2988,448,,1796.4,1800.4,138483944,,,0,,,orig
grid030x030,900,1740,grid030x030_03_4248,449,,1796.3999,1800.4,138564160,,,0,,,orig
grid030x030,900,1740,grid030x030_02_7112,448,,1796.36,1800.4,138480896,,,0,,,orig
ash608GPIA,1216,7844,ash608GPIA_02,422,,1796.08,1800.4,137603464,,,0,,,orig
mug88_1,88,146,mug88_1_02,28,6657407284552416,1084.6799,1088.91,34034040,14.826937,893642,1,,20,orig
ash608GPIA,1216,7844,ash608GPIA_01,423,,1796.05,1800.4,137975744,,,0,,,orig
mug100_1,100,166,mug100_1_02,32,899476914678948928,3018.29,3030.48,33644552,1.153543,312529,1,,18,orig
grid030x030,900,1740,grid030x030_02_7112,448,,1796.2401,1800.12,36413904,,,0,,,heur
grid030x030,900,1740,grid030x030_01_6931,449,,1796.35,1800.12,36562464,,,0,,,heur
grid030x030,900,1740,grid030x030_03_4248,449,,1796.28,1800.12,36561932,,,0,,,heur
ash608GPIA,1216,7844,ash608GPIA_01,423,,1796.82,1800.39,134149000,,,0,,,heur
ash608GPIA,1216,7844,ash608GPIA_02,422,,1796.78,1800.39,134107892,,,0,,,heur
grid030x030,900,1740,grid030x030_04_2988,448,,1796.28,1800.12,36414168,,,0,,,heur
2-FullIns_5,852,12201,2-FullIns_5_02,424,,1796.43,1800.48,146992900,,,0,,,orig
2-FullIns_5,852,12201,2-FullIns_5_01,424,,1796.5,1800.47,148366236,,,0,,,orig
mug100_1,100,166,mug100_1_02,32,899476914678948928,722.26,725.31,8775640,0.154136,97170,1,,18,heur
2-FullIns_5,852,12201,2-FullIns_5_01,424,,1795.99,1800.44,132815784,,,0,,,heur
2-FullIns_5,852,12201,2-FullIns_5_02,424,,1796.01,1800.44,134337064,,,0,,,heur
mug100_1,100,166,mug100_1_02,32,899476914678948928,1.13,1.14,39156,0.012502,534,1,,18,opt
mug88_1,88,146,mug88_1_02,28,6657407284552416,21.699999,21.77,294720,0.016256,4932,1,,20,heur
mug88_1,88,146,mug88_1_02,28,6657407284552416,0.38,0.38,37108,0.009965,455,1,,20,opt
ph-09-09,977,1707,ph-09-09_01,416,,3586.0898,3600,283480556,,,0,,,orig
ph-06-05,275,441,ph-06-05_01,113,22353448597842287861628828809135856971564909322470507445,3585.8298,3600,34424956,57.586604,4703433,0,,,heur
LGC_exp_instance002,38,44,LGC_exp_instance002_01,18,56829420,0.02,0.03,31744,0.001681,229,1,,27,orig
mug88_25,88,146,mug88_25_02,28,6219522864915696,188.6,189.4,152380,0.011700,1974,1,,19,heur
LGC_exp_instance002,38,44,LGC_exp_instance002_01,18,56829420,0.01,0.02,33012,0.001469,75,1,,27,heur
ph-09-09,977,1707,ph-09-09_01,416,,3592.96,3605,277037176,,,0,,,heur
LGC_exp_instance002,38,44,LGC_exp_instance002_01,18,56829420,0.01,0.02,33012,0.001457,77,1,,27,opt
mug88_25,88,146,mug88_25_02,28,6219522864915696,0.51,0.52,38132,0.010146,493,1,,19,opt
wap04a,5231,294902,wap04a_02,340,,1797.0701,1801.04,140285644,,,0,,,heur
wap04a,5231,294902,wap04a_01,341,,1797.01,1801.04,140283260,,,0,,,heur
ph-04-04,117,182,ph-04-04_01,46,74825062231393217887911,3587.67,3601,69187652,0.042868,11660,0,,,heur
mug100_25,100,166,mug100_25_01,33,917236423320766528,229.93999,230.84,8672444,8.303033,823723,1,,15,orig
ph-04-04,117,182,ph-04-04_01,46,74825062231393217887911,3587.48,3601,68517472,0.040106,10316,0,,,opt
mug100_25,100,166,mug100_25_01,33,917236423320766528,51.670002,51.86,1177504,0.352407,154012,1,,15,heur
random_instance006_graph004,78,234,random_instance006_graph004_01,23,4784011345326,3111.51,3124.08,69769880,27.578307,419992,1,,19,opt
random_instance006_graph003,78,234,random_instance006_graph003_01,26,6209505336003,2355.8599,2364.87,136843564,885.599532,32234377,1,,17,orig
random_instance007_graph003,91,273,random_instance007_graph003_01,32,942068520920506,766.69,768.37,34749304,163.069944,3334915,1,,15,heur
mug100_25,100,166,mug100_25_01,33,917236423320766528,0.17,0.17,36084,0.013080,681,1,,15,opt
random_instance006_graph002,78,234,random_instance006_graph002_01,24,4518023603224,2238.56,2247.29,67895340,30.484264,550768,1,,18,opt
ph-09-08,869,1482,ph-09-08_01,371,,3587.72,3600,290102708,,,0,,,orig
random_instance006_graph002,78,234,random_instance006_graph002_01,24,4518023603224,2947.1301,2958.7,133165936,98.139027,1906572,1,,18,heur
hc-square-02,24,33,hc-square-02_01,10,42630,0,0.01,31988,0.000775,58,1,,30,orig
random_instance006_graph003,78,234,random_instance006_graph003_01,26,6209505336003,162.86,163.55,8597564,28.091503,254246,1,,17,opt
ph-09-08,869,1482,ph-09-08_01,371,,3594.4001,3605,276242728,,,0,,,heur
random_instance006_graph005,78,234,random_instance006_graph005_01,25,6110607164382,952.22003,954.36,34078924,24.230505,421404,1,,17,heur
random_instance006_graph003,78,234,random_instance006_graph003_01,26,6209505336003,320.61,322.04,16923068,32.280776,866255,1,,17,heur
4-FullIns_4,690,6650,4-FullIns_4_02,342,,7179.0503,7205,295275052,,,0,,,heur
4-FullIns_4,690,6650,4-FullIns_4_01,343,,7196.26,7221,529837992,,,0,,,orig
4-FullIns_4,690,6650,4-FullIns_4_02,342,,7192.37,7217,529801528,,,0,,,orig
hc-square-02,24,33,hc-square-02_01,10,42630,0,0.01,33008,0.000780,54,1,,30,opt
4-FullIns_4,690,6650,4-FullIns_4_01,343,,7180.47,7206,299322176,,,0,,,heur
hc-square-02,24,33,hc-square-02_01,10,42630,0,0.01,33012,0.000771,54,1,,30,heur
anna,138,493,anna_01,80,246319342336314321386707353600,2928.69,2936.6,151400048,2854.932468,240778360,1,,5,orig
anna,138,493,anna_01,80,246319342336314321386707353600,2.4699998,2.49,275776,2.405407,11785,1,,5,heur
wap03a,4730,286722,wap03a_01,296,,1797.0299,1801.02,139019600,,,0,,,heur
LGC_exp_instance010,670,780,LGC_exp_instance010_01,330,,1796.34,1800.46,153021024,,,0,,,orig
wap03a,4730,286722,wap03a_02,295,,1797.03,1801.02,139067372,,,0,,,heur
ph-06-06,329,546,ph-06-06_01,134,712081938752035057893383624500702381356344163108636740161703247481,3591.15,3604,133407864,894.659325,8654645,0,,,heur
5-FullIns_3,154,792,5-FullIns_3_02,71,958445790577822897653308,65.66,65.8,2404020,64.856302,3508485,1,,5,orig
ph-04-03,89,132,ph-04-03_01,36,391184729725936525,237.26999,238.17,2143360,0.571350,108816,1,,-1,orig
sp002,26,150,sp002_01,4,523,0.01,0.01,33008,0.003424,45,1,,33,heur
sp002,26,150,sp002_01,4,523,0.03,0.03,33008,0.003533,52,1,,33,orig
sp002,26,150,sp002_01,4,523,0.01,0.02,33012,0.003451,45,1,,33,opt
2-Insertions_5,597,3936,2-Insertions_5_01,297,,7178.04,7204,563982040,,,0,,,orig
2-Insertions_5,597,3936,2-Insertions_5_02,297,,7180.81,7206,291614576,,,0,,,orig
1-Insertions_6,607,6337,1-Insertions_6_01,301,,1796.65,1800.47,145335184,,,0,,,orig
1-Insertions_6,607,6337,1-Insertions_6_02,300,,1796.63,1800.47,144994404,,,0,,,orig
2-Insertions_5,597,3936,2-Insertions_5_01,297,,7179.76,7206,292998480,,,0,,,heur
1-Insertions_6,607,6337,1-Insertions_6_02,300,,1795.73,1800.31,115413980,,,0,,,heur
ph-04-03,89,132,ph-04-03_01,36,391184729725936525,0.53999996,0.55,41200,0.016958,5058,1,,-1,heur
2-Insertions_5,597,3936,2-Insertions_5_02,297,,7178.49,7206,293193148,,,0,,,heur
1-Insertions_6,607,6337,1-Insertions_6_01,301,,1796.02,1800.38,115413980,,,0,,,heur
mug100_1,100,166,mug100_1_01,33,899476914678948928,16.52,16.58,563840,1.265694,312529,1,,11,orig
ph-04-03,89,132,ph-04-03_01,36,391184729725936525,0.58,0.58,41204,0.016197,4354,1,,-1,opt
ph-08-08,709,1222,ph-08-08_01,298,,3591.93,3606,282156332,,,0,,,heur
ph-08-08,709,1222,ph-08-08_01,298,,3586.45,3600,290433320,,,0,,,orig
mug100_1,100,166,mug100_1_01,33,899476914678948928,6.3399997,6.37,278148,0.153291,97170,1,,11,heur
grid020x020,400,760,grid020x020_01_9275,198,958979036662929619406859624886958746851620546557485230898539651354907499,250.03,250.57,17821556,249.261216,2922135,1,,-1,orig
random_instance005_graph003,65,195,random_instance005_graph003_01,22,38638170829,50.77,50.94,2294016,33.755645,985466,1,,14,orig
mug100_1,100,166,mug100_1_01,33,899476914678948928,0.08,0.09,35060,0.012350,534,1,,11,opt
grid020x020,400,760,grid020x020_03_3902,198,958979036662929619406859624886958746851620546557485230898539651354907499,252.66,253.2,17830052,251.818138,2922135,1,,-1,orig
random_instance007_graph001,91,273,random_instance007_graph001_01,29,795908695346840,572.53,573.66,33810080,365.298207,3708159,1,,11,heur
random_instance005_graph003,65,195,random_instance005_graph003_01,22,38638170829,11.139999,11.19,1054364,7.308109,103642,1,,14,opt
random_instance005_graph003,65,195,random_instance005_graph003_01,22,38638170829,8.22,8.26,549280,2.938182,129949,1,,14,heur
grid020x020,400,760,grid020x020_03_3902,198,958979036662929619406859624886958746851620546557485230898539651354907499,64.64,64.79,4518016,63.867958,2921661,1,,-1,heur
grid020x020,400,760,grid020x020_01_9275,198,958979036662929619406859624886958746851620546557485230898539651354907499,64.01,64.15,4517348,63.237990,2921661,1,,-1,heur
LGC_exp_instance009,549,639,LGC_exp_instance009_01,270,,1796.16,1800.44,146003464,,,0,,,orig
david,87,406,david_02,35,1233653689761797,77.55,77.74,4508292,55.527424,5193482,1,,9,orig
hc-power-11,21,28,hc-power-11_01,9,12351,0.01,0.01,31988,0.000652,92,1,,21,orig
ph-08-07,621,1042,ph-08-07_01,262,,3587.01,3601,281724640,,,0,,,orig
games120,120,638,games120_02,21,30467298966717,638.10004,640.61,34597520,638.227112,804613,1,,13,opt
ph-08-07,621,1042,ph-08-07_01,262,,3592.21,3605,275514500,,,0,,,heur
grid020x020,400,760,grid020x020_04_3283,199,958979036662929619406859624886958746851620546557485230898539651354907499,249.59,250.13,17805828,248.976932,2922135,1,,-1,orig
grid020x020,400,760,grid020x020_02_7550,199,958979036662929619406859624886958746851620546557485230898539651354907499,249.66,250.19,17804464,249.032643,2922135,1,,-1,orig
david,87,406,david_02,35,1233653689761797,0.13,0.14,36084,0.094480,1476,1,,9,heur
david,87,406,david_02,35,1233653689761797,0.1,0.11,35060,0.067946,857,1,,9,opt
hc-power-11,21,28,hc-power-11_01,9,12351,0,0.01,33012,0.000627,56,1,,21,heur
random_instance005_graph001,65,195,random_instance005_graph001_01,20,48187380654,398.13,399.66,17431752,30.426216,1702838,1,,12,orig
grid020x020,400,760,grid020x020_04_3283,199,958979036662929619406859624886958746851620546557485230898539651354907499,64.66,64.8,4519352,63.898243,2921661,1,,-1,heur
hc-power-11,21,28,hc-power-11_01,9,12351,0,0.01,33008,0.000628,56,1,,21,opt
grid020x020,400,760,grid020x020_02_7550,199,958979036662929619406859624886958746851620546557485230898539651354907499,64.159996,64.3,4519376,63.399335,2921661,1,,-1,heur
random_instance005_graph002,65,195,random_instance005_graph002_01,19,34141571484,587.02,589.31,18184240,72.368642,2138028,1,,12,orig
4-Insertions_4,475,1795,4-Insertions_4_02,236,,7177.1,7203,542239556,,,0,,,orig
4-Insertions_4,475,1795,4-Insertions_4_01,236,,7180.4297,7206,297333096,,,0,,,orig
random_instance005_graph001,65,195,random_instance005_graph001_01,20,48187380654,44.21,44.39,2149556,5.789893,84633,1,,12,opt
4-Insertions_4,475,1795,4-Insertions_4_02,236,,7179.53,7205,282694008,,,0,,,heur
random_instance005_graph001,65,195,random_instance005_graph001_01,20,48187380654,107.54,107.990005,2366696,1.809715,108475,1,,12,heur
4-Insertions_4,475,1795,4-Insertions_4_01,236,,7180.04,7206,282691632,,,0,,,heur
random_instance005_graph002,65,195,random_instance005_graph002_01,19,34141571484,68.380005,68.66,2100452,1.175102,59970,1,,12,opt
mug88_1,88,146,mug88_1_01,29,6657407284552416,20.400002,20.46,1132244,17.783481,893642,1,,9,orig
random_instance005_graph002,65,195,random_instance005_graph002_01,19,34141571484,79.659996,80,2175100,1.297629,72492,1,,12,heur
mug88_1,88,146,mug88_1_01,29,6657407284552416,0.09,0.1,36084,0.016223,4932,1,,9,heur
ash331GPIA,662,4181,ash331GPIA_02,228,,1796.4099,1800.41,139254692,,,0,,,orig
ash331GPIA,662,4181,ash331GPIA_01,228,,1796.4,1800.41,139254264,,,0,,,orig
random_instance005_graph005,65,195,random_instance005_graph005_01,20,54651105614,463.38,465.21,17906980,63.314356,1726509,1,,11,orig
ash331GPIA,662,4181,ash331GPIA_02,228,,1796.89,1800.39,132424672,,,0,,,heur
mug88_1,88,146,mug88_1_01,29,6657407284552416,0.04,0.05,34036,0.010088,455,1,,9,opt
random_instance005_graph004,65,195,random_instance005_graph004_01,18,21665853613,155.81999,156.43,8681704,65.036550,2015530,1,,10,orig
random_instance005_graph005,65,195,random_instance005_graph005_01,20,54651105614,57.9,58.14,2169736,1.737579,70227,1,,11,heur
random_instance005_graph005,65,195,random_instance005_graph005_01,20,54651105614,39.11,39.28,1151108,0.863615,46510,1,,11,opt
ash331GPIA,662,4181,ash331GPIA_01,228,,1796.8899,1800.39,132424668,,,0,,,heur
miles500,128,1170,miles500_02,17,892734883938,1550.62,1556.12,132713024,1185.604974,11786143,1,,10,orig
ph-07-07,495,839,ph-07-07_01,205,,3591.68,3605,273365680,,,0,,,orig
miles500,128,1170,miles500_02,17,892734883938,0.61,0.62,42080,0.165177,2035,1,,10,opt
3-FullIns_4,405,3524,3-FullIns_4_01,198,,1796.63,1800.41,139927480,,,0,,,orig
david,87,406,david_01,36,1233653689761797,61.47,61.68,4356392,59.336223,5193482,1,,6,orig
random_instance005_graph004,65,195,random_instance005_graph004_01,18,21665853613,38.530003,38.69,2116732,2.037336,94019,1,,10,heur
miles500,128,1170,miles500_02,17,892734883938,2.58,2.59,152524,0.589155,6471,1,,10,heur
ph-07-07,495,839,ph-07-07_01,205,,3594,3605,274533688,,,0,,,heur
random_instance006_graph004,78,234,random_instance006_graph004_01,23,4784011345326,3585.7898,3600,73995612,38.796864,595168,0,,,heur
random_instance004_graph001,52,156,random_instance004_graph001_01,15,227597732,21.82,21.9,1097292,2.234104,138652,1,,11,orig
3-FullIns_4,405,3524,3-FullIns_4_02,197,,1796.62,1800.42,139500872,,,0,,,orig
queen010x010,100,1470,queen010x010_04_2943,9,7535369,2309.43,2318.35,136442596,2313.959771,510361,1,,14,heur
mug88_25,88,146,mug88_25_01,29,6219522864915696,16.19,16.28,1108120,14.770253,1783217,1,,7,orig
random_instance005_graph004,65,195,random_instance005_graph004_01,18,21665853613,33.91,34.04,1153280,1.301236,72732,1,,10,opt
3-FullIns_4,405,3524,3-FullIns_4_02,197,,1796.6499,1800.4,136142976,,,0,,,heur
3-FullIns_4,405,3524,3-FullIns_4_01,198,,1796.68,1800.41,137683108,,,0,,,heur
queen010x010,100,1470,queen010x010_04_2943,9,7535369,2594.79,2605.07,137420164,2600.670586,523184,1,,14,opt
mug88_25,88,146,mug88_25_02,28,6219522864915696,3585.87,3600,67017200,11.625705,1783217,0,,,orig
random_instance004_graph001,52,156,random_instance004_graph001_01,15,227597732,4.19,4.21,270036,0.065240,6911,1,,11,heur
david,87,406,david_01,36,1233653689761797,0.12,0.12,36084,0.096375,1476,1,,6,heur
huck,74,301,huck_01,27,1537558481760,1.02,1.03,151892,0.644287,128070,1,,7,orig
mug88_25,88,146,mug88_25_01,29,6219522864915696,0.04,0.05,34036,0.011654,1974,1,,7,heur
random_instance004_graph001,52,156,random_instance004_graph001_01,15,227597732,4.18,4.2,267808,0.064750,6911,1,,11,opt
david,87,406,david_01,36,1233653689761797,0.08,0.09,35060,0.067941,857,1,,6,opt
mug100_25,100,166,mug100_25_02,32,917236423320766528,3585.5498,3600,67859728,5.442245,823723,0,,,orig
huck,74,301,huck_02,26,1537558481760,3.32,3.33,269824,0.660397,128070,1,,7,orig
will199GPIA,701,6772,will199GPIA_01,190,,1796.5801,1800.24,73929492,,,0,,,heur
will199GPIA,701,6772,will199GPIA_02,189,,1796.55,1800.24,73951764,,,0,,,heur
ph-04-04,117,182,ph-04-04_01,46,74825062231393217887911,3585.75,3600,35920092,25.605439,2265360,0,,,orig
mug88_25,88,146,mug88_25_01,29,6219522864915696,0.03,0.04,34036,0.010111,493,1,,7,opt
queen010x010,100,1470,queen010x010_03_7635,9,7535369,2304.16,2313.17,136442588,2309.988673,510361,1,,13,heur
queen010x010,100,1470,queen010x010_03_7635,9,7535369,3016.8699,3028.38,137420540,3022.816536,523184,1,,13,opt
ph-05-04,165,256,ph-05-04_01,67,753738554891557952055688747206339,3587.28,3600,138867092,858.542290,45443928,0,,,orig
huck,74,301,huck_01,27,1537558481760,0.049999997,0.05,34036,0.037024,903,1,,7,heur
huck,74,301,huck_01,27,1537558481760,0.03,0.04,34040,0.020091,234,1,,7,opt
random_instance007_graph004,91,273,random_instance007_graph004_01,30,1574776068008764,1796.09,1800.11,36601760,82.067545,1137201,0,,,heur
wap02a,2464,111742,wap02a_01,170,,1796.61,1800.71,139659296,,,0,,,heur
huck,74,301,huck_02,26,1537558481760,0.05,0.06,35060,0.037286,903,1,,7,heur
wap02a,2464,111742,wap02a_02,169,,1796.54,1800.68,139729320,,,0,,,heur
huck,74,301,huck_02,26,1537558481760,0.04,0.04,34036,0.020246,234,1,,7,opt
random_instance004_graph002,52,156,random_instance004_graph002_01,16,242964120,10.7,10.74,557972,5.683615,266787,1,,9,orig
random_instance006_graph002,78,234,random_instance006_graph002_01,24,4518023603224,3586.42,3600,140406880,473.468237,11045981,0,,,orig
random_instance006_graph001,78,234,random_instance006_graph001_01,23,3706721252978,1796.24,1800.2,67981316,47.697564,875806,0,,,heur
ph-05-04,165,256,ph-05-04_01,67,753738554891557952055688747206339,1796.3,1800.39,133430636,694.754125,45443928,0,,,orig
ph-07-06,425,699,ph-07-06_01,177,,3592.11,3604,149399172,,,0,,,heur
random_instance004_graph002,52,156,random_instance004_graph002_01,16,242964120,1.31,1.32,152376,0.102750,12969,1,,9,heur
ph-07-06,425,699,ph-07-06_01,177,,3587.54,3600,290795752,,,0,,,orig
games120,120,638,games120_01,22,30467298966717,635.38,637.83,34584780,637.373770,804613,1,,7,opt
5-FullIns_3,154,792,5-FullIns_3_01,72,958445790577822897653308,65.840004,65.98,2404788,65.046661,3508485,1,,1,orig
queen008x008,64,728,queen008x008_04_4441,7,118969,28.27,28.38,2256104,27.979369,20243,1,,12,orig
miles500,128,1170,miles500_01,18,892734883938,1185.6699,1190.13,71261916,1180.277709,11786143,1,,7,orig
random_instance004_graph002,52,156,random_instance004_graph002_01,16,242964120,1.32,1.33,151960,0.103647,12969,1,,9,opt
SAT_exp_instance004,18,22,SAT_exp_instance004_01,8,3988,0.02,0.02,31744,0.000627,218,1,,13,orig
queen010x010,100,1470,queen010x010_02_5832,9,7535369,2650.74,2661.32,136439068,2657.163600,510361,1,,11,heur
random_instance038_graph003,494,1482,random_instance038_graph003_01,163,,1796.63,1800.42,138183544,,,0,,,heur
random_instance039_graph001,507,1521,random_instance039_graph001_01,161,,1796.52,1800.43,137724384,,,0,,,heur
queen010x010,100,1470,queen010x010_02_5832,9,7535369,3268.43,3281.41,137418380,3277.787069,523184,1,,11,opt
wap08a,1870,104176,wap08a_01,150,,1796.53,1800.64,142683940,,,0,,,heur
queen10_10,100,1470,queen10_10_02,9,7535369,2285.52,2294.3,136487296,2292.882902,510361,1,,11,heur
queen10_10,100,1470,queen10_10_02,9,7535369,2569.76,2579.95,137454780,2578.435628,523184,1,,11,opt
random_instance038_graph004,494,1482,random_instance038_graph004_01,162,,1796.64,1800.4,129494620,,,0,,,heur
random_instance004_graph004,52,156,random_instance004_graph004_01,15,245353332,6.84,6.86,292712,2.562619,109540,1,,8,orig
3-FullIns_3,80,346,3-FullIns_3_02,36,4560332427351,0.2,0.21,38136,0.179787,61729,1,,4,orig
SAT_exp_instance004,18,22,SAT_exp_instance004_01,8,3988,0,0.01,33012,0.000487,51,1,,13,heur
wap01a,2368,110871,wap01a_01,152,,1796.53,1800.73,139410204,,,0,,,heur
SAT_exp_instance004,18,22,SAT_exp_instance004_01,8,3988,0,0.01,33016,0.000481,51,1,,13,opt
queen008x008,64,728,queen008x008_04_4441,7,118969,7.9700003,8.01,557260,7.797957,16607,1,,12,heur
queen008x008,64,728,queen008x008_04_4441,7,118969,9.259999,9.31,581876,9.089319,17366,1,,12,opt
wap01a,2368,110871,wap01a_02,151,,1796.3701,1800.58,140293104,,,0,,,heur
wap08a,1870,104176,wap08a_02,149,,1796.54,1800.62,142284312,,,0,,,heur
miles500,128,1170,miles500_01,18,892734883938,0.66999996,0.68,77044,0.590669,6471,1,,7,heur
random_instance038_graph005,494,1482,random_instance038_graph005_01,156,,1796.5801,1800.42,138829664,,,0,,,heur
random_instance037_graph003,481,1443,random_instance037_graph003_01,160,,1796.67,1800.4,135979012,,,0,,,heur
queen008x008,64,728,queen008x008_03_8723,7,118969,28.710001,28.82,2256880,28.438730,20243,1,,11,orig
queen008x008,64,728,queen008x008_02_8804,7,118969,28.66,28.75,2256784,28.365692,20243,1,,11,orig
random_instance038_graph001,494,1482,random_instance038_graph001_01,155,,1796.5801,1800.42,139416560,,,0,,,heur
random_instance037_graph004,481,1443,random_instance037_graph004_01,155,,1796.5,1800.41,136218344,,,0,,,heur
random_instance004_graph004,52,156,random_instance004_graph004_01,15,245353332,1.23,1.24,78616,0.096949,10029,1,,8,heur
random_instance004_graph004,52,156,random_instance004_graph004_01,15,245353332,1.82,1.83,154520,0.175191,10632,1,,8,opt
miles500,128,1170,miles500_01,18,892734883938,0.21000001,0.21,38132,0.165315,2035,1,,7,opt
3-FullIns_3,80,346,3-FullIns_3_02,36,4560332427351,17.140001,17.21,1120284,17.136302,211602,1,,4,heur
queen010x010,100,1470,queen010x010_01_0612,9,7535369,2343.39,2352.32,136441572,2351.149422,510361,1,,10,heur
random_instance003_graph005,39,117,random_instance003_graph005_01,11,1566681,0.69,0.7,69876,0.121706,16612,1,,9,orig
random_instance037_graph005,481,1443,random_instance037_graph005_01,154,,1796.65,1800.42,140085640,,,0,,,heur
3-FullIns_3,80,346,3-FullIns_3_02,36,4560332427351,0.57,0.58,74264,0.559030,41456,1,,4,opt
random_instance037_graph002,481,1443,random_instance037_graph002_01,150,,1796.64,1800.41,137075128,,,0,,,heur
hc-square-01,14,18,hc-square-01_01,6,574,0.01,0.01,33012,0.000334,32,1,,12,orig
queen010x010,100,1470,queen010x010_01_0612,9,7535369,2580.08,2590.44,137420340,2589.285893,523184,1,,10,opt
random_instance036_graph004,468,1404,random_instance036_graph004_01,152,,1796.3301,1800.43,144177568,,,0,,,heur
queen008x008,64,728,queen008x008_03_8723,7,118969,7.93,7.97,557680,7.780240,16607,1,,11,heur
queen008x008,64,728,queen008x008_02_8804,7,118969,7.97,8.01,556996,7.812453,16607,1,,11,heur
queen008x008,64,728,queen008x008_03_8723,7,118969,9.3,9.36,581492,9.158138,17366,1,,11,opt
random_instance036_graph005,468,1404,random_instance036_graph005_01,148,,1796.54,1800.41,136300616,,,0,,,heur
queen008x008,64,728,queen008x008_02_8804,7,118969,9.29,9.34,582156,9.135242,17366,1,,11,opt
4-Insertions_3,79,156,4-Insertions_3_02,38,245227225296269,0.08,0.08,35060,0.060377,61780,1,,3,orig
queen7_7,49,476,queen7_7_01,6,16870,3.38,3.4,267592,3.278408,4002,1,,11,orig
random_instance034_graph004,442,1326,random_instance034_graph004_01,148,,1796.3201,1800.44,143973012,,,0,,,heur
queen8_12,96,1368,queen8_12_01,8,4558093,1056.15,1060.4,66506604,1049.635822,273418,1,,10,heur
random_instance006_graph005,78,234,random_instance006_graph005_01,25,6110607164382,1796.23,1800.22,71739108,814.078035,26572315,0,,,orig
random_instance006_graph004,78,234,random_instance006_graph004_01,23,4784011345326,3586.32,3600,143542964,1082.298205,17793391,0,,,orig
queen8_12,96,1368,queen8_12_01,8,4558093,1053.46,1057.74,66521896,1046.894532,271991,1,,10,opt
random_instance035_graph005,455,1365,random_instance035_graph005_01,146,,1796.41,1800.43,139372152,,,0,,,heur
random_instance003_graph005,39,117,random_instance003_graph005_01,11,1566681,0.18,0.18,37108,0.026540,3261,1,,9,heur
random_instance003_graph005,39,117,random_instance003_graph005_01,11,1566681,0.16000001,0.16,37108,0.031859,2547,1,,9,opt
random_instance004_graph005,52,156,random_instance004_graph005_01,15,198435306,4.89,4.92,269892,4.372339,140413,1,,7,orig
3-Insertions_4,281,1046,3-Insertions_4_01,139,,1796.76,1800.4,137378876,,,0,,,orig
3-Insertions_4,281,1046,3-Insertions_4_02,138,,1796.69,1800.41,137160992,,,0,,,orig
ph-03-02,41,57,ph-03-02_01,17,121582107,0.03,0.04,33012,0.003166,892,1,,-1,orig
random_instance034_graph003,442,1326,random_instance034_graph003_01,142,,1796.48,1800.41,135673060,,,0,,,heur
random_instance035_graph004,455,1365,random_instance035_graph004_01,142,,1796.4299,1800.41,137287704,,,0,,,heur
hc-square-01,14,18,hc-square-01_01,6,574,0,0.01,33012,0.000328,26,1,,12,heur
4-Insertions_3,79,156,4-Insertions_3_02,38,245227225296269,0.07,0.07,34040,0.053034,27622,1,,3,opt
hc-square-01,14,18,hc-square-01_01,6,574,0.01,0.01,33012,0.000327,26,1,,12,opt
4-Insertions_3,79,156,4-Insertions_3_02,38,245227225296269,0.04,0.05,34032,0.032455,19853,1,,3,heur
wap07a,1809,103368,wap07a_01,138,,1796.54,1800.58,140010088,,,0,,,heur
1-FullIns_5,282,3247,1-FullIns_5_01,139,,1796.68,1800.43,144472456,,,0,,,orig
random_instance035_graph003,455,1365,random_instance035_graph003_01,139,,1796.4601,1800.41,136580468,,,0,,,heur
queen7_7,49,476,queen7_7_01,6,16870,0.52,0.53,72724,0.487320,3463,1,,11,opt
random_instance003_graph003,39,117,random_instance003_graph003_01,11,1346850,0.28,0.29,36864,0.094519,11820,1,,8,orig
random_instance034_graph005,442,1326,random_instance034_graph005_01,139,,1796.48,1800.42,140390676,,,0,,,heur
queen7_7,49,476,queen7_7_01,6,16870,0.52,0.53,73436,0.485685,3463,1,,11,heur
wap07a,1809,103368,wap07a_02,137,,1796.51,1800.57,139989980,,,0,,,heur
random_instance034_graph002,442,1326,random_instance034_graph002_01,139,,1796.36,1800.41,135777288,,,0,,,heur
1-FullIns_5,282,3247,1-FullIns_5_02,138,,1796.68,1800.43,144472456,,,0,,,orig
random_instance004_graph005,52,156,random_instance004_graph005_01,15,198435306,0.35999998,0.37,42228,0.192621,15622,1,,7,heur
random_instance004_graph005,52,156,random_instance004_graph005_01,15,198435306,0.59999996,0.61,73956,0.350819,16197,1,,7,opt
3-Insertions_4,281,1046,3-Insertions_4_02,138,,1796.65,1800.39,133976460,,,0,,,heur
3-Insertions_4,281,1046,3-Insertions_4_01,139,,1796.5901,1800.39,133841148,,,0,,,heur
random_instance034_graph001,442,1326,random_instance034_graph001_01,138,,1796.42,1800.42,140445516,,,0,,,heur
ph-03-02,41,57,ph-03-02_01,17,121582107,0.02,0.02,33012,0.002326,353,1,,-1,heur
ph-03-02,41,57,ph-03-02_01,17,121582107,0.01,0.02,33012,0.002210,265,1,,-1,opt
random_instance031_graph004,403,1209,random_instance031_graph004_01,134,,1796.61,1800.4,134746812,,,0,,,heur
4-FullIns_3,114,541,4-FullIns_3_01,55,767186184427266378,3.8500001,3.87,284280,3.732311,491999,1,,1,orig
random_instance003_graph002,39,117,random_instance003_graph002_01,14,2283228,0.07,0.07,33792,0.036115,4316,1,,7,orig
3-Insertions_3,56,110,3-Insertions_3_01,27,16999974125,0.02,0.03,33012,0.014082,13124,1,,4,orig
queen008x008,64,728,queen008x008_01_4136,7,118969,50.66,50.84,2255960,50.102201,20243,1,,9,orig
queen8_8,64,728,queen8_8_02,7,118969,28.359999,28.47,2232424,28.361487,20243,1,,9,orig
random_instance003_graph003,39,117,random_instance003_graph003_01,11,1346850,0.08,0.08,35060,0.012746,1565,1,,8,opt
4-FullIns_3,114,541,4-FullIns_3_02,54,767186184427266378,3.72,3.74,284992,3.607064,491999,1,,1,orig
queen8_8,64,728,queen8_8_01,7,118969,30.95,31.06,2247496,30.756547,20243,1,,9,orig
1-FullIns_5,282,3247,1-FullIns_5_01,139,,1796.14,1800.23,71879572,,,0,,,heur
random_instance003_graph003,39,117,random_instance003_graph003_01,11,1346850,0.08,0.08,35064,0.013700,1534,1,,8,heur
random_instance031_graph003,403,1209,random_instance031_graph003_01,134,,1796.74,1800.41,137238792,,,0,,,heur
1-FullIns_5,282,3247,1-FullIns_5_02,138,,1796.24,1800.28,89316372,,,0,,,heur
ph-06-06,329,546,ph-06-06_01,134,,3588,3600,281482208,,,0,,,orig
random_instance032_graph001,416,1248,random_instance032_graph001_01,131,,1796.71,1800.4,132173136,,,0,,,heur
random_instance003_graph002,39,117,random_instance003_graph002_01,14,2283228,0.02,0.03,34032,0.012288,1605,1,,7,heur
1-Insertions_4,67,232,1-Insertions_4_01,32,232007606571,7.2,7.23,305444,7.001794,761556,1,,3,orig
random_instance003_graph002,39,117,random_instance003_graph002_01,14,2283228,0.03,0.03,33012,0.012172,1454,1,,7,opt
queen10_10,100,1470,queen10_10_01,9,7535369,2277.42,2286.26,136486532,2285.452250,510361,1,,8,heur
queen10_10,100,1470,queen10_10_01,9,7535369,2562.1099,2572.16,137453472,2571.340878,523184,1,,8,opt
3-Insertions_3,56,110,3-Insertions_3_01,27,16999974125,0.02,0.02,33012,0.011161,5090,1,,4,heur
random_instance031_graph005,403,1209,random_instance031_graph005_01,129,,1796.8301,1800.4,133909000,,,0,,,heur
3-Insertions_3,56,110,3-Insertions_3_01,27,16999974125,0.03,0.03,34036,0.015046,5841,1,,4,opt
4-FullIns_3,114,541,4-FullIns_3_01,55,767186184427266378,2.89,2.9,281120,2.829619,255177,1,,1,opt
queen008x008,64,728,queen008x008_01_4136,7,118969,7.8999996,7.94,556212,7.834627,16607,1,,9,heur
queen8_8,64,728,queen8_8_01,7,118969,7.8700004,7.91,559804,7.808634,16607,1,,9,heur
4-FullIns_3,114,541,4-FullIns_3_02,54,767186184427266378,2.9,2.91,282084,2.836348,255177,1,,1,opt
queen008x008,64,728,queen008x008_01_4136,7,118969,9.2,9.25,581836,9.146966,17366,1,,9,opt
random_instance030_graph004,390,1170,random_instance030_graph004_01,124,,1796.58,1800.4,134605084,,,0,,,heur
queen8_8,64,728,queen8_8_02,7,118969,7.82,7.84,559972,7.768737,16607,1,,9,heur
queen8_8,64,728,queen8_8_01,7,118969,9.17,9.22,570064,9.128275,17366,1,,9,opt
queen8_8,64,728,queen8_8_02,7,118969,9.160001,9.21,572060,9.141145,17366,1,,9,opt
random_instance008_graph003,104,312,random_instance008_graph003_01,36,86776122135880556,1796.6799,1800.22,72849224,1742.233626,33605458,0,,,heur
random_instance029_graph002,377,1131,random_instance029_graph002_01,125,,1796.62,1800.42,140157836,,,0,,,heur
1-Insertions_4,67,232,1-Insertions_4_01,32,232007606571,10.65,10.69,573752,10.583958,310776,1,,3,heur
random_instance029_graph004,377,1131,random_instance029_graph004_01,125,,1796.75,1800.41,136172840,,,0,,,heur
miles750,128,2113,miles750_02,11,245547105,151.56999,152.16,16636740,151.303098,507692,1,,6,orig
random_instance004_graph003,52,156,random_instance004_graph003_01,16,280529902,3.9,3.92,151604,3.534281,137344,1,,5,orig
grid010x010,100,180,grid010x010_01_6141,48,2030049051145980050,0.04,0.05,33012,0.031017,5614,1,,-1,orig
1-Insertions_4,67,232,1-Insertions_4_01,32,232007606571,0.47,0.48,68476,0.461986,20258,1,,3,opt
grid010x010,100,180,grid010x010_04_4957,48,2030049051145980050,0.049999997,0.05,35056,0.035060,5614,1,,-1,orig
queen6_6,36,290,queen6_6_02,5,2635,0.089999996,0.1,36084,0.082451,841,1,,9,orig
SAT_exp_instance020,330,590,SAT_exp_instance020_01,120,,7181.81,7206,301190524,,,0,,,orig
sp001,13,66,sp001_01,2,26,0.02,0.02,31744,0.000998,23,1,,11,orig
3-FullIns_3,80,346,3-FullIns_3_01,37,4560332427351,0.2,0.21,37108,0.179554,61729,1,,2,orig
random_instance028_graph002,364,1092,random_instance028_graph002_01,120,,1796.58,1800.41,137298292,,,0,,,heur
queen7_7,49,476,queen7_7_02,6,16870,1.75,1.76,267580,1.737879,4002,1,,8,orig
random_instance028_graph005,364,1092,random_instance028_graph005_01,119,,1796.76,1800.4,133287256,,,0,,,heur
random_instance029_graph005,377,1131,random_instance029_graph005_01,116,,1796.66,1800.41,137072512,,,0,,,heur
random_instance004_graph003,52,156,random_instance004_graph003_01,16,280529902,0.23,0.24,38132,0.175814,13549,1,,5,opt
queen9_9,81,1056,queen9_9_01,8,915442,401.48,402.98,33740540,402.762166,109532,1,,7,orig
random_instance004_graph003,52,156,random_instance004_graph003_01,16,280529902,0.4,0.41,69756,0.300052,26744,1,,5,heur
random_instance028_graph004,364,1092,random_instance028_graph004_01,118,,1796.75,1800.4,134864152,,,0,,,heur
myciel6,95,755,myciel6_01,46,1079054920080607,67.659996,67.96,4622844,66.714763,3821400,1,,1,orig
myciel6,95,755,myciel6_02,46,1079054920080607,63.59,63.81,4623884,62.593035,3821400,1,,1,orig
queen090x090,8100,1198830,queen090x090_01_8978,89,,1797.1,1801.09,136100568,,,0,,,heur
queen090x090,8100,1198830,queen090x090_04_1188,89,,1797.21,1801.04,136147028,,,0,,,heur
queen090x090,8100,1198830,queen090x090_02_0808,89,,1797.08,1801.04,136075892,,,0,,,heur
random_instance028_graph003,364,1092,random_instance028_graph003_01,116,,1796.65,1800.41,139077676,,,0,,,heur
queen090x090,8100,1198830,queen090x090_03_9570,89,,1797.1699,1801.07,136060976,,,0,,,heur
miles750,128,2113,miles750_02,11,245547105,2.6299999,2.65,274084,2.562430,10322,1,,6,heur
grid010x010,100,180,grid010x010_04_4957,48,2030049051145980050,0.03,0.04,34036,0.021527,4486,1,,-1,heur
grid010x010,100,180,grid010x010_04_4957,48,2030049051145980050,0.03,0.04,34036,0.021464,4486,1,,-1,opt
random_instance028_graph001,364,1092,random_instance028_graph001_01,117,,1796.71,1800.39,132677540,,,0,,,heur
grid010x010,100,180,grid010x010_01_6141,48,2030049051145980050,0.03,0.04,34036,0.021409,4486,1,,-1,heur
SAT_exp_instance020,330,590,SAT_exp_instance020_01,120,,7195.0103,7220,537316272,,,0,,,heur
grid010x010,100,180,grid010x010_01_6141,48,2030049051145980050,0.03,0.04,34036,0.021416,4486,1,,-1,opt
queen6_6,36,290,queen6_6_02,5,2635,0.05,0.06,34036,0.042559,750,1,,9,heur
random_instance027_graph003,351,1053,random_instance027_graph003_01,114,,1796.89,1800.39,132989280,,,0,,,heur
3-FullIns_3,80,346,3-FullIns_3_01,37,4560332427351,17.1,17.17,1120140,17.101660,211602,1,,2,heur
1-FullIns_4,93,593,1-FullIns_4_01,45,343142930930159,55.5,55.7,1225324,54.757884,2015949,1,,1,orig
queen6_6,36,290,queen6_6_02,5,2635,0.060000002,0.06,34036,0.042761,750,1,,9,opt
random_instance002_graph004,26,78,random_instance002_graph004_01,8,14355,0.02,0.03,32768,0.003930,608,1,,7,orig
queen6_6,36,290,queen6_6_01,5,2635,0.120000005,0.12,34816,0.094869,841,1,,8,orig
grid004x004,16,24,grid004x004_04,6,1234,0,0.01,33008,0.000473,48,1,,8,orig
3-FullIns_3,80,346,3-FullIns_3_01,37,4560332427351,0.56,0.57,73844,0.552315,41456,1,,2,opt
miles750,128,2113,miles750_02,11,245547105,0.59999996,0.6,74960,0.538015,1501,1,,6,opt
1-FullIns_4,93,593,1-FullIns_4_02,44,343142930930159,31.380001,31.49,1225480,30.870157,2015949,1,,1,orig
sp001,13,66,sp001_01,2,26,0.01,0.01,33012,0.001001,22,1,,11,opt
sp001,13,66,sp001_01,2,26,0,0.01,33012,0.001000,22,1,,11,heur
queen9_9,81,1056,queen9_9_01,8,915442,136.44,136.98,8497480,136.875742,89538,1,,7,opt
1-Insertions_4,67,232,1-Insertions_4_02,31,232007606571,6.39,6.41,304960,6.206629,761556,1,,2,orig
random_instance025_graph005,325,975,random_instance025_graph005_01,105,,3593.0098,3606,267612644,,,0,,,orig
queen7_7,49,476,queen7_7_02,6,16870,0.5,0.51,72192,0.486395,3463,1,,8,heur
random_instance026_graph001,338,1014,random_instance026_graph001_01,110,,1796.67,1800.41,137209704,,,0,,,heur
queen9_9,81,1056,queen9_9_01,8,915442,125.630005,126.13,8517872,126.024244,87103,1,,7,heur
ph-06-05,275,441,ph-06-05_01,113,,3587.86,3600,277003136,,,0,,,orig
queen7_7,49,476,queen7_7_02,6,16870,0.5,0.51,72548,0.483543,3463,1,,8,opt
myciel6,95,755,myciel6_01,46,1079054920080607,24.039999,24.11,1133356,24.071623,60229,1,,1,opt
myciel6,95,755,myciel6_02,46,1079054920080607,20.91,21.01,1114324,20.966096,65932,1,,1,heur
myciel6,95,755,myciel6_01,46,1079054920080607,20.91,21.02,1114184,20.974650,65932,1,,1,heur
random_instance002_graph004,26,78,random_instance002_graph004_01,8,14355,0.01,0.02,33012,0.003757,341,1,,7,heur
DSJC125.9,125,6961,DSJC125.9_02,3,1250,6.69,6.71,594256,6.626430,912,1,,8,orig
myciel6,95,755,myciel6_02,46,1079054920080607,24.14,24.24,1133280,24.201215,60229,1,,1,opt
DSJR500.1c,500,121275,DSJR500.1c_02,12,94552,1482.39,1488.03,140427412,1486.802870,4948,1,,4,orig
grid004x004,16,24,grid004x004_04,6,1234,0.01,0.01,33012,0.000474,43,1,,8,heur
random_instance025_graph004,325,975,random_instance025_graph004_01,106,,1796.7699,1800.4,135416824,,,0,,,heur
random_instance002_graph004,26,78,random_instance002_graph004_01,8,14355,0.01,0.02,33012,0.003764,341,1,,7,opt
random_instance002_graph003,26,78,random_instance002_graph003_01,8,14046,0.02,0.03,31744,0.004881,658,1,,6,orig
1-FullIns_4,93,593,1-FullIns_4_01,45,343142930930159,138.26999,138.8,8572564,138.612803,395153,1,,1,opt
random_instance025_graph002,325,975,random_instance025_graph002_01,105,,1796.6699,1800.4,133833468,,,0,,,heur
1-FullIns_4,93,593,1-FullIns_4_01,45,343142930930159,63.3,63.54,4284428,63.248404,793894,1,,1,heur
grid004x004,16,24,grid004x004_04,6,1234,0,0.01,33012,0.000458,43,1,,8,opt
2-FullIns_4,212,1621,2-FullIns_4_01,104,,1796.7201,1800.41,138667984,,,0,,,orig
myciel7,191,2360,myciel7_01,94,,1796.23,1800.43,143492868,,,0,,,orig
2-FullIns_4,212,1621,2-FullIns_4_02,104,,1796.72,1800.41,138667980,,,0,,,orig
queen6_6,36,290,queen6_6_01,5,2635,0.05,0.06,34036,0.042910,750,1,,8,opt
myciel7,191,2360,myciel7_02,94,,1796.14,1800.43,143327416,,,0,,,orig
queen6_6,36,290,queen6_6_01,5,2635,0.05,0.06,34036,0.042878,750,1,,8,heur
random_instance025_graph005,325,975,random_instance025_graph005_01,105,,3592.06,3605,266785132,,,0,,,heur
4-Insertions_3,79,156,4-Insertions_3_01,38,245227225296269,0.08,0.08,35060,0.057330,61780,1,,1,orig
1-FullIns_4,93,593,1-FullIns_4_02,44,343142930930159,62.98,63.2,4282816,62.913309,793894,1,,1,heur
random_instance024_graph005,312,936,random_instance024_graph005_01,104,,1796.61,1800.41,137144064,,,0,,,heur
1-Insertions_5,202,1227,1-Insertions_5_01,99,,1796.7999,1800.42,141447224,,,0,,,orig
1-FullIns_4,93,593,1-FullIns_4_02,44,343142930930159,135.93,136.45,8544592,136.284143,395153,1,,1,opt
grid004x004,16,24,grid004x004_03,6,1234,0.01,0.01,33012,0.000481,48,1,,7,orig
queen080x080,6400,840560,queen080x080_02_2368,79,,1797.13,1801.11,139564004,,,0,,,heur
random_instance025_graph001,325,975,random_instance025_graph001_01,106,,1796.68,1800.22,74033648,,,0,,,heur
1-Insertions_4,67,232,1-Insertions_4_02,31,232007606571,10.650001,10.69,573308,10.583027,310776,1,,2,heur
queen080x080,6400,840560,queen080x080_03_0355,79,,1797.1499,1801.09,139463852,,,0,,,heur
1-Insertions_5,202,1227,1-Insertions_5_02,98,,1796.72,1800.42,141141724,,,0,,,orig
queen080x080,6400,840560,queen080x080_01_0297,79,,1797.09,1801.08,139570928,,,0,,,heur
miles750,128,2113,miles750_01,12,245547105,152.73,153.29001,16579148,152.989224,507692,1,,4,orig
queen080x080,6400,840560,queen080x080_04_4954,79,,1797.27,1801.1,139463880,,,0,,,heur
1-Insertions_4,67,232,1-Insertions_4_02,31,232007606571,0.4,0.4,71028,0.381890,20258,1,,2,opt
random_instance025_graph003,325,975,random_instance025_graph003_01,104,,1796.5801,1800.42,140313572,,,0,,,heur
random_instance023_graph004,299,897,random_instance023_graph004_01,101,,1796.56,1800.41,136516816,,,0,,,heur
queen8_12,96,1368,queen8_12_02,7,4558093,1037.88,1041.95,66475404,1037.149382,273418,1,,6,heur
random_instance024_graph002,312,936,random_instance024_graph002_01,102,,1796.57,1800.4,135292024,,,0,,,heur
queen8_12,96,1368,queen8_12_02,7,4558093,1048.84,1053.11,66522984,1048.223903,271991,1,,6,opt
DSJC125.9,125,6961,DSJC125.9_02,3,1250,6.6000004,6.63,596920,6.569788,888,1,,8,heur
miles1000,128,3216,miles1000_02,7,2500822,37.31,37.47,4250420,36.207096,59247,1,,5,orig
3-Insertions_3,56,110,3-Insertions_3_02,26,16999974125,0.02,0.03,33012,0.014025,13124,1,,2,orig
random_instance024_graph004,312,936,random_instance024_graph004_01,101,,1796.62,1800.4,135343424,,,0,,,heur
DSJC125.9,125,6961,DSJC125.9_02,3,1250,6.67,6.7,599992,6.635737,888,1,,8,opt
DSJR500.1c,500,121275,DSJR500.1c_02,12,94552,1481.54,1487.41,137896572,1482.446473,4653,1,,4,heur
random_instance023_graph003,299,897,random_instance023_graph003_01,96,,3587.25,3600,269809800,,,0,,,orig
queen5_5,25,160,queen5_5_02,4,462,0.01,0.02,33012,0.008461,193,1,,7,orig
le450_25a,450,8260,le450_25a_01,91,,1796.4,1800.45,144437656,,,0,,,orig
DSJR500.1c,500,121275,DSJR500.1c_02,12,94552,1458.91,1464.54,137894468,1459.246537,4653,1,,4,opt
random_instance002_graph003,26,78,random_instance002_graph003_01,8,14046,0.01,0.01,33012,0.003205,321,1,,6,opt
random_instance024_graph003,312,936,random_instance024_graph003_01,99,,1796.8,1800.4,135398772,,,0,,,heur
random_instance002_graph003,26,78,random_instance002_graph003_01,8,14046,0.01,0.02,33012,0.003167,321,1,,6,heur
2-FullIns_4,212,1621,2-FullIns_4_01,104,,1796.61,1800.21,72852944,,,0,,,heur
queen5_5,25,160,queen5_5_01,4,462,0.02,0.03,31744,0.008936,193,1,,7,orig
queen9_9,81,1056,queen9_9_02,8,915442,389.69998,391.17,33742388,390.979408,109532,1,,5,orig
myciel7,191,2360,myciel7_02,94,,1796.47,1800.29,116608352,,,0,,,heur
2-FullIns_4,212,1621,2-FullIns_4_02,104,,1796.66,1800.22,72852948,,,0,,,heur
myciel7,191,2360,myciel7_01,94,,1796.38,1800.23,74664928,,,0,,,heur
SAT_exp_instance018,270,477,SAT_exp_instance018_01,99,,7181.14,7206,291154316,,,0,,,orig
2-Insertions_3,37,72,2-Insertions_3_01,17,6031508,0.01,0.01,31988,0.003917,2498,1,,3,orig
le450_25a,450,8260,le450_25a_02,90,,1796.38,1800.49,144467572,,,0,,,orig
2-FullIns_3,52,201,2-FullIns_3_02,24,209515460,0.02,0.03,33012,0.019848,7040,1,,2,orig
1-Insertions_5,202,1227,1-Insertions_5_01,99,,1796.5,1800.4,134404004,,,0,,,heur
2-FullIns_3,52,201,2-FullIns_3_01,24,209515460,0.02,0.03,33012,0.019857,7040,1,,2,orig
4-Insertions_3,79,156,4-Insertions_3_01,38,245227225296269,0.04,0.05,34036,0.032468,19853,1,,1,heur
SAT_exp_instance018,270,477,SAT_exp_instance018_01,99,,1796.6,1800.22,74136736,,,0,,,orig
random_instance024_graph001,312,936,random_instance024_graph001_01,97,,1796.69,1800.41,137954812,,,0,,,heur
random_instance003_graph001,39,117,random_instance003_graph001_01,12,1797410,0.08,0.08,33792,0.055620,8874,1,,4,orig
le450_5b,450,5734,le450_5b_01,89,,7183.33,7204,547232936,,,0,,,orig
grid004x004,16,24,grid004x004_03,6,1234,0,0.01,33012,0.000453,43,1,,7,heur
grid004x004,16,24,grid004x004_03,6,1234,0,0.01,33012,0.000462,43,1,,7,opt
4-Insertions_3,79,156,4-Insertions_3_01,38,245227225296269,0.07,0.07,35060,0.052218,27622,1,,1,opt
1-Insertions_5,202,1227,1-Insertions_5_02,98,,1796.39,1800.4,134433016,,,0,,,heur
random_instance002_graph001,26,78,random_instance002_graph001_01,8,13630,0.02,0.03,32768,0.002922,476,1,,5,orig
le450_5b,450,5734,le450_5b_02,89,,3587.5,3600,285418900,,,0,,,orig
le450_5a,450,5714,le450_5a_01,89,,7184.1797,7204,553408956,,,0,,,orig
le450_5a,450,5714,le450_5a_02,89,,7183.29,7204,553406264,,,0,,,orig
random_instance022_graph001,286,858,random_instance022_graph001_01,96,,1796.7,1800.4,136701104,,,0,,,heur
le450_5c,450,9803,le450_5c_02,89,,1796.36,1800.48,143968332,,,0,,,orig
le450_5d,450,9757,le450_5d_02,89,,1796.3401,1800.47,143771104,,,0,,,orig
le450_5c,450,9803,le450_5c_01,89,,1796.34,1800.48,144132152,,,0,,,orig
grid010x010,100,180,grid010x010_02_0495,49,2030049051145980050,0.04,0.05,34040,0.032728,5614,1,,-1,orig
le450_5d,450,9757,le450_5d_01,89,,1796.3,1800.48,143771104,,,0,,,orig
random_instance023_graph001,299,897,random_instance023_graph001_01,97,,1796.86,1800.4,136002840,,,0,,,heur
random_instance022_graph005,286,858,random_instance022_graph005_01,97,,1796.86,1800.4,135700908,,,0,,,heur
random_instance023_graph003,299,897,random_instance023_graph003_01,96,,3591.04,3604,274380624,,,0,,,heur
le450_25a,450,8260,le450_25a_01,91,,1796.64,1800.41,134597748,,,0,,,heur
grid010x010,100,180,grid010x010_03_6844,49,2030049051145980050,0.04,0.04,34036,0.033189,5614,1,,-1,orig
random_instance022_graph002,286,858,random_instance022_graph002_01,95,,1796.9401,1800.4,135399064,,,0,,,heur
random_instance022_graph004,286,858,random_instance022_graph004_01,95,,1796.8501,1800.41,137933268,,,0,,,heur
3-Insertions_3,56,110,3-Insertions_3_02,26,16999974125,0.02,0.02,33016,0.011136,5090,1,,2,heur
miles750,128,2113,miles750_01,12,245547105,2.56,2.57,273196,2.547133,10322,1,,4,heur
DSJC125.5,125,3891,DSJC125.5_01,9,537509,897.3,900.71,72016876,900.365263,115590,1,,4,orig
le450_25a,450,8260,le450_25a_02,90,,1796.6699,1800.41,134697068,,,0,,,heur
queen5_5,25,160,queen5_5_02,4,462,0.01,0.02,33012,0.006646,186,1,,7,heur
miles750,128,2113,miles750_01,12,245547105,0.55999994,0.56,73968,0.541311,1501,1,,4,opt
3-Insertions_3,56,110,3-Insertions_3_02,26,16999974125,0.02,0.03,33012,0.014940,5841,1,,2,opt
queen9_9,81,1056,queen9_9_02,8,915442,123.69,124.2,8517872,124.103444,87103,1,,5,heur
queen5_5,25,160,queen5_5_01,4,462,0.01,0.02,33012,0.006630,186,1,,7,heur
queen5_5,25,160,queen5_5_01,4,462,0.02,0.02,33016,0.006626,187,1,,7,opt
queen5_5,25,160,queen5_5_02,4,462,0.01,0.02,33012,0.006634,187,1,,7,opt
random_instance003_graph001,39,117,random_instance003_graph001_01,12,1797410,0.03,0.03,33012,0.018184,2906,1,,4,heur
random_instance002_graph001,26,78,random_instance002_graph001_01,8,13630,0.01,0.01,33012,0.002392,186,1,,5,heur
random_instance003_graph001,39,117,random_instance003_graph001_01,12,1797410,0.03,0.03,33012,0.016432,2244,1,,4,opt
queen070x070,4900,561890,queen070x070_02_8683,69,,1797.05,1800.95,137574492,,,0,,,heur
queen070x070,4900,561890,queen070x070_03_1545,69,,1797.0599,1800.99,137553920,,,0,,,heur
queen070x070,4900,561890,queen070x070_04_7426,69,,1797.03,1800.98,137555468,,,0,,,heur
2-Insertions_3,37,72,2-Insertions_3_01,17,6031508,0,0.01,33012,0.003704,1178,1,,3,heur
queen9_9,81,1056,queen9_9_02,8,915442,136.3,136.85,8497476,136.751126,89538,1,,5,opt
2-FullIns_3,52,201,2-FullIns_3_01,24,209515460,0.07,0.07,34036,0.060656,7572,1,,2,heur
2-FullIns_3,52,201,2-FullIns_3_02,24,209515460,0.07,0.07,34036,0.060801,7572,1,,2,heur
DSJR500.1,500,3555,DSJR500.1_01,82,,1796.8099,1800.49,144191040,,,0,,,orig
random_instance002_graph001,26,78,random_instance002_graph001_01,8,13630,0,0.01,33012,0.002443,186,1,,5,opt
queen070x070,4900,561890,queen070x070_01_1828,69,,1797.16,1800.99,137574508,,,0,,,heur
miles1000,128,3216,miles1000_02,7,2500822,1.22,1.23,153792,1.154567,690,1,,5,heur
2-FullIns_3,52,201,2-FullIns_3_02,24,209515460,0.03,0.03,34036,0.022461,4914,1,,2,opt
2-Insertions_3,37,72,2-Insertions_3_01,17,6031508,0.01,0.01,33008,0.004267,1128,1,,3,opt
2-FullIns_3,52,201,2-FullIns_3_01,24,209515460,0.03,0.03,34032,0.022567,4914,1,,2,opt
miles1000,128,3216,miles1000_02,7,2500822,1.2299999,1.25,153648,1.171792,688,1,,5,opt
le450_5d,450,9757,le450_5d_01,89,,1796.54,1800.45,135034268,,,0,,,heur
le450_5d,450,9757,le450_5d_02,89,,1796.5,1800.44,135034268,,,0,,,heur
le450_5a,450,5714,le450_5a_01,89,,7188.61,7208,275366244,,,0,,,heur
le450_5c,450,9803,le450_5c_02,89,,1796.4299,1800.45,136995792,,,0,,,heur
le450_5b,450,5734,le450_5b_01,89,,7184.85,7207,277151508,,,0,,,heur
le450_5c,450,9803,le450_5c_01,89,,1796.51,1800.45,136995792,,,0,,,heur
le450_5b,450,5734,le450_5b_02,89,,3591.0798,3604,137494128,,,0,,,heur
DSJC250.9,250,27897,DSJC250.9_01,4,6556,330.65002,331.88,34971388,331.552897,4319,1,,5,orig
le450_5a,450,5714,le450_5a_02,89,,7188.56,7207,282905492,,,0,,,heur
grid010x010,100,180,grid010x010_02_0495,49,2030049051145980050,0.03,0.03,34036,0.021414,4486,1,,-1,heur
grid010x010,100,180,grid010x010_03_6844,49,2030049051145980050,0.03,0.03,34036,0.021329,4486,1,,-1,heur
DSJR500.1,500,3555,DSJR500.1_02,81,,1796.7899,1800.49,144223812,,,0,,,orig
DSJC250.9,250,27897,DSJC250.9_02,4,6556,324.42,325.7,35050204,325.364223,4319,1,,5,orig
random_instance022_graph003,286,858,random_instance022_graph003_01,89,,1796.79,1800.4,134616916,,,0,,,heur
grid010x010,100,180,grid010x010_02_0495,49,2030049051145980050,0.03,0.03,34032,0.021254,4486,1,,-1,opt
grid010x010,100,180,grid010x010_03_6844,49,2030049051145980050,0.02,0.03,34036,0.021458,4486,1,,-1,opt
random_instance021_graph003,273,819,random_instance021_graph003_01,88,,1796.74,1800.41,140380708,,,0,,,heur
le450_15b,450,8169,le450_15b_01,78,,7180.38,7204,551278304,,,0,,,orig
1-FullIns_3,30,100,1-FullIns_3_02,13,83039,0,0.01,31988,0.003502,664,1,,3,orig
le450_25b,450,8263,le450_25b_01,78,,1796.33,1800.49,145237816,,,0,,,orig
wap06a,947,43571,wap06a_01,85,,1796.52,1800.52,139064600,,,0,,,heur
le450_15b,450,8169,le450_15b_02,77,,7189.96,7213,541907128,,,0,,,orig
wap06a,947,43571,wap06a_02,84,,1796.53,1800.52,139164704,,,0,,,heur
random_instance021_graph005,273,819,random_instance021_graph005_01,84,,1796.9401,1800.4,137599576,,,0,,,heur
2-Insertions_3,37,72,2-Insertions_3_02,17,6031508,0.01,0.01,31988,0.003922,2498,1,,2,orig
DSJC125.5,125,3891,DSJC125.5_01,9,537509,1024.22,1028.3,70349028,1027.897563,97315,1,,4,opt
DSJC125.5,125,3891,DSJC125.5_01,9,537509,982.67004,986.57,70206848,986.174384,94405,1,,4,heur
le450_15a,450,8168,le450_15a_01,75,,7185.2197,7208,533881916,,,0,,,orig
LGC_exp_instance001,13,15,LGC_exp_instance001_01,6,475,0.02,0.02,32768,0.000263,23,1,,5,orig
le450_25b,450,8263,le450_25b_02,77,,1796.28,1800.48,145347988,,,0,,,orig
DSJR500.1,500,3555,DSJR500.1_01,82,,1796.4199,1800.41,138117672,,,0,,,heur
le450_15a,450,8168,le450_15a_02,74,,7181.91,7204,542125312,,,0,,,orig
random_instance020_graph002,260,780,random_instance020_graph002_01,84,,1796.76,1800.4,134370792,,,0,,,heur
random_instance002_graph002,26,78,random_instance002_graph002_01,7,12722,0.03,0.03,32768,0.006812,616,1,,4,orig
random_instance021_graph002,273,819,random_instance021_graph002_01,83,,1796.89,1800.4,136658052,,,0,,,heur
random_instance001_graph004,13,39,random_instance001_graph004_01,4,94,0.02,0.02,31744,0.000664,40,1,,5,orig
random_instance019_graph002,247,741,random_instance019_graph002_01,83,,1796.7101,1800.4,136849300,,,0,,,heur
DSJR500.1,500,3555,DSJR500.1_02,81,,1796.45,1800.41,137998844,,,0,,,heur
random_instance020_graph005,260,780,random_instance020_graph005_01,81,,1796.92,1800.41,140683732,,,0,,,heur
random_instance020_graph001,260,780,random_instance020_graph001_01,81,,1796.93,1800.39,133720124,,,0,,,heur
random_instance020_graph003,260,780,random_instance020_graph003_01,82,,1796.86,1800.4,135234360,,,0,,,heur
miles1000,128,3216,miles1000_01,8,2500822,39.84,40.03,4244124,39.933722,59247,1,,3,orig
ph-05-05,205,331,ph-05-05_01,82,,1796.12,1800.41,139396800,,,0,,,orig
DSJC250.9,250,27897,DSJC250.9_02,4,6556,331.88998,333.16,35018584,332.820572,4295,1,,5,heur
DSJC250.9,250,27897,DSJC250.9_01,4,6556,331.81,333.07,34930404,332.731113,4295,1,,5,heur
DSJC250.9,250,27897,DSJC250.9_01,4,6556,326.80002,328.06,34930412,327.722348,4295,1,,5,opt
le450_25b,450,8263,le450_25b_01,78,,1796.7001,1800.41,134137680,,,0,,,heur
DSJC250.9,250,27897,DSJC250.9_02,4,6556,329.39,330.63,35018580,330.295869,4295,1,,5,opt
SAT_exp_instance016,216,376,SAT_exp_instance016_01,80,,1796.98,1800.42,140338876,,,0,,,orig
random_instance019_graph003,247,741,random_instance019_graph003_01,79,,1796.9299,1800.4,136332948,,,0,,,heur
random_instance019_graph005,247,741,random_instance019_graph005_01,79,,1796.65,1800.4,135841188,,,0,,,heur
LGC_exp_instance001,13,15,LGC_exp_instance001_01,6,475,0,0.01,33012,0.000279,22,1,,5,heur
random_instance019_graph001,247,741,random_instance019_graph001_01,79,,1796.84,1800.39,133959892,,,0,,,heur
1-FullIns_3,30,100,1-FullIns_3_02,13,83039,0,0.01,33012,0.003661,333,1,,3,heur
1-FullIns_3,30,100,1-FullIns_3_02,13,83039,0.01,0.01,33012,0.004318,546,1,,3,opt
le450_15b,450,8169,le450_15b_01,78,,7185.14,7207,284426044,,,0,,,heur
LGC_exp_instance001,13,15,LGC_exp_instance001_01,6,475,0.01,0.01,33012,0.000289,22,1,,5,opt
myciel5,47,236,myciel5_02,22,39473983,0.11,0.11,36080,0.096554,18724,1,,1,orig
myciel5,47,236,myciel5_01,22,39473983,0.11,0.11,35060,0.094955,18724,1,,1,orig
le450_25b,450,8263,le450_25b_02,77,,1796.75,1800.41,134131492,,,0,,,heur
DSJC1000.1,1000,49629,DSJC1000.1_01,66,,1796.9299,1800.63,147972764,,,0,,,orig
2-Insertions_3,37,72,2-Insertions_3_02,17,6031508,0.01,0.01,33012,0.003733,1178,1,,2,heur
random_instance018_graph002,234,702,random_instance018_graph002_01,78,,1796.76,1800.4,136094944,,,0,,,heur
le450_15b,450,8169,le450_15b_02,77,,7179.6597,7201,288257012,,,0,,,heur
DSJC1000.1,1000,49629,DSJC1000.1_02,66,,1796.84,1800.6,147972756,,,0,,,orig
2-Insertions_4,149,541,2-Insertions_4_02,73,,1796.64,1800.21,71407144,,,0,,,orig
2-Insertions_4,149,541,2-Insertions_4_01,73,,1796.63,1800.21,71407144,,,0,,,orig
random_instance003_graph004,39,117,random_instance003_graph004_01,14,1936328,0.060000002,0.07,32768,0.049133,9454,1,,2,orig
queen060x060,3600,352820,queen060x060_03_1394,59,,1797.03,1800.86,137205460,,,0,,,heur
2-Insertions_3,37,72,2-Insertions_3_02,17,6031508,0,0.01,33012,0.004296,1128,1,,2,opt
queen060x060,3600,352820,queen060x060_04_3799,59,,1797.02,1800.89,137206156,,,0,,,heur
queen060x060,3600,352820,queen060x060_01_8336,59,,1796.98,1800.88,137303252,,,0,,,heur
random_instance018_graph005,234,702,random_instance018_graph005_01,76,,1796.9299,1800.4,135888464,,,0,,,heur
queen060x060,3600,352820,queen060x060_02_6710,59,,1796.99,1800.89,137205492,,,0,,,heur
random_instance002_graph002,26,78,random_instance002_graph002_01,7,12722,0.01,0.01,33012,0.003130,352,1,,4,heur
qg.order60,3600,212400,qg.order60_02,59,,1797.13,1800.98,146109008,,,0,,,heur
qg.order60,3600,212400,qg.order60_01,59,,1797.1,1800.97,146130164,,,0,,,heur
wap05a,905,43081,wap05a_01,79,,1796.52,1800.51,138591640,,,0,,,heur
le450_15a,450,8168,le450_15a_01,75,,7186.69,7207,290408524,,,0,,,heur
random_instance002_graph002,26,78,random_instance002_graph002_01,7,12722,0,0.01,33012,0.003144,352,1,,4,opt
random_instance001_graph004,13,39,random_instance001_graph004_01,4,94,0,0.01,33012,0.000647,32,1,,5,opt
random_instance001_graph004,13,39,random_instance001_graph004_01,4,94,0,0.01,33012,0.000644,32,1,,5,heur
wap05a,905,43081,wap05a_02,78,,1796.5,1800.53,138711320,,,0,,,heur
le450_15a,450,8168,le450_15a_02,74,,7185.67,7207,290556408,,,0,,,heur
anna,138,493,anna_01,80,,1796.54,1800.39,133833108,,,0,,,orig
anna,138,493,anna_02,79,,1796.5299,1800.39,133834052,,,0,,,orig
random_instance002_graph005,26,78,random_instance002_graph005_01,7,11926,0.03,0.03,31744,0.005591,1095,1,,3,orig
random_instance017_graph003,221,663,random_instance017_graph003_01,73,,1796.8601,1800.38,131599564,,,0,,,heur
random_instance018_graph003,234,702,random_instance018_graph003_01,74,,1797,1800.39,133600016,,,0,,,heur
random_instance016_graph001,208,624,random_instance016_graph001_01,68,,3588,3600,263523184,,,0,,,orig
miles1000,128,3216,miles1000_01,8,2500822,1.17,1.18,153204,1.148085,690,1,,3,heur
random_instance017_graph001,221,663,random_instance017_graph001_01,72,,1796.99,1800.39,133414096,,,0,,,heur
DSJC125.5,125,3891,DSJC125.5_02,9,537509,898.98,902.38,72016876,902.037443,115590,1,,2,orig
random_instance003_graph004,39,117,random_instance003_graph004_01,14,1936328,0.05,0.06,34036,0.048074,3856,1,,2,heur
random_instance017_graph004,221,663,random_instance017_graph004_01,73,,1796.88,1800.39,132510440,,,0,,,heur
DSJC1000.1,1000,49629,DSJC1000.1_02,66,,1796.75,1800.51,135020864,,,0,,,heur
myciel5,47,236,myciel5_01,22,39473983,0.04,0.05,34036,0.035607,1869,1,,1,heur
2-Insertions_4,149,541,2-Insertions_4_02,73,,1796.75,1800.21,71240748,,,0,,,heur
random_instance003_graph004,39,117,random_instance003_graph004_01,14,1936328,0.03,0.04,34036,0.032107,2444,1,,2,opt
random_instance016_graph005,208,624,random_instance016_graph005_01,72,,1796.98,1800.4,135063292,,,0,,,heur
DSJC1000.1,1000,49629,DSJC1000.1_01,66,,1796.75,1800.51,134955308,,,0,,,heur
miles1000,128,3216,miles1000_01,8,2500822,1.18,1.2,153512,1.170043,688,1,,3,opt
2-Insertions_4,149,541,2-Insertions_4_01,73,,1796.7,1800.21,71239420,,,0,,,heur
myciel5,47,236,myciel5_02,22,39473983,0.04,0.05,34040,0.035497,1869,1,,1,heur
random_instance016_graph004,208,624,random_instance016_graph004_01,66,,3586.91,3600,229825696,,,0,,,orig
myciel5,47,236,myciel5_01,22,39473983,0.04,0.05,34036,0.035294,1869,1,,1,opt
myciel5,47,236,myciel5_02,22,39473983,0.04,0.05,34036,0.035523,1869,1,,1,opt
random_instance017_graph005,221,663,random_instance017_graph005_01,70,,1796.93,1800.4,135316068,,,0,,,heur
miles1500,128,5198,miles1500_02,4,14030,8.700001,8.74,556424,8.682286,2334,1,,3,orig
random_instance016_graph003,208,624,random_instance016_graph003_01,67,,3586.87,3600,153567768,,,0,,,orig
random_instance002_graph005,26,78,random_instance002_graph005_01,7,11926,0,0.01,33012,0.002883,254,1,,3,opt
DSJR500.1c,500,121275,DSJR500.1c_01,13,94552,1492.9299,1498.5,140541956,1497.244370,4948,1,,1,orig
random_instance002_graph005,26,78,random_instance002_graph005_01,7,11926,0.01,0.01,33012,0.002882,254,1,,3,heur
random_instance017_graph002,221,663,random_instance017_graph002_01,69,,1796.7999,1800.22,73834584,,,0,,,heur
DSJC500.1,500,12458,DSJC500.1_01,57,,7190.7695,7215,528334932,,,0,,,orig
random_instance016_graph001,208,624,random_instance016_graph001_01,68,,3591.81,3605,263339660,,,0,,,heur
5-FullIns_3,154,792,5-FullIns_3_01,72,,1796.72,1800.22,73941972,,,0,,,heur
DSJC500.1,500,12458,DSJC500.1_02,56,,7186.67,7211,460422744,,,0,,,orig
5-FullIns_3,154,792,5-FullIns_3_02,71,,1796.6599,1800.22,73940360,,,0,,,heur
random_instance016_graph004,208,624,random_instance016_graph004_01,66,,3591.3499,3604,267669260,,,0,,,heur
1-FullIns_3,30,100,1-FullIns_3_01,14,83039,0.02,0.03,31744,0.003602,664,1,,1,orig
queen050x050,2500,203350,queen050x050_04_9047,49,,1797,1800.78,137146344,,,0,,,heur
DSJC125.5,125,3891,DSJC125.5_02,9,537509,966.93,970.64,70208484,970.305456,94405,1,,2,heur
random_instance015_graph002,195,585,random_instance015_graph002_01,61,,3586.5698,3600,147601180,,,0,,,orig
miles1500,128,5198,miles1500_01,5,14030,8.2699995,8.31,554940,8.228989,2334,1,,2,orig
random_instance016_graph003,208,624,random_instance016_graph003_01,67,,3591.4001,3604,266833980,,,0,,,heur
DSJC125.5,125,3891,DSJC125.5_02,9,537509,1029.04,1033.09,70349184,1032.680851,97315,1,,2,opt
myciel3,11,20,myciel3_02,4,103,0,0.01,33012,0.000358,48,1,,3,orig
queen050x050,2500,203350,queen050x050_03_0562,49,,1796.8,1800.75,137128344,,,0,,,heur
hc-toyyes-01,7,7,hc-toyyes-01_01,3,31,0,0.01,33012,0.000109,10,1,,3,orig
random_instance015_graph005,195,585,random_instance015_graph005_01,64,,1797.01,1800.39,132815808,,,0,,,heur
queen050x050,2500,203350,queen050x050_01_6006,49,,1796.83,1800.74,137128984,,,0,,,heur
queen050x050,2500,203350,queen050x050_02_6166,49,,1796.86,1800.71,137126540,,,0,,,heur
SAT_exp_instance014,168,287,SAT_exp_instance014_01,63,,1796.74,1800.4,136128372,,,0,,,orig
random_instance014_graph005,182,546,random_instance014_graph005_01,57,,3587.45,3600,157442076,,,0,,,orig
SAT_exp_instance014,168,287,SAT_exp_instance014_01,63,,7185.5903,7209,371230748,,,0,,,orig
miles1500,128,5198,miles1500_02,4,14030,2.06,2.08,273392,2.037098,310,1,,3,heur
DSJR500.1c,500,121275,DSJR500.1c_01,13,94552,1442.58,1448.11,137669512,1443.630645,4653,1,,1,heur
miles1500,128,5198,miles1500_02,4,14030,2.06,2.08,274136,2.035274,310,1,,3,opt
DSJR500.1c,500,121275,DSJR500.1c_01,13,94552,1449.23,1454.79,137668800,1450.521280,4653,1,,1,opt
random_instance015_graph003,195,585,random_instance015_graph003_01,61,,1796.99,1800.4,133151972,,,0,,,heur
random_instance015_graph002,195,585,random_instance015_graph002_01,61,,3590.77,3603,243560660,,,0,,,heur
random_instance015_graph001,195,585,random_instance015_graph001_01,62,,1796.78,1800.41,139786736,,,0,,,heur
random_instance014_graph001,182,546,random_instance014_graph001_01,61,,1796.82,1800.4,135556216,,,0,,,heur
DSJC500.1,500,12458,DSJC500.1_01,57,,7179.23,7205,282312512,,,0,,,heur
myciel4,23,71,myciel4_01,10,7407,0.01,0.01,33016,0.002653,593,1,,1,orig
grid004x004,16,24,grid004x004_05,7,1234,0,0.01,33012,0.000463,48,1,,-1,orig
myciel4,23,71,myciel4_02,10,7407,0,0.01,33012,0.002652,593,1,,1,orig
SAT_exp_instance002,6,5,SAT_exp_instance002_01,3,21,0.01,0.02,32768,0.000080,8,1,,3,orig
grid004x004,16,24,grid004x004_02,7,1234,0,0.01,33012,0.000472,48,1,,-1,orig
grid004x004,16,24,grid004x004_01,7,1234,0,0.01,33012,0.000450,48,1,,-1,orig
le450_25c,450,17343,le450_25c_01,47,,7188.2197,7210,538852796,,,0,,,orig
DSJC500.1,500,12458,DSJC500.1_02,56,,7179.23,7205,282572964,,,0,,,heur
random_instance014_graph005,182,546,random_instance014_graph005_01,57,,3592.47,3605,268029684,,,0,,,heur
random_instance014_graph002,182,546,random_instance014_graph002_01,59,,1796.8401,1800.39,134531896,,,0,,,heur
1-FullIns_3,30,100,1-FullIns_3_01,14,83039,0,0.01,33012,0.003574,333,1,,1,heur
le450_25c,450,17343,le450_25c_02,46,,7181.6,7205,546489412,,,0,,,orig
random_instance001_graph001,13,39,random_instance001_graph001_01,3,125,0.02,0.02,32768,0.000652,39,1,,2,orig
myciel3,11,20,myciel3_02,4,103,0,0.01,33012,0.000346,29,1,,3,heur
random_instance001_graph002,13,39,random_instance001_graph002_01,3,93,0.01,0.02,31744,0.000681,38,1,,2,orig
miles1500,128,5198,miles1500_01,5,14030,2.07,2.08,274012,2.039248,310,1,,2,heur
random_instance013_graph002,169,507,random_instance013_graph002_01,56,,1796.78,1800.39,133475972,,,0,,,heur
myciel3,11,20,myciel3_01,4,103,0.01,0.01,31988,0.000349,48,1,,2,orig
1-FullIns_3,30,100,1-FullIns_3_01,14,83039,0.01,0.01,33012,0.004301,546,1,,1,opt
myciel3,11,20,myciel3_02,4,103,0,0.01,33012,0.000343,29,1,,3,opt
miles1500,128,5198,miles1500_01,5,14030,2.04,2.05,274252,2.017200,310,1,,2,opt
hc-toyyes-01,7,7,hc-toyyes-01_01,3,31,0,0.01,33012,0.000104,8,1,,3,heur
SAT_exp_instance002,6,5,SAT_exp_instance002_01,3,21,0,0.01,33012,0.000086,6,1,,3,heur
random_instance013_graph003,169,507,random_instance013_graph003_01,49,,3586.9102,3600,147764472,,,0,,,orig
random_instance014_graph004,182,546,random_instance014_graph004_01,56,,1796.98,1800.4,137752680,,,0,,,heur
hc-toyyes-01,7,7,hc-toyyes-01_01,3,31,0,0.01,33012,0.000127,8,1,,3,opt
random_instance013_graph001,169,507,random_instance013_graph001_01,53,,1796.97,1800.39,134696372,,,0,,,heur
le450_25d,450,17425,le450_25d_01,43,,7182.6904,7204,550723056,,,0,,,orig
random_instance012_graph001,156,468,random_instance012_graph001_01,54,,1796.98,1800.39,133427924,,,0,,,heur
le450_25d,450,17425,le450_25d_02,42,,7181.3604,7204,547401104,,,0,,,orig
grid004x004,16,24,grid004x004_02,7,1234,0,0.01,33012,0.000458,43,1,,-1,heur
grid004x004,16,24,grid004x004_01,7,1234,0,0.01,33012,0.000456,43,1,,-1,heur
SAT_exp_instance002,6,5,SAT_exp_instance002_01,3,21,0.01,0.01,33012,0.000090,6,1,,3,opt
grid004x004,16,24,grid004x004_05,7,1234,0,0.01,33012,0.000452,43,1,,-1,heur
grid004x004,16,24,grid004x004_05,7,1234,0,0.01,33016,0.000462,43,1,,-1,opt
random_instance013_graph004,169,507,random_instance013_graph004_01,52,,1796.77,1800.21,70972688,,,0,,,heur
grid004x004,16,24,grid004x004_01,7,1234,0,0.01,33012,0.000462,43,1,,-1,opt
myciel4,23,71,myciel4_01,10,7407,0,0.01,33012,0.001981,198,1,,1,heur
grid004x004,16,24,grid004x004_02,7,1234,0.01,0.01,33012,0.000456,43,1,,-1,opt
DSJC125.9,125,6961,DSJC125.9_01,4,1250,10.059999,10.1,594248,10.007821,912,1,,1,orig
myciel4,23,71,myciel4_02,10,7407,0.01,0.01,33016,0.001975,198,1,,1,heur
DSJC250.1,250,3218,DSJC250.1_01,44,,1796.63,1800.45,143138584,,,0,,,orig
random_instance012_graph002,156,468,random_instance012_graph002_01,53,,1796.84,1800.22,74712348,,,0,,,heur
hc-toyno-01,6,9,hc-toyno-01_01,2,15,0,0.01,31988,0.000159,8,1,,-1,orig
myciel4,23,71,myciel4_02,10,7407,0.01,0.01,33012,0.002054,192,1,,1,opt
le450_15c,450,16680,le450_15c_01,41,,1796.25,1800.48,144213816,,,0,,,orig
random_instance001_graph001,13,39,random_instance001_graph001_01,3,125,0.01,0.01,33012,0.000635,25,1,,2,heur
random_instance001_graph001,13,39,random_instance001_graph001_01,3,125,0,0.01,33012,0.000651,25,1,,2,opt
le450_15d,450,16750,le450_15d_02,40,,7181.6304,7204,546565936,,,0,,,orig
random_instance001_graph002,13,39,random_instance001_graph002_01,3,93,0,0.01,33008,0.000675,28,1,,2,heur
myciel4,23,71,myciel4_01,10,7407,0.01,0.01,33012,0.002062,192,1,,1,opt
DSJC250.1,250,3218,DSJC250.1_02,43,,1796.5901,1800.45,143138584,,,0,,,orig
le450_15d,450,16750,le450_15d_01,40,,7181.44,7204,554131936,,,0,,,orig
random_instance001_graph002,13,39,random_instance001_graph002_01,3,93,0,0.01,33012,0.000643,27,1,,2,opt
queen040x040,1600,103480,queen040x040_01_6291,39,,1796.74,1800.64,138203868,,,0,,,heur
le450_15c,450,16680,le450_15c_02,40,,1796.2,1800.48,144215272,,,0,,,orig
queen040x040,1600,103480,queen040x040_03_7037,39,,1796.71,1800.65,138204508,,,0,,,heur
queen040x040,1600,103480,queen040x040_02_9487,39,,1796.74,1800.69,138273364,,,0,,,heur
le450_25c,450,17343,le450_25c_02,46,,7184.9697,7207,282008032,,,0,,,heur
4-FullIns_3,114,541,4-FullIns_3_01,55,,7180.07,7206,280648312,,,0,,,heur
queen040x040,1600,103480,queen040x040_04_8369,39,,1796.8099,1800.47,138370244,,,0,,,heur
le450_25c,450,17343,le450_25c_01,47,,7186.07,7207,280873588,,,0,,,heur
random_instance013_graph003,169,507,random_instance013_graph003_01,49,,3591.63,3604,266859944,,,0,,,heur
qg.order40,1600,62400,qg.order40_02,39,,1797.05,1800.69,144700904,,,0,,,heur
qg.order40,1600,62400,qg.order40_01,39,,1797.0499,1800.68,144831776,,,0,,,heur
4-FullIns_3,114,541,4-FullIns_3_02,54,,7180.58,7205,280617252,,,0,,,heur
myciel3,11,20,myciel3_01,4,103,0.01,0.01,31988,0.000363,29,1,,2,opt
random_instance001_graph005,13,39,random_instance001_graph005_01,3,105,0.02,0.02,31744,0.000647,50,1,,1,orig
myciel3,11,20,myciel3_01,4,103,0,0.01,33012,0.000336,29,1,,2,heur
random_instance001_graph003,13,39,random_instance001_graph003_01,3,94,0.01,0.02,31744,0.000635,38,1,,1,orig
random_instance012_graph004,156,468,random_instance012_graph004_01,47,,1796.97,1800.39,133327876,,,0,,,heur
random_instance011_graph004,143,429,random_instance011_graph004_01,46,,1796.8401,1800.39,132702776,,,0,,,heur
random_instance012_graph003,156,468,random_instance012_graph003_01,46,,1796.76,1800.21,71507116,,,0,,,heur
random_instance011_graph005,143,429,random_instance011_graph005_01,48,,1797.04,1800.39,132893772,,,0,,,heur
le450_25d,450,17425,le450_25d_01,43,,7187.45,7207,281604176,,,0,,,heur
random_instance011_graph001,143,429,random_instance011_graph001_01,45,,1796.92,1800.39,134845356,,,0,,,heur
DSJC250.1,250,3218,DSJC250.1_01,44,,1796.61,1800.41,134603184,,,0,,,heur
le450_25d,450,17425,le450_25d_02,42,,7187.35,7207,281485036,,,0,,,heur
random_instance010_graph003,130,390,random_instance010_graph003_01,46,,1796.71,1800.22,73290508,,,0,,,heur
random_instance011_graph003,143,429,random_instance011_graph003_01,45,,1796.8701,1800.4,137868668,,,0,,,heur
le450_15c,450,16680,le450_15c_01,41,,1796.61,1800.45,133760068,,,0,,,heur
DSJC125.9,125,6961,DSJC125.9_01,4,1250,6.6000004,6.63,596424,6.577689,888,1,,1,heur
school1,385,19095,school1_01,41,,1796.6699,1800.42,136270660,,,0,,,heur
school1,385,19095,school1_02,40,,1796.67,1800.42,136143880,,,0,,,heur
hc-toyno-01,6,9,hc-toyno-01_01,2,15,0,0.01,33012,0.000151,8,1,,-1,heur
le450_15c,450,16680,le450_15c_02,40,,1796.7,1800.42,133730392,,,0,,,heur
DSJC250.1,250,3218,DSJC250.1_02,43,,1796.66,1800.41,134603184,,,0,,,heur
DSJC125.9,125,6961,DSJC125.9_01,4,1250,6.6,6.63,596924,6.577249,888,1,,1,opt
school1_nsh,352,14612,school1_nsh_01,39,,1796.52,1800.24,74645480,,,0,,,heur
le450_15d,450,16750,le450_15d_01,40,,7177.24,7201,290767324,,,0,,,heur
le450_15d,450,16750,le450_15d_02,40,,7177.9897,7201,291652868,,,0,,,heur
random_instance001_graph005,13,39,random_instance001_graph005_01,3,105,0,0.01,33012,0.000665,26,1,,1,heur
random_instance001_graph003,13,39,random_instance001_graph003_01,3,94,0,0.01,33012,0.000660,34,1,,1,heur
hc-toyno-01,6,9,hc-toyno-01_01,2,15,0,0.01,33012,0.000156,8,1,,-1,opt
random_instance010_graph004,130,390,random_instance010_graph004_01,41,,1796.78,1800.22,75266296,,,0,,,heur
random_instance001_graph005,13,39,random_instance001_graph005_01,3,105,0,0.01,33012,0.000646,26,1,,1,opt
school1_nsh,352,14612,school1_nsh_02,38,,1796.53,1800.24,74645484,,,0,,,heur
random_instance001_graph003,13,39,random_instance001_graph003_01,3,94,0,0.01,33016,0.000660,34,1,,1,opt
random_instance010_graph001,130,390,random_instance010_graph001_01,41,,1796.6901,1800.22,73051992,,,0,,,heur
random_instance010_graph005,130,390,random_instance010_graph005_01,40,,1796.6901,1800.21,72278892,,,0,,,heur
random_instance010_graph002,130,390,random_instance010_graph002_01,39,,1796.75,1800.4,137282548,,,0,,,heur
random_instance009_graph002,117,351,random_instance009_graph002_01,38,,1796.8501,1800.21,72977996,,,0,,,heur
DSJC125.1,125,736,DSJC125.1_01,34,,1796.75,1800.4,135250460,,,0,,,orig
random_instance009_graph005,117,351,random_instance009_graph005_01,38,,1796.81,1800.21,72031924,,,0,,,heur
random_instance009_graph003,117,351,random_instance009_graph003_01,38,,1796.67,1800.21,71477108,,,0,,,heur
DSJC125.1,125,736,DSJC125.1_02,33,,1796.76,1800.4,135315420,,,0,,,orig
random_instance008_graph005,104,312,random_instance008_graph005_01,37,,1796.7301,1800.22,73853956,,,0,,,heur
random_instance007_graph003,91,273,random_instance007_graph003_01,32,,1796.46,1800.21,70721796,,,0,,,orig
random_instance007_graph005,91,273,random_instance007_graph005_01,32,,1796.4601,1800.21,72464396,,,0,,,orig
queen030x030,900,43210,queen030x030_02_4963,29,,1796.76,1800.53,136808844,,,0,,,heur
queen030x030,900,43210,queen030x030_03_7394,29,,1796.6499,1800.54,136908496,,,0,,,heur
queen030x030,900,43210,queen030x030_04_9144,29,,1796.6399,1800.53,136908632,,,0,,,heur
queen030x030,900,43210,queen030x030_01_3761,29,,1796.7,1800.53,136907848,,,0,,,heur
qg.order30,900,26100,qg.order30_01,29,,1796.94,1800.55,144364768,,,0,,,heur
random_instance009_graph001,117,351,random_instance009_graph001_01,33,,1796.83,1800.21,71859552,,,0,,,heur
qg.order30,900,26100,qg.order30_02,29,,1796.91,1800.58,144365576,,,0,,,heur
random_instance008_graph001,104,312,random_instance008_graph001_01,33,,1796.84,1800.21,71222100,,,0,,,heur
random_instance009_graph004,117,351,random_instance009_graph004_01,34,,1796.68,1800.21,73189384,,,0,,,heur
random_instance007_graph001,91,273,random_instance007_graph001_01,29,,1796.6,1800.38,131426984,,,0,,,orig
DSJC125.1,125,736,DSJC125.1_01,34,,1796.62,1800.22,73052584,,,0,,,heur
DSJC125.1,125,736,DSJC125.1_02,33,,1796.65,1800.22,73052584,,,0,,,heur
games120,120,638,games120_02,21,,7179.5703,7204,279646172,,,0,,,orig
random_instance008_graph002,104,312,random_instance008_graph002_01,33,,1796.93,1800.39,134265928,,,0,,,heur
games120,120,638,games120_01,22,,7179.78,7205,276371108,,,0,,,orig
DSJC1000.5,1000,249826,DSJC1000.5_02,13,,1796.34,1800.59,147728636,,,0,,,orig
DSJC1000.5,1000,249826,DSJC1000.5_01,14,,1796.26,1800.6,147752376,,,0,,,orig
queen15_15,225,5180,queen15_15_01,14,,3586.64,3600,286513104,,,0,,,orig
queen020x020,400,12540,queen020x020_02_4815,19,,1796.73,1800.45,137691040,,,0,,,heur
queen020x020,400,12540,queen020x020_01_7075,19,,1796.7799,1800.45,137557708,,,0,,,heur
queen020x020,400,12540,queen020x020_03_8667,19,,1796.73,1800.45,137557084,,,0,,,heur
queen020x020,400,12540,queen020x020_04_0961,19,,1796.76,1800.45,137491948,,,0,,,heur
DSJC500.5,500,62624,DSJC500.5_02,12,,1796.19,1800.51,146151096,,,0,,,orig
queen13_13,169,3328,queen13_13_01,12,,3585.61,3600,281379800,,,0,,,orig
DSJC500.5,500,62624,DSJC500.5_01,12,,1796.3,1800.51,146150720,,,0,,,orig
latin_square_10,900,307350,latin_square_10_01,9,,7186.21,7208,543357552,,,0,,,orig
queen15_15,225,5180,queen15_15_02,14,,3587.05,3600,286324320,,,0,,,orig
latin_square_10,900,307350,latin_square_10_02,9,,7182.96,7204,543848012,,,0,,,orig
queen13_13,169,3328,queen13_13_02,12,,3586.95,3600,280987628,,,0,,,orig
DSJC250.5,250,15668,DSJC250.5_01,11,,1796.36,1800.44,143774020,,,0,,,orig
games120,120,638,games120_01,22,,7179.29,7205,283598876,,,0,,,heur
DSJC1000.5,1000,249826,DSJC1000.5_01,14,,1796.32,1800.52,134766604,,,0,,,heur
games120,120,638,games120_02,21,,7180.19,7205,283202944,,,0,,,heur
DSJC250.5,250,15668,DSJC250.5_02,11,,1796.25,1800.45,143683204,,,0,,,orig
queen11_11,121,1980,queen11_11_02,10,,3586.5,3600,278176884,,,0,,,orig
queen010x010,100,1470,queen010x010_02_5832,9,,3586.86,3600,274748076,,,0,,,orig
queen11_11,121,1980,queen11_11_01,10,,3586.51,3600,277520488,,,0,,,orig
queen010x010,100,1470,queen010x010_04_2943,9,,3586.33,3600,274091552,,,0,,,orig
queen010x010,100,1470,queen010x010_01_0612,9,,3587,3600,274092296,,,0,,,orig
queen010x010,100,1470,queen010x010_03_7635,9,,3586.29,3600,274092720,,,0,,,orig
DSJR500.5,500,58862,DSJR500.5_01,7,,7176.9,7204,529696116,,,0,,,orig
queen16_16,256,6320,queen16_16_02,15,,1796.65,1800.41,134033460,,,0,,,heur
queen16_16,256,6320,queen16_16_01,15,,1796.65,1800.41,134327744,,,0,,,heur
DSJC1000.5,1000,249826,DSJC1000.5_02,13,,1796.3,1800.54,134588440,,,0,,,heur
queen10_10,100,1470,queen10_10_02,9,,3587.36,3600,274138884,,,0,,,orig
queen10_10,100,1470,queen10_10_01,9,,3587,3600,274794664,,,0,,,orig
DSJC1000.9,1000,449449,DSJC1000.9_01,5,,7190.0703,7216,532097544,,,0,,,orig
queen8_12,96,1368,queen8_12_01,8,,3586.1902,3600,277035320,,,0,,,orig
DSJR500.5,500,58862,DSJR500.5_02,6,,7189.22,7216,459390020,,,0,,,orig
DSJC500.5,500,62624,DSJC500.5_01,12,,1796.2899,1800.45,133803552,,,0,,,heur
queen14_14,196,4186,queen14_14_01,13,,1796.54,1800.41,135507748,,,0,,,heur
DSJC1000.9,1000,449449,DSJC1000.9_02,5,,7190.01,7216,531921100,,,0,,,orig
DSJC500.9,500,112437,DSJC500.9_01,4,,7191.71,7216,532966124,,,0,,,orig
queen14_14,196,4186,queen14_14_02,13,,1796.56,1800.41,135507172,,,0,,,heur
queen8_12,96,1368,queen8_12_02,7,,3586.32,3600,277373360,,,0,,,orig
DSJC500.9,500,112437,DSJC500.9_02,4,,7196.57,7221,525701236,,,0,,,orig
queen15_15,225,5180,queen15_15_01,14,,3586.49,3600,150759896,,,0,,,heur
DSJC250.5,250,15668,DSJC250.5_02,11,,1796.35,1800.41,134487652,,,0,,,heur
DSJC500.5,500,62624,DSJC500.5_02,12,,1796.3201,1800.44,134032960,,,0,,,heur
queen15_15,225,5180,queen15_15_02,14,,3586.53,3600,149401856,,,0,,,heur
queen13_13,169,3328,queen13_13_01,12,,3588.51,3602,144566980,,,0,,,heur
latin_square_10,900,307350,latin_square_10_01,9,,7192.6,7213,548626156,,,0,,,heur
latin_square_10,900,307350,latin_square_10_02,9,,7184.2,7205,548818260,,,0,,,heur
queen12_12,144,2596,queen12_12_02,11,,1796.47,1800.39,133770076,,,0,,,heur
latin_square_10,900,307350,latin_square_10_01,9,,7183.0703,7204,548621644,,,0,,,opt
random_instance026_graph005,,,random_instance026_graph005_01,,,0.05,0.21,31988,,,-1,No such vertex,,orig
random_instance036_graph002,,,random_instance036_graph002_01,,,0.06,0.22,31744,,,-1,No such vertex,,orig
DSJC250.5,250,15668,DSJC250.5_01,11,,1796.1901,1800.41,134265792,,,0,,,heur
random_instance014_graph003,,,random_instance014_graph003_01,,,0.03,0.19,31988,,,-1,No such vertex,,orig
latin_square_10,900,307350,latin_square_10_02,9,,7189.87,7210,539220828,,,0,,,opt
queen13_13,169,3328,queen13_13_02,12,,3586.45,3600,146044012,,,0,,,heur
queen12_12,144,2596,queen12_12_01,11,,1796.73,1800.4,134131724,,,0,,,heur
random_instance035_graph001,,,random_instance035_graph001_01,,,0.060000002,0.22,31744,,,-1,No such vertex,,orig
queen11_11,121,1980,queen11_11_02,10,,3586.25,3600,143115928,,,0,,,heur
queen11_11,121,1980,queen11_11_01,10,,3586.24,3600,143115160,,,0,,,heur
DSJR500.5,500,58862,DSJR500.5_01,7,,7179.92,7207,276224352,,,0,,,opt
DSJR500.5,500,58862,DSJR500.5_01,7,,7181.42,7208,276682308,,,0,,,heur
queen11_11,121,1980,queen11_11_01,10,,3587.03,3600,143713644,,,0,,,opt
DSJR500.5,500,58862,DSJR500.5_02,6,,7178.5903,7205,278684696,,,0,,,heur
DSJC1000.9,1000,449449,DSJC1000.9_01,5,,7179.35,7205,296109796,,,0,,,heur
DSJC1000.9,1000,449449,DSJC1000.9_02,5,,7179,7205,295978016,,,0,,,heur
random_instance033_graph005,,,random_instance033_graph005_01,,,0.04,0.2,31992,,,-1,No such vertex,,heur
random_instance027_graph005,,,random_instance027_graph005_01,,,0.03,0.22,31984,,,-1,No such vertex,,heur
queen11_11,121,1980,queen11_11_02,10,,3586.11,3600,143712492,,,0,,,opt
random_instance026_graph002,,,random_instance026_graph002_01,,,0.03,0.2,31988,,,-1,No such vertex,,heur
DSJR500.5,500,58862,DSJR500.5_02,6,,7180.3696,7207,276224864,,,0,,,opt
random_instance023_graph005,,,random_instance023_graph005_01,,,0.03,0.2,31988,,,-1,No such vertex,,heur
random_instance015_graph004,,,random_instance015_graph004_01,,,0.03,0.2,31988,,,-1,No such vertex,,heur
random_instance021_graph004,,,random_instance021_graph004_01,,,0.03,0.2,31988,,,-1,No such vertex,,heur
random_instance027_graph002,,,random_instance027_graph002_01,,,0.03,0.19,31992,,,-1,No such vertex,,heur
random_instance032_graph003,,,random_instance032_graph003_01,,,0.03,0.19,31992,,,-1,No such vertex,,heur
random_instance029_graph003,,,random_instance029_graph003_01,,,0.04,0.31,31984,,,-1,No such vertex,,heur
random_instance027_graph001,,,random_instance027_graph001_01,,,0.04,0.19,31988,,,-1,No such vertex,,heur
random_instance031_graph001,,,random_instance031_graph001_01,,,0.03,0.2,31988,,,-1,No such vertex,,heur
random_instance040_graph005,,,random_instance040_graph005_01,,,0.04,0.2,31988,,,-1,No such vertex,,heur
random_instance040_graph002,,,random_instance040_graph002_01,,,0.04,0.2,31988,,,-1,No such vertex,,heur
random_instance033_graph001,,,random_instance033_graph001_01,,,0.03,0.2,31988,,,-1,No such vertex,,heur
random_instance030_graph002,,,random_instance030_graph002_01,,,0.03,0.19,31988,,,-1,No such vertex,,heur
random_instance007_graph002,,,random_instance007_graph002_01,,,0.03,0.21,31984,,,-1,No such vertex,,heur
random_instance036_graph001,,,random_instance036_graph001_01,,,0.03,0.2,31988,,,-1,No such vertex,,heur
random_instance030_graph005,,,random_instance030_graph005_01,,,0.03,0.2,31988,,,-1,No such vertex,,heur
random_instance021_graph001,,,random_instance021_graph001_01,,,0.03,0.19,31988,,,-1,No such vertex,,heur
random_instance031_graph002,,,random_instance031_graph002_01,,,0.04,0.19,31988,,,-1,No such vertex,,heur
random_instance026_graph003,,,random_instance026_graph003_01,,,0.03,0.2,31988,,,-1,No such vertex,,heur
random_instance040_graph004,,,random_instance040_graph004_01,,,0.03,0.19,31988,,,-1,No such vertex,,heur
random_instance040_graph003,,,random_instance040_graph003_01,,,0.03,0.2,31988,,,-1,No such vertex,,heur
random_instance019_graph004,,,random_instance019_graph004_01,,,0.03,0.19,31988,,,-1,No such vertex,,heur
random_instance016_graph002,,,random_instance016_graph002_01,,,0.03,0.2,31988,,,-1,No such vertex,,heur
random_instance026_graph004,,,random_instance026_graph004_01,,,0.03,0.19,31988,,,-1,No such vertex,,heur
random_instance040_graph001,,,random_instance040_graph001_01,,,0.03,0.2,31988,,,-1,No such vertex,,heur
random_instance032_graph002,,,random_instance032_graph002_01,,,0.03,0.21,31988,,,-1,No such vertex,,heur
random_instance033_graph003,,,random_instance033_graph003_01,,,0.03,0.2,31988,,,-1,No such vertex,,heur
random_instance039_graph004,,,random_instance039_graph004_01,,,0.03,0.2,31988,,,-1,No such vertex,,heur
random_instance039_graph002,,,random_instance039_graph002_01,,,0.03,0.2,31988,,,-1,No such vertex,,heur
random_instance033_graph004,,,random_instance033_graph004_01,,,0.03,0.19,31988,,,-1,No such vertex,,heur
DSJC1000.9,1000,449449,DSJC1000.9_01,5,,7179.89,7206,294792772,,,0,,,opt
DSJC1000.9,1000,449449,DSJC1000.9_02,5,,7179.78,7205,295482012,,,0,,,opt
random_instance038_graph002,,,random_instance038_graph002_01,,,0.04,0.21,31988,,,-1,No such vertex,,heur
random_instance033_graph002,,,random_instance033_graph002_01,,,0.03,0.2,31992,,,-1,No such vertex,,heur
random_instance011_graph002,,,random_instance011_graph002_01,,,0.03,0.2,31988,,,-1,No such vertex,,heur
random_instance023_graph002,,,random_instance023_graph002_01,,,0.03,0.2,31988,,,-1,No such vertex,,heur
random_instance037_graph001,,,random_instance037_graph001_01,,,0.04,0.2,31984,,,-1,No such vertex,,heur
random_instance030_graph001,,,random_instance030_graph001_01,,,0.04,0.2,31988,,,-1,No such vertex,,heur
random_instance036_graph003,,,random_instance036_graph003_01,,,0.04,0.2,31988,,,-1,No such vertex,,heur
random_instance027_graph004,,,random_instance027_graph004_01,,,0.03,0.3,31988,,,-1,No such vertex,,heur
random_instance030_graph003,,,random_instance030_graph003_01,,,0.03,0.2,31988,,,-1,No such vertex,,heur
random_instance029_graph001,,,random_instance029_graph001_01,,,0.03,0.2,31992,,,-1,No such vertex,,heur
random_instance020_graph004,,,random_instance020_graph004_01,,,0.03,0.2,31984,,,-1,No such vertex,,heur
random_instance018_graph004,,,random_instance018_graph004_01,,,0.03,0.2,31984,,,-1,No such vertex,,heur
random_instance018_graph001,,,random_instance018_graph001_01,,,0.03,0.2,31988,,,-1,No such vertex,,heur
random_instance032_graph005,,,random_instance032_graph005_01,,,0.03,0.2,31988,,,-1,No such vertex,,heur
random_instance039_graph003,,,random_instance039_graph003_01,,,0.04,0.19,31988,,,-1,No such vertex,,heur
random_instance035_graph002,,,random_instance035_graph002_01,,,0.04,0.21,31988,,,-1,No such vertex,,heur
random_instance039_graph005,,,random_instance039_graph005_01,,,0.04,0.19,31988,,,-1,No such vertex,,heur
random_instance012_graph005,,,random_instance012_graph005_01,,,0.03,0.2,31988,,,-1,No such vertex,,heur
random_instance013_graph005,,,random_instance013_graph005_01,,,0.03,0.19,31988,,,-1,No such vertex,,heur
random_instance036_graph002,,,random_instance036_graph002_01,,,0.07,0.24,31984,,,-1,No such vertex,,heur
DSJC500.9,500,112437,DSJC500.9_01,4,,7190.3403,7216,531299652,,,0,,,heur
random_instance032_graph004,,,random_instance032_graph004_01,,,0.03,0.2,31988,,,-1,No such vertex,,heur
random_instance008_graph004,,,random_instance008_graph004_01,,,0.03,0.2,31988,,,-1,No such vertex,,heur
DSJC500.9,500,112437,DSJC500.9_02,4,,7190.2803,7216,495338496,,,0,,,heur
random_instance026_graph005,,,random_instance026_graph005_01,,,0.06,0.23,31988,,,-1,No such vertex,,heur
DSJC500.9,500,112437,DSJC500.9_01,4,,7190.54,7216,530383760,,,0,,,opt
random_instance014_graph003,,,random_instance014_graph003_01,,,0.05,0.23,31988,,,-1,No such vertex,,heur
DSJC500.9,500,112437,DSJC500.9_02,4,,7198.98,7224,531728236,,,0,,,opt
grid100x100,,,grid100x100_01_9072,,,0.08,0.09,41204,,,-1,The number of vertices,,orig
random_instance035_graph001,,,random_instance035_graph001_01,,,0.060000002,0.31,31988,,,-1,No such vertex,,heur
grid200x200,,,grid200x200_01_8265,,,0.37,0.38,73456,,,-1,The number of vertices,,orig
grid200x200,,,grid200x200_03_0743,,,0.36,0.37,71428,,,-1,The number of vertices,,orig
queen100x100,,,queen100x100_03_6670,,,10.62,10.65,742684,,,-1,The number of vertices,,heur
grid200x200,,,grid200x200_04_2816,,,0.37,0.37,73584,,,-1,The number of vertices,,orig
grid100x100,,,grid100x100_02_7191,,,0.089999996,0.09,41204,,,-1,The number of vertices,,orig
grid100x100,,,grid100x100_04_0664,,,0.089999996,0.09,41204,,,-1,The number of vertices,,orig
grid100x100,,,grid100x100_03_4887,,,0.089999996,0.09,41200,,,-1,The number of vertices,,orig
grid200x200,,,grid200x200_02_2458,,,0.37,0.37,72576,,,-1,The number of vertices,,orig
qg.order100,,,qg.order100_02,,,5.14,5.16,461728,,,-1,The number of vertices,,heur
grid200x200,,,grid200x200_04_2816,,,0.4,0.4,71544,,,-1,The number of vertices,,heur
qg.order100,,,qg.order100_01,,,5.15,5.17,461728,,,-1,The number of vertices,,heur
queen100x100,,,queen100x100_04_0618,,,10.55,10.58,742684,,,-1,The number of vertices,,heur
queen100x100,,,queen100x100_02_1699,,,10.59,10.61,742688,,,-1,The number of vertices,,heur
grid200x200,,,grid200x200_03_0743,,,0.41,0.41,71544,,,-1,The number of vertices,,heur
grid100x100,,,grid100x100_04_0664,,,0.1,0.1,41204,,,-1,The number of vertices,,heur
queen100x100,,,queen100x100_01_3955,,,10.61,10.63,742684,,,-1,The number of vertices,,heur
grid100x100,,,grid100x100_01_9072,,,0.089999996,0.1,41204,,,-1,The number of vertices,,heur
ph-20-20,,,ph-20-20_01,,,0.09,0.09,40180,,,-1,The number of vertices,,heur
grid100x100,,,grid100x100_02_7191,,,0.089999996,0.1,41204,,,-1,The number of vertices,,heur
grid100x100,,,grid100x100_03_4887,,,0.1,0.1,41204,,,-1,The number of vertices,,heur
grid200x200,,,grid200x200_01_8265,,,0.41,0.41,72840,,,-1,The number of vertices,,heur
grid200x200,,,grid200x200_02_2458,,,0.4,0.41,71544,,,-1,The number of vertices,,heur
ph-20-19,,,ph-20-19_01,,,0.08,0.08,39156,,,-1,The number of vertices,,heur
