Input graph file parsed. # of vertices = 185, # of edges = 215
s 8 10 12 6 4 1 72 74 76 21 23 25 19 17 14 84 86 88 132 134 136 168 170 172 34 36 38 32 30 27 96 98 100 144 146 148 47 49 51 45 43 40 108 110 112 60 62 64 58 53 56 67 69 71 79 81 83 127 129 131 163 165 167 91 93 95 103 105 107 155 153 151 160 158 156 120 122 124 180 182 184 115 117 119 139 141 143 175 177 179
t 8 10 12 6 4 1 72 74 76 21 23 25 19 17 14 84 86 88 132 134 136 168 170 172 34 36 38 32 30 27 96 98 100 144 146 148 47 49 51 45 43 40 108 110 112 60 62 64 58 54 55 67 69 71 79 81 83 127 129 131 163 165 167 91 93 95 103 105 107 155 153 151 160 158 156 120 122 124 180 182 184 115 117 119 139 141 143 175 177 179
Solution space ZDD construction start
Solution space ZDD construction end
Solution space ZDD construction time = 0.075749
Solution space ZDD size = 7666
# of elements in the solution space = 204378652937287921022196675453652622940
Start searching a reconfiguration sequence from s to t
Step 1 time = 0.000593, # ZDD nodes = 252, # elems = 17
Step 2 time = 0.000549, # ZDD nodes = 444, # elems = 150
Step 3 time = 0.001417, # ZDD nodes = 733, # elems = 921
Step 4 time = 0.001612, # ZDD nodes = 1037, # elems = 4417
Step 5 time = 0.002392, # ZDD nodes = 1396, # elems = 17575
Step 6 time = 0.002846, # ZDD nodes = 1776, # elems = 60190
Step 7 time = 0.003019, # ZDD nodes = 2129, # elems = 181827
Step 8 time = 0.003898, # ZDD nodes = 2478, # elems = 492987
Step 9 time = 0.005139, # ZDD nodes = 2810, # elems = 1215174
Step 10 time = 0.004709, # ZDD nodes = 3107, # elems = 2750036
Step 11 time = 0.004568, # ZDD nodes = 3374, # elems = 5758158
Step 12 time = 0.003921, # ZDD nodes = 3676, # elems = 11224041
Step 13 time = 0.004039, # ZDD nodes = 3964, # elems = 20469276
Step 14 time = 0.004130, # ZDD nodes = 4227, # elems = 35068432
Step 15 time = 0.003943, # ZDD nodes = 4470, # elems = 56630557
Step 16 time = 0.004154, # ZDD nodes = 4730, # elems = 86439341
Step 17 time = 0.004162, # ZDD nodes = 4998, # elems = 124995026
Step 18 time = 0.004459, # ZDD nodes = 5252, # elems = 171558013
Step 19 time = 0.004239, # ZDD nodes = 5494, # elems = 223835689
Step 20 time = 0.004107, # ZDD nodes = 5729, # elems = 277956523
Step 21 time = 0.004469, # ZDD nodes = 5932, # elems = 328824439
Step 22 time = 0.004581, # ZDD nodes = 6067, # elems = 370847212
Step 23 time = 0.004053, # ZDD nodes = 6175, # elems = 398912578
Step 24 time = 0.003998, # ZDD nodes = 6269, # elems = 409387104
Step 25 time = 0.003641, # ZDD nodes = 6370, # elems = 400876871
Step 26 time = 0.003923, # ZDD nodes = 6447, # elems = 374536564
Step 27 time = 0.004240, # ZDD nodes = 6578, # elems = 333834594
Step 28 time = 0.004500, # ZDD nodes = 6699, # elems = 283836848
Step 29 time = 0.005727, # ZDD nodes = 6785, # elems = 230206115
Step 30 time = 0.006193, # ZDD nodes = 6865, # elems = 178182199
Step 31 time = 0.005291, # ZDD nodes = 6856, # elems = 131789314
Step 32 time = 0.004087, # ZDD nodes = 6808, # elems = 93425812
Step 33 time = 0.004580, # ZDD nodes = 6746, # elems = 63865723
Step 34 time = 0.004523, # ZDD nodes = 6619, # elems = 42587835
Step 35 time = 0.003964, # ZDD nodes = 6459, # elems = 28280881
Step 36 time = 0.003636, # ZDD nodes = 6267, # elems = 19364718
Step 37 time = 0.004495, # ZDD nodes = 6059, # elems = 14405595
Step 38 time = 0.003002, # ZDD nodes = 5831, # elems = 12363953
Step 39 time = 0.003221, # ZDD nodes = 5611, # elems = 12669961
Step 40 time = 0.002885, # ZDD nodes = 5416, # elems = 15159055
Step 41 time = 0.003910, # ZDD nodes = 5230, # elems = 19914653
Step 42 time = 0.003130, # ZDD nodes = 5081, # elems = 27065309
Step 43 time = 0.003225, # ZDD nodes = 4901, # elems = 36579258
Step 44 time = 0.004090, # ZDD nodes = 4799, # elems = 48096940
Step 45 time = 0.003382, # ZDD nodes = 4702, # elems = 60840403
Step 46 time = 0.004815, # ZDD nodes = 4644, # elems = 73631077
Step 47 time = 0.004440, # ZDD nodes = 4608, # elems = 85028143
Step 48 time = 0.005309, # ZDD nodes = 4702, # elems = 93568643
Step 49 time = 0.005278, # ZDD nodes = 4854, # elems = 98056548
Step 50 time = 0.006057, # ZDD nodes = 5019, # elems = 97825406
Step 51 time = 0.006331, # ZDD nodes = 5166, # elems = 92900300
Step 52 time = 0.005532, # ZDD nodes = 5270, # elems = 84012833
Step 53 time = 0.005694, # ZDD nodes = 5445, # elems = 72468245
Step 54 time = 0.006387, # ZDD nodes = 5601, # elems = 59908424
Step 55 time = 0.005931, # ZDD nodes = 5766, # elems = 48040160
Step 56 time = 0.007226, # ZDD nodes = 5947, # elems = 38395057
Step 57 time = 0.008250, # ZDD nodes = 6126, # elems = 32160418
Step 58 time = 0.007590, # ZDD nodes = 6250, # elems = 30084709
Step 59 time = 0.007518, # ZDD nodes = 6318, # elems = 32435402
Step 60 time = 0.008158, # ZDD nodes = 6361, # elems = 38982892
Step 61 time = 0.007094, # ZDD nodes = 6371, # elems = 49000921
Step 62 time = 0.006345, # ZDD nodes = 6334, # elems = 61298600
Step 63 time = 0.007233, # ZDD nodes = 6336, # elems = 74314111
Step 64 time = 0.006331, # ZDD nodes = 6279, # elems = 86293092
Step 65 time = 0.005874, # ZDD nodes = 6184, # elems = 95545196
Step 66 time = 0.008140, # ZDD nodes = 6065, # elems = 100733463
Step 67 time = 0.005226, # ZDD nodes = 5879, # elems = 101122823
Step 68 time = 0.005421, # ZDD nodes = 5670, # elems = 96712562
Step 69 time = 0.029772, # ZDD nodes = 5457, # elems = 88207464
Step 70 time = 0.006644, # ZDD nodes = 5241, # elems = 76832734
Step 71 time = 0.005430, # ZDD nodes = 5042, # elems = 64047940
Step 72 time = 0.003640, # ZDD nodes = 4906, # elems = 51244563
Step 73 time = 0.003738, # ZDD nodes = 4809, # elems = 39509133
Step 74 time = 0.003726, # ZDD nodes = 4766, # elems = 29503025
Step 75 time = 0.003351, # ZDD nodes = 4754, # elems = 21465956
Step 76 time = 0.004404, # ZDD nodes = 4755, # elems = 15311608
Step 77 time = 0.003874, # ZDD nodes = 4750, # elems = 10764323
Step 78 time = 0.003821, # ZDD nodes = 4734, # elems = 7488495
Step 79 time = 0.004867, # ZDD nodes = 4698, # elems = 5180578
Step 80 time = 0.004563, # ZDD nodes = 4636, # elems = 3616237
Step 81 time = 0.003489, # ZDD nodes = 4618, # elems = 2661807
Step 82 time = 0.003797, # ZDD nodes = 4585, # elems = 2265207
Step 83 time = 0.004735, # ZDD nodes = 4604, # elems = 2438016
Step 84 time = 0.004186, # ZDD nodes = 4584, # elems = 3232827
Step 85 time = 0.005817, # ZDD nodes = 4554, # elems = 4714251
Step 86 time = 0.004915, # ZDD nodes = 4641, # elems = 6921771
Step 87 time = 0.007271, # ZDD nodes = 4694, # elems = 9828248
Step 88 time = 0.006010, # ZDD nodes = 4743, # elems = 13306018
Step 89 time = 0.005698, # ZDD nodes = 4773, # elems = 17118293
Step 90 time = 0.005367, # ZDD nodes = 4791, # elems = 20952720
Step 91 time = 0.004871, # ZDD nodes = 4857, # elems = 24504962
Step 92 time = 0.006207, # ZDD nodes = 4906, # elems = 27605192
Step 93 time = 0.006835, # ZDD nodes = 4912, # elems = 30364142
Step 94 time = 0.003753, # ZDD nodes = 4884, # elems = 33302978
Step 95 time = 0.003566, # ZDD nodes = 4830, # elems = 37426021
Step 96 time = 0.003558, # ZDD nodes = 4808, # elems = 44197933
Step 97 time = 0.003341, # ZDD nodes = 4766, # elems = 55397108
Step 98 time = 0.004830, # ZDD nodes = 4696, # elems = 72834995
Step 99 time = 0.002850, # ZDD nodes = 4616, # elems = 97958458
Step 100 time = 0.003796, # ZDD nodes = 4518, # elems = 131389151
Step 101 time = 0.003779, # ZDD nodes = 4405, # elems = 172494318
Step 102 time = 0.002536, # ZDD nodes = 4382, # elems = 219113273
Step 103 time = 0.002749, # ZDD nodes = 4323, # elems = 267563719
Step 104 time = 0.002784, # ZDD nodes = 4248, # elems = 313006721
Step 105 time = 0.002694, # ZDD nodes = 4150, # elems = 350159288
Step 106 time = 0.002584, # ZDD nodes = 4052, # elems = 374231866
Step 107 time = 0.002709, # ZDD nodes = 3997, # elems = 381874662
Step 108 time = 0.003384, # ZDD nodes = 3954, # elems = 371883287
Step 109 time = 0.003376, # ZDD nodes = 3902, # elems = 345463153
Step 110 time = 0.003289, # ZDD nodes = 3934, # elems = 305973521
Step 111 time = 0.004632, # ZDD nodes = 3974, # elems = 258225246
Step 112 time = 0.005534, # ZDD nodes = 4062, # elems = 207535809
Step 113 time = 0.005123, # ZDD nodes = 4136, # elems = 158806153
Step 114 time = 0.005112, # ZDD nodes = 4179, # elems = 115859724
Step 115 time = 0.004506, # ZDD nodes = 4273, # elems = 81191509
Step 116 time = 0.004965, # ZDD nodes = 4429, # elems = 56152055
Step 117 time = 0.005765, # ZDD nodes = 4638, # elems = 41478158
Step 118 time = 0.006424, # ZDD nodes = 4840, # elems = 38003215
Step 119 time = 0.007312, # ZDD nodes = 5026, # elems = 47341511
Step 120 time = 0.008293, # ZDD nodes = 5209, # elems = 72335464
Step 121 time = 0.009739, # ZDD nodes = 5370, # elems = 117078543
Step 122 time = 0.007163, # ZDD nodes = 5581, # elems = 186384765
Step 123 time = 0.007439, # ZDD nodes = 5716, # elems = 284680728
Step 124 time = 0.007619, # ZDD nodes = 5812, # elems = 414451432
Step 125 time = 0.007369, # ZDD nodes = 5877, # elems = 574553114
Step 126 time = 0.009236, # ZDD nodes = 5896, # elems = 758858402
Step 127 time = 0.007477, # ZDD nodes = 5906, # elems = 955745376
Step 128 time = 0.007326, # ZDD nodes = 5901, # elems = 1148821745
Step 129 time = 0.007772, # ZDD nodes = 5885, # elems = 1318981338
Step 130 time = 0.006462, # ZDD nodes = 5875, # elems = 1447490769
Step 131 time = 0.006713, # ZDD nodes = 5876, # elems = 1519431715
Step 132 time = 0.006913, # ZDD nodes = 5901, # elems = 1526626455
Step 133 time = 0.005554, # ZDD nodes = 5947, # elems = 1469249326
Step 134 time = 0.005020, # ZDD nodes = 6009, # elems = 1355673009
Step 135 time = 0.006910, # ZDD nodes = 6078, # elems = 1200604766
Step 136 time = 0.006413, # ZDD nodes = 6154, # elems = 1022054846
Step 137 time = 0.005143, # ZDD nodes = 6202, # elems = 837974878
Step 138 time = 0.006093, # ZDD nodes = 6263, # elems = 663413941
Step 139 time = 0.007296, # ZDD nodes = 6310, # elems = 508784807
Step 140 time = 0.006369, # ZDD nodes = 6360, # elems = 379430966
Step 141 time = 0.006247, # ZDD nodes = 6366, # elems = 276294569
Step 142 time = 0.004951, # ZDD nodes = 6356, # elems = 197236192
Step 143 time = 0.004799, # ZDD nodes = 6381, # elems = 138503016
Step 144 time = 0.004324, # ZDD nodes = 6393, # elems = 95953682
Step 145 time = 0.004424, # ZDD nodes = 6456, # elems = 65843661
Step 146 time = 0.005309, # ZDD nodes = 6470, # elems = 45164203
Step 147 time = 0.007759, # ZDD nodes = 6463, # elems = 31650484
Step 148 time = 0.006137, # ZDD nodes = 6448, # elems = 23614711
Step 149 time = 0.005576, # ZDD nodes = 6367, # elems = 19737687
Step 150 time = 0.006458, # ZDD nodes = 6243, # elems = 18902523
Step 151 time = 0.005031, # ZDD nodes = 6116, # elems = 20106140
Step 152 time = 0.005361, # ZDD nodes = 5952, # elems = 22451676
Step 153 time = 0.004514, # ZDD nodes = 5791, # elems = 25207687
Step 154 time = 0.004309, # ZDD nodes = 5726, # elems = 27911426
Step 155 time = 0.005830, # ZDD nodes = 5625, # elems = 30487569
Step 156 time = 0.003940, # ZDD nodes = 5506, # elems = 33348767
Step 157 time = 0.005630, # ZDD nodes = 5357, # elems = 37441580
Step 158 time = 0.004072, # ZDD nodes = 5179, # elems = 44202747
Step 159 time = 0.003833, # ZDD nodes = 5033, # elems = 55398451
Step 160 time = 0.003138, # ZDD nodes = 4845, # elems = 72835326
Step 161 time = 0.003026, # ZDD nodes = 4713, # elems = 97958528
Step 162 time = 0.003366, # ZDD nodes = 4604, # elems = 131389174
Step 163 time = 0.003701, # ZDD nodes = 4514, # elems = 172494396
Step 164 time = 0.003563, # ZDD nodes = 4470, # elems = 219113624
Step 165 time = 0.004095, # ZDD nodes = 4438, # elems = 267564984
Step 166 time = 0.003301, # ZDD nodes = 4391, # elems = 313010528
Step 167 time = 0.003159, # ZDD nodes = 4335, # elems = 350169178
Step 168 time = 0.003653, # ZDD nodes = 4296, # elems = 374254535
Step 169 time = 0.004326, # ZDD nodes = 4287, # elems = 381921211
Step 170 time = 0.004313, # ZDD nodes = 4296, # elems = 371969864
Step 171 time = 0.005315, # ZDD nodes = 4302, # elems = 345610139
Step 172 time = 0.004959, # ZDD nodes = 4403, # elems = 306202341
Step 173 time = 0.007154, # ZDD nodes = 4525, # elems = 258551773
Step 174 time = 0.008594, # ZDD nodes = 4693, # elems = 207958414
Step 175 time = 0.006055, # ZDD nodes = 4839, # elems = 159283367
Step 176 time = 0.006803, # ZDD nodes = 4946, # elems = 116265523
Step 177 time = 0.005368, # ZDD nodes = 5083, # elems = 81224397
Step 178 time = 0.007009, # ZDD nodes = 5264, # elems = 55158784
Step 179 time = 0.006722, # ZDD nodes = 5460, # elems = 38139677
Step 180 time = 0.008788, # ZDD nodes = 5632, # elems = 29830075
Step 181 time = 0.008607, # ZDD nodes = 5776, # elems = 29952858
Step 182 time = 0.008125, # ZDD nodes = 5904, # elems = 38562224
Step 183 time = 0.008137, # ZDD nodes = 6000, # elems = 56038417
Step 184 time = 0.010324, # ZDD nodes = 6133, # elems = 82804126
Step 185 time = 0.010147, # ZDD nodes = 6199, # elems = 118841125
Step 186 time = 0.057728, # ZDD nodes = 6198, # elems = 163153819
Step 187 time = 0.009921, # ZDD nodes = 6163, # elems = 213364758
Step 188 time = 0.007682, # ZDD nodes = 6063, # elems = 265617439
Step 189 time = 0.007654, # ZDD nodes = 5960, # elems = 314893407
Step 190 time = 0.006494, # ZDD nodes = 5852, # elems = 355732678
Step 191 time = 0.010169, # ZDD nodes = 5741, # elems = 383211424
Step 192 time = 0.006285, # ZDD nodes = 5645, # elems = 393926672
Step 193 time = 0.009495, # ZDD nodes = 5570, # elems = 386709342
Step 194 time = 0.005733, # ZDD nodes = 5505, # elems = 362853639
Step 195 time = 0.005251, # ZDD nodes = 5488, # elems = 325794157
Step 196 time = 0.004864, # ZDD nodes = 5489, # elems = 280330948
Step 197 time = 0.005627, # ZDD nodes = 5488, # elems = 231633958
Step 198 time = 0.005484, # ZDD nodes = 5478, # elems = 184304580
Step 199 time = 0.006470, # ZDD nodes = 5440, # elems = 141722665
Step 200 time = 0.009572, # ZDD nodes = 5436, # elems = 105789721
Step 201 time = 0.006974, # ZDD nodes = 5489, # elems = 77044912
Step 202 time = 0.004685, # ZDD nodes = 5515, # elems = 55030382
Step 203 time = 0.004610, # ZDD nodes = 5520, # elems = 38745004
Step 204 time = 0.004452, # ZDD nodes = 5502, # elems = 27049633
Step 205 time = 0.005385, # ZDD nodes = 5531, # elems = 18947117
Step 206 time = 0.004491, # ZDD nodes = 5532, # elems = 13723829
Step 207 time = 0.004861, # ZDD nodes = 5587, # elems = 10981267
Step 208 time = 0.007525, # ZDD nodes = 5604, # elems = 10597857
Step 209 time = 0.008994, # ZDD nodes = 5594, # elems = 12650301
Step 210 time = 0.008691, # ZDD nodes = 5573, # elems = 17306865
Step 211 time = 0.006310, # ZDD nodes = 5531, # elems = 24697097
Step 212 time = 0.008349, # ZDD nodes = 5490, # elems = 34770288
Step 213 time = 0.006454, # ZDD nodes = 5556, # elems = 47174330
Step 214 time = 0.006257, # ZDD nodes = 5563, # elems = 61205279
Step 215 time = 0.007562, # ZDD nodes = 5561, # elems = 75881993
Step 216 time = 0.008466, # ZDD nodes = 5529, # elems = 90181167
Step 217 time = 0.007109, # ZDD nodes = 5491, # elems = 103427016
Step 218 time = 0.004648, # ZDD nodes = 5498, # elems = 115777274
Step 219 time = 0.006354, # ZDD nodes = 5481, # elems = 128698333
Step 220 time = 0.004308, # ZDD nodes = 5428, # elems = 145291074
Step 221 time = 0.004026, # ZDD nodes = 5357, # elems = 170324040
Step 222 time = 0.003856, # ZDD nodes = 5286, # elems = 209856057
Step 223 time = 0.003658, # ZDD nodes = 5245, # elems = 270388494
Step 224 time = 0.003488, # ZDD nodes = 5184, # elems = 357579712
Step 225 time = 0.003327, # ZDD nodes = 5088, # elems = 474676922
Step 226 time = 0.003843, # ZDD nodes = 4983, # elems = 620955199
Step 227 time = 0.003144, # ZDD nodes = 4855, # elems = 790560449
Step 228 time = 0.005196, # ZDD nodes = 4715, # elems = 972177953
Step 229 time = 0.003079, # ZDD nodes = 4613, # elems = 1149842637
Step 230 time = 0.002608, # ZDD nodes = 4483, # elems = 1304960238
Step 231 time = 0.002427, # ZDD nodes = 4334, # elems = 1419268270
Step 232 time = 0.002334, # ZDD nodes = 4234, # elems = 1478137327
Step 233 time = 0.004828, # ZDD nodes = 4092, # elems = 1473423603
Step 234 time = 0.002711, # ZDD nodes = 3948, # elems = 1405126560
Step 235 time = 0.002641, # ZDD nodes = 3771, # elems = 1281394175
Step 236 time = 0.002480, # ZDD nodes = 3602, # elems = 1116867429
Step 237 time = 0.002737, # ZDD nodes = 3517, # elems = 929813216
Step 238 time = 0.003341, # ZDD nodes = 3482, # elems = 738802300
Step 239 time = 0.003926, # ZDD nodes = 3534, # elems = 559747670
Step 240 time = 0.008242, # ZDD nodes = 3696, # elems = 403928249
Step 241 time = 0.007217, # ZDD nodes = 3891, # elems = 277274005
Step 242 time = 0.009327, # ZDD nodes = 4102, # elems = 180817906
Step 243 time = 0.009802, # ZDD nodes = 4347, # elems = 111951789
Step 244 time = 0.008091, # ZDD nodes = 4536, # elems = 66022022
Step 245 time = 0.009636, # ZDD nodes = 4729, # elems = 37859208
Step 246 time = 0.008035, # ZDD nodes = 4881, # elems = 22991158
Step 247 time = 0.007788, # ZDD nodes = 5074, # elems = 18457043
Step 248 time = 0.009200, # ZDD nodes = 5274, # elems = 23256014
Step 249 time = 0.011285, # ZDD nodes = 5521, # elems = 38495970
Step 250 time = 0.012061, # ZDD nodes = 5718, # elems = 67269850
Step 251 time = 0.013480, # ZDD nodes = 5845, # elems = 114221548
Step 252 time = 0.013420, # ZDD nodes = 5908, # elems = 184726594
Step 253 time = 0.014013, # ZDD nodes = 5879, # elems = 283648891
Step 254 time = 0.010826, # ZDD nodes = 5804, # elems = 413757287
Step 255 time = 0.009811, # ZDD nodes = 5724, # elems = 574064392
Step 256 time = 0.009604, # ZDD nodes = 5648, # elems = 758514846
Step 257 time = 0.012491, # ZDD nodes = 5629, # elems = 955513162
Step 258 time = 0.013685, # ZDD nodes = 5660, # elems = 1148674377
Step 259 time = 0.008974, # ZDD nodes = 5746, # elems = 1318894807
Step 260 time = 0.007677, # ZDD nodes = 5850, # elems = 1447444256
Step 261 time = 0.007317, # ZDD nodes = 5922, # elems = 1519409055
Step 262 time = 0.006949, # ZDD nodes = 5971, # elems = 1526616566
Step 263 time = 0.008958, # ZDD nodes = 5999, # elems = 1469245519
Step 264 time = 0.006411, # ZDD nodes = 6036, # elems = 1355671744
Step 265 time = 0.006418, # ZDD nodes = 6090, # elems = 1200604415
Step 266 time = 0.007628, # ZDD nodes = 6158, # elems = 1022054769
Step 267 time = 0.007773, # ZDD nodes = 6276, # elems = 837974866
Step 268 time = 0.006373, # ZDD nodes = 6416, # elems = 663413940
Step 269 time = 0.006347, # ZDD nodes = 6542, # elems = 508784807
Step 270 time = 0.006155, # ZDD nodes = 6614, # elems = 379430966
Step 271 time = 0.005938, # ZDD nodes = 6648, # elems = 276294569
Step 272 time = 0.005508, # ZDD nodes = 6664, # elems = 197236192
Step 273 time = 0.009243, # ZDD nodes = 6708, # elems = 138503016
Step 274 time = 0.007785, # ZDD nodes = 6733, # elems = 95953682
Step 275 time = 0.005733, # ZDD nodes = 6812, # elems = 65843661
Step 276 time = 0.010326, # ZDD nodes = 6852, # elems = 45164203
Step 277 time = 0.007831, # ZDD nodes = 6861, # elems = 31650484
Step 278 time = 0.007956, # ZDD nodes = 6853, # elems = 23614711
Step 279 time = 0.011238, # ZDD nodes = 6770, # elems = 19737687
Step 280 time = 0.008549, # ZDD nodes = 6613, # elems = 18902523
Step 281 time = 0.006579, # ZDD nodes = 6444, # elems = 20106140
Step 282 time = 0.006702, # ZDD nodes = 6239, # elems = 22451676
Step 283 time = 0.007430, # ZDD nodes = 6029, # elems = 25207687
Step 284 time = 0.006783, # ZDD nodes = 5904, # elems = 27911426
Step 285 time = 0.004589, # ZDD nodes = 5737, # elems = 30487569
Step 286 time = 0.005374, # ZDD nodes = 5560, # elems = 33348767
Step 287 time = 0.003991, # ZDD nodes = 5381, # elems = 37441580
Step 288 time = 0.003741, # ZDD nodes = 5183, # elems = 44202747
Step 289 time = 0.003580, # ZDD nodes = 5027, # elems = 55398451
Step 290 time = 0.003413, # ZDD nodes = 4830, # elems = 72835326
Step 291 time = 0.003262, # ZDD nodes = 4692, # elems = 97958528
Step 292 time = 0.003645, # ZDD nodes = 4579, # elems = 131389174
Step 293 time = 0.003685, # ZDD nodes = 4485, # elems = 172494396
Step 294 time = 0.003747, # ZDD nodes = 4441, # elems = 219113623
Step 295 time = 0.006004, # ZDD nodes = 4405, # elems = 267564973
Step 296 time = 0.005849, # ZDD nodes = 4354, # elems = 313010463
Step 297 time = 0.003398, # ZDD nodes = 4293, # elems = 350168903
Step 298 time = 0.003271, # ZDD nodes = 4254, # elems = 374253610
Step 299 time = 0.003640, # ZDD nodes = 4253, # elems = 381918605
Step 300 time = 0.004153, # ZDD nodes = 4282, # elems = 371963518
Step 301 time = 0.006898, # ZDD nodes = 4316, # elems = 345596509
Step 302 time = 0.005390, # ZDD nodes = 4458, # elems = 306176171
Step 303 time = 0.006435, # ZDD nodes = 4631, # elems = 258506443
Step 304 time = 0.010943, # ZDD nodes = 4867, # elems = 207887168
Step 305 time = 0.007676, # ZDD nodes = 5092, # elems = 159181461
Step 306 time = 0.007851, # ZDD nodes = 5273, # elems = 116132873
Step 307 time = 0.014801, # ZDD nodes = 5461, # elems = 81067847
Step 308 time = 0.008496, # ZDD nodes = 5660, # elems = 54992894
Step 309 time = 0.008502, # ZDD nodes = 5869, # elems = 37985191
Step 310 time = 0.010423, # ZDD nodes = 6048, # elems = 29709999
Step 311 time = 0.012317, # ZDD nodes = 6215, # elems = 29887058
Step 312 time = 0.010681, # ZDD nodes = 6373, # elems = 38562224
Step 313 time = 0.010891, # ZDD nodes = 6498, # elems = 56104217
Step 314 time = 0.011057, # ZDD nodes = 6638, # elems = 82924202
Step 315 time = 0.010836, # ZDD nodes = 6677, # elems = 118995611
Step 316 time = 0.010024, # ZDD nodes = 6614, # elems = 163319709
Step 317 time = 0.009916, # ZDD nodes = 6501, # elems = 213521308
Step 318 time = 0.009052, # ZDD nodes = 6341, # elems = 265750089
Step 319 time = 0.007714, # ZDD nodes = 6186, # elems = 314995313
Step 320 time = 0.007296, # ZDD nodes = 6041, # elems = 355803924
Step 321 time = 0.011595, # ZDD nodes = 5897, # elems = 383256754
Step 322 time = 0.007884, # ZDD nodes = 5769, # elems = 393952842
Step 323 time = 0.007449, # ZDD nodes = 5678, # elems = 386722972
Step 324 time = 0.005854, # ZDD nodes = 5611, # elems = 362859985
Step 325 time = 0.008931, # ZDD nodes = 5600, # elems = 325796763
Step 326 time = 0.005205, # ZDD nodes = 5609, # elems = 280331873
Step 327 time = 0.005065, # ZDD nodes = 5610, # elems = 231634233
Step 328 time = 0.005010, # ZDD nodes = 5591, # elems = 184304645
Step 329 time = 0.007107, # ZDD nodes = 5543, # elems = 141722676
Step 330 time = 0.004577, # ZDD nodes = 5528, # elems = 105789722
Step 331 time = 0.006869, # ZDD nodes = 5518, # elems = 77044912
Step 332 time = 0.004657, # ZDD nodes = 5542, # elems = 55030382
Step 333 time = 0.007076, # ZDD nodes = 5544, # elems = 38745004
Step 334 time = 0.004521, # ZDD nodes = 5526, # elems = 27049633
Step 335 time = 0.004385, # ZDD nodes = 5555, # elems = 18947117
Step 336 time = 0.004667, # ZDD nodes = 5562, # elems = 13723829
Step 337 time = 0.004912, # ZDD nodes = 5618, # elems = 10981267
Step 338 time = 0.005342, # ZDD nodes = 5642, # elems = 10597857
Step 339 time = 0.006034, # ZDD nodes = 5632, # elems = 12650301
Step 340 time = 0.006272, # ZDD nodes = 5609, # elems = 17306865
Step 341 time = 0.006574, # ZDD nodes = 5563, # elems = 24697097
Step 342 time = 0.006194, # ZDD nodes = 5514, # elems = 34770288
Step 343 time = 0.005931, # ZDD nodes = 5571, # elems = 47174330
Step 344 time = 0.005644, # ZDD nodes = 5581, # elems = 61205279
Step 345 time = 0.005367, # ZDD nodes = 5585, # elems = 75881993
Step 346 time = 0.005106, # ZDD nodes = 5562, # elems = 90181167
Step 347 time = 0.005027, # ZDD nodes = 5523, # elems = 103427016
Step 348 time = 0.004721, # ZDD nodes = 5530, # elems = 115777274
Step 349 time = 0.009154, # ZDD nodes = 5519, # elems = 128698333
Step 350 time = 0.004504, # ZDD nodes = 5468, # elems = 145291074
Step 351 time = 0.004189, # ZDD nodes = 5394, # elems = 170324040
Step 352 time = 0.003996, # ZDD nodes = 5319, # elems = 209856057
Step 353 time = 0.003809, # ZDD nodes = 5275, # elems = 270388494
Step 354 time = 0.003629, # ZDD nodes = 5211, # elems = 357579712
Step 355 time = 0.003501, # ZDD nodes = 5115, # elems = 474676922
Step 356 time = 0.003341, # ZDD nodes = 5010, # elems = 620955199
Step 357 time = 0.003239, # ZDD nodes = 4882, # elems = 790560449
Step 358 time = 0.002942, # ZDD nodes = 4742, # elems = 972177953
Step 359 time = 0.002875, # ZDD nodes = 4694, # elems = 1149842638
Step 360 time = 0.007635, # ZDD nodes = 4618, # elems = 1304960250
Step 361 time = 0.003157, # ZDD nodes = 4525, # elems = 1419268347
Step 362 time = 0.008765, # ZDD nodes = 4407, # elems = 1478137678
Step 363 time = 0.008689, # ZDD nodes = 4249, # elems = 1473424868
Step 364 time = 0.002733, # ZDD nodes = 4083, # elems = 1405130367
Step 365 time = 0.002531, # ZDD nodes = 3895, # elems = 1281404065
Step 366 time = 0.002339, # ZDD nodes = 3712, # elems = 1116890098
Step 367 time = 0.002414, # ZDD nodes = 3587, # elems = 929859765
Step 368 time = 0.002829, # ZDD nodes = 3491, # elems = 738888878
Step 369 time = 0.002996, # ZDD nodes = 3472, # elems = 559894667
Step 370 time = 0.003088, # ZDD nodes = 3540, # elems = 404157134
Step 371 time = 0.003466, # ZDD nodes = 3603, # elems = 277600806
Step 372 time = 0.003675, # ZDD nodes = 3653, # elems = 181241426
Step 373 time = 0.003679, # ZDD nodes = 3751, # elems = 112431556
Step 374 time = 0.004721, # ZDD nodes = 3802, # elems = 66433968
Step 375 time = 0.003888, # ZDD nodes = 3886, # elems = 37905140
Step 376 time = 0.003692, # ZDD nodes = 3971, # elems = 22022640
Step 377 time = 0.004001, # ZDD nodes = 4124, # elems = 15161013
Step 378 time = 0.007098, # ZDD nodes = 4295, # elems = 15149179
Step 379 time = 0.005903, # ZDD nodes = 4523, # elems = 21202179
Step 380 time = 0.006355, # ZDD nodes = 4719, # elems = 33621453
Step 381 time = 0.006603, # ZDD nodes = 4878, # elems = 53333015
Step 382 time = 0.006550, # ZDD nodes = 5009, # elems = 81316142
Step 383 time = 0.006393, # ZDD nodes = 5057, # elems = 117986144
Step 384 time = 0.006067, # ZDD nodes = 5064, # elems = 162629861
Step 385 time = 0.005973, # ZDD nodes = 5052, # elems = 213027629
Step 386 time = 0.008011, # ZDD nodes = 5030, # elems = 265398726
Step 387 time = 0.009785, # ZDD nodes = 5052, # elems = 314756055
Step 388 time = 0.005697, # ZDD nodes = 5095, # elems = 355651615
Step 389 time = 0.005669, # ZDD nodes = 5167, # elems = 383167344
Step 390 time = 0.005384, # ZDD nodes = 5243, # elems = 393904911
Step 391 time = 0.009827, # ZDD nodes = 5290, # elems = 386699716
Step 392 time = 0.004857, # ZDD nodes = 5301, # elems = 362849843
Step 393 time = 0.014872, # ZDD nodes = 5293, # elems = 325792691
Step 394 time = 0.004407, # ZDD nodes = 5299, # elems = 280329924
Step 395 time = 0.004437, # ZDD nodes = 5326, # elems = 231632046
Step 396 time = 0.004376, # ZDD nodes = 5394, # elems = 184300121
Step 397 time = 0.005347, # ZDD nodes = 5425, # elems = 141712776
Step 398 time = 0.005236, # ZDD nodes = 5464, # elems = 105768997
Step 399 time = 0.003732, # ZDD nodes = 5489, # elems = 77002913
Step 400 time = 0.004942, # ZDD nodes = 5483, # elems = 54946280
Step 401 time = 0.103483, # ZDD nodes = 5448, # elems = 38576379
Step 402 time = 0.003697, # ZDD nodes = 5403, # elems = 26710620
Step 403 time = 0.003355, # ZDD nodes = 5373, # elems = 18269737
Step 404 time = 0.003525, # ZDD nodes = 5321, # elems = 12396946
Step 405 time = 0.003742, # ZDD nodes = 5330, # elems = 8466358
Step 406 time = 0.004070, # ZDD nodes = 5295, # elems = 6031162
Step 407 time = 0.004586, # ZDD nodes = 5234, # elems = 4756018
Step 408 time = 0.004764, # ZDD nodes = 5168, # elems = 4361173
Step 409 time = 0.009493, # ZDD nodes = 5059, # elems = 4589334
Step 410 time = 0.009873, # ZDD nodes = 4943, # elems = 5195998
Step 411 time = 0.004829, # ZDD nodes = 4939, # elems = 5959635
Step 412 time = 0.004512, # ZDD nodes = 4878, # elems = 6706709
Step 413 time = 0.004112, # ZDD nodes = 4791, # elems = 7345345
Step 414 time = 0.003738, # ZDD nodes = 4685, # elems = 7899737
Step 415 time = 0.003552, # ZDD nodes = 4564, # elems = 8535778
Step 416 time = 0.003418, # ZDD nodes = 4490, # elems = 9567907
Step 417 time = 0.003248, # ZDD nodes = 4374, # elems = 11438158
Step 418 time = 0.003130, # ZDD nodes = 4227, # elems = 14660904
Step 419 time = 0.012583, # ZDD nodes = 4077, # elems = 19731482
Step 420 time = 0.002877, # ZDD nodes = 3933, # elems = 27004782
Step 421 time = 0.007301, # ZDD nodes = 3879, # elems = 36561360
Step 422 time = 0.003037, # ZDD nodes = 3866, # elems = 48091550
Step 423 time = 0.005534, # ZDD nodes = 3847, # elems = 60836704
Step 424 time = 0.003180, # ZDD nodes = 3823, # elems = 73624010
Step 425 time = 0.003151, # ZDD nodes = 3745, # elems = 85012720
Step 426 time = 0.002932, # ZDD nodes = 3651, # elems = 93537094
Step 427 time = 0.002796, # ZDD nodes = 3541, # elems = 97995354
Step 428 time = 0.002588, # ZDD nodes = 3453, # elems = 97709367
Step 429 time = 0.002963, # ZDD nodes = 3406, # elems = 92679396
Step 430 time = 0.003400, # ZDD nodes = 3387, # elems = 83585747
Step 431 time = 0.003627, # ZDD nodes = 3439, # elems = 71635629
Step 432 time = 0.003982, # ZDD nodes = 3570, # elems = 58301569
Step 433 time = 0.004437, # ZDD nodes = 3688, # elems = 45028828
Step 434 time = 0.004898, # ZDD nodes = 3790, # elems = 32992388
Step 435 time = 0.004812, # ZDD nodes = 3939, # elems = 22960582
Step 436 time = 0.004757, # ZDD nodes = 4047, # elems = 15283725
Step 437 time = 0.009621, # ZDD nodes = 4182, # elems = 9987702
Step 438 time = 0.005031, # ZDD nodes = 4308, # elems = 6926775
Step 439 time = 0.009774, # ZDD nodes = 4467, # elems = 5941475
Step 440 time = 0.005800, # ZDD nodes = 4626, # elems = 6974123
Step 441 time = 0.006310, # ZDD nodes = 4823, # elems = 10110485
Step 442 time = 0.016512, # ZDD nodes = 4972, # elems = 15536141
Step 443 time = 0.007153, # ZDD nodes = 5077, # elems = 23417668
Step 444 time = 0.012286, # ZDD nodes = 5155, # elems = 33739832
Step 445 time = 0.006937, # ZDD nodes = 5178, # elems = 46147484
Step 446 time = 0.006667, # ZDD nodes = 5140, # elems = 59848835
Step 447 time = 0.006246, # ZDD nodes = 5083, # elems = 73628607
Step 448 time = 0.006144, # ZDD nodes = 4985, # elems = 85992513
Step 449 time = 0.005812, # ZDD nodes = 4925, # elems = 95423452
Step 450 time = 0.005513, # ZDD nodes = 4888, # elems = 100688106
Step 451 time = 0.005580, # ZDD nodes = 4847, # elems = 101107353
Step 452 time = 0.005263, # ZDD nodes = 4853, # elems = 96707761
Step 453 time = 0.004905, # ZDD nodes = 4837, # elems = 88206122
Step 454 time = 0.004675, # ZDD nodes = 4803, # elems = 76832403
Step 455 time = 0.006593, # ZDD nodes = 4767, # elems = 64047871
Step 456 time = 0.008632, # ZDD nodes = 4744, # elems = 51244552
Step 457 time = 0.003802, # ZDD nodes = 4719, # elems = 39509132
Step 458 time = 0.003698, # ZDD nodes = 4739, # elems = 29503025
Step 459 time = 0.003631, # ZDD nodes = 4727, # elems = 21465956
Step 460 time = 0.003383, # ZDD nodes = 4731, # elems = 15311608
Step 461 time = 0.003465, # ZDD nodes = 4729, # elems = 10764323
Step 462 time = 0.003478, # ZDD nodes = 4716, # elems = 7488495
Step 463 time = 0.003421, # ZDD nodes = 4680, # elems = 5180578
Step 464 time = 0.008359, # ZDD nodes = 4615, # elems = 3616237
Step 465 time = 0.003247, # ZDD nodes = 4594, # elems = 2661807
Step 466 time = 0.003451, # ZDD nodes = 4555, # elems = 2265207
Step 467 time = 0.003749, # ZDD nodes = 4571, # elems = 2438016
t found
a YES
a 1 4 6 8 10 12 14 17 19 21 23 25 27 30 32 34 36 38 40 43 45 47 49 51 53 56 58 60 62 64 67 69 71 72 74 76 79 81 83 84 86 88 91 93 95 96 98 100 103 105 107 108 110 112 115 117 119 120 122 124 127 129 131 132 134 136 139 141 143 144 146 148 151 153 155 156 158 160 163 165 167 168 170 172 175 177 179 180 182 184
a 1 4 7 8 10 12 14 17 19 21 23 25 27 30 32 34 36 38 40 43 45 47 49 51 53 56 58 60 62 64 67 69 71 72 74 76 79 81 83 84 86 88 91 93 95 96 98 100 103 105 107 108 110 112 115 117 119 120 122 124 127 129 131 132 134 136 139 141 143 144 146 148 151 153 155 156 158 160 163 165 167 168 170 172 175 177 179 180 182 184
a 1 5 7 8 10 12 14 17 19 21 23 25 27 30 32 34 36 38 40 43 45 47 49 51 53 56 58 60 62 64 67 69 71 72 74 76 79 81 83 84 86 88 91 93 95 96 98 100 103 105 107 108 110 112 115 117 119 120 122 124 127 129 131 132 134 136 139 141 143 144 146 148 151 153 155 156 158 160 163 165 167 168 170 172 175 177 179 180 182 184
a 2 5 7 8 10 12 14 17 19 21 23 25 27 30 32 34 36 38 40 43 45 47 49 51 53 56 58 60 62 64 67 69 71 72 74 76 79 81 83 84 86 88 91 93 95 96 98 100 103 105 107 108 110 112 115 117 119 120 122 124 127 129 131 132 134 136 139 141 143 144 146 148 151 153 155 156 158 160 163 165 167 168 170 172 175 177 179 180 182 184
a 2 3 7 8 10 12 14 17 19 21 23 25 27 30 32 34 36 38 40 43 45 47 49 51 53 56 58 60 62 64 67 69 71 72 74 76 79 81 83 84 86 88 91 93 95 96 98 100 103 105 107 108 110 112 115 117 119 120 122 124 127 129 131 132 134 136 139 141 143 144 146 148 151 153 155 156 158 160 163 165 167 168 170 172 175 177 179 180 182 184
a 2 3 6 8 10 12 14 17 19 21 23 25 27 30 32 34 36 38 40 43 45 47 49 51 53 56 58 60 62 64 67 69 71 72 74 76 79 81 83 84 86 88 91 93 95 96 98 100 103 105 107 108 110 112 115 117 119 120 122 124 127 129 131 132 134 136 139 141 143 144 146 148 151 153 155 156 158 160 163 165 167 168 170 172 175 177 179 180 182 184
a 2 3 6 8 10 12 14 17 19 21 23 25 27 30 32 34 36 38 40 43 45 47 49 51 53 56 58 60 62 64 66 69 71 72 74 76 79 81 83 84 86 88 91 93 95 96 98 100 103 105 107 108 110 112 115 117 119 120 122 124 127 129 131 132 134 136 139 141 143 144 146 148 151 153 155 156 158 160 163 165 167 168 170 172 175 177 179 180 182 184
a 2 3 6 8 10 12 14 17 19 21 23 25 27 30 32 34 36 38 40 43 45 47 49 51 53 56 58 60 62 64 66 68 71 72 74 76 79 81 83 84 86 88 91 93 95 96 98 100 103 105 107 108 110 112 115 117 119 120 122 124 127 129 131 132 134 136 139 141 143 144 146 148 151 153 155 156 158 160 163 165 167 168 170 172 175 177 179 180 182 184
a 2 3 6 8 10 12 14 17 19 21 23 25 27 30 32 34 36 38 40 43 45 47 49 51 53 56 58 60 62 64 66 68 70 72 74 76 79 81 83 84 86 88 91 93 95 96 98 100 103 105 107 108 110 112 115 117 119 120 122 124 127 129 131 132 134 136 139 141 143 144 146 148 151 153 155 156 158 160 163 165 167 168 170 172 175 177 179 180 182 184
a 2 3 6 8 10 12 14 17 19 21 23 25 27 30 32 34 36 38 40 43 45 47 49 51 53 56 58 60 62 64 66 68 70 73 74 76 79 81 83 84 86 88 91 93 95 96 98 100 103 105 107 108 110 112 115 117 119 120 122 124 127 129 131 132 134 136 139 141 143 144 146 148 151 153 155 156 158 160 163 165 167 168 170 172 175 177 179 180 182 184
a 2 3 6 8 10 12 14 17 19 21 23 25 27 30 32 34 36 38 40 43 45 47 49 51 53 56 58 60 62 64 66 68 70 73 75 76 79 81 83 84 86 88 91 93 95 96 98 100 103 105 107 108 110 112 115 117 119 120 122 124 127 129 131 132 134 136 139 141 143 144 146 148 151 153 155 156 158 160 163 165 167 168 170 172 175 177 179 180 182 184
a 2 3 6 8 10 12 14 17 19 21 23 25 27 30 32 34 36 38 40 43 45 47 49 51 53 56 58 60 62 64 66 68 70 73 75 77 79 81 83 84 86 88 91 93 95 96 98 100 103 105 107 108 110 112 115 117 119 120 122 124 127 129 131 132 134 136 139 141 143 144 146 148 151 153 155 156 158 160 163 165 167 168 170 172 175 177 179 180 182 184
a 2 3 6 8 10 12 14 17 20 21 23 25 27 30 32 34 36 38 40 43 45 47 49 51 53 56 58 60 62 64 66 68 70 73 75 77 79 81 83 84 86 88 91 93 95 96 98 100 103 105 107 108 110 112 115 117 119 120 122 124 127 129 131 132 134 136 139 141 143 144 146 148 151 153 155 156 158 160 163 165 167 168 170 172 175 177 179 180 182 184
a 2 3 6 8 10 12 14 18 20 21 23 25 27 30 32 34 36 38 40 43 45 47 49 51 53 56 58 60 62 64 66 68 70 73 75 77 79 81 83 84 86 88 91 93 95 96 98 100 103 105 107 108 110 112 115 117 119 120 122 124 127 129 131 132 134 136 139 141 143 144 146 148 151 153 155 156 158 160 163 165 167 168 170 172 175 177 179 180 182 184
a 2 3 6 8 10 12 15 18 20 21 23 25 27 30 32 34 36 38 40 43 45 47 49 51 53 56 58 60 62 64 66 68 70 73 75 77 79 81 83 84 86 88 91 93 95 96 98 100 103 105 107 108 110 112 115 117 119 120 122 124 127 129 131 132 134 136 139 141 143 144 146 148 151 153 155 156 158 160 163 165 167 168 170 172 175 177 179 180 182 184
a 2 3 6 8 10 12 15 16 20 21 23 25 27 30 32 34 36 38 40 43 45 47 49 51 53 56 58 60 62 64 66 68 70 73 75 77 79 81 83 84 86 88 91 93 95 96 98 100 103 105 107 108 110 112 115 117 119 120 122 124 127 129 131 132 134 136 139 141 143 144 146 148 151 153 155 156 158 160 163 165 167 168 170 172 175 177 179 180 182 184
a 2 3 6 8 10 12 15 16 19 21 23 25 27 30 32 34 36 38 40 43 45 47 49 51 53 56 58 60 62 64 66 68 70 73 75 77 79 81 83 84 86 88 91 93 95 96 98 100 103 105 107 108 110 112 115 117 119 120 122 124 127 129 131 132 134 136 139 141 143 144 146 148 151 153 155 156 158 160 163 165 167 168 170 172 175 177 179 180 182 184
a 2 3 6 8 10 12 15 16 19 21 23 25 27 30 32 34 36 38 40 43 45 47 49 51 53 56 58 60 62 64 66 68 71 73 75 77 79 81 83 84 86 88 91 93 95 96 98 100 103 105 107 108 110 112 115 117 119 120 122 124 127 129 131 132 134 136 139 141 143 144 146 148 151 153 155 156 158 160 163 165 167 168 170 172 175 177 179 180 182 184
a 2 3 6 8 10 12 15 16 19 21 23 25 27 30 32 34 36 38 40 43 45 47 49 51 53 56 58 60 62 64 66 69 71 73 75 77 79 81 83 84 86 88 91 93 95 96 98 100 103 105 107 108 110 112 115 117 119 120 122 124 127 129 131 132 134 136 139 141 143 144 146 148 151 153 155 156 158 160 163 165 167 168 170 172 175 177 179 180 182 184
a 2 3 6 8 10 12 15 16 19 21 23 25 27 30 32 34 36 38 40 43 45 47 49 51 53 56 58 60 62 64 67 69 71 73 75 77 79 81 83 84 86 88 91 93 95 96 98 100 103 105 107 108 110 112 115 117 119 120 122 124 127 129 131 132 134 136 139 141 143 144 146 148 151 153 155 156 158 160 163 165 167 168 170 172 175 177 179 180 182 184
a 2 3 7 8 10 12 15 16 19 21 23 25 27 30 32 34 36 38 40 43 45 47 49 51 53 56 58 60 62 64 67 69 71 73 75 77 79 81 83 84 86 88 91 93 95 96 98 100 103 105 107 108 110 112 115 117 119 120 122 124 127 129 131 132 134 136 139 141 143 144 146 148 151 153 155 156 158 160 163 165 167 168 170 172 175 177 179 180 182 184
a 2 3 7 8 10 12 15 16 19 21 23 25 27 30 32 34 36 38 40 43 45 47 49 51 53 56 58 60 62 64 67 69 71 73 75 76 79 81 83 84 86 88 91 93 95 96 98 100 103 105 107 108 110 112 115 117 119 120 122 124 127 129 131 132 134 136 139 141 143 144 146 148 151 153 155 156 158 160 163 165 167 168 170 172 175 177 179 180 182 184
a 2 3 7 8 10 12 15 16 19 21 23 25 27 30 32 34 36 38 40 43 45 47 49 51 53 56 58 60 62 64 67 69 71 73 74 76 79 81 83 84 86 88 91 93 95 96 98 100 103 105 107 108 110 112 115 117 119 120 122 124 127 129 131 132 134 136 139 141 143 144 146 148 151 153 155 156 158 160 163 165 167 168 170 172 175 177 179 180 182 184
a 2 3 7 8 10 12 15 16 19 21 23 25 27 30 32 34 36 38 40 43 45 47 49 51 53 56 58 60 62 64 67 69 71 72 74 76 79 81 83 84 86 88 91 93 95 96 98 100 103 105 107 108 110 112 115 117 119 120 122 124 127 129 131 132 134 136 139 141 143 144 146 148 151 153 155 156 158 160 163 165 167 168 170 172 175 177 179 180 182 184
a 2 5 7 8 10 12 15 16 19 21 23 25 27 30 32 34 36 38 40 43 45 47 49 51 53 56 58 60 62 64 67 69 71 72 74 76 79 81 83 84 86 88 91 93 95 96 98 100 103 105 107 108 110 112 115 117 119 120 122 124 127 129 131 132 134 136 139 141 143 144 146 148 151 153 155 156 158 160 163 165 167 168 170 172 175 177 179 180 182 184
a 1 5 7 8 10 12 15 16 19 21 23 25 27 30 32 34 36 38 40 43 45 47 49 51 53 56 58 60 62 64 67 69 71 72 74 76 79 81 83 84 86 88 91 93 95 96 98 100 103 105 107 108 110 112 115 117 119 120 122 124 127 129 131 132 134 136 139 141 143 144 146 148 151 153 155 156 158 160 163 165 167 168 170 172 175 177 179 180 182 184
a 1 4 7 8 10 12 15 16 19 21 23 25 27 30 32 34 36 38 40 43 45 47 49 51 53 56 58 60 62 64 67 69 71 72 74 76 79 81 83 84 86 88 91 93 95 96 98 100 103 105 107 108 110 112 115 117 119 120 122 124 127 129 131 132 134 136 139 141 143 144 146 148 151 153 155 156 158 160 163 165 167 168 170 172 175 177 179 180 182 184
a 1 4 6 8 10 12 15 16 19 21 23 25 27 30 32 34 36 38 40 43 45 47 49 51 53 56 58 60 62 64 67 69 71 72 74 76 79 81 83 84 86 88 91 93 95 96 98 100 103 105 107 108 110 112 115 117 119 120 122 124 127 129 131 132 134 136 139 141 143 144 146 148 151 153 155 156 158 160 163 165 167 168 170 172 175 177 179 180 182 184
a 1 4 6 8 10 12 15 16 19 21 23 25 27 30 32 34 36 38 40 43 45 47 49 51 53 56 58 60 62 64 67 69 71 72 74 76 79 81 83 84 86 88 91 93 95 96 98 100 103 105 107 108 110 112 114 117 119 120 122 124 127 129 131 132 134 136 139 141 143 144 146 148 151 153 155 156 158 160 163 165 167 168 170 172 175 177 179 180 182 184
a 1 4 6 8 10 12 15 16 19 21 23 25 27 30 32 34 36 38 40 43 45 47 49 51 53 56 58 60 62 64 67 69 71 72 74 76 79 81 83 84 86 88 91 93 95 96 98 100 103 105 107 108 110 112 114 116 119 120 122 124 127 129 131 132 134 136 139 141 143 144 146 148 151 153 155 156 158 160 163 165 167 168 170 172 175 177 179 180 182 184
a 1 4 6 8 10 12 15 16 19 21 23 25 27 30 32 34 36 38 40 43 45 47 49 51 53 56 58 60 62 64 67 69 71 72 74 76 79 81 83 84 86 88 91 93 95 96 98 100 103 105 107 108 110 112 114 116 118 120 122 124 127 129 131 132 134 136 139 141 143 144 146 148 151 153 155 156 158 160 163 165 167 168 170 172 175 177 179 180 182 184
a 1 4 6 8 10 12 15 16 19 21 23 25 27 30 32 34 36 38 40 43 45 47 49 51 53 56 58 60 62 64 67 69 71 72 74 76 79 81 83 84 86 88 91 93 95 96 98 100 103 105 107 108 110 112 114 116 118 121 122 124 127 129 131 132 134 136 139 141 143 144 146 148 151 153 155 156 158 160 163 165 167 168 170 172 175 177 179 180 182 184
a 1 4 6 8 10 12 15 16 19 21 23 25 27 30 32 34 36 38 40 43 45 47 49 51 53 56 58 60 62 64 67 69 71 72 74 76 79 81 83 84 86 88 91 93 95 96 98 100 103 105 107 108 110 112 114 116 118 121 123 124 127 129 131 132 134 136 139 141 143 144 146 148 151 153 155 156 158 160 163 165 167 168 170 172 175 177 179 180 182 184
a 1 4 6 8 10 12 15 16 19 21 23 25 27 30 32 34 36 38 40 43 45 47 49 51 53 56 58 60 62 64 67 69 71 72 74 76 79 81 83 84 86 88 91 93 95 96 98 100 103 105 107 108 110 112 114 116 118 121 123 125 127 129 131 132 134 136 139 141 143 144 146 148 151 153 155 156 158 160 163 165 167 168 170 172 175 177 179 180 182 184
a 1 4 6 8 10 12 15 16 19 21 23 25 27 30 32 34 36 38 40 43 45 47 49 51 53 56 58 60 62 64 67 69 71 72 74 76 78 81 83 84 86 88 91 93 95 96 98 100 103 105 107 108 110 112 114 116 118 121 123 125 127 129 131 132 134 136 139 141 143 144 146 148 151 153 155 156 158 160 163 165 167 168 170 172 175 177 179 180 182 184
a 1 4 6 8 10 12 15 16 19 21 23 25 27 30 32 34 36 38 40 43 45 47 49 51 53 56 58 60 62 64 67 69 71 72 74 76 78 80 83 84 86 88 91 93 95 96 98 100 103 105 107 108 110 112 114 116 118 121 123 125 127 129 131 132 134 136 139 141 143 144 146 148 151 153 155 156 158 160 163 165 167 168 170 172 175 177 179 180 182 184
a 1 4 6 8 10 12 15 16 19 21 23 25 27 30 32 34 36 38 40 43 45 47 49 51 53 56 58 60 62 64 67 69 71 72 74 76 78 80 82 84 86 88 91 93 95 96 98 100 103 105 107 108 110 112 114 116 118 121 123 125 127 129 131 132 134 136 139 141 143 144 146 148 151 153 155 156 158 160 163 165 167 168 170 172 175 177 179 180 182 184
a 1 4 6 8 10 12 15 16 19 21 23 25 27 30 32 34 36 38 40 43 45 47 49 51 53 56 58 60 62 64 67 69 71 72 74 76 78 80 82 85 86 88 91 93 95 96 98 100 103 105 107 108 110 112 114 116 118 121 123 125 127 129 131 132 134 136 139 141 143 144 146 148 151 153 155 156 158 160 163 165 167 168 170 172 175 177 179 180 182 184
a 1 4 6 8 10 12 15 16 19 21 23 25 27 30 32 34 36 38 40 43 45 47 49 51 53 56 58 60 62 64 67 69 71 72 74 76 78 80 82 85 87 88 91 93 95 96 98 100 103 105 107 108 110 112 114 116 118 121 123 125 127 129 131 132 134 136 139 141 143 144 146 148 151 153 155 156 158 160 163 165 167 168 170 172 175 177 179 180 182 184
a 1 4 6 8 10 12 15 16 19 21 23 25 27 30 32 34 36 38 40 43 45 47 49 51 53 56 58 60 62 64 67 69 71 72 74 76 78 80 82 85 87 89 91 93 95 96 98 100 103 105 107 108 110 112 114 116 118 121 123 125 127 129 131 132 134 136 139 141 143 144 146 148 151 153 155 156 158 160 163 165 167 168 170 172 175 177 179 180 182 184
a 1 4 6 8 10 12 15 16 19 21 23 25 27 30 33 34 36 38 40 43 45 47 49 51 53 56 58 60 62 64 67 69 71 72 74 76 78 80 82 85 87 89 91 93 95 96 98 100 103 105 107 108 110 112 114 116 118 121 123 125 127 129 131 132 134 136 139 141 143 144 146 148 151 153 155 156 158 160 163 165 167 168 170 172 175 177 179 180 182 184
a 1 4 6 8 10 12 15 16 19 21 23 25 27 31 33 34 36 38 40 43 45 47 49 51 53 56 58 60 62 64 67 69 71 72 74 76 78 80 82 85 87 89 91 93 95 96 98 100 103 105 107 108 110 112 114 116 118 121 123 125 127 129 131 132 134 136 139 141 143 144 146 148 151 153 155 156 158 160 163 165 167 168 170 172 175 177 179 180 182 184
a 1 4 6 8 10 12 15 16 19 21 23 25 28 31 33 34 36 38 40 43 45 47 49 51 53 56 58 60 62 64 67 69 71 72 74 76 78 80 82 85 87 89 91 93 95 96 98 100 103 105 107 108 110 112 114 116 118 121 123 125 127 129 131 132 134 136 139 141 143 144 146 148 151 153 155 156 158 160 163 165 167 168 170 172 175 177 179 180 182 184
a 1 4 6 8 10 12 15 16 19 21 23 25 28 29 33 34 36 38 40 43 45 47 49 51 53 56 58 60 62 64 67 69 71 72 74 76 78 80 82 85 87 89 91 93 95 96 98 100 103 105 107 108 110 112 114 116 118 121 123 125 127 129 131 132 134 136 139 141 143 144 146 148 151 153 155 156 158 160 163 165 167 168 170 172 175 177 179 180 182 184
a 1 4 6 8 10 12 15 16 19 21 23 25 28 29 32 34 36 38 40 43 45 47 49 51 53 56 58 60 62 64 67 69 71 72 74 76 78 80 82 85 87 89 91 93 95 96 98 100 103 105 107 108 110 112 114 116 118 121 123 125 127 129 131 132 134 136 139 141 143 144 146 148 151 153 155 156 158 160 163 165 167 168 170 172 175 177 179 180 182 184
a 1 4 6 8 10 12 15 16 19 21 23 25 28 29 32 34 36 38 40 43 45 47 49 51 53 56 58 60 62 64 67 69 71 72 74 76 78 80 82 85 87 89 91 93 95 96 98 100 103 105 107 108 110 112 114 116 119 121 123 125 127 129 131 132 134 136 139 141 143 144 146 148 151 153 155 156 158 160 163 165 167 168 170 172 175 177 179 180 182 184
a 1 4 6 8 10 12 15 16 19 21 23 25 28 29 32 34 36 38 40 43 45 47 49 51 53 56 58 60 62 64 67 69 71 72 74 76 78 80 82 85 87 89 91 93 95 96 98 100 103 105 107 108 110 112 114 117 119 121 123 125 127 129 131 132 134 136 139 141 143 144 146 148 151 153 155 156 158 160 163 165 167 168 170 172 175 177 179 180 182 184
a 1 4 6 8 10 12 15 16 19 21 23 25 28 29 32 34 36 38 40 43 45 47 49 51 53 56 58 60 62 64 67 69 71 72 74 76 78 80 82 85 87 89 91 93 95 96 98 100 103 105 107 108 110 112 115 117 119 121 123 125 127 129 131 132 134 136 139 141 143 144 146 148 151 153 155 156 158 160 163 165 167 168 170 172 175 177 179 180 182 184
a 1 4 7 8 10 12 15 16 19 21 23 25 28 29 32 34 36 38 40 43 45 47 49 51 53 56 58 60 62 64 67 69 71 72 74 76 78 80 82 85 87 89 91 93 95 96 98 100 103 105 107 108 110 112 115 117 119 121 123 125 127 129 131 132 134 136 139 141 143 144 146 148 151 153 155 156 158 160 163 165 167 168 170 172 175 177 179 180 182 184
a 1 4 7 8 10 12 15 16 19 21 23 25 28 29 32 34 36 38 40 43 45 47 49 51 53 56 58 60 62 64 67 69 71 72 74 76 78 80 82 85 87 89 91 93 95 96 98 100 103 105 107 108 110 112 115 117 119 121 123 124 127 129 131 132 134 136 139 141 143 144 146 148 151 153 155 156 158 160 163 165 167 168 170 172 175 177 179 180 182 184
a 1 4 7 8 10 12 15 16 19 21 23 25 28 29 32 34 36 38 40 43 45 47 49 51 53 56 58 60 62 64 67 69 71 72 74 76 78 80 82 85 87 89 91 93 95 96 98 100 103 105 107 108 110 112 115 117 119 121 122 124 127 129 131 132 134 136 139 141 143 144 146 148 151 153 155 156 158 160 163 165 167 168 170 172 175 177 179 180 182 184
a 1 4 7 8 10 12 15 16 19 21 23 25 28 29 32 34 36 38 40 43 45 47 49 51 53 56 58 60 62 64 67 69 71 72 74 76 78 80 82 85 87 89 91 93 95 96 98 100 103 105 107 108 110 112 115 117 119 120 122 124 127 129 131 132 134 136 139 141 143 144 146 148 151 153 155 156 158 160 163 165 167 168 170 172 175 177 179 180 182 184
a 1 5 7 8 10 12 15 16 19 21 23 25 28 29 32 34 36 38 40 43 45 47 49 51 53 56 58 60 62 64 67 69 71 72 74 76 78 80 82 85 87 89 91 93 95 96 98 100 103 105 107 108 110 112 115 117 119 120 122 124 127 129 131 132 134 136 139 141 143 144 146 148 151 153 155 156 158 160 163 165 167 168 170 172 175 177 179 180 182 184
a 2 5 7 8 10 12 15 16 19 21 23 25 28 29 32 34 36 38 40 43 45 47 49 51 53 56 58 60 62 64 67 69 71 72 74 76 78 80 82 85 87 89 91 93 95 96 98 100 103 105 107 108 110 112 115 117 119 120 122 124 127 129 131 132 134 136 139 141 143 144 146 148 151 153 155 156 158 160 163 165 167 168 170 172 175 177 179 180 182 184
a 2 5 7 8 10 12 15 16 19 21 23 25 28 29 32 34 36 38 40 43 45 47 49 51 53 56 58 60 62 64 67 69 71 72 74 76 78 80 83 85 87 89 91 93 95 96 98 100 103 105 107 108 110 112 115 117 119 120 122 124 127 129 131 132 134 136 139 141 143 144 146 148 151 153 155 156 158 160 163 165 167 168 170 172 175 177 179 180 182 184
a 2 5 7 8 10 12 15 16 19 21 23 25 28 29 32 34 36 38 40 43 45 47 49 51 53 56 58 60 62 64 67 69 71 72 74 76 78 81 83 85 87 89 91 93 95 96 98 100 103 105 107 108 110 112 115 117 119 120 122 124 127 129 131 132 134 136 139 141 143 144 146 148 151 153 155 156 158 160 163 165 167 168 170 172 175 177 179 180 182 184
a 2 5 7 8 10 12 15 16 19 21 23 25 28 29 32 34 36 38 40 43 45 47 49 51 53 56 58 60 62 64 67 69 71 72 74 76 79 81 83 85 87 89 91 93 95 96 98 100 103 105 107 108 110 112 115 117 119 120 122 124 127 129 131 132 134 136 139 141 143 144 146 148 151 153 155 156 158 160 163 165 167 168 170 172 175 177 179 180 182 184
a 2 3 7 8 10 12 15 16 19 21 23 25 28 29 32 34 36 38 40 43 45 47 49 51 53 56 58 60 62 64 67 69 71 72 74 76 79 81 83 85 87 89 91 93 95 96 98 100 103 105 107 108 110 112 115 117 119 120 122 124 127 129 131 132 134 136 139 141 143 144 146 148 151 153 155 156 158 160 163 165 167 168 170 172 175 177 179 180 182 184
a 2 3 6 8 10 12 15 16 19 21 23 25 28 29 32 34 36 38 40 43 45 47 49 51 53 56 58 60 62 64 67 69 71 72 74 76 79 81 83 85 87 89 91 93 95 96 98 100 103 105 107 108 110 112 115 117 119 120 122 124 127 129 131 132 134 136 139 141 143 144 146 148 151 153 155 156 158 160 163 165 167 168 170 172 175 177 179 180 182 184
a 2 3 6 8 10 12 15 16 19 21 23 25 28 29 32 34 36 38 40 43 45 47 49 51 53 56 58 60 62 64 66 69 71 72 74 76 79 81 83 85 87 89 91 93 95 96 98 100 103 105 107 108 110 112 115 117 119 120 122 124 127 129 131 132 134 136 139 141 143 144 146 148 151 153 155 156 158 160 163 165 167 168 170 172 175 177 179 180 182 184
a 2 3 6 8 10 12 15 16 19 21 23 25 28 29 32 34 36 38 40 43 45 47 49 51 53 56 58 60 62 64 66 68 71 72 74 76 79 81 83 85 87 89 91 93 95 96 98 100 103 105 107 108 110 112 115 117 119 120 122 124 127 129 131 132 134 136 139 141 143 144 146 148 151 153 155 156 158 160 163 165 167 168 170 172 175 177 179 180 182 184
a 2 3 6 8 10 12 15 16 19 21 23 25 28 29 32 34 36 38 40 43 45 47 49 51 53 56 58 60 62 64 66 68 70 72 74 76 79 81 83 85 87 89 91 93 95 96 98 100 103 105 107 108 110 112 115 117 119 120 122 124 127 129 131 132 134 136 139 141 143 144 146 148 151 153 155 156 158 160 163 165 167 168 170 172 175 177 179 180 182 184
a 2 3 6 8 10 12 15 16 19 21 23 25 28 29 32 34 36 38 40 43 45 47 49 51 53 56 58 60 62 64 66 68 70 73 74 76 79 81 83 85 87 89 91 93 95 96 98 100 103 105 107 108 110 112 115 117 119 120 122 124 127 129 131 132 134 136 139 141 143 144 146 148 151 153 155 156 158 160 163 165 167 168 170 172 175 177 179 180 182 184
a 2 3 6 8 10 12 15 16 19 21 23 25 28 29 32 34 36 38 40 43 45 47 49 51 53 56 58 60 62 64 66 68 70 73 75 76 79 81 83 85 87 89 91 93 95 96 98 100 103 105 107 108 110 112 115 117 119 120 122 124 127 129 131 132 134 136 139 141 143 144 146 148 151 153 155 156 158 160 163 165 167 168 170 172 175 177 179 180 182 184
a 2 3 6 8 10 12 15 16 19 21 23 25 28 29 32 34 36 38 40 43 45 47 49 51 53 56 58 60 62 64 66 68 70 73 75 77 79 81 83 85 87 89 91 93 95 96 98 100 103 105 107 108 110 112 115 117 119 120 122 124 127 129 131 132 134 136 139 141 143 144 146 148 151 153 155 156 158 160 163 165 167 168 170 172 175 177 179 180 182 184
a 2 3 6 8 10 12 15 16 20 21 23 25 28 29 32 34 36 38 40 43 45 47 49 51 53 56 58 60 62 64 66 68 70 73 75 77 79 81 83 85 87 89 91 93 95 96 98 100 103 105 107 108 110 112 115 117 119 120 122 124 127 129 131 132 134 136 139 141 143 144 146 148 151 153 155 156 158 160 163 165 167 168 170 172 175 177 179 180 182 184
a 2 3 6 8 10 12 15 16 20 21 23 25 28 29 32 34 36 38 40 43 45 47 49 51 53 56 58 60 62 64 66 68 70 73 75 77 79 81 83 85 87 88 91 93 95 96 98 100 103 105 107 108 110 112 115 117 119 120 122 124 127 129 131 132 134 136 139 141 143 144 146 148 151 153 155 156 158 160 163 165 167 168 170 172 175 177 179 180 182 184
a 2 3 6 8 10 12 15 16 20 21 23 25 28 29 32 34 36 38 40 43 45 47 49 51 53 56 58 60 62 64 66 68 70 73 75 77 79 81 83 85 86 88 91 93 95 96 98 100 103 105 107 108 110 112 115 117 119 120 122 124 127 129 131 132 134 136 139 141 143 144 146 148 151 153 155 156 158 160 163 165 167 168 170 172 175 177 179 180 182 184
a 2 3 6 8 10 12 15 16 20 21 23 25 28 29 32 34 36 38 40 43 45 47 49 51 53 56 58 60 62 64 66 68 70 73 75 77 79 81 83 84 86 88 91 93 95 96 98 100 103 105 107 108 110 112 115 117 119 120 122 124 127 129 131 132 134 136 139 141 143 144 146 148 151 153 155 156 158 160 163 165 167 168 170 172 175 177 179 180 182 184
a 2 3 6 8 10 12 15 18 20 21 23 25 28 29 32 34 36 38 40 43 45 47 49 51 53 56 58 60 62 64 66 68 70 73 75 77 79 81 83 84 86 88 91 93 95 96 98 100 103 105 107 108 110 112 115 117 119 120 122 124 127 129 131 132 134 136 139 141 143 144 146 148 151 153 155 156 158 160 163 165 167 168 170 172 175 177 179 180 182 184
a 2 3 6 8 10 12 14 18 20 21 23 25 28 29 32 34 36 38 40 43 45 47 49 51 53 56 58 60 62 64 66 68 70 73 75 77 79 81 83 84 86 88 91 93 95 96 98 100 103 105 107 108 110 112 115 117 119 120 122 124 127 129 131 132 134 136 139 141 143 144 146 148 151 153 155 156 158 160 163 165 167 168 170 172 175 177 179 180 182 184
a 2 3 6 8 10 12 14 17 20 21 23 25 28 29 32 34 36 38 40 43 45 47 49 51 53 56 58 60 62 64 66 68 70 73 75 77 79 81 83 84 86 88 91 93 95 96 98 100 103 105 107 108 110 112 115 117 119 120 122 124 127 129 131 132 134 136 139 141 143 144 146 148 151 153 155 156 158 160 163 165 167 168 170 172 175 177 179 180 182 184
a 2 3 6 8 10 12 14 17 19 21 23 25 28 29 32 34 36 38 40 43 45 47 49 51 53 56 58 60 62 64 66 68 70 73 75 77 79 81 83 84 86 88 91 93 95 96 98 100 103 105 107 108 110 112 115 117 119 120 122 124 127 129 131 132 134 136 139 141 143 144 146 148 151 153 155 156 158 160 163 165 167 168 170 172 175 177 179 180 182 184
a 2 3 6 8 10 12 14 17 19 21 23 25 28 29 32 34 36 38 40 43 45 47 49 51 53 56 58 60 62 64 66 68 71 73 75 77 79 81 83 84 86 88 91 93 95 96 98 100 103 105 107 108 110 112 115 117 119 120 122 124 127 129 131 132 134 136 139 141 143 144 146 148 151 153 155 156 158 160 163 165 167 168 170 172 175 177 179 180 182 184
a 2 3 6 8 10 12 14 17 19 21 23 25 28 29 32 34 36 38 40 43 45 47 49 51 53 56 58 60 62 64 66 69 71 73 75 77 79 81 83 84 86 88 91 93 95 96 98 100 103 105 107 108 110 112 115 117 119 120 122 124 127 129 131 132 134 136 139 141 143 144 146 148 151 153 155 156 158 160 163 165 167 168 170 172 175 177 179 180 182 184
a 2 3 6 8 10 12 14 17 19 21 23 25 28 29 32 34 36 38 40 43 45 47 49 51 53 56 58 60 62 64 67 69 71 73 75 77 79 81 83 84 86 88 91 93 95 96 98 100 103 105 107 108 110 112 115 117 119 120 122 124 127 129 131 132 134 136 139 141 143 144 146 148 151 153 155 156 158 160 163 165 167 168 170 172 175 177 179 180 182 184
a 2 3 7 8 10 12 14 17 19 21 23 25 28 29 32 34 36 38 40 43 45 47 49 51 53 56 58 60 62 64 67 69 71 73 75 77 79 81 83 84 86 88 91 93 95 96 98 100 103 105 107 108 110 112 115 117 119 120 122 124 127 129 131 132 134 136 139 141 143 144 146 148 151 153 155 156 158 160 163 165 167 168 170 172 175 177 179 180 182 184
a 2 3 7 8 10 12 14 17 19 21 23 25 28 29 32 34 36 38 40 43 45 47 49 51 53 56 58 60 62 64 67 69 71 73 75 76 79 81 83 84 86 88 91 93 95 96 98 100 103 105 107 108 110 112 115 117 119 120 122 124 127 129 131 132 134 136 139 141 143 144 146 148 151 153 155 156 158 160 163 165 167 168 170 172 175 177 179 180 182 184
a 2 3 7 8 10 12 14 17 19 21 23 25 28 29 32 34 36 38 40 43 45 47 49 51 53 56 58 60 62 64 67 69 71 73 74 76 79 81 83 84 86 88 91 93 95 96 98 100 103 105 107 108 110 112 115 117 119 120 122 124 127 129 131 132 134 136 139 141 143 144 146 148 151 153 155 156 158 160 163 165 167 168 170 172 175 177 179 180 182 184
a 2 3 7 8 10 12 14 17 19 21 23 25 28 29 32 34 36 38 40 43 45 47 49 51 53 56 58 60 62 64 67 69 71 72 74 76 79 81 83 84 86 88 91 93 95 96 98 100 103 105 107 108 110 112 115 117 119 120 122 124 127 129 131 132 134 136 139 141 143 144 146 148 151 153 155 156 158 160 163 165 167 168 170 172 175 177 179 180 182 184
a 2 5 7 8 10 12 14 17 19 21 23 25 28 29 32 34 36 38 40 43 45 47 49 51 53 56 58 60 62 64 67 69 71 72 74 76 79 81 83 84 86 88 91 93 95 96 98 100 103 105 107 108 110 112 115 117 119 120 122 124 127 129 131 132 134 136 139 141 143 144 146 148 151 153 155 156 158 160 163 165 167 168 170 172 175 177 179 180 182 184
a 1 5 7 8 10 12 14 17 19 21 23 25 28 29 32 34 36 38 40 43 45 47 49 51 53 56 58 60 62 64 67 69 71 72 74 76 79 81 83 84 86 88 91 93 95 96 98 100 103 105 107 108 110 112 115 117 119 120 122 124 127 129 131 132 134 136 139 141 143 144 146 148 151 153 155 156 158 160 163 165 167 168 170 172 175 177 179 180 182 184
a 1 5 7 8 10 12 14 17 19 21 23 25 28 29 32 34 36 38 40 43 45 47 49 51 53 56 58 60 62 64 67 69 71 72 74 76 79 81 83 84 86 88 91 93 95 96 98 100 103 105 107 108 110 112 115 117 119 120 122 124 127 129 131 132 134 136 139 141 143 144 146 148 151 153 155 157 158 160 163 165 167 168 170 172 175 177 179 180 182 184
a 1 5 7 8 10 12 14 17 19 21 23 25 28 29 32 34 36 38 40 43 45 47 49 51 53 56 58 60 62 64 67 69 71 72 74 76 79 81 83 84 86 88 91 93 95 96 98 100 103 105 107 108 110 112 115 117 119 120 122 124 127 129 131 132 134 136 139 141 143 144 146 148 151 153 155 157 159 160 163 165 167 168 170 172 175 177 179 180 182 184
a 1 5 7 8 10 12 14 17 19 21 23 25 28 29 32 34 36 38 40 43 45 47 49 51 53 56 58 60 62 64 67 69 71 72 74 76 79 81 83 84 86 88 91 93 95 96 98 100 103 105 107 108 110 112 115 117 119 120 122 124 127 129 131 132 134 136 139 141 143 144 146 148 151 153 155 157 159 161 163 165 167 168 170 172 175 177 179 180 182 184
a 1 4 7 8 10 12 14 17 19 21 23 25 28 29 32 34 36 38 40 43 45 47 49 51 53 56 58 60 62 64 67 69 71 72 74 76 79 81 83 84 86 88 91 93 95 96 98 100 103 105 107 108 110 112 115 117 119 120 122 124 127 129 131 132 134 136 139 141 143 144 146 148 151 153 155 157 159 161 163 165 167 168 170 172 175 177 179 180 182 184
a 1 4 6 8 10 12 14 17 19 21 23 25 28 29 32 34 36 38 40 43 45 47 49 51 53 56 58 60 62 64 67 69 71 72 74 76 79 81 83 84 86 88 91 93 95 96 98 100 103 105 107 108 110 112 115 117 119 120 122 124 127 129 131 132 134 136 139 141 143 144 146 148 151 153 155 157 159 161 163 165 167 168 170 172 175 177 179 180 182 184
a 1 4 6 8 10 12 14 17 19 21 23 25 28 29 32 34 36 38 40 43 45 47 49 51 53 56 58 60 62 64 67 69 71 72 74 76 79 81 83 84 86 88 91 93 95 96 98 100 103 105 107 108 110 112 115 117 119 120 122 124 127 129 131 132 134 136 139 141 143 144 146 148 150 153 155 157 159 161 163 165 167 168 170 172 175 177 179 180 182 184
a 1 4 6 8 10 12 14 17 19 21 23 25 28 29 32 34 36 38 40 43 45 47 49 51 53 56 58 60 62 64 67 69 71 72 74 76 79 81 83 84 86 88 91 93 95 96 98 100 103 105 107 108 110 112 115 117 119 120 122 124 127 129 131 132 134 136 139 141 143 144 146 148 150 152 155 157 159 161 163 165 167 168 170 172 175 177 179 180 182 184
a 1 4 6 8 10 12 14 17 19 21 23 25 28 29 32 34 36 38 40 43 45 47 49 51 53 56 58 60 62 64 67 69 71 72 74 76 79 81 83 84 86 88 91 93 95 96 98 100 103 105 107 108 110 112 115 117 119 120 122 124 127 129 131 132 134 136 139 141 143 144 146 148 150 152 154 157 159 161 163 165 167 168 170 172 175 177 179 180 182 184
a 1 4 6 8 10 12 14 17 19 21 23 25 28 29 32 34 36 38 40 43 45 47 49 51 53 56 58 60 62 64 67 69 71 72 74 76 79 81 83 84 86 88 90 93 95 96 98 100 103 105 107 108 110 112 115 117 119 120 122 124 127 129 131 132 134 136 139 141 143 144 146 148 150 152 154 157 159 161 163 165 167 168 170 172 175 177 179 180 182 184
a 1 4 6 8 10 12 14 17 19 21 23 25 28 29 32 34 36 38 40 43 45 47 49 51 53 56 58 60 62 64 67 69 71 72 74 76 79 81 83 84 86 88 90 92 95 96 98 100 103 105 107 108 110 112 115 117 119 120 122 124 127 129 131 132 134 136 139 141 143 144 146 148 150 152 154 157 159 161 163 165 167 168 170 172 175 177 179 180 182 184
a 1 4 6 8 10 12 14 17 19 21 23 25 28 29 32 34 36 38 40 43 45 47 49 51 53 56 58 60 62 64 67 69 71 72 74 76 79 81 83 84 86 88 90 92 94 96 98 100 103 105 107 108 110 112 115 117 119 120 122 124 127 129 131 132 134 136 139 141 143 144 146 148 150 152 154 157 159 161 163 165 167 168 170 172 175 177 179 180 182 184
a 1 4 6 8 10 12 14 17 19 21 23 25 28 29 32 34 36 38 40 43 45 47 49 51 53 56 58 60 62 64 67 69 71 72 74 76 79 81 83 84 86 88 90 92 94 96 98 100 103 105 107 108 110 112 115 117 119 120 122 124 126 129 131 132 134 136 139 141 143 144 146 148 150 152 154 157 159 161 163 165 167 168 170 172 175 177 179 180 182 184
a 1 4 6 8 10 12 14 17 19 21 23 25 28 29 32 34 36 38 40 43 45 47 49 51 53 56 58 60 62 64 67 69 71 72 74 76 79 81 83 84 86 88 90 92 94 96 98 100 103 105 107 108 110 112 115 117 119 120 122 124 126 128 131 132 134 136 139 141 143 144 146 148 150 152 154 157 159 161 163 165 167 168 170 172 175 177 179 180 182 184
a 1 4 6 8 10 12 14 17 19 21 23 25 28 29 32 34 36 38 40 43 45 47 49 51 53 56 58 60 62 64 67 69 71 72 74 76 79 81 83 84 86 88 90 92 94 96 98 100 103 105 107 108 110 112 115 117 119 120 122 124 126 128 130 132 134 136 139 141 143 144 146 148 150 152 154 157 159 161 163 165 167 168 170 172 175 177 179 180 182 184
a 1 4 6 8 10 12 14 17 19 21 23 25 28 29 32 34 36 38 40 43 45 47 49 51 53 56 58 60 62 64 67 69 71 72 74 76 79 81 83 84 86 88 90 92 94 97 98 100 103 105 107 108 110 112 115 117 119 120 122 124 126 128 130 132 134 136 139 141 143 144 146 148 150 152 154 157 159 161 163 165 167 168 170 172 175 177 179 180 182 184
a 1 4 6 8 10 12 14 17 19 21 23 25 28 29 32 34 36 38 40 43 45 47 49 51 53 56 58 60 62 64 67 69 71 72 74 76 79 81 83 84 86 88 90 92 94 97 99 100 103 105 107 108 110 112 115 117 119 120 122 124 126 128 130 132 134 136 139 141 143 144 146 148 150 152 154 157 159 161 163 165 167 168 170 172 175 177 179 180 182 184
a 1 4 6 8 10 12 14 17 19 21 23 25 28 29 32 34 36 38 40 43 45 47 49 51 53 56 58 60 62 64 67 69 71 72 74 76 79 81 83 84 86 88 90 92 94 97 99 101 103 105 107 108 110 112 115 117 119 120 122 124 126 128 130 132 134 136 139 141 143 144 146 148 150 152 154 157 159 161 163 165 167 168 170 172 175 177 179 180 182 184
a 1 4 6 8 10 12 14 17 19 21 23 25 28 29 32 34 36 38 40 43 45 47 49 51 53 56 58 60 62 64 67 69 71 72 74 76 79 81 83 84 86 88 90 92 94 97 99 101 103 105 107 108 110 112 115 117 119 120 122 124 126 128 130 133 134 136 139 141 143 144 146 148 150 152 154 157 159 161 163 165 167 168 170 172 175 177 179 180 182 184
a 1 4 6 8 10 12 14 17 19 21 23 25 28 29 32 34 36 38 40 43 45 47 49 51 53 56 58 60 62 64 67 69 71 72 74 76 79 81 83 84 86 88 90 92 94 97 99 101 103 105 107 108 110 112 115 117 119 120 122 124 126 128 130 133 135 136 139 141 143 144 146 148 150 152 154 157 159 161 163 165 167 168 170 172 175 177 179 180 182 184
a 1 4 6 8 10 12 14 17 19 21 23 25 28 29 32 34 36 38 40 43 45 47 49 51 53 56 58 60 62 64 67 69 71 72 74 76 79 81 83 84 86 88 90 92 94 97 99 101 103 105 107 108 110 112 115 117 119 120 122 124 126 128 130 133 135 137 139 141 143 144 146 148 150 152 154 157 159 161 163 165 167 168 170 172 175 177 179 180 182 184
a 1 4 6 8 10 12 14 17 19 21 23 25 28 29 32 34 36 38 40 43 46 47 49 51 53 56 58 60 62 64 67 69 71 72 74 76 79 81 83 84 86 88 90 92 94 97 99 101 103 105 107 108 110 112 115 117 119 120 122 124 126 128 130 133 135 137 139 141 143 144 146 148 150 152 154 157 159 161 163 165 167 168 170 172 175 177 179 180 182 184
a 1 4 6 8 10 12 14 17 19 21 23 25 28 29 32 34 36 38 40 44 46 47 49 51 53 56 58 60 62 64 67 69 71 72 74 76 79 81 83 84 86 88 90 92 94 97 99 101 103 105 107 108 110 112 115 117 119 120 122 124 126 128 130 133 135 137 139 141 143 144 146 148 150 152 154 157 159 161 163 165 167 168 170 172 175 177 179 180 182 184
a 1 4 6 8 10 12 14 17 19 21 23 25 28 29 32 34 36 38 41 44 46 47 49 51 53 56 58 60 62 64 67 69 71 72 74 76 79 81 83 84 86 88 90 92 94 97 99 101 103 105 107 108 110 112 115 117 119 120 122 124 126 128 130 133 135 137 139 141 143 144 146 148 150 152 154 157 159 161 163 165 167 168 170 172 175 177 179 180 182 184
a 1 4 6 8 10 12 14 17 19 21 23 25 28 29 32 34 36 38 41 42 46 47 49 51 53 56 58 60 62 64 67 69 71 72 74 76 79 81 83 84 86 88 90 92 94 97 99 101 103 105 107 108 110 112 115 117 119 120 122 124 126 128 130 133 135 137 139 141 143 144 146 148 150 152 154 157 159 161 163 165 167 168 170 172 175 177 179 180 182 184
a 1 4 6 8 10 12 14 17 19 21 23 25 28 29 32 34 36 38 41 42 45 47 49 51 53 56 58 60 62 64 67 69 71 72 74 76 79 81 83 84 86 88 90 92 94 97 99 101 103 105 107 108 110 112 115 117 119 120 122 124 126 128 130 133 135 137 139 141 143 144 146 148 150 152 154 157 159 161 163 165 167 168 170 172 175 177 179 180 182 184
a 1 4 6 8 10 12 14 17 19 21 23 25 28 29 32 34 36 38 41 42 45 47 49 51 53 56 58 60 62 64 67 69 71 72 74 76 79 81 83 84 86 88 90 92 94 97 99 101 103 105 107 108 110 112 115 117 119 120 122 124 126 128 130 133 135 137 139 141 143 144 146 148 150 152 155 157 159 161 163 165 167 168 170 172 175 177 179 180 182 184
a 1 4 6 8 10 12 14 17 19 21 23 25 28 29 32 34 36 38 41 42 45 47 49 51 53 56 58 60 62 64 67 69 71 72 74 76 79 81 83 84 86 88 90 92 94 97 99 101 103 105 107 108 110 112 115 117 119 120 122 124 126 128 130 133 135 137 139 141 143 144 146 148 150 153 155 157 159 161 163 165 167 168 170 172 175 177 179 180 182 184
a 1 4 6 8 10 12 14 17 19 21 23 25 28 29 32 34 36 38 41 42 45 47 49 51 53 56 58 60 62 64 67 69 71 72 74 76 79 81 83 84 86 88 90 92 94 97 99 101 103 105 107 108 110 112 115 117 119 120 122 124 126 128 130 133 135 137 139 141 143 144 146 148 151 153 155 157 159 161 163 165 167 168 170 172 175 177 179 180 182 184
a 1 4 7 8 10 12 14 17 19 21 23 25 28 29 32 34 36 38 41 42 45 47 49 51 53 56 58 60 62 64 67 69 71 72 74 76 79 81 83 84 86 88 90 92 94 97 99 101 103 105 107 108 110 112 115 117 119 120 122 124 126 128 130 133 135 137 139 141 143 144 146 148 151 153 155 157 159 161 163 165 167 168 170 172 175 177 179 180 182 184
a 1 4 7 8 10 12 14 17 19 21 23 25 28 29 32 34 36 38 41 42 45 47 49 51 53 56 58 60 62 64 67 69 71 72 74 76 79 81 83 84 86 88 90 92 94 97 99 101 103 105 107 108 110 112 115 117 119 120 122 124 126 128 130 133 135 137 139 141 143 144 146 148 151 153 155 157 159 160 163 165 167 168 170 172 175 177 179 180 182 184
a 1 4 7 8 10 12 14 17 19 21 23 25 28 29 32 34 36 38 41 42 45 47 49 51 53 56 58 60 62 64 67 69 71 72 74 76 79 81 83 84 86 88 90 92 94 97 99 101 103 105 107 108 110 112 115 117 119 120 122 124 126 128 130 133 135 137 139 141 143 144 146 148 151 153 155 157 158 160 163 165 167 168 170 172 175 177 179 180 182 184
a 1 4 7 8 10 12 14 17 19 21 23 25 28 29 32 34 36 38 41 42 45 47 49 51 53 56 58 60 62 64 67 69 71 72 74 76 79 81 83 84 86 88 90 92 94 97 99 101 103 105 107 108 110 112 115 117 119 120 122 124 126 128 130 133 135 137 139 141 143 144 146 148 151 153 155 156 158 160 163 165 167 168 170 172 175 177 179 180 182 184
a 1 5 7 8 10 12 14 17 19 21 23 25 28 29 32 34 36 38 41 42 45 47 49 51 53 56 58 60 62 64 67 69 71 72 74 76 79 81 83 84 86 88 90 92 94 97 99 101 103 105 107 108 110 112 115 117 119 120 122 124 126 128 130 133 135 137 139 141 143 144 146 148 151 153 155 156 158 160 163 165 167 168 170 172 175 177 179 180 182 184
a 2 5 7 8 10 12 14 17 19 21 23 25 28 29 32 34 36 38 41 42 45 47 49 51 53 56 58 60 62 64 67 69 71 72 74 76 79 81 83 84 86 88 90 92 94 97 99 101 103 105 107 108 110 112 115 117 119 120 122 124 126 128 130 133 135 137 139 141 143 144 146 148 151 153 155 156 158 160 163 165 167 168 170 172 175 177 179 180 182 184
a 2 5 7 8 10 12 14 17 19 21 23 25 28 29 32 34 36 38 41 42 45 47 49 51 53 56 58 60 62 64 67 69 71 72 74 76 79 81 83 84 86 88 90 92 94 97 99 101 103 105 107 108 110 112 115 117 119 120 122 124 126 128 131 133 135 137 139 141 143 144 146 148 151 153 155 156 158 160 163 165 167 168 170 172 175 177 179 180 182 184
a 2 5 7 8 10 12 14 17 19 21 23 25 28 29 32 34 36 38 41 42 45 47 49 51 53 56 58 60 62 64 67 69 71 72 74 76 79 81 83 84 86 88 90 92 94 97 99 101 103 105 107 108 110 112 115 117 119 120 122 124 126 129 131 133 135 137 139 141 143 144 146 148 151 153 155 156 158 160 163 165 167 168 170 172 175 177 179 180 182 184
a 2 5 7 8 10 12 14 17 19 21 23 25 28 29 32 34 36 38 41 42 45 47 49 51 53 56 58 60 62 64 67 69 71 72 74 76 79 81 83 84 86 88 90 92 94 97 99 101 103 105 107 108 110 112 115 117 119 120 122 124 127 129 131 133 135 137 139 141 143 144 146 148 151 153 155 156 158 160 163 165 167 168 170 172 175 177 179 180 182 184
a 2 3 7 8 10 12 14 17 19 21 23 25 28 29 32 34 36 38 41 42 45 47 49 51 53 56 58 60 62 64 67 69 71 72 74 76 79 81 83 84 86 88 90 92 94 97 99 101 103 105 107 108 110 112 115 117 119 120 122 124 127 129 131 133 135 137 139 141 143 144 146 148 151 153 155 156 158 160 163 165 167 168 170 172 175 177 179 180 182 184
a 2 3 6 8 10 12 14 17 19 21 23 25 28 29 32 34 36 38 41 42 45 47 49 51 53 56 58 60 62 64 67 69 71 72 74 76 79 81 83 84 86 88 90 92 94 97 99 101 103 105 107 108 110 112 115 117 119 120 122 124 127 129 131 133 135 137 139 141 143 144 146 148 151 153 155 156 158 160 163 165 167 168 170 172 175 177 179 180 182 184
a 2 3 6 8 10 12 14 17 19 21 23 25 28 29 32 34 36 38 41 42 45 47 49 51 53 56 58 60 62 64 66 69 71 72 74 76 79 81 83 84 86 88 90 92 94 97 99 101 103 105 107 108 110 112 115 117 119 120 122 124 127 129 131 133 135 137 139 141 143 144 146 148 151 153 155 156 158 160 163 165 167 168 170 172 175 177 179 180 182 184
a 2 3 6 8 10 12 14 17 19 21 23 25 28 29 32 34 36 38 41 42 45 47 49 51 53 56 58 60 62 64 66 68 71 72 74 76 79 81 83 84 86 88 90 92 94 97 99 101 103 105 107 108 110 112 115 117 119 120 122 124 127 129 131 133 135 137 139 141 143 144 146 148 151 153 155 156 158 160 163 165 167 168 170 172 175 177 179 180 182 184
a 2 3 6 8 10 12 14 17 19 21 23 25 28 29 32 34 36 38 41 42 45 47 49 51 53 56 58 60 62 64 66 68 70 72 74 76 79 81 83 84 86 88 90 92 94 97 99 101 103 105 107 108 110 112 115 117 119 120 122 124 127 129 131 133 135 137 139 141 143 144 146 148 151 153 155 156 158 160 163 165 167 168 170 172 175 177 179 180 182 184
a 2 3 6 8 10 12 14 17 19 21 23 25 28 29 32 34 36 38 41 42 45 47 49 51 53 56 58 60 62 64 66 68 70 73 74 76 79 81 83 84 86 88 90 92 94 97 99 101 103 105 107 108 110 112 115 117 119 120 122 124 127 129 131 133 135 137 139 141 143 144 146 148 151 153 155 156 158 160 163 165 167 168 170 172 175 177 179 180 182 184
a 2 3 6 8 10 12 14 17 19 21 23 25 28 29 32 34 36 38 41 42 45 47 49 51 53 56 58 60 62 64 66 68 70 73 75 76 79 81 83 84 86 88 90 92 94 97 99 101 103 105 107 108 110 112 115 117 119 120 122 124 127 129 131 133 135 137 139 141 143 144 146 148 151 153 155 156 158 160 163 165 167 168 170 172 175 177 179 180 182 184
a 2 3 6 8 10 12 14 17 19 21 23 25 28 29 32 34 36 38 41 42 45 47 49 51 53 56 58 60 62 64 66 68 70 73 75 77 79 81 83 84 86 88 90 92 94 97 99 101 103 105 107 108 110 112 115 117 119 120 122 124 127 129 131 133 135 137 139 141 143 144 146 148 151 153 155 156 158 160 163 165 167 168 170 172 175 177 179 180 182 184
a 2 3 6 8 10 12 14 17 20 21 23 25 28 29 32 34 36 38 41 42 45 47 49 51 53 56 58 60 62 64 66 68 70 73 75 77 79 81 83 84 86 88 90 92 94 97 99 101 103 105 107 108 110 112 115 117 119 120 122 124 127 129 131 133 135 137 139 141 143 144 146 148 151 153 155 156 158 160 163 165 167 168 170 172 175 177 179 180 182 184
a 2 3 6 8 10 12 14 17 20 21 23 25 28 29 32 34 36 38 41 42 45 47 49 51 53 56 58 60 62 64 66 68 70 73 75 77 79 81 83 84 86 88 90 92 94 97 99 101 103 105 107 108 110 112 115 117 119 120 122 124 127 129 131 133 135 136 139 141 143 144 146 148 151 153 155 156 158 160 163 165 167 168 170 172 175 177 179 180 182 184
a 2 3 6 8 10 12 14 17 20 21 23 25 28 29 32 34 36 38 41 42 45 47 49 51 53 56 58 60 62 64 66 68 70 73 75 77 79 81 83 84 86 88 90 92 94 97 99 101 103 105 107 108 110 112 115 117 119 120 122 124 127 129 131 133 134 136 139 141 143 144 146 148 151 153 155 156 158 160 163 165 167 168 170 172 175 177 179 180 182 184
a 2 3 6 8 10 12 14 17 20 21 23 25 28 29 32 34 36 38 41 42 45 47 49 51 53 56 58 60 62 64 66 68 70 73 75 77 79 81 83 84 86 88 90 92 94 97 99 101 103 105 107 108 110 112 115 117 119 120 122 124 127 129 131 132 134 136 139 141 143 144 146 148 151 153 155 156 158 160 163 165 167 168 170 172 175 177 179 180 182 184
a 2 3 6 8 10 12 14 18 20 21 23 25 28 29 32 34 36 38 41 42 45 47 49 51 53 56 58 60 62 64 66 68 70 73 75 77 79 81 83 84 86 88 90 92 94 97 99 101 103 105 107 108 110 112 115 117 119 120 122 124 127 129 131 132 134 136 139 141 143 144 146 148 151 153 155 156 158 160 163 165 167 168 170 172 175 177 179 180 182 184
a 2 3 6 8 10 12 15 18 20 21 23 25 28 29 32 34 36 38 41 42 45 47 49 51 53 56 58 60 62 64 66 68 70 73 75 77 79 81 83 84 86 88 90 92 94 97 99 101 103 105 107 108 110 112 115 117 119 120 122 124 127 129 131 132 134 136 139 141 143 144 146 148 151 153 155 156 158 160 163 165 167 168 170 172 175 177 179 180 182 184
a 2 3 6 8 10 12 15 16 20 21 23 25 28 29 32 34 36 38 41 42 45 47 49 51 53 56 58 60 62 64 66 68 70 73 75 77 79 81 83 84 86 88 90 92 94 97 99 101 103 105 107 108 110 112 115 117 119 120 122 124 127 129 131 132 134 136 139 141 143 144 146 148 151 153 155 156 158 160 163 165 167 168 170 172 175 177 179 180 182 184
a 2 3 6 8 10 12 15 16 19 21 23 25 28 29 32 34 36 38 41 42 45 47 49 51 53 56 58 60 62 64 66 68 70 73 75 77 79 81 83 84 86 88 90 92 94 97 99 101 103 105 107 108 110 112 115 117 119 120 122 124 127 129 131 132 134 136 139 141 143 144 146 148 151 153 155 156 158 160 163 165 167 168 170 172 175 177 179 180 182 184
a 2 3 6 8 10 12 15 16 19 21 23 25 28 29 32 34 36 38 41 42 45 47 49 51 53 56 58 60 62 64 66 68 71 73 75 77 79 81 83 84 86 88 90 92 94 97 99 101 103 105 107 108 110 112 115 117 119 120 122 124 127 129 131 132 134 136 139 141 143 144 146 148 151 153 155 156 158 160 163 165 167 168 170 172 175 177 179 180 182 184
a 2 3 6 8 10 12 15 16 19 21 23 25 28 29 32 34 36 38 41 42 45 47 49 51 53 56 58 60 62 64 66 69 71 73 75 77 79 81 83 84 86 88 90 92 94 97 99 101 103 105 107 108 110 112 115 117 119 120 122 124 127 129 131 132 134 136 139 141 143 144 146 148 151 153 155 156 158 160 163 165 167 168 170 172 175 177 179 180 182 184
a 2 3 6 8 10 12 15 16 19 21 23 25 28 29 32 34 36 38 41 42 45 47 49 51 53 56 58 60 62 64 67 69 71 73 75 77 79 81 83 84 86 88 90 92 94 97 99 101 103 105 107 108 110 112 115 117 119 120 122 124 127 129 131 132 134 136 139 141 143 144 146 148 151 153 155 156 158 160 163 165 167 168 170 172 175 177 179 180 182 184
a 2 3 7 8 10 12 15 16 19 21 23 25 28 29 32 34 36 38 41 42 45 47 49 51 53 56 58 60 62 64 67 69 71 73 75 77 79 81 83 84 86 88 90 92 94 97 99 101 103 105 107 108 110 112 115 117 119 120 122 124 127 129 131 132 134 136 139 141 143 144 146 148 151 153 155 156 158 160 163 165 167 168 170 172 175 177 179 180 182 184
a 2 3 7 8 10 12 15 16 19 21 23 25 28 29 32 34 36 38 41 42 45 47 49 51 53 56 58 60 62 64 67 69 71 73 75 76 79 81 83 84 86 88 90 92 94 97 99 101 103 105 107 108 110 112 115 117 119 120 122 124 127 129 131 132 134 136 139 141 143 144 146 148 151 153 155 156 158 160 163 165 167 168 170 172 175 177 179 180 182 184
a 2 3 7 8 10 12 15 16 19 21 23 25 28 29 32 34 36 38 41 42 45 47 49 51 53 56 58 60 62 64 67 69 71 73 74 76 79 81 83 84 86 88 90 92 94 97 99 101 103 105 107 108 110 112 115 117 119 120 122 124 127 129 131 132 134 136 139 141 143 144 146 148 151 153 155 156 158 160 163 165 167 168 170 172 175 177 179 180 182 184
a 2 3 7 8 10 12 15 16 19 21 23 25 28 29 32 34 36 38 41 42 45 47 49 51 53 56 58 60 62 64 67 69 71 72 74 76 79 81 83 84 86 88 90 92 94 97 99 101 103 105 107 108 110 112 115 117 119 120 122 124 127 129 131 132 134 136 139 141 143 144 146 148 151 153 155 156 158 160 163 165 167 168 170 172 175 177 179 180 182 184
a 2 5 7 8 10 12 15 16 19 21 23 25 28 29 32 34 36 38 41 42 45 47 49 51 53 56 58 60 62 64 67 69 71 72 74 76 79 81 83 84 86 88 90 92 94 97 99 101 103 105 107 108 110 112 115 117 119 120 122 124 127 129 131 132 134 136 139 141 143 144 146 148 151 153 155 156 158 160 163 165 167 168 170 172 175 177 179 180 182 184
a 1 5 7 8 10 12 15 16 19 21 23 25 28 29 32 34 36 38 41 42 45 47 49 51 53 56 58 60 62 64 67 69 71 72 74 76 79 81 83 84 86 88 90 92 94 97 99 101 103 105 107 108 110 112 115 117 119 120 122 124 127 129 131 132 134 136 139 141 143 144 146 148 151 153 155 156 158 160 163 165 167 168 170 172 175 177 179 180 182 184
a 1 4 7 8 10 12 15 16 19 21 23 25 28 29 32 34 36 38 41 42 45 47 49 51 53 56 58 60 62 64 67 69 71 72 74 76 79 81 83 84 86 88 90 92 94 97 99 101 103 105 107 108 110 112 115 117 119 120 122 124 127 129 131 132 134 136 139 141 143 144 146 148 151 153 155 156 158 160 163 165 167 168 170 172 175 177 179 180 182 184
a 1 4 6 8 10 12 15 16 19 21 23 25 28 29 32 34 36 38 41 42 45 47 49 51 53 56 58 60 62 64 67 69 71 72 74 76 79 81 83 84 86 88 90 92 94 97 99 101 103 105 107 108 110 112 115 117 119 120 122 124 127 129 131 132 134 136 139 141 143 144 146 148 151 153 155 156 158 160 163 165 167 168 170 172 175 177 179 180 182 184
a 1 4 6 8 10 12 15 16 19 21 23 25 28 29 32 34 36 38 41 42 45 47 49 51 53 56 58 60 62 64 67 69 71 72 74 76 79 81 83 84 86 88 90 92 94 97 99 101 103 105 107 108 110 112 114 117 119 120 122 124 127 129 131 132 134 136 139 141 143 144 146 148 151 153 155 156 158 160 163 165 167 168 170 172 175 177 179 180 182 184
a 1 4 6 8 10 12 15 16 19 21 23 25 28 29 32 34 36 38 41 42 45 47 49 51 53 56 58 60 62 64 67 69 71 72 74 76 79 81 83 84 86 88 90 92 94 97 99 101 103 105 107 108 110 112 114 116 119 120 122 124 127 129 131 132 134 136 139 141 143 144 146 148 151 153 155 156 158 160 163 165 167 168 170 172 175 177 179 180 182 184
a 1 4 6 8 10 12 15 16 19 21 23 25 28 29 32 34 36 38 41 42 45 47 49 51 53 56 58 60 62 64 67 69 71 72 74 76 79 81 83 84 86 88 90 92 94 97 99 101 103 105 107 108 110 112 114 116 118 120 122 124 127 129 131 132 134 136 139 141 143 144 146 148 151 153 155 156 158 160 163 165 167 168 170 172 175 177 179 180 182 184
a 1 4 6 8 10 12 15 16 19 21 23 25 28 29 32 34 36 38 41 42 45 47 49 51 53 56 58 60 62 64 67 69 71 72 74 76 79 81 83 84 86 88 90 92 94 97 99 101 103 105 107 108 110 112 114 116 118 121 122 124 127 129 131 132 134 136 139 141 143 144 146 148 151 153 155 156 158 160 163 165 167 168 170 172 175 177 179 180 182 184
a 1 4 6 8 10 12 15 16 19 21 23 25 28 29 32 34 36 38 41 42 45 47 49 51 53 56 58 60 62 64 67 69 71 72 74 76 79 81 83 84 86 88 90 92 94 97 99 101 103 105 107 108 110 112 114 116 118 121 123 124 127 129 131 132 134 136 139 141 143 144 146 148 151 153 155 156 158 160 163 165 167 168 170 172 175 177 179 180 182 184
a 1 4 6 8 10 12 15 16 19 21 23 25 28 29 32 34 36 38 41 42 45 47 49 51 53 56 58 60 62 64 67 69 71 72 74 76 79 81 83 84 86 88 90 92 94 97 99 101 103 105 107 108 110 112 114 116 118 121 123 125 127 129 131 132 134 136 139 141 143 144 146 148 151 153 155 156 158 160 163 165 167 168 170 172 175 177 179 180 182 184
a 1 4 6 8 10 12 15 16 19 21 23 25 28 29 32 34 36 38 41 42 45 47 49 51 53 56 58 60 62 64 67 69 71 72 74 76 79 81 83 84 86 88 90 92 95 97 99 101 103 105 107 108 110 112 114 116 118 121 123 125 127 129 131 132 134 136 139 141 143 144 146 148 151 153 155 156 158 160 163 165 167 168 170 172 175 177 179 180 182 184
a 1 4 6 8 10 12 15 16 19 21 23 25 28 29 32 34 36 38 41 42 45 47 49 51 53 56 58 60 62 64 67 69 71 72 74 76 79 81 83 84 86 88 90 93 95 97 99 101 103 105 107 108 110 112 114 116 118 121 123 125 127 129 131 132 134 136 139 141 143 144 146 148 151 153 155 156 158 160 163 165 167 168 170 172 175 177 179 180 182 184
a 1 4 6 8 10 12 15 16 19 21 23 25 28 29 32 34 36 38 41 42 45 47 49 51 53 56 58 60 62 64 67 69 71 72 74 76 79 81 83 84 86 88 91 93 95 97 99 101 103 105 107 108 110 112 114 116 118 121 123 125 127 129 131 132 134 136 139 141 143 144 146 148 151 153 155 156 158 160 163 165 167 168 170 172 175 177 179 180 182 184
a 1 4 6 8 10 12 15 16 19 21 23 25 28 29 32 34 36 38 41 42 45 47 49 51 53 56 58 60 62 64 67 69 71 72 74 76 78 81 83 84 86 88 91 93 95 97 99 101 103 105 107 108 110 112 114 116 118 121 123 125 127 129 131 132 134 136 139 141 143 144 146 148 151 153 155 156 158 160 163 165 167 168 170 172 175 177 179 180 182 184
a 1 4 6 8 10 12 15 16 19 21 23 25 28 29 32 34 36 38 41 42 45 47 49 51 53 56 58 60 62 64 67 69 71 72 74 76 78 80 83 84 86 88 91 93 95 97 99 101 103 105 107 108 110 112 114 116 118 121 123 125 127 129 131 132 134 136 139 141 143 144 146 148 151 153 155 156 158 160 163 165 167 168 170 172 175 177 179 180 182 184
a 1 4 6 8 10 12 15 16 19 21 23 25 28 29 32 34 36 38 41 42 45 47 49 51 53 56 58 60 62 64 67 69 71 72 74 76 78 80 82 84 86 88 91 93 95 97 99 101 103 105 107 108 110 112 114 116 118 121 123 125 127 129 131 132 134 136 139 141 143 144 146 148 151 153 155 156 158 160 163 165 167 168 170 172 175 177 179 180 182 184
a 1 4 6 8 10 12 15 16 19 21 23 25 28 29 32 34 36 38 41 42 45 47 49 51 53 56 58 60 62 64 67 69 71 72 74 76 78 80 82 85 86 88 91 93 95 97 99 101 103 105 107 108 110 112 114 116 118 121 123 125 127 129 131 132 134 136 139 141 143 144 146 148 151 153 155 156 158 160 163 165 167 168 170 172 175 177 179 180 182 184
a 1 4 6 8 10 12 15 16 19 21 23 25 28 29 32 34 36 38 41 42 45 47 49 51 53 56 58 60 62 64 67 69 71 72 74 76 78 80 82 85 87 88 91 93 95 97 99 101 103 105 107 108 110 112 114 116 118 121 123 125 127 129 131 132 134 136 139 141 143 144 146 148 151 153 155 156 158 160 163 165 167 168 170 172 175 177 179 180 182 184
a 1 4 6 8 10 12 15 16 19 21 23 25 28 29 32 34 36 38 41 42 45 47 49 51 53 56 58 60 62 64 67 69 71 72 74 76 78 80 82 85 87 89 91 93 95 97 99 101 103 105 107 108 110 112 114 116 118 121 123 125 127 129 131 132 134 136 139 141 143 144 146 148 151 153 155 156 158 160 163 165 167 168 170 172 175 177 179 180 182 184
a 1 4 6 8 10 12 15 16 19 21 23 25 28 29 33 34 36 38 41 42 45 47 49 51 53 56 58 60 62 64 67 69 71 72 74 76 78 80 82 85 87 89 91 93 95 97 99 101 103 105 107 108 110 112 114 116 118 121 123 125 127 129 131 132 134 136 139 141 143 144 146 148 151 153 155 156 158 160 163 165 167 168 170 172 175 177 179 180 182 184
a 1 4 6 8 10 12 15 16 19 21 23 25 28 29 33 34 36 38 41 42 45 47 49 51 53 56 58 60 62 64 67 69 71 72 74 76 78 80 82 85 87 89 91 93 95 97 99 100 103 105 107 108 110 112 114 116 118 121 123 125 127 129 131 132 134 136 139 141 143 144 146 148 151 153 155 156 158 160 163 165 167 168 170 172 175 177 179 180 182 184
a 1 4 6 8 10 12 15 16 19 21 23 25 28 29 33 34 36 38 41 42 45 47 49 51 53 56 58 60 62 64 67 69 71 72 74 76 78 80 82 85 87 89 91 93 95 97 98 100 103 105 107 108 110 112 114 116 118 121 123 125 127 129 131 132 134 136 139 141 143 144 146 148 151 153 155 156 158 160 163 165 167 168 170 172 175 177 179 180 182 184
a 1 4 6 8 10 12 15 16 19 21 23 25 28 29 33 34 36 38 41 42 45 47 49 51 53 56 58 60 62 64 67 69 71 72 74 76 78 80 82 85 87 89 91 93 95 96 98 100 103 105 107 108 110 112 114 116 118 121 123 125 127 129 131 132 134 136 139 141 143 144 146 148 151 153 155 156 158 160 163 165 167 168 170 172 175 177 179 180 182 184
a 1 4 6 8 10 12 15 16 19 21 23 25 28 31 33 34 36 38 41 42 45 47 49 51 53 56 58 60 62 64 67 69 71 72 74 76 78 80 82 85 87 89 91 93 95 96 98 100 103 105 107 108 110 112 114 116 118 121 123 125 127 129 131 132 134 136 139 141 143 144 146 148 151 153 155 156 158 160 163 165 167 168 170 172 175 177 179 180 182 184
a 1 4 6 8 10 12 15 16 19 21 23 25 27 31 33 34 36 38 41 42 45 47 49 51 53 56 58 60 62 64 67 69 71 72 74 76 78 80 82 85 87 89 91 93 95 96 98 100 103 105 107 108 110 112 114 116 118 121 123 125 127 129 131 132 134 136 139 141 143 144 146 148 151 153 155 156 158 160 163 165 167 168 170 172 175 177 179 180 182 184
a 1 4 6 8 10 12 15 16 19 21 23 25 27 30 33 34 36 38 41 42 45 47 49 51 53 56 58 60 62 64 67 69 71 72 74 76 78 80 82 85 87 89 91 93 95 96 98 100 103 105 107 108 110 112 114 116 118 121 123 125 127 129 131 132 134 136 139 141 143 144 146 148 151 153 155 156 158 160 163 165 167 168 170 172 175 177 179 180 182 184
a 1 4 6 8 10 12 15 16 19 21 23 25 27 30 32 34 36 38 41 42 45 47 49 51 53 56 58 60 62 64 67 69 71 72 74 76 78 80 82 85 87 89 91 93 95 96 98 100 103 105 107 108 110 112 114 116 118 121 123 125 127 129 131 132 134 136 139 141 143 144 146 148 151 153 155 156 158 160 163 165 167 168 170 172 175 177 179 180 182 184
a 1 4 6 8 10 12 15 16 19 21 23 25 27 30 32 34 36 38 41 42 45 47 49 51 53 56 58 60 62 64 67 69 71 72 74 76 78 80 82 85 87 89 91 93 95 96 98 100 103 105 107 108 110 112 114 116 119 121 123 125 127 129 131 132 134 136 139 141 143 144 146 148 151 153 155 156 158 160 163 165 167 168 170 172 175 177 179 180 182 184
a 1 4 6 8 10 12 15 16 19 21 23 25 27 30 32 34 36 38 41 42 45 47 49 51 53 56 58 60 62 64 67 69 71 72 74 76 78 80 82 85 87 89 91 93 95 96 98 100 103 105 107 108 110 112 114 117 119 121 123 125 127 129 131 132 134 136 139 141 143 144 146 148 151 153 155 156 158 160 163 165 167 168 170 172 175 177 179 180 182 184
a 1 4 6 8 10 12 15 16 19 21 23 25 27 30 32 34 36 38 41 42 45 47 49 51 53 56 58 60 62 64 67 69 71 72 74 76 78 80 82 85 87 89 91 93 95 96 98 100 103 105 107 108 110 112 115 117 119 121 123 125 127 129 131 132 134 136 139 141 143 144 146 148 151 153 155 156 158 160 163 165 167 168 170 172 175 177 179 180 182 184
a 1 4 7 8 10 12 15 16 19 21 23 25 27 30 32 34 36 38 41 42 45 47 49 51 53 56 58 60 62 64 67 69 71 72 74 76 78 80 82 85 87 89 91 93 95 96 98 100 103 105 107 108 110 112 115 117 119 121 123 125 127 129 131 132 134 136 139 141 143 144 146 148 151 153 155 156 158 160 163 165 167 168 170 172 175 177 179 180 182 184
a 1 4 7 8 10 12 15 16 19 21 23 25 27 30 32 34 36 38 41 42 45 47 49 51 53 56 58 60 62 64 67 69 71 72 74 76 78 80 82 85 87 89 91 93 95 96 98 100 103 105 107 108 110 112 115 117 119 121 123 124 127 129 131 132 134 136 139 141 143 144 146 148 151 153 155 156 158 160 163 165 167 168 170 172 175 177 179 180 182 184
a 1 4 7 8 10 12 15 16 19 21 23 25 27 30 32 34 36 38 41 42 45 47 49 51 53 56 58 60 62 64 67 69 71 72 74 76 78 80 82 85 87 89 91 93 95 96 98 100 103 105 107 108 110 112 115 117 119 121 122 124 127 129 131 132 134 136 139 141 143 144 146 148 151 153 155 156 158 160 163 165 167 168 170 172 175 177 179 180 182 184
a 1 4 7 8 10 12 15 16 19 21 23 25 27 30 32 34 36 38 41 42 45 47 49 51 53 56 58 60 62 64 67 69 71 72 74 76 78 80 82 85 87 89 91 93 95 96 98 100 103 105 107 108 110 112 115 117 119 120 122 124 127 129 131 132 134 136 139 141 143 144 146 148 151 153 155 156 158 160 163 165 167 168 170 172 175 177 179 180 182 184
a 1 5 7 8 10 12 15 16 19 21 23 25 27 30 32 34 36 38 41 42 45 47 49 51 53 56 58 60 62 64 67 69 71 72 74 76 78 80 82 85 87 89 91 93 95 96 98 100 103 105 107 108 110 112 115 117 119 120 122 124 127 129 131 132 134 136 139 141 143 144 146 148 151 153 155 156 158 160 163 165 167 168 170 172 175 177 179 180 182 184
a 2 5 7 8 10 12 15 16 19 21 23 25 27 30 32 34 36 38 41 42 45 47 49 51 53 56 58 60 62 64 67 69 71 72 74 76 78 80 82 85 87 89 91 93 95 96 98 100 103 105 107 108 110 112 115 117 119 120 122 124 127 129 131 132 134 136 139 141 143 144 146 148 151 153 155 156 158 160 163 165 167 168 170 172 175 177 179 180 182 184
a 2 5 7 8 10 12 15 16 19 21 23 25 27 30 32 34 36 38 41 42 45 47 49 51 53 56 58 60 62 64 67 69 71 72 74 76 78 80 83 85 87 89 91 93 95 96 98 100 103 105 107 108 110 112 115 117 119 120 122 124 127 129 131 132 134 136 139 141 143 144 146 148 151 153 155 156 158 160 163 165 167 168 170 172 175 177 179 180 182 184
a 2 5 7 8 10 12 15 16 19 21 23 25 27 30 32 34 36 38 41 42 45 47 49 51 53 56 58 60 62 64 67 69 71 72 74 76 78 81 83 85 87 89 91 93 95 96 98 100 103 105 107 108 110 112 115 117 119 120 122 124 127 129 131 132 134 136 139 141 143 144 146 148 151 153 155 156 158 160 163 165 167 168 170 172 175 177 179 180 182 184
a 2 5 7 8 10 12 15 16 19 21 23 25 27 30 32 34 36 38 41 42 45 47 49 51 53 56 58 60 62 64 67 69 71 72 74 76 79 81 83 85 87 89 91 93 95 96 98 100 103 105 107 108 110 112 115 117 119 120 122 124 127 129 131 132 134 136 139 141 143 144 146 148 151 153 155 156 158 160 163 165 167 168 170 172 175 177 179 180 182 184
a 2 3 7 8 10 12 15 16 19 21 23 25 27 30 32 34 36 38 41 42 45 47 49 51 53 56 58 60 62 64 67 69 71 72 74 76 79 81 83 85 87 89 91 93 95 96 98 100 103 105 107 108 110 112 115 117 119 120 122 124 127 129 131 132 134 136 139 141 143 144 146 148 151 153 155 156 158 160 163 165 167 168 170 172 175 177 179 180 182 184
a 2 3 6 8 10 12 15 16 19 21 23 25 27 30 32 34 36 38 41 42 45 47 49 51 53 56 58 60 62 64 67 69 71 72 74 76 79 81 83 85 87 89 91 93 95 96 98 100 103 105 107 108 110 112 115 117 119 120 122 124 127 129 131 132 134 136 139 141 143 144 146 148 151 153 155 156 158 160 163 165 167 168 170 172 175 177 179 180 182 184
a 2 3 6 8 10 12 15 16 19 21 23 25 27 30 32 34 36 38 41 42 45 47 49 51 53 56 58 60 62 64 66 69 71 72 74 76 79 81 83 85 87 89 91 93 95 96 98 100 103 105 107 108 110 112 115 117 119 120 122 124 127 129 131 132 134 136 139 141 143 144 146 148 151 153 155 156 158 160 163 165 167 168 170 172 175 177 179 180 182 184
a 2 3 6 8 10 12 15 16 19 21 23 25 27 30 32 34 36 38 41 42 45 47 49 51 53 56 58 60 62 64 66 68 71 72 74 76 79 81 83 85 87 89 91 93 95 96 98 100 103 105 107 108 110 112 115 117 119 120 122 124 127 129 131 132 134 136 139 141 143 144 146 148 151 153 155 156 158 160 163 165 167 168 170 172 175 177 179 180 182 184
a 2 3 6 8 10 12 15 16 19 21 23 25 27 30 32 34 36 38 41 42 45 47 49 51 53 56 58 60 62 64 66 68 70 72 74 76 79 81 83 85 87 89 91 93 95 96 98 100 103 105 107 108 110 112 115 117 119 120 122 124 127 129 131 132 134 136 139 141 143 144 146 148 151 153 155 156 158 160 163 165 167 168 170 172 175 177 179 180 182 184
a 2 3 6 8 10 12 15 16 19 21 23 25 27 30 32 34 36 38 41 42 45 47 49 51 53 56 58 60 62 64 66 68 70 73 74 76 79 81 83 85 87 89 91 93 95 96 98 100 103 105 107 108 110 112 115 117 119 120 122 124 127 129 131 132 134 136 139 141 143 144 146 148 151 153 155 156 158 160 163 165 167 168 170 172 175 177 179 180 182 184
a 2 3 6 8 10 12 15 16 19 21 23 25 27 30 32 34 36 38 41 42 45 47 49 51 53 56 58 60 62 64 66 68 70 73 75 76 79 81 83 85 87 89 91 93 95 96 98 100 103 105 107 108 110 112 115 117 119 120 122 124 127 129 131 132 134 136 139 141 143 144 146 148 151 153 155 156 158 160 163 165 167 168 170 172 175 177 179 180 182 184
a 2 3 6 8 10 12 15 16 19 21 23 25 27 30 32 34 36 38 41 42 45 47 49 51 53 56 58 60 62 64 66 68 70 73 75 77 79 81 83 85 87 89 91 93 95 96 98 100 103 105 107 108 110 112 115 117 119 120 122 124 127 129 131 132 134 136 139 141 143 144 146 148 151 153 155 156 158 160 163 165 167 168 170 172 175 177 179 180 182 184
a 2 3 6 8 10 12 15 16 20 21 23 25 27 30 32 34 36 38 41 42 45 47 49 51 53 56 58 60 62 64 66 68 70 73 75 77 79 81 83 85 87 89 91 93 95 96 98 100 103 105 107 108 110 112 115 117 119 120 122 124 127 129 131 132 134 136 139 141 143 144 146 148 151 153 155 156 158 160 163 165 167 168 170 172 175 177 179 180 182 184
a 2 3 6 8 10 12 15 16 20 21 23 25 27 30 32 34 36 38 41 42 45 47 49 51 53 56 58 60 62 64 66 68 70 73 75 77 79 81 83 85 87 88 91 93 95 96 98 100 103 105 107 108 110 112 115 117 119 120 122 124 127 129 131 132 134 136 139 141 143 144 146 148 151 153 155 156 158 160 163 165 167 168 170 172 175 177 179 180 182 184
a 2 3 6 8 10 12 15 16 20 21 23 25 27 30 32 34 36 38 41 42 45 47 49 51 53 56 58 60 62 64 66 68 70 73 75 77 79 81 83 85 86 88 91 93 95 96 98 100 103 105 107 108 110 112 115 117 119 120 122 124 127 129 131 132 134 136 139 141 143 144 146 148 151 153 155 156 158 160 163 165 167 168 170 172 175 177 179 180 182 184
a 2 3 6 8 10 12 15 16 20 21 23 25 27 30 32 34 36 38 41 42 45 47 49 51 53 56 58 60 62 64 66 68 70 73 75 77 79 81 83 84 86 88 91 93 95 96 98 100 103 105 107 108 110 112 115 117 119 120 122 124 127 129 131 132 134 136 139 141 143 144 146 148 151 153 155 156 158 160 163 165 167 168 170 172 175 177 179 180 182 184
a 2 3 6 8 10 12 15 18 20 21 23 25 27 30 32 34 36 38 41 42 45 47 49 51 53 56 58 60 62 64 66 68 70 73 75 77 79 81 83 84 86 88 91 93 95 96 98 100 103 105 107 108 110 112 115 117 119 120 122 124 127 129 131 132 134 136 139 141 143 144 146 148 151 153 155 156 158 160 163 165 167 168 170 172 175 177 179 180 182 184
a 2 3 6 8 10 12 14 18 20 21 23 25 27 30 32 34 36 38 41 42 45 47 49 51 53 56 58 60 62 64 66 68 70 73 75 77 79 81 83 84 86 88 91 93 95 96 98 100 103 105 107 108 110 112 115 117 119 120 122 124 127 129 131 132 134 136 139 141 143 144 146 148 151 153 155 156 158 160 163 165 167 168 170 172 175 177 179 180 182 184
a 2 3 6 8 10 12 14 17 20 21 23 25 27 30 32 34 36 38 41 42 45 47 49 51 53 56 58 60 62 64 66 68 70 73 75 77 79 81 83 84 86 88 91 93 95 96 98 100 103 105 107 108 110 112 115 117 119 120 122 124 127 129 131 132 134 136 139 141 143 144 146 148 151 153 155 156 158 160 163 165 167 168 170 172 175 177 179 180 182 184
a 2 3 6 8 10 12 14 17 19 21 23 25 27 30 32 34 36 38 41 42 45 47 49 51 53 56 58 60 62 64 66 68 70 73 75 77 79 81 83 84 86 88 91 93 95 96 98 100 103 105 107 108 110 112 115 117 119 120 122 124 127 129 131 132 134 136 139 141 143 144 146 148 151 153 155 156 158 160 163 165 167 168 170 172 175 177 179 180 182 184
a 2 3 6 8 10 12 14 17 19 21 23 25 27 30 32 34 36 38 41 42 45 47 49 51 53 56 58 60 62 64 66 68 71 73 75 77 79 81 83 84 86 88 91 93 95 96 98 100 103 105 107 108 110 112 115 117 119 120 122 124 127 129 131 132 134 136 139 141 143 144 146 148 151 153 155 156 158 160 163 165 167 168 170 172 175 177 179 180 182 184
a 2 3 6 8 10 12 14 17 19 21 23 25 27 30 32 34 36 38 41 42 45 47 49 51 53 56 58 60 62 64 66 69 71 73 75 77 79 81 83 84 86 88 91 93 95 96 98 100 103 105 107 108 110 112 115 117 119 120 122 124 127 129 131 132 134 136 139 141 143 144 146 148 151 153 155 156 158 160 163 165 167 168 170 172 175 177 179 180 182 184
a 2 3 6 8 10 12 14 17 19 21 23 25 27 30 32 34 36 38 41 42 45 47 49 51 53 56 58 60 62 64 67 69 71 73 75 77 79 81 83 84 86 88 91 93 95 96 98 100 103 105 107 108 110 112 115 117 119 120 122 124 127 129 131 132 134 136 139 141 143 144 146 148 151 153 155 156 158 160 163 165 167 168 170 172 175 177 179 180 182 184
a 2 3 7 8 10 12 14 17 19 21 23 25 27 30 32 34 36 38 41 42 45 47 49 51 53 56 58 60 62 64 67 69 71 73 75 77 79 81 83 84 86 88 91 93 95 96 98 100 103 105 107 108 110 112 115 117 119 120 122 124 127 129 131 132 134 136 139 141 143 144 146 148 151 153 155 156 158 160 163 165 167 168 170 172 175 177 179 180 182 184
a 2 3 7 8 10 12 14 17 19 21 23 25 27 30 32 34 36 38 41 42 45 47 49 51 53 56 58 60 62 64 67 69 71 73 75 76 79 81 83 84 86 88 91 93 95 96 98 100 103 105 107 108 110 112 115 117 119 120 122 124 127 129 131 132 134 136 139 141 143 144 146 148 151 153 155 156 158 160 163 165 167 168 170 172 175 177 179 180 182 184
a 2 3 7 8 10 12 14 17 19 21 23 25 27 30 32 34 36 38 41 42 45 47 49 51 53 56 58 60 62 64 67 69 71 73 74 76 79 81 83 84 86 88 91 93 95 96 98 100 103 105 107 108 110 112 115 117 119 120 122 124 127 129 131 132 134 136 139 141 143 144 146 148 151 153 155 156 158 160 163 165 167 168 170 172 175 177 179 180 182 184
a 2 3 7 8 10 12 14 17 19 21 23 25 27 30 32 34 36 38 41 42 45 47 49 51 53 56 58 60 62 64 67 69 71 72 74 76 79 81 83 84 86 88 91 93 95 96 98 100 103 105 107 108 110 112 115 117 119 120 122 124 127 129 131 132 134 136 139 141 143 144 146 148 151 153 155 156 158 160 163 165 167 168 170 172 175 177 179 180 182 184
a 2 5 7 8 10 12 14 17 19 21 23 25 27 30 32 34 36 38 41 42 45 47 49 51 53 56 58 60 62 64 67 69 71 72 74 76 79 81 83 84 86 88 91 93 95 96 98 100 103 105 107 108 110 112 115 117 119 120 122 124 127 129 131 132 134 136 139 141 143 144 146 148 151 153 155 156 158 160 163 165 167 168 170 172 175 177 179 180 182 184
a 1 5 7 8 10 12 14 17 19 21 23 25 27 30 32 34 36 38 41 42 45 47 49 51 53 56 58 60 62 64 67 69 71 72 74 76 79 81 83 84 86 88 91 93 95 96 98 100 103 105 107 108 110 112 115 117 119 120 122 124 127 129 131 132 134 136 139 141 143 144 146 148 151 153 155 156 158 160 163 165 167 168 170 172 175 177 179 180 182 184
a 1 4 7 8 10 12 14 17 19 21 23 25 27 30 32 34 36 38 41 42 45 47 49 51 53 56 58 60 62 64 67 69 71 72 74 76 79 81 83 84 86 88 91 93 95 96 98 100 103 105 107 108 110 112 115 117 119 120 122 124 127 129 131 132 134 136 139 141 143 144 146 148 151 153 155 156 158 160 163 165 167 168 170 172 175 177 179 180 182 184
a 1 4 6 8 10 12 14 17 19 21 23 25 27 30 32 34 36 38 41 42 45 47 49 51 53 56 58 60 62 64 67 69 71 72 74 76 79 81 83 84 86 88 91 93 95 96 98 100 103 105 107 108 110 112 115 117 119 120 122 124 127 129 131 132 134 136 139 141 143 144 146 148 151 153 155 156 158 160 163 165 167 168 170 172 175 177 179 180 182 184
a 1 4 6 8 10 12 14 17 19 21 23 25 27 30 32 34 36 38 41 42 45 47 49 51 53 56 58 60 62 64 67 69 71 72 74 76 79 81 83 84 86 88 91 93 95 96 98 100 103 105 107 108 110 112 115 117 119 120 122 124 127 129 131 132 134 136 139 141 143 144 146 148 151 153 155 156 158 160 163 165 167 168 170 172 174 177 179 180 182 184
a 1 4 6 8 10 12 14 17 19 21 23 25 27 30 32 34 36 38 41 42 45 47 49 51 53 56 58 60 62 64 67 69 71 72 74 76 79 81 83 84 86 88 91 93 95 96 98 100 103 105 107 108 110 112 115 117 119 120 122 124 127 129 131 132 134 136 139 141 143 144 146 148 151 153 155 156 158 160 163 165 167 168 170 172 174 176 179 180 182 184
a 1 4 6 8 10 12 14 17 19 21 23 25 27 30 32 34 36 38 41 42 45 47 49 51 53 56 58 60 62 64 67 69 71 72 74 76 79 81 83 84 86 88 91 93 95 96 98 100 103 105 107 108 110 112 115 117 119 120 122 124 127 129 131 132 134 136 139 141 143 144 146 148 151 153 155 156 158 160 163 165 167 168 170 172 174 176 178 180 182 184
a 1 4 6 8 10 12 14 17 19 21 23 25 27 30 32 34 36 38 41 42 45 47 49 51 53 56 58 60 62 64 67 69 71 72 74 76 79 81 83 84 86 88 91 93 95 96 98 100 103 105 107 108 110 112 115 117 119 120 122 124 127 129 131 132 134 136 138 141 143 144 146 148 151 153 155 156 158 160 163 165 167 168 170 172 174 176 178 180 182 184
a 1 4 6 8 10 12 14 17 19 21 23 25 27 30 32 34 36 38 41 42 45 47 49 51 53 56 58 60 62 64 67 69 71 72 74 76 79 81 83 84 86 88 91 93 95 96 98 100 103 105 107 108 110 112 115 117 119 120 122 124 127 129 131 132 134 136 138 140 143 144 146 148 151 153 155 156 158 160 163 165 167 168 170 172 174 176 178 180 182 184
a 1 4 6 8 10 12 14 17 19 21 23 25 27 30 32 34 36 38 41 42 45 47 49 51 53 56 58 60 62 64 67 69 71 72 74 76 79 81 83 84 86 88 91 93 95 96 98 100 103 105 107 108 110 112 115 117 119 120 122 124 127 129 131 132 134 136 138 140 142 144 146 148 151 153 155 156 158 160 163 165 167 168 170 172 174 176 178 180 182 184
a 1 4 6 8 10 12 14 17 19 21 23 25 27 30 32 34 36 38 41 42 45 47 49 51 53 56 58 60 62 64 67 69 71 72 74 76 79 81 83 84 86 88 91 93 95 96 98 100 103 105 107 108 110 112 115 117 119 120 122 124 127 129 131 132 134 136 138 140 142 144 146 148 151 153 155 156 158 160 163 165 167 168 170 172 174 176 178 181 182 184
a 1 4 6 8 10 12 14 17 19 21 23 25 27 30 32 34 36 38 41 42 45 47 49 51 53 56 58 60 62 64 67 69 71 72 74 76 79 81 83 84 86 88 91 93 95 96 98 100 103 105 107 108 110 112 115 117 119 120 122 124 127 129 131 132 134 136 138 140 142 144 146 148 151 153 155 156 158 160 163 165 167 168 170 172 174 176 178 181 183 184
a 1 4 6 8 10 12 14 17 19 21 23 25 27 30 32 34 36 38 41 42 45 47 49 51 53 56 58 60 62 64 67 69 71 72 74 76 79 81 83 84 86 88 91 93 95 96 98 100 103 105 107 108 110 112 115 117 119 120 122 124 127 129 131 132 134 136 138 140 142 144 146 148 151 153 155 156 158 160 163 165 167 168 170 172 174 176 178 181 183 185
a 1 4 6 8 10 12 14 17 19 21 23 25 27 30 32 34 36 38 41 42 45 47 49 51 53 56 58 60 62 64 67 69 71 72 74 76 79 81 83 84 86 88 91 93 95 96 98 100 102 105 107 108 110 112 115 117 119 120 122 124 127 129 131 132 134 136 138 140 142 144 146 148 151 153 155 156 158 160 163 165 167 168 170 172 174 176 178 181 183 185
a 1 4 6 8 10 12 14 17 19 21 23 25 27 30 32 34 36 38 41 42 45 47 49 51 53 56 58 60 62 64 67 69 71 72 74 76 79 81 83 84 86 88 91 93 95 96 98 100 102 104 107 108 110 112 115 117 119 120 122 124 127 129 131 132 134 136 138 140 142 144 146 148 151 153 155 156 158 160 163 165 167 168 170 172 174 176 178 181 183 185
a 1 4 6 8 10 12 14 17 19 21 23 25 27 30 32 34 36 38 41 42 45 47 49 51 53 56 58 60 62 64 67 69 71 72 74 76 79 81 83 84 86 88 91 93 95 96 98 100 102 104 106 108 110 112 115 117 119 120 122 124 127 129 131 132 134 136 138 140 142 144 146 148 151 153 155 156 158 160 163 165 167 168 170 172 174 176 178 181 183 185
a 1 4 6 8 10 12 14 17 19 21 23 25 27 30 32 34 36 38 41 42 45 47 49 51 53 56 58 60 62 64 67 69 71 72 74 76 79 81 83 84 86 88 91 93 95 96 98 100 102 104 106 108 110 112 115 117 119 120 122 124 127 129 131 132 134 136 138 140 142 144 146 148 151 153 155 156 158 160 162 165 167 168 170 172 174 176 178 181 183 185
a 1 4 6 8 10 12 14 17 19 21 23 25 27 30 32 34 36 38 41 42 45 47 49 51 53 56 58 60 62 64 67 69 71 72 74 76 79 81 83 84 86 88 91 93 95 96 98 100 102 104 106 108 110 112 115 117 119 120 122 124 127 129 131 132 134 136 138 140 142 144 146 148 151 153 155 156 158 160 162 164 167 168 170 172 174 176 178 181 183 185
a 1 4 6 8 10 12 14 17 19 21 23 25 27 30 32 34 36 38 41 42 45 47 49 51 53 56 58 60 62 64 67 69 71 72 74 76 79 81 83 84 86 88 91 93 95 96 98 100 102 104 106 108 110 112 115 117 119 120 122 124 127 129 131 132 134 136 138 140 142 144 146 148 151 153 155 156 158 160 162 164 166 168 170 172 174 176 178 181 183 185
a 1 4 6 8 10 12 14 17 19 21 23 25 27 30 32 34 36 38 41 42 45 47 49 51 53 56 58 60 62 64 67 69 71 72 74 76 79 81 83 84 86 88 91 93 95 96 98 100 102 104 106 109 110 112 115 117 119 120 122 124 127 129 131 132 134 136 138 140 142 144 146 148 151 153 155 156 158 160 162 164 166 168 170 172 174 176 178 181 183 185
a 1 4 6 8 10 12 14 17 19 21 23 25 27 30 32 34 36 38 41 42 45 47 49 51 53 56 58 60 62 64 67 69 71 72 74 76 79 81 83 84 86 88 91 93 95 96 98 100 102 104 106 109 111 112 115 117 119 120 122 124 127 129 131 132 134 136 138 140 142 144 146 148 151 153 155 156 158 160 162 164 166 168 170 172 174 176 178 181 183 185
a 1 4 6 8 10 12 14 17 19 21 23 25 27 30 32 34 36 38 41 42 45 47 49 51 53 56 58 60 62 64 67 69 71 72 74 76 79 81 83 84 86 88 91 93 95 96 98 100 102 104 106 109 111 113 115 117 119 120 122 124 127 129 131 132 134 136 138 140 142 144 146 148 151 153 155 156 158 160 162 164 166 168 170 172 174 176 178 181 183 185
a 1 4 6 8 10 12 14 17 19 21 23 25 27 30 32 34 36 38 41 42 45 47 49 51 53 56 58 60 62 64 67 69 71 72 74 76 79 81 83 84 86 88 91 93 95 96 98 100 102 104 106 109 111 113 115 117 119 120 122 124 127 129 131 132 134 136 138 140 142 145 146 148 151 153 155 156 158 160 162 164 166 168 170 172 174 176 178 181 183 185
a 1 4 6 8 10 12 14 17 19 21 23 25 27 30 32 34 36 38 41 42 45 47 49 51 53 56 58 60 62 64 67 69 71 72 74 76 79 81 83 84 86 88 91 93 95 96 98 100 102 104 106 109 111 113 115 117 119 120 122 124 127 129 131 132 134 136 138 140 142 145 147 148 151 153 155 156 158 160 162 164 166 168 170 172 174 176 178 181 183 185
a 1 4 6 8 10 12 14 17 19 21 23 25 27 30 32 34 36 38 41 42 45 47 49 51 53 56 58 60 62 64 67 69 71 72 74 76 79 81 83 84 86 88 91 93 95 96 98 100 102 104 106 109 111 113 115 117 119 120 122 124 127 129 131 132 134 136 138 140 142 145 147 149 151 153 155 156 158 160 162 164 166 168 170 172 174 176 178 181 183 185
a 1 4 6 8 10 12 14 17 19 21 23 25 27 30 32 34 36 38 41 42 45 47 49 51 53 56 58 60 62 64 67 69 71 72 74 76 79 81 83 84 86 88 91 93 95 96 98 100 102 104 106 109 111 113 115 117 119 120 122 124 127 129 131 132 134 136 138 140 142 145 147 149 151 153 155 156 158 160 162 164 166 169 170 172 174 176 178 181 183 185
a 1 4 6 8 10 12 14 17 19 21 23 25 27 30 32 34 36 38 41 42 45 47 49 51 53 56 58 60 62 64 67 69 71 72 74 76 79 81 83 84 86 88 91 93 95 96 98 100 102 104 106 109 111 113 115 117 119 120 122 124 127 129 131 132 134 136 138 140 142 145 147 149 151 153 155 156 158 160 162 164 166 169 171 172 174 176 178 181 183 185
a 1 4 6 8 10 12 14 17 19 21 23 25 27 30 32 34 36 38 41 42 45 47 49 51 53 56 58 60 62 64 67 69 71 72 74 76 79 81 83 84 86 88 91 93 95 96 98 100 102 104 106 109 111 113 115 117 119 120 122 124 127 129 131 132 134 136 138 140 142 145 147 149 151 153 155 156 158 160 162 164 166 169 171 173 174 176 178 181 183 185
a 1 4 6 8 10 12 14 17 19 21 23 25 27 30 32 34 36 38 41 42 45 47 49 51 53 56 59 60 62 64 67 69 71 72 74 76 79 81 83 84 86 88 91 93 95 96 98 100 102 104 106 109 111 113 115 117 119 120 122 124 127 129 131 132 134 136 138 140 142 145 147 149 151 153 155 156 158 160 162 164 166 169 171 173 174 176 178 181 183 185
a 1 4 6 8 10 12 14 17 19 21 23 25 27 30 32 34 36 38 41 42 45 47 49 51 53 57 59 60 62 64 67 69 71 72 74 76 79 81 83 84 86 88 91 93 95 96 98 100 102 104 106 109 111 113 115 117 119 120 122 124 127 129 131 132 134 136 138 140 142 145 147 149 151 153 155 156 158 160 162 164 166 169 171 173 174 176 178 181 183 185
a 1 4 6 8 10 12 14 17 19 21 23 25 27 30 32 34 36 38 41 42 45 47 49 51 54 57 59 60 62 64 67 69 71 72 74 76 79 81 83 84 86 88 91 93 95 96 98 100 102 104 106 109 111 113 115 117 119 120 122 124 127 129 131 132 134 136 138 140 142 145 147 149 151 153 155 156 158 160 162 164 166 169 171 173 174 176 178 181 183 185
a 1 4 6 8 10 12 14 17 19 21 23 25 27 30 32 34 36 38 41 42 45 47 49 51 54 55 59 60 62 64 67 69 71 72 74 76 79 81 83 84 86 88 91 93 95 96 98 100 102 104 106 109 111 113 115 117 119 120 122 124 127 129 131 132 134 136 138 140 142 145 147 149 151 153 155 156 158 160 162 164 166 169 171 173 174 176 178 181 183 185
a 1 4 6 8 10 12 14 17 19 21 23 25 27 30 32 34 36 38 41 42 45 47 49 51 54 55 58 60 62 64 67 69 71 72 74 76 79 81 83 84 86 88 91 93 95 96 98 100 102 104 106 109 111 113 115 117 119 120 122 124 127 129 131 132 134 136 138 140 142 145 147 149 151 153 155 156 158 160 162 164 166 169 171 173 174 176 178 181 183 185
a 1 4 6 8 10 12 14 17 19 21 23 25 27 30 32 34 36 38 41 42 45 47 49 51 54 55 58 60 62 64 67 69 71 72 74 76 79 81 83 84 86 88 91 93 95 96 98 100 102 104 106 109 111 113 115 117 119 120 122 124 127 129 131 132 134 136 138 140 142 145 147 149 151 153 155 156 158 160 162 164 166 169 171 173 174 176 179 181 183 185
a 1 4 6 8 10 12 14 17 19 21 23 25 27 30 32 34 36 38 41 42 45 47 49 51 54 55 58 60 62 64 67 69 71 72 74 76 79 81 83 84 86 88 91 93 95 96 98 100 102 104 106 109 111 113 115 117 119 120 122 124 127 129 131 132 134 136 138 140 142 145 147 149 151 153 155 156 158 160 162 164 166 169 171 173 174 177 179 181 183 185
a 1 4 6 8 10 12 14 17 19 21 23 25 27 30 32 34 36 38 41 42 45 47 49 51 54 55 58 60 62 64 67 69 71 72 74 76 79 81 83 84 86 88 91 93 95 96 98 100 102 104 106 109 111 113 115 117 119 120 122 124 127 129 131 132 134 136 138 140 142 145 147 149 151 153 155 156 158 160 162 164 166 169 171 173 175 177 179 181 183 185
a 1 4 6 8 10 12 14 17 19 21 23 25 27 30 32 34 36 38 41 42 45 47 49 51 54 55 58 60 62 64 67 69 71 72 74 76 79 81 83 84 86 88 91 93 95 96 98 100 102 104 106 109 111 113 115 117 119 120 122 124 127 129 131 132 134 136 138 140 143 145 147 149 151 153 155 156 158 160 162 164 166 169 171 173 175 177 179 181 183 185
a 1 4 6 8 10 12 14 17 19 21 23 25 27 30 32 34 36 38 41 42 45 47 49 51 54 55 58 60 62 64 67 69 71 72 74 76 79 81 83 84 86 88 91 93 95 96 98 100 102 104 106 109 111 113 115 117 119 120 122 124 127 129 131 132 134 136 138 141 143 145 147 149 151 153 155 156 158 160 162 164 166 169 171 173 175 177 179 181 183 185
a 1 4 6 8 10 12 14 17 19 21 23 25 27 30 32 34 36 38 41 42 45 47 49 51 54 55 58 60 62 64 67 69 71 72 74 76 79 81 83 84 86 88 91 93 95 96 98 100 102 104 106 109 111 113 115 117 119 120 122 124 127 129 131 132 134 136 139 141 143 145 147 149 151 153 155 156 158 160 162 164 166 169 171 173 175 177 179 181 183 185
a 1 4 7 8 10 12 14 17 19 21 23 25 27 30 32 34 36 38 41 42 45 47 49 51 54 55 58 60 62 64 67 69 71 72 74 76 79 81 83 84 86 88 91 93 95 96 98 100 102 104 106 109 111 113 115 117 119 120 122 124 127 129 131 132 134 136 139 141 143 145 147 149 151 153 155 156 158 160 162 164 166 169 171 173 175 177 179 181 183 185
a 1 4 7 8 10 12 14 17 19 21 23 25 27 30 32 34 36 38 41 42 45 47 49 51 54 55 58 60 62 64 67 69 71 72 74 76 79 81 83 84 86 88 91 93 95 96 98 100 102 104 106 109 111 113 115 117 119 120 122 124 127 129 131 132 134 136 139 141 143 145 147 149 151 153 155 156 158 160 162 164 166 169 171 173 175 177 179 181 183 184
a 1 4 7 8 10 12 14 17 19 21 23 25 27 30 32 34 36 38 41 42 45 47 49 51 54 55 58 60 62 64 67 69 71 72 74 76 79 81 83 84 86 88 91 93 95 96 98 100 102 104 106 109 111 113 115 117 119 120 122 124 127 129 131 132 134 136 139 141 143 145 147 149 151 153 155 156 158 160 162 164 166 169 171 173 175 177 179 181 182 184
a 1 4 7 8 10 12 14 17 19 21 23 25 27 30 32 34 36 38 41 42 45 47 49 51 54 55 58 60 62 64 67 69 71 72 74 76 79 81 83 84 86 88 91 93 95 96 98 100 102 104 106 109 111 113 115 117 119 120 122 124 127 129 131 132 134 136 139 141 143 145 147 149 151 153 155 156 158 160 162 164 166 169 171 173 175 177 179 180 182 184
a 1 5 7 8 10 12 14 17 19 21 23 25 27 30 32 34 36 38 41 42 45 47 49 51 54 55 58 60 62 64 67 69 71 72 74 76 79 81 83 84 86 88 91 93 95 96 98 100 102 104 106 109 111 113 115 117 119 120 122 124 127 129 131 132 134 136 139 141 143 145 147 149 151 153 155 156 158 160 162 164 166 169 171 173 175 177 179 180 182 184
a 2 5 7 8 10 12 14 17 19 21 23 25 27 30 32 34 36 38 41 42 45 47 49 51 54 55 58 60 62 64 67 69 71 72 74 76 79 81 83 84 86 88 91 93 95 96 98 100 102 104 106 109 111 113 115 117 119 120 122 124 127 129 131 132 134 136 139 141 143 145 147 149 151 153 155 156 158 160 162 164 166 169 171 173 175 177 179 180 182 184
a 2 5 7 8 10 12 14 17 19 21 23 25 27 30 32 34 36 38 41 42 45 47 49 51 54 55 58 60 62 64 67 69 71 72 74 76 79 81 83 84 86 88 91 93 95 96 98 100 102 104 106 109 111 113 115 117 119 120 122 124 127 129 131 132 134 136 139 141 143 145 147 149 151 153 155 156 158 160 162 164 167 169 171 173 175 177 179 180 182 184
a 2 5 7 8 10 12 14 17 19 21 23 25 27 30 32 34 36 38 41 42 45 47 49 51 54 55 58 60 62 64 67 69 71 72 74 76 79 81 83 84 86 88 91 93 95 96 98 100 102 104 106 109 111 113 115 117 119 120 122 124 127 129 131 132 134 136 139 141 143 145 147 149 151 153 155 156 158 160 162 165 167 169 171 173 175 177 179 180 182 184
a 2 5 7 8 10 12 14 17 19 21 23 25 27 30 32 34 36 38 41 42 45 47 49 51 54 55 58 60 62 64 67 69 71 72 74 76 79 81 83 84 86 88 91 93 95 96 98 100 102 104 106 109 111 113 115 117 119 120 122 124 127 129 131 132 134 136 139 141 143 145 147 149 151 153 155 156 158 160 163 165 167 169 171 173 175 177 179 180 182 184
a 2 3 7 8 10 12 14 17 19 21 23 25 27 30 32 34 36 38 41 42 45 47 49 51 54 55 58 60 62 64 67 69 71 72 74 76 79 81 83 84 86 88 91 93 95 96 98 100 102 104 106 109 111 113 115 117 119 120 122 124 127 129 131 132 134 136 139 141 143 145 147 149 151 153 155 156 158 160 163 165 167 169 171 173 175 177 179 180 182 184
a 2 3 6 8 10 12 14 17 19 21 23 25 27 30 32 34 36 38 41 42 45 47 49 51 54 55 58 60 62 64 67 69 71 72 74 76 79 81 83 84 86 88 91 93 95 96 98 100 102 104 106 109 111 113 115 117 119 120 122 124 127 129 131 132 134 136 139 141 143 145 147 149 151 153 155 156 158 160 163 165 167 169 171 173 175 177 179 180 182 184
a 2 3 6 8 10 12 14 17 19 21 23 25 27 30 32 34 36 38 41 42 45 47 49 51 54 55 58 60 62 64 66 69 71 72 74 76 79 81 83 84 86 88 91 93 95 96 98 100 102 104 106 109 111 113 115 117 119 120 122 124 127 129 131 132 134 136 139 141 143 145 147 149 151 153 155 156 158 160 163 165 167 169 171 173 175 177 179 180 182 184
a 2 3 6 8 10 12 14 17 19 21 23 25 27 30 32 34 36 38 41 42 45 47 49 51 54 55 58 60 62 64 66 68 71 72 74 76 79 81 83 84 86 88 91 93 95 96 98 100 102 104 106 109 111 113 115 117 119 120 122 124 127 129 131 132 134 136 139 141 143 145 147 149 151 153 155 156 158 160 163 165 167 169 171 173 175 177 179 180 182 184
a 2 3 6 8 10 12 14 17 19 21 23 25 27 30 32 34 36 38 41 42 45 47 49 51 54 55 58 60 62 64 66 68 70 72 74 76 79 81 83 84 86 88 91 93 95 96 98 100 102 104 106 109 111 113 115 117 119 120 122 124 127 129 131 132 134 136 139 141 143 145 147 149 151 153 155 156 158 160 163 165 167 169 171 173 175 177 179 180 182 184
a 2 3 6 8 10 12 14 17 19 21 23 25 27 30 32 34 36 38 41 42 45 47 49 51 54 55 58 60 62 64 66 68 70 73 74 76 79 81 83 84 86 88 91 93 95 96 98 100 102 104 106 109 111 113 115 117 119 120 122 124 127 129 131 132 134 136 139 141 143 145 147 149 151 153 155 156 158 160 163 165 167 169 171 173 175 177 179 180 182 184
a 2 3 6 8 10 12 14 17 19 21 23 25 27 30 32 34 36 38 41 42 45 47 49 51 54 55 58 60 62 64 66 68 70 73 75 76 79 81 83 84 86 88 91 93 95 96 98 100 102 104 106 109 111 113 115 117 119 120 122 124 127 129 131 132 134 136 139 141 143 145 147 149 151 153 155 156 158 160 163 165 167 169 171 173 175 177 179 180 182 184
a 2 3 6 8 10 12 14 17 19 21 23 25 27 30 32 34 36 38 41 42 45 47 49 51 54 55 58 60 62 64 66 68 70 73 75 77 79 81 83 84 86 88 91 93 95 96 98 100 102 104 106 109 111 113 115 117 119 120 122 124 127 129 131 132 134 136 139 141 143 145 147 149 151 153 155 156 158 160 163 165 167 169 171 173 175 177 179 180 182 184
a 2 3 6 8 10 12 14 17 20 21 23 25 27 30 32 34 36 38 41 42 45 47 49 51 54 55 58 60 62 64 66 68 70 73 75 77 79 81 83 84 86 88 91 93 95 96 98 100 102 104 106 109 111 113 115 117 119 120 122 124 127 129 131 132 134 136 139 141 143 145 147 149 151 153 155 156 158 160 163 165 167 169 171 173 175 177 179 180 182 184
a 2 3 6 8 10 12 14 17 20 21 23 25 27 30 32 34 36 38 41 42 45 47 49 51 54 55 58 60 62 64 66 68 70 73 75 77 79 81 83 84 86 88 91 93 95 96 98 100 102 104 106 109 111 113 115 117 119 120 122 124 127 129 131 132 134 136 139 141 143 145 147 149 151 153 155 156 158 160 163 165 167 169 171 172 175 177 179 180 182 184
a 2 3 6 8 10 12 14 17 20 21 23 25 27 30 32 34 36 38 41 42 45 47 49 51 54 55 58 60 62 64 66 68 70 73 75 77 79 81 83 84 86 88 91 93 95 96 98 100 102 104 106 109 111 113 115 117 119 120 122 124 127 129 131 132 134 136 139 141 143 145 147 149 151 153 155 156 158 160 163 165 167 169 170 172 175 177 179 180 182 184
a 2 3 6 8 10 12 14 17 20 21 23 25 27 30 32 34 36 38 41 42 45 47 49 51 54 55 58 60 62 64 66 68 70 73 75 77 79 81 83 84 86 88 91 93 95 96 98 100 102 104 106 109 111 113 115 117 119 120 122 124 127 129 131 132 134 136 139 141 143 145 147 149 151 153 155 156 158 160 163 165 167 168 170 172 175 177 179 180 182 184
a 2 3 6 8 10 12 14 18 20 21 23 25 27 30 32 34 36 38 41 42 45 47 49 51 54 55 58 60 62 64 66 68 70 73 75 77 79 81 83 84 86 88 91 93 95 96 98 100 102 104 106 109 111 113 115 117 119 120 122 124 127 129 131 132 134 136 139 141 143 145 147 149 151 153 155 156 158 160 163 165 167 168 170 172 175 177 179 180 182 184
a 2 3 6 8 10 12 15 18 20 21 23 25 27 30 32 34 36 38 41 42 45 47 49 51 54 55 58 60 62 64 66 68 70 73 75 77 79 81 83 84 86 88 91 93 95 96 98 100 102 104 106 109 111 113 115 117 119 120 122 124 127 129 131 132 134 136 139 141 143 145 147 149 151 153 155 156 158 160 163 165 167 168 170 172 175 177 179 180 182 184
a 2 3 6 8 10 12 15 16 20 21 23 25 27 30 32 34 36 38 41 42 45 47 49 51 54 55 58 60 62 64 66 68 70 73 75 77 79 81 83 84 86 88 91 93 95 96 98 100 102 104 106 109 111 113 115 117 119 120 122 124 127 129 131 132 134 136 139 141 143 145 147 149 151 153 155 156 158 160 163 165 167 168 170 172 175 177 179 180 182 184
a 2 3 6 8 10 12 15 16 19 21 23 25 27 30 32 34 36 38 41 42 45 47 49 51 54 55 58 60 62 64 66 68 70 73 75 77 79 81 83 84 86 88 91 93 95 96 98 100 102 104 106 109 111 113 115 117 119 120 122 124 127 129 131 132 134 136 139 141 143 145 147 149 151 153 155 156 158 160 163 165 167 168 170 172 175 177 179 180 182 184
a 2 3 6 8 10 12 15 16 19 21 23 25 27 30 32 34 36 38 41 42 45 47 49 51 54 55 58 60 62 64 66 68 71 73 75 77 79 81 83 84 86 88 91 93 95 96 98 100 102 104 106 109 111 113 115 117 119 120 122 124 127 129 131 132 134 136 139 141 143 145 147 149 151 153 155 156 158 160 163 165 167 168 170 172 175 177 179 180 182 184
a 2 3 6 8 10 12 15 16 19 21 23 25 27 30 32 34 36 38 41 42 45 47 49 51 54 55 58 60 62 64 66 69 71 73 75 77 79 81 83 84 86 88 91 93 95 96 98 100 102 104 106 109 111 113 115 117 119 120 122 124 127 129 131 132 134 136 139 141 143 145 147 149 151 153 155 156 158 160 163 165 167 168 170 172 175 177 179 180 182 184
a 2 3 6 8 10 12 15 16 19 21 23 25 27 30 32 34 36 38 41 42 45 47 49 51 54 55 58 60 62 64 67 69 71 73 75 77 79 81 83 84 86 88 91 93 95 96 98 100 102 104 106 109 111 113 115 117 119 120 122 124 127 129 131 132 134 136 139 141 143 145 147 149 151 153 155 156 158 160 163 165 167 168 170 172 175 177 179 180 182 184
a 2 3 7 8 10 12 15 16 19 21 23 25 27 30 32 34 36 38 41 42 45 47 49 51 54 55 58 60 62 64 67 69 71 73 75 77 79 81 83 84 86 88 91 93 95 96 98 100 102 104 106 109 111 113 115 117 119 120 122 124 127 129 131 132 134 136 139 141 143 145 147 149 151 153 155 156 158 160 163 165 167 168 170 172 175 177 179 180 182 184
a 2 3 7 8 10 12 15 16 19 21 23 25 27 30 32 34 36 38 41 42 45 47 49 51 54 55 58 60 62 64 67 69 71 73 75 76 79 81 83 84 86 88 91 93 95 96 98 100 102 104 106 109 111 113 115 117 119 120 122 124 127 129 131 132 134 136 139 141 143 145 147 149 151 153 155 156 158 160 163 165 167 168 170 172 175 177 179 180 182 184
a 2 3 7 8 10 12 15 16 19 21 23 25 27 30 32 34 36 38 41 42 45 47 49 51 54 55 58 60 62 64 67 69 71 73 74 76 79 81 83 84 86 88 91 93 95 96 98 100 102 104 106 109 111 113 115 117 119 120 122 124 127 129 131 132 134 136 139 141 143 145 147 149 151 153 155 156 158 160 163 165 167 168 170 172 175 177 179 180 182 184
a 2 3 7 8 10 12 15 16 19 21 23 25 27 30 32 34 36 38 41 42 45 47 49 51 54 55 58 60 62 64 67 69 71 72 74 76 79 81 83 84 86 88 91 93 95 96 98 100 102 104 106 109 111 113 115 117 119 120 122 124 127 129 131 132 134 136 139 141 143 145 147 149 151 153 155 156 158 160 163 165 167 168 170 172 175 177 179 180 182 184
a 2 5 7 8 10 12 15 16 19 21 23 25 27 30 32 34 36 38 41 42 45 47 49 51 54 55 58 60 62 64 67 69 71 72 74 76 79 81 83 84 86 88 91 93 95 96 98 100 102 104 106 109 111 113 115 117 119 120 122 124 127 129 131 132 134 136 139 141 143 145 147 149 151 153 155 156 158 160 163 165 167 168 170 172 175 177 179 180 182 184
a 1 5 7 8 10 12 15 16 19 21 23 25 27 30 32 34 36 38 41 42 45 47 49 51 54 55 58 60 62 64 67 69 71 72 74 76 79 81 83 84 86 88 91 93 95 96 98 100 102 104 106 109 111 113 115 117 119 120 122 124 127 129 131 132 134 136 139 141 143 145 147 149 151 153 155 156 158 160 163 165 167 168 170 172 175 177 179 180 182 184
a 1 4 7 8 10 12 15 16 19 21 23 25 27 30 32 34 36 38 41 42 45 47 49 51 54 55 58 60 62 64 67 69 71 72 74 76 79 81 83 84 86 88 91 93 95 96 98 100 102 104 106 109 111 113 115 117 119 120 122 124 127 129 131 132 134 136 139 141 143 145 147 149 151 153 155 156 158 160 163 165 167 168 170 172 175 177 179 180 182 184
a 1 4 6 8 10 12 15 16 19 21 23 25 27 30 32 34 36 38 41 42 45 47 49 51 54 55 58 60 62 64 67 69 71 72 74 76 79 81 83 84 86 88 91 93 95 96 98 100 102 104 106 109 111 113 115 117 119 120 122 124 127 129 131 132 134 136 139 141 143 145 147 149 151 153 155 156 158 160 163 165 167 168 170 172 175 177 179 180 182 184
a 1 4 6 8 10 12 15 16 19 21 23 25 27 30 32 34 36 38 41 42 45 47 49 51 54 55 58 60 62 64 67 69 71 72 74 76 79 81 83 84 86 88 91 93 95 96 98 100 102 104 106 109 111 113 114 117 119 120 122 124 127 129 131 132 134 136 139 141 143 145 147 149 151 153 155 156 158 160 163 165 167 168 170 172 175 177 179 180 182 184
a 1 4 6 8 10 12 15 16 19 21 23 25 27 30 32 34 36 38 41 42 45 47 49 51 54 55 58 60 62 64 67 69 71 72 74 76 79 81 83 84 86 88 91 93 95 96 98 100 102 104 106 109 111 113 114 116 119 120 122 124 127 129 131 132 134 136 139 141 143 145 147 149 151 153 155 156 158 160 163 165 167 168 170 172 175 177 179 180 182 184
a 1 4 6 8 10 12 15 16 19 21 23 25 27 30 32 34 36 38 41 42 45 47 49 51 54 55 58 60 62 64 67 69 71 72 74 76 79 81 83 84 86 88 91 93 95 96 98 100 102 104 106 109 111 113 114 116 118 120 122 124 127 129 131 132 134 136 139 141 143 145 147 149 151 153 155 156 158 160 163 165 167 168 170 172 175 177 179 180 182 184
a 1 4 6 8 10 12 15 16 19 21 23 25 27 30 32 34 36 38 41 42 45 47 49 51 54 55 58 60 62 64 67 69 71 72 74 76 79 81 83 84 86 88 91 93 95 96 98 100 102 104 106 109 111 113 114 116 118 121 122 124 127 129 131 132 134 136 139 141 143 145 147 149 151 153 155 156 158 160 163 165 167 168 170 172 175 177 179 180 182 184
a 1 4 6 8 10 12 15 16 19 21 23 25 27 30 32 34 36 38 41 42 45 47 49 51 54 55 58 60 62 64 67 69 71 72 74 76 79 81 83 84 86 88 91 93 95 96 98 100 102 104 106 109 111 113 114 116 118 121 123 124 127 129 131 132 134 136 139 141 143 145 147 149 151 153 155 156 158 160 163 165 167 168 170 172 175 177 179 180 182 184
a 1 4 6 8 10 12 15 16 19 21 23 25 27 30 32 34 36 38 41 42 45 47 49 51 54 55 58 60 62 64 67 69 71 72 74 76 79 81 83 84 86 88 91 93 95 96 98 100 102 104 106 109 111 113 114 116 118 121 123 125 127 129 131 132 134 136 139 141 143 145 147 149 151 153 155 156 158 160 163 165 167 168 170 172 175 177 179 180 182 184
a 1 4 6 8 10 12 15 16 19 21 23 25 27 30 32 34 36 38 41 42 45 47 49 51 54 55 58 60 62 64 67 69 71 72 74 76 78 81 83 84 86 88 91 93 95 96 98 100 102 104 106 109 111 113 114 116 118 121 123 125 127 129 131 132 134 136 139 141 143 145 147 149 151 153 155 156 158 160 163 165 167 168 170 172 175 177 179 180 182 184
a 1 4 6 8 10 12 15 16 19 21 23 25 27 30 32 34 36 38 41 42 45 47 49 51 54 55 58 60 62 64 67 69 71 72 74 76 78 80 83 84 86 88 91 93 95 96 98 100 102 104 106 109 111 113 114 116 118 121 123 125 127 129 131 132 134 136 139 141 143 145 147 149 151 153 155 156 158 160 163 165 167 168 170 172 175 177 179 180 182 184
a 1 4 6 8 10 12 15 16 19 21 23 25 27 30 32 34 36 38 41 42 45 47 49 51 54 55 58 60 62 64 67 69 71 72 74 76 78 80 82 84 86 88 91 93 95 96 98 100 102 104 106 109 111 113 114 116 118 121 123 125 127 129 131 132 134 136 139 141 143 145 147 149 151 153 155 156 158 160 163 165 167 168 170 172 175 177 179 180 182 184
a 1 4 6 8 10 12 15 16 19 21 23 25 27 30 32 34 36 38 41 42 45 47 49 51 54 55 58 60 62 64 67 69 71 72 74 76 78 80 82 85 86 88 91 93 95 96 98 100 102 104 106 109 111 113 114 116 118 121 123 125 127 129 131 132 134 136 139 141 143 145 147 149 151 153 155 156 158 160 163 165 167 168 170 172 175 177 179 180 182 184
a 1 4 6 8 10 12 15 16 19 21 23 25 27 30 32 34 36 38 41 42 45 47 49 51 54 55 58 60 62 64 67 69 71 72 74 76 78 80 82 85 87 88 91 93 95 96 98 100 102 104 106 109 111 113 114 116 118 121 123 125 127 129 131 132 134 136 139 141 143 145 147 149 151 153 155 156 158 160 163 165 167 168 170 172 175 177 179 180 182 184
a 1 4 6 8 10 12 15 16 19 21 23 25 27 30 32 34 36 38 41 42 45 47 49 51 54 55 58 60 62 64 67 69 71 72 74 76 78 80 82 85 87 89 91 93 95 96 98 100 102 104 106 109 111 113 114 116 118 121 123 125 127 129 131 132 134 136 139 141 143 145 147 149 151 153 155 156 158 160 163 165 167 168 170 172 175 177 179 180 182 184
a 1 4 6 8 10 12 15 16 19 21 23 25 27 30 33 34 36 38 41 42 45 47 49 51 54 55 58 60 62 64 67 69 71 72 74 76 78 80 82 85 87 89 91 93 95 96 98 100 102 104 106 109 111 113 114 116 118 121 123 125 127 129 131 132 134 136 139 141 143 145 147 149 151 153 155 156 158 160 163 165 167 168 170 172 175 177 179 180 182 184
a 1 4 6 8 10 12 15 16 19 21 23 25 27 30 33 34 36 38 41 42 45 47 49 51 54 55 58 60 62 64 67 69 71 72 74 76 78 80 82 85 87 89 91 93 95 96 98 100 102 104 106 109 111 113 114 116 118 121 123 125 127 129 131 132 134 136 139 141 143 145 147 148 151 153 155 156 158 160 163 165 167 168 170 172 175 177 179 180 182 184
a 1 4 6 8 10 12 15 16 19 21 23 25 27 30 33 34 36 38 41 42 45 47 49 51 54 55 58 60 62 64 67 69 71 72 74 76 78 80 82 85 87 89 91 93 95 96 98 100 102 104 106 109 111 113 114 116 118 121 123 125 127 129 131 132 134 136 139 141 143 145 146 148 151 153 155 156 158 160 163 165 167 168 170 172 175 177 179 180 182 184
a 1 4 6 8 10 12 15 16 19 21 23 25 27 30 33 34 36 38 41 42 45 47 49 51 54 55 58 60 62 64 67 69 71 72 74 76 78 80 82 85 87 89 91 93 95 96 98 100 102 104 106 109 111 113 114 116 118 121 123 125 127 129 131 132 134 136 139 141 143 144 146 148 151 153 155 156 158 160 163 165 167 168 170 172 175 177 179 180 182 184
a 1 4 6 8 10 12 15 16 19 21 23 25 27 31 33 34 36 38 41 42 45 47 49 51 54 55 58 60 62 64 67 69 71 72 74 76 78 80 82 85 87 89 91 93 95 96 98 100 102 104 106 109 111 113 114 116 118 121 123 125 127 129 131 132 134 136 139 141 143 144 146 148 151 153 155 156 158 160 163 165 167 168 170 172 175 177 179 180 182 184
a 1 4 6 8 10 12 15 16 19 21 23 25 28 31 33 34 36 38 41 42 45 47 49 51 54 55 58 60 62 64 67 69 71 72 74 76 78 80 82 85 87 89 91 93 95 96 98 100 102 104 106 109 111 113 114 116 118 121 123 125 127 129 131 132 134 136 139 141 143 144 146 148 151 153 155 156 158 160 163 165 167 168 170 172 175 177 179 180 182 184
a 1 4 6 8 10 12 15 16 19 21 23 25 28 29 33 34 36 38 41 42 45 47 49 51 54 55 58 60 62 64 67 69 71 72 74 76 78 80 82 85 87 89 91 93 95 96 98 100 102 104 106 109 111 113 114 116 118 121 123 125 127 129 131 132 134 136 139 141 143 144 146 148 151 153 155 156 158 160 163 165 167 168 170 172 175 177 179 180 182 184
a 1 4 6 8 10 12 15 16 19 21 23 25 28 29 32 34 36 38 41 42 45 47 49 51 54 55 58 60 62 64 67 69 71 72 74 76 78 80 82 85 87 89 91 93 95 96 98 100 102 104 106 109 111 113 114 116 118 121 123 125 127 129 131 132 134 136 139 141 143 144 146 148 151 153 155 156 158 160 163 165 167 168 170 172 175 177 179 180 182 184
a 1 4 6 8 10 12 15 16 19 21 23 25 28 29 32 34 36 38 41 42 45 47 49 51 54 55 58 60 62 64 67 69 71 72 74 76 78 80 82 85 87 89 91 93 95 96 98 100 102 104 106 109 111 113 114 116 119 121 123 125 127 129 131 132 134 136 139 141 143 144 146 148 151 153 155 156 158 160 163 165 167 168 170 172 175 177 179 180 182 184
a 1 4 6 8 10 12 15 16 19 21 23 25 28 29 32 34 36 38 41 42 45 47 49 51 54 55 58 60 62 64 67 69 71 72 74 76 78 80 82 85 87 89 91 93 95 96 98 100 102 104 106 109 111 113 114 117 119 121 123 125 127 129 131 132 134 136 139 141 143 144 146 148 151 153 155 156 158 160 163 165 167 168 170 172 175 177 179 180 182 184
a 1 4 6 8 10 12 15 16 19 21 23 25 28 29 32 34 36 38 41 42 45 47 49 51 54 55 58 60 62 64 67 69 71 72 74 76 78 80 82 85 87 89 91 93 95 96 98 100 102 104 106 109 111 113 115 117 119 121 123 125 127 129 131 132 134 136 139 141 143 144 146 148 151 153 155 156 158 160 163 165 167 168 170 172 175 177 179 180 182 184
a 1 4 7 8 10 12 15 16 19 21 23 25 28 29 32 34 36 38 41 42 45 47 49 51 54 55 58 60 62 64 67 69 71 72 74 76 78 80 82 85 87 89 91 93 95 96 98 100 102 104 106 109 111 113 115 117 119 121 123 125 127 129 131 132 134 136 139 141 143 144 146 148 151 153 155 156 158 160 163 165 167 168 170 172 175 177 179 180 182 184
a 1 4 7 8 10 12 15 16 19 21 23 25 28 29 32 34 36 38 41 42 45 47 49 51 54 55 58 60 62 64 67 69 71 72 74 76 78 80 82 85 87 89 91 93 95 96 98 100 102 104 106 109 111 113 115 117 119 121 123 124 127 129 131 132 134 136 139 141 143 144 146 148 151 153 155 156 158 160 163 165 167 168 170 172 175 177 179 180 182 184
a 1 4 7 8 10 12 15 16 19 21 23 25 28 29 32 34 36 38 41 42 45 47 49 51 54 55 58 60 62 64 67 69 71 72 74 76 78 80 82 85 87 89 91 93 95 96 98 100 102 104 106 109 111 113 115 117 119 121 122 124 127 129 131 132 134 136 139 141 143 144 146 148 151 153 155 156 158 160 163 165 167 168 170 172 175 177 179 180 182 184
a 1 4 7 8 10 12 15 16 19 21 23 25 28 29 32 34 36 38 41 42 45 47 49 51 54 55 58 60 62 64 67 69 71 72 74 76 78 80 82 85 87 89 91 93 95 96 98 100 102 104 106 109 111 113 115 117 119 120 122 124 127 129 131 132 134 136 139 141 143 144 146 148 151 153 155 156 158 160 163 165 167 168 170 172 175 177 179 180 182 184
a 1 5 7 8 10 12 15 16 19 21 23 25 28 29 32 34 36 38 41 42 45 47 49 51 54 55 58 60 62 64 67 69 71 72 74 76 78 80 82 85 87 89 91 93 95 96 98 100 102 104 106 109 111 113 115 117 119 120 122 124 127 129 131 132 134 136 139 141 143 144 146 148 151 153 155 156 158 160 163 165 167 168 170 172 175 177 179 180 182 184
a 2 5 7 8 10 12 15 16 19 21 23 25 28 29 32 34 36 38 41 42 45 47 49 51 54 55 58 60 62 64 67 69 71 72 74 76 78 80 82 85 87 89 91 93 95 96 98 100 102 104 106 109 111 113 115 117 119 120 122 124 127 129 131 132 134 136 139 141 143 144 146 148 151 153 155 156 158 160 163 165 167 168 170 172 175 177 179 180 182 184
a 2 5 7 8 10 12 15 16 19 21 23 25 28 29 32 34 36 38 41 42 45 47 49 51 54 55 58 60 62 64 67 69 71 72 74 76 78 80 83 85 87 89 91 93 95 96 98 100 102 104 106 109 111 113 115 117 119 120 122 124 127 129 131 132 134 136 139 141 143 144 146 148 151 153 155 156 158 160 163 165 167 168 170 172 175 177 179 180 182 184
a 2 5 7 8 10 12 15 16 19 21 23 25 28 29 32 34 36 38 41 42 45 47 49 51 54 55 58 60 62 64 67 69 71 72 74 76 78 81 83 85 87 89 91 93 95 96 98 100 102 104 106 109 111 113 115 117 119 120 122 124 127 129 131 132 134 136 139 141 143 144 146 148 151 153 155 156 158 160 163 165 167 168 170 172 175 177 179 180 182 184
a 2 5 7 8 10 12 15 16 19 21 23 25 28 29 32 34 36 38 41 42 45 47 49 51 54 55 58 60 62 64 67 69 71 72 74 76 79 81 83 85 87 89 91 93 95 96 98 100 102 104 106 109 111 113 115 117 119 120 122 124 127 129 131 132 134 136 139 141 143 144 146 148 151 153 155 156 158 160 163 165 167 168 170 172 175 177 179 180 182 184
a 2 3 7 8 10 12 15 16 19 21 23 25 28 29 32 34 36 38 41 42 45 47 49 51 54 55 58 60 62 64 67 69 71 72 74 76 79 81 83 85 87 89 91 93 95 96 98 100 102 104 106 109 111 113 115 117 119 120 122 124 127 129 131 132 134 136 139 141 143 144 146 148 151 153 155 156 158 160 163 165 167 168 170 172 175 177 179 180 182 184
a 2 3 6 8 10 12 15 16 19 21 23 25 28 29 32 34 36 38 41 42 45 47 49 51 54 55 58 60 62 64 67 69 71 72 74 76 79 81 83 85 87 89 91 93 95 96 98 100 102 104 106 109 111 113 115 117 119 120 122 124 127 129 131 132 134 136 139 141 143 144 146 148 151 153 155 156 158 160 163 165 167 168 170 172 175 177 179 180 182 184
a 2 3 6 8 10 12 15 16 19 21 23 25 28 29 32 34 36 38 41 42 45 47 49 51 54 55 58 60 62 64 66 69 71 72 74 76 79 81 83 85 87 89 91 93 95 96 98 100 102 104 106 109 111 113 115 117 119 120 122 124 127 129 131 132 134 136 139 141 143 144 146 148 151 153 155 156 158 160 163 165 167 168 170 172 175 177 179 180 182 184
a 2 3 6 8 10 12 15 16 19 21 23 25 28 29 32 34 36 38 41 42 45 47 49 51 54 55 58 60 62 64 66 68 71 72 74 76 79 81 83 85 87 89 91 93 95 96 98 100 102 104 106 109 111 113 115 117 119 120 122 124 127 129 131 132 134 136 139 141 143 144 146 148 151 153 155 156 158 160 163 165 167 168 170 172 175 177 179 180 182 184
a 2 3 6 8 10 12 15 16 19 21 23 25 28 29 32 34 36 38 41 42 45 47 49 51 54 55 58 60 62 64 66 68 70 72 74 76 79 81 83 85 87 89 91 93 95 96 98 100 102 104 106 109 111 113 115 117 119 120 122 124 127 129 131 132 134 136 139 141 143 144 146 148 151 153 155 156 158 160 163 165 167 168 170 172 175 177 179 180 182 184
a 2 3 6 8 10 12 15 16 19 21 23 25 28 29 32 34 36 38 41 42 45 47 49 51 54 55 58 60 62 64 66 68 70 73 74 76 79 81 83 85 87 89 91 93 95 96 98 100 102 104 106 109 111 113 115 117 119 120 122 124 127 129 131 132 134 136 139 141 143 144 146 148 151 153 155 156 158 160 163 165 167 168 170 172 175 177 179 180 182 184
a 2 3 6 8 10 12 15 16 19 21 23 25 28 29 32 34 36 38 41 42 45 47 49 51 54 55 58 60 62 64 66 68 70 73 75 76 79 81 83 85 87 89 91 93 95 96 98 100 102 104 106 109 111 113 115 117 119 120 122 124 127 129 131 132 134 136 139 141 143 144 146 148 151 153 155 156 158 160 163 165 167 168 170 172 175 177 179 180 182 184
a 2 3 6 8 10 12 15 16 19 21 23 25 28 29 32 34 36 38 41 42 45 47 49 51 54 55 58 60 62 64 66 68 70 73 75 77 79 81 83 85 87 89 91 93 95 96 98 100 102 104 106 109 111 113 115 117 119 120 122 124 127 129 131 132 134 136 139 141 143 144 146 148 151 153 155 156 158 160 163 165 167 168 170 172 175 177 179 180 182 184
a 2 3 6 8 10 12 15 16 20 21 23 25 28 29 32 34 36 38 41 42 45 47 49 51 54 55 58 60 62 64 66 68 70 73 75 77 79 81 83 85 87 89 91 93 95 96 98 100 102 104 106 109 111 113 115 117 119 120 122 124 127 129 131 132 134 136 139 141 143 144 146 148 151 153 155 156 158 160 163 165 167 168 170 172 175 177 179 180 182 184
a 2 3 6 8 10 12 15 16 20 21 23 25 28 29 32 34 36 38 41 42 45 47 49 51 54 55 58 60 62 64 66 68 70 73 75 77 79 81 83 85 87 88 91 93 95 96 98 100 102 104 106 109 111 113 115 117 119 120 122 124 127 129 131 132 134 136 139 141 143 144 146 148 151 153 155 156 158 160 163 165 167 168 170 172 175 177 179 180 182 184
a 2 3 6 8 10 12 15 16 20 21 23 25 28 29 32 34 36 38 41 42 45 47 49 51 54 55 58 60 62 64 66 68 70 73 75 77 79 81 83 85 86 88 91 93 95 96 98 100 102 104 106 109 111 113 115 117 119 120 122 124 127 129 131 132 134 136 139 141 143 144 146 148 151 153 155 156 158 160 163 165 167 168 170 172 175 177 179 180 182 184
a 2 3 6 8 10 12 15 16 20 21 23 25 28 29 32 34 36 38 41 42 45 47 49 51 54 55 58 60 62 64 66 68 70 73 75 77 79 81 83 84 86 88 91 93 95 96 98 100 102 104 106 109 111 113 115 117 119 120 122 124 127 129 131 132 134 136 139 141 143 144 146 148 151 153 155 156 158 160 163 165 167 168 170 172 175 177 179 180 182 184
a 2 3 6 8 10 12 15 18 20 21 23 25 28 29 32 34 36 38 41 42 45 47 49 51 54 55 58 60 62 64 66 68 70 73 75 77 79 81 83 84 86 88 91 93 95 96 98 100 102 104 106 109 111 113 115 117 119 120 122 124 127 129 131 132 134 136 139 141 143 144 146 148 151 153 155 156 158 160 163 165 167 168 170 172 175 177 179 180 182 184
a 2 3 6 8 10 12 14 18 20 21 23 25 28 29 32 34 36 38 41 42 45 47 49 51 54 55 58 60 62 64 66 68 70 73 75 77 79 81 83 84 86 88 91 93 95 96 98 100 102 104 106 109 111 113 115 117 119 120 122 124 127 129 131 132 134 136 139 141 143 144 146 148 151 153 155 156 158 160 163 165 167 168 170 172 175 177 179 180 182 184
a 2 3 6 8 10 12 14 17 20 21 23 25 28 29 32 34 36 38 41 42 45 47 49 51 54 55 58 60 62 64 66 68 70 73 75 77 79 81 83 84 86 88 91 93 95 96 98 100 102 104 106 109 111 113 115 117 119 120 122 124 127 129 131 132 134 136 139 141 143 144 146 148 151 153 155 156 158 160 163 165 167 168 170 172 175 177 179 180 182 184
a 2 3 6 8 10 12 14 17 19 21 23 25 28 29 32 34 36 38 41 42 45 47 49 51 54 55 58 60 62 64 66 68 70 73 75 77 79 81 83 84 86 88 91 93 95 96 98 100 102 104 106 109 111 113 115 117 119 120 122 124 127 129 131 132 134 136 139 141 143 144 146 148 151 153 155 156 158 160 163 165 167 168 170 172 175 177 179 180 182 184
a 2 3 6 8 10 12 14 17 19 21 23 25 28 29 32 34 36 38 41 42 45 47 49 51 54 55 58 60 62 64 66 68 71 73 75 77 79 81 83 84 86 88 91 93 95 96 98 100 102 104 106 109 111 113 115 117 119 120 122 124 127 129 131 132 134 136 139 141 143 144 146 148 151 153 155 156 158 160 163 165 167 168 170 172 175 177 179 180 182 184
a 2 3 6 8 10 12 14 17 19 21 23 25 28 29 32 34 36 38 41 42 45 47 49 51 54 55 58 60 62 64 66 69 71 73 75 77 79 81 83 84 86 88 91 93 95 96 98 100 102 104 106 109 111 113 115 117 119 120 122 124 127 129 131 132 134 136 139 141 143 144 146 148 151 153 155 156 158 160 163 165 167 168 170 172 175 177 179 180 182 184
a 2 3 6 8 10 12 14 17 19 21 23 25 28 29 32 34 36 38 41 42 45 47 49 51 54 55 58 60 62 64 67 69 71 73 75 77 79 81 83 84 86 88 91 93 95 96 98 100 102 104 106 109 111 113 115 117 119 120 122 124 127 129 131 132 134 136 139 141 143 144 146 148 151 153 155 156 158 160 163 165 167 168 170 172 175 177 179 180 182 184
a 2 3 7 8 10 12 14 17 19 21 23 25 28 29 32 34 36 38 41 42 45 47 49 51 54 55 58 60 62 64 67 69 71 73 75 77 79 81 83 84 86 88 91 93 95 96 98 100 102 104 106 109 111 113 115 117 119 120 122 124 127 129 131 132 134 136 139 141 143 144 146 148 151 153 155 156 158 160 163 165 167 168 170 172 175 177 179 180 182 184
a 2 3 7 8 10 12 14 17 19 21 23 25 28 29 32 34 36 38 41 42 45 47 49 51 54 55 58 60 62 64 67 69 71 73 75 76 79 81 83 84 86 88 91 93 95 96 98 100 102 104 106 109 111 113 115 117 119 120 122 124 127 129 131 132 134 136 139 141 143 144 146 148 151 153 155 156 158 160 163 165 167 168 170 172 175 177 179 180 182 184
a 2 3 7 8 10 12 14 17 19 21 23 25 28 29 32 34 36 38 41 42 45 47 49 51 54 55 58 60 62 64 67 69 71 73 74 76 79 81 83 84 86 88 91 93 95 96 98 100 102 104 106 109 111 113 115 117 119 120 122 124 127 129 131 132 134 136 139 141 143 144 146 148 151 153 155 156 158 160 163 165 167 168 170 172 175 177 179 180 182 184
a 2 3 7 8 10 12 14 17 19 21 23 25 28 29 32 34 36 38 41 42 45 47 49 51 54 55 58 60 62 64 67 69 71 72 74 76 79 81 83 84 86 88 91 93 95 96 98 100 102 104 106 109 111 113 115 117 119 120 122 124 127 129 131 132 134 136 139 141 143 144 146 148 151 153 155 156 158 160 163 165 167 168 170 172 175 177 179 180 182 184
a 2 5 7 8 10 12 14 17 19 21 23 25 28 29 32 34 36 38 41 42 45 47 49 51 54 55 58 60 62 64 67 69 71 72 74 76 79 81 83 84 86 88 91 93 95 96 98 100 102 104 106 109 111 113 115 117 119 120 122 124 127 129 131 132 134 136 139 141 143 144 146 148 151 153 155 156 158 160 163 165 167 168 170 172 175 177 179 180 182 184
a 1 5 7 8 10 12 14 17 19 21 23 25 28 29 32 34 36 38 41 42 45 47 49 51 54 55 58 60 62 64 67 69 71 72 74 76 79 81 83 84 86 88 91 93 95 96 98 100 102 104 106 109 111 113 115 117 119 120 122 124 127 129 131 132 134 136 139 141 143 144 146 148 151 153 155 156 158 160 163 165 167 168 170 172 175 177 179 180 182 184
a 1 5 7 8 10 12 14 17 19 21 23 25 28 29 32 34 36 38 41 42 45 47 49 51 54 55 58 60 62 64 67 69 71 72 74 76 79 81 83 84 86 88 91 93 95 96 98 100 102 104 106 109 111 113 115 117 119 120 122 124 127 129 131 132 134 136 139 141 143 144 146 148 151 153 155 157 158 160 163 165 167 168 170 172 175 177 179 180 182 184
a 1 5 7 8 10 12 14 17 19 21 23 25 28 29 32 34 36 38 41 42 45 47 49 51 54 55 58 60 62 64 67 69 71 72 74 76 79 81 83 84 86 88 91 93 95 96 98 100 102 104 106 109 111 113 115 117 119 120 122 124 127 129 131 132 134 136 139 141 143 144 146 148 151 153 155 157 159 160 163 165 167 168 170 172 175 177 179 180 182 184
a 1 5 7 8 10 12 14 17 19 21 23 25 28 29 32 34 36 38 41 42 45 47 49 51 54 55 58 60 62 64 67 69 71 72 74 76 79 81 83 84 86 88 91 93 95 96 98 100 102 104 106 109 111 113 115 117 119 120 122 124 127 129 131 132 134 136 139 141 143 144 146 148 151 153 155 157 159 161 163 165 167 168 170 172 175 177 179 180 182 184
a 1 4 7 8 10 12 14 17 19 21 23 25 28 29 32 34 36 38 41 42 45 47 49 51 54 55 58 60 62 64 67 69 71 72 74 76 79 81 83 84 86 88 91 93 95 96 98 100 102 104 106 109 111 113 115 117 119 120 122 124 127 129 131 132 134 136 139 141 143 144 146 148 151 153 155 157 159 161 163 165 167 168 170 172 175 177 179 180 182 184
a 1 4 6 8 10 12 14 17 19 21 23 25 28 29 32 34 36 38 41 42 45 47 49 51 54 55 58 60 62 64 67 69 71 72 74 76 79 81 83 84 86 88 91 93 95 96 98 100 102 104 106 109 111 113 115 117 119 120 122 124 127 129 131 132 134 136 139 141 143 144 146 148 151 153 155 157 159 161 163 165 167 168 170 172 175 177 179 180 182 184
a 1 4 6 8 10 12 14 17 19 21 23 25 28 29 32 34 36 38 41 42 45 47 49 51 54 55 58 60 62 64 67 69 71 72 74 76 79 81 83 84 86 88 91 93 95 96 98 100 102 104 106 109 111 113 115 117 119 120 122 124 127 129 131 132 134 136 139 141 143 144 146 148 150 153 155 157 159 161 163 165 167 168 170 172 175 177 179 180 182 184
a 1 4 6 8 10 12 14 17 19 21 23 25 28 29 32 34 36 38 41 42 45 47 49 51 54 55 58 60 62 64 67 69 71 72 74 76 79 81 83 84 86 88 91 93 95 96 98 100 102 104 106 109 111 113 115 117 119 120 122 124 127 129 131 132 134 136 139 141 143 144 146 148 150 152 155 157 159 161 163 165 167 168 170 172 175 177 179 180 182 184
a 1 4 6 8 10 12 14 17 19 21 23 25 28 29 32 34 36 38 41 42 45 47 49 51 54 55 58 60 62 64 67 69 71 72 74 76 79 81 83 84 86 88 91 93 95 96 98 100 102 104 106 109 111 113 115 117 119 120 122 124 127 129 131 132 134 136 139 141 143 144 146 148 150 152 154 157 159 161 163 165 167 168 170 172 175 177 179 180 182 184
a 1 4 6 8 10 12 14 17 19 21 23 25 28 29 32 34 36 38 41 42 45 47 49 51 54 55 58 60 62 64 67 69 71 72 74 76 79 81 83 84 86 88 91 93 95 96 98 100 102 104 107 109 111 113 115 117 119 120 122 124 127 129 131 132 134 136 139 141 143 144 146 148 150 152 154 157 159 161 163 165 167 168 170 172 175 177 179 180 182 184
a 1 4 6 8 10 12 14 17 19 21 23 25 28 29 32 34 36 38 41 42 45 47 49 51 54 55 58 60 62 64 67 69 71 72 74 76 79 81 83 84 86 88 91 93 95 96 98 100 102 105 107 109 111 113 115 117 119 120 122 124 127 129 131 132 134 136 139 141 143 144 146 148 150 152 154 157 159 161 163 165 167 168 170 172 175 177 179 180 182 184
a 1 4 6 8 10 12 14 17 19 21 23 25 28 29 32 34 36 38 41 42 45 47 49 51 54 55 58 60 62 64 67 69 71 72 74 76 79 81 83 84 86 88 91 93 95 96 98 100 103 105 107 109 111 113 115 117 119 120 122 124 127 129 131 132 134 136 139 141 143 144 146 148 150 152 154 157 159 161 163 165 167 168 170 172 175 177 179 180 182 184
a 1 4 6 8 10 12 14 17 19 21 23 25 28 29 32 34 36 38 41 42 45 47 49 51 54 55 58 60 62 64 67 69 71 72 74 76 79 81 83 84 86 88 90 93 95 96 98 100 103 105 107 109 111 113 115 117 119 120 122 124 127 129 131 132 134 136 139 141 143 144 146 148 150 152 154 157 159 161 163 165 167 168 170 172 175 177 179 180 182 184
a 1 4 6 8 10 12 14 17 19 21 23 25 28 29 32 34 36 38 41 42 45 47 49 51 54 55 58 60 62 64 67 69 71 72 74 76 79 81 83 84 86 88 90 92 95 96 98 100 103 105 107 109 111 113 115 117 119 120 122 124 127 129 131 132 134 136 139 141 143 144 146 148 150 152 154 157 159 161 163 165 167 168 170 172 175 177 179 180 182 184
a 1 4 6 8 10 12 14 17 19 21 23 25 28 29 32 34 36 38 41 42 45 47 49 51 54 55 58 60 62 64 67 69 71 72 74 76 79 81 83 84 86 88 90 92 94 96 98 100 103 105 107 109 111 113 115 117 119 120 122 124 127 129 131 132 134 136 139 141 143 144 146 148 150 152 154 157 159 161 163 165 167 168 170 172 175 177 179 180 182 184
a 1 4 6 8 10 12 14 17 19 21 23 25 28 29 32 34 36 38 41 42 45 47 49 51 54 55 58 60 62 64 67 69 71 72 74 76 79 81 83 84 86 88 90 92 94 96 98 100 103 105 107 109 111 113 115 117 119 120 122 124 126 129 131 132 134 136 139 141 143 144 146 148 150 152 154 157 159 161 163 165 167 168 170 172 175 177 179 180 182 184
a 1 4 6 8 10 12 14 17 19 21 23 25 28 29 32 34 36 38 41 42 45 47 49 51 54 55 58 60 62 64 67 69 71 72 74 76 79 81 83 84 86 88 90 92 94 96 98 100 103 105 107 109 111 113 115 117 119 120 122 124 126 128 131 132 134 136 139 141 143 144 146 148 150 152 154 157 159 161 163 165 167 168 170 172 175 177 179 180 182 184
a 1 4 6 8 10 12 14 17 19 21 23 25 28 29 32 34 36 38 41 42 45 47 49 51 54 55 58 60 62 64 67 69 71 72 74 76 79 81 83 84 86 88 90 92 94 96 98 100 103 105 107 109 111 113 115 117 119 120 122 124 126 128 130 132 134 136 139 141 143 144 146 148 150 152 154 157 159 161 163 165 167 168 170 172 175 177 179 180 182 184
a 1 4 6 8 10 12 14 17 19 21 23 25 28 29 32 34 36 38 41 42 45 47 49 51 54 55 58 60 62 64 67 69 71 72 74 76 79 81 83 84 86 88 90 92 94 97 98 100 103 105 107 109 111 113 115 117 119 120 122 124 126 128 130 132 134 136 139 141 143 144 146 148 150 152 154 157 159 161 163 165 167 168 170 172 175 177 179 180 182 184
a 1 4 6 8 10 12 14 17 19 21 23 25 28 29 32 34 36 38 41 42 45 47 49 51 54 55 58 60 62 64 67 69 71 72 74 76 79 81 83 84 86 88 90 92 94 97 99 100 103 105 107 109 111 113 115 117 119 120 122 124 126 128 130 132 134 136 139 141 143 144 146 148 150 152 154 157 159 161 163 165 167 168 170 172 175 177 179 180 182 184
a 1 4 6 8 10 12 14 17 19 21 23 25 28 29 32 34 36 38 41 42 45 47 49 51 54 55 58 60 62 64 67 69 71 72 74 76 79 81 83 84 86 88 90 92 94 97 99 101 103 105 107 109 111 113 115 117 119 120 122 124 126 128 130 132 134 136 139 141 143 144 146 148 150 152 154 157 159 161 163 165 167 168 170 172 175 177 179 180 182 184
a 1 4 6 8 10 12 14 17 19 21 23 25 28 29 32 34 36 38 41 42 45 47 49 51 54 55 58 60 62 64 67 69 71 72 74 76 79 81 83 84 86 88 90 92 94 97 99 101 103 105 107 109 111 113 115 117 119 120 122 124 126 128 130 133 134 136 139 141 143 144 146 148 150 152 154 157 159 161 163 165 167 168 170 172 175 177 179 180 182 184
a 1 4 6 8 10 12 14 17 19 21 23 25 28 29 32 34 36 38 41 42 45 47 49 51 54 55 58 60 62 64 67 69 71 72 74 76 79 81 83 84 86 88 90 92 94 97 99 101 103 105 107 109 111 113 115 117 119 120 122 124 126 128 130 133 135 136 139 141 143 144 146 148 150 152 154 157 159 161 163 165 167 168 170 172 175 177 179 180 182 184
a 1 4 6 8 10 12 14 17 19 21 23 25 28 29 32 34 36 38 41 42 45 47 49 51 54 55 58 60 62 64 67 69 71 72 74 76 79 81 83 84 86 88 90 92 94 97 99 101 103 105 107 109 111 113 115 117 119 120 122 124 126 128 130 133 135 137 139 141 143 144 146 148 150 152 154 157 159 161 163 165 167 168 170 172 175 177 179 180 182 184
a 1 4 6 8 10 12 14 17 19 21 23 25 28 29 32 34 36 38 41 42 46 47 49 51 54 55 58 60 62 64 67 69 71 72 74 76 79 81 83 84 86 88 90 92 94 97 99 101 103 105 107 109 111 113 115 117 119 120 122 124 126 128 130 133 135 137 139 141 143 144 146 148 150 152 154 157 159 161 163 165 167 168 170 172 175 177 179 180 182 184
a 1 4 6 8 10 12 14 17 19 21 23 25 28 29 32 34 36 38 41 42 46 47 49 51 54 55 58 60 62 64 67 69 71 72 74 76 79 81 83 84 86 88 90 92 94 97 99 101 103 105 107 109 111 112 115 117 119 120 122 124 126 128 130 133 135 137 139 141 143 144 146 148 150 152 154 157 159 161 163 165 167 168 170 172 175 177 179 180 182 184
a 1 4 6 8 10 12 14 17 19 21 23 25 28 29 32 34 36 38 41 42 46 47 49 51 54 55 58 60 62 64 67 69 71 72 74 76 79 81 83 84 86 88 90 92 94 97 99 101 103 105 107 109 110 112 115 117 119 120 122 124 126 128 130 133 135 137 139 141 143 144 146 148 150 152 154 157 159 161 163 165 167 168 170 172 175 177 179 180 182 184
a 1 4 6 8 10 12 14 17 19 21 23 25 28 29 32 34 36 38 41 42 46 47 49 51 54 55 58 60 62 64 67 69 71 72 74 76 79 81 83 84 86 88 90 92 94 97 99 101 103 105 107 108 110 112 115 117 119 120 122 124 126 128 130 133 135 137 139 141 143 144 146 148 150 152 154 157 159 161 163 165 167 168 170 172 175 177 179 180 182 184
a 1 4 6 8 10 12 14 17 19 21 23 25 28 29 32 34 36 38 41 44 46 47 49 51 54 55 58 60 62 64 67 69 71 72 74 76 79 81 83 84 86 88 90 92 94 97 99 101 103 105 107 108 110 112 115 117 119 120 122 124 126 128 130 133 135 137 139 141 143 144 146 148 150 152 154 157 159 161 163 165 167 168 170 172 175 177 179 180 182 184
a 1 4 6 8 10 12 14 17 19 21 23 25 28 29 32 34 36 38 40 44 46 47 49 51 54 55 58 60 62 64 67 69 71 72 74 76 79 81 83 84 86 88 90 92 94 97 99 101 103 105 107 108 110 112 115 117 119 120 122 124 126 128 130 133 135 137 139 141 143 144 146 148 150 152 154 157 159 161 163 165 167 168 170 172 175 177 179 180 182 184
a 1 4 6 8 10 12 14 17 19 21 23 25 28 29 32 34 36 38 40 43 46 47 49 51 54 55 58 60 62 64 67 69 71 72 74 76 79 81 83 84 86 88 90 92 94 97 99 101 103 105 107 108 110 112 115 117 119 120 122 124 126 128 130 133 135 137 139 141 143 144 146 148 150 152 154 157 159 161 163 165 167 168 170 172 175 177 179 180 182 184
a 1 4 6 8 10 12 14 17 19 21 23 25 28 29 32 34 36 38 40 43 45 47 49 51 54 55 58 60 62 64 67 69 71 72 74 76 79 81 83 84 86 88 90 92 94 97 99 101 103 105 107 108 110 112 115 117 119 120 122 124 126 128 130 133 135 137 139 141 143 144 146 148 150 152 154 157 159 161 163 165 167 168 170 172 175 177 179 180 182 184
a 1 4 6 8 10 12 14 17 19 21 23 25 28 29 32 34 36 38 40 43 45 47 49 51 54 55 58 60 62 64 67 69 71 72 74 76 79 81 83 84 86 88 90 92 94 97 99 101 103 105 107 108 110 112 115 117 119 120 122 124 126 128 130 133 135 137 139 141 143 144 146 148 150 152 155 157 159 161 163 165 167 168 170 172 175 177 179 180 182 184
a 1 4 6 8 10 12 14 17 19 21 23 25 28 29 32 34 36 38 40 43 45 47 49 51 54 55 58 60 62 64 67 69 71 72 74 76 79 81 83 84 86 88 90 92 94 97 99 101 103 105 107 108 110 112 115 117 119 120 122 124 126 128 130 133 135 137 139 141 143 144 146 148 150 153 155 157 159 161 163 165 167 168 170 172 175 177 179 180 182 184
a 1 4 6 8 10 12 14 17 19 21 23 25 28 29 32 34 36 38 40 43 45 47 49 51 54 55 58 60 62 64 67 69 71 72 74 76 79 81 83 84 86 88 90 92 94 97 99 101 103 105 107 108 110 112 115 117 119 120 122 124 126 128 130 133 135 137 139 141 143 144 146 148 151 153 155 157 159 161 163 165 167 168 170 172 175 177 179 180 182 184
a 1 4 7 8 10 12 14 17 19 21 23 25 28 29 32 34 36 38 40 43 45 47 49 51 54 55 58 60 62 64 67 69 71 72 74 76 79 81 83 84 86 88 90 92 94 97 99 101 103 105 107 108 110 112 115 117 119 120 122 124 126 128 130 133 135 137 139 141 143 144 146 148 151 153 155 157 159 161 163 165 167 168 170 172 175 177 179 180 182 184
a 1 4 7 8 10 12 14 17 19 21 23 25 28 29 32 34 36 38 40 43 45 47 49 51 54 55 58 60 62 64 67 69 71 72 74 76 79 81 83 84 86 88 90 92 94 97 99 101 103 105 107 108 110 112 115 117 119 120 122 124 126 128 130 133 135 137 139 141 143 144 146 148 151 153 155 157 159 160 163 165 167 168 170 172 175 177 179 180 182 184
a 1 4 7 8 10 12 14 17 19 21 23 25 28 29 32 34 36 38 40 43 45 47 49 51 54 55 58 60 62 64 67 69 71 72 74 76 79 81 83 84 86 88 90 92 94 97 99 101 103 105 107 108 110 112 115 117 119 120 122 124 126 128 130 133 135 137 139 141 143 144 146 148 151 153 155 157 158 160 163 165 167 168 170 172 175 177 179 180 182 184
a 1 4 7 8 10 12 14 17 19 21 23 25 28 29 32 34 36 38 40 43 45 47 49 51 54 55 58 60 62 64 67 69 71 72 74 76 79 81 83 84 86 88 90 92 94 97 99 101 103 105 107 108 110 112 115 117 119 120 122 124 126 128 130 133 135 137 139 141 143 144 146 148 151 153 155 156 158 160 163 165 167 168 170 172 175 177 179 180 182 184
a 1 5 7 8 10 12 14 17 19 21 23 25 28 29 32 34 36 38 40 43 45 47 49 51 54 55 58 60 62 64 67 69 71 72 74 76 79 81 83 84 86 88 90 92 94 97 99 101 103 105 107 108 110 112 115 117 119 120 122 124 126 128 130 133 135 137 139 141 143 144 146 148 151 153 155 156 158 160 163 165 167 168 170 172 175 177 179 180 182 184
a 2 5 7 8 10 12 14 17 19 21 23 25 28 29 32 34 36 38 40 43 45 47 49 51 54 55 58 60 62 64 67 69 71 72 74 76 79 81 83 84 86 88 90 92 94 97 99 101 103 105 107 108 110 112 115 117 119 120 122 124 126 128 130 133 135 137 139 141 143 144 146 148 151 153 155 156 158 160 163 165 167 168 170 172 175 177 179 180 182 184
a 2 5 7 8 10 12 14 17 19 21 23 25 28 29 32 34 36 38 40 43 45 47 49 51 54 55 58 60 62 64 67 69 71 72 74 76 79 81 83 84 86 88 90 92 94 97 99 101 103 105 107 108 110 112 115 117 119 120 122 124 126 128 131 133 135 137 139 141 143 144 146 148 151 153 155 156 158 160 163 165 167 168 170 172 175 177 179 180 182 184
a 2 5 7 8 10 12 14 17 19 21 23 25 28 29 32 34 36 38 40 43 45 47 49 51 54 55 58 60 62 64 67 69 71 72 74 76 79 81 83 84 86 88 90 92 94 97 99 101 103 105 107 108 110 112 115 117 119 120 122 124 126 129 131 133 135 137 139 141 143 144 146 148 151 153 155 156 158 160 163 165 167 168 170 172 175 177 179 180 182 184
a 2 5 7 8 10 12 14 17 19 21 23 25 28 29 32 34 36 38 40 43 45 47 49 51 54 55 58 60 62 64 67 69 71 72 74 76 79 81 83 84 86 88 90 92 94 97 99 101 103 105 107 108 110 112 115 117 119 120 122 124 127 129 131 133 135 137 139 141 143 144 146 148 151 153 155 156 158 160 163 165 167 168 170 172 175 177 179 180 182 184
a 2 3 7 8 10 12 14 17 19 21 23 25 28 29 32 34 36 38 40 43 45 47 49 51 54 55 58 60 62 64 67 69 71 72 74 76 79 81 83 84 86 88 90 92 94 97 99 101 103 105 107 108 110 112 115 117 119 120 122 124 127 129 131 133 135 137 139 141 143 144 146 148 151 153 155 156 158 160 163 165 167 168 170 172 175 177 179 180 182 184
a 2 3 6 8 10 12 14 17 19 21 23 25 28 29 32 34 36 38 40 43 45 47 49 51 54 55 58 60 62 64 67 69 71 72 74 76 79 81 83 84 86 88 90 92 94 97 99 101 103 105 107 108 110 112 115 117 119 120 122 124 127 129 131 133 135 137 139 141 143 144 146 148 151 153 155 156 158 160 163 165 167 168 170 172 175 177 179 180 182 184
a 2 3 6 8 10 12 14 17 19 21 23 25 28 29 32 34 36 38 40 43 45 47 49 51 54 55 58 60 62 64 66 69 71 72 74 76 79 81 83 84 86 88 90 92 94 97 99 101 103 105 107 108 110 112 115 117 119 120 122 124 127 129 131 133 135 137 139 141 143 144 146 148 151 153 155 156 158 160 163 165 167 168 170 172 175 177 179 180 182 184
a 2 3 6 8 10 12 14 17 19 21 23 25 28 29 32 34 36 38 40 43 45 47 49 51 54 55 58 60 62 64 66 68 71 72 74 76 79 81 83 84 86 88 90 92 94 97 99 101 103 105 107 108 110 112 115 117 119 120 122 124 127 129 131 133 135 137 139 141 143 144 146 148 151 153 155 156 158 160 163 165 167 168 170 172 175 177 179 180 182 184
a 2 3 6 8 10 12 14 17 19 21 23 25 28 29 32 34 36 38 40 43 45 47 49 51 54 55 58 60 62 64 66 68 70 72 74 76 79 81 83 84 86 88 90 92 94 97 99 101 103 105 107 108 110 112 115 117 119 120 122 124 127 129 131 133 135 137 139 141 143 144 146 148 151 153 155 156 158 160 163 165 167 168 170 172 175 177 179 180 182 184
a 2 3 6 8 10 12 14 17 19 21 23 25 28 29 32 34 36 38 40 43 45 47 49 51 54 55 58 60 62 64 66 68 70 73 74 76 79 81 83 84 86 88 90 92 94 97 99 101 103 105 107 108 110 112 115 117 119 120 122 124 127 129 131 133 135 137 139 141 143 144 146 148 151 153 155 156 158 160 163 165 167 168 170 172 175 177 179 180 182 184
a 2 3 6 8 10 12 14 17 19 21 23 25 28 29 32 34 36 38 40 43 45 47 49 51 54 55 58 60 62 64 66 68 70 73 75 76 79 81 83 84 86 88 90 92 94 97 99 101 103 105 107 108 110 112 115 117 119 120 122 124 127 129 131 133 135 137 139 141 143 144 146 148 151 153 155 156 158 160 163 165 167 168 170 172 175 177 179 180 182 184
a 2 3 6 8 10 12 14 17 19 21 23 25 28 29 32 34 36 38 40 43 45 47 49 51 54 55 58 60 62 64 66 68 70 73 75 77 79 81 83 84 86 88 90 92 94 97 99 101 103 105 107 108 110 112 115 117 119 120 122 124 127 129 131 133 135 137 139 141 143 144 146 148 151 153 155 156 158 160 163 165 167 168 170 172 175 177 179 180 182 184
a 2 3 6 8 10 12 14 17 20 21 23 25 28 29 32 34 36 38 40 43 45 47 49 51 54 55 58 60 62 64 66 68 70 73 75 77 79 81 83 84 86 88 90 92 94 97 99 101 103 105 107 108 110 112 115 117 119 120 122 124 127 129 131 133 135 137 139 141 143 144 146 148 151 153 155 156 158 160 163 165 167 168 170 172 175 177 179 180 182 184
a 2 3 6 8 10 12 14 17 20 21 23 25 28 29 32 34 36 38 40 43 45 47 49 51 54 55 58 60 62 64 66 68 70 73 75 77 79 81 83 84 86 88 90 92 94 97 99 101 103 105 107 108 110 112 115 117 119 120 122 124 127 129 131 133 135 136 139 141 143 144 146 148 151 153 155 156 158 160 163 165 167 168 170 172 175 177 179 180 182 184
a 2 3 6 8 10 12 14 17 20 21 23 25 28 29 32 34 36 38 40 43 45 47 49 51 54 55 58 60 62 64 66 68 70 73 75 77 79 81 83 84 86 88 90 92 94 97 99 101 103 105 107 108 110 112 115 117 119 120 122 124 127 129 131 133 134 136 139 141 143 144 146 148 151 153 155 156 158 160 163 165 167 168 170 172 175 177 179 180 182 184
a 2 3 6 8 10 12 14 17 20 21 23 25 28 29 32 34 36 38 40 43 45 47 49 51 54 55 58 60 62 64 66 68 70 73 75 77 79 81 83 84 86 88 90 92 94 97 99 101 103 105 107 108 110 112 115 117 119 120 122 124 127 129 131 132 134 136 139 141 143 144 146 148 151 153 155 156 158 160 163 165 167 168 170 172 175 177 179 180 182 184
a 2 3 6 8 10 12 14 18 20 21 23 25 28 29 32 34 36 38 40 43 45 47 49 51 54 55 58 60 62 64 66 68 70 73 75 77 79 81 83 84 86 88 90 92 94 97 99 101 103 105 107 108 110 112 115 117 119 120 122 124 127 129 131 132 134 136 139 141 143 144 146 148 151 153 155 156 158 160 163 165 167 168 170 172 175 177 179 180 182 184
a 2 3 6 8 10 12 15 18 20 21 23 25 28 29 32 34 36 38 40 43 45 47 49 51 54 55 58 60 62 64 66 68 70 73 75 77 79 81 83 84 86 88 90 92 94 97 99 101 103 105 107 108 110 112 115 117 119 120 122 124 127 129 131 132 134 136 139 141 143 144 146 148 151 153 155 156 158 160 163 165 167 168 170 172 175 177 179 180 182 184
a 2 3 6 8 10 12 15 16 20 21 23 25 28 29 32 34 36 38 40 43 45 47 49 51 54 55 58 60 62 64 66 68 70 73 75 77 79 81 83 84 86 88 90 92 94 97 99 101 103 105 107 108 110 112 115 117 119 120 122 124 127 129 131 132 134 136 139 141 143 144 146 148 151 153 155 156 158 160 163 165 167 168 170 172 175 177 179 180 182 184
a 2 3 6 8 10 12 15 16 19 21 23 25 28 29 32 34 36 38 40 43 45 47 49 51 54 55 58 60 62 64 66 68 70 73 75 77 79 81 83 84 86 88 90 92 94 97 99 101 103 105 107 108 110 112 115 117 119 120 122 124 127 129 131 132 134 136 139 141 143 144 146 148 151 153 155 156 158 160 163 165 167 168 170 172 175 177 179 180 182 184
a 2 3 6 8 10 12 15 16 19 21 23 25 28 29 32 34 36 38 40 43 45 47 49 51 54 55 58 60 62 64 66 68 71 73 75 77 79 81 83 84 86 88 90 92 94 97 99 101 103 105 107 108 110 112 115 117 119 120 122 124 127 129 131 132 134 136 139 141 143 144 146 148 151 153 155 156 158 160 163 165 167 168 170 172 175 177 179 180 182 184
a 2 3 6 8 10 12 15 16 19 21 23 25 28 29 32 34 36 38 40 43 45 47 49 51 54 55 58 60 62 64 66 69 71 73 75 77 79 81 83 84 86 88 90 92 94 97 99 101 103 105 107 108 110 112 115 117 119 120 122 124 127 129 131 132 134 136 139 141 143 144 146 148 151 153 155 156 158 160 163 165 167 168 170 172 175 177 179 180 182 184
a 2 3 6 8 10 12 15 16 19 21 23 25 28 29 32 34 36 38 40 43 45 47 49 51 54 55 58 60 62 64 67 69 71 73 75 77 79 81 83 84 86 88 90 92 94 97 99 101 103 105 107 108 110 112 115 117 119 120 122 124 127 129 131 132 134 136 139 141 143 144 146 148 151 153 155 156 158 160 163 165 167 168 170 172 175 177 179 180 182 184
a 2 3 7 8 10 12 15 16 19 21 23 25 28 29 32 34 36 38 40 43 45 47 49 51 54 55 58 60 62 64 67 69 71 73 75 77 79 81 83 84 86 88 90 92 94 97 99 101 103 105 107 108 110 112 115 117 119 120 122 124 127 129 131 132 134 136 139 141 143 144 146 148 151 153 155 156 158 160 163 165 167 168 170 172 175 177 179 180 182 184
a 2 3 7 8 10 12 15 16 19 21 23 25 28 29 32 34 36 38 40 43 45 47 49 51 54 55 58 60 62 64 67 69 71 73 75 76 79 81 83 84 86 88 90 92 94 97 99 101 103 105 107 108 110 112 115 117 119 120 122 124 127 129 131 132 134 136 139 141 143 144 146 148 151 153 155 156 158 160 163 165 167 168 170 172 175 177 179 180 182 184
a 2 3 7 8 10 12 15 16 19 21 23 25 28 29 32 34 36 38 40 43 45 47 49 51 54 55 58 60 62 64 67 69 71 73 74 76 79 81 83 84 86 88 90 92 94 97 99 101 103 105 107 108 110 112 115 117 119 120 122 124 127 129 131 132 134 136 139 141 143 144 146 148 151 153 155 156 158 160 163 165 167 168 170 172 175 177 179 180 182 184
a 2 3 7 8 10 12 15 16 19 21 23 25 28 29 32 34 36 38 40 43 45 47 49 51 54 55 58 60 62 64 67 69 71 72 74 76 79 81 83 84 86 88 90 92 94 97 99 101 103 105 107 108 110 112 115 117 119 120 122 124 127 129 131 132 134 136 139 141 143 144 146 148 151 153 155 156 158 160 163 165 167 168 170 172 175 177 179 180 182 184
a 2 5 7 8 10 12 15 16 19 21 23 25 28 29 32 34 36 38 40 43 45 47 49 51 54 55 58 60 62 64 67 69 71 72 74 76 79 81 83 84 86 88 90 92 94 97 99 101 103 105 107 108 110 112 115 117 119 120 122 124 127 129 131 132 134 136 139 141 143 144 146 148 151 153 155 156 158 160 163 165 167 168 170 172 175 177 179 180 182 184
a 1 5 7 8 10 12 15 16 19 21 23 25 28 29 32 34 36 38 40 43 45 47 49 51 54 55 58 60 62 64 67 69 71 72 74 76 79 81 83 84 86 88 90 92 94 97 99 101 103 105 107 108 110 112 115 117 119 120 122 124 127 129 131 132 134 136 139 141 143 144 146 148 151 153 155 156 158 160 163 165 167 168 170 172 175 177 179 180 182 184
a 1 4 7 8 10 12 15 16 19 21 23 25 28 29 32 34 36 38 40 43 45 47 49 51 54 55 58 60 62 64 67 69 71 72 74 76 79 81 83 84 86 88 90 92 94 97 99 101 103 105 107 108 110 112 115 117 119 120 122 124 127 129 131 132 134 136 139 141 143 144 146 148 151 153 155 156 158 160 163 165 167 168 170 172 175 177 179 180 182 184
a 1 4 6 8 10 12 15 16 19 21 23 25 28 29 32 34 36 38 40 43 45 47 49 51 54 55 58 60 62 64 67 69 71 72 74 76 79 81 83 84 86 88 90 92 94 97 99 101 103 105 107 108 110 112 115 117 119 120 122 124 127 129 131 132 134 136 139 141 143 144 146 148 151 153 155 156 158 160 163 165 167 168 170 172 175 177 179 180 182 184
a 1 4 6 8 10 12 15 16 19 21 23 25 28 29 32 34 36 38 40 43 45 47 49 51 54 55 58 60 62 64 67 69 71 72 74 76 79 81 83 84 86 88 90 92 94 97 99 101 103 105 107 108 110 112 114 117 119 120 122 124 127 129 131 132 134 136 139 141 143 144 146 148 151 153 155 156 158 160 163 165 167 168 170 172 175 177 179 180 182 184
a 1 4 6 8 10 12 15 16 19 21 23 25 28 29 32 34 36 38 40 43 45 47 49 51 54 55 58 60 62 64 67 69 71 72 74 76 79 81 83 84 86 88 90 92 94 97 99 101 103 105 107 108 110 112 114 116 119 120 122 124 127 129 131 132 134 136 139 141 143 144 146 148 151 153 155 156 158 160 163 165 167 168 170 172 175 177 179 180 182 184
a 1 4 6 8 10 12 15 16 19 21 23 25 28 29 32 34 36 38 40 43 45 47 49 51 54 55 58 60 62 64 67 69 71 72 74 76 79 81 83 84 86 88 90 92 94 97 99 101 103 105 107 108 110 112 114 116 118 120 122 124 127 129 131 132 134 136 139 141 143 144 146 148 151 153 155 156 158 160 163 165 167 168 170 172 175 177 179 180 182 184
a 1 4 6 8 10 12 15 16 19 21 23 25 28 29 32 34 36 38 40 43 45 47 49 51 54 55 58 60 62 64 67 69 71 72 74 76 79 81 83 84 86 88 90 92 94 97 99 101 103 105 107 108 110 112 114 116 118 121 122 124 127 129 131 132 134 136 139 141 143 144 146 148 151 153 155 156 158 160 163 165 167 168 170 172 175 177 179 180 182 184
a 1 4 6 8 10 12 15 16 19 21 23 25 28 29 32 34 36 38 40 43 45 47 49 51 54 55 58 60 62 64 67 69 71 72 74 76 79 81 83 84 86 88 90 92 94 97 99 101 103 105 107 108 110 112 114 116 118 121 123 124 127 129 131 132 134 136 139 141 143 144 146 148 151 153 155 156 158 160 163 165 167 168 170 172 175 177 179 180 182 184
a 1 4 6 8 10 12 15 16 19 21 23 25 28 29 32 34 36 38 40 43 45 47 49 51 54 55 58 60 62 64 67 69 71 72 74 76 79 81 83 84 86 88 90 92 94 97 99 101 103 105 107 108 110 112 114 116 118 121 123 125 127 129 131 132 134 136 139 141 143 144 146 148 151 153 155 156 158 160 163 165 167 168 170 172 175 177 179 180 182 184
a 1 4 6 8 10 12 15 16 19 21 23 25 28 29 32 34 36 38 40 43 45 47 49 51 54 55 58 60 62 64 67 69 71 72 74 76 79 81 83 84 86 88 90 92 95 97 99 101 103 105 107 108 110 112 114 116 118 121 123 125 127 129 131 132 134 136 139 141 143 144 146 148 151 153 155 156 158 160 163 165 167 168 170 172 175 177 179 180 182 184
a 1 4 6 8 10 12 15 16 19 21 23 25 28 29 32 34 36 38 40 43 45 47 49 51 54 55 58 60 62 64 67 69 71 72 74 76 79 81 83 84 86 88 90 93 95 97 99 101 103 105 107 108 110 112 114 116 118 121 123 125 127 129 131 132 134 136 139 141 143 144 146 148 151 153 155 156 158 160 163 165 167 168 170 172 175 177 179 180 182 184
a 1 4 6 8 10 12 15 16 19 21 23 25 28 29 32 34 36 38 40 43 45 47 49 51 54 55 58 60 62 64 67 69 71 72 74 76 79 81 83 84 86 88 91 93 95 97 99 101 103 105 107 108 110 112 114 116 118 121 123 125 127 129 131 132 134 136 139 141 143 144 146 148 151 153 155 156 158 160 163 165 167 168 170 172 175 177 179 180 182 184
a 1 4 6 8 10 12 15 16 19 21 23 25 28 29 32 34 36 38 40 43 45 47 49 51 54 55 58 60 62 64 67 69 71 72 74 76 78 81 83 84 86 88 91 93 95 97 99 101 103 105 107 108 110 112 114 116 118 121 123 125 127 129 131 132 134 136 139 141 143 144 146 148 151 153 155 156 158 160 163 165 167 168 170 172 175 177 179 180 182 184
a 1 4 6 8 10 12 15 16 19 21 23 25 28 29 32 34 36 38 40 43 45 47 49 51 54 55 58 60 62 64 67 69 71 72 74 76 78 80 83 84 86 88 91 93 95 97 99 101 103 105 107 108 110 112 114 116 118 121 123 125 127 129 131 132 134 136 139 141 143 144 146 148 151 153 155 156 158 160 163 165 167 168 170 172 175 177 179 180 182 184
a 1 4 6 8 10 12 15 16 19 21 23 25 28 29 32 34 36 38 40 43 45 47 49 51 54 55 58 60 62 64 67 69 71 72 74 76 78 80 82 84 86 88 91 93 95 97 99 101 103 105 107 108 110 112 114 116 118 121 123 125 127 129 131 132 134 136 139 141 143 144 146 148 151 153 155 156 158 160 163 165 167 168 170 172 175 177 179 180 182 184
a 1 4 6 8 10 12 15 16 19 21 23 25 28 29 32 34 36 38 40 43 45 47 49 51 54 55 58 60 62 64 67 69 71 72 74 76 78 80 82 85 86 88 91 93 95 97 99 101 103 105 107 108 110 112 114 116 118 121 123 125 127 129 131 132 134 136 139 141 143 144 146 148 151 153 155 156 158 160 163 165 167 168 170 172 175 177 179 180 182 184
a 1 4 6 8 10 12 15 16 19 21 23 25 28 29 32 34 36 38 40 43 45 47 49 51 54 55 58 60 62 64 67 69 71 72 74 76 78 80 82 85 87 88 91 93 95 97 99 101 103 105 107 108 110 112 114 116 118 121 123 125 127 129 131 132 134 136 139 141 143 144 146 148 151 153 155 156 158 160 163 165 167 168 170 172 175 177 179 180 182 184
a 1 4 6 8 10 12 15 16 19 21 23 25 28 29 32 34 36 38 40 43 45 47 49 51 54 55 58 60 62 64 67 69 71 72 74 76 78 80 82 85 87 89 91 93 95 97 99 101 103 105 107 108 110 112 114 116 118 121 123 125 127 129 131 132 134 136 139 141 143 144 146 148 151 153 155 156 158 160 163 165 167 168 170 172 175 177 179 180 182 184
a 1 4 6 8 10 12 15 16 19 21 23 25 28 29 33 34 36 38 40 43 45 47 49 51 54 55 58 60 62 64 67 69 71 72 74 76 78 80 82 85 87 89 91 93 95 97 99 101 103 105 107 108 110 112 114 116 118 121 123 125 127 129 131 132 134 136 139 141 143 144 146 148 151 153 155 156 158 160 163 165 167 168 170 172 175 177 179 180 182 184
a 1 4 6 8 10 12 15 16 19 21 23 25 28 29 33 34 36 38 40 43 45 47 49 51 54 55 58 60 62 64 67 69 71 72 74 76 78 80 82 85 87 89 91 93 95 97 99 100 103 105 107 108 110 112 114 116 118 121 123 125 127 129 131 132 134 136 139 141 143 144 146 148 151 153 155 156 158 160 163 165 167 168 170 172 175 177 179 180 182 184
a 1 4 6 8 10 12 15 16 19 21 23 25 28 29 33 34 36 38 40 43 45 47 49 51 54 55 58 60 62 64 67 69 71 72 74 76 78 80 82 85 87 89 91 93 95 97 98 100 103 105 107 108 110 112 114 116 118 121 123 125 127 129 131 132 134 136 139 141 143 144 146 148 151 153 155 156 158 160 163 165 167 168 170 172 175 177 179 180 182 184
a 1 4 6 8 10 12 15 16 19 21 23 25 28 29 33 34 36 38 40 43 45 47 49 51 54 55 58 60 62 64 67 69 71 72 74 76 78 80 82 85 87 89 91 93 95 96 98 100 103 105 107 108 110 112 114 116 118 121 123 125 127 129 131 132 134 136 139 141 143 144 146 148 151 153 155 156 158 160 163 165 167 168 170 172 175 177 179 180 182 184
a 1 4 6 8 10 12 15 16 19 21 23 25 28 31 33 34 36 38 40 43 45 47 49 51 54 55 58 60 62 64 67 69 71 72 74 76 78 80 82 85 87 89 91 93 95 96 98 100 103 105 107 108 110 112 114 116 118 121 123 125 127 129 131 132 134 136 139 141 143 144 146 148 151 153 155 156 158 160 163 165 167 168 170 172 175 177 179 180 182 184
a 1 4 6 8 10 12 15 16 19 21 23 25 27 31 33 34 36 38 40 43 45 47 49 51 54 55 58 60 62 64 67 69 71 72 74 76 78 80 82 85 87 89 91 93 95 96 98 100 103 105 107 108 110 112 114 116 118 121 123 125 127 129 131 132 134 136 139 141 143 144 146 148 151 153 155 156 158 160 163 165 167 168 170 172 175 177 179 180 182 184
a 1 4 6 8 10 12 15 16 19 21 23 25 27 30 33 34 36 38 40 43 45 47 49 51 54 55 58 60 62 64 67 69 71 72 74 76 78 80 82 85 87 89 91 93 95 96 98 100 103 105 107 108 110 112 114 116 118 121 123 125 127 129 131 132 134 136 139 141 143 144 146 148 151 153 155 156 158 160 163 165 167 168 170 172 175 177 179 180 182 184
a 1 4 6 8 10 12 15 16 19 21 23 25 27 30 32 34 36 38 40 43 45 47 49 51 54 55 58 60 62 64 67 69 71 72 74 76 78 80 82 85 87 89 91 93 95 96 98 100 103 105 107 108 110 112 114 116 118 121 123 125 127 129 131 132 134 136 139 141 143 144 146 148 151 153 155 156 158 160 163 165 167 168 170 172 175 177 179 180 182 184
a 1 4 6 8 10 12 15 16 19 21 23 25 27 30 32 34 36 38 40 43 45 47 49 51 54 55 58 60 62 64 67 69 71 72 74 76 78 80 82 85 87 89 91 93 95 96 98 100 103 105 107 108 110 112 114 116 119 121 123 125 127 129 131 132 134 136 139 141 143 144 146 148 151 153 155 156 158 160 163 165 167 168 170 172 175 177 179 180 182 184
a 1 4 6 8 10 12 15 16 19 21 23 25 27 30 32 34 36 38 40 43 45 47 49 51 54 55 58 60 62 64 67 69 71 72 74 76 78 80 82 85 87 89 91 93 95 96 98 100 103 105 107 108 110 112 114 117 119 121 123 125 127 129 131 132 134 136 139 141 143 144 146 148 151 153 155 156 158 160 163 165 167 168 170 172 175 177 179 180 182 184
a 1 4 6 8 10 12 15 16 19 21 23 25 27 30 32 34 36 38 40 43 45 47 49 51 54 55 58 60 62 64 67 69 71 72 74 76 78 80 82 85 87 89 91 93 95 96 98 100 103 105 107 108 110 112 115 117 119 121 123 125 127 129 131 132 134 136 139 141 143 144 146 148 151 153 155 156 158 160 163 165 167 168 170 172 175 177 179 180 182 184
a 1 4 7 8 10 12 15 16 19 21 23 25 27 30 32 34 36 38 40 43 45 47 49 51 54 55 58 60 62 64 67 69 71 72 74 76 78 80 82 85 87 89 91 93 95 96 98 100 103 105 107 108 110 112 115 117 119 121 123 125 127 129 131 132 134 136 139 141 143 144 146 148 151 153 155 156 158 160 163 165 167 168 170 172 175 177 179 180 182 184
a 1 4 7 8 10 12 15 16 19 21 23 25 27 30 32 34 36 38 40 43 45 47 49 51 54 55 58 60 62 64 67 69 71 72 74 76 78 80 82 85 87 89 91 93 95 96 98 100 103 105 107 108 110 112 115 117 119 121 123 124 127 129 131 132 134 136 139 141 143 144 146 148 151 153 155 156 158 160 163 165 167 168 170 172 175 177 179 180 182 184
a 1 4 7 8 10 12 15 16 19 21 23 25 27 30 32 34 36 38 40 43 45 47 49 51 54 55 58 60 62 64 67 69 71 72 74 76 78 80 82 85 87 89 91 93 95 96 98 100 103 105 107 108 110 112 115 117 119 121 122 124 127 129 131 132 134 136 139 141 143 144 146 148 151 153 155 156 158 160 163 165 167 168 170 172 175 177 179 180 182 184
a 1 4 7 8 10 12 15 16 19 21 23 25 27 30 32 34 36 38 40 43 45 47 49 51 54 55 58 60 62 64 67 69 71 72 74 76 78 80 82 85 87 89 91 93 95 96 98 100 103 105 107 108 110 112 115 117 119 120 122 124 127 129 131 132 134 136 139 141 143 144 146 148 151 153 155 156 158 160 163 165 167 168 170 172 175 177 179 180 182 184
a 1 5 7 8 10 12 15 16 19 21 23 25 27 30 32 34 36 38 40 43 45 47 49 51 54 55 58 60 62 64 67 69 71 72 74 76 78 80 82 85 87 89 91 93 95 96 98 100 103 105 107 108 110 112 115 117 119 120 122 124 127 129 131 132 134 136 139 141 143 144 146 148 151 153 155 156 158 160 163 165 167 168 170 172 175 177 179 180 182 184
a 2 5 7 8 10 12 15 16 19 21 23 25 27 30 32 34 36 38 40 43 45 47 49 51 54 55 58 60 62 64 67 69 71 72 74 76 78 80 82 85 87 89 91 93 95 96 98 100 103 105 107 108 110 112 115 117 119 120 122 124 127 129 131 132 134 136 139 141 143 144 146 148 151 153 155 156 158 160 163 165 167 168 170 172 175 177 179 180 182 184
a 2 5 7 8 10 12 15 16 19 21 23 25 27 30 32 34 36 38 40 43 45 47 49 51 54 55 58 60 62 64 67 69 71 72 74 76 78 80 83 85 87 89 91 93 95 96 98 100 103 105 107 108 110 112 115 117 119 120 122 124 127 129 131 132 134 136 139 141 143 144 146 148 151 153 155 156 158 160 163 165 167 168 170 172 175 177 179 180 182 184
a 2 5 7 8 10 12 15 16 19 21 23 25 27 30 32 34 36 38 40 43 45 47 49 51 54 55 58 60 62 64 67 69 71 72 74 76 78 81 83 85 87 89 91 93 95 96 98 100 103 105 107 108 110 112 115 117 119 120 122 124 127 129 131 132 134 136 139 141 143 144 146 148 151 153 155 156 158 160 163 165 167 168 170 172 175 177 179 180 182 184
a 2 5 7 8 10 12 15 16 19 21 23 25 27 30 32 34 36 38 40 43 45 47 49 51 54 55 58 60 62 64 67 69 71 72 74 76 79 81 83 85 87 89 91 93 95 96 98 100 103 105 107 108 110 112 115 117 119 120 122 124 127 129 131 132 134 136 139 141 143 144 146 148 151 153 155 156 158 160 163 165 167 168 170 172 175 177 179 180 182 184
a 2 3 7 8 10 12 15 16 19 21 23 25 27 30 32 34 36 38 40 43 45 47 49 51 54 55 58 60 62 64 67 69 71 72 74 76 79 81 83 85 87 89 91 93 95 96 98 100 103 105 107 108 110 112 115 117 119 120 122 124 127 129 131 132 134 136 139 141 143 144 146 148 151 153 155 156 158 160 163 165 167 168 170 172 175 177 179 180 182 184
a 2 3 6 8 10 12 15 16 19 21 23 25 27 30 32 34 36 38 40 43 45 47 49 51 54 55 58 60 62 64 67 69 71 72 74 76 79 81 83 85 87 89 91 93 95 96 98 100 103 105 107 108 110 112 115 117 119 120 122 124 127 129 131 132 134 136 139 141 143 144 146 148 151 153 155 156 158 160 163 165 167 168 170 172 175 177 179 180 182 184
a 2 3 6 8 10 12 15 16 19 21 23 25 27 30 32 34 36 38 40 43 45 47 49 51 54 55 58 60 62 64 66 69 71 72 74 76 79 81 83 85 87 89 91 93 95 96 98 100 103 105 107 108 110 112 115 117 119 120 122 124 127 129 131 132 134 136 139 141 143 144 146 148 151 153 155 156 158 160 163 165 167 168 170 172 175 177 179 180 182 184
a 2 3 6 8 10 12 15 16 19 21 23 25 27 30 32 34 36 38 40 43 45 47 49 51 54 55 58 60 62 64 66 68 71 72 74 76 79 81 83 85 87 89 91 93 95 96 98 100 103 105 107 108 110 112 115 117 119 120 122 124 127 129 131 132 134 136 139 141 143 144 146 148 151 153 155 156 158 160 163 165 167 168 170 172 175 177 179 180 182 184
a 2 3 6 8 10 12 15 16 19 21 23 25 27 30 32 34 36 38 40 43 45 47 49 51 54 55 58 60 62 64 66 68 70 72 74 76 79 81 83 85 87 89 91 93 95 96 98 100 103 105 107 108 110 112 115 117 119 120 122 124 127 129 131 132 134 136 139 141 143 144 146 148 151 153 155 156 158 160 163 165 167 168 170 172 175 177 179 180 182 184
a 2 3 6 8 10 12 15 16 19 21 23 25 27 30 32 34 36 38 40 43 45 47 49 51 54 55 58 60 62 64 66 68 70 73 74 76 79 81 83 85 87 89 91 93 95 96 98 100 103 105 107 108 110 112 115 117 119 120 122 124 127 129 131 132 134 136 139 141 143 144 146 148 151 153 155 156 158 160 163 165 167 168 170 172 175 177 179 180 182 184
a 2 3 6 8 10 12 15 16 19 21 23 25 27 30 32 34 36 38 40 43 45 47 49 51 54 55 58 60 62 64 66 68 70 73 75 76 79 81 83 85 87 89 91 93 95 96 98 100 103 105 107 108 110 112 115 117 119 120 122 124 127 129 131 132 134 136 139 141 143 144 146 148 151 153 155 156 158 160 163 165 167 168 170 172 175 177 179 180 182 184
a 2 3 6 8 10 12 15 16 19 21 23 25 27 30 32 34 36 38 40 43 45 47 49 51 54 55 58 60 62 64 66 68 70 73 75 77 79 81 83 85 87 89 91 93 95 96 98 100 103 105 107 108 110 112 115 117 119 120 122 124 127 129 131 132 134 136 139 141 143 144 146 148 151 153 155 156 158 160 163 165 167 168 170 172 175 177 179 180 182 184
a 2 3 6 8 10 12 15 16 20 21 23 25 27 30 32 34 36 38 40 43 45 47 49 51 54 55 58 60 62 64 66 68 70 73 75 77 79 81 83 85 87 89 91 93 95 96 98 100 103 105 107 108 110 112 115 117 119 120 122 124 127 129 131 132 134 136 139 141 143 144 146 148 151 153 155 156 158 160 163 165 167 168 170 172 175 177 179 180 182 184
a 2 3 6 8 10 12 15 16 20 21 23 25 27 30 32 34 36 38 40 43 45 47 49 51 54 55 58 60 62 64 66 68 70 73 75 77 79 81 83 85 87 88 91 93 95 96 98 100 103 105 107 108 110 112 115 117 119 120 122 124 127 129 131 132 134 136 139 141 143 144 146 148 151 153 155 156 158 160 163 165 167 168 170 172 175 177 179 180 182 184
a 2 3 6 8 10 12 15 16 20 21 23 25 27 30 32 34 36 38 40 43 45 47 49 51 54 55 58 60 62 64 66 68 70 73 75 77 79 81 83 85 86 88 91 93 95 96 98 100 103 105 107 108 110 112 115 117 119 120 122 124 127 129 131 132 134 136 139 141 143 144 146 148 151 153 155 156 158 160 163 165 167 168 170 172 175 177 179 180 182 184
a 2 3 6 8 10 12 15 16 20 21 23 25 27 30 32 34 36 38 40 43 45 47 49 51 54 55 58 60 62 64 66 68 70 73 75 77 79 81 83 84 86 88 91 93 95 96 98 100 103 105 107 108 110 112 115 117 119 120 122 124 127 129 131 132 134 136 139 141 143 144 146 148 151 153 155 156 158 160 163 165 167 168 170 172 175 177 179 180 182 184
a 2 3 6 8 10 12 15 18 20 21 23 25 27 30 32 34 36 38 40 43 45 47 49 51 54 55 58 60 62 64 66 68 70 73 75 77 79 81 83 84 86 88 91 93 95 96 98 100 103 105 107 108 110 112 115 117 119 120 122 124 127 129 131 132 134 136 139 141 143 144 146 148 151 153 155 156 158 160 163 165 167 168 170 172 175 177 179 180 182 184
a 2 3 6 8 10 12 14 18 20 21 23 25 27 30 32 34 36 38 40 43 45 47 49 51 54 55 58 60 62 64 66 68 70 73 75 77 79 81 83 84 86 88 91 93 95 96 98 100 103 105 107 108 110 112 115 117 119 120 122 124 127 129 131 132 134 136 139 141 143 144 146 148 151 153 155 156 158 160 163 165 167 168 170 172 175 177 179 180 182 184
a 2 3 6 8 10 12 14 17 20 21 23 25 27 30 32 34 36 38 40 43 45 47 49 51 54 55 58 60 62 64 66 68 70 73 75 77 79 81 83 84 86 88 91 93 95 96 98 100 103 105 107 108 110 112 115 117 119 120 122 124 127 129 131 132 134 136 139 141 143 144 146 148 151 153 155 156 158 160 163 165 167 168 170 172 175 177 179 180 182 184
a 2 3 6 8 10 12 14 17 19 21 23 25 27 30 32 34 36 38 40 43 45 47 49 51 54 55 58 60 62 64 66 68 70 73 75 77 79 81 83 84 86 88 91 93 95 96 98 100 103 105 107 108 110 112 115 117 119 120 122 124 127 129 131 132 134 136 139 141 143 144 146 148 151 153 155 156 158 160 163 165 167 168 170 172 175 177 179 180 182 184
a 2 3 6 8 10 12 14 17 19 21 23 25 27 30 32 34 36 38 40 43 45 47 49 51 54 55 58 60 62 64 66 68 71 73 75 77 79 81 83 84 86 88 91 93 95 96 98 100 103 105 107 108 110 112 115 117 119 120 122 124 127 129 131 132 134 136 139 141 143 144 146 148 151 153 155 156 158 160 163 165 167 168 170 172 175 177 179 180 182 184
a 2 3 6 8 10 12 14 17 19 21 23 25 27 30 32 34 36 38 40 43 45 47 49 51 54 55 58 60 62 64 66 69 71 73 75 77 79 81 83 84 86 88 91 93 95 96 98 100 103 105 107 108 110 112 115 117 119 120 122 124 127 129 131 132 134 136 139 141 143 144 146 148 151 153 155 156 158 160 163 165 167 168 170 172 175 177 179 180 182 184
a 2 3 6 8 10 12 14 17 19 21 23 25 27 30 32 34 36 38 40 43 45 47 49 51 54 55 58 60 62 64 67 69 71 73 75 77 79 81 83 84 86 88 91 93 95 96 98 100 103 105 107 108 110 112 115 117 119 120 122 124 127 129 131 132 134 136 139 141 143 144 146 148 151 153 155 156 158 160 163 165 167 168 170 172 175 177 179 180 182 184
a 2 3 7 8 10 12 14 17 19 21 23 25 27 30 32 34 36 38 40 43 45 47 49 51 54 55 58 60 62 64 67 69 71 73 75 77 79 81 83 84 86 88 91 93 95 96 98 100 103 105 107 108 110 112 115 117 119 120 122 124 127 129 131 132 134 136 139 141 143 144 146 148 151 153 155 156 158 160 163 165 167 168 170 172 175 177 179 180 182 184
a 2 3 7 8 10 12 14 17 19 21 23 25 27 30 32 34 36 38 40 43 45 47 49 51 54 55 58 60 62 64 67 69 71 73 75 76 79 81 83 84 86 88 91 93 95 96 98 100 103 105 107 108 110 112 115 117 119 120 122 124 127 129 131 132 134 136 139 141 143 144 146 148 151 153 155 156 158 160 163 165 167 168 170 172 175 177 179 180 182 184
a 2 3 7 8 10 12 14 17 19 21 23 25 27 30 32 34 36 38 40 43 45 47 49 51 54 55 58 60 62 64 67 69 71 73 74 76 79 81 83 84 86 88 91 93 95 96 98 100 103 105 107 108 110 112 115 117 119 120 122 124 127 129 131 132 134 136 139 141 143 144 146 148 151 153 155 156 158 160 163 165 167 168 170 172 175 177 179 180 182 184
a 2 3 7 8 10 12 14 17 19 21 23 25 27 30 32 34 36 38 40 43 45 47 49 51 54 55 58 60 62 64 67 69 71 72 74 76 79 81 83 84 86 88 91 93 95 96 98 100 103 105 107 108 110 112 115 117 119 120 122 124 127 129 131 132 134 136 139 141 143 144 146 148 151 153 155 156 158 160 163 165 167 168 170 172 175 177 179 180 182 184
a 2 5 7 8 10 12 14 17 19 21 23 25 27 30 32 34 36 38 40 43 45 47 49 51 54 55 58 60 62 64 67 69 71 72 74 76 79 81 83 84 86 88 91 93 95 96 98 100 103 105 107 108 110 112 115 117 119 120 122 124 127 129 131 132 134 136 139 141 143 144 146 148 151 153 155 156 158 160 163 165 167 168 170 172 175 177 179 180 182 184
a 1 5 7 8 10 12 14 17 19 21 23 25 27 30 32 34 36 38 40 43 45 47 49 51 54 55 58 60 62 64 67 69 71 72 74 76 79 81 83 84 86 88 91 93 95 96 98 100 103 105 107 108 110 112 115 117 119 120 122 124 127 129 131 132 134 136 139 141 143 144 146 148 151 153 155 156 158 160 163 165 167 168 170 172 175 177 179 180 182 184
a 1 4 7 8 10 12 14 17 19 21 23 25 27 30 32 34 36 38 40 43 45 47 49 51 54 55 58 60 62 64 67 69 71 72 74 76 79 81 83 84 86 88 91 93 95 96 98 100 103 105 107 108 110 112 115 117 119 120 122 124 127 129 131 132 134 136 139 141 143 144 146 148 151 153 155 156 158 160 163 165 167 168 170 172 175 177 179 180 182 184
a 1 4 6 8 10 12 14 17 19 21 23 25 27 30 32 34 36 38 40 43 45 47 49 51 54 55 58 60 62 64 67 69 71 72 74 76 79 81 83 84 86 88 91 93 95 96 98 100 103 105 107 108 110 112 115 117 119 120 122 124 127 129 131 132 134 136 139 141 143 144 146 148 151 153 155 156 158 160 163 165 167 168 170 172 175 177 179 180 182 184
Reconfiguration time = 15.068764
	Command being timed: "timeout 0.5h ../ddreconf/ddreconf ../instances_pwwt_col/LGC_exp_instance005.pwwt.col --st --stfile=../benchmark_instances/2023result/docs/solver/benchmark/exp_instance/LGC_exp_instance005_01.dat --tj --indset"
	User time (seconds): 14.97
	System time (seconds): 0.15
	Percent of CPU this job got: 99%
	Elapsed (wall clock) time (h:mm:ss or m:ss): 0:15.16
	Average shared text size (kbytes): 0
	Average unshared data size (kbytes): 0
	Average stack size (kbytes): 0
	Average total size (kbytes): 0
	Maximum resident set size (kbytes): 272140
	Average resident set size (kbytes): 0
	Major (requiring I/O) page faults: 0
	Minor (reclaiming a frame) page faults: 15886
	Voluntary context switches: 3
	Involuntary context switches: 17
	Swaps: 0
	File system inputs: 0
	File system outputs: 352
	Socket messages sent: 0
	Socket messages received: 0
	Signals delivered: 0
	Page size (bytes): 4096
	Exit status: 0
