Input graph file parsed. # of vertices = 258, # of edges = 300
s 1 4 6 8 10 12 14 17 19 21 23 25 27 30 32 34 36 38 40 43 45 47 49 51 53 56 58 60 62 64 66 69 71 73 75 77 80 82 84 85 87 89 92 94 96 97 99 101 104 106 108 109 111 113 116 118 120 121 123 125 128 130 132 133 135 137 140 142 144 145 147 149 152 154 156 157 159 161 164 166 168 169 171 173 176 178 180 181 183 185 188 190 192 193 195 197 200 202 204 205 207 209 212 214 216 217 219 221 224 226 228 229 231 233 236 238 240 241 243 245 248 250 252 253 255 257
t 1 4 6 8 10 12 14 17 19 21 23 25 27 30 32 34 36 38 40 43 45 47 49 51 53 56 58 60 62 64 67 68 71 73 75 77 80 82 84 85 87 89 92 94 96 97 99 101 104 106 108 109 111 113 116 118 120 121 123 125 128 130 132 133 135 137 140 142 144 145 147 149 152 154 156 157 159 161 164 166 168 169 171 173 176 178 180 181 183 185 188 190 192 193 195 197 200 202 204 205 207 209 212 214 216 217 219 221 224 226 228 229 231 233 236 238 240 241 243 245 248 250 252 253 255 257
Solution space ZDD construction start
Solution space ZDD construction end
Solution space ZDD construction time = 14.550664
Solution space ZDD size = 1489525
# of elements in the solution space = 559559103355495408560789450412405323930946227170249700
Start searching a reconfiguration sequence from s to t
Step 1 time = 0.000611, # ZDD nodes = 272, # elems = 26
Step 2 time = 0.001730, # ZDD nodes = 527, # elems = 347
Step 3 time = 0.003917, # ZDD nodes = 826, # elems = 3178
Step 4 time = 0.006418, # ZDD nodes = 1298, # elems = 22470
Step 5 time = 0.010704, # ZDD nodes = 1791, # elems = 130675
Step 6 time = 0.013281, # ZDD nodes = 2262, # elems = 650047
Step 7 time = 0.015580, # ZDD nodes = 2788, # elems = 2840128
Step 8 time = 0.019080, # ZDD nodes = 3289, # elems = 11106569
Step 9 time = 0.020461, # ZDD nodes = 3792, # elems = 39427301
Step 10 time = 0.030559, # ZDD nodes = 4276, # elems = 128443864
Step 11 time = 0.021960, # ZDD nodes = 4745, # elems = 387316531
Step 12 time = 0.022259, # ZDD nodes = 5231, # elems = 1088611328
Step 13 time = 0.022927, # ZDD nodes = 5779, # elems = 2868216163
Step 14 time = 0.024831, # ZDD nodes = 6406, # elems = 7117809913
Step 15 time = 0.026829, # ZDD nodes = 7163, # elems = 16703759177
Step 16 time = 0.030260, # ZDD nodes = 7992, # elems = 37195755773
Step 17 time = 0.033829, # ZDD nodes = 8797, # elems = 78822675555
Step 18 time = 0.034638, # ZDD nodes = 9628, # elems = 159360846087
Step 19 time = 0.041498, # ZDD nodes = 10485, # elems = 308059527015
Step 20 time = 0.039279, # ZDD nodes = 11348, # elems = 570477907823
Step 21 time = 0.044510, # ZDD nodes = 12196, # elems = 1013723983651
Step 22 time = 0.039989, # ZDD nodes = 13014, # elems = 1731069292388
Step 23 time = 0.040205, # ZDD nodes = 13793, # elems = 2844354274553
Step 24 time = 0.045169, # ZDD nodes = 14538, # elems = 4502164981476
Step 25 time = 0.039506, # ZDD nodes = 15220, # elems = 6871680692711
Step 26 time = 0.054341, # ZDD nodes = 15915, # elems = 10122594827050
Step 27 time = 0.052033, # ZDD nodes = 16620, # elems = 14402743715766
Step 28 time = 0.044494, # ZDD nodes = 17341, # elems = 19806999566008
Step 29 time = 0.067653, # ZDD nodes = 17955, # elems = 26343299410446
Step 30 time = 0.052290, # ZDD nodes = 18578, # elems = 33901839850223
Step 31 time = 0.059953, # ZDD nodes = 19165, # elems = 42234762785547
Step 32 time = 0.044981, # ZDD nodes = 19716, # elems = 50953427930274
Step 33 time = 0.052583, # ZDD nodes = 20210, # elems = 59548239104627
Step 34 time = 0.041113, # ZDD nodes = 20646, # elems = 67432084529301
Step 35 time = 0.044916, # ZDD nodes = 21017, # elems = 74003464841519
Step 36 time = 0.045445, # ZDD nodes = 21334, # elems = 78720482816110
Step 37 time = 0.048615, # ZDD nodes = 21593, # elems = 81173395073947
Step 38 time = 0.037439, # ZDD nodes = 21803, # elems = 81142485976917
Step 39 time = 0.036496, # ZDD nodes = 21966, # elems = 78630113503931
Step 40 time = 0.036725, # ZDD nodes = 22105, # elems = 73860567121600
Step 41 time = 0.041658, # ZDD nodes = 22229, # elems = 67247759324875
Step 42 time = 0.036068, # ZDD nodes = 22411, # elems = 59337161092320
Step 43 time = 0.039425, # ZDD nodes = 22703, # elems = 50733195307525
Step 44 time = 0.049588, # ZDD nodes = 23036, # elems = 42025394487839
Step 45 time = 0.043368, # ZDD nodes = 23441, # elems = 33725662506372
Step 46 time = 0.048614, # ZDD nodes = 23833, # elems = 26225442134371
Step 47 time = 0.048626, # ZDD nodes = 24240, # elems = 19776597524600
Step 48 time = 0.052398, # ZDD nodes = 24660, # elems = 14494738432379
Step 49 time = 0.052228, # ZDD nodes = 24993, # elems = 10379743709212
Step 50 time = 0.062305, # ZDD nodes = 25263, # elems = 7346118527377
Step 51 time = 0.051188, # ZDD nodes = 25448, # elems = 5255685510543
Step 52 time = 0.051018, # ZDD nodes = 25418, # elems = 3946587485580
Step 53 time = 0.045824, # ZDD nodes = 25393, # elems = 3254976378197
Step 54 time = 0.044011, # ZDD nodes = 25343, # elems = 3028317867391
Step 55 time = 0.041911, # ZDD nodes = 25173, # elems = 3131333066239
Step 56 time = 0.041391, # ZDD nodes = 25037, # elems = 3446863560858
Step 57 time = 0.045985, # ZDD nodes = 24827, # elems = 3874302835192
Step 58 time = 0.052377, # ZDD nodes = 24576, # elems = 4327833763189
Step 59 time = 0.078260, # ZDD nodes = 24319, # elems = 4735836782386
Step 60 time = 0.073963, # ZDD nodes = 24099, # elems = 5041818145669
Step 61 time = 0.037865, # ZDD nodes = 23786, # elems = 5206345153717
Step 62 time = 0.035635, # ZDD nodes = 23468, # elems = 5208963174711
Step 63 time = 0.045190, # ZDD nodes = 23070, # elems = 5048982762776
Step 64 time = 0.056420, # ZDD nodes = 22595, # elems = 4744319075736
Step 65 time = 0.034521, # ZDD nodes = 22218, # elems = 4328102775352
Step 66 time = 0.032884, # ZDD nodes = 21894, # elems = 3843379513992
Step 67 time = 0.028337, # ZDD nodes = 21597, # elems = 3336700758337
Step 68 time = 0.033583, # ZDD nodes = 21292, # elems = 2851663380442
Step 69 time = 0.038897, # ZDD nodes = 20922, # elems = 2423439684451
Step 70 time = 0.027843, # ZDD nodes = 20556, # elems = 2075091350536
Step 71 time = 0.030477, # ZDD nodes = 20348, # elems = 1816071375667
Step 72 time = 0.030794, # ZDD nodes = 20091, # elems = 1642896414859
Step 73 time = 0.029993, # ZDD nodes = 19939, # elems = 1541611817741
Step 74 time = 0.025929, # ZDD nodes = 19771, # elems = 1491431944918
Step 75 time = 0.025142, # ZDD nodes = 19606, # elems = 1468838997909
Step 76 time = 0.030059, # ZDD nodes = 19438, # elems = 1451453976429
Step 77 time = 0.027837, # ZDD nodes = 19335, # elems = 1421125142141
Step 78 time = 0.028063, # ZDD nodes = 19383, # elems = 1365877189922
Step 79 time = 0.028693, # ZDD nodes = 19454, # elems = 1280591615214
Step 80 time = 0.027244, # ZDD nodes = 19422, # elems = 1166509672075
Step 81 time = 0.026355, # ZDD nodes = 19384, # elems = 1029830355476
Step 82 time = 0.040708, # ZDD nodes = 19387, # elems = 879789607028
Step 83 time = 0.026277, # ZDD nodes = 19397, # elems = 726637766867
Step 84 time = 0.027221, # ZDD nodes = 19575, # elems = 579881216513
Step 85 time = 0.028011, # ZDD nodes = 19614, # elems = 447039977075
Step 86 time = 0.028822, # ZDD nodes = 19598, # elems = 333027749575
Step 87 time = 0.030185, # ZDD nodes = 19571, # elems = 240120627585
Step 88 time = 0.031206, # ZDD nodes = 19459, # elems = 168375431077
Step 89 time = 0.032070, # ZDD nodes = 19250, # elems = 116304575217
Step 90 time = 0.821490, # ZDD nodes = 18977, # elems = 81612025675
Step 91 time = 0.031694, # ZDD nodes = 18670, # elems = 61832131056
Step 92 time = 0.030389, # ZDD nodes = 18364, # elems = 54772106858
Step 93 time = 0.034563, # ZDD nodes = 18157, # elems = 58722935103
Step 94 time = 0.028579, # ZDD nodes = 17898, # elems = 72461221041
Step 95 time = 0.032713, # ZDD nodes = 17621, # elems = 95111201458
Step 96 time = 0.027132, # ZDD nodes = 17265, # elems = 125970831183
Step 97 time = 0.032263, # ZDD nodes = 16850, # elems = 164428579615
Step 98 time = 0.026033, # ZDD nodes = 16474, # elems = 210106031004
Step 99 time = 0.024968, # ZDD nodes = 16055, # elems = 263350240625
Step 100 time = 0.026502, # ZDD nodes = 15567, # elems = 326161481376
Step 101 time = 0.022994, # ZDD nodes = 15130, # elems = 403569200427
Step 102 time = 0.025259, # ZDD nodes = 14771, # elems = 505358107856
Step 103 time = 0.029050, # ZDD nodes = 14416, # elems = 647901696127
Step 104 time = 0.021104, # ZDD nodes = 14123, # elems = 855698999807
Step 105 time = 0.025514, # ZDD nodes = 13901, # elems = 1162065152765
Step 106 time = 0.025792, # ZDD nodes = 13624, # elems = 1608347035028
Step 107 time = 0.021035, # ZDD nodes = 13400, # elems = 2241081990817
Step 108 time = 0.023610, # ZDD nodes = 13250, # elems = 3106744502108
Step 109 time = 0.027230, # ZDD nodes = 13205, # elems = 4244156780375
Step 110 time = 0.039054, # ZDD nodes = 13389, # elems = 5675241371673
Step 111 time = 0.026632, # ZDD nodes = 13656, # elems = 7395459685426
Step 112 time = 0.038586, # ZDD nodes = 14057, # elems = 9365834034459
Step 113 time = 0.030518, # ZDD nodes = 14414, # elems = 11508685058170
Step 114 time = 0.031565, # ZDD nodes = 14851, # elems = 13708957314988
Step 115 time = 0.042255, # ZDD nodes = 15291, # elems = 15822186991247
Step 116 time = 0.033470, # ZDD nodes = 15683, # elems = 17688883545792
Step 117 time = 0.033897, # ZDD nodes = 16027, # elems = 19153618642154
Step 118 time = 0.033142, # ZDD nodes = 16397, # elems = 20085823463023
Step 119 time = 0.043847, # ZDD nodes = 16822, # elems = 20398578967154
Step 120 time = 0.045475, # ZDD nodes = 17346, # elems = 20061810012169
Step 121 time = 0.045182, # ZDD nodes = 17845, # elems = 19107305187059
Step 122 time = 0.035779, # ZDD nodes = 18311, # elems = 17624660798560
Step 123 time = 0.035307, # ZDD nodes = 18726, # elems = 15749162454004
Step 124 time = 0.034304, # ZDD nodes = 19083, # elems = 13644261047959
Step 125 time = 0.033163, # ZDD nodes = 19365, # elems = 11482235912199
Step 126 time = 0.031898, # ZDD nodes = 19571, # elems = 9426638823453
Step 127 time = 0.030755, # ZDD nodes = 19788, # elems = 7619224521118
Step 128 time = 0.030955, # ZDD nodes = 20086, # elems = 6172593625346
Step 129 time = 0.032854, # ZDD nodes = 20490, # elems = 5168152441664
Step 130 time = 0.036561, # ZDD nodes = 21000, # elems = 4657695698451
Step 131 time = 0.060948, # ZDD nodes = 21444, # elems = 4666288632827
Step 132 time = 0.036653, # ZDD nodes = 21922, # elems = 5194300574765
Step 133 time = 0.048279, # ZDD nodes = 22484, # elems = 6217323256292
Step 134 time = 0.054533, # ZDD nodes = 23080, # elems = 7683993941377
Step 135 time = 0.044959, # ZDD nodes = 23739, # elems = 9513024243138
Step 136 time = 0.061614, # ZDD nodes = 24473, # elems = 11591599976227
Step 137 time = 0.054792, # ZDD nodes = 25363, # elems = 13777470819604
Step 138 time = 0.062901, # ZDD nodes = 26292, # elems = 15906397799321
Step 139 time = 0.063602, # ZDD nodes = 27153, # elems = 17805315412317
Step 140 time = 0.073826, # ZDD nodes = 27912, # elems = 19309944664148
Step 141 time = 0.063378, # ZDD nodes = 28526, # elems = 20284129010603
Step 142 time = 0.070413, # ZDD nodes = 28988, # elems = 20637302981612
Step 143 time = 0.076529, # ZDD nodes = 29417, # elems = 20336531663094
Step 144 time = 0.063850, # ZDD nodes = 29818, # elems = 19410513910103
Step 145 time = 0.062614, # ZDD nodes = 30138, # elems = 17944587462320
Step 146 time = 0.052657, # ZDD nodes = 30370, # elems = 16067671744741
Step 147 time = 0.061243, # ZDD nodes = 30459, # elems = 13933728383695
Step 148 time = 0.065096, # ZDD nodes = 30466, # elems = 11701292855931
Step 149 time = 0.048279, # ZDD nodes = 30372, # elems = 9514726042210
Step 150 time = 0.046371, # ZDD nodes = 30104, # elems = 7490102999665
Step 151 time = 0.043788, # ZDD nodes = 29694, # elems = 5707369690204
Step 152 time = 0.043137, # ZDD nodes = 29187, # elems = 4208944885833
Step 153 time = 0.037022, # ZDD nodes = 28535, # elems = 3003700570087
Step 154 time = 0.033491, # ZDD nodes = 27848, # elems = 2074478359098
Step 155 time = 0.031988, # ZDD nodes = 27142, # elems = 1387079441396
Step 156 time = 0.028399, # ZDD nodes = 26322, # elems = 898927202456
Step 157 time = 0.026484, # ZDD nodes = 25514, # elems = 566165342229
Step 158 time = 0.025143, # ZDD nodes = 24698, # elems = 348609580565
Step 159 time = 0.024523, # ZDD nodes = 23776, # elems = 212542533605
Step 160 time = 0.022538, # ZDD nodes = 22771, # elems = 131726088703
Step 161 time = 0.031961, # ZDD nodes = 21723, # elems = 87178731302
Step 162 time = 0.021133, # ZDD nodes = 20679, # elems = 66261325824
Step 163 time = 0.023143, # ZDD nodes = 19826, # elems = 61498490351
Step 164 time = 0.021592, # ZDD nodes = 19013, # elems = 69401559952
Step 165 time = 0.021715, # ZDD nodes = 18222, # elems = 89406362221
Step 166 time = 0.031388, # ZDD nodes = 17518, # elems = 122927012120
Step 167 time = 0.020702, # ZDD nodes = 16943, # elems = 172468985041
Step 168 time = 0.022891, # ZDD nodes = 16352, # elems = 240740068319
Step 169 time = 0.025085, # ZDD nodes = 15875, # elems = 329736066162
Step 170 time = 0.031424, # ZDD nodes = 15414, # elems = 439842122647
Step 171 time = 0.020764, # ZDD nodes = 15005, # elems = 569057975299
Step 172 time = 0.052816, # ZDD nodes = 14744, # elems = 712501897970
Step 173 time = 0.032806, # ZDD nodes = 14427, # elems = 862351982597
Step 174 time = 0.022464, # ZDD nodes = 14189, # elems = 1008332937832
Step 175 time = 0.022978, # ZDD nodes = 14005, # elems = 1138755819774
Step 176 time = 0.044144, # ZDD nodes = 13795, # elems = 1241989154356
Step 177 time = 0.023677, # ZDD nodes = 13841, # elems = 1308118698481
Step 178 time = 0.028958, # ZDD nodes = 13942, # elems = 1330478999008
Step 179 time = 0.045398, # ZDD nodes = 14084, # elems = 1306742269884
Step 180 time = 0.047035, # ZDD nodes = 14400, # elems = 1239336630553
Step 181 time = 0.028493, # ZDD nodes = 14707, # elems = 1135117799098
Step 182 time = 0.030390, # ZDD nodes = 15135, # elems = 1004395425275
Step 183 time = 0.032775, # ZDD nodes = 15580, # elems = 859567463418
Step 184 time = 0.044906, # ZDD nodes = 15999, # elems = 713699763373
Step 185 time = 0.044313, # ZDD nodes = 16392, # elems = 579379554931
Step 186 time = 0.033599, # ZDD nodes = 16797, # elems = 468073012540
Step 187 time = 0.031438, # ZDD nodes = 17095, # elems = 390055127397
Step 188 time = 0.029326, # ZDD nodes = 17307, # elems = 354797025327
Step 189 time = 0.027767, # ZDD nodes = 17486, # elems = 371538695449
Step 190 time = 0.026476, # ZDD nodes = 17656, # elems = 449685247490
Step 191 time = 0.026930, # ZDD nodes = 17906, # elems = 598670307277
Step 192 time = 0.029043, # ZDD nodes = 18147, # elems = 827040322548
Step 193 time = 0.029965, # ZDD nodes = 18407, # elems = 1140715496161
Step 194 time = 0.034621, # ZDD nodes = 18601, # elems = 1540640096670
Step 195 time = 0.028959, # ZDD nodes = 18789, # elems = 2020288778974
Step 196 time = 0.049816, # ZDD nodes = 18875, # elems = 2563675286594
Step 197 time = 0.037539, # ZDD nodes = 18945, # elems = 3144548298792
Step 198 time = 0.027379, # ZDD nodes = 18920, # elems = 3727314658764
Step 199 time = 0.037347, # ZDD nodes = 18892, # elems = 4269907202702
Step 200 time = 0.031030, # ZDD nodes = 18867, # elems = 4728373108045
Step 201 time = 0.041704, # ZDD nodes = 18830, # elems = 5062506871861
Step 202 time = 0.026774, # ZDD nodes = 18810, # elems = 5241517599489
Step 203 time = 0.027609, # ZDD nodes = 18892, # elems = 5248611449913
Step 204 time = 0.028740, # ZDD nodes = 18980, # elems = 5083537023232
Step 205 time = 0.028567, # ZDD nodes = 19004, # elems = 4762554491750
Step 206 time = 0.028591, # ZDD nodes = 19087, # elems = 4315843577134
Step 207 time = 0.039379, # ZDD nodes = 19159, # elems = 3782912525044
Step 208 time = 0.029956, # ZDD nodes = 19233, # elems = 3206964913105
Step 209 time = 0.031150, # ZDD nodes = 19230, # elems = 2629327422596
Step 210 time = 0.032455, # ZDD nodes = 19312, # elems = 2084920154349
Step 211 time = 0.039155, # ZDD nodes = 19437, # elems = 1599418979341
Step 212 time = 0.035435, # ZDD nodes = 19625, # elems = 1188325639059
Step 213 time = 0.036195, # ZDD nodes = 19851, # elems = 857747089179
Step 214 time = 0.036326, # ZDD nodes = 19989, # elems = 606386951085
Step 215 time = 0.035982, # ZDD nodes = 20032, # elems = 428116692962
Step 216 time = 0.046037, # ZDD nodes = 19997, # elems = 314518865065
Step 217 time = 0.040251, # ZDD nodes = 19904, # elems = 256938730836
Step 218 time = 0.049519, # ZDD nodes = 19768, # elems = 247788296352
Step 219 time = 0.043885, # ZDD nodes = 19686, # elems = 281067446934
Step 220 time = 0.032203, # ZDD nodes = 19519, # elems = 352266186185
Step 221 time = 0.041615, # ZDD nodes = 19309, # elems = 457971832997
Step 222 time = 0.030272, # ZDD nodes = 19061, # elems = 595616643236
Step 223 time = 0.034229, # ZDD nodes = 18723, # elems = 763855682426
Step 224 time = 0.027945, # ZDD nodes = 18323, # elems = 964046332620
Step 225 time = 0.026722, # ZDD nodes = 17852, # elems = 1203186953432
Step 226 time = 0.040908, # ZDD nodes = 17325, # elems = 1498439030283
Step 227 time = 0.024583, # ZDD nodes = 16732, # elems = 1882990485767
Step 228 time = 0.023339, # ZDD nodes = 16209, # elems = 2412528004027
Step 229 time = 0.022174, # ZDD nodes = 15689, # elems = 3171023955226
Step 230 time = 0.020940, # ZDD nodes = 15166, # elems = 4274012876448
Step 231 time = 0.029876, # ZDD nodes = 14701, # elems = 5867193145274
Step 232 time = 0.019536, # ZDD nodes = 14307, # elems = 8118238550530
Step 233 time = 0.019570, # ZDD nodes = 13875, # elems = 11200329855788
Step 234 time = 0.024054, # ZDD nodes = 13413, # elems = 15267223226120
Step 235 time = 0.018500, # ZDD nodes = 13008, # elems = 20421598263899
Step 236 time = 0.028585, # ZDD nodes = 12649, # elems = 26680680994421
Step 237 time = 0.017792, # ZDD nodes = 12497, # elems = 33945192807856
Step 238 time = 0.018756, # ZDD nodes = 12480, # elems = 41978870465241
Step 239 time = 0.020803, # ZDD nodes = 12726, # elems = 50405510885855
Step 240 time = 0.024667, # ZDD nodes = 13187, # elems = 58728365400834
Step 241 time = 0.029816, # ZDD nodes = 13916, # elems = 66372862772947
Step 242 time = 0.039651, # ZDD nodes = 14764, # elems = 72748755487737
Step 243 time = 0.056340, # ZDD nodes = 15667, # elems = 77322991950274
Step 244 time = 0.058604, # ZDD nodes = 16531, # elems = 79691222143212
Step 245 time = 0.049607, # ZDD nodes = 17505, # elems = 79634928158595
Step 246 time = 0.066038, # ZDD nodes = 18566, # elems = 77153222305897
Step 247 time = 0.061451, # ZDD nodes = 19768, # elems = 72463058565520
Step 248 time = 0.065954, # ZDD nodes = 21053, # elems = 65967881063491
Step 249 time = 0.083473, # ZDD nodes = 22387, # elems = 58201045639038
Step 250 time = 0.110626, # ZDD nodes = 23768, # elems = 49755151118575
Step 251 time = 0.094813, # ZDD nodes = 25136, # elems = 41210611828342
Step 252 time = 0.100584, # ZDD nodes = 26430, # elems = 33076050694042
Step 253 time = 0.104728, # ZDD nodes = 27581, # elems = 25749845656724
Step 254 time = 0.093617, # ZDD nodes = 28566, # elems = 19507451076132
Step 255 time = 0.103081, # ZDD nodes = 29390, # elems = 14514166349395
Step 256 time = 0.090190, # ZDD nodes = 30087, # elems = 10858861362382
Step 257 time = 0.086741, # ZDD nodes = 30794, # elems = 8601348593657
Step 258 time = 0.096958, # ZDD nodes = 31458, # elems = 7824647212673
Step 259 time = 0.085548, # ZDD nodes = 32042, # elems = 8682983266871
Step 260 time = 0.086241, # ZDD nodes = 32540, # elems = 11436604596230
Step 261 time = 0.090060, # ZDD nodes = 32876, # elems = 16465165299903
Step 262 time = 0.082650, # ZDD nodes = 33218, # elems = 24252729110613
Step 263 time = 0.083053, # ZDD nodes = 33591, # elems = 35339845785143
Step 264 time = 0.086855, # ZDD nodes = 34008, # elems = 50242207015081
Step 265 time = 0.090182, # ZDD nodes = 34499, # elems = 69341276830192
Step 266 time = 0.122840, # ZDD nodes = 35067, # elems = 92759493409824
Step 267 time = 0.118317, # ZDD nodes = 35713, # elems = 120239767945797
Step 268 time = 0.132406, # ZDD nodes = 36486, # elems = 151053995838562
Step 269 time = 0.144904, # ZDD nodes = 37290, # elems = 183965942246745
Step 270 time = 0.153356, # ZDD nodes = 38130, # elems = 217268597905470
Step 271 time = 0.147463, # ZDD nodes = 38896, # elems = 248904736940252
Step 272 time = 0.158571, # ZDD nodes = 39635, # elems = 276663574438796
Step 273 time = 0.156779, # ZDD nodes = 40357, # elems = 298429430606619
Step 274 time = 0.154283, # ZDD nodes = 41231, # elems = 312444410439246
Step 275 time = 0.154141, # ZDD nodes = 42160, # elems = 317540295922887
Step 276 time = 0.169991, # ZDD nodes = 43154, # elems = 313297585570050
Step 277 time = 0.166376, # ZDD nodes = 44196, # elems = 300101933242202
Step 278 time = 0.148770, # ZDD nodes = 45249, # elems = 279087544532361
Step 279 time = 0.198366, # ZDD nodes = 46294, # elems = 251978820625935
Step 280 time = 0.176292, # ZDD nodes = 47278, # elems = 220860451424979
Step 281 time = 0.184801, # ZDD nodes = 48196, # elems = 187917839955777
Step 282 time = 0.159045, # ZDD nodes = 49039, # elems = 155191840954594
Step 283 time = 0.168607, # ZDD nodes = 49787, # elems = 124384584852970
Step 284 time = 0.153796, # ZDD nodes = 50404, # elems = 96739241688944
Step 285 time = 0.188216, # ZDD nodes = 50844, # elems = 72999957210266
Step 286 time = 0.142845, # ZDD nodes = 51035, # elems = 53443000174150
Step 287 time = 0.151019, # ZDD nodes = 50969, # elems = 37959532615523
Step 288 time = 0.140501, # ZDD nodes = 50653, # elems = 26165820729373
Step 289 time = 0.119702, # ZDD nodes = 50076, # elems = 17517862141846
Step 290 time = 0.119099, # ZDD nodes = 49241, # elems = 11412720115547
Step 291 time = 0.107060, # ZDD nodes = 48321, # elems = 7266126704757
Step 292 time = 0.126265, # ZDD nodes = 47231, # elems = 4563053817565
Step 293 time = 0.088230, # ZDD nodes = 46051, # elems = 2883473794891
Step 294 time = 0.117199, # ZDD nodes = 44800, # elems = 1908770357217
Step 295 time = 0.115913, # ZDD nodes = 43397, # elems = 1415281161373
Step 296 time = 0.102100, # ZDD nodes = 41874, # elems = 1260805906431
Step 297 time = 0.087230, # ZDD nodes = 40123, # elems = 1368345188631
Step 298 time = 0.092465, # ZDD nodes = 38229, # elems = 1709547504191
Step 299 time = 0.067829, # ZDD nodes = 36399, # elems = 2288851878034
Step 300 time = 0.064558, # ZDD nodes = 34495, # elems = 3128405625915
Step 301 time = 0.061370, # ZDD nodes = 32645, # elems = 4253577717111
Step 302 time = 0.060138, # ZDD nodes = 30971, # elems = 5679172709976
Step 303 time = 0.069308, # ZDD nodes = 29342, # elems = 7397052846047
Step 304 time = 0.087650, # ZDD nodes = 27822, # elems = 9366506122951
Step 305 time = 0.053853, # ZDD nodes = 26525, # elems = 11509062359549
Step 306 time = 0.051223, # ZDD nodes = 25303, # elems = 13709330762710
Step 307 time = 0.046795, # ZDD nodes = 24339, # elems = 15822720227369
Step 308 time = 0.045354, # ZDD nodes = 23594, # elems = 17689697636440
Step 309 time = 0.043755, # ZDD nodes = 22940, # elems = 19154809689576
Step 310 time = 0.042523, # ZDD nodes = 22510, # elems = 20087428851940
Step 311 time = 0.041995, # ZDD nodes = 22191, # elems = 20400479095430
Step 312 time = 0.063635, # ZDD nodes = 21993, # elems = 20063523755815
Step 313 time = 0.043154, # ZDD nodes = 22065, # elems = 19107601353242
Step 314 time = 0.042248, # ZDD nodes = 22100, # elems = 17620861163999
Step 315 time = 0.040815, # ZDD nodes = 22045, # elems = 15735958255310
Step 316 time = 0.059930, # ZDD nodes = 22038, # elems = 13611817708533
Step 317 time = 0.036394, # ZDD nodes = 21896, # elems = 11413346506901
Step 318 time = 0.033859, # ZDD nodes = 21794, # elems = 9292742447566
Step 319 time = 0.032897, # ZDD nodes = 21719, # elems = 7375271633880
Step 320 time = 0.032689, # ZDD nodes = 21613, # elems = 5751044488751
Step 321 time = 0.030619, # ZDD nodes = 21624, # elems = 4472831339609
Step 322 time = 0.032475, # ZDD nodes = 21739, # elems = 3558733101573
Step 323 time = 0.033251, # ZDD nodes = 21807, # elems = 2997842713727
Step 324 time = 0.033043, # ZDD nodes = 21797, # elems = 2756983740012
Step 325 time = 0.031687, # ZDD nodes = 21826, # elems = 2787082106968
Step 326 time = 0.051438, # ZDD nodes = 21861, # elems = 3028467810608
Step 327 time = 0.030636, # ZDD nodes = 21898, # elems = 3415127122203
Step 328 time = 0.035477, # ZDD nodes = 21845, # elems = 3878397623123
Step 329 time = 0.051730, # ZDD nodes = 21808, # elems = 4350703099240
Step 330 time = 0.030044, # ZDD nodes = 21751, # elems = 4769687913402
Step 331 time = 0.029999, # ZDD nodes = 21609, # elems = 5082670743118
Step 332 time = 0.029894, # ZDD nodes = 21531, # elems = 5250891393269
Step 333 time = 0.061558, # ZDD nodes = 21498, # elems = 5252752956428
Step 334 time = 0.032006, # ZDD nodes = 21424, # elems = 5085271761428
Step 335 time = 0.031132, # ZDD nodes = 21441, # elems = 4763241521384
Step 336 time = 0.040558, # ZDD nodes = 21480, # elems = 4316100097312
Step 337 time = 0.031731, # ZDD nodes = 21502, # elems = 3783002541750
Step 338 time = 0.095333, # ZDD nodes = 21523, # elems = 3206994503505
Step 339 time = 0.032508, # ZDD nodes = 21427, # elems = 2629336502662
Step 340 time = 0.032864, # ZDD nodes = 21301, # elems = 2084922745439
Step 341 time = 0.034536, # ZDD nodes = 21190, # elems = 1599419663825
Step 342 time = 0.035691, # ZDD nodes = 21017, # elems = 1188325805409
Step 343 time = 0.036599, # ZDD nodes = 20803, # elems = 857747126002
Step 344 time = 0.039375, # ZDD nodes = 20623, # elems = 606386958380
Step 345 time = 0.036588, # ZDD nodes = 20398, # elems = 428116694215
Step 346 time = 0.037127, # ZDD nodes = 20151, # elems = 314518865241
Step 347 time = 0.056152, # ZDD nodes = 19954, # elems = 256938730854
Step 348 time = 0.034005, # ZDD nodes = 19694, # elems = 247788296353
Step 349 time = 0.032705, # ZDD nodes = 19497, # elems = 281067446934
Step 350 time = 0.031358, # ZDD nodes = 19317, # elems = 352266186185
Step 351 time = 0.029848, # ZDD nodes = 19087, # elems = 457971832997
Step 352 time = 0.028503, # ZDD nodes = 18815, # elems = 595616643236
Step 353 time = 0.027250, # ZDD nodes = 18460, # elems = 763855682426
Step 354 time = 0.025870, # ZDD nodes = 18062, # elems = 964046332620
Step 355 time = 0.030077, # ZDD nodes = 17622, # elems = 1203186953432
Step 356 time = 0.033705, # ZDD nodes = 17131, # elems = 1498439030283
Step 357 time = 0.022580, # ZDD nodes = 16581, # elems = 1882990485767
Step 358 time = 0.022298, # ZDD nodes = 16103, # elems = 2412528004027
Step 359 time = 0.020481, # ZDD nodes = 15704, # elems = 3171023955227
Step 360 time = 0.020248, # ZDD nodes = 15296, # elems = 4274012876467
Step 361 time = 0.019578, # ZDD nodes = 14951, # elems = 5867193145463
Step 362 time = 0.018837, # ZDD nodes = 14578, # elems = 8118238551840
Step 363 time = 0.018041, # ZDD nodes = 14136, # elems = 11200329862877
Step 364 time = 0.017206, # ZDD nodes = 13690, # elems = 15267223257927
Step 365 time = 0.016797, # ZDD nodes = 13322, # elems = 20421598386657
Step 366 time = 0.016579, # ZDD nodes = 13000, # elems = 26680681412094
Step 367 time = 0.026206, # ZDD nodes = 12903, # elems = 33945194082700
Step 368 time = 0.017744, # ZDD nodes = 12881, # elems = 41978874001367
Step 369 time = 0.019059, # ZDD nodes = 13040, # elems = 50405519888008
Step 370 time = 0.021441, # ZDD nodes = 13297, # elems = 58728386597749
Step 371 time = 0.024612, # ZDD nodes = 13738, # elems = 66372909219391
Step 372 time = 0.027455, # ZDD nodes = 14194, # elems = 72748850642259
Step 373 time = 0.030295, # ZDD nodes = 14600, # elems = 77323174820585
Step 374 time = 0.032871, # ZDD nodes = 14892, # elems = 79691552336693
Step 375 time = 0.033787, # ZDD nodes = 15206, # elems = 79635487612927
Step 376 time = 0.035572, # ZDD nodes = 15550, # elems = 77154105991621
Step 377 time = 0.037413, # ZDD nodes = 15969, # elems = 72464336546343
Step 378 time = 0.037590, # ZDD nodes = 16412, # elems = 65969492686147
Step 379 time = 0.038976, # ZDD nodes = 16898, # elems = 58202541522461
Step 380 time = 0.041179, # ZDD nodes = 17364, # elems = 49755110487966
Step 381 time = 0.042757, # ZDD nodes = 17809, # elems = 41205403464375
Step 382 time = 0.043860, # ZDD nodes = 18197, # elems = 33057341760094
Step 383 time = 0.044747, # ZDD nodes = 18504, # elems = 25699865372652
Step 384 time = 0.044729, # ZDD nodes = 18753, # elems = 19390482801264
Step 385 time = 0.043545, # ZDD nodes = 18976, # elems = 14262126026583
Step 386 time = 0.042458, # ZDD nodes = 19184, # elems = 10348268569849
Step 387 time = 0.041396, # ZDD nodes = 19500, # elems = 7618772772338
Step 388 time = 0.041187, # ZDD nodes = 19908, # elems = 6018192214108
Step 389 time = 0.043285, # ZDD nodes = 20385, # elems = 5498984535343
Step 390 time = 0.045638, # ZDD nodes = 20854, # elems = 6043798103748
Step 391 time = 0.046796, # ZDD nodes = 21275, # elems = 7673209702623
Step 392 time = 0.057199, # ZDD nodes = 21771, # elems = 10437694589260
Step 393 time = 0.048473, # ZDD nodes = 22343, # elems = 14395058657533
Step 394 time = 0.052774, # ZDD nodes = 23033, # elems = 19576976752646
Step 395 time = 0.055295, # ZDD nodes = 23778, # elems = 25950507883371
Step 396 time = 0.059038, # ZDD nodes = 24563, # elems = 33382171015292
Step 397 time = 0.086779, # ZDD nodes = 25418, # elems = 41612882008238
Step 398 time = 0.082263, # ZDD nodes = 26352, # elems = 50251280824384
Step 399 time = 0.075851, # ZDD nodes = 27260, # elems = 58790444944991
Step 400 time = 0.098239, # ZDD nodes = 28143, # elems = 66648851251744
Step 401 time = 0.076384, # ZDD nodes = 28882, # elems = 73231406785137
Step 402 time = 0.073721, # ZDD nodes = 29504, # elems = 78001547733927
Step 403 time = 0.071285, # ZDD nodes = 30018, # elems = 80552086318965
Step 404 time = 0.087363, # ZDD nodes = 30533, # elems = 80661704981704
Step 405 time = 0.064533, # ZDD nodes = 30975, # elems = 78326186104113
Step 406 time = 0.094633, # ZDD nodes = 31356, # elems = 73758248340860
Step 407 time = 0.085138, # ZDD nodes = 31641, # elems = 67356118564201
Step 408 time = 0.071379, # ZDD nodes = 31886, # elems = 59647149868925
Step 409 time = 0.060456, # ZDD nodes = 32038, # elems = 51217377274622
Step 410 time = 0.080869, # ZDD nodes = 32084, # elems = 42639837806855
Step 411 time = 0.056528, # ZDD nodes = 32010, # elems = 34413488119163
Step 412 time = 0.053390, # ZDD nodes = 31834, # elems = 26921142724667
Step 413 time = 0.071402, # ZDD nodes = 31534, # elems = 20410117934296
Step 414 time = 0.067052, # ZDD nodes = 31180, # elems = 14994493459696
Step 415 time = 0.042398, # ZDD nodes = 30721, # elems = 10674203247673
Step 416 time = 0.071140, # ZDD nodes = 30180, # elems = 7364185571589
Step 417 time = 0.036454, # ZDD nodes = 29548, # elems = 4926650344984
Step 418 time = 0.033553, # ZDD nodes = 28830, # elems = 3200781566627
Step 419 time = 0.031361, # ZDD nodes = 28008, # elems = 2026244658854
Step 420 time = 0.029555, # ZDD nodes = 27178, # elems = 1259043545102
Step 421 time = 0.027847, # ZDD nodes = 26305, # elems = 780056934175
Step 422 time = 0.027187, # ZDD nodes = 25367, # elems = 497708679434
Step 423 time = 0.027111, # ZDD nodes = 24455, # elems = 346664636180
Step 424 time = 0.038221, # ZDD nodes = 23525, # elems = 284340107429
Step 425 time = 0.039406, # ZDD nodes = 22588, # elems = 286567738348
Step 426 time = 0.028447, # ZDD nodes = 21770, # elems = 343233424644
Step 427 time = 0.027660, # ZDD nodes = 20999, # elems = 454203919334
Step 428 time = 0.028934, # ZDD nodes = 20217, # elems = 625542427701
Step 429 time = 0.027064, # ZDD nodes = 19562, # elems = 865872131642
Step 430 time = 0.048838, # ZDD nodes = 18983, # elems = 1182787242169
Step 431 time = 0.028055, # ZDD nodes = 18402, # elems = 1579376232427
Step 432 time = 0.028748, # ZDD nodes = 17940, # elems = 2051138062078
Step 433 time = 0.029475, # ZDD nodes = 17449, # elems = 2583753978513
Step 434 time = 0.029904, # ZDD nodes = 17034, # elems = 3152244793698
Step 435 time = 0.030978, # ZDD nodes = 16751, # elems = 3721942638173
Step 436 time = 0.031679, # ZDD nodes = 16399, # elems = 4251429894559
Step 437 time = 0.031661, # ZDD nodes = 16157, # elems = 4697196610443
Step 438 time = 0.032362, # ZDD nodes = 15993, # elems = 5019342671619
Step 439 time = 0.033231, # ZDD nodes = 15913, # elems = 5187329121729
Step 440 time = 0.035150, # ZDD nodes = 16148, # elems = 5184676597926
Step 441 time = 0.037329, # ZDD nodes = 16425, # elems = 5011675698543
Step 442 time = 0.039596, # ZDD nodes = 16744, # elems = 4685592124810
Step 443 time = 0.042571, # ZDD nodes = 17191, # elems = 4238417318344
Step 444 time = 0.044561, # ZDD nodes = 17568, # elems = 3712780451164
Step 445 time = 0.066010, # ZDD nodes = 17952, # elems = 3157042206997
Step 446 time = 0.044883, # ZDD nodes = 18247, # elems = 2620719794262
Step 447 time = 0.042858, # ZDD nodes = 18461, # elems = 2151207458241
Step 448 time = 0.040162, # ZDD nodes = 18648, # elems = 1792304720195
Step 449 time = 0.037970, # ZDD nodes = 18910, # elems = 1584463860713
Step 450 time = 0.036153, # ZDD nodes = 19134, # elems = 1566076095663
Step 451 time = 0.036183, # ZDD nodes = 19426, # elems = 1774691275543
Step 452 time = 0.038022, # ZDD nodes = 19739, # elems = 2246934572764
Step 453 time = 0.038694, # ZDD nodes = 19996, # elems = 3016111373476
Step 454 time = 0.038367, # ZDD nodes = 20196, # elems = 4107066222656
Step 455 time = 0.057660, # ZDD nodes = 20396, # elems = 5528684694353
Step 456 time = 0.057095, # ZDD nodes = 20585, # elems = 7265319658399
Step 457 time = 0.036081, # ZDD nodes = 20792, # elems = 9269152461030
Step 458 time = 0.036066, # ZDD nodes = 20900, # elems = 11455827023124
Step 459 time = 0.057214, # ZDD nodes = 20920, # elems = 13705445446852
Step 460 time = 0.036582, # ZDD nodes = 20922, # elems = 15870143268303
Step 461 time = 0.047941, # ZDD nodes = 20863, # elems = 17788101841372
Step 462 time = 0.057946, # ZDD nodes = 20892, # elems = 19302304782097
Step 463 time = 0.037539, # ZDD nodes = 20963, # elems = 20281009029308
Step 464 time = 0.037905, # ZDD nodes = 21008, # elems = 20636172944495
Step 465 time = 0.100870, # ZDD nodes = 21004, # elems = 20336220564384
Step 466 time = 0.037606, # ZDD nodes = 21096, # elems = 19410546542029
Step 467 time = 0.057910, # ZDD nodes = 21218, # elems = 17944847617160
Step 468 time = 0.038270, # ZDD nodes = 21344, # elems = 16068275507033
Step 469 time = 0.039297, # ZDD nodes = 21412, # elems = 13935048437879
Step 470 time = 0.040754, # ZDD nodes = 21485, # elems = 11704125015094
Step 471 time = 0.043106, # ZDD nodes = 21508, # elems = 9520631469391
Step 472 time = 0.066555, # ZDD nodes = 21505, # elems = 7501992195345
Step 473 time = 0.046862, # ZDD nodes = 21505, # elems = 5730411861928
Step 474 time = 0.048087, # ZDD nodes = 21516, # elems = 4251878658664
Step 475 time = 0.047637, # ZDD nodes = 21571, # elems = 3080576372285
Step 476 time = 0.068908, # ZDD nodes = 21688, # elems = 2206769598291
Step 477 time = 0.046600, # ZDD nodes = 21730, # elems = 1605961239948
Step 478 time = 0.065391, # ZDD nodes = 21682, # elems = 1247362585215
Step 479 time = 0.044689, # ZDD nodes = 21559, # elems = 1100313339187
Step 480 time = 0.065009, # ZDD nodes = 21389, # elems = 1138060660307
Step 481 time = 0.041975, # ZDD nodes = 21181, # elems = 1339093762468
Step 482 time = 0.040449, # ZDD nodes = 21035, # elems = 1686922109352
Step 483 time = 0.061124, # ZDD nodes = 20794, # elems = 2169710344844
Step 484 time = 0.058707, # ZDD nodes = 20505, # elems = 2781490491279
Step 485 time = 0.036023, # ZDD nodes = 20175, # elems = 3526705611714
Step 486 time = 0.034519, # ZDD nodes = 19755, # elems = 4429527998761
Step 487 time = 0.033194, # ZDD nodes = 19284, # elems = 5548662802102
Step 488 time = 0.031934, # ZDD nodes = 18749, # elems = 6997144473509
Step 489 time = 0.030547, # ZDD nodes = 18164, # elems = 8964981475303
Step 490 time = 0.029145, # ZDD nodes = 17521, # elems = 11740555321468
Step 491 time = 0.027944, # ZDD nodes = 16955, # elems = 15724757980975
Step 492 time = 0.048385, # ZDD nodes = 16389, # elems = 21430468527477
Step 493 time = 0.046395, # ZDD nodes = 15818, # elems = 29459774428021
Step 494 time = 0.024249, # ZDD nodes = 15306, # elems = 40452984777522
Step 495 time = 0.022864, # ZDD nodes = 14770, # elems = 55007389895007
Step 496 time = 0.021608, # ZDD nodes = 14187, # elems = 73569832332929
Step 497 time = 0.020567, # ZDD nodes = 13562, # elems = 96314695258942
Step 498 time = 0.019561, # ZDD nodes = 13042, # elems = 123026342399657
Step 499 time = 0.019591, # ZDD nodes = 12583, # elems = 153010254691497
Step 500 time = 0.018818, # ZDD nodes = 12238, # elems = 185057938093610
Step 501 time = 0.017934, # ZDD nodes = 11926, # elems = 217485605235176
Step 502 time = 0.017115, # ZDD nodes = 11725, # elems = 248255482780150
Step 503 time = 0.016273, # ZDD nodes = 11578, # elems = 275172944805303
Step 504 time = 0.017481, # ZDD nodes = 11638, # elems = 296135753959989
Step 505 time = 0.019937, # ZDD nodes = 11866, # elems = 309397700538750
Step 506 time = 0.023694, # ZDD nodes = 12303, # elems = 313801868383609
Step 507 time = 0.028734, # ZDD nodes = 12951, # elems = 308941177842004
Step 508 time = 0.035052, # ZDD nodes = 13766, # elems = 295215925553072
Step 509 time = 0.043460, # ZDD nodes = 14735, # elems = 273777294211082
Step 510 time = 0.071130, # ZDD nodes = 15857, # elems = 246367735452140
Step 511 time = 0.058229, # ZDD nodes = 17075, # elems = 215088446634347
Step 512 time = 0.073134, # ZDD nodes = 18358, # elems = 182136323044987
Step 513 time = 0.085411, # ZDD nodes = 19640, # elems = 149555252997378
Step 514 time = 0.103881, # ZDD nodes = 21006, # elems = 119039562215241
Step 515 time = 0.115667, # ZDD nodes = 22450, # elems = 91813362889020
Step 516 time = 0.104894, # ZDD nodes = 23956, # elems = 68592580512957
Step 517 time = 0.115844, # ZDD nodes = 25519, # elems = 49620797667100
Step 518 time = 0.169577, # ZDD nodes = 27101, # elems = 34759076165106
Step 519 time = 0.177097, # ZDD nodes = 28663, # elems = 23605187808787
Step 520 time = 0.142195, # ZDD nodes = 30164, # elems = 15618934596022
Step 521 time = 0.170411, # ZDD nodes = 31463, # elems = 10235761052164
Step 522 time = 0.152244, # ZDD nodes = 32505, # elems = 6958231724190
Step 523 time = 0.152432, # ZDD nodes = 33363, # elems = 5421813051447
Step 524 time = 0.174269, # ZDD nodes = 34088, # elems = 5436082633748
Step 525 time = 0.170160, # ZDD nodes = 34675, # elems = 7004297642808
Step 526 time = 0.169542, # ZDD nodes = 35112, # elems = 10323492986800
Step 527 time = 0.201869, # ZDD nodes = 35294, # elems = 15765033673580
Step 528 time = 0.168799, # ZDD nodes = 35256, # elems = 23833319429634
Step 529 time = 0.168158, # ZDD nodes = 34999, # elems = 35099634851966
Step 530 time = 0.163134, # ZDD nodes = 34451, # elems = 50110030256429
Step 531 time = 0.228097, # ZDD nodes = 33817, # elems = 69270894133649
Step 532 time = 0.159889, # ZDD nodes = 33298, # elems = 92722819425802
Step 533 time = 0.161598, # ZDD nodes = 33125, # elems = 120220766583007
Step 534 time = 0.176080, # ZDD nodes = 33372, # elems = 151044013409608
Step 535 time = 0.172459, # ZDD nodes = 33952, # elems = 183960530908963
Step 536 time = 0.224801, # ZDD nodes = 34797, # elems = 217265549731394
Step 537 time = 0.226546, # ZDD nodes = 35803, # elems = 248902966852183
Step 538 time = 0.179844, # ZDD nodes = 36896, # elems = 276662534565802
Step 539 time = 0.199528, # ZDD nodes = 37970, # elems = 298428825706574
Step 540 time = 0.237634, # ZDD nodes = 39139, # elems = 312444068307447
Step 541 time = 0.176618, # ZDD nodes = 40337, # elems = 317540110289180
Step 542 time = 0.177082, # ZDD nodes = 41569, # elems = 313297489876314
Step 543 time = 0.177350, # ZDD nodes = 42838, # elems = 300101886715817
Step 544 time = 0.202016, # ZDD nodes = 44189, # elems = 279087523329733
Step 545 time = 0.182801, # ZDD nodes = 45587, # elems = 251978811625013
Step 546 time = 0.185605, # ZDD nodes = 46948, # elems = 220860447889436
Step 547 time = 0.187331, # ZDD nodes = 48144, # elems = 187917838681058
Step 548 time = 0.188204, # ZDD nodes = 49147, # elems = 155191840536937
Step 549 time = 0.228886, # ZDD nodes = 49983, # elems = 124384584730213
Step 550 time = 0.195233, # ZDD nodes = 50645, # elems = 96739241657137
Step 551 time = 0.181883, # ZDD nodes = 51105, # elems = 72999957203177
Step 552 time = 0.177240, # ZDD nodes = 51365, # elems = 53443000172840
Step 553 time = 0.171097, # ZDD nodes = 51394, # elems = 37959532615334
Step 554 time = 0.163916, # ZDD nodes = 51276, # elems = 26165820729354
Step 555 time = 0.156670, # ZDD nodes = 50917, # elems = 17517862141845
Step 556 time = 0.151170, # ZDD nodes = 50304, # elems = 11412720115547
Step 557 time = 0.140354, # ZDD nodes = 49535, # elems = 7266126704757
Step 558 time = 0.176838, # ZDD nodes = 48698, # elems = 4563053817565
Step 559 time = 0.133838, # ZDD nodes = 47872, # elems = 2883473794891
Step 560 time = 0.135580, # ZDD nodes = 46960, # elems = 1908770357217
Step 561 time = 0.136620, # ZDD nodes = 45894, # elems = 1415281161373
Step 562 time = 0.133464, # ZDD nodes = 44701, # elems = 1260805906431
Step 563 time = 0.129457, # ZDD nodes = 43393, # elems = 1368345188631
Step 564 time = 0.129721, # ZDD nodes = 41999, # elems = 1709547504191
Step 565 time = 0.131584, # ZDD nodes = 40595, # elems = 2288851878034
Step 566 time = 0.137988, # ZDD nodes = 39183, # elems = 3128405625915
Step 567 time = 0.179601, # ZDD nodes = 37876, # elems = 4253577717111
Step 568 time = 0.163546, # ZDD nodes = 36668, # elems = 5679172709976
Step 569 time = 0.143526, # ZDD nodes = 35448, # elems = 7397052846047
Step 570 time = 0.191048, # ZDD nodes = 34072, # elems = 9366506122951
Step 571 time = 0.166691, # ZDD nodes = 32512, # elems = 11509062359549
Step 572 time = 0.109452, # ZDD nodes = 30854, # elems = 13709330762710
Step 573 time = 0.135762, # ZDD nodes = 29345, # elems = 15822720227369
Step 574 time = 0.083129, # ZDD nodes = 28009, # elems = 17689697636440
Step 575 time = 0.073888, # ZDD nodes = 26784, # elems = 19154809689576
Step 576 time = 0.108805, # ZDD nodes = 25797, # elems = 20087428851940
Step 577 time = 0.062593, # ZDD nodes = 25047, # elems = 20400479095430
Step 578 time = 0.099398, # ZDD nodes = 24597, # elems = 20063523755815
Step 579 time = 0.057918, # ZDD nodes = 24524, # elems = 19107601353242
Step 580 time = 0.057527, # ZDD nodes = 24498, # elems = 17620861163999
Step 581 time = 0.052530, # ZDD nodes = 24481, # elems = 15735958255310
Step 582 time = 0.070528, # ZDD nodes = 24555, # elems = 13611817708533
Step 583 time = 0.047648, # ZDD nodes = 24520, # elems = 11413346506901
Step 584 time = 0.045092, # ZDD nodes = 24466, # elems = 9292742447566
Step 585 time = 0.043119, # ZDD nodes = 24393, # elems = 7375271633880
Step 586 time = 0.082484, # ZDD nodes = 24294, # elems = 5751044488751
Step 587 time = 0.041466, # ZDD nodes = 24259, # elems = 4472831339609
Step 588 time = 0.042081, # ZDD nodes = 24277, # elems = 3558733101573
Step 589 time = 0.041817, # ZDD nodes = 24230, # elems = 2997842713727
Step 590 time = 0.041145, # ZDD nodes = 24126, # elems = 2756983740012
Step 591 time = 0.058847, # ZDD nodes = 24073, # elems = 2787082106968
Step 592 time = 0.038595, # ZDD nodes = 23992, # elems = 3028467810608
Step 593 time = 0.062688, # ZDD nodes = 23913, # elems = 3415127122203
Step 594 time = 0.036813, # ZDD nodes = 23762, # elems = 3878397623123
Step 595 time = 0.035812, # ZDD nodes = 23620, # elems = 4350703099240
Step 596 time = 0.035260, # ZDD nodes = 23454, # elems = 4769687913402
Step 597 time = 0.034997, # ZDD nodes = 23182, # elems = 5082670743118
Step 598 time = 0.034501, # ZDD nodes = 22942, # elems = 5250891393269
Step 599 time = 0.034960, # ZDD nodes = 22742, # elems = 5252752956428
Step 600 time = 0.035175, # ZDD nodes = 22495, # elems = 5085271761428
Step 601 time = 0.034520, # ZDD nodes = 22318, # elems = 4763241521384
Step 602 time = 0.053935, # ZDD nodes = 22182, # elems = 4316100097312
Step 603 time = 0.053512, # ZDD nodes = 22032, # elems = 3783002541750
Step 604 time = 0.033842, # ZDD nodes = 21924, # elems = 3206994503505
Step 605 time = 0.034367, # ZDD nodes = 21742, # elems = 2629336502662
Step 606 time = 0.035093, # ZDD nodes = 21537, # elems = 2084922745439
Step 607 time = 0.036737, # ZDD nodes = 21361, # elems = 1599419663825
Step 608 time = 0.101282, # ZDD nodes = 21137, # elems = 1188325805409
Step 609 time = 0.039450, # ZDD nodes = 20881, # elems = 857747126002
Step 610 time = 0.039767, # ZDD nodes = 20661, # elems = 606386958380
Step 611 time = 0.081466, # ZDD nodes = 20414, # elems = 428116694215
Step 612 time = 0.080579, # ZDD nodes = 20165, # elems = 314518865241
Step 613 time = 0.038542, # ZDD nodes = 19951, # elems = 256938730854
Step 614 time = 0.036594, # ZDD nodes = 19697, # elems = 247788296353
Step 615 time = 0.035392, # ZDD nodes = 19490, # elems = 281067446934
Step 616 time = 0.034211, # ZDD nodes = 19298, # elems = 352266186185
Step 617 time = 0.033012, # ZDD nodes = 19071, # elems = 457971832997
Step 618 time = 0.031825, # ZDD nodes = 18800, # elems = 595616643236
Step 619 time = 0.030765, # ZDD nodes = 18431, # elems = 763855682426
Step 620 time = 0.029429, # ZDD nodes = 18025, # elems = 964046332620
Step 621 time = 0.028195, # ZDD nodes = 17578, # elems = 1203186953432
Step 622 time = 0.027026, # ZDD nodes = 17082, # elems = 1498439030283
Step 623 time = 0.025632, # ZDD nodes = 16520, # elems = 1882990485767
Step 624 time = 0.024490, # ZDD nodes = 16035, # elems = 2412528004027
Step 625 time = 0.023299, # ZDD nodes = 15633, # elems = 3171023955227
Step 626 time = 0.022959, # ZDD nodes = 15234, # elems = 4274012876467
Step 627 time = 0.022138, # ZDD nodes = 14892, # elems = 5867193145463
Step 628 time = 0.021370, # ZDD nodes = 14514, # elems = 8118238551839
Step 629 time = 0.102566, # ZDD nodes = 14061, # elems = 11200329862859
Step 630 time = 0.019768, # ZDD nodes = 13645, # elems = 15267223257757
Step 631 time = 0.019495, # ZDD nodes = 13279, # elems = 20421598385535
Step 632 time = 0.018918, # ZDD nodes = 12948, # elems = 26680681406297
Step 633 time = 0.018428, # ZDD nodes = 12798, # elems = 33945194057813
Step 634 time = 0.018886, # ZDD nodes = 12730, # elems = 41978873909313
Step 635 time = 0.020078, # ZDD nodes = 12833, # elems = 50405519587482
Step 636 time = 0.022242, # ZDD nodes = 13050, # elems = 58728385716945
Step 637 time = 0.025490, # ZDD nodes = 13454, # elems = 66372906872592
Step 638 time = 0.048120, # ZDD nodes = 13870, # elems = 72748844903671
Step 639 time = 0.030957, # ZDD nodes = 14272, # elems = 77323161846525
Step 640 time = 0.033319, # ZDD nodes = 14648, # elems = 79691525058391
Step 641 time = 0.075809, # ZDD nodes = 15122, # elems = 79635434028621
Step 642 time = 0.038196, # ZDD nodes = 15643, # elems = 77154007288465
Step 643 time = 0.040749, # ZDD nodes = 16242, # elems = 72464165564899
Step 644 time = 0.041195, # ZDD nodes = 16852, # elems = 65969213531476
Step 645 time = 0.062777, # ZDD nodes = 17483, # elems = 58202111294773
Step 646 time = 0.044271, # ZDD nodes = 18063, # elems = 49754483990688
Step 647 time = 0.044557, # ZDD nodes = 18596, # elems = 41204541222097
Step 648 time = 0.044347, # ZDD nodes = 19041, # elems = 33056220737407
Step 649 time = 0.043445, # ZDD nodes = 19377, # elems = 25698490607999
Step 650 time = 0.061653, # ZDD nodes = 19628, # elems = 19388897124990
Step 651 time = 0.039456, # ZDD nodes = 19846, # elems = 14260414579549
Step 652 time = 0.057892, # ZDD nodes = 20063, # elems = 10346555355715
Step 653 time = 0.036424, # ZDD nodes = 20404, # elems = 7617208062673
Step 654 time = 0.038860, # ZDD nodes = 20839, # elems = 6016931980852
Step 655 time = 0.060036, # ZDD nodes = 21347, # elems = 5498165541031
Step 656 time = 0.041731, # ZDD nodes = 21856, # elems = 6043514002128
Step 657 time = 0.042989, # ZDD nodes = 22296, # elems = 7673493804243
Step 658 time = 0.043293, # ZDD nodes = 22781, # elems = 10438513583572
Step 659 time = 0.087061, # ZDD nodes = 23344, # elems = 14396318890789
Step 660 time = 0.049512, # ZDD nodes = 23992, # elems = 19578541462311
Step 661 time = 0.052579, # ZDD nodes = 24700, # elems = 25952221097505
Step 662 time = 0.056625, # ZDD nodes = 25461, # elems = 33383882462326
Step 663 time = 0.063725, # ZDD nodes = 26284, # elems = 41614467684512
Step 664 time = 0.091316, # ZDD nodes = 27172, # elems = 50252655589037
Step 665 time = 0.075202, # ZDD nodes = 28058, # elems = 58791565967678
Step 666 time = 0.098254, # ZDD nodes = 28934, # elems = 66649713494022
Step 667 time = 0.077123, # ZDD nodes = 29716, # elems = 73232033282415
Step 668 time = 0.074982, # ZDD nodes = 30372, # elems = 78001977961615
Step 669 time = 0.093202, # ZDD nodes = 30912, # elems = 80552365473636
Step 670 time = 0.068557, # ZDD nodes = 31449, # elems = 80661875963148
Step 671 time = 0.109407, # ZDD nodes = 31917, # elems = 78326284807269
Step 672 time = 0.066670, # ZDD nodes = 32327, # elems = 73758301925166
Step 673 time = 0.127747, # ZDD nodes = 32661, # elems = 67356145842503
Step 674 time = 0.064562, # ZDD nodes = 32929, # elems = 59647162842985
Step 675 time = 0.084420, # ZDD nodes = 33128, # elems = 51217383013210
Step 676 time = 1.633721, # ZDD nodes = 33235, # elems = 42639840153654
Step 677 time = 0.061953, # ZDD nodes = 33232, # elems = 34413488999967
Step 678 time = 0.102279, # ZDD nodes = 33123, # elems = 26921143025193
Step 679 time = 0.055345, # ZDD nodes = 32863, # elems = 20410118026350
Step 680 time = 0.071159, # ZDD nodes = 32551, # elems = 14994493484583
Step 681 time = 0.045371, # ZDD nodes = 32117, # elems = 10674203253470
Step 682 time = 0.041029, # ZDD nodes = 31508, # elems = 7364185572711
Step 683 time = 0.037133, # ZDD nodes = 30780, # elems = 4926650345154
Step 684 time = 0.034057, # ZDD nodes = 29940, # elems = 3200781566645
Step 685 time = 0.031600, # ZDD nodes = 28970, # elems = 2026244658855
Step 686 time = 0.029373, # ZDD nodes = 27928, # elems = 1259043545102
Step 687 time = 0.027972, # ZDD nodes = 26929, # elems = 780056934175
Step 688 time = 0.027217, # ZDD nodes = 25861, # elems = 497708679434
Step 689 time = 0.026814, # ZDD nodes = 24827, # elems = 346664636180
Step 690 time = 0.028068, # ZDD nodes = 23804, # elems = 284340107429
Step 691 time = 0.028723, # ZDD nodes = 22792, # elems = 286567738348
Step 692 time = 0.027766, # ZDD nodes = 21923, # elems = 343233424644
Step 693 time = 0.027050, # ZDD nodes = 21110, # elems = 454203919334
Step 694 time = 0.026463, # ZDD nodes = 20305, # elems = 625542427701
Step 695 time = 0.026248, # ZDD nodes = 19639, # elems = 865872131642
Step 696 time = 0.070400, # ZDD nodes = 19052, # elems = 1182787242169
Step 697 time = 0.027308, # ZDD nodes = 18472, # elems = 1579376232427
Step 698 time = 0.028008, # ZDD nodes = 18028, # elems = 2051138062078
Step 699 time = 0.068955, # ZDD nodes = 17551, # elems = 2583753978513
Step 700 time = 0.029175, # ZDD nodes = 17150, # elems = 3152244793698
Step 701 time = 0.072247, # ZDD nodes = 16884, # elems = 3721942638173
Step 702 time = 0.030510, # ZDD nodes = 16560, # elems = 4251429894559
Step 703 time = 0.030099, # ZDD nodes = 16355, # elems = 4697196610443
Step 704 time = 0.050831, # ZDD nodes = 16222, # elems = 5019342671619
Step 705 time = 0.031168, # ZDD nodes = 16150, # elems = 5187329121729
Step 706 time = 0.033245, # ZDD nodes = 16355, # elems = 5184676597926
Step 707 time = 0.034383, # ZDD nodes = 16613, # elems = 5011675698543
Step 708 time = 0.036591, # ZDD nodes = 16934, # elems = 4685592124810
Step 709 time = 0.039628, # ZDD nodes = 17420, # elems = 4238417318344
Step 710 time = 0.041269, # ZDD nodes = 17848, # elems = 3712780451164
Step 711 time = 0.042226, # ZDD nodes = 18293, # elems = 3157042206997
Step 712 time = 0.086005, # ZDD nodes = 18680, # elems = 2620719794262
Step 713 time = 0.041644, # ZDD nodes = 18993, # elems = 2151207458241
Step 714 time = 0.081556, # ZDD nodes = 19276, # elems = 1792304720195
Step 715 time = 0.038321, # ZDD nodes = 19597, # elems = 1584463860713
Step 716 time = 0.036195, # ZDD nodes = 19855, # elems = 1566076095663
Step 717 time = 0.035827, # ZDD nodes = 20178, # elems = 1774691275543
Step 718 time = 0.037669, # ZDD nodes = 20521, # elems = 2246934572764
Step 719 time = 0.038586, # ZDD nodes = 20788, # elems = 3016111373476
Step 720 time = 0.038439, # ZDD nodes = 21003, # elems = 4107066222656
Step 721 time = 0.037398, # ZDD nodes = 21234, # elems = 5528684694353
Step 722 time = 0.036722, # ZDD nodes = 21442, # elems = 7265319658399
Step 723 time = 0.035964, # ZDD nodes = 21639, # elems = 9269152461030
Step 724 time = 0.035715, # ZDD nodes = 21728, # elems = 11455827023124
Step 725 time = 0.035353, # ZDD nodes = 21721, # elems = 13705445446852
Step 726 time = 0.035162, # ZDD nodes = 21700, # elems = 15870143268303
Step 727 time = 0.035070, # ZDD nodes = 21617, # elems = 17788101841372
Step 728 time = 0.034578, # ZDD nodes = 21596, # elems = 19302304782097
Step 729 time = 0.034837, # ZDD nodes = 21631, # elems = 20281009029308
Step 730 time = 0.035359, # ZDD nodes = 21635, # elems = 20636172944495
Step 731 time = 0.056058, # ZDD nodes = 21582, # elems = 20336220564384
Step 732 time = 0.055231, # ZDD nodes = 21617, # elems = 19410546542029
Step 733 time = 0.034990, # ZDD nodes = 21689, # elems = 17944847617160
Step 734 time = 0.035625, # ZDD nodes = 21773, # elems = 16068275507033
Step 735 time = 0.036974, # ZDD nodes = 21805, # elems = 13935048437879
Step 736 time = 0.038440, # ZDD nodes = 21849, # elems = 11704125015094
Step 737 time = 0.040400, # ZDD nodes = 21857, # elems = 9520631469391
Step 738 time = 0.041989, # ZDD nodes = 21851, # elems = 7501992195345
Step 739 time = 0.043393, # ZDD nodes = 21866, # elems = 5730411861928
Step 740 time = 0.044139, # ZDD nodes = 21893, # elems = 4251878658664
Step 741 time = 0.044439, # ZDD nodes = 21954, # elems = 3080576372285
Step 742 time = 0.043984, # ZDD nodes = 22056, # elems = 2206769598291
Step 743 time = 0.084759, # ZDD nodes = 22070, # elems = 1605961239948
Step 744 time = 0.042021, # ZDD nodes = 21991, # elems = 1247362585215
Step 745 time = 0.040257, # ZDD nodes = 21843, # elems = 1100313339187
Step 746 time = 0.039083, # ZDD nodes = 21648, # elems = 1138060660307
Step 747 time = 0.037714, # ZDD nodes = 21409, # elems = 1339093762468
Step 748 time = 0.036559, # ZDD nodes = 21235, # elems = 1686922109352
Step 749 time = 0.035205, # ZDD nodes = 20987, # elems = 2169710344844
Step 750 time = 0.033844, # ZDD nodes = 20697, # elems = 2781490491279
Step 751 time = 0.032496, # ZDD nodes = 20368, # elems = 3526705611714
Step 752 time = 0.031202, # ZDD nodes = 19947, # elems = 4429527998761
Step 753 time = 0.029946, # ZDD nodes = 19471, # elems = 5548662802102
Step 754 time = 0.028742, # ZDD nodes = 18936, # elems = 6997144473509
Step 755 time = 0.027244, # ZDD nodes = 18346, # elems = 8964981475303
Step 756 time = 0.025869, # ZDD nodes = 17692, # elems = 11740555321468
Step 757 time = 0.024817, # ZDD nodes = 17124, # elems = 15724757980975
Step 758 time = 0.023590, # ZDD nodes = 16559, # elems = 21430468527477
Step 759 time = 0.022318, # ZDD nodes = 15983, # elems = 29459774428021
Step 760 time = 0.021271, # ZDD nodes = 15468, # elems = 40452984777522
Step 761 time = 0.020358, # ZDD nodes = 15020, # elems = 55007389895008
Step 762 time = 0.020592, # ZDD nodes = 14540, # elems = 73569832332948
Step 763 time = 0.019940, # ZDD nodes = 14042, # elems = 96314695259131
Step 764 time = 0.019244, # ZDD nodes = 13570, # elems = 123026342400967
Step 765 time = 0.018577, # ZDD nodes = 13136, # elems = 153010254698586
Step 766 time = 0.017863, # ZDD nodes = 12831, # elems = 185057938125417
Step 767 time = 0.017389, # ZDD nodes = 12554, # elems = 217485605357934
Step 768 time = 0.016639, # ZDD nodes = 12389, # elems = 248255483197823
Step 769 time = 0.016043, # ZDD nodes = 12284, # elems = 275172946080147
Step 770 time = 0.017137, # ZDD nodes = 12372, # elems = 296135757496116
Step 771 time = 0.018564, # ZDD nodes = 12614, # elems = 309397709540921
Step 772 time = 0.022064, # ZDD nodes = 12999, # elems = 313801889580694
Step 773 time = 0.026202, # ZDD nodes = 13495, # elems = 308941224289569
Step 774 time = 0.051281, # ZDD nodes = 14089, # elems = 295216020713374
Step 775 time = 0.035642, # ZDD nodes = 14748, # elems = 273777477106129
Step 776 time = 0.039288, # ZDD nodes = 15505, # elems = 246368065736741
Step 777 time = 0.042402, # ZDD nodes = 16372, # elems = 215089006384699
Step 778 time = 0.048377, # ZDD nodes = 17304, # elems = 182137207593529
Step 779 time = 0.052874, # ZDD nodes = 18196, # elems = 149556533263461
Step 780 time = 0.056203, # ZDD nodes = 19133, # elems = 119041179391797
Step 781 time = 0.064065, # ZDD nodes = 20075, # elems = 91814871252669
Step 782 time = 0.107639, # ZDD nodes = 21007, # elems = 68592565971568
Step 783 time = 0.069121, # ZDD nodes = 21925, # elems = 49615640291149
Step 784 time = 0.073438, # ZDD nodes = 22804, # elems = 34740460774678
Step 785 time = 0.073880, # ZDD nodes = 23635, # elems = 23555369170863
Step 786 time = 0.073459, # ZDD nodes = 24448, # elems = 15502230164945
Step 787 time = 0.072403, # ZDD nodes = 25116, # elems = 9984128468302
Step 788 time = 0.070007, # ZDD nodes = 25593, # elems = 6448236693767
Step 789 time = 0.066638, # ZDD nodes = 25998, # elems = 4440069953503
Step 790 time = 0.065545, # ZDD nodes = 26402, # elems = 3630731439895
Step 791 time = 0.107386, # ZDD nodes = 26798, # elems = 3821692672176
Step 792 time = 0.068115, # ZDD nodes = 27169, # elems = 4932364441358
Step 793 time = 0.068442, # ZDD nodes = 27512, # elems = 6975005442612
Step 794 time = 0.067631, # ZDD nodes = 27868, # elems = 10020398239701
Step 795 time = 0.069901, # ZDD nodes = 28242, # elems = 14157060479564
Step 796 time = 0.075406, # ZDD nodes = 28576, # elems = 19447012749202
Step 797 time = 0.079601, # ZDD nodes = 28952, # elems = 25882238518248
Step 798 time = 0.107293, # ZDD nodes = 29443, # elems = 33347424397582
Step 799 time = 0.120702, # ZDD nodes = 30124, # elems = 41595558592488
Step 800 time = 0.111721, # ZDD nodes = 30985, # elems = 50242692156326
Step 801 time = 0.165593, # ZDD nodes = 31921, # elems = 58786137411921
Step 802 time = 0.131381, # ZDD nodes = 32915, # elems = 66646635801043
Step 803 time = 0.134702, # ZDD nodes = 33910, # elems = 73230234459178
Step 804 time = 0.135408, # ZDD nodes = 34914, # elems = 78000915599883
Step 805 time = 0.152827, # ZDD nodes = 35843, # elems = 80551745262711
Step 806 time = 0.131062, # ZDD nodes = 36838, # elems = 80661524496053
Step 807 time = 0.172101, # ZDD nodes = 37835, # elems = 78326094013926
Step 808 time = 0.172422, # ZDD nodes = 38822, # elems = 73758203635140
Step 809 time = 0.130636, # ZDD nodes = 39830, # elems = 67356098127036
Step 810 time = 0.279935, # ZDD nodes = 40852, # elems = 59647141146523
Step 811 time = 0.135331, # ZDD nodes = 41903, # elems = 51217373827600
Step 812 time = 0.179341, # ZDD nodes = 42921, # elems = 42639836556572
Step 813 time = 0.221307, # ZDD nodes = 43788, # elems = 34413487707262
Step 814 time = 0.137706, # ZDD nodes = 44462, # elems = 26921142603030
Step 815 time = 0.134506, # ZDD nodes = 44942, # elems = 20410117902659
Step 816 time = 0.169937, # ZDD nodes = 45217, # elems = 14994493452625
Step 817 time = 0.123140, # ZDD nodes = 45306, # elems = 10674203246364
Step 818 time = 0.157398, # ZDD nodes = 45144, # elems = 7364185571400
Step 819 time = 0.107952, # ZDD nodes = 44793, # elems = 4926650344965
Step 820 time = 0.099545, # ZDD nodes = 44189, # elems = 3200781566626
Step 821 time = 0.091418, # ZDD nodes = 43349, # elems = 2026244658854
Step 822 time = 0.123208, # ZDD nodes = 42285, # elems = 1259043545102
Step 823 time = 0.075352, # ZDD nodes = 41036, # elems = 780056934175
Step 824 time = 0.068466, # ZDD nodes = 39624, # elems = 497708679434
Step 825 time = 0.063343, # ZDD nodes = 38111, # elems = 346664636180
Step 826 time = 0.060891, # ZDD nodes = 36466, # elems = 284340107428
Step 827 time = 0.058814, # ZDD nodes = 34583, # elems = 286567738331
Step 828 time = 0.094732, # ZDD nodes = 32666, # elems = 343233424492
Step 829 time = 0.048336, # ZDD nodes = 30688, # elems = 454203918380
Step 830 time = 0.044055, # ZDD nodes = 28701, # elems = 625542422988
Step 831 time = 0.044116, # ZDD nodes = 26861, # elems = 865872112174
Step 832 time = 0.040217, # ZDD nodes = 25172, # elems = 1182787172373
Step 833 time = 0.082603, # ZDD nodes = 23672, # elems = 1579376009576
Step 834 time = 0.040690, # ZDD nodes = 22516, # elems = 2051137415853
Step 835 time = 0.040864, # ZDD nodes = 21536, # elems = 2583752248245
Step 836 time = 0.040147, # ZDD nodes = 20761, # elems = 3152240449277
Step 837 time = 0.039324, # ZDD nodes = 20128, # elems = 3721932246174
Step 838 time = 0.037387, # ZDD nodes = 19481, # elems = 4251405819014
Step 839 time = 0.035069, # ZDD nodes = 18998, # elems = 4697141712904
Step 840 time = 0.033936, # ZDD nodes = 18640, # elems = 5019217858348
Step 841 time = 0.033065, # ZDD nodes = 18390, # elems = 5187044299310
Step 842 time = 0.032668, # ZDD nodes = 18425, # elems = 5184024981378
Step 843 time = 0.032268, # ZDD nodes = 18476, # elems = 5010191956394
Step 844 time = 0.032577, # ZDD nodes = 18507, # elems = 4682262518733
Step 845 time = 0.032755, # ZDD nodes = 18640, # elems = 4231121896737
Step 846 time = 0.031565, # ZDD nodes = 18658, # elems = 3697284792135
Step 847 time = 0.070834, # ZDD nodes = 18683, # elems = 3125289047705
Step 848 time = 0.029258, # ZDD nodes = 18700, # elems = 2558121971956
Step 849 time = 0.068337, # ZDD nodes = 18642, # elems = 2032650695105
Step 850 time = 0.026446, # ZDD nodes = 18585, # elems = 1576680732800
Step 851 time = 0.024786, # ZDD nodes = 18600, # elems = 1207818234019
Step 852 time = 0.023731, # ZDD nodes = 18613, # elems = 933894826827
Step 853 time = 0.024657, # ZDD nodes = 18670, # elems = 754437545963
Step 854 time = 0.046445, # ZDD nodes = 18727, # elems = 662582494764
Step 855 time = 0.026632, # ZDD nodes = 18794, # elems = 646927846173
Step 856 time = 0.026165, # ZDD nodes = 18818, # elems = 693035853112
Step 857 time = 0.025355, # ZDD nodes = 18873, # elems = 784535912919
Step 858 time = 0.025065, # ZDD nodes = 18955, # elems = 903968198404
Step 859 time = 0.024750, # ZDD nodes = 19029, # elems = 1033587157768
Step 860 time = 0.024578, # ZDD nodes = 18982, # elems = 1156306354032
Step 861 time = 0.024281, # ZDD nodes = 18890, # elems = 1256841389036
Step 862 time = 0.024153, # ZDD nodes = 18808, # elems = 1322953012566
Step 863 time = 0.024374, # ZDD nodes = 18714, # elems = 1346569987484
Step 864 time = 0.024517, # ZDD nodes = 18775, # elems = 1324527004183
Step 865 time = 0.025208, # ZDD nodes = 18864, # elems = 1258702952195
Step 866 time = 0.026100, # ZDD nodes = 18892, # elems = 1155471817566
Step 867 time = 0.025683, # ZDD nodes = 18876, # elems = 1024539747440
Step 868 time = 0.025526, # ZDD nodes = 18867, # elems = 877385580111
Step 869 time = 0.026044, # ZDD nodes = 18811, # elems = 725605396633
Step 870 time = 0.026800, # ZDD nodes = 18807, # elems = 579463779321
Step 871 time = 0.027821, # ZDD nodes = 18685, # elems = 446881746597
Step 872 time = 0.028795, # ZDD nodes = 18549, # elems = 332971822888
Step 873 time = 0.031060, # ZDD nodes = 18461, # elems = 240102315019
Step 874 time = 0.032707, # ZDD nodes = 18339, # elems = 168369920905
Step 875 time = 0.033278, # ZDD nodes = 18203, # elems = 116303067190
Step 876 time = 0.033249, # ZDD nodes = 18114, # elems = 81611655266
Step 877 time = 0.032329, # ZDD nodes = 17965, # elems = 61832050854
Step 878 time = 0.031765, # ZDD nodes = 17872, # elems = 54772091931
Step 879 time = 0.030552, # ZDD nodes = 17790, # elems = 58722932803
Step 880 time = 0.029256, # ZDD nodes = 17649, # elems = 72461220765
Step 881 time = 0.027971, # ZDD nodes = 17459, # elems = 95111201435
Step 882 time = 0.026911, # ZDD nodes = 17184, # elems = 125970831182
Step 883 time = 0.025789, # ZDD nodes = 16865, # elems = 164428579615
Step 884 time = 0.065859, # ZDD nodes = 16497, # elems = 210106031004
Step 885 time = 0.023451, # ZDD nodes = 16079, # elems = 263350240625
Step 886 time = 0.022013, # ZDD nodes = 15596, # elems = 326161481376
Step 887 time = 0.021131, # ZDD nodes = 15186, # elems = 403569200427
Step 888 time = 0.020102, # ZDD nodes = 14769, # elems = 505358107855
Step 889 time = 0.061829, # ZDD nodes = 14329, # elems = 647901696109
Step 890 time = 0.018347, # ZDD nodes = 13933, # elems = 855698999636
Step 891 time = 0.017031, # ZDD nodes = 13578, # elems = 1162065151627
Step 892 time = 0.016846, # ZDD nodes = 13166, # elems = 1608347029095
Step 893 time = 0.016324, # ZDD nodes = 12727, # elems = 2241081965105
Step 894 time = 0.015632, # ZDD nodes = 12306, # elems = 3106744406013
Step 895 time = 0.014981, # ZDD nodes = 11915, # elems = 4244156462664
Step 896 time = 0.014411, # ZDD nodes = 11645, # elems = 5675240424145
Step 897 time = 0.014130, # ZDD nodes = 11458, # elems = 7395457093835
Step 898 time = 0.014055, # ZDD nodes = 11378, # elems = 9365827431450
Step 899 time = 0.013922, # ZDD nodes = 11392, # elems = 11508669133270
Step 900 time = 0.015479, # ZDD nodes = 11577, # elems = 13708920342812
Step 901 time = 0.016681, # ZDD nodes = 11781, # elems = 15822102980476
Step 902 time = 0.018317, # ZDD nodes = 12038, # elems = 17688694141191
Step 903 time = 0.020752, # ZDD nodes = 12337, # elems = 19153191754912
Step 904 time = 0.023105, # ZDD nodes = 12636, # elems = 20084861765680
Step 905 time = 0.025486, # ZDD nodes = 12903, # elems = 20396427158802
Step 906 time = 0.027081, # ZDD nodes = 13186, # elems = 20057071657299
Step 907 time = 0.027043, # ZDD nodes = 13476, # elems = 19097127031146
Step 908 time = 0.028353, # ZDD nodes = 13787, # elems = 17603480144374
Step 909 time = 0.029354, # ZDD nodes = 14052, # elems = 15706657713524
Step 910 time = 0.029037, # ZDD nodes = 14358, # elems = 13562227797103
Step 911 time = 0.030429, # ZDD nodes = 14681, # elems = 11330175867460
Step 912 time = 0.032241, # ZDD nodes = 14960, # elems = 9156049109879
Step 913 time = 0.033530, # ZDD nodes = 15222, # elems = 7156950689933
Step 914 time = 0.035298, # ZDD nodes = 15473, # elems = 5414166092822
Step 915 time = 0.035702, # ZDD nodes = 15729, # elems = 3972699480018
Step 916 time = 0.036016, # ZDD nodes = 16051, # elems = 2846666538491
Step 917 time = 0.035222, # ZDD nodes = 16358, # elems = 2028593915252
Step 918 time = 0.034731, # ZDD nodes = 16616, # elems = 1500308636088
Step 919 time = 0.034096, # ZDD nodes = 16890, # elems = 1243203682507
Step 920 time = 0.034357, # ZDD nodes = 17249, # elems = 1246085980261
Step 921 time = 0.037039, # ZDD nodes = 17688, # elems = 1509386236487
Step 922 time = 0.059858, # ZDD nodes = 18119, # elems = 2045122204493
Step 923 time = 0.040507, # ZDD nodes = 18593, # elems = 2872615281382
Step 924 time = 0.040665, # ZDD nodes = 19127, # elems = 4010570866898
Step 925 time = 0.042213, # ZDD nodes = 19701, # elems = 5466750304760
Step 926 time = 0.045777, # ZDD nodes = 20310, # elems = 7227040299606
Step 927 time = 0.048936, # ZDD nodes = 20979, # elems = 9246146412107
Step 928 time = 0.052283, # ZDD nodes = 21727, # elems = 11442233998819
Step 929 time = 0.058229, # ZDD nodes = 22601, # elems = 13697461297706
Step 930 time = 0.062685, # ZDD nodes = 23493, # elems = 15865439115752
Step 931 time = 0.075503, # ZDD nodes = 24318, # elems = 17785310532714
Step 932 time = 0.064883, # ZDD nodes = 25068, # elems = 19300640305572
Step 933 time = 0.062737, # ZDD nodes = 25715, # elems = 20280016831099
Step 934 time = 0.059920, # ZDD nodes = 26235, # elems = 20635580064542
Step 935 time = 0.076864, # ZDD nodes = 26612, # elems = 20335849117752
Step 936 time = 0.053183, # ZDD nodes = 26962, # elems = 19410258968311
Step 937 time = 0.051096, # ZDD nodes = 27255, # elems = 17944497953508
Step 938 time = 0.049893, # ZDD nodes = 27489, # elems = 16067642301289
Step 939 time = 0.048126, # ZDD nodes = 27608, # elems = 13933719341093
Step 940 time = 0.046867, # ZDD nodes = 27678, # elems = 11701290273035
Step 941 time = 0.045493, # ZDD nodes = 27688, # elems = 9514725359205
Step 942 time = 0.043859, # ZDD nodes = 27613, # elems = 7490102833522
Step 943 time = 0.042028, # ZDD nodes = 27496, # elems = 5707369653401
Step 944 time = 0.039460, # ZDD nodes = 27285, # elems = 4208944878539
Step 945 time = 0.036954, # ZDD nodes = 26975, # elems = 3003700568834
Step 946 time = 0.034179, # ZDD nodes = 26554, # elems = 2074478358922
Step 947 time = 0.031882, # ZDD nodes = 26032, # elems = 1387079441378
Step 948 time = 0.071674, # ZDD nodes = 25393, # elems = 898927202455
Step 949 time = 0.028313, # ZDD nodes = 24754, # elems = 566165342229
Step 950 time = 0.026487, # ZDD nodes = 24036, # elems = 348609580565
Step 951 time = 0.025215, # ZDD nodes = 23246, # elems = 212542533605
Step 952 time = 0.023968, # ZDD nodes = 22390, # elems = 131726088703
Step 953 time = 0.022897, # ZDD nodes = 21476, # elems = 87178731302
Step 954 time = 0.022595, # ZDD nodes = 20526, # elems = 66261325824
Step 955 time = 0.043016, # ZDD nodes = 19709, # elems = 61498490351
Step 956 time = 0.023265, # ZDD nodes = 18920, # elems = 69401559952
Step 957 time = 0.023409, # ZDD nodes = 18152, # elems = 89406362221
Step 958 time = 0.022585, # ZDD nodes = 17470, # elems = 122927012120
Step 959 time = 0.022163, # ZDD nodes = 16908, # elems = 172468985041
Step 960 time = 0.021886, # ZDD nodes = 16314, # elems = 240740068319
Step 961 time = 0.021716, # ZDD nodes = 15827, # elems = 329736066162
Step 962 time = 0.021818, # ZDD nodes = 15344, # elems = 439842122647
Step 963 time = 0.021799, # ZDD nodes = 14906, # elems = 569057975299
Step 964 time = 0.022407, # ZDD nodes = 14617, # elems = 712501897970
Step 965 time = 0.023333, # ZDD nodes = 14273, # elems = 862351982597
Step 966 time = 0.023692, # ZDD nodes = 14004, # elems = 1008332937832
Step 967 time = 0.024853, # ZDD nodes = 13790, # elems = 1138755819774
Step 968 time = 0.025526, # ZDD nodes = 13570, # elems = 1241989154356
Step 969 time = 0.025742, # ZDD nodes = 13617, # elems = 1308118698481
Step 970 time = 0.026535, # ZDD nodes = 13720, # elems = 1330478999008
Step 971 time = 0.028298, # ZDD nodes = 13851, # elems = 1306742269884
Step 972 time = 0.029693, # ZDD nodes = 14152, # elems = 1239336630553
Step 973 time = 0.031372, # ZDD nodes = 14437, # elems = 1135117799098
Step 974 time = 0.033217, # ZDD nodes = 14830, # elems = 1004395425275
Step 975 time = 0.035472, # ZDD nodes = 15193, # elems = 859567463418
Step 976 time = 0.035994, # ZDD nodes = 15510, # elems = 713699763373
Step 977 time = 0.074561, # ZDD nodes = 15808, # elems = 579379554931
Step 978 time = 0.035248, # ZDD nodes = 16135, # elems = 468073012540
Step 979 time = 0.033363, # ZDD nodes = 16389, # elems = 390055127397
Step 980 time = 0.031743, # ZDD nodes = 16579, # elems = 354797025327
Step 981 time = 0.030367, # ZDD nodes = 16759, # elems = 371538695449
Step 982 time = 0.028942, # ZDD nodes = 16933, # elems = 449685247490
Step 983 time = 0.030708, # ZDD nodes = 17165, # elems = 598670307277
Step 984 time = 0.031188, # ZDD nodes = 17375, # elems = 827040322548
Step 985 time = 0.031793, # ZDD nodes = 17614, # elems = 1140715496161
Step 986 time = 0.031139, # ZDD nodes = 17814, # elems = 1540640096670
Step 987 time = 0.030152, # ZDD nodes = 17999, # elems = 2020288778974
Step 988 time = 0.029497, # ZDD nodes = 18091, # elems = 2563675286594
Step 989 time = 0.029101, # ZDD nodes = 18175, # elems = 3144548298792
Step 990 time = 0.050745, # ZDD nodes = 18169, # elems = 3727314658764
Step 991 time = 0.029057, # ZDD nodes = 18170, # elems = 4269907202702
Step 992 time = 0.050600, # ZDD nodes = 18177, # elems = 4728373108045
Step 993 time = 0.029086, # ZDD nodes = 18181, # elems = 5062506871861
Step 994 time = 0.029668, # ZDD nodes = 18215, # elems = 5241517599489
Step 995 time = 0.030854, # ZDD nodes = 18332, # elems = 5248611449913
Step 996 time = 0.031589, # ZDD nodes = 18457, # elems = 5083537023232
Step 997 time = 0.031764, # ZDD nodes = 18535, # elems = 4762554491750
Step 998 time = 0.031712, # ZDD nodes = 18671, # elems = 4315843577134
Step 999 time = 0.032081, # ZDD nodes = 18788, # elems = 3782912525044
t found
a YES
a 1 4 6 8 10 12 14 17 19 21 23 25 27 30 32 34 36 38 40 43 45 47 49 51 53 56 58 60 62 64 66 69 71 73 75 77 80 82 84 85 87 89 92 94 96 97 99 101 104 106 108 109 111 113 116 118 120 121 123 125 128 130 132 133 135 137 140 142 144 145 147 149 152 154 156 157 159 161 164 166 168 169 171 173 176 178 180 181 183 185 188 190 192 193 195 197 200 202 204 205 207 209 212 214 216 217 219 221 224 226 228 229 231 233 236 238 240 241 243 245 248 250 252 253 255 257
a 1 4 7 8 10 12 14 17 19 21 23 25 27 30 32 34 36 38 40 43 45 47 49 51 53 56 58 60 62 64 66 69 71 73 75 77 80 82 84 85 87 89 92 94 96 97 99 101 104 106 108 109 111 113 116 118 120 121 123 125 128 130 132 133 135 137 140 142 144 145 147 149 152 154 156 157 159 161 164 166 168 169 171 173 176 178 180 181 183 185 188 190 192 193 195 197 200 202 204 205 207 209 212 214 216 217 219 221 224 226 228 229 231 233 236 238 240 241 243 245 248 250 252 253 255 257
a 1 5 7 8 10 12 14 17 19 21 23 25 27 30 32 34 36 38 40 43 45 47 49 51 53 56 58 60 62 64 66 69 71 73 75 77 80 82 84 85 87 89 92 94 96 97 99 101 104 106 108 109 111 113 116 118 120 121 123 125 128 130 132 133 135 137 140 142 144 145 147 149 152 154 156 157 159 161 164 166 168 169 171 173 176 178 180 181 183 185 188 190 192 193 195 197 200 202 204 205 207 209 212 214 216 217 219 221 224 226 228 229 231 233 236 238 240 241 243 245 248 250 252 253 255 257
a 2 5 7 8 10 12 14 17 19 21 23 25 27 30 32 34 36 38 40 43 45 47 49 51 53 56 58 60 62 64 66 69 71 73 75 77 80 82 84 85 87 89 92 94 96 97 99 101 104 106 108 109 111 113 116 118 120 121 123 125 128 130 132 133 135 137 140 142 144 145 147 149 152 154 156 157 159 161 164 166 168 169 171 173 176 178 180 181 183 185 188 190 192 193 195 197 200 202 204 205 207 209 212 214 216 217 219 221 224 226 228 229 231 233 236 238 240 241 243 245 248 250 252 253 255 257
a 2 5 7 8 10 12 14 17 19 21 23 25 27 30 32 34 36 38 40 43 45 47 49 51 53 56 58 60 62 64 66 69 71 73 75 77 80 82 84 86 87 89 92 94 96 97 99 101 104 106 108 109 111 113 116 118 120 121 123 125 128 130 132 133 135 137 140 142 144 145 147 149 152 154 156 157 159 161 164 166 168 169 171 173 176 178 180 181 183 185 188 190 192 193 195 197 200 202 204 205 207 209 212 214 216 217 219 221 224 226 228 229 231 233 236 238 240 241 243 245 248 250 252 253 255 257
a 2 5 7 8 10 12 14 17 19 21 23 25 27 30 32 34 36 38 40 43 45 47 49 51 53 56 58 60 62 64 66 69 71 73 75 77 80 82 84 86 88 89 92 94 96 97 99 101 104 106 108 109 111 113 116 118 120 121 123 125 128 130 132 133 135 137 140 142 144 145 147 149 152 154 156 157 159 161 164 166 168 169 171 173 176 178 180 181 183 185 188 190 192 193 195 197 200 202 204 205 207 209 212 214 216 217 219 221 224 226 228 229 231 233 236 238 240 241 243 245 248 250 252 253 255 257
a 2 5 7 8 10 12 14 17 19 21 23 25 27 30 32 34 36 38 40 43 45 47 49 51 53 56 58 60 62 64 66 69 71 73 75 77 80 82 84 86 88 90 92 94 96 97 99 101 104 106 108 109 111 113 116 118 120 121 123 125 128 130 132 133 135 137 140 142 144 145 147 149 152 154 156 157 159 161 164 166 168 169 171 173 176 178 180 181 183 185 188 190 192 193 195 197 200 202 204 205 207 209 212 214 216 217 219 221 224 226 228 229 231 233 236 238 240 241 243 245 248 250 252 253 255 257
a 2 3 7 8 10 12 14 17 19 21 23 25 27 30 32 34 36 38 40 43 45 47 49 51 53 56 58 60 62 64 66 69 71 73 75 77 80 82 84 86 88 90 92 94 96 97 99 101 104 106 108 109 111 113 116 118 120 121 123 125 128 130 132 133 135 137 140 142 144 145 147 149 152 154 156 157 159 161 164 166 168 169 171 173 176 178 180 181 183 185 188 190 192 193 195 197 200 202 204 205 207 209 212 214 216 217 219 221 224 226 228 229 231 233 236 238 240 241 243 245 248 250 252 253 255 257
a 2 3 6 8 10 12 14 17 19 21 23 25 27 30 32 34 36 38 40 43 45 47 49 51 53 56 58 60 62 64 66 69 71 73 75 77 80 82 84 86 88 90 92 94 96 97 99 101 104 106 108 109 111 113 116 118 120 121 123 125 128 130 132 133 135 137 140 142 144 145 147 149 152 154 156 157 159 161 164 166 168 169 171 173 176 178 180 181 183 185 188 190 192 193 195 197 200 202 204 205 207 209 212 214 216 217 219 221 224 226 228 229 231 233 236 238 240 241 243 245 248 250 252 253 255 257
a 2 3 6 8 10 12 14 17 19 21 23 25 27 30 32 34 36 38 40 43 45 47 49 51 53 56 58 60 62 64 66 69 71 73 75 77 79 82 84 86 88 90 92 94 96 97 99 101 104 106 108 109 111 113 116 118 120 121 123 125 128 130 132 133 135 137 140 142 144 145 147 149 152 154 156 157 159 161 164 166 168 169 171 173 176 178 180 181 183 185 188 190 192 193 195 197 200 202 204 205 207 209 212 214 216 217 219 221 224 226 228 229 231 233 236 238 240 241 243 245 248 250 252 253 255 257
a 2 3 6 8 10 12 14 17 19 21 23 25 27 30 32 34 36 38 40 43 45 47 49 51 53 56 58 60 62 64 66 69 71 73 75 77 79 81 84 86 88 90 92 94 96 97 99 101 104 106 108 109 111 113 116 118 120 121 123 125 128 130 132 133 135 137 140 142 144 145 147 149 152 154 156 157 159 161 164 166 168 169 171 173 176 178 180 181 183 185 188 190 192 193 195 197 200 202 204 205 207 209 212 214 216 217 219 221 224 226 228 229 231 233 236 238 240 241 243 245 248 250 252 253 255 257
a 2 3 6 8 10 12 14 17 19 21 23 25 27 30 32 34 36 38 40 43 45 47 49 51 53 56 58 60 62 64 66 69 71 73 75 77 79 81 83 86 88 90 92 94 96 97 99 101 104 106 108 109 111 113 116 118 120 121 123 125 128 130 132 133 135 137 140 142 144 145 147 149 152 154 156 157 159 161 164 166 168 169 171 173 176 178 180 181 183 185 188 190 192 193 195 197 200 202 204 205 207 209 212 214 216 217 219 221 224 226 228 229 231 233 236 238 240 241 243 245 248 250 252 253 255 257
a 2 3 6 8 10 12 14 17 20 21 23 25 27 30 32 34 36 38 40 43 45 47 49 51 53 56 58 60 62 64 66 69 71 73 75 77 79 81 83 86 88 90 92 94 96 97 99 101 104 106 108 109 111 113 116 118 120 121 123 125 128 130 132 133 135 137 140 142 144 145 147 149 152 154 156 157 159 161 164 166 168 169 171 173 176 178 180 181 183 185 188 190 192 193 195 197 200 202 204 205 207 209 212 214 216 217 219 221 224 226 228 229 231 233 236 238 240 241 243 245 248 250 252 253 255 257
a 2 3 6 8 10 12 14 18 20 21 23 25 27 30 32 34 36 38 40 43 45 47 49 51 53 56 58 60 62 64 66 69 71 73 75 77 79 81 83 86 88 90 92 94 96 97 99 101 104 106 108 109 111 113 116 118 120 121 123 125 128 130 132 133 135 137 140 142 144 145 147 149 152 154 156 157 159 161 164 166 168 169 171 173 176 178 180 181 183 185 188 190 192 193 195 197 200 202 204 205 207 209 212 214 216 217 219 221 224 226 228 229 231 233 236 238 240 241 243 245 248 250 252 253 255 257
a 2 3 6 8 10 12 15 18 20 21 23 25 27 30 32 34 36 38 40 43 45 47 49 51 53 56 58 60 62 64 66 69 71 73 75 77 79 81 83 86 88 90 92 94 96 97 99 101 104 106 108 109 111 113 116 118 120 121 123 125 128 130 132 133 135 137 140 142 144 145 147 149 152 154 156 157 159 161 164 166 168 169 171 173 176 178 180 181 183 185 188 190 192 193 195 197 200 202 204 205 207 209 212 214 216 217 219 221 224 226 228 229 231 233 236 238 240 241 243 245 248 250 252 253 255 257
a 2 3 6 8 10 12 15 16 20 21 23 25 27 30 32 34 36 38 40 43 45 47 49 51 53 56 58 60 62 64 66 69 71 73 75 77 79 81 83 86 88 90 92 94 96 97 99 101 104 106 108 109 111 113 116 118 120 121 123 125 128 130 132 133 135 137 140 142 144 145 147 149 152 154 156 157 159 161 164 166 168 169 171 173 176 178 180 181 183 185 188 190 192 193 195 197 200 202 204 205 207 209 212 214 216 217 219 221 224 226 228 229 231 233 236 238 240 241 243 245 248 250 252 253 255 257
a 2 3 6 8 10 12 15 16 19 21 23 25 27 30 32 34 36 38 40 43 45 47 49 51 53 56 58 60 62 64 66 69 71 73 75 77 79 81 83 86 88 90 92 94 96 97 99 101 104 106 108 109 111 113 116 118 120 121 123 125 128 130 132 133 135 137 140 142 144 145 147 149 152 154 156 157 159 161 164 166 168 169 171 173 176 178 180 181 183 185 188 190 192 193 195 197 200 202 204 205 207 209 212 214 216 217 219 221 224 226 228 229 231 233 236 238 240 241 243 245 248 250 252 253 255 257
a 2 3 6 8 10 12 15 16 19 21 23 25 27 30 32 34 36 38 40 43 45 47 49 51 53 56 58 60 62 64 66 69 71 73 75 77 79 81 83 86 88 89 92 94 96 97 99 101 104 106 108 109 111 113 116 118 120 121 123 125 128 130 132 133 135 137 140 142 144 145 147 149 152 154 156 157 159 161 164 166 168 169 171 173 176 178 180 181 183 185 188 190 192 193 195 197 200 202 204 205 207 209 212 214 216 217 219 221 224 226 228 229 231 233 236 238 240 241 243 245 248 250 252 253 255 257
a 2 3 6 8 10 12 15 16 19 21 23 25 27 30 32 34 36 38 40 43 45 47 49 51 53 56 58 60 62 64 66 69 71 73 75 77 79 81 83 86 87 89 92 94 96 97 99 101 104 106 108 109 111 113 116 118 120 121 123 125 128 130 132 133 135 137 140 142 144 145 147 149 152 154 156 157 159 161 164 166 168 169 171 173 176 178 180 181 183 185 188 190 192 193 195 197 200 202 204 205 207 209 212 214 216 217 219 221 224 226 228 229 231 233 236 238 240 241 243 245 248 250 252 253 255 257
a 2 3 6 8 10 12 15 16 19 21 23 25 27 30 32 34 36 38 40 43 45 47 49 51 53 56 58 60 62 64 66 69 71 73 75 77 79 81 83 85 87 89 92 94 96 97 99 101 104 106 108 109 111 113 116 118 120 121 123 125 128 130 132 133 135 137 140 142 144 145 147 149 152 154 156 157 159 161 164 166 168 169 171 173 176 178 180 181 183 185 188 190 192 193 195 197 200 202 204 205 207 209 212 214 216 217 219 221 224 226 228 229 231 233 236 238 240 241 243 245 248 250 252 253 255 257
a 2 3 6 8 10 12 15 16 19 21 23 25 27 30 32 34 36 38 40 43 45 47 49 51 53 56 58 60 62 64 66 69 71 73 75 77 79 81 84 85 87 89 92 94 96 97 99 101 104 106 108 109 111 113 116 118 120 121 123 125 128 130 132 133 135 137 140 142 144 145 147 149 152 154 156 157 159 161 164 166 168 169 171 173 176 178 180 181 183 185 188 190 192 193 195 197 200 202 204 205 207 209 212 214 216 217 219 221 224 226 228 229 231 233 236 238 240 241 243 245 248 250 252 253 255 257
a 2 3 6 8 10 12 15 16 19 21 23 25 27 30 32 34 36 38 40 43 45 47 49 51 53 56 58 60 62 64 66 69 71 73 75 77 79 82 84 85 87 89 92 94 96 97 99 101 104 106 108 109 111 113 116 118 120 121 123 125 128 130 132 133 135 137 140 142 144 145 147 149 152 154 156 157 159 161 164 166 168 169 171 173 176 178 180 181 183 185 188 190 192 193 195 197 200 202 204 205 207 209 212 214 216 217 219 221 224 226 228 229 231 233 236 238 240 241 243 245 248 250 252 253 255 257
a 2 3 6 8 10 12 15 16 19 21 23 25 27 30 32 34 36 38 40 43 45 47 49 51 53 56 58 60 62 64 66 69 71 73 75 77 80 82 84 85 87 89 92 94 96 97 99 101 104 106 108 109 111 113 116 118 120 121 123 125 128 130 132 133 135 137 140 142 144 145 147 149 152 154 156 157 159 161 164 166 168 169 171 173 176 178 180 181 183 185 188 190 192 193 195 197 200 202 204 205 207 209 212 214 216 217 219 221 224 226 228 229 231 233 236 238 240 241 243 245 248 250 252 253 255 257
a 2 3 7 8 10 12 15 16 19 21 23 25 27 30 32 34 36 38 40 43 45 47 49 51 53 56 58 60 62 64 66 69 71 73 75 77 80 82 84 85 87 89 92 94 96 97 99 101 104 106 108 109 111 113 116 118 120 121 123 125 128 130 132 133 135 137 140 142 144 145 147 149 152 154 156 157 159 161 164 166 168 169 171 173 176 178 180 181 183 185 188 190 192 193 195 197 200 202 204 205 207 209 212 214 216 217 219 221 224 226 228 229 231 233 236 238 240 241 243 245 248 250 252 253 255 257
a 2 5 7 8 10 12 15 16 19 21 23 25 27 30 32 34 36 38 40 43 45 47 49 51 53 56 58 60 62 64 66 69 71 73 75 77 80 82 84 85 87 89 92 94 96 97 99 101 104 106 108 109 111 113 116 118 120 121 123 125 128 130 132 133 135 137 140 142 144 145 147 149 152 154 156 157 159 161 164 166 168 169 171 173 176 178 180 181 183 185 188 190 192 193 195 197 200 202 204 205 207 209 212 214 216 217 219 221 224 226 228 229 231 233 236 238 240 241 243 245 248 250 252 253 255 257
a 1 5 7 8 10 12 15 16 19 21 23 25 27 30 32 34 36 38 40 43 45 47 49 51 53 56 58 60 62 64 66 69 71 73 75 77 80 82 84 85 87 89 92 94 96 97 99 101 104 106 108 109 111 113 116 118 120 121 123 125 128 130 132 133 135 137 140 142 144 145 147 149 152 154 156 157 159 161 164 166 168 169 171 173 176 178 180 181 183 185 188 190 192 193 195 197 200 202 204 205 207 209 212 214 216 217 219 221 224 226 228 229 231 233 236 238 240 241 243 245 248 250 252 253 255 257
a 1 5 7 8 10 12 15 16 19 21 23 25 27 30 32 34 36 38 40 43 45 47 49 51 53 56 58 60 62 64 66 69 71 73 75 77 80 82 84 85 87 89 92 94 96 97 99 101 104 106 108 109 111 113 116 118 120 121 123 125 128 130 132 133 135 137 140 142 144 146 147 149 152 154 156 157 159 161 164 166 168 169 171 173 176 178 180 181 183 185 188 190 192 193 195 197 200 202 204 205 207 209 212 214 216 217 219 221 224 226 228 229 231 233 236 238 240 241 243 245 248 250 252 253 255 257
a 1 5 7 8 10 12 15 16 19 21 23 25 27 30 32 34 36 38 40 43 45 47 49 51 53 56 58 60 62 64 66 69 71 73 75 77 80 82 84 85 87 89 92 94 96 97 99 101 104 106 108 109 111 113 116 118 120 121 123 125 128 130 132 133 135 137 140 142 144 146 148 149 152 154 156 157 159 161 164 166 168 169 171 173 176 178 180 181 183 185 188 190 192 193 195 197 200 202 204 205 207 209 212 214 216 217 219 221 224 226 228 229 231 233 236 238 240 241 243 245 248 250 252 253 255 257
a 1 5 7 8 10 12 15 16 19 21 23 25 27 30 32 34 36 38 40 43 45 47 49 51 53 56 58 60 62 64 66 69 71 73 75 77 80 82 84 85 87 89 92 94 96 97 99 101 104 106 108 109 111 113 116 118 120 121 123 125 128 130 132 133 135 137 140 142 144 146 148 150 152 154 156 157 159 161 164 166 168 169 171 173 176 178 180 181 183 185 188 190 192 193 195 197 200 202 204 205 207 209 212 214 216 217 219 221 224 226 228 229 231 233 236 238 240 241 243 245 248 250 252 253 255 257
a 1 4 7 8 10 12 15 16 19 21 23 25 27 30 32 34 36 38 40 43 45 47 49 51 53 56 58 60 62 64 66 69 71 73 75 77 80 82 84 85 87 89 92 94 96 97 99 101 104 106 108 109 111 113 116 118 120 121 123 125 128 130 132 133 135 137 140 142 144 146 148 150 152 154 156 157 159 161 164 166 168 169 171 173 176 178 180 181 183 185 188 190 192 193 195 197 200 202 204 205 207 209 212 214 216 217 219 221 224 226 228 229 231 233 236 238 240 241 243 245 248 250 252 253 255 257
a 1 4 6 8 10 12 15 16 19 21 23 25 27 30 32 34 36 38 40 43 45 47 49 51 53 56 58 60 62 64 66 69 71 73 75 77 80 82 84 85 87 89 92 94 96 97 99 101 104 106 108 109 111 113 116 118 120 121 123 125 128 130 132 133 135 137 140 142 144 146 148 150 152 154 156 157 159 161 164 166 168 169 171 173 176 178 180 181 183 185 188 190 192 193 195 197 200 202 204 205 207 209 212 214 216 217 219 221 224 226 228 229 231 233 236 238 240 241 243 245 248 250 252 253 255 257
a 1 4 6 8 10 12 15 16 19 21 23 25 27 30 32 34 36 38 40 43 45 47 49 51 53 56 58 60 62 64 66 69 71 73 75 77 80 82 84 85 87 89 92 94 96 97 99 101 104 106 108 109 111 113 116 118 120 121 123 125 128 130 132 133 135 137 139 142 144 146 148 150 152 154 156 157 159 161 164 166 168 169 171 173 176 178 180 181 183 185 188 190 192 193 195 197 200 202 204 205 207 209 212 214 216 217 219 221 224 226 228 229 231 233 236 238 240 241 243 245 248 250 252 253 255 257
a 1 4 6 8 10 12 15 16 19 21 23 25 27 30 32 34 36 38 40 43 45 47 49 51 53 56 58 60 62 64 66 69 71 73 75 77 80 82 84 85 87 89 92 94 96 97 99 101 104 106 108 109 111 113 116 118 120 121 123 125 128 130 132 133 135 137 139 141 144 146 148 150 152 154 156 157 159 161 164 166 168 169 171 173 176 178 180 181 183 185 188 190 192 193 195 197 200 202 204 205 207 209 212 214 216 217 219 221 224 226 228 229 231 233 236 238 240 241 243 245 248 250 252 253 255 257
a 1 4 6 8 10 12 15 16 19 21 23 25 27 30 32 34 36 38 40 43 45 47 49 51 53 56 58 60 62 64 66 69 71 73 75 77 80 82 84 85 87 89 92 94 96 97 99 101 104 106 108 109 111 113 116 118 120 121 123 125 128 130 132 133 135 137 139 141 143 146 148 150 152 154 156 157 159 161 164 166 168 169 171 173 176 178 180 181 183 185 188 190 192 193 195 197 200 202 204 205 207 209 212 214 216 217 219 221 224 226 228 229 231 233 236 238 240 241 243 245 248 250 252 253 255 257
a 1 4 6 8 10 12 15 16 19 21 23 25 27 30 32 34 36 38 40 43 45 47 49 51 53 56 58 60 62 64 66 69 71 73 75 77 80 82 84 85 87 89 92 94 96 98 99 101 104 106 108 109 111 113 116 118 120 121 123 125 128 130 132 133 135 137 139 141 143 146 148 150 152 154 156 157 159 161 164 166 168 169 171 173 176 178 180 181 183 185 188 190 192 193 195 197 200 202 204 205 207 209 212 214 216 217 219 221 224 226 228 229 231 233 236 238 240 241 243 245 248 250 252 253 255 257
a 1 4 6 8 10 12 15 16 19 21 23 25 27 30 32 34 36 38 40 43 45 47 49 51 53 56 58 60 62 64 66 69 71 73 75 77 80 82 84 85 87 89 92 94 96 98 100 101 104 106 108 109 111 113 116 118 120 121 123 125 128 130 132 133 135 137 139 141 143 146 148 150 152 154 156 157 159 161 164 166 168 169 171 173 176 178 180 181 183 185 188 190 192 193 195 197 200 202 204 205 207 209 212 214 216 217 219 221 224 226 228 229 231 233 236 238 240 241 243 245 248 250 252 253 255 257
a 1 4 6 8 10 12 15 16 19 21 23 25 27 30 32 34 36 38 40 43 45 47 49 51 53 56 58 60 62 64 66 69 71 73 75 77 80 82 84 85 87 89 92 94 96 98 100 102 104 106 108 109 111 113 116 118 120 121 123 125 128 130 132 133 135 137 139 141 143 146 148 150 152 154 156 157 159 161 164 166 168 169 171 173 176 178 180 181 183 185 188 190 192 193 195 197 200 202 204 205 207 209 212 214 216 217 219 221 224 226 228 229 231 233 236 238 240 241 243 245 248 250 252 253 255 257
a 1 4 6 8 10 12 15 16 19 21 23 25 27 30 32 34 36 38 40 43 45 47 49 51 53 56 58 60 62 64 66 69 71 73 75 77 80 82 84 85 87 89 91 94 96 98 100 102 104 106 108 109 111 113 116 118 120 121 123 125 128 130 132 133 135 137 139 141 143 146 148 150 152 154 156 157 159 161 164 166 168 169 171 173 176 178 180 181 183 185 188 190 192 193 195 197 200 202 204 205 207 209 212 214 216 217 219 221 224 226 228 229 231 233 236 238 240 241 243 245 248 250 252 253 255 257
a 1 4 6 8 10 12 15 16 19 21 23 25 27 30 32 34 36 38 40 43 45 47 49 51 53 56 58 60 62 64 66 69 71 73 75 77 80 82 84 85 87 89 91 93 96 98 100 102 104 106 108 109 111 113 116 118 120 121 123 125 128 130 132 133 135 137 139 141 143 146 148 150 152 154 156 157 159 161 164 166 168 169 171 173 176 178 180 181 183 185 188 190 192 193 195 197 200 202 204 205 207 209 212 214 216 217 219 221 224 226 228 229 231 233 236 238 240 241 243 245 248 250 252 253 255 257
a 1 4 6 8 10 12 15 16 19 21 23 25 27 30 32 34 36 38 40 43 45 47 49 51 53 56 58 60 62 64 66 69 71 73 75 77 80 82 84 85 87 89 91 93 95 98 100 102 104 106 108 109 111 113 116 118 120 121 123 125 128 130 132 133 135 137 139 141 143 146 148 150 152 154 156 157 159 161 164 166 168 169 171 173 176 178 180 181 183 185 188 190 192 193 195 197 200 202 204 205 207 209 212 214 216 217 219 221 224 226 228 229 231 233 236 238 240 241 243 245 248 250 252 253 255 257
a 1 4 6 8 10 12 15 16 19 21 23 25 27 30 33 34 36 38 40 43 45 47 49 51 53 56 58 60 62 64 66 69 71 73 75 77 80 82 84 85 87 89 91 93 95 98 100 102 104 106 108 109 111 113 116 118 120 121 123 125 128 130 132 133 135 137 139 141 143 146 148 150 152 154 156 157 159 161 164 166 168 169 171 173 176 178 180 181 183 185 188 190 192 193 195 197 200 202 204 205 207 209 212 214 216 217 219 221 224 226 228 229 231 233 236 238 240 241 243 245 248 250 252 253 255 257
a 1 4 6 8 10 12 15 16 19 21 23 25 27 31 33 34 36 38 40 43 45 47 49 51 53 56 58 60 62 64 66 69 71 73 75 77 80 82 84 85 87 89 91 93 95 98 100 102 104 106 108 109 111 113 116 118 120 121 123 125 128 130 132 133 135 137 139 141 143 146 148 150 152 154 156 157 159 161 164 166 168 169 171 173 176 178 180 181 183 185 188 190 192 193 195 197 200 202 204 205 207 209 212 214 216 217 219 221 224 226 228 229 231 233 236 238 240 241 243 245 248 250 252 253 255 257
a 1 4 6 8 10 12 15 16 19 21 23 25 28 31 33 34 36 38 40 43 45 47 49 51 53 56 58 60 62 64 66 69 71 73 75 77 80 82 84 85 87 89 91 93 95 98 100 102 104 106 108 109 111 113 116 118 120 121 123 125 128 130 132 133 135 137 139 141 143 146 148 150 152 154 156 157 159 161 164 166 168 169 171 173 176 178 180 181 183 185 188 190 192 193 195 197 200 202 204 205 207 209 212 214 216 217 219 221 224 226 228 229 231 233 236 238 240 241 243 245 248 250 252 253 255 257
a 1 4 6 8 10 12 15 16 19 21 23 25 28 29 33 34 36 38 40 43 45 47 49 51 53 56 58 60 62 64 66 69 71 73 75 77 80 82 84 85 87 89 91 93 95 98 100 102 104 106 108 109 111 113 116 118 120 121 123 125 128 130 132 133 135 137 139 141 143 146 148 150 152 154 156 157 159 161 164 166 168 169 171 173 176 178 180 181 183 185 188 190 192 193 195 197 200 202 204 205 207 209 212 214 216 217 219 221 224 226 228 229 231 233 236 238 240 241 243 245 248 250 252 253 255 257
a 1 4 6 8 10 12 15 16 19 21 23 25 28 29 32 34 36 38 40 43 45 47 49 51 53 56 58 60 62 64 66 69 71 73 75 77 80 82 84 85 87 89 91 93 95 98 100 102 104 106 108 109 111 113 116 118 120 121 123 125 128 130 132 133 135 137 139 141 143 146 148 150 152 154 156 157 159 161 164 166 168 169 171 173 176 178 180 181 183 185 188 190 192 193 195 197 200 202 204 205 207 209 212 214 216 217 219 221 224 226 228 229 231 233 236 238 240 241 243 245 248 250 252 253 255 257
a 1 4 6 8 10 12 15 16 19 21 23 25 28 29 32 34 36 38 40 43 45 47 49 51 53 56 58 60 62 64 66 69 71 73 75 77 80 82 84 85 87 89 91 93 95 98 100 102 104 106 108 109 111 113 116 118 120 121 123 125 128 130 132 133 135 137 139 141 143 146 148 149 152 154 156 157 159 161 164 166 168 169 171 173 176 178 180 181 183 185 188 190 192 193 195 197 200 202 204 205 207 209 212 214 216 217 219 221 224 226 228 229 231 233 236 238 240 241 243 245 248 250 252 253 255 257
a 1 4 6 8 10 12 15 16 19 21 23 25 28 29 32 34 36 38 40 43 45 47 49 51 53 56 58 60 62 64 66 69 71 73 75 77 80 82 84 85 87 89 91 93 95 98 100 102 104 106 108 109 111 113 116 118 120 121 123 125 128 130 132 133 135 137 139 141 143 146 147 149 152 154 156 157 159 161 164 166 168 169 171 173 176 178 180 181 183 185 188 190 192 193 195 197 200 202 204 205 207 209 212 214 216 217 219 221 224 226 228 229 231 233 236 238 240 241 243 245 248 250 252 253 255 257
a 1 4 6 8 10 12 15 16 19 21 23 25 28 29 32 34 36 38 40 43 45 47 49 51 53 56 58 60 62 64 66 69 71 73 75 77 80 82 84 85 87 89 91 93 95 98 100 102 104 106 108 109 111 113 116 118 120 121 123 125 128 130 132 133 135 137 139 141 143 145 147 149 152 154 156 157 159 161 164 166 168 169 171 173 176 178 180 181 183 185 188 190 192 193 195 197 200 202 204 205 207 209 212 214 216 217 219 221 224 226 228 229 231 233 236 238 240 241 243 245 248 250 252 253 255 257
a 1 4 6 8 10 12 15 16 19 21 23 25 28 29 32 34 36 38 40 43 45 47 49 51 53 56 58 60 62 64 66 69 71 73 75 77 80 82 84 85 87 89 91 93 95 98 100 102 104 106 108 109 111 113 116 118 120 121 123 125 128 130 132 133 135 137 139 141 144 145 147 149 152 154 156 157 159 161 164 166 168 169 171 173 176 178 180 181 183 185 188 190 192 193 195 197 200 202 204 205 207 209 212 214 216 217 219 221 224 226 228 229 231 233 236 238 240 241 243 245 248 250 252 253 255 257
a 1 4 6 8 10 12 15 16 19 21 23 25 28 29 32 34 36 38 40 43 45 47 49 51 53 56 58 60 62 64 66 69 71 73 75 77 80 82 84 85 87 89 91 93 95 98 100 102 104 106 108 109 111 113 116 118 120 121 123 125 128 130 132 133 135 137 139 142 144 145 147 149 152 154 156 157 159 161 164 166 168 169 171 173 176 178 180 181 183 185 188 190 192 193 195 197 200 202 204 205 207 209 212 214 216 217 219 221 224 226 228 229 231 233 236 238 240 241 243 245 248 250 252 253 255 257
a 1 4 6 8 10 12 15 16 19 21 23 25 28 29 32 34 36 38 40 43 45 47 49 51 53 56 58 60 62 64 66 69 71 73 75 77 80 82 84 85 87 89 91 93 95 98 100 102 104 106 108 109 111 113 116 118 120 121 123 125 128 130 132 133 135 137 140 142 144 145 147 149 152 154 156 157 159 161 164 166 168 169 171 173 176 178 180 181 183 185 188 190 192 193 195 197 200 202 204 205 207 209 212 214 216 217 219 221 224 226 228 229 231 233 236 238 240 241 243 245 248 250 252 253 255 257
a 1 4 6 8 10 12 15 16 19 21 23 25 28 29 32 34 36 38 40 43 45 47 49 51 53 56 58 60 62 64 66 69 71 73 75 77 80 82 84 85 87 89 91 93 95 98 100 101 104 106 108 109 111 113 116 118 120 121 123 125 128 130 132 133 135 137 140 142 144 145 147 149 152 154 156 157 159 161 164 166 168 169 171 173 176 178 180 181 183 185 188 190 192 193 195 197 200 202 204 205 207 209 212 214 216 217 219 221 224 226 228 229 231 233 236 238 240 241 243 245 248 250 252 253 255 257
a 1 4 6 8 10 12 15 16 19 21 23 25 28 29 32 34 36 38 40 43 45 47 49 51 53 56 58 60 62 64 66 69 71 73 75 77 80 82 84 85 87 89 91 93 95 98 99 101 104 106 108 109 111 113 116 118 120 121 123 125 128 130 132 133 135 137 140 142 144 145 147 149 152 154 156 157 159 161 164 166 168 169 171 173 176 178 180 181 183 185 188 190 192 193 195 197 200 202 204 205 207 209 212 214 216 217 219 221 224 226 228 229 231 233 236 238 240 241 243 245 248 250 252 253 255 257
a 1 4 6 8 10 12 15 16 19 21 23 25 28 29 32 34 36 38 40 43 45 47 49 51 53 56 58 60 62 64 66 69 71 73 75 77 80 82 84 85 87 89 91 93 95 97 99 101 104 106 108 109 111 113 116 118 120 121 123 125 128 130 132 133 135 137 140 142 144 145 147 149 152 154 156 157 159 161 164 166 168 169 171 173 176 178 180 181 183 185 188 190 192 193 195 197 200 202 204 205 207 209 212 214 216 217 219 221 224 226 228 229 231 233 236 238 240 241 243 245 248 250 252 253 255 257
a 1 4 6 8 10 12 15 16 19 21 23 25 28 29 32 34 36 38 40 43 45 47 49 51 53 56 58 60 62 64 66 69 71 73 75 77 80 82 84 85 87 89 91 93 96 97 99 101 104 106 108 109 111 113 116 118 120 121 123 125 128 130 132 133 135 137 140 142 144 145 147 149 152 154 156 157 159 161 164 166 168 169 171 173 176 178 180 181 183 185 188 190 192 193 195 197 200 202 204 205 207 209 212 214 216 217 219 221 224 226 228 229 231 233 236 238 240 241 243 245 248 250 252 253 255 257
a 1 4 6 8 10 12 15 16 19 21 23 25 28 29 32 34 36 38 40 43 45 47 49 51 53 56 58 60 62 64 66 69 71 73 75 77 80 82 84 85 87 89 91 94 96 97 99 101 104 106 108 109 111 113 116 118 120 121 123 125 128 130 132 133 135 137 140 142 144 145 147 149 152 154 156 157 159 161 164 166 168 169 171 173 176 178 180 181 183 185 188 190 192 193 195 197 200 202 204 205 207 209 212 214 216 217 219 221 224 226 228 229 231 233 236 238 240 241 243 245 248 250 252 253 255 257
a 1 4 6 8 10 12 15 16 19 21 23 25 28 29 32 34 36 38 40 43 45 47 49 51 53 56 58 60 62 64 66 69 71 73 75 77 80 82 84 85 87 89 92 94 96 97 99 101 104 106 108 109 111 113 116 118 120 121 123 125 128 130 132 133 135 137 140 142 144 145 147 149 152 154 156 157 159 161 164 166 168 169 171 173 176 178 180 181 183 185 188 190 192 193 195 197 200 202 204 205 207 209 212 214 216 217 219 221 224 226 228 229 231 233 236 238 240 241 243 245 248 250 252 253 255 257
a 1 4 7 8 10 12 15 16 19 21 23 25 28 29 32 34 36 38 40 43 45 47 49 51 53 56 58 60 62 64 66 69 71 73 75 77 80 82 84 85 87 89 92 94 96 97 99 101 104 106 108 109 111 113 116 118 120 121 123 125 128 130 132 133 135 137 140 142 144 145 147 149 152 154 156 157 159 161 164 166 168 169 171 173 176 178 180 181 183 185 188 190 192 193 195 197 200 202 204 205 207 209 212 214 216 217 219 221 224 226 228 229 231 233 236 238 240 241 243 245 248 250 252 253 255 257
a 1 5 7 8 10 12 15 16 19 21 23 25 28 29 32 34 36 38 40 43 45 47 49 51 53 56 58 60 62 64 66 69 71 73 75 77 80 82 84 85 87 89 92 94 96 97 99 101 104 106 108 109 111 113 116 118 120 121 123 125 128 130 132 133 135 137 140 142 144 145 147 149 152 154 156 157 159 161 164 166 168 169 171 173 176 178 180 181 183 185 188 190 192 193 195 197 200 202 204 205 207 209 212 214 216 217 219 221 224 226 228 229 231 233 236 238 240 241 243 245 248 250 252 253 255 257
a 2 5 7 8 10 12 15 16 19 21 23 25 28 29 32 34 36 38 40 43 45 47 49 51 53 56 58 60 62 64 66 69 71 73 75 77 80 82 84 85 87 89 92 94 96 97 99 101 104 106 108 109 111 113 116 118 120 121 123 125 128 130 132 133 135 137 140 142 144 145 147 149 152 154 156 157 159 161 164 166 168 169 171 173 176 178 180 181 183 185 188 190 192 193 195 197 200 202 204 205 207 209 212 214 216 217 219 221 224 226 228 229 231 233 236 238 240 241 243 245 248 250 252 253 255 257
a 2 5 7 8 10 12 15 16 19 21 23 25 28 29 32 34 36 38 40 43 45 47 49 51 53 56 58 60 62 64 66 69 71 73 75 77 80 82 84 86 87 89 92 94 96 97 99 101 104 106 108 109 111 113 116 118 120 121 123 125 128 130 132 133 135 137 140 142 144 145 147 149 152 154 156 157 159 161 164 166 168 169 171 173 176 178 180 181 183 185 188 190 192 193 195 197 200 202 204 205 207 209 212 214 216 217 219 221 224 226 228 229 231 233 236 238 240 241 243 245 248 250 252 253 255 257
a 2 5 7 8 10 12 15 16 19 21 23 25 28 29 32 34 36 38 40 43 45 47 49 51 53 56 58 60 62 64 66 69 71 73 75 77 80 82 84 86 88 89 92 94 96 97 99 101 104 106 108 109 111 113 116 118 120 121 123 125 128 130 132 133 135 137 140 142 144 145 147 149 152 154 156 157 159 161 164 166 168 169 171 173 176 178 180 181 183 185 188 190 192 193 195 197 200 202 204 205 207 209 212 214 216 217 219 221 224 226 228 229 231 233 236 238 240 241 243 245 248 250 252 253 255 257
a 2 5 7 8 10 12 15 16 19 21 23 25 28 29 32 34 36 38 40 43 45 47 49 51 53 56 58 60 62 64 66 69 71 73 75 77 80 82 84 86 88 90 92 94 96 97 99 101 104 106 108 109 111 113 116 118 120 121 123 125 128 130 132 133 135 137 140 142 144 145 147 149 152 154 156 157 159 161 164 166 168 169 171 173 176 178 180 181 183 185 188 190 192 193 195 197 200 202 204 205 207 209 212 214 216 217 219 221 224 226 228 229 231 233 236 238 240 241 243 245 248 250 252 253 255 257
a 2 3 7 8 10 12 15 16 19 21 23 25 28 29 32 34 36 38 40 43 45 47 49 51 53 56 58 60 62 64 66 69 71 73 75 77 80 82 84 86 88 90 92 94 96 97 99 101 104 106 108 109 111 113 116 118 120 121 123 125 128 130 132 133 135 137 140 142 144 145 147 149 152 154 156 157 159 161 164 166 168 169 171 173 176 178 180 181 183 185 188 190 192 193 195 197 200 202 204 205 207 209 212 214 216 217 219 221 224 226 228 229 231 233 236 238 240 241 243 245 248 250 252 253 255 257
a 2 3 6 8 10 12 15 16 19 21 23 25 28 29 32 34 36 38 40 43 45 47 49 51 53 56 58 60 62 64 66 69 71 73 75 77 80 82 84 86 88 90 92 94 96 97 99 101 104 106 108 109 111 113 116 118 120 121 123 125 128 130 132 133 135 137 140 142 144 145 147 149 152 154 156 157 159 161 164 166 168 169 171 173 176 178 180 181 183 185 188 190 192 193 195 197 200 202 204 205 207 209 212 214 216 217 219 221 224 226 228 229 231 233 236 238 240 241 243 245 248 250 252 253 255 257
a 2 3 6 8 10 12 15 16 19 21 23 25 28 29 32 34 36 38 40 43 45 47 49 51 53 56 58 60 62 64 66 69 71 73 75 77 79 82 84 86 88 90 92 94 96 97 99 101 104 106 108 109 111 113 116 118 120 121 123 125 128 130 132 133 135 137 140 142 144 145 147 149 152 154 156 157 159 161 164 166 168 169 171 173 176 178 180 181 183 185 188 190 192 193 195 197 200 202 204 205 207 209 212 214 216 217 219 221 224 226 228 229 231 233 236 238 240 241 243 245 248 250 252 253 255 257
a 2 3 6 8 10 12 15 16 19 21 23 25 28 29 32 34 36 38 40 43 45 47 49 51 53 56 58 60 62 64 66 69 71 73 75 77 79 81 84 86 88 90 92 94 96 97 99 101 104 106 108 109 111 113 116 118 120 121 123 125 128 130 132 133 135 137 140 142 144 145 147 149 152 154 156 157 159 161 164 166 168 169 171 173 176 178 180 181 183 185 188 190 192 193 195 197 200 202 204 205 207 209 212 214 216 217 219 221 224 226 228 229 231 233 236 238 240 241 243 245 248 250 252 253 255 257
a 2 3 6 8 10 12 15 16 19 21 23 25 28 29 32 34 36 38 40 43 45 47 49 51 53 56 58 60 62 64 66 69 71 73 75 77 79 81 83 86 88 90 92 94 96 97 99 101 104 106 108 109 111 113 116 118 120 121 123 125 128 130 132 133 135 137 140 142 144 145 147 149 152 154 156 157 159 161 164 166 168 169 171 173 176 178 180 181 183 185 188 190 192 193 195 197 200 202 204 205 207 209 212 214 216 217 219 221 224 226 228 229 231 233 236 238 240 241 243 245 248 250 252 253 255 257
a 2 3 6 8 10 12 15 16 20 21 23 25 28 29 32 34 36 38 40 43 45 47 49 51 53 56 58 60 62 64 66 69 71 73 75 77 79 81 83 86 88 90 92 94 96 97 99 101 104 106 108 109 111 113 116 118 120 121 123 125 128 130 132 133 135 137 140 142 144 145 147 149 152 154 156 157 159 161 164 166 168 169 171 173 176 178 180 181 183 185 188 190 192 193 195 197 200 202 204 205 207 209 212 214 216 217 219 221 224 226 228 229 231 233 236 238 240 241 243 245 248 250 252 253 255 257
a 2 3 6 8 10 12 15 18 20 21 23 25 28 29 32 34 36 38 40 43 45 47 49 51 53 56 58 60 62 64 66 69 71 73 75 77 79 81 83 86 88 90 92 94 96 97 99 101 104 106 108 109 111 113 116 118 120 121 123 125 128 130 132 133 135 137 140 142 144 145 147 149 152 154 156 157 159 161 164 166 168 169 171 173 176 178 180 181 183 185 188 190 192 193 195 197 200 202 204 205 207 209 212 214 216 217 219 221 224 226 228 229 231 233 236 238 240 241 243 245 248 250 252 253 255 257
a 2 3 6 8 10 12 14 18 20 21 23 25 28 29 32 34 36 38 40 43 45 47 49 51 53 56 58 60 62 64 66 69 71 73 75 77 79 81 83 86 88 90 92 94 96 97 99 101 104 106 108 109 111 113 116 118 120 121 123 125 128 130 132 133 135 137 140 142 144 145 147 149 152 154 156 157 159 161 164 166 168 169 171 173 176 178 180 181 183 185 188 190 192 193 195 197 200 202 204 205 207 209 212 214 216 217 219 221 224 226 228 229 231 233 236 238 240 241 243 245 248 250 252 253 255 257
a 2 3 6 8 10 12 14 17 20 21 23 25 28 29 32 34 36 38 40 43 45 47 49 51 53 56 58 60 62 64 66 69 71 73 75 77 79 81 83 86 88 90 92 94 96 97 99 101 104 106 108 109 111 113 116 118 120 121 123 125 128 130 132 133 135 137 140 142 144 145 147 149 152 154 156 157 159 161 164 166 168 169 171 173 176 178 180 181 183 185 188 190 192 193 195 197 200 202 204 205 207 209 212 214 216 217 219 221 224 226 228 229 231 233 236 238 240 241 243 245 248 250 252 253 255 257
a 2 3 6 8 10 12 14 17 19 21 23 25 28 29 32 34 36 38 40 43 45 47 49 51 53 56 58 60 62 64 66 69 71 73 75 77 79 81 83 86 88 90 92 94 96 97 99 101 104 106 108 109 111 113 116 118 120 121 123 125 128 130 132 133 135 137 140 142 144 145 147 149 152 154 156 157 159 161 164 166 168 169 171 173 176 178 180 181 183 185 188 190 192 193 195 197 200 202 204 205 207 209 212 214 216 217 219 221 224 226 228 229 231 233 236 238 240 241 243 245 248 250 252 253 255 257
a 2 3 6 8 10 12 14 17 19 21 23 25 28 29 32 34 36 38 40 43 45 47 49 51 53 56 58 60 62 64 66 69 71 73 75 77 79 81 83 86 88 89 92 94 96 97 99 101 104 106 108 109 111 113 116 118 120 121 123 125 128 130 132 133 135 137 140 142 144 145 147 149 152 154 156 157 159 161 164 166 168 169 171 173 176 178 180 181 183 185 188 190 192 193 195 197 200 202 204 205 207 209 212 214 216 217 219 221 224 226 228 229 231 233 236 238 240 241 243 245 248 250 252 253 255 257
a 2 3 6 8 10 12 14 17 19 21 23 25 28 29 32 34 36 38 40 43 45 47 49 51 53 56 58 60 62 64 66 69 71 73 75 77 79 81 83 86 87 89 92 94 96 97 99 101 104 106 108 109 111 113 116 118 120 121 123 125 128 130 132 133 135 137 140 142 144 145 147 149 152 154 156 157 159 161 164 166 168 169 171 173 176 178 180 181 183 185 188 190 192 193 195 197 200 202 204 205 207 209 212 214 216 217 219 221 224 226 228 229 231 233 236 238 240 241 243 245 248 250 252 253 255 257
a 2 3 6 8 10 12 14 17 19 21 23 25 28 29 32 34 36 38 40 43 45 47 49 51 53 56 58 60 62 64 66 69 71 73 75 77 79 81 83 85 87 89 92 94 96 97 99 101 104 106 108 109 111 113 116 118 120 121 123 125 128 130 132 133 135 137 140 142 144 145 147 149 152 154 156 157 159 161 164 166 168 169 171 173 176 178 180 181 183 185 188 190 192 193 195 197 200 202 204 205 207 209 212 214 216 217 219 221 224 226 228 229 231 233 236 238 240 241 243 245 248 250 252 253 255 257
a 2 3 6 8 10 12 14 17 19 21 23 25 28 29 32 34 36 38 40 43 45 47 49 51 53 56 58 60 62 64 66 69 71 73 75 77 79 81 84 85 87 89 92 94 96 97 99 101 104 106 108 109 111 113 116 118 120 121 123 125 128 130 132 133 135 137 140 142 144 145 147 149 152 154 156 157 159 161 164 166 168 169 171 173 176 178 180 181 183 185 188 190 192 193 195 197 200 202 204 205 207 209 212 214 216 217 219 221 224 226 228 229 231 233 236 238 240 241 243 245 248 250 252 253 255 257
a 2 3 6 8 10 12 14 17 19 21 23 25 28 29 32 34 36 38 40 43 45 47 49 51 53 56 58 60 62 64 66 69 71 73 75 77 79 82 84 85 87 89 92 94 96 97 99 101 104 106 108 109 111 113 116 118 120 121 123 125 128 130 132 133 135 137 140 142 144 145 147 149 152 154 156 157 159 161 164 166 168 169 171 173 176 178 180 181 183 185 188 190 192 193 195 197 200 202 204 205 207 209 212 214 216 217 219 221 224 226 228 229 231 233 236 238 240 241 243 245 248 250 252 253 255 257
a 2 3 6 8 10 12 14 17 19 21 23 25 28 29 32 34 36 38 40 43 45 47 49 51 53 56 58 60 62 64 66 69 71 73 75 77 80 82 84 85 87 89 92 94 96 97 99 101 104 106 108 109 111 113 116 118 120 121 123 125 128 130 132 133 135 137 140 142 144 145 147 149 152 154 156 157 159 161 164 166 168 169 171 173 176 178 180 181 183 185 188 190 192 193 195 197 200 202 204 205 207 209 212 214 216 217 219 221 224 226 228 229 231 233 236 238 240 241 243 245 248 250 252 253 255 257
a 2 3 7 8 10 12 14 17 19 21 23 25 28 29 32 34 36 38 40 43 45 47 49 51 53 56 58 60 62 64 66 69 71 73 75 77 80 82 84 85 87 89 92 94 96 97 99 101 104 106 108 109 111 113 116 118 120 121 123 125 128 130 132 133 135 137 140 142 144 145 147 149 152 154 156 157 159 161 164 166 168 169 171 173 176 178 180 181 183 185 188 190 192 193 195 197 200 202 204 205 207 209 212 214 216 217 219 221 224 226 228 229 231 233 236 238 240 241 243 245 248 250 252 253 255 257
a 2 5 7 8 10 12 14 17 19 21 23 25 28 29 32 34 36 38 40 43 45 47 49 51 53 56 58 60 62 64 66 69 71 73 75 77 80 82 84 85 87 89 92 94 96 97 99 101 104 106 108 109 111 113 116 118 120 121 123 125 128 130 132 133 135 137 140 142 144 145 147 149 152 154 156 157 159 161 164 166 168 169 171 173 176 178 180 181 183 185 188 190 192 193 195 197 200 202 204 205 207 209 212 214 216 217 219 221 224 226 228 229 231 233 236 238 240 241 243 245 248 250 252 253 255 257
a 1 5 7 8 10 12 14 17 19 21 23 25 28 29 32 34 36 38 40 43 45 47 49 51 53 56 58 60 62 64 66 69 71 73 75 77 80 82 84 85 87 89 92 94 96 97 99 101 104 106 108 109 111 113 116 118 120 121 123 125 128 130 132 133 135 137 140 142 144 145 147 149 152 154 156 157 159 161 164 166 168 169 171 173 176 178 180 181 183 185 188 190 192 193 195 197 200 202 204 205 207 209 212 214 216 217 219 221 224 226 228 229 231 233 236 238 240 241 243 245 248 250 252 253 255 257
a 1 5 7 8 10 12 14 17 19 21 23 25 28 29 32 34 36 38 40 43 45 47 49 51 53 56 58 60 62 64 66 69 71 73 75 77 80 82 84 85 87 89 92 94 96 97 99 101 104 106 108 109 111 113 116 118 120 121 123 125 128 130 132 133 135 137 140 142 144 145 147 149 152 154 156 157 159 161 164 166 168 169 171 173 176 178 180 181 183 185 188 190 192 194 195 197 200 202 204 205 207 209 212 214 216 217 219 221 224 226 228 229 231 233 236 238 240 241 243 245 248 250 252 253 255 257
a 1 5 7 8 10 12 14 17 19 21 23 25 28 29 32 34 36 38 40 43 45 47 49 51 53 56 58 60 62 64 66 69 71 73 75 77 80 82 84 85 87 89 92 94 96 97 99 101 104 106 108 109 111 113 116 118 120 121 123 125 128 130 132 133 135 137 140 142 144 145 147 149 152 154 156 157 159 161 164 166 168 169 171 173 176 178 180 181 183 185 188 190 192 194 196 197 200 202 204 205 207 209 212 214 216 217 219 221 224 226 228 229 231 233 236 238 240 241 243 245 248 250 252 253 255 257
a 1 5 7 8 10 12 14 17 19 21 23 25 28 29 32 34 36 38 40 43 45 47 49 51 53 56 58 60 62 64 66 69 71 73 75 77 80 82 84 85 87 89 92 94 96 97 99 101 104 106 108 109 111 113 116 118 120 121 123 125 128 130 132 133 135 137 140 142 144 145 147 149 152 154 156 157 159 161 164 166 168 169 171 173 176 178 180 181 183 185 188 190 192 194 196 198 200 202 204 205 207 209 212 214 216 217 219 221 224 226 228 229 231 233 236 238 240 241 243 245 248 250 252 253 255 257
a 1 4 7 8 10 12 14 17 19 21 23 25 28 29 32 34 36 38 40 43 45 47 49 51 53 56 58 60 62 64 66 69 71 73 75 77 80 82 84 85 87 89 92 94 96 97 99 101 104 106 108 109 111 113 116 118 120 121 123 125 128 130 132 133 135 137 140 142 144 145 147 149 152 154 156 157 159 161 164 166 168 169 171 173 176 178 180 181 183 185 188 190 192 194 196 198 200 202 204 205 207 209 212 214 216 217 219 221 224 226 228 229 231 233 236 238 240 241 243 245 248 250 252 253 255 257
a 1 4 6 8 10 12 14 17 19 21 23 25 28 29 32 34 36 38 40 43 45 47 49 51 53 56 58 60 62 64 66 69 71 73 75 77 80 82 84 85 87 89 92 94 96 97 99 101 104 106 108 109 111 113 116 118 120 121 123 125 128 130 132 133 135 137 140 142 144 145 147 149 152 154 156 157 159 161 164 166 168 169 171 173 176 178 180 181 183 185 188 190 192 194 196 198 200 202 204 205 207 209 212 214 216 217 219 221 224 226 228 229 231 233 236 238 240 241 243 245 248 250 252 253 255 257
a 1 4 6 8 10 12 14 17 19 21 23 25 28 29 32 34 36 38 40 43 45 47 49 51 53 56 58 60 62 64 66 69 71 73 75 77 80 82 84 85 87 89 92 94 96 97 99 101 104 106 108 109 111 113 116 118 120 121 123 125 128 130 132 133 135 137 140 142 144 145 147 149 152 154 156 157 159 161 164 166 168 169 171 173 176 178 180 181 183 185 187 190 192 194 196 198 200 202 204 205 207 209 212 214 216 217 219 221 224 226 228 229 231 233 236 238 240 241 243 245 248 250 252 253 255 257
a 1 4 6 8 10 12 14 17 19 21 23 25 28 29 32 34 36 38 40 43 45 47 49 51 53 56 58 60 62 64 66 69 71 73 75 77 80 82 84 85 87 89 92 94 96 97 99 101 104 106 108 109 111 113 116 118 120 121 123 125 128 130 132 133 135 137 140 142 144 145 147 149 152 154 156 157 159 161 164 166 168 169 171 173 176 178 180 181 183 185 187 189 192 194 196 198 200 202 204 205 207 209 212 214 216 217 219 221 224 226 228 229 231 233 236 238 240 241 243 245 248 250 252 253 255 257
a 1 4 6 8 10 12 14 17 19 21 23 25 28 29 32 34 36 38 40 43 45 47 49 51 53 56 58 60 62 64 66 69 71 73 75 77 80 82 84 85 87 89 92 94 96 97 99 101 104 106 108 109 111 113 116 118 120 121 123 125 128 130 132 133 135 137 140 142 144 145 147 149 152 154 156 157 159 161 164 166 168 169 171 173 176 178 180 181 183 185 187 189 191 194 196 198 200 202 204 205 207 209 212 214 216 217 219 221 224 226 228 229 231 233 236 238 240 241 243 245 248 250 252 253 255 257
a 1 4 6 8 10 12 14 17 19 21 23 25 28 29 32 34 36 38 40 43 45 47 49 51 53 56 58 60 62 64 66 69 71 73 75 77 80 82 84 85 87 89 92 94 96 97 99 101 104 106 108 109 111 113 116 118 120 121 123 125 128 130 132 133 135 137 140 142 144 145 147 149 152 154 156 158 159 161 164 166 168 169 171 173 176 178 180 181 183 185 187 189 191 194 196 198 200 202 204 205 207 209 212 214 216 217 219 221 224 226 228 229 231 233 236 238 240 241 243 245 248 250 252 253 255 257
a 1 4 6 8 10 12 14 17 19 21 23 25 28 29 32 34 36 38 40 43 45 47 49 51 53 56 58 60 62 64 66 69 71 73 75 77 80 82 84 85 87 89 92 94 96 97 99 101 104 106 108 109 111 113 116 118 120 121 123 125 128 130 132 133 135 137 140 142 144 145 147 149 152 154 156 158 160 161 164 166 168 169 171 173 176 178 180 181 183 185 187 189 191 194 196 198 200 202 204 205 207 209 212 214 216 217 219 221 224 226 228 229 231 233 236 238 240 241 243 245 248 250 252 253 255 257
a 1 4 6 8 10 12 14 17 19 21 23 25 28 29 32 34 36 38 40 43 45 47 49 51 53 56 58 60 62 64 66 69 71 73 75 77 80 82 84 85 87 89 92 94 96 97 99 101 104 106 108 109 111 113 116 118 120 121 123 125 128 130 132 133 135 137 140 142 144 145 147 149 152 154 156 158 160 162 164 166 168 169 171 173 176 178 180 181 183 185 187 189 191 194 196 198 200 202 204 205 207 209 212 214 216 217 219 221 224 226 228 229 231 233 236 238 240 241 243 245 248 250 252 253 255 257
a 1 4 6 8 10 12 14 17 19 21 23 25 28 29 32 34 36 38 40 43 45 47 49 51 53 56 58 60 62 64 66 69 71 73 75 77 80 82 84 85 87 89 92 94 96 97 99 101 104 106 108 109 111 113 116 118 120 121 123 125 128 130 132 133 135 137 140 142 144 145 147 149 151 154 156 158 160 162 164 166 168 169 171 173 176 178 180 181 183 185 187 189 191 194 196 198 200 202 204 205 207 209 212 214 216 217 219 221 224 226 228 229 231 233 236 238 240 241 243 245 248 250 252 253 255 257
a 1 4 6 8 10 12 14 17 19 21 23 25 28 29 32 34 36 38 40 43 45 47 49 51 53 56 58 60 62 64 66 69 71 73 75 77 80 82 84 85 87 89 92 94 96 97 99 101 104 106 108 109 111 113 116 118 120 121 123 125 128 130 132 133 135 137 140 142 144 145 147 149 151 153 156 158 160 162 164 166 168 169 171 173 176 178 180 181 183 185 187 189 191 194 196 198 200 202 204 205 207 209 212 214 216 217 219 221 224 226 228 229 231 233 236 238 240 241 243 245 248 250 252 253 255 257
a 1 4 6 8 10 12 14 17 19 21 23 25 28 29 32 34 36 38 40 43 45 47 49 51 53 56 58 60 62 64 66 69 71 73 75 77 80 82 84 85 87 89 92 94 96 97 99 101 104 106 108 109 111 113 116 118 120 121 123 125 128 130 132 133 135 137 140 142 144 145 147 149 151 153 155 158 160 162 164 166 168 169 171 173 176 178 180 181 183 185 187 189 191 194 196 198 200 202 204 205 207 209 212 214 216 217 219 221 224 226 228 229 231 233 236 238 240 241 243 245 248 250 252 253 255 257
a 1 4 6 8 10 12 14 17 19 21 23 25 28 29 32 34 36 38 40 43 45 47 49 51 53 56 58 60 62 64 66 69 71 73 75 77 80 82 84 85 87 89 92 94 96 97 99 101 104 106 108 110 111 113 116 118 120 121 123 125 128 130 132 133 135 137 140 142 144 145 147 149 151 153 155 158 160 162 164 166 168 169 171 173 176 178 180 181 183 185 187 189 191 194 196 198 200 202 204 205 207 209 212 214 216 217 219 221 224 226 228 229 231 233 236 238 240 241 243 245 248 250 252 253 255 257
a 1 4 6 8 10 12 14 17 19 21 23 25 28 29 32 34 36 38 40 43 45 47 49 51 53 56 58 60 62 64 66 69 71 73 75 77 80 82 84 85 87 89 92 94 96 97 99 101 104 106 108 110 112 113 116 118 120 121 123 125 128 130 132 133 135 137 140 142 144 145 147 149 151 153 155 158 160 162 164 166 168 169 171 173 176 178 180 181 183 185 187 189 191 194 196 198 200 202 204 205 207 209 212 214 216 217 219 221 224 226 228 229 231 233 236 238 240 241 243 245 248 250 252 253 255 257
a 1 4 6 8 10 12 14 17 19 21 23 25 28 29 32 34 36 38 40 43 45 47 49 51 53 56 58 60 62 64 66 69 71 73 75 77 80 82 84 85 87 89 92 94 96 97 99 101 104 106 108 110 112 114 116 118 120 121 123 125 128 130 132 133 135 137 140 142 144 145 147 149 151 153 155 158 160 162 164 166 168 169 171 173 176 178 180 181 183 185 187 189 191 194 196 198 200 202 204 205 207 209 212 214 216 217 219 221 224 226 228 229 231 233 236 238 240 241 243 245 248 250 252 253 255 257
a 1 4 6 8 10 12 14 17 19 21 23 25 28 29 32 34 36 38 40 43 45 47 49 51 53 56 58 60 62 64 66 69 71 73 75 77 80 82 84 85 87 89 92 94 96 97 99 101 103 106 108 110 112 114 116 118 120 121 123 125 128 130 132 133 135 137 140 142 144 145 147 149 151 153 155 158 160 162 164 166 168 169 171 173 176 178 180 181 183 185 187 189 191 194 196 198 200 202 204 205 207 209 212 214 216 217 219 221 224 226 228 229 231 233 236 238 240 241 243 245 248 250 252 253 255 257
a 1 4 6 8 10 12 14 17 19 21 23 25 28 29 32 34 36 38 40 43 45 47 49 51 53 56 58 60 62 64 66 69 71 73 75 77 80 82 84 85 87 89 92 94 96 97 99 101 103 105 108 110 112 114 116 118 120 121 123 125 128 130 132 133 135 137 140 142 144 145 147 149 151 153 155 158 160 162 164 166 168 169 171 173 176 178 180 181 183 185 187 189 191 194 196 198 200 202 204 205 207 209 212 214 216 217 219 221 224 226 228 229 231 233 236 238 240 241 243 245 248 250 252 253 255 257
a 1 4 6 8 10 12 14 17 19 21 23 25 28 29 32 34 36 38 40 43 45 47 49 51 53 56 58 60 62 64 66 69 71 73 75 77 80 82 84 85 87 89 92 94 96 97 99 101 103 105 107 110 112 114 116 118 120 121 123 125 128 130 132 133 135 137 140 142 144 145 147 149 151 153 155 158 160 162 164 166 168 169 171 173 176 178 180 181 183 185 187 189 191 194 196 198 200 202 204 205 207 209 212 214 216 217 219 221 224 226 228 229 231 233 236 238 240 241 243 245 248 250 252 253 255 257
a 1 4 6 8 10 12 14 17 19 21 23 25 28 29 32 34 36 38 40 43 46 47 49 51 53 56 58 60 62 64 66 69 71 73 75 77 80 82 84 85 87 89 92 94 96 97 99 101 103 105 107 110 112 114 116 118 120 121 123 125 128 130 132 133 135 137 140 142 144 145 147 149 151 153 155 158 160 162 164 166 168 169 171 173 176 178 180 181 183 185 187 189 191 194 196 198 200 202 204 205 207 209 212 214 216 217 219 221 224 226 228 229 231 233 236 238 240 241 243 245 248 250 252 253 255 257
a 1 4 6 8 10 12 14 17 19 21 23 25 28 29 32 34 36 38 40 44 46 47 49 51 53 56 58 60 62 64 66 69 71 73 75 77 80 82 84 85 87 89 92 94 96 97 99 101 103 105 107 110 112 114 116 118 120 121 123 125 128 130 132 133 135 137 140 142 144 145 147 149 151 153 155 158 160 162 164 166 168 169 171 173 176 178 180 181 183 185 187 189 191 194 196 198 200 202 204 205 207 209 212 214 216 217 219 221 224 226 228 229 231 233 236 238 240 241 243 245 248 250 252 253 255 257
a 1 4 6 8 10 12 14 17 19 21 23 25 28 29 32 34 36 38 41 44 46 47 49 51 53 56 58 60 62 64 66 69 71 73 75 77 80 82 84 85 87 89 92 94 96 97 99 101 103 105 107 110 112 114 116 118 120 121 123 125 128 130 132 133 135 137 140 142 144 145 147 149 151 153 155 158 160 162 164 166 168 169 171 173 176 178 180 181 183 185 187 189 191 194 196 198 200 202 204 205 207 209 212 214 216 217 219 221 224 226 228 229 231 233 236 238 240 241 243 245 248 250 252 253 255 257
a 1 4 6 8 10 12 14 17 19 21 23 25 28 29 32 34 36 38 41 42 46 47 49 51 53 56 58 60 62 64 66 69 71 73 75 77 80 82 84 85 87 89 92 94 96 97 99 101 103 105 107 110 112 114 116 118 120 121 123 125 128 130 132 133 135 137 140 142 144 145 147 149 151 153 155 158 160 162 164 166 168 169 171 173 176 178 180 181 183 185 187 189 191 194 196 198 200 202 204 205 207 209 212 214 216 217 219 221 224 226 228 229 231 233 236 238 240 241 243 245 248 250 252 253 255 257
a 1 4 6 8 10 12 14 17 19 21 23 25 28 29 32 34 36 38 41 42 45 47 49 51 53 56 58 60 62 64 66 69 71 73 75 77 80 82 84 85 87 89 92 94 96 97 99 101 103 105 107 110 112 114 116 118 120 121 123 125 128 130 132 133 135 137 140 142 144 145 147 149 151 153 155 158 160 162 164 166 168 169 171 173 176 178 180 181 183 185 187 189 191 194 196 198 200 202 204 205 207 209 212 214 216 217 219 221 224 226 228 229 231 233 236 238 240 241 243 245 248 250 252 253 255 257
a 1 4 6 8 10 12 14 17 19 21 23 25 28 29 32 34 36 38 41 42 45 47 49 51 53 56 58 60 62 64 66 69 71 73 75 77 80 82 84 85 87 89 92 94 96 97 99 101 103 105 107 110 112 114 116 118 120 121 123 125 128 130 132 133 135 137 140 142 144 145 147 149 151 153 155 158 160 162 164 166 168 169 171 173 176 178 180 181 183 185 187 189 191 194 196 197 200 202 204 205 207 209 212 214 216 217 219 221 224 226 228 229 231 233 236 238 240 241 243 245 248 250 252 253 255 257
a 1 4 6 8 10 12 14 17 19 21 23 25 28 29 32 34 36 38 41 42 45 47 49 51 53 56 58 60 62 64 66 69 71 73 75 77 80 82 84 85 87 89 92 94 96 97 99 101 103 105 107 110 112 114 116 118 120 121 123 125 128 130 132 133 135 137 140 142 144 145 147 149 151 153 155 158 160 162 164 166 168 169 171 173 176 178 180 181 183 185 187 189 191 194 195 197 200 202 204 205 207 209 212 214 216 217 219 221 224 226 228 229 231 233 236 238 240 241 243 245 248 250 252 253 255 257
a 1 4 6 8 10 12 14 17 19 21 23 25 28 29 32 34 36 38 41 42 45 47 49 51 53 56 58 60 62 64 66 69 71 73 75 77 80 82 84 85 87 89 92 94 96 97 99 101 103 105 107 110 112 114 116 118 120 121 123 125 128 130 132 133 135 137 140 142 144 145 147 149 151 153 155 158 160 162 164 166 168 169 171 173 176 178 180 181 183 185 187 189 191 193 195 197 200 202 204 205 207 209 212 214 216 217 219 221 224 226 228 229 231 233 236 238 240 241 243 245 248 250 252 253 255 257
a 1 4 6 8 10 12 14 17 19 21 23 25 28 29 32 34 36 38 41 42 45 47 49 51 53 56 58 60 62 64 66 69 71 73 75 77 80 82 84 85 87 89 92 94 96 97 99 101 103 105 107 110 112 114 116 118 120 121 123 125 128 130 132 133 135 137 140 142 144 145 147 149 151 153 155 158 160 162 164 166 168 169 171 173 176 178 180 181 183 185 187 189 192 193 195 197 200 202 204 205 207 209 212 214 216 217 219 221 224 226 228 229 231 233 236 238 240 241 243 245 248 250 252 253 255 257
a 1 4 6 8 10 12 14 17 19 21 23 25 28 29 32 34 36 38 41 42 45 47 49 51 53 56 58 60 62 64 66 69 71 73 75 77 80 82 84 85 87 89 92 94 96 97 99 101 103 105 107 110 112 114 116 118 120 121 123 125 128 130 132 133 135 137 140 142 144 145 147 149 151 153 155 158 160 162 164 166 168 169 171 173 176 178 180 181 183 185 187 190 192 193 195 197 200 202 204 205 207 209 212 214 216 217 219 221 224 226 228 229 231 233 236 238 240 241 243 245 248 250 252 253 255 257
a 1 4 6 8 10 12 14 17 19 21 23 25 28 29 32 34 36 38 41 42 45 47 49 51 53 56 58 60 62 64 66 69 71 73 75 77 80 82 84 85 87 89 92 94 96 97 99 101 103 105 107 110 112 114 116 118 120 121 123 125 128 130 132 133 135 137 140 142 144 145 147 149 151 153 155 158 160 162 164 166 168 169 171 173 176 178 180 181 183 185 188 190 192 193 195 197 200 202 204 205 207 209 212 214 216 217 219 221 224 226 228 229 231 233 236 238 240 241 243 245 248 250 252 253 255 257
a 1 4 6 8 10 12 14 17 19 21 23 25 28 29 32 34 36 38 41 42 45 47 49 51 53 56 58 60 62 64 66 69 71 73 75 77 80 82 84 85 87 89 92 94 96 97 99 101 103 105 107 110 112 114 116 118 120 121 123 125 128 130 132 133 135 137 140 142 144 145 147 149 151 153 155 158 160 161 164 166 168 169 171 173 176 178 180 181 183 185 188 190 192 193 195 197 200 202 204 205 207 209 212 214 216 217 219 221 224 226 228 229 231 233 236 238 240 241 243 245 248 250 252 253 255 257
a 1 4 6 8 10 12 14 17 19 21 23 25 28 29 32 34 36 38 41 42 45 47 49 51 53 56 58 60 62 64 66 69 71 73 75 77 80 82 84 85 87 89 92 94 96 97 99 101 103 105 107 110 112 114 116 118 120 121 123 125 128 130 132 133 135 137 140 142 144 145 147 149 151 153 155 158 159 161 164 166 168 169 171 173 176 178 180 181 183 185 188 190 192 193 195 197 200 202 204 205 207 209 212 214 216 217 219 221 224 226 228 229 231 233 236 238 240 241 243 245 248 250 252 253 255 257
a 1 4 6 8 10 12 14 17 19 21 23 25 28 29 32 34 36 38 41 42 45 47 49 51 53 56 58 60 62 64 66 69 71 73 75 77 80 82 84 85 87 89 92 94 96 97 99 101 103 105 107 110 112 114 116 118 120 121 123 125 128 130 132 133 135 137 140 142 144 145 147 149 151 153 155 157 159 161 164 166 168 169 171 173 176 178 180 181 183 185 188 190 192 193 195 197 200 202 204 205 207 209 212 214 216 217 219 221 224 226 228 229 231 233 236 238 240 241 243 245 248 250 252 253 255 257
a 1 4 6 8 10 12 14 17 19 21 23 25 28 29 32 34 36 38 41 42 45 47 49 51 53 56 58 60 62 64 66 69 71 73 75 77 80 82 84 85 87 89 92 94 96 97 99 101 103 105 107 110 112 114 116 118 120 121 123 125 128 130 132 133 135 137 140 142 144 145 147 149 151 153 156 157 159 161 164 166 168 169 171 173 176 178 180 181 183 185 188 190 192 193 195 197 200 202 204 205 207 209 212 214 216 217 219 221 224 226 228 229 231 233 236 238 240 241 243 245 248 250 252 253 255 257
a 1 4 6 8 10 12 14 17 19 21 23 25 28 29 32 34 36 38 41 42 45 47 49 51 53 56 58 60 62 64 66 69 71 73 75 77 80 82 84 85 87 89 92 94 96 97 99 101 103 105 107 110 112 114 116 118 120 121 123 125 128 130 132 133 135 137 140 142 144 145 147 149 151 154 156 157 159 161 164 166 168 169 171 173 176 178 180 181 183 185 188 190 192 193 195 197 200 202 204 205 207 209 212 214 216 217 219 221 224 226 228 229 231 233 236 238 240 241 243 245 248 250 252 253 255 257
a 1 4 6 8 10 12 14 17 19 21 23 25 28 29 32 34 36 38 41 42 45 47 49 51 53 56 58 60 62 64 66 69 71 73 75 77 80 82 84 85 87 89 92 94 96 97 99 101 103 105 107 110 112 114 116 118 120 121 123 125 128 130 132 133 135 137 140 142 144 145 147 149 152 154 156 157 159 161 164 166 168 169 171 173 176 178 180 181 183 185 188 190 192 193 195 197 200 202 204 205 207 209 212 214 216 217 219 221 224 226 228 229 231 233 236 238 240 241 243 245 248 250 252 253 255 257
a 1 4 7 8 10 12 14 17 19 21 23 25 28 29 32 34 36 38 41 42 45 47 49 51 53 56 58 60 62 64 66 69 71 73 75 77 80 82 84 85 87 89 92 94 96 97 99 101 103 105 107 110 112 114 116 118 120 121 123 125 128 130 132 133 135 137 140 142 144 145 147 149 152 154 156 157 159 161 164 166 168 169 171 173 176 178 180 181 183 185 188 190 192 193 195 197 200 202 204 205 207 209 212 214 216 217 219 221 224 226 228 229 231 233 236 238 240 241 243 245 248 250 252 253 255 257
a 1 5 7 8 10 12 14 17 19 21 23 25 28 29 32 34 36 38 41 42 45 47 49 51 53 56 58 60 62 64 66 69 71 73 75 77 80 82 84 85 87 89 92 94 96 97 99 101 103 105 107 110 112 114 116 118 120 121 123 125 128 130 132 133 135 137 140 142 144 145 147 149 152 154 156 157 159 161 164 166 168 169 171 173 176 178 180 181 183 185 188 190 192 193 195 197 200 202 204 205 207 209 212 214 216 217 219 221 224 226 228 229 231 233 236 238 240 241 243 245 248 250 252 253 255 257
a 2 5 7 8 10 12 14 17 19 21 23 25 28 29 32 34 36 38 41 42 45 47 49 51 53 56 58 60 62 64 66 69 71 73 75 77 80 82 84 85 87 89 92 94 96 97 99 101 103 105 107 110 112 114 116 118 120 121 123 125 128 130 132 133 135 137 140 142 144 145 147 149 152 154 156 157 159 161 164 166 168 169 171 173 176 178 180 181 183 185 188 190 192 193 195 197 200 202 204 205 207 209 212 214 216 217 219 221 224 226 228 229 231 233 236 238 240 241 243 245 248 250 252 253 255 257
a 2 5 7 8 10 12 14 17 19 21 23 25 28 29 32 34 36 38 41 42 45 47 49 51 53 56 58 60 62 64 66 69 71 73 75 77 80 82 84 86 87 89 92 94 96 97 99 101 103 105 107 110 112 114 116 118 120 121 123 125 128 130 132 133 135 137 140 142 144 145 147 149 152 154 156 157 159 161 164 166 168 169 171 173 176 178 180 181 183 185 188 190 192 193 195 197 200 202 204 205 207 209 212 214 216 217 219 221 224 226 228 229 231 233 236 238 240 241 243 245 248 250 252 253 255 257
a 2 5 7 8 10 12 14 17 19 21 23 25 28 29 32 34 36 38 41 42 45 47 49 51 53 56 58 60 62 64 66 69 71 73 75 77 80 82 84 86 88 89 92 94 96 97 99 101 103 105 107 110 112 114 116 118 120 121 123 125 128 130 132 133 135 137 140 142 144 145 147 149 152 154 156 157 159 161 164 166 168 169 171 173 176 178 180 181 183 185 188 190 192 193 195 197 200 202 204 205 207 209 212 214 216 217 219 221 224 226 228 229 231 233 236 238 240 241 243 245 248 250 252 253 255 257
a 2 5 7 8 10 12 14 17 19 21 23 25 28 29 32 34 36 38 41 42 45 47 49 51 53 56 58 60 62 64 66 69 71 73 75 77 80 82 84 86 88 90 92 94 96 97 99 101 103 105 107 110 112 114 116 118 120 121 123 125 128 130 132 133 135 137 140 142 144 145 147 149 152 154 156 157 159 161 164 166 168 169 171 173 176 178 180 181 183 185 188 190 192 193 195 197 200 202 204 205 207 209 212 214 216 217 219 221 224 226 228 229 231 233 236 238 240 241 243 245 248 250 252 253 255 257
a 2 3 7 8 10 12 14 17 19 21 23 25 28 29 32 34 36 38 41 42 45 47 49 51 53 56 58 60 62 64 66 69 71 73 75 77 80 82 84 86 88 90 92 94 96 97 99 101 103 105 107 110 112 114 116 118 120 121 123 125 128 130 132 133 135 137 140 142 144 145 147 149 152 154 156 157 159 161 164 166 168 169 171 173 176 178 180 181 183 185 188 190 192 193 195 197 200 202 204 205 207 209 212 214 216 217 219 221 224 226 228 229 231 233 236 238 240 241 243 245 248 250 252 253 255 257
a 2 3 6 8 10 12 14 17 19 21 23 25 28 29 32 34 36 38 41 42 45 47 49 51 53 56 58 60 62 64 66 69 71 73 75 77 80 82 84 86 88 90 92 94 96 97 99 101 103 105 107 110 112 114 116 118 120 121 123 125 128 130 132 133 135 137 140 142 144 145 147 149 152 154 156 157 159 161 164 166 168 169 171 173 176 178 180 181 183 185 188 190 192 193 195 197 200 202 204 205 207 209 212 214 216 217 219 221 224 226 228 229 231 233 236 238 240 241 243 245 248 250 252 253 255 257
a 2 3 6 8 10 12 14 17 19 21 23 25 28 29 32 34 36 38 41 42 45 47 49 51 53 56 58 60 62 64 66 69 71 73 75 77 79 82 84 86 88 90 92 94 96 97 99 101 103 105 107 110 112 114 116 118 120 121 123 125 128 130 132 133 135 137 140 142 144 145 147 149 152 154 156 157 159 161 164 166 168 169 171 173 176 178 180 181 183 185 188 190 192 193 195 197 200 202 204 205 207 209 212 214 216 217 219 221 224 226 228 229 231 233 236 238 240 241 243 245 248 250 252 253 255 257
a 2 3 6 8 10 12 14 17 19 21 23 25 28 29 32 34 36 38 41 42 45 47 49 51 53 56 58 60 62 64 66 69 71 73 75 77 79 81 84 86 88 90 92 94 96 97 99 101 103 105 107 110 112 114 116 118 120 121 123 125 128 130 132 133 135 137 140 142 144 145 147 149 152 154 156 157 159 161 164 166 168 169 171 173 176 178 180 181 183 185 188 190 192 193 195 197 200 202 204 205 207 209 212 214 216 217 219 221 224 226 228 229 231 233 236 238 240 241 243 245 248 250 252 253 255 257
a 2 3 6 8 10 12 14 17 19 21 23 25 28 29 32 34 36 38 41 42 45 47 49 51 53 56 58 60 62 64 66 69 71 73 75 77 79 81 83 86 88 90 92 94 96 97 99 101 103 105 107 110 112 114 116 118 120 121 123 125 128 130 132 133 135 137 140 142 144 145 147 149 152 154 156 157 159 161 164 166 168 169 171 173 176 178 180 181 183 185 188 190 192 193 195 197 200 202 204 205 207 209 212 214 216 217 219 221 224 226 228 229 231 233 236 238 240 241 243 245 248 250 252 253 255 257
a 2 3 6 8 10 12 14 17 20 21 23 25 28 29 32 34 36 38 41 42 45 47 49 51 53 56 58 60 62 64 66 69 71 73 75 77 79 81 83 86 88 90 92 94 96 97 99 101 103 105 107 110 112 114 116 118 120 121 123 125 128 130 132 133 135 137 140 142 144 145 147 149 152 154 156 157 159 161 164 166 168 169 171 173 176 178 180 181 183 185 188 190 192 193 195 197 200 202 204 205 207 209 212 214 216 217 219 221 224 226 228 229 231 233 236 238 240 241 243 245 248 250 252 253 255 257
a 2 3 6 8 10 12 14 18 20 21 23 25 28 29 32 34 36 38 41 42 45 47 49 51 53 56 58 60 62 64 66 69 71 73 75 77 79 81 83 86 88 90 92 94 96 97 99 101 103 105 107 110 112 114 116 118 120 121 123 125 128 130 132 133 135 137 140 142 144 145 147 149 152 154 156 157 159 161 164 166 168 169 171 173 176 178 180 181 183 185 188 190 192 193 195 197 200 202 204 205 207 209 212 214 216 217 219 221 224 226 228 229 231 233 236 238 240 241 243 245 248 250 252 253 255 257
a 2 3 6 8 10 12 15 18 20 21 23 25 28 29 32 34 36 38 41 42 45 47 49 51 53 56 58 60 62 64 66 69 71 73 75 77 79 81 83 86 88 90 92 94 96 97 99 101 103 105 107 110 112 114 116 118 120 121 123 125 128 130 132 133 135 137 140 142 144 145 147 149 152 154 156 157 159 161 164 166 168 169 171 173 176 178 180 181 183 185 188 190 192 193 195 197 200 202 204 205 207 209 212 214 216 217 219 221 224 226 228 229 231 233 236 238 240 241 243 245 248 250 252 253 255 257
a 2 3 6 8 10 12 15 16 20 21 23 25 28 29 32 34 36 38 41 42 45 47 49 51 53 56 58 60 62 64 66 69 71 73 75 77 79 81 83 86 88 90 92 94 96 97 99 101 103 105 107 110 112 114 116 118 120 121 123 125 128 130 132 133 135 137 140 142 144 145 147 149 152 154 156 157 159 161 164 166 168 169 171 173 176 178 180 181 183 185 188 190 192 193 195 197 200 202 204 205 207 209 212 214 216 217 219 221 224 226 228 229 231 233 236 238 240 241 243 245 248 250 252 253 255 257
a 2 3 6 8 10 12 15 16 19 21 23 25 28 29 32 34 36 38 41 42 45 47 49 51 53 56 58 60 62 64 66 69 71 73 75 77 79 81 83 86 88 90 92 94 96 97 99 101 103 105 107 110 112 114 116 118 120 121 123 125 128 130 132 133 135 137 140 142 144 145 147 149 152 154 156 157 159 161 164 166 168 169 171 173 176 178 180 181 183 185 188 190 192 193 195 197 200 202 204 205 207 209 212 214 216 217 219 221 224 226 228 229 231 233 236 238 240 241 243 245 248 250 252 253 255 257
a 2 3 6 8 10 12 15 16 19 21 23 25 28 29 32 34 36 38 41 42 45 47 49 51 53 56 58 60 62 64 66 69 71 73 75 77 79 81 83 86 88 89 92 94 96 97 99 101 103 105 107 110 112 114 116 118 120 121 123 125 128 130 132 133 135 137 140 142 144 145 147 149 152 154 156 157 159 161 164 166 168 169 171 173 176 178 180 181 183 185 188 190 192 193 195 197 200 202 204 205 207 209 212 214 216 217 219 221 224 226 228 229 231 233 236 238 240 241 243 245 248 250 252 253 255 257
a 2 3 6 8 10 12 15 16 19 21 23 25 28 29 32 34 36 38 41 42 45 47 49 51 53 56 58 60 62 64 66 69 71 73 75 77 79 81 83 86 87 89 92 94 96 97 99 101 103 105 107 110 112 114 116 118 120 121 123 125 128 130 132 133 135 137 140 142 144 145 147 149 152 154 156 157 159 161 164 166 168 169 171 173 176 178 180 181 183 185 188 190 192 193 195 197 200 202 204 205 207 209 212 214 216 217 219 221 224 226 228 229 231 233 236 238 240 241 243 245 248 250 252 253 255 257
a 2 3 6 8 10 12 15 16 19 21 23 25 28 29 32 34 36 38 41 42 45 47 49 51 53 56 58 60 62 64 66 69 71 73 75 77 79 81 83 85 87 89 92 94 96 97 99 101 103 105 107 110 112 114 116 118 120 121 123 125 128 130 132 133 135 137 140 142 144 145 147 149 152 154 156 157 159 161 164 166 168 169 171 173 176 178 180 181 183 185 188 190 192 193 195 197 200 202 204 205 207 209 212 214 216 217 219 221 224 226 228 229 231 233 236 238 240 241 243 245 248 250 252 253 255 257
a 2 3 6 8 10 12 15 16 19 21 23 25 28 29 32 34 36 38 41 42 45 47 49 51 53 56 58 60 62 64 66 69 71 73 75 77 79 81 84 85 87 89 92 94 96 97 99 101 103 105 107 110 112 114 116 118 120 121 123 125 128 130 132 133 135 137 140 142 144 145 147 149 152 154 156 157 159 161 164 166 168 169 171 173 176 178 180 181 183 185 188 190 192 193 195 197 200 202 204 205 207 209 212 214 216 217 219 221 224 226 228 229 231 233 236 238 240 241 243 245 248 250 252 253 255 257
a 2 3 6 8 10 12 15 16 19 21 23 25 28 29 32 34 36 38 41 42 45 47 49 51 53 56 58 60 62 64 66 69 71 73 75 77 79 82 84 85 87 89 92 94 96 97 99 101 103 105 107 110 112 114 116 118 120 121 123 125 128 130 132 133 135 137 140 142 144 145 147 149 152 154 156 157 159 161 164 166 168 169 171 173 176 178 180 181 183 185 188 190 192 193 195 197 200 202 204 205 207 209 212 214 216 217 219 221 224 226 228 229 231 233 236 238 240 241 243 245 248 250 252 253 255 257
a 2 3 6 8 10 12 15 16 19 21 23 25 28 29 32 34 36 38 41 42 45 47 49 51 53 56 58 60 62 64 66 69 71 73 75 77 80 82 84 85 87 89 92 94 96 97 99 101 103 105 107 110 112 114 116 118 120 121 123 125 128 130 132 133 135 137 140 142 144 145 147 149 152 154 156 157 159 161 164 166 168 169 171 173 176 178 180 181 183 185 188 190 192 193 195 197 200 202 204 205 207 209 212 214 216 217 219 221 224 226 228 229 231 233 236 238 240 241 243 245 248 250 252 253 255 257
a 2 3 7 8 10 12 15 16 19 21 23 25 28 29 32 34 36 38 41 42 45 47 49 51 53 56 58 60 62 64 66 69 71 73 75 77 80 82 84 85 87 89 92 94 96 97 99 101 103 105 107 110 112 114 116 118 120 121 123 125 128 130 132 133 135 137 140 142 144 145 147 149 152 154 156 157 159 161 164 166 168 169 171 173 176 178 180 181 183 185 188 190 192 193 195 197 200 202 204 205 207 209 212 214 216 217 219 221 224 226 228 229 231 233 236 238 240 241 243 245 248 250 252 253 255 257
a 2 5 7 8 10 12 15 16 19 21 23 25 28 29 32 34 36 38 41 42 45 47 49 51 53 56 58 60 62 64 66 69 71 73 75 77 80 82 84 85 87 89 92 94 96 97 99 101 103 105 107 110 112 114 116 118 120 121 123 125 128 130 132 133 135 137 140 142 144 145 147 149 152 154 156 157 159 161 164 166 168 169 171 173 176 178 180 181 183 185 188 190 192 193 195 197 200 202 204 205 207 209 212 214 216 217 219 221 224 226 228 229 231 233 236 238 240 241 243 245 248 250 252 253 255 257
a 1 5 7 8 10 12 15 16 19 21 23 25 28 29 32 34 36 38 41 42 45 47 49 51 53 56 58 60 62 64 66 69 71 73 75 77 80 82 84 85 87 89 92 94 96 97 99 101 103 105 107 110 112 114 116 118 120 121 123 125 128 130 132 133 135 137 140 142 144 145 147 149 152 154 156 157 159 161 164 166 168 169 171 173 176 178 180 181 183 185 188 190 192 193 195 197 200 202 204 205 207 209 212 214 216 217 219 221 224 226 228 229 231 233 236 238 240 241 243 245 248 250 252 253 255 257
a 1 5 7 8 10 12 15 16 19 21 23 25 28 29 32 34 36 38 41 42 45 47 49 51 53 56 58 60 62 64 66 69 71 73 75 77 80 82 84 85 87 89 92 94 96 97 99 101 103 105 107 110 112 114 116 118 120 121 123 125 128 130 132 133 135 137 140 142 144 146 147 149 152 154 156 157 159 161 164 166 168 169 171 173 176 178 180 181 183 185 188 190 192 193 195 197 200 202 204 205 207 209 212 214 216 217 219 221 224 226 228 229 231 233 236 238 240 241 243 245 248 250 252 253 255 257
a 1 5 7 8 10 12 15 16 19 21 23 25 28 29 32 34 36 38 41 42 45 47 49 51 53 56 58 60 62 64 66 69 71 73 75 77 80 82 84 85 87 89 92 94 96 97 99 101 103 105 107 110 112 114 116 118 120 121 123 125 128 130 132 133 135 137 140 142 144 146 148 149 152 154 156 157 159 161 164 166 168 169 171 173 176 178 180 181 183 185 188 190 192 193 195 197 200 202 204 205 207 209 212 214 216 217 219 221 224 226 228 229 231 233 236 238 240 241 243 245 248 250 252 253 255 257
a 1 5 7 8 10 12 15 16 19 21 23 25 28 29 32 34 36 38 41 42 45 47 49 51 53 56 58 60 62 64 66 69 71 73 75 77 80 82 84 85 87 89 92 94 96 97 99 101 103 105 107 110 112 114 116 118 120 121 123 125 128 130 132 133 135 137 140 142 144 146 148 150 152 154 156 157 159 161 164 166 168 169 171 173 176 178 180 181 183 185 188 190 192 193 195 197 200 202 204 205 207 209 212 214 216 217 219 221 224 226 228 229 231 233 236 238 240 241 243 245 248 250 252 253 255 257
a 1 4 7 8 10 12 15 16 19 21 23 25 28 29 32 34 36 38 41 42 45 47 49 51 53 56 58 60 62 64 66 69 71 73 75 77 80 82 84 85 87 89 92 94 96 97 99 101 103 105 107 110 112 114 116 118 120 121 123 125 128 130 132 133 135 137 140 142 144 146 148 150 152 154 156 157 159 161 164 166 168 169 171 173 176 178 180 181 183 185 188 190 192 193 195 197 200 202 204 205 207 209 212 214 216 217 219 221 224 226 228 229 231 233 236 238 240 241 243 245 248 250 252 253 255 257
a 1 4 6 8 10 12 15 16 19 21 23 25 28 29 32 34 36 38 41 42 45 47 49 51 53 56 58 60 62 64 66 69 71 73 75 77 80 82 84 85 87 89 92 94 96 97 99 101 103 105 107 110 112 114 116 118 120 121 123 125 128 130 132 133 135 137 140 142 144 146 148 150 152 154 156 157 159 161 164 166 168 169 171 173 176 178 180 181 183 185 188 190 192 193 195 197 200 202 204 205 207 209 212 214 216 217 219 221 224 226 228 229 231 233 236 238 240 241 243 245 248 250 252 253 255 257
a 1 4 6 8 10 12 15 16 19 21 23 25 28 29 32 34 36 38 41 42 45 47 49 51 53 56 58 60 62 64 66 69 71 73 75 77 80 82 84 85 87 89 92 94 96 97 99 101 103 105 107 110 112 114 116 118 120 121 123 125 128 130 132 133 135 137 139 142 144 146 148 150 152 154 156 157 159 161 164 166 168 169 171 173 176 178 180 181 183 185 188 190 192 193 195 197 200 202 204 205 207 209 212 214 216 217 219 221 224 226 228 229 231 233 236 238 240 241 243 245 248 250 252 253 255 257
a 1 4 6 8 10 12 15 16 19 21 23 25 28 29 32 34 36 38 41 42 45 47 49 51 53 56 58 60 62 64 66 69 71 73 75 77 80 82 84 85 87 89 92 94 96 97 99 101 103 105 107 110 112 114 116 118 120 121 123 125 128 130 132 133 135 137 139 141 144 146 148 150 152 154 156 157 159 161 164 166 168 169 171 173 176 178 180 181 183 185 188 190 192 193 195 197 200 202 204 205 207 209 212 214 216 217 219 221 224 226 228 229 231 233 236 238 240 241 243 245 248 250 252 253 255 257
a 1 4 6 8 10 12 15 16 19 21 23 25 28 29 32 34 36 38 41 42 45 47 49 51 53 56 58 60 62 64 66 69 71 73 75 77 80 82 84 85 87 89 92 94 96 97 99 101 103 105 107 110 112 114 116 118 120 121 123 125 128 130 132 133 135 137 139 141 143 146 148 150 152 154 156 157 159 161 164 166 168 169 171 173 176 178 180 181 183 185 188 190 192 193 195 197 200 202 204 205 207 209 212 214 216 217 219 221 224 226 228 229 231 233 236 238 240 241 243 245 248 250 252 253 255 257
a 1 4 6 8 10 12 15 16 19 21 23 25 28 29 32 34 36 38 41 42 45 47 49 51 53 56 58 60 62 64 66 69 71 73 75 77 80 82 84 85 87 89 92 94 96 97 99 101 103 105 107 110 112 113 116 118 120 121 123 125 128 130 132 133 135 137 139 141 143 146 148 150 152 154 156 157 159 161 164 166 168 169 171 173 176 178 180 181 183 185 188 190 192 193 195 197 200 202 204 205 207 209 212 214 216 217 219 221 224 226 228 229 231 233 236 238 240 241 243 245 248 250 252 253 255 257
a 1 4 6 8 10 12 15 16 19 21 23 25 28 29 32 34 36 38 41 42 45 47 49 51 53 56 58 60 62 64 66 69 71 73 75 77 80 82 84 85 87 89 92 94 96 97 99 101 103 105 107 110 111 113 116 118 120 121 123 125 128 130 132 133 135 137 139 141 143 146 148 150 152 154 156 157 159 161 164 166 168 169 171 173 176 178 180 181 183 185 188 190 192 193 195 197 200 202 204 205 207 209 212 214 216 217 219 221 224 226 228 229 231 233 236 238 240 241 243 245 248 250 252 253 255 257
a 1 4 6 8 10 12 15 16 19 21 23 25 28 29 32 34 36 38 41 42 45 47 49 51 53 56 58 60 62 64 66 69 71 73 75 77 80 82 84 85 87 89 92 94 96 97 99 101 103 105 107 109 111 113 116 118 120 121 123 125 128 130 132 133 135 137 139 141 143 146 148 150 152 154 156 157 159 161 164 166 168 169 171 173 176 178 180 181 183 185 188 190 192 193 195 197 200 202 204 205 207 209 212 214 216 217 219 221 224 226 228 229 231 233 236 238 240 241 243 245 248 250 252 253 255 257
a 1 4 6 8 10 12 15 16 19 21 23 25 28 29 32 34 36 38 41 42 45 47 49 51 53 56 58 60 62 64 66 69 71 73 75 77 80 82 84 85 87 89 92 94 96 97 99 101 103 105 108 109 111 113 116 118 120 121 123 125 128 130 132 133 135 137 139 141 143 146 148 150 152 154 156 157 159 161 164 166 168 169 171 173 176 178 180 181 183 185 188 190 192 193 195 197 200 202 204 205 207 209 212 214 216 217 219 221 224 226 228 229 231 233 236 238 240 241 243 245 248 250 252 253 255 257
a 1 4 6 8 10 12 15 16 19 21 23 25 28 29 32 34 36 38 41 42 45 47 49 51 53 56 58 60 62 64 66 69 71 73 75 77 80 82 84 85 87 89 92 94 96 97 99 101 103 106 108 109 111 113 116 118 120 121 123 125 128 130 132 133 135 137 139 141 143 146 148 150 152 154 156 157 159 161 164 166 168 169 171 173 176 178 180 181 183 185 188 190 192 193 195 197 200 202 204 205 207 209 212 214 216 217 219 221 224 226 228 229 231 233 236 238 240 241 243 245 248 250 252 253 255 257
a 1 4 6 8 10 12 15 16 19 21 23 25 28 29 32 34 36 38 41 42 45 47 49 51 53 56 58 60 62 64 66 69 71 73 75 77 80 82 84 85 87 89 92 94 96 97 99 101 104 106 108 109 111 113 116 118 120 121 123 125 128 130 132 133 135 137 139 141 143 146 148 150 152 154 156 157 159 161 164 166 168 169 171 173 176 178 180 181 183 185 188 190 192 193 195 197 200 202 204 205 207 209 212 214 216 217 219 221 224 226 228 229 231 233 236 238 240 241 243 245 248 250 252 253 255 257
a 1 4 6 8 10 12 15 16 19 21 23 25 28 29 32 34 36 38 41 42 45 47 49 51 53 56 58 60 62 64 66 69 71 73 75 77 80 82 84 85 87 89 92 94 96 98 99 101 104 106 108 109 111 113 116 118 120 121 123 125 128 130 132 133 135 137 139 141 143 146 148 150 152 154 156 157 159 161 164 166 168 169 171 173 176 178 180 181 183 185 188 190 192 193 195 197 200 202 204 205 207 209 212 214 216 217 219 221 224 226 228 229 231 233 236 238 240 241 243 245 248 250 252 253 255 257
a 1 4 6 8 10 12 15 16 19 21 23 25 28 29 32 34 36 38 41 42 45 47 49 51 53 56 58 60 62 64 66 69 71 73 75 77 80 82 84 85 87 89 92 94 96 98 100 101 104 106 108 109 111 113 116 118 120 121 123 125 128 130 132 133 135 137 139 141 143 146 148 150 152 154 156 157 159 161 164 166 168 169 171 173 176 178 180 181 183 185 188 190 192 193 195 197 200 202 204 205 207 209 212 214 216 217 219 221 224 226 228 229 231 233 236 238 240 241 243 245 248 250 252 253 255 257
a 1 4 6 8 10 12 15 16 19 21 23 25 28 29 32 34 36 38 41 42 45 47 49 51 53 56 58 60 62 64 66 69 71 73 75 77 80 82 84 85 87 89 92 94 96 98 100 102 104 106 108 109 111 113 116 118 120 121 123 125 128 130 132 133 135 137 139 141 143 146 148 150 152 154 156 157 159 161 164 166 168 169 171 173 176 178 180 181 183 185 188 190 192 193 195 197 200 202 204 205 207 209 212 214 216 217 219 221 224 226 228 229 231 233 236 238 240 241 243 245 248 250 252 253 255 257
a 1 4 6 8 10 12 15 16 19 21 23 25 28 29 32 34 36 38 41 42 45 47 49 51 53 56 58 60 62 64 66 69 71 73 75 77 80 82 84 85 87 89 91 94 96 98 100 102 104 106 108 109 111 113 116 118 120 121 123 125 128 130 132 133 135 137 139 141 143 146 148 150 152 154 156 157 159 161 164 166 168 169 171 173 176 178 180 181 183 185 188 190 192 193 195 197 200 202 204 205 207 209 212 214 216 217 219 221 224 226 228 229 231 233 236 238 240 241 243 245 248 250 252 253 255 257
a 1 4 6 8 10 12 15 16 19 21 23 25 28 29 32 34 36 38 41 42 45 47 49 51 53 56 58 60 62 64 66 69 71 73 75 77 80 82 84 85 87 89 91 93 96 98 100 102 104 106 108 109 111 113 116 118 120 121 123 125 128 130 132 133 135 137 139 141 143 146 148 150 152 154 156 157 159 161 164 166 168 169 171 173 176 178 180 181 183 185 188 190 192 193 195 197 200 202 204 205 207 209 212 214 216 217 219 221 224 226 228 229 231 233 236 238 240 241 243 245 248 250 252 253 255 257
a 1 4 6 8 10 12 15 16 19 21 23 25 28 29 32 34 36 38 41 42 45 47 49 51 53 56 58 60 62 64 66 69 71 73 75 77 80 82 84 85 87 89 91 93 95 98 100 102 104 106 108 109 111 113 116 118 120 121 123 125 128 130 132 133 135 137 139 141 143 146 148 150 152 154 156 157 159 161 164 166 168 169 171 173 176 178 180 181 183 185 188 190 192 193 195 197 200 202 204 205 207 209 212 214 216 217 219 221 224 226 228 229 231 233 236 238 240 241 243 245 248 250 252 253 255 257
a 1 4 6 8 10 12 15 16 19 21 23 25 28 29 33 34 36 38 41 42 45 47 49 51 53 56 58 60 62 64 66 69 71 73 75 77 80 82 84 85 87 89 91 93 95 98 100 102 104 106 108 109 111 113 116 118 120 121 123 125 128 130 132 133 135 137 139 141 143 146 148 150 152 154 156 157 159 161 164 166 168 169 171 173 176 178 180 181 183 185 188 190 192 193 195 197 200 202 204 205 207 209 212 214 216 217 219 221 224 226 228 229 231 233 236 238 240 241 243 245 248 250 252 253 255 257
a 1 4 6 8 10 12 15 16 19 21 23 25 28 31 33 34 36 38 41 42 45 47 49 51 53 56 58 60 62 64 66 69 71 73 75 77 80 82 84 85 87 89 91 93 95 98 100 102 104 106 108 109 111 113 116 118 120 121 123 125 128 130 132 133 135 137 139 141 143 146 148 150 152 154 156 157 159 161 164 166 168 169 171 173 176 178 180 181 183 185 188 190 192 193 195 197 200 202 204 205 207 209 212 214 216 217 219 221 224 226 228 229 231 233 236 238 240 241 243 245 248 250 252 253 255 257
a 1 4 6 8 10 12 15 16 19 21 23 25 27 31 33 34 36 38 41 42 45 47 49 51 53 56 58 60 62 64 66 69 71 73 75 77 80 82 84 85 87 89 91 93 95 98 100 102 104 106 108 109 111 113 116 118 120 121 123 125 128 130 132 133 135 137 139 141 143 146 148 150 152 154 156 157 159 161 164 166 168 169 171 173 176 178 180 181 183 185 188 190 192 193 195 197 200 202 204 205 207 209 212 214 216 217 219 221 224 226 228 229 231 233 236 238 240 241 243 245 248 250 252 253 255 257
a 1 4 6 8 10 12 15 16 19 21 23 25 27 30 33 34 36 38 41 42 45 47 49 51 53 56 58 60 62 64 66 69 71 73 75 77 80 82 84 85 87 89 91 93 95 98 100 102 104 106 108 109 111 113 116 118 120 121 123 125 128 130 132 133 135 137 139 141 143 146 148 150 152 154 156 157 159 161 164 166 168 169 171 173 176 178 180 181 183 185 188 190 192 193 195 197 200 202 204 205 207 209 212 214 216 217 219 221 224 226 228 229 231 233 236 238 240 241 243 245 248 250 252 253 255 257
a 1 4 6 8 10 12 15 16 19 21 23 25 27 30 32 34 36 38 41 42 45 47 49 51 53 56 58 60 62 64 66 69 71 73 75 77 80 82 84 85 87 89 91 93 95 98 100 102 104 106 108 109 111 113 116 118 120 121 123 125 128 130 132 133 135 137 139 141 143 146 148 150 152 154 156 157 159 161 164 166 168 169 171 173 176 178 180 181 183 185 188 190 192 193 195 197 200 202 204 205 207 209 212 214 216 217 219 221 224 226 228 229 231 233 236 238 240 241 243 245 248 250 252 253 255 257
a 1 4 6 8 10 12 15 16 19 21 23 25 27 30 32 34 36 38 41 42 45 47 49 51 53 56 58 60 62 64 66 69 71 73 75 77 80 82 84 85 87 89 91 93 95 98 100 102 104 106 108 109 111 113 116 118 120 121 123 125 128 130 132 133 135 137 139 141 143 146 148 149 152 154 156 157 159 161 164 166 168 169 171 173 176 178 180 181 183 185 188 190 192 193 195 197 200 202 204 205 207 209 212 214 216 217 219 221 224 226 228 229 231 233 236 238 240 241 243 245 248 250 252 253 255 257
a 1 4 6 8 10 12 15 16 19 21 23 25 27 30 32 34 36 38 41 42 45 47 49 51 53 56 58 60 62 64 66 69 71 73 75 77 80 82 84 85 87 89 91 93 95 98 100 102 104 106 108 109 111 113 116 118 120 121 123 125 128 130 132 133 135 137 139 141 143 146 147 149 152 154 156 157 159 161 164 166 168 169 171 173 176 178 180 181 183 185 188 190 192 193 195 197 200 202 204 205 207 209 212 214 216 217 219 221 224 226 228 229 231 233 236 238 240 241 243 245 248 250 252 253 255 257
a 1 4 6 8 10 12 15 16 19 21 23 25 27 30 32 34 36 38 41 42 45 47 49 51 53 56 58 60 62 64 66 69 71 73 75 77 80 82 84 85 87 89 91 93 95 98 100 102 104 106 108 109 111 113 116 118 120 121 123 125 128 130 132 133 135 137 139 141 143 145 147 149 152 154 156 157 159 161 164 166 168 169 171 173 176 178 180 181 183 185 188 190 192 193 195 197 200 202 204 205 207 209 212 214 216 217 219 221 224 226 228 229 231 233 236 238 240 241 243 245 248 250 252 253 255 257
a 1 4 6 8 10 12 15 16 19 21 23 25 27 30 32 34 36 38 41 42 45 47 49 51 53 56 58 60 62 64 66 69 71 73 75 77 80 82 84 85 87 89 91 93 95 98 100 102 104 106 108 109 111 113 116 118 120 121 123 125 128 130 132 133 135 137 139 141 144 145 147 149 152 154 156 157 159 161 164 166 168 169 171 173 176 178 180 181 183 185 188 190 192 193 195 197 200 202 204 205 207 209 212 214 216 217 219 221 224 226 228 229 231 233 236 238 240 241 243 245 248 250 252 253 255 257
a 1 4 6 8 10 12 15 16 19 21 23 25 27 30 32 34 36 38 41 42 45 47 49 51 53 56 58 60 62 64 66 69 71 73 75 77 80 82 84 85 87 89 91 93 95 98 100 102 104 106 108 109 111 113 116 118 120 121 123 125 128 130 132 133 135 137 139 142 144 145 147 149 152 154 156 157 159 161 164 166 168 169 171 173 176 178 180 181 183 185 188 190 192 193 195 197 200 202 204 205 207 209 212 214 216 217 219 221 224 226 228 229 231 233 236 238 240 241 243 245 248 250 252 253 255 257
a 1 4 6 8 10 12 15 16 19 21 23 25 27 30 32 34 36 38 41 42 45 47 49 51 53 56 58 60 62 64 66 69 71 73 75 77 80 82 84 85 87 89 91 93 95 98 100 102 104 106 108 109 111 113 116 118 120 121 123 125 128 130 132 133 135 137 140 142 144 145 147 149 152 154 156 157 159 161 164 166 168 169 171 173 176 178 180 181 183 185 188 190 192 193 195 197 200 202 204 205 207 209 212 214 216 217 219 221 224 226 228 229 231 233 236 238 240 241 243 245 248 250 252 253 255 257
a 1 4 6 8 10 12 15 16 19 21 23 25 27 30 32 34 36 38 41 42 45 47 49 51 53 56 58 60 62 64 66 69 71 73 75 77 80 82 84 85 87 89 91 93 95 98 100 101 104 106 108 109 111 113 116 118 120 121 123 125 128 130 132 133 135 137 140 142 144 145 147 149 152 154 156 157 159 161 164 166 168 169 171 173 176 178 180 181 183 185 188 190 192 193 195 197 200 202 204 205 207 209 212 214 216 217 219 221 224 226 228 229 231 233 236 238 240 241 243 245 248 250 252 253 255 257
a 1 4 6 8 10 12 15 16 19 21 23 25 27 30 32 34 36 38 41 42 45 47 49 51 53 56 58 60 62 64 66 69 71 73 75 77 80 82 84 85 87 89 91 93 95 98 99 101 104 106 108 109 111 113 116 118 120 121 123 125 128 130 132 133 135 137 140 142 144 145 147 149 152 154 156 157 159 161 164 166 168 169 171 173 176 178 180 181 183 185 188 190 192 193 195 197 200 202 204 205 207 209 212 214 216 217 219 221 224 226 228 229 231 233 236 238 240 241 243 245 248 250 252 253 255 257
a 1 4 6 8 10 12 15 16 19 21 23 25 27 30 32 34 36 38 41 42 45 47 49 51 53 56 58 60 62 64 66 69 71 73 75 77 80 82 84 85 87 89 91 93 95 97 99 101 104 106 108 109 111 113 116 118 120 121 123 125 128 130 132 133 135 137 140 142 144 145 147 149 152 154 156 157 159 161 164 166 168 169 171 173 176 178 180 181 183 185 188 190 192 193 195 197 200 202 204 205 207 209 212 214 216 217 219 221 224 226 228 229 231 233 236 238 240 241 243 245 248 250 252 253 255 257
a 1 4 6 8 10 12 15 16 19 21 23 25 27 30 32 34 36 38 41 42 45 47 49 51 53 56 58 60 62 64 66 69 71 73 75 77 80 82 84 85 87 89 91 93 96 97 99 101 104 106 108 109 111 113 116 118 120 121 123 125 128 130 132 133 135 137 140 142 144 145 147 149 152 154 156 157 159 161 164 166 168 169 171 173 176 178 180 181 183 185 188 190 192 193 195 197 200 202 204 205 207 209 212 214 216 217 219 221 224 226 228 229 231 233 236 238 240 241 243 245 248 250 252 253 255 257
a 1 4 6 8 10 12 15 16 19 21 23 25 27 30 32 34 36 38 41 42 45 47 49 51 53 56 58 60 62 64 66 69 71 73 75 77 80 82 84 85 87 89 91 94 96 97 99 101 104 106 108 109 111 113 116 118 120 121 123 125 128 130 132 133 135 137 140 142 144 145 147 149 152 154 156 157 159 161 164 166 168 169 171 173 176 178 180 181 183 185 188 190 192 193 195 197 200 202 204 205 207 209 212 214 216 217 219 221 224 226 228 229 231 233 236 238 240 241 243 245 248 250 252 253 255 257
a 1 4 6 8 10 12 15 16 19 21 23 25 27 30 32 34 36 38 41 42 45 47 49 51 53 56 58 60 62 64 66 69 71 73 75 77 80 82 84 85 87 89 92 94 96 97 99 101 104 106 108 109 111 113 116 118 120 121 123 125 128 130 132 133 135 137 140 142 144 145 147 149 152 154 156 157 159 161 164 166 168 169 171 173 176 178 180 181 183 185 188 190 192 193 195 197 200 202 204 205 207 209 212 214 216 217 219 221 224 226 228 229 231 233 236 238 240 241 243 245 248 250 252 253 255 257
a 1 4 7 8 10 12 15 16 19 21 23 25 27 30 32 34 36 38 41 42 45 47 49 51 53 56 58 60 62 64 66 69 71 73 75 77 80 82 84 85 87 89 92 94 96 97 99 101 104 106 108 109 111 113 116 118 120 121 123 125 128 130 132 133 135 137 140 142 144 145 147 149 152 154 156 157 159 161 164 166 168 169 171 173 176 178 180 181 183 185 188 190 192 193 195 197 200 202 204 205 207 209 212 214 216 217 219 221 224 226 228 229 231 233 236 238 240 241 243 245 248 250 252 253 255 257
a 1 5 7 8 10 12 15 16 19 21 23 25 27 30 32 34 36 38 41 42 45 47 49 51 53 56 58 60 62 64 66 69 71 73 75 77 80 82 84 85 87 89 92 94 96 97 99 101 104 106 108 109 111 113 116 118 120 121 123 125 128 130 132 133 135 137 140 142 144 145 147 149 152 154 156 157 159 161 164 166 168 169 171 173 176 178 180 181 183 185 188 190 192 193 195 197 200 202 204 205 207 209 212 214 216 217 219 221 224 226 228 229 231 233 236 238 240 241 243 245 248 250 252 253 255 257
a 2 5 7 8 10 12 15 16 19 21 23 25 27 30 32 34 36 38 41 42 45 47 49 51 53 56 58 60 62 64 66 69 71 73 75 77 80 82 84 85 87 89 92 94 96 97 99 101 104 106 108 109 111 113 116 118 120 121 123 125 128 130 132 133 135 137 140 142 144 145 147 149 152 154 156 157 159 161 164 166 168 169 171 173 176 178 180 181 183 185 188 190 192 193 195 197 200 202 204 205 207 209 212 214 216 217 219 221 224 226 228 229 231 233 236 238 240 241 243 245 248 250 252 253 255 257
a 2 5 7 8 10 12 15 16 19 21 23 25 27 30 32 34 36 38 41 42 45 47 49 51 53 56 58 60 62 64 66 69 71 73 75 77 80 82 84 86 87 89 92 94 96 97 99 101 104 106 108 109 111 113 116 118 120 121 123 125 128 130 132 133 135 137 140 142 144 145 147 149 152 154 156 157 159 161 164 166 168 169 171 173 176 178 180 181 183 185 188 190 192 193 195 197 200 202 204 205 207 209 212 214 216 217 219 221 224 226 228 229 231 233 236 238 240 241 243 245 248 250 252 253 255 257
a 2 5 7 8 10 12 15 16 19 21 23 25 27 30 32 34 36 38 41 42 45 47 49 51 53 56 58 60 62 64 66 69 71 73 75 77 80 82 84 86 88 89 92 94 96 97 99 101 104 106 108 109 111 113 116 118 120 121 123 125 128 130 132 133 135 137 140 142 144 145 147 149 152 154 156 157 159 161 164 166 168 169 171 173 176 178 180 181 183 185 188 190 192 193 195 197 200 202 204 205 207 209 212 214 216 217 219 221 224 226 228 229 231 233 236 238 240 241 243 245 248 250 252 253 255 257
a 2 5 7 8 10 12 15 16 19 21 23 25 27 30 32 34 36 38 41 42 45 47 49 51 53 56 58 60 62 64 66 69 71 73 75 77 80 82 84 86 88 90 92 94 96 97 99 101 104 106 108 109 111 113 116 118 120 121 123 125 128 130 132 133 135 137 140 142 144 145 147 149 152 154 156 157 159 161 164 166 168 169 171 173 176 178 180 181 183 185 188 190 192 193 195 197 200 202 204 205 207 209 212 214 216 217 219 221 224 226 228 229 231 233 236 238 240 241 243 245 248 250 252 253 255 257
a 2 3 7 8 10 12 15 16 19 21 23 25 27 30 32 34 36 38 41 42 45 47 49 51 53 56 58 60 62 64 66 69 71 73 75 77 80 82 84 86 88 90 92 94 96 97 99 101 104 106 108 109 111 113 116 118 120 121 123 125 128 130 132 133 135 137 140 142 144 145 147 149 152 154 156 157 159 161 164 166 168 169 171 173 176 178 180 181 183 185 188 190 192 193 195 197 200 202 204 205 207 209 212 214 216 217 219 221 224 226 228 229 231 233 236 238 240 241 243 245 248 250 252 253 255 257
a 2 3 6 8 10 12 15 16 19 21 23 25 27 30 32 34 36 38 41 42 45 47 49 51 53 56 58 60 62 64 66 69 71 73 75 77 80 82 84 86 88 90 92 94 96 97 99 101 104 106 108 109 111 113 116 118 120 121 123 125 128 130 132 133 135 137 140 142 144 145 147 149 152 154 156 157 159 161 164 166 168 169 171 173 176 178 180 181 183 185 188 190 192 193 195 197 200 202 204 205 207 209 212 214 216 217 219 221 224 226 228 229 231 233 236 238 240 241 243 245 248 250 252 253 255 257
a 2 3 6 8 10 12 15 16 19 21 23 25 27 30 32 34 36 38 41 42 45 47 49 51 53 56 58 60 62 64 66 69 71 73 75 77 79 82 84 86 88 90 92 94 96 97 99 101 104 106 108 109 111 113 116 118 120 121 123 125 128 130 132 133 135 137 140 142 144 145 147 149 152 154 156 157 159 161 164 166 168 169 171 173 176 178 180 181 183 185 188 190 192 193 195 197 200 202 204 205 207 209 212 214 216 217 219 221 224 226 228 229 231 233 236 238 240 241 243 245 248 250 252 253 255 257
a 2 3 6 8 10 12 15 16 19 21 23 25 27 30 32 34 36 38 41 42 45 47 49 51 53 56 58 60 62 64 66 69 71 73 75 77 79 81 84 86 88 90 92 94 96 97 99 101 104 106 108 109 111 113 116 118 120 121 123 125 128 130 132 133 135 137 140 142 144 145 147 149 152 154 156 157 159 161 164 166 168 169 171 173 176 178 180 181 183 185 188 190 192 193 195 197 200 202 204 205 207 209 212 214 216 217 219 221 224 226 228 229 231 233 236 238 240 241 243 245 248 250 252 253 255 257
a 2 3 6 8 10 12 15 16 19 21 23 25 27 30 32 34 36 38 41 42 45 47 49 51 53 56 58 60 62 64 66 69 71 73 75 77 79 81 83 86 88 90 92 94 96 97 99 101 104 106 108 109 111 113 116 118 120 121 123 125 128 130 132 133 135 137 140 142 144 145 147 149 152 154 156 157 159 161 164 166 168 169 171 173 176 178 180 181 183 185 188 190 192 193 195 197 200 202 204 205 207 209 212 214 216 217 219 221 224 226 228 229 231 233 236 238 240 241 243 245 248 250 252 253 255 257
a 2 3 6 8 10 12 15 16 20 21 23 25 27 30 32 34 36 38 41 42 45 47 49 51 53 56 58 60 62 64 66 69 71 73 75 77 79 81 83 86 88 90 92 94 96 97 99 101 104 106 108 109 111 113 116 118 120 121 123 125 128 130 132 133 135 137 140 142 144 145 147 149 152 154 156 157 159 161 164 166 168 169 171 173 176 178 180 181 183 185 188 190 192 193 195 197 200 202 204 205 207 209 212 214 216 217 219 221 224 226 228 229 231 233 236 238 240 241 243 245 248 250 252 253 255 257
a 2 3 6 8 10 12 15 18 20 21 23 25 27 30 32 34 36 38 41 42 45 47 49 51 53 56 58 60 62 64 66 69 71 73 75 77 79 81 83 86 88 90 92 94 96 97 99 101 104 106 108 109 111 113 116 118 120 121 123 125 128 130 132 133 135 137 140 142 144 145 147 149 152 154 156 157 159 161 164 166 168 169 171 173 176 178 180 181 183 185 188 190 192 193 195 197 200 202 204 205 207 209 212 214 216 217 219 221 224 226 228 229 231 233 236 238 240 241 243 245 248 250 252 253 255 257
a 2 3 6 8 10 12 14 18 20 21 23 25 27 30 32 34 36 38 41 42 45 47 49 51 53 56 58 60 62 64 66 69 71 73 75 77 79 81 83 86 88 90 92 94 96 97 99 101 104 106 108 109 111 113 116 118 120 121 123 125 128 130 132 133 135 137 140 142 144 145 147 149 152 154 156 157 159 161 164 166 168 169 171 173 176 178 180 181 183 185 188 190 192 193 195 197 200 202 204 205 207 209 212 214 216 217 219 221 224 226 228 229 231 233 236 238 240 241 243 245 248 250 252 253 255 257
a 2 3 6 8 10 12 14 17 20 21 23 25 27 30 32 34 36 38 41 42 45 47 49 51 53 56 58 60 62 64 66 69 71 73 75 77 79 81 83 86 88 90 92 94 96 97 99 101 104 106 108 109 111 113 116 118 120 121 123 125 128 130 132 133 135 137 140 142 144 145 147 149 152 154 156 157 159 161 164 166 168 169 171 173 176 178 180 181 183 185 188 190 192 193 195 197 200 202 204 205 207 209 212 214 216 217 219 221 224 226 228 229 231 233 236 238 240 241 243 245 248 250 252 253 255 257
a 2 3 6 8 10 12 14 17 19 21 23 25 27 30 32 34 36 38 41 42 45 47 49 51 53 56 58 60 62 64 66 69 71 73 75 77 79 81 83 86 88 90 92 94 96 97 99 101 104 106 108 109 111 113 116 118 120 121 123 125 128 130 132 133 135 137 140 142 144 145 147 149 152 154 156 157 159 161 164 166 168 169 171 173 176 178 180 181 183 185 188 190 192 193 195 197 200 202 204 205 207 209 212 214 216 217 219 221 224 226 228 229 231 233 236 238 240 241 243 245 248 250 252 253 255 257
a 2 3 6 8 10 12 14 17 19 21 23 25 27 30 32 34 36 38 41 42 45 47 49 51 53 56 58 60 62 64 66 69 71 73 75 77 79 81 83 86 88 89 92 94 96 97 99 101 104 106 108 109 111 113 116 118 120 121 123 125 128 130 132 133 135 137 140 142 144 145 147 149 152 154 156 157 159 161 164 166 168 169 171 173 176 178 180 181 183 185 188 190 192 193 195 197 200 202 204 205 207 209 212 214 216 217 219 221 224 226 228 229 231 233 236 238 240 241 243 245 248 250 252 253 255 257
a 2 3 6 8 10 12 14 17 19 21 23 25 27 30 32 34 36 38 41 42 45 47 49 51 53 56 58 60 62 64 66 69 71 73 75 77 79 81 83 86 87 89 92 94 96 97 99 101 104 106 108 109 111 113 116 118 120 121 123 125 128 130 132 133 135 137 140 142 144 145 147 149 152 154 156 157 159 161 164 166 168 169 171 173 176 178 180 181 183 185 188 190 192 193 195 197 200 202 204 205 207 209 212 214 216 217 219 221 224 226 228 229 231 233 236 238 240 241 243 245 248 250 252 253 255 257
a 2 3 6 8 10 12 14 17 19 21 23 25 27 30 32 34 36 38 41 42 45 47 49 51 53 56 58 60 62 64 66 69 71 73 75 77 79 81 83 85 87 89 92 94 96 97 99 101 104 106 108 109 111 113 116 118 120 121 123 125 128 130 132 133 135 137 140 142 144 145 147 149 152 154 156 157 159 161 164 166 168 169 171 173 176 178 180 181 183 185 188 190 192 193 195 197 200 202 204 205 207 209 212 214 216 217 219 221 224 226 228 229 231 233 236 238 240 241 243 245 248 250 252 253 255 257
a 2 3 6 8 10 12 14 17 19 21 23 25 27 30 32 34 36 38 41 42 45 47 49 51 53 56 58 60 62 64 66 69 71 73 75 77 79 81 84 85 87 89 92 94 96 97 99 101 104 106 108 109 111 113 116 118 120 121 123 125 128 130 132 133 135 137 140 142 144 145 147 149 152 154 156 157 159 161 164 166 168 169 171 173 176 178 180 181 183 185 188 190 192 193 195 197 200 202 204 205 207 209 212 214 216 217 219 221 224 226 228 229 231 233 236 238 240 241 243 245 248 250 252 253 255 257
a 2 3 6 8 10 12 14 17 19 21 23 25 27 30 32 34 36 38 41 42 45 47 49 51 53 56 58 60 62 64 66 69 71 73 75 77 79 82 84 85 87 89 92 94 96 97 99 101 104 106 108 109 111 113 116 118 120 121 123 125 128 130 132 133 135 137 140 142 144 145 147 149 152 154 156 157 159 161 164 166 168 169 171 173 176 178 180 181 183 185 188 190 192 193 195 197 200 202 204 205 207 209 212 214 216 217 219 221 224 226 228 229 231 233 236 238 240 241 243 245 248 250 252 253 255 257
a 2 3 6 8 10 12 14 17 19 21 23 25 27 30 32 34 36 38 41 42 45 47 49 51 53 56 58 60 62 64 66 69 71 73 75 77 80 82 84 85 87 89 92 94 96 97 99 101 104 106 108 109 111 113 116 118 120 121 123 125 128 130 132 133 135 137 140 142 144 145 147 149 152 154 156 157 159 161 164 166 168 169 171 173 176 178 180 181 183 185 188 190 192 193 195 197 200 202 204 205 207 209 212 214 216 217 219 221 224 226 228 229 231 233 236 238 240 241 243 245 248 250 252 253 255 257
a 2 3 7 8 10 12 14 17 19 21 23 25 27 30 32 34 36 38 41 42 45 47 49 51 53 56 58 60 62 64 66 69 71 73 75 77 80 82 84 85 87 89 92 94 96 97 99 101 104 106 108 109 111 113 116 118 120 121 123 125 128 130 132 133 135 137 140 142 144 145 147 149 152 154 156 157 159 161 164 166 168 169 171 173 176 178 180 181 183 185 188 190 192 193 195 197 200 202 204 205 207 209 212 214 216 217 219 221 224 226 228 229 231 233 236 238 240 241 243 245 248 250 252 253 255 257
a 2 5 7 8 10 12 14 17 19 21 23 25 27 30 32 34 36 38 41 42 45 47 49 51 53 56 58 60 62 64 66 69 71 73 75 77 80 82 84 85 87 89 92 94 96 97 99 101 104 106 108 109 111 113 116 118 120 121 123 125 128 130 132 133 135 137 140 142 144 145 147 149 152 154 156 157 159 161 164 166 168 169 171 173 176 178 180 181 183 185 188 190 192 193 195 197 200 202 204 205 207 209 212 214 216 217 219 221 224 226 228 229 231 233 236 238 240 241 243 245 248 250 252 253 255 257
a 1 5 7 8 10 12 14 17 19 21 23 25 27 30 32 34 36 38 41 42 45 47 49 51 53 56 58 60 62 64 66 69 71 73 75 77 80 82 84 85 87 89 92 94 96 97 99 101 104 106 108 109 111 113 116 118 120 121 123 125 128 130 132 133 135 137 140 142 144 145 147 149 152 154 156 157 159 161 164 166 168 169 171 173 176 178 180 181 183 185 188 190 192 193 195 197 200 202 204 205 207 209 212 214 216 217 219 221 224 226 228 229 231 233 236 238 240 241 243 245 248 250 252 253 255 257
a 1 5 7 8 10 12 14 17 19 21 23 25 27 30 32 34 36 38 41 42 45 47 49 51 53 56 58 60 62 64 66 69 71 73 75 77 80 82 84 85 87 89 92 94 96 97 99 101 104 106 108 109 111 113 116 118 120 121 123 125 128 130 132 133 135 137 140 142 144 145 147 149 152 154 156 157 159 161 164 166 168 169 171 173 176 178 180 181 183 185 188 190 192 193 195 197 200 202 204 205 207 209 212 214 216 217 219 221 224 226 228 230 231 233 236 238 240 241 243 245 248 250 252 253 255 257
a 1 5 7 8 10 12 14 17 19 21 23 25 27 30 32 34 36 38 41 42 45 47 49 51 53 56 58 60 62 64 66 69 71 73 75 77 80 82 84 85 87 89 92 94 96 97 99 101 104 106 108 109 111 113 116 118 120 121 123 125 128 130 132 133 135 137 140 142 144 145 147 149 152 154 156 157 159 161 164 166 168 169 171 173 176 178 180 181 183 185 188 190 192 193 195 197 200 202 204 205 207 209 212 214 216 217 219 221 224 226 228 230 232 233 236 238 240 241 243 245 248 250 252 253 255 257
a 1 5 7 8 10 12 14 17 19 21 23 25 27 30 32 34 36 38 41 42 45 47 49 51 53 56 58 60 62 64 66 69 71 73 75 77 80 82 84 85 87 89 92 94 96 97 99 101 104 106 108 109 111 113 116 118 120 121 123 125 128 130 132 133 135 137 140 142 144 145 147 149 152 154 156 157 159 161 164 166 168 169 171 173 176 178 180 181 183 185 188 190 192 193 195 197 200 202 204 205 207 209 212 214 216 217 219 221 224 226 228 230 232 234 236 238 240 241 243 245 248 250 252 253 255 257
a 1 4 7 8 10 12 14 17 19 21 23 25 27 30 32 34 36 38 41 42 45 47 49 51 53 56 58 60 62 64 66 69 71 73 75 77 80 82 84 85 87 89 92 94 96 97 99 101 104 106 108 109 111 113 116 118 120 121 123 125 128 130 132 133 135 137 140 142 144 145 147 149 152 154 156 157 159 161 164 166 168 169 171 173 176 178 180 181 183 185 188 190 192 193 195 197 200 202 204 205 207 209 212 214 216 217 219 221 224 226 228 230 232 234 236 238 240 241 243 245 248 250 252 253 255 257
a 1 4 6 8 10 12 14 17 19 21 23 25 27 30 32 34 36 38 41 42 45 47 49 51 53 56 58 60 62 64 66 69 71 73 75 77 80 82 84 85 87 89 92 94 96 97 99 101 104 106 108 109 111 113 116 118 120 121 123 125 128 130 132 133 135 137 140 142 144 145 147 149 152 154 156 157 159 161 164 166 168 169 171 173 176 178 180 181 183 185 188 190 192 193 195 197 200 202 204 205 207 209 212 214 216 217 219 221 224 226 228 230 232 234 236 238 240 241 243 245 248 250 252 253 255 257
a 1 4 6 8 10 12 14 17 19 21 23 25 27 30 32 34 36 38 41 42 45 47 49 51 53 56 58 60 62 64 66 69 71 73 75 77 80 82 84 85 87 89 92 94 96 97 99 101 104 106 108 109 111 113 116 118 120 121 123 125 128 130 132 133 135 137 140 142 144 145 147 149 152 154 156 157 159 161 164 166 168 169 171 173 176 178 180 181 183 185 188 190 192 193 195 197 200 202 204 205 207 209 212 214 216 217 219 221 223 226 228 230 232 234 236 238 240 241 243 245 248 250 252 253 255 257
a 1 4 6 8 10 12 14 17 19 21 23 25 27 30 32 34 36 38 41 42 45 47 49 51 53 56 58 60 62 64 66 69 71 73 75 77 80 82 84 85 87 89 92 94 96 97 99 101 104 106 108 109 111 113 116 118 120 121 123 125 128 130 132 133 135 137 140 142 144 145 147 149 152 154 156 157 159 161 164 166 168 169 171 173 176 178 180 181 183 185 188 190 192 193 195 197 200 202 204 205 207 209 212 214 216 217 219 221 223 225 228 230 232 234 236 238 240 241 243 245 248 250 252 253 255 257
a 1 4 6 8 10 12 14 17 19 21 23 25 27 30 32 34 36 38 41 42 45 47 49 51 53 56 58 60 62 64 66 69 71 73 75 77 80 82 84 85 87 89 92 94 96 97 99 101 104 106 108 109 111 113 116 118 120 121 123 125 128 130 132 133 135 137 140 142 144 145 147 149 152 154 156 157 159 161 164 166 168 169 171 173 176 178 180 181 183 185 188 190 192 193 195 197 200 202 204 205 207 209 212 214 216 217 219 221 223 225 227 230 232 234 236 238 240 241 243 245 248 250 252 253 255 257
a 1 4 6 8 10 12 14 17 19 21 23 25 27 30 32 34 36 38 41 42 45 47 49 51 53 56 58 60 62 64 66 69 71 73 75 77 80 82 84 85 87 89 92 94 96 97 99 101 104 106 108 109 111 113 116 118 120 121 123 125 128 130 132 133 135 137 140 142 144 145 147 149 152 154 156 157 159 161 164 166 168 169 171 173 176 178 180 181 183 185 188 190 192 193 195 197 200 202 204 206 207 209 212 214 216 217 219 221 223 225 227 230 232 234 236 238 240 241 243 245 248 250 252 253 255 257
a 1 4 6 8 10 12 14 17 19 21 23 25 27 30 32 34 36 38 41 42 45 47 49 51 53 56 58 60 62 64 66 69 71 73 75 77 80 82 84 85 87 89 92 94 96 97 99 101 104 106 108 109 111 113 116 118 120 121 123 125 128 130 132 133 135 137 140 142 144 145 147 149 152 154 156 157 159 161 164 166 168 169 171 173 176 178 180 181 183 185 188 190 192 193 195 197 200 202 204 206 208 209 212 214 216 217 219 221 223 225 227 230 232 234 236 238 240 241 243 245 248 250 252 253 255 257
a 1 4 6 8 10 12 14 17 19 21 23 25 27 30 32 34 36 38 41 42 45 47 49 51 53 56 58 60 62 64 66 69 71 73 75 77 80 82 84 85 87 89 92 94 96 97 99 101 104 106 108 109 111 113 116 118 120 121 123 125 128 130 132 133 135 137 140 142 144 145 147 149 152 154 156 157 159 161 164 166 168 169 171 173 176 178 180 181 183 185 188 190 192 193 195 197 200 202 204 206 208 210 212 214 216 217 219 221 223 225 227 230 232 234 236 238 240 241 243 245 248 250 252 253 255 257
a 1 4 6 8 10 12 14 17 19 21 23 25 27 30 32 34 36 38 41 42 45 47 49 51 53 56 58 60 62 64 66 69 71 73 75 77 80 82 84 85 87 89 92 94 96 97 99 101 104 106 108 109 111 113 116 118 120 121 123 125 128 130 132 133 135 137 140 142 144 145 147 149 152 154 156 157 159 161 164 166 168 169 171 173 176 178 180 181 183 185 188 190 192 193 195 197 199 202 204 206 208 210 212 214 216 217 219 221 223 225 227 230 232 234 236 238 240 241 243 245 248 250 252 253 255 257
a 1 4 6 8 10 12 14 17 19 21 23 25 27 30 32 34 36 38 41 42 45 47 49 51 53 56 58 60 62 64 66 69 71 73 75 77 80 82 84 85 87 89 92 94 96 97 99 101 104 106 108 109 111 113 116 118 120 121 123 125 128 130 132 133 135 137 140 142 144 145 147 149 152 154 156 157 159 161 164 166 168 169 171 173 176 178 180 181 183 185 188 190 192 193 195 197 199 201 204 206 208 210 212 214 216 217 219 221 223 225 227 230 232 234 236 238 240 241 243 245 248 250 252 253 255 257
a 1 4 6 8 10 12 14 17 19 21 23 25 27 30 32 34 36 38 41 42 45 47 49 51 53 56 58 60 62 64 66 69 71 73 75 77 80 82 84 85 87 89 92 94 96 97 99 101 104 106 108 109 111 113 116 118 120 121 123 125 128 130 132 133 135 137 140 142 144 145 147 149 152 154 156 157 159 161 164 166 168 169 171 173 176 178 180 181 183 185 188 190 192 193 195 197 199 201 203 206 208 210 212 214 216 217 219 221 223 225 227 230 232 234 236 238 240 241 243 245 248 250 252 253 255 257
a 1 4 6 8 10 12 14 17 19 21 23 25 27 30 32 34 36 38 41 42 45 47 49 51 53 56 58 60 62 64 66 69 71 73 75 77 80 82 84 85 87 89 92 94 96 97 99 101 104 106 108 109 111 113 116 118 120 121 123 125 128 130 132 133 135 137 140 142 144 145 147 149 152 154 156 157 159 161 164 166 168 170 171 173 176 178 180 181 183 185 188 190 192 193 195 197 199 201 203 206 208 210 212 214 216 217 219 221 223 225 227 230 232 234 236 238 240 241 243 245 248 250 252 253 255 257
a 1 4 6 8 10 12 14 17 19 21 23 25 27 30 32 34 36 38 41 42 45 47 49 51 53 56 58 60 62 64 66 69 71 73 75 77 80 82 84 85 87 89 92 94 96 97 99 101 104 106 108 109 111 113 116 118 120 121 123 125 128 130 132 133 135 137 140 142 144 145 147 149 152 154 156 157 159 161 164 166 168 170 172 173 176 178 180 181 183 185 188 190 192 193 195 197 199 201 203 206 208 210 212 214 216 217 219 221 223 225 227 230 232 234 236 238 240 241 243 245 248 250 252 253 255 257
a 1 4 6 8 10 12 14 17 19 21 23 25 27 30 32 34 36 38 41 42 45 47 49 51 53 56 58 60 62 64 66 69 71 73 75 77 80 82 84 85 87 89 92 94 96 97 99 101 104 106 108 109 111 113 116 118 120 121 123 125 128 130 132 133 135 137 140 142 144 145 147 149 152 154 156 157 159 161 164 166 168 170 172 174 176 178 180 181 183 185 188 190 192 193 195 197 199 201 203 206 208 210 212 214 216 217 219 221 223 225 227 230 232 234 236 238 240 241 243 245 248 250 252 253 255 257
a 1 4 6 8 10 12 14 17 19 21 23 25 27 30 32 34 36 38 41 42 45 47 49 51 53 56 58 60 62 64 66 69 71 73 75 77 80 82 84 85 87 89 92 94 96 97 99 101 104 106 108 109 111 113 116 118 120 121 123 125 128 130 132 133 135 137 140 142 144 145 147 149 152 154 156 157 159 161 163 166 168 170 172 174 176 178 180 181 183 185 188 190 192 193 195 197 199 201 203 206 208 210 212 214 216 217 219 221 223 225 227 230 232 234 236 238 240 241 243 245 248 250 252 253 255 257
a 1 4 6 8 10 12 14 17 19 21 23 25 27 30 32 34 36 38 41 42 45 47 49 51 53 56 58 60 62 64 66 69 71 73 75 77 80 82 84 85 87 89 92 94 96 97 99 101 104 106 108 109 111 113 116 118 120 121 123 125 128 130 132 133 135 137 140 142 144 145 147 149 152 154 156 157 159 161 163 165 168 170 172 174 176 178 180 181 183 185 188 190 192 193 195 197 199 201 203 206 208 210 212 214 216 217 219 221 223 225 227 230 232 234 236 238 240 241 243 245 248 250 252 253 255 257
a 1 4 6 8 10 12 14 17 19 21 23 25 27 30 32 34 36 38 41 42 45 47 49 51 53 56 58 60 62 64 66 69 71 73 75 77 80 82 84 85 87 89 92 94 96 97 99 101 104 106 108 109 111 113 116 118 120 121 123 125 128 130 132 133 135 137 140 142 144 145 147 149 152 154 156 157 159 161 163 165 167 170 172 174 176 178 180 181 183 185 188 190 192 193 195 197 199 201 203 206 208 210 212 214 216 217 219 221 223 225 227 230 232 234 236 238 240 241 243 245 248 250 252 253 255 257
a 1 4 6 8 10 12 14 17 19 21 23 25 27 30 32 34 36 38 41 42 45 47 49 51 53 56 58 60 62 64 66 69 71 73 75 77 80 82 84 85 87 89 92 94 96 97 99 101 104 106 108 109 111 113 116 118 120 122 123 125 128 130 132 133 135 137 140 142 144 145 147 149 152 154 156 157 159 161 163 165 167 170 172 174 176 178 180 181 183 185 188 190 192 193 195 197 199 201 203 206 208 210 212 214 216 217 219 221 223 225 227 230 232 234 236 238 240 241 243 245 248 250 252 253 255 257
a 1 4 6 8 10 12 14 17 19 21 23 25 27 30 32 34 36 38 41 42 45 47 49 51 53 56 58 60 62 64 66 69 71 73 75 77 80 82 84 85 87 89 92 94 96 97 99 101 104 106 108 109 111 113 116 118 120 122 124 125 128 130 132 133 135 137 140 142 144 145 147 149 152 154 156 157 159 161 163 165 167 170 172 174 176 178 180 181 183 185 188 190 192 193 195 197 199 201 203 206 208 210 212 214 216 217 219 221 223 225 227 230 232 234 236 238 240 241 243 245 248 250 252 253 255 257
a 1 4 6 8 10 12 14 17 19 21 23 25 27 30 32 34 36 38 41 42 45 47 49 51 53 56 58 60 62 64 66 69 71 73 75 77 80 82 84 85 87 89 92 94 96 97 99 101 104 106 108 109 111 113 116 118 120 122 124 126 128 130 132 133 135 137 140 142 144 145 147 149 152 154 156 157 159 161 163 165 167 170 172 174 176 178 180 181 183 185 188 190 192 193 195 197 199 201 203 206 208 210 212 214 216 217 219 221 223 225 227 230 232 234 236 238 240 241 243 245 248 250 252 253 255 257
a 1 4 6 8 10 12 14 17 19 21 23 25 27 30 32 34 36 38 41 42 45 47 49 51 53 56 58 60 62 64 66 69 71 73 75 77 80 82 84 85 87 89 92 94 96 97 99 101 104 106 108 109 111 113 115 118 120 122 124 126 128 130 132 133 135 137 140 142 144 145 147 149 152 154 156 157 159 161 163 165 167 170 172 174 176 178 180 181 183 185 188 190 192 193 195 197 199 201 203 206 208 210 212 214 216 217 219 221 223 225 227 230 232 234 236 238 240 241 243 245 248 250 252 253 255 257
a 1 4 6 8 10 12 14 17 19 21 23 25 27 30 32 34 36 38 41 42 45 47 49 51 53 56 58 60 62 64 66 69 71 73 75 77 80 82 84 85 87 89 92 94 96 97 99 101 104 106 108 109 111 113 115 117 120 122 124 126 128 130 132 133 135 137 140 142 144 145 147 149 152 154 156 157 159 161 163 165 167 170 172 174 176 178 180 181 183 185 188 190 192 193 195 197 199 201 203 206 208 210 212 214 216 217 219 221 223 225 227 230 232 234 236 238 240 241 243 245 248 250 252 253 255 257
a 1 4 6 8 10 12 14 17 19 21 23 25 27 30 32 34 36 38 41 42 45 47 49 51 53 56 58 60 62 64 66 69 71 73 75 77 80 82 84 85 87 89 92 94 96 97 99 101 104 106 108 109 111 113 115 117 119 122 124 126 128 130 132 133 135 137 140 142 144 145 147 149 152 154 156 157 159 161 163 165 167 170 172 174 176 178 180 181 183 185 188 190 192 193 195 197 199 201 203 206 208 210 212 214 216 217 219 221 223 225 227 230 232 234 236 238 240 241 243 245 248 250 252 253 255 257
a 1 4 6 8 10 12 14 17 19 21 23 25 27 30 32 34 36 38 41 42 45 47 49 51 53 56 59 60 62 64 66 69 71 73 75 77 80 82 84 85 87 89 92 94 96 97 99 101 104 106 108 109 111 113 115 117 119 122 124 126 128 130 132 133 135 137 140 142 144 145 147 149 152 154 156 157 159 161 163 165 167 170 172 174 176 178 180 181 183 185 188 190 192 193 195 197 199 201 203 206 208 210 212 214 216 217 219 221 223 225 227 230 232 234 236 238 240 241 243 245 248 250 252 253 255 257
a 1 4 6 8 10 12 14 17 19 21 23 25 27 30 32 34 36 38 41 42 45 47 49 51 53 57 59 60 62 64 66 69 71 73 75 77 80 82 84 85 87 89 92 94 96 97 99 101 104 106 108 109 111 113 115 117 119 122 124 126 128 130 132 133 135 137 140 142 144 145 147 149 152 154 156 157 159 161 163 165 167 170 172 174 176 178 180 181 183 185 188 190 192 193 195 197 199 201 203 206 208 210 212 214 216 217 219 221 223 225 227 230 232 234 236 238 240 241 243 245 248 250 252 253 255 257
a 1 4 6 8 10 12 14 17 19 21 23 25 27 30 32 34 36 38 41 42 45 47 49 51 54 57 59 60 62 64 66 69 71 73 75 77 80 82 84 85 87 89 92 94 96 97 99 101 104 106 108 109 111 113 115 117 119 122 124 126 128 130 132 133 135 137 140 142 144 145 147 149 152 154 156 157 159 161 163 165 167 170 172 174 176 178 180 181 183 185 188 190 192 193 195 197 199 201 203 206 208 210 212 214 216 217 219 221 223 225 227 230 232 234 236 238 240 241 243 245 248 250 252 253 255 257
a 1 4 6 8 10 12 14 17 19 21 23 25 27 30 32 34 36 38 41 42 45 47 49 51 54 55 59 60 62 64 66 69 71 73 75 77 80 82 84 85 87 89 92 94 96 97 99 101 104 106 108 109 111 113 115 117 119 122 124 126 128 130 132 133 135 137 140 142 144 145 147 149 152 154 156 157 159 161 163 165 167 170 172 174 176 178 180 181 183 185 188 190 192 193 195 197 199 201 203 206 208 210 212 214 216 217 219 221 223 225 227 230 232 234 236 238 240 241 243 245 248 250 252 253 255 257
a 1 4 6 8 10 12 14 17 19 21 23 25 27 30 32 34 36 38 41 42 45 47 49 51 54 55 58 60 62 64 66 69 71 73 75 77 80 82 84 85 87 89 92 94 96 97 99 101 104 106 108 109 111 113 115 117 119 122 124 126 128 130 132 133 135 137 140 142 144 145 147 149 152 154 156 157 159 161 163 165 167 170 172 174 176 178 180 181 183 185 188 190 192 193 195 197 199 201 203 206 208 210 212 214 216 217 219 221 223 225 227 230 232 234 236 238 240 241 243 245 248 250 252 253 255 257
a 1 4 6 8 10 12 14 17 19 21 23 25 27 30 32 34 36 38 41 42 45 47 49 51 54 55 58 60 62 64 66 69 71 73 75 77 80 82 84 85 87 89 92 94 96 97 99 101 104 106 108 109 111 113 115 117 119 122 124 126 128 130 132 133 135 137 140 142 144 145 147 149 152 154 156 157 159 161 163 165 167 170 172 174 176 178 180 181 183 185 188 190 192 193 195 197 199 201 203 206 208 210 212 214 216 217 219 221 223 225 227 230 232 233 236 238 240 241 243 245 248 250 252 253 255 257
a 1 4 6 8 10 12 14 17 19 21 23 25 27 30 32 34 36 38 41 42 45 47 49 51 54 55 58 60 62 64 66 69 71 73 75 77 80 82 84 85 87 89 92 94 96 97 99 101 104 106 108 109 111 113 115 117 119 122 124 126 128 130 132 133 135 137 140 142 144 145 147 149 152 154 156 157 159 161 163 165 167 170 172 174 176 178 180 181 183 185 188 190 192 193 195 197 199 201 203 206 208 210 212 214 216 217 219 221 223 225 227 230 231 233 236 238 240 241 243 245 248 250 252 253 255 257
a 1 4 6 8 10 12 14 17 19 21 23 25 27 30 32 34 36 38 41 42 45 47 49 51 54 55 58 60 62 64 66 69 71 73 75 77 80 82 84 85 87 89 92 94 96 97 99 101 104 106 108 109 111 113 115 117 119 122 124 126 128 130 132 133 135 137 140 142 144 145 147 149 152 154 156 157 159 161 163 165 167 170 172 174 176 178 180 181 183 185 188 190 192 193 195 197 199 201 203 206 208 210 212 214 216 217 219 221 223 225 227 229 231 233 236 238 240 241 243 245 248 250 252 253 255 257
a 1 4 6 8 10 12 14 17 19 21 23 25 27 30 32 34 36 38 41 42 45 47 49 51 54 55 58 60 62 64 66 69 71 73 75 77 80 82 84 85 87 89 92 94 96 97 99 101 104 106 108 109 111 113 115 117 119 122 124 126 128 130 132 133 135 137 140 142 144 145 147 149 152 154 156 157 159 161 163 165 167 170 172 174 176 178 180 181 183 185 188 190 192 193 195 197 199 201 203 206 208 210 212 214 216 217 219 221 223 225 228 229 231 233 236 238 240 241 243 245 248 250 252 253 255 257
a 1 4 6 8 10 12 14 17 19 21 23 25 27 30 32 34 36 38 41 42 45 47 49 51 54 55 58 60 62 64 66 69 71 73 75 77 80 82 84 85 87 89 92 94 96 97 99 101 104 106 108 109 111 113 115 117 119 122 124 126 128 130 132 133 135 137 140 142 144 145 147 149 152 154 156 157 159 161 163 165 167 170 172 174 176 178 180 181 183 185 188 190 192 193 195 197 199 201 203 206 208 210 212 214 216 217 219 221 223 226 228 229 231 233 236 238 240 241 243 245 248 250 252 253 255 257
a 1 4 6 8 10 12 14 17 19 21 23 25 27 30 32 34 36 38 41 42 45 47 49 51 54 55 58 60 62 64 66 69 71 73 75 77 80 82 84 85 87 89 92 94 96 97 99 101 104 106 108 109 111 113 115 117 119 122 124 126 128 130 132 133 135 137 140 142 144 145 147 149 152 154 156 157 159 161 163 165 167 170 172 174 176 178 180 181 183 185 188 190 192 193 195 197 199 201 203 206 208 210 212 214 216 217 219 221 224 226 228 229 231 233 236 238 240 241 243 245 248 250 252 253 255 257
a 1 4 6 8 10 12 14 17 19 21 23 25 27 30 32 34 36 38 41 42 45 47 49 51 54 55 58 60 62 64 66 69 71 73 75 77 80 82 84 85 87 89 92 94 96 97 99 101 104 106 108 109 111 113 115 117 119 122 124 126 128 130 132 133 135 137 140 142 144 145 147 149 152 154 156 157 159 161 163 165 167 170 172 174 176 178 180 181 183 185 188 190 192 193 195 197 199 201 203 206 208 209 212 214 216 217 219 221 224 226 228 229 231 233 236 238 240 241 243 245 248 250 252 253 255 257
a 1 4 6 8 10 12 14 17 19 21 23 25 27 30 32 34 36 38 41 42 45 47 49 51 54 55 58 60 62 64 66 69 71 73 75 77 80 82 84 85 87 89 92 94 96 97 99 101 104 106 108 109 111 113 115 117 119 122 124 126 128 130 132 133 135 137 140 142 144 145 147 149 152 154 156 157 159 161 163 165 167 170 172 174 176 178 180 181 183 185 188 190 192 193 195 197 199 201 203 206 207 209 212 214 216 217 219 221 224 226 228 229 231 233 236 238 240 241 243 245 248 250 252 253 255 257
a 1 4 6 8 10 12 14 17 19 21 23 25 27 30 32 34 36 38 41 42 45 47 49 51 54 55 58 60 62 64 66 69 71 73 75 77 80 82 84 85 87 89 92 94 96 97 99 101 104 106 108 109 111 113 115 117 119 122 124 126 128 130 132 133 135 137 140 142 144 145 147 149 152 154 156 157 159 161 163 165 167 170 172 174 176 178 180 181 183 185 188 190 192 193 195 197 199 201 203 205 207 209 212 214 216 217 219 221 224 226 228 229 231 233 236 238 240 241 243 245 248 250 252 253 255 257
a 1 4 6 8 10 12 14 17 19 21 23 25 27 30 32 34 36 38 41 42 45 47 49 51 54 55 58 60 62 64 66 69 71 73 75 77 80 82 84 85 87 89 92 94 96 97 99 101 104 106 108 109 111 113 115 117 119 122 124 126 128 130 132 133 135 137 140 142 144 145 147 149 152 154 156 157 159 161 163 165 167 170 172 174 176 178 180 181 183 185 188 190 192 193 195 197 199 201 204 205 207 209 212 214 216 217 219 221 224 226 228 229 231 233 236 238 240 241 243 245 248 250 252 253 255 257
a 1 4 6 8 10 12 14 17 19 21 23 25 27 30 32 34 36 38 41 42 45 47 49 51 54 55 58 60 62 64 66 69 71 73 75 77 80 82 84 85 87 89 92 94 96 97 99 101 104 106 108 109 111 113 115 117 119 122 124 126 128 130 132 133 135 137 140 142 144 145 147 149 152 154 156 157 159 161 163 165 167 170 172 174 176 178 180 181 183 185 188 190 192 193 195 197 199 202 204 205 207 209 212 214 216 217 219 221 224 226 228 229 231 233 236 238 240 241 243 245 248 250 252 253 255 257
a 1 4 6 8 10 12 14 17 19 21 23 25 27 30 32 34 36 38 41 42 45 47 49 51 54 55 58 60 62 64 66 69 71 73 75 77 80 82 84 85 87 89 92 94 96 97 99 101 104 106 108 109 111 113 115 117 119 122 124 126 128 130 132 133 135 137 140 142 144 145 147 149 152 154 156 157 159 161 163 165 167 170 172 174 176 178 180 181 183 185 188 190 192 193 195 197 200 202 204 205 207 209 212 214 216 217 219 221 224 226 228 229 231 233 236 238 240 241 243 245 248 250 252 253 255 257
a 1 4 6 8 10 12 14 17 19 21 23 25 27 30 32 34 36 38 41 42 45 47 49 51 54 55 58 60 62 64 66 69 71 73 75 77 80 82 84 85 87 89 92 94 96 97 99 101 104 106 108 109 111 113 115 117 119 122 124 126 128 130 132 133 135 137 140 142 144 145 147 149 152 154 156 157 159 161 163 165 167 170 172 173 176 178 180 181 183 185 188 190 192 193 195 197 200 202 204 205 207 209 212 214 216 217 219 221 224 226 228 229 231 233 236 238 240 241 243 245 248 250 252 253 255 257
a 1 4 6 8 10 12 14 17 19 21 23 25 27 30 32 34 36 38 41 42 45 47 49 51 54 55 58 60 62 64 66 69 71 73 75 77 80 82 84 85 87 89 92 94 96 97 99 101 104 106 108 109 111 113 115 117 119 122 124 126 128 130 132 133 135 137 140 142 144 145 147 149 152 154 156 157 159 161 163 165 167 170 171 173 176 178 180 181 183 185 188 190 192 193 195 197 200 202 204 205 207 209 212 214 216 217 219 221 224 226 228 229 231 233 236 238 240 241 243 245 248 250 252 253 255 257
a 1 4 6 8 10 12 14 17 19 21 23 25 27 30 32 34 36 38 41 42 45 47 49 51 54 55 58 60 62 64 66 69 71 73 75 77 80 82 84 85 87 89 92 94 96 97 99 101 104 106 108 109 111 113 115 117 119 122 124 126 128 130 132 133 135 137 140 142 144 145 147 149 152 154 156 157 159 161 163 165 167 169 171 173 176 178 180 181 183 185 188 190 192 193 195 197 200 202 204 205 207 209 212 214 216 217 219 221 224 226 228 229 231 233 236 238 240 241 243 245 248 250 252 253 255 257
a 1 4 6 8 10 12 14 17 19 21 23 25 27 30 32 34 36 38 41 42 45 47 49 51 54 55 58 60 62 64 66 69 71 73 75 77 80 82 84 85 87 89 92 94 96 97 99 101 104 106 108 109 111 113 115 117 119 122 124 126 128 130 132 133 135 137 140 142 144 145 147 149 152 154 156 157 159 161 163 165 168 169 171 173 176 178 180 181 183 185 188 190 192 193 195 197 200 202 204 205 207 209 212 214 216 217 219 221 224 226 228 229 231 233 236 238 240 241 243 245 248 250 252 253 255 257
a 1 4 6 8 10 12 14 17 19 21 23 25 27 30 32 34 36 38 41 42 45 47 49 51 54 55 58 60 62 64 66 69 71 73 75 77 80 82 84 85 87 89 92 94 96 97 99 101 104 106 108 109 111 113 115 117 119 122 124 126 128 130 132 133 135 137 140 142 144 145 147 149 152 154 156 157 159 161 163 166 168 169 171 173 176 178 180 181 183 185 188 190 192 193 195 197 200 202 204 205 207 209 212 214 216 217 219 221 224 226 228 229 231 233 236 238 240 241 243 245 248 250 252 253 255 257
a 1 4 6 8 10 12 14 17 19 21 23 25 27 30 32 34 36 38 41 42 45 47 49 51 54 55 58 60 62 64 66 69 71 73 75 77 80 82 84 85 87 89 92 94 96 97 99 101 104 106 108 109 111 113 115 117 119 122 124 126 128 130 132 133 135 137 140 142 144 145 147 149 152 154 156 157 159 161 164 166 168 169 171 173 176 178 180 181 183 185 188 190 192 193 195 197 200 202 204 205 207 209 212 214 216 217 219 221 224 226 228 229 231 233 236 238 240 241 243 245 248 250 252 253 255 257
a 1 4 7 8 10 12 14 17 19 21 23 25 27 30 32 34 36 38 41 42 45 47 49 51 54 55 58 60 62 64 66 69 71 73 75 77 80 82 84 85 87 89 92 94 96 97 99 101 104 106 108 109 111 113 115 117 119 122 124 126 128 130 132 133 135 137 140 142 144 145 147 149 152 154 156 157 159 161 164 166 168 169 171 173 176 178 180 181 183 185 188 190 192 193 195 197 200 202 204 205 207 209 212 214 216 217 219 221 224 226 228 229 231 233 236 238 240 241 243 245 248 250 252 253 255 257
a 1 5 7 8 10 12 14 17 19 21 23 25 27 30 32 34 36 38 41 42 45 47 49 51 54 55 58 60 62 64 66 69 71 73 75 77 80 82 84 85 87 89 92 94 96 97 99 101 104 106 108 109 111 113 115 117 119 122 124 126 128 130 132 133 135 137 140 142 144 145 147 149 152 154 156 157 159 161 164 166 168 169 171 173 176 178 180 181 183 185 188 190 192 193 195 197 200 202 204 205 207 209 212 214 216 217 219 221 224 226 228 229 231 233 236 238 240 241 243 245 248 250 252 253 255 257
a 2 5 7 8 10 12 14 17 19 21 23 25 27 30 32 34 36 38 41 42 45 47 49 51 54 55 58 60 62 64 66 69 71 73 75 77 80 82 84 85 87 89 92 94 96 97 99 101 104 106 108 109 111 113 115 117 119 122 124 126 128 130 132 133 135 137 140 142 144 145 147 149 152 154 156 157 159 161 164 166 168 169 171 173 176 178 180 181 183 185 188 190 192 193 195 197 200 202 204 205 207 209 212 214 216 217 219 221 224 226 228 229 231 233 236 238 240 241 243 245 248 250 252 253 255 257
a 2 5 7 8 10 12 14 17 19 21 23 25 27 30 32 34 36 38 41 42 45 47 49 51 54 55 58 60 62 64 66 69 71 73 75 77 80 82 84 86 87 89 92 94 96 97 99 101 104 106 108 109 111 113 115 117 119 122 124 126 128 130 132 133 135 137 140 142 144 145 147 149 152 154 156 157 159 161 164 166 168 169 171 173 176 178 180 181 183 185 188 190 192 193 195 197 200 202 204 205 207 209 212 214 216 217 219 221 224 226 228 229 231 233 236 238 240 241 243 245 248 250 252 253 255 257
a 2 5 7 8 10 12 14 17 19 21 23 25 27 30 32 34 36 38 41 42 45 47 49 51 54 55 58 60 62 64 66 69 71 73 75 77 80 82 84 86 88 89 92 94 96 97 99 101 104 106 108 109 111 113 115 117 119 122 124 126 128 130 132 133 135 137 140 142 144 145 147 149 152 154 156 157 159 161 164 166 168 169 171 173 176 178 180 181 183 185 188 190 192 193 195 197 200 202 204 205 207 209 212 214 216 217 219 221 224 226 228 229 231 233 236 238 240 241 243 245 248 250 252 253 255 257
a 2 5 7 8 10 12 14 17 19 21 23 25 27 30 32 34 36 38 41 42 45 47 49 51 54 55 58 60 62 64 66 69 71 73 75 77 80 82 84 86 88 90 92 94 96 97 99 101 104 106 108 109 111 113 115 117 119 122 124 126 128 130 132 133 135 137 140 142 144 145 147 149 152 154 156 157 159 161 164 166 168 169 171 173 176 178 180 181 183 185 188 190 192 193 195 197 200 202 204 205 207 209 212 214 216 217 219 221 224 226 228 229 231 233 236 238 240 241 243 245 248 250 252 253 255 257
a 2 3 7 8 10 12 14 17 19 21 23 25 27 30 32 34 36 38 41 42 45 47 49 51 54 55 58 60 62 64 66 69 71 73 75 77 80 82 84 86 88 90 92 94 96 97 99 101 104 106 108 109 111 113 115 117 119 122 124 126 128 130 132 133 135 137 140 142 144 145 147 149 152 154 156 157 159 161 164 166 168 169 171 173 176 178 180 181 183 185 188 190 192 193 195 197 200 202 204 205 207 209 212 214 216 217 219 221 224 226 228 229 231 233 236 238 240 241 243 245 248 250 252 253 255 257
a 2 3 6 8 10 12 14 17 19 21 23 25 27 30 32 34 36 38 41 42 45 47 49 51 54 55 58 60 62 64 66 69 71 73 75 77 80 82 84 86 88 90 92 94 96 97 99 101 104 106 108 109 111 113 115 117 119 122 124 126 128 130 132 133 135 137 140 142 144 145 147 149 152 154 156 157 159 161 164 166 168 169 171 173 176 178 180 181 183 185 188 190 192 193 195 197 200 202 204 205 207 209 212 214 216 217 219 221 224 226 228 229 231 233 236 238 240 241 243 245 248 250 252 253 255 257
a 2 3 6 8 10 12 14 17 19 21 23 25 27 30 32 34 36 38 41 42 45 47 49 51 54 55 58 60 62 64 66 69 71 73 75 77 79 82 84 86 88 90 92 94 96 97 99 101 104 106 108 109 111 113 115 117 119 122 124 126 128 130 132 133 135 137 140 142 144 145 147 149 152 154 156 157 159 161 164 166 168 169 171 173 176 178 180 181 183 185 188 190 192 193 195 197 200 202 204 205 207 209 212 214 216 217 219 221 224 226 228 229 231 233 236 238 240 241 243 245 248 250 252 253 255 257
a 2 3 6 8 10 12 14 17 19 21 23 25 27 30 32 34 36 38 41 42 45 47 49 51 54 55 58 60 62 64 66 69 71 73 75 77 79 81 84 86 88 90 92 94 96 97 99 101 104 106 108 109 111 113 115 117 119 122 124 126 128 130 132 133 135 137 140 142 144 145 147 149 152 154 156 157 159 161 164 166 168 169 171 173 176 178 180 181 183 185 188 190 192 193 195 197 200 202 204 205 207 209 212 214 216 217 219 221 224 226 228 229 231 233 236 238 240 241 243 245 248 250 252 253 255 257
a 2 3 6 8 10 12 14 17 19 21 23 25 27 30 32 34 36 38 41 42 45 47 49 51 54 55 58 60 62 64 66 69 71 73 75 77 79 81 83 86 88 90 92 94 96 97 99 101 104 106 108 109 111 113 115 117 119 122 124 126 128 130 132 133 135 137 140 142 144 145 147 149 152 154 156 157 159 161 164 166 168 169 171 173 176 178 180 181 183 185 188 190 192 193 195 197 200 202 204 205 207 209 212 214 216 217 219 221 224 226 228 229 231 233 236 238 240 241 243 245 248 250 252 253 255 257
a 2 3 6 8 10 12 14 17 20 21 23 25 27 30 32 34 36 38 41 42 45 47 49 51 54 55 58 60 62 64 66 69 71 73 75 77 79 81 83 86 88 90 92 94 96 97 99 101 104 106 108 109 111 113 115 117 119 122 124 126 128 130 132 133 135 137 140 142 144 145 147 149 152 154 156 157 159 161 164 166 168 169 171 173 176 178 180 181 183 185 188 190 192 193 195 197 200 202 204 205 207 209 212 214 216 217 219 221 224 226 228 229 231 233 236 238 240 241 243 245 248 250 252 253 255 257
a 2 3 6 8 10 12 14 18 20 21 23 25 27 30 32 34 36 38 41 42 45 47 49 51 54 55 58 60 62 64 66 69 71 73 75 77 79 81 83 86 88 90 92 94 96 97 99 101 104 106 108 109 111 113 115 117 119 122 124 126 128 130 132 133 135 137 140 142 144 145 147 149 152 154 156 157 159 161 164 166 168 169 171 173 176 178 180 181 183 185 188 190 192 193 195 197 200 202 204 205 207 209 212 214 216 217 219 221 224 226 228 229 231 233 236 238 240 241 243 245 248 250 252 253 255 257
a 2 3 6 8 10 12 15 18 20 21 23 25 27 30 32 34 36 38 41 42 45 47 49 51 54 55 58 60 62 64 66 69 71 73 75 77 79 81 83 86 88 90 92 94 96 97 99 101 104 106 108 109 111 113 115 117 119 122 124 126 128 130 132 133 135 137 140 142 144 145 147 149 152 154 156 157 159 161 164 166 168 169 171 173 176 178 180 181 183 185 188 190 192 193 195 197 200 202 204 205 207 209 212 214 216 217 219 221 224 226 228 229 231 233 236 238 240 241 243 245 248 250 252 253 255 257
a 2 3 6 8 10 12 15 16 20 21 23 25 27 30 32 34 36 38 41 42 45 47 49 51 54 55 58 60 62 64 66 69 71 73 75 77 79 81 83 86 88 90 92 94 96 97 99 101 104 106 108 109 111 113 115 117 119 122 124 126 128 130 132 133 135 137 140 142 144 145 147 149 152 154 156 157 159 161 164 166 168 169 171 173 176 178 180 181 183 185 188 190 192 193 195 197 200 202 204 205 207 209 212 214 216 217 219 221 224 226 228 229 231 233 236 238 240 241 243 245 248 250 252 253 255 257
a 2 3 6 8 10 12 15 16 19 21 23 25 27 30 32 34 36 38 41 42 45 47 49 51 54 55 58 60 62 64 66 69 71 73 75 77 79 81 83 86 88 90 92 94 96 97 99 101 104 106 108 109 111 113 115 117 119 122 124 126 128 130 132 133 135 137 140 142 144 145 147 149 152 154 156 157 159 161 164 166 168 169 171 173 176 178 180 181 183 185 188 190 192 193 195 197 200 202 204 205 207 209 212 214 216 217 219 221 224 226 228 229 231 233 236 238 240 241 243 245 248 250 252 253 255 257
a 2 3 6 8 10 12 15 16 19 21 23 25 27 30 32 34 36 38 41 42 45 47 49 51 54 55 58 60 62 64 66 69 71 73 75 77 79 81 83 86 88 89 92 94 96 97 99 101 104 106 108 109 111 113 115 117 119 122 124 126 128 130 132 133 135 137 140 142 144 145 147 149 152 154 156 157 159 161 164 166 168 169 171 173 176 178 180 181 183 185 188 190 192 193 195 197 200 202 204 205 207 209 212 214 216 217 219 221 224 226 228 229 231 233 236 238 240 241 243 245 248 250 252 253 255 257
a 2 3 6 8 10 12 15 16 19 21 23 25 27 30 32 34 36 38 41 42 45 47 49 51 54 55 58 60 62 64 66 69 71 73 75 77 79 81 83 86 87 89 92 94 96 97 99 101 104 106 108 109 111 113 115 117 119 122 124 126 128 130 132 133 135 137 140 142 144 145 147 149 152 154 156 157 159 161 164 166 168 169 171 173 176 178 180 181 183 185 188 190 192 193 195 197 200 202 204 205 207 209 212 214 216 217 219 221 224 226 228 229 231 233 236 238 240 241 243 245 248 250 252 253 255 257
a 2 3 6 8 10 12 15 16 19 21 23 25 27 30 32 34 36 38 41 42 45 47 49 51 54 55 58 60 62 64 66 69 71 73 75 77 79 81 83 85 87 89 92 94 96 97 99 101 104 106 108 109 111 113 115 117 119 122 124 126 128 130 132 133 135 137 140 142 144 145 147 149 152 154 156 157 159 161 164 166 168 169 171 173 176 178 180 181 183 185 188 190 192 193 195 197 200 202 204 205 207 209 212 214 216 217 219 221 224 226 228 229 231 233 236 238 240 241 243 245 248 250 252 253 255 257
a 2 3 6 8 10 12 15 16 19 21 23 25 27 30 32 34 36 38 41 42 45 47 49 51 54 55 58 60 62 64 66 69 71 73 75 77 79 81 84 85 87 89 92 94 96 97 99 101 104 106 108 109 111 113 115 117 119 122 124 126 128 130 132 133 135 137 140 142 144 145 147 149 152 154 156 157 159 161 164 166 168 169 171 173 176 178 180 181 183 185 188 190 192 193 195 197 200 202 204 205 207 209 212 214 216 217 219 221 224 226 228 229 231 233 236 238 240 241 243 245 248 250 252 253 255 257
a 2 3 6 8 10 12 15 16 19 21 23 25 27 30 32 34 36 38 41 42 45 47 49 51 54 55 58 60 62 64 66 69 71 73 75 77 79 82 84 85 87 89 92 94 96 97 99 101 104 106 108 109 111 113 115 117 119 122 124 126 128 130 132 133 135 137 140 142 144 145 147 149 152 154 156 157 159 161 164 166 168 169 171 173 176 178 180 181 183 185 188 190 192 193 195 197 200 202 204 205 207 209 212 214 216 217 219 221 224 226 228 229 231 233 236 238 240 241 243 245 248 250 252 253 255 257
a 2 3 6 8 10 12 15 16 19 21 23 25 27 30 32 34 36 38 41 42 45 47 49 51 54 55 58 60 62 64 66 69 71 73 75 77 80 82 84 85 87 89 92 94 96 97 99 101 104 106 108 109 111 113 115 117 119 122 124 126 128 130 132 133 135 137 140 142 144 145 147 149 152 154 156 157 159 161 164 166 168 169 171 173 176 178 180 181 183 185 188 190 192 193 195 197 200 202 204 205 207 209 212 214 216 217 219 221 224 226 228 229 231 233 236 238 240 241 243 245 248 250 252 253 255 257
a 2 3 7 8 10 12 15 16 19 21 23 25 27 30 32 34 36 38 41 42 45 47 49 51 54 55 58 60 62 64 66 69 71 73 75 77 80 82 84 85 87 89 92 94 96 97 99 101 104 106 108 109 111 113 115 117 119 122 124 126 128 130 132 133 135 137 140 142 144 145 147 149 152 154 156 157 159 161 164 166 168 169 171 173 176 178 180 181 183 185 188 190 192 193 195 197 200 202 204 205 207 209 212 214 216 217 219 221 224 226 228 229 231 233 236 238 240 241 243 245 248 250 252 253 255 257
a 2 5 7 8 10 12 15 16 19 21 23 25 27 30 32 34 36 38 41 42 45 47 49 51 54 55 58 60 62 64 66 69 71 73 75 77 80 82 84 85 87 89 92 94 96 97 99 101 104 106 108 109 111 113 115 117 119 122 124 126 128 130 132 133 135 137 140 142 144 145 147 149 152 154 156 157 159 161 164 166 168 169 171 173 176 178 180 181 183 185 188 190 192 193 195 197 200 202 204 205 207 209 212 214 216 217 219 221 224 226 228 229 231 233 236 238 240 241 243 245 248 250 252 253 255 257
a 1 5 7 8 10 12 15 16 19 21 23 25 27 30 32 34 36 38 41 42 45 47 49 51 54 55 58 60 62 64 66 69 71 73 75 77 80 82 84 85 87 89 92 94 96 97 99 101 104 106 108 109 111 113 115 117 119 122 124 126 128 130 132 133 135 137 140 142 144 145 147 149 152 154 156 157 159 161 164 166 168 169 171 173 176 178 180 181 183 185 188 190 192 193 195 197 200 202 204 205 207 209 212 214 216 217 219 221 224 226 228 229 231 233 236 238 240 241 243 245 248 250 252 253 255 257
a 1 5 7 8 10 12 15 16 19 21 23 25 27 30 32 34 36 38 41 42 45 47 49 51 54 55 58 60 62 64 66 69 71 73 75 77 80 82 84 85 87 89 92 94 96 97 99 101 104 106 108 109 111 113 115 117 119 122 124 126 128 130 132 133 135 137 140 142 144 146 147 149 152 154 156 157 159 161 164 166 168 169 171 173 176 178 180 181 183 185 188 190 192 193 195 197 200 202 204 205 207 209 212 214 216 217 219 221 224 226 228 229 231 233 236 238 240 241 243 245 248 250 252 253 255 257
a 1 5 7 8 10 12 15 16 19 21 23 25 27 30 32 34 36 38 41 42 45 47 49 51 54 55 58 60 62 64 66 69 71 73 75 77 80 82 84 85 87 89 92 94 96 97 99 101 104 106 108 109 111 113 115 117 119 122 124 126 128 130 132 133 135 137 140 142 144 146 148 149 152 154 156 157 159 161 164 166 168 169 171 173 176 178 180 181 183 185 188 190 192 193 195 197 200 202 204 205 207 209 212 214 216 217 219 221 224 226 228 229 231 233 236 238 240 241 243 245 248 250 252 253 255 257
a 1 5 7 8 10 12 15 16 19 21 23 25 27 30 32 34 36 38 41 42 45 47 49 51 54 55 58 60 62 64 66 69 71 73 75 77 80 82 84 85 87 89 92 94 96 97 99 101 104 106 108 109 111 113 115 117 119 122 124 126 128 130 132 133 135 137 140 142 144 146 148 150 152 154 156 157 159 161 164 166 168 169 171 173 176 178 180 181 183 185 188 190 192 193 195 197 200 202 204 205 207 209 212 214 216 217 219 221 224 226 228 229 231 233 236 238 240 241 243 245 248 250 252 253 255 257
a 1 4 7 8 10 12 15 16 19 21 23 25 27 30 32 34 36 38 41 42 45 47 49 51 54 55 58 60 62 64 66 69 71 73 75 77 80 82 84 85 87 89 92 94 96 97 99 101 104 106 108 109 111 113 115 117 119 122 124 126 128 130 132 133 135 137 140 142 144 146 148 150 152 154 156 157 159 161 164 166 168 169 171 173 176 178 180 181 183 185 188 190 192 193 195 197 200 202 204 205 207 209 212 214 216 217 219 221 224 226 228 229 231 233 236 238 240 241 243 245 248 250 252 253 255 257
a 1 4 6 8 10 12 15 16 19 21 23 25 27 30 32 34 36 38 41 42 45 47 49 51 54 55 58 60 62 64 66 69 71 73 75 77 80 82 84 85 87 89 92 94 96 97 99 101 104 106 108 109 111 113 115 117 119 122 124 126 128 130 132 133 135 137 140 142 144 146 148 150 152 154 156 157 159 161 164 166 168 169 171 173 176 178 180 181 183 185 188 190 192 193 195 197 200 202 204 205 207 209 212 214 216 217 219 221 224 226 228 229 231 233 236 238 240 241 243 245 248 250 252 253 255 257
a 1 4 6 8 10 12 15 16 19 21 23 25 27 30 32 34 36 38 41 42 45 47 49 51 54 55 58 60 62 64 66 69 71 73 75 77 80 82 84 85 87 89 92 94 96 97 99 101 104 106 108 109 111 113 115 117 119 122 124 126 128 130 132 133 135 137 139 142 144 146 148 150 152 154 156 157 159 161 164 166 168 169 171 173 176 178 180 181 183 185 188 190 192 193 195 197 200 202 204 205 207 209 212 214 216 217 219 221 224 226 228 229 231 233 236 238 240 241 243 245 248 250 252 253 255 257
a 1 4 6 8 10 12 15 16 19 21 23 25 27 30 32 34 36 38 41 42 45 47 49 51 54 55 58 60 62 64 66 69 71 73 75 77 80 82 84 85 87 89 92 94 96 97 99 101 104 106 108 109 111 113 115 117 119 122 124 126 128 130 132 133 135 137 139 141 144 146 148 150 152 154 156 157 159 161 164 166 168 169 171 173 176 178 180 181 183 185 188 190 192 193 195 197 200 202 204 205 207 209 212 214 216 217 219 221 224 226 228 229 231 233 236 238 240 241 243 245 248 250 252 253 255 257
a 1 4 6 8 10 12 15 16 19 21 23 25 27 30 32 34 36 38 41 42 45 47 49 51 54 55 58 60 62 64 66 69 71 73 75 77 80 82 84 85 87 89 92 94 96 97 99 101 104 106 108 109 111 113 115 117 119 122 124 126 128 130 132 133 135 137 139 141 143 146 148 150 152 154 156 157 159 161 164 166 168 169 171 173 176 178 180 181 183 185 188 190 192 193 195 197 200 202 204 205 207 209 212 214 216 217 219 221 224 226 228 229 231 233 236 238 240 241 243 245 248 250 252 253 255 257
a 1 4 6 8 10 12 15 16 19 21 23 25 27 30 32 34 36 38 41 42 45 47 49 51 54 55 58 60 62 64 66 69 71 73 75 77 80 82 84 85 87 89 92 94 96 98 99 101 104 106 108 109 111 113 115 117 119 122 124 126 128 130 132 133 135 137 139 141 143 146 148 150 152 154 156 157 159 161 164 166 168 169 171 173 176 178 180 181 183 185 188 190 192 193 195 197 200 202 204 205 207 209 212 214 216 217 219 221 224 226 228 229 231 233 236 238 240 241 243 245 248 250 252 253 255 257
a 1 4 6 8 10 12 15 16 19 21 23 25 27 30 32 34 36 38 41 42 45 47 49 51 54 55 58 60 62 64 66 69 71 73 75 77 80 82 84 85 87 89 92 94 96 98 100 101 104 106 108 109 111 113 115 117 119 122 124 126 128 130 132 133 135 137 139 141 143 146 148 150 152 154 156 157 159 161 164 166 168 169 171 173 176 178 180 181 183 185 188 190 192 193 195 197 200 202 204 205 207 209 212 214 216 217 219 221 224 226 228 229 231 233 236 238 240 241 243 245 248 250 252 253 255 257
a 1 4 6 8 10 12 15 16 19 21 23 25 27 30 32 34 36 38 41 42 45 47 49 51 54 55 58 60 62 64 66 69 71 73 75 77 80 82 84 85 87 89 92 94 96 98 100 102 104 106 108 109 111 113 115 117 119 122 124 126 128 130 132 133 135 137 139 141 143 146 148 150 152 154 156 157 159 161 164 166 168 169 171 173 176 178 180 181 183 185 188 190 192 193 195 197 200 202 204 205 207 209 212 214 216 217 219 221 224 226 228 229 231 233 236 238 240 241 243 245 248 250 252 253 255 257
a 1 4 6 8 10 12 15 16 19 21 23 25 27 30 32 34 36 38 41 42 45 47 49 51 54 55 58 60 62 64 66 69 71 73 75 77 80 82 84 85 87 89 91 94 96 98 100 102 104 106 108 109 111 113 115 117 119 122 124 126 128 130 132 133 135 137 139 141 143 146 148 150 152 154 156 157 159 161 164 166 168 169 171 173 176 178 180 181 183 185 188 190 192 193 195 197 200 202 204 205 207 209 212 214 216 217 219 221 224 226 228 229 231 233 236 238 240 241 243 245 248 250 252 253 255 257
a 1 4 6 8 10 12 15 16 19 21 23 25 27 30 32 34 36 38 41 42 45 47 49 51 54 55 58 60 62 64 66 69 71 73 75 77 80 82 84 85 87 89 91 93 96 98 100 102 104 106 108 109 111 113 115 117 119 122 124 126 128 130 132 133 135 137 139 141 143 146 148 150 152 154 156 157 159 161 164 166 168 169 171 173 176 178 180 181 183 185 188 190 192 193 195 197 200 202 204 205 207 209 212 214 216 217 219 221 224 226 228 229 231 233 236 238 240 241 243 245 248 250 252 253 255 257
a 1 4 6 8 10 12 15 16 19 21 23 25 27 30 32 34 36 38 41 42 45 47 49 51 54 55 58 60 62 64 66 69 71 73 75 77 80 82 84 85 87 89 91 93 95 98 100 102 104 106 108 109 111 113 115 117 119 122 124 126 128 130 132 133 135 137 139 141 143 146 148 150 152 154 156 157 159 161 164 166 168 169 171 173 176 178 180 181 183 185 188 190 192 193 195 197 200 202 204 205 207 209 212 214 216 217 219 221 224 226 228 229 231 233 236 238 240 241 243 245 248 250 252 253 255 257
a 1 4 6 8 10 12 15 16 19 21 23 25 27 30 33 34 36 38 41 42 45 47 49 51 54 55 58 60 62 64 66 69 71 73 75 77 80 82 84 85 87 89 91 93 95 98 100 102 104 106 108 109 111 113 115 117 119 122 124 126 128 130 132 133 135 137 139 141 143 146 148 150 152 154 156 157 159 161 164 166 168 169 171 173 176 178 180 181 183 185 188 190 192 193 195 197 200 202 204 205 207 209 212 214 216 217 219 221 224 226 228 229 231 233 236 238 240 241 243 245 248 250 252 253 255 257
a 1 4 6 8 10 12 15 16 19 21 23 25 27 31 33 34 36 38 41 42 45 47 49 51 54 55 58 60 62 64 66 69 71 73 75 77 80 82 84 85 87 89 91 93 95 98 100 102 104 106 108 109 111 113 115 117 119 122 124 126 128 130 132 133 135 137 139 141 143 146 148 150 152 154 156 157 159 161 164 166 168 169 171 173 176 178 180 181 183 185 188 190 192 193 195 197 200 202 204 205 207 209 212 214 216 217 219 221 224 226 228 229 231 233 236 238 240 241 243 245 248 250 252 253 255 257
a 1 4 6 8 10 12 15 16 19 21 23 25 28 31 33 34 36 38 41 42 45 47 49 51 54 55 58 60 62 64 66 69 71 73 75 77 80 82 84 85 87 89 91 93 95 98 100 102 104 106 108 109 111 113 115 117 119 122 124 126 128 130 132 133 135 137 139 141 143 146 148 150 152 154 156 157 159 161 164 166 168 169 171 173 176 178 180 181 183 185 188 190 192 193 195 197 200 202 204 205 207 209 212 214 216 217 219 221 224 226 228 229 231 233 236 238 240 241 243 245 248 250 252 253 255 257
a 1 4 6 8 10 12 15 16 19 21 23 25 28 29 33 34 36 38 41 42 45 47 49 51 54 55 58 60 62 64 66 69 71 73 75 77 80 82 84 85 87 89 91 93 95 98 100 102 104 106 108 109 111 113 115 117 119 122 124 126 128 130 132 133 135 137 139 141 143 146 148 150 152 154 156 157 159 161 164 166 168 169 171 173 176 178 180 181 183 185 188 190 192 193 195 197 200 202 204 205 207 209 212 214 216 217 219 221 224 226 228 229 231 233 236 238 240 241 243 245 248 250 252 253 255 257
a 1 4 6 8 10 12 15 16 19 21 23 25 28 29 32 34 36 38 41 42 45 47 49 51 54 55 58 60 62 64 66 69 71 73 75 77 80 82 84 85 87 89 91 93 95 98 100 102 104 106 108 109 111 113 115 117 119 122 124 126 128 130 132 133 135 137 139 141 143 146 148 150 152 154 156 157 159 161 164 166 168 169 171 173 176 178 180 181 183 185 188 190 192 193 195 197 200 202 204 205 207 209 212 214 216 217 219 221 224 226 228 229 231 233 236 238 240 241 243 245 248 250 252 253 255 257
a 1 4 6 8 10 12 15 16 19 21 23 25 28 29 32 34 36 38 41 42 45 47 49 51 54 55 58 60 62 64 66 69 71 73 75 77 80 82 84 85 87 89 91 93 95 98 100 102 104 106 108 109 111 113 115 117 119 122 124 126 128 130 132 133 135 137 139 141 143 146 148 149 152 154 156 157 159 161 164 166 168 169 171 173 176 178 180 181 183 185 188 190 192 193 195 197 200 202 204 205 207 209 212 214 216 217 219 221 224 226 228 229 231 233 236 238 240 241 243 245 248 250 252 253 255 257
a 1 4 6 8 10 12 15 16 19 21 23 25 28 29 32 34 36 38 41 42 45 47 49 51 54 55 58 60 62 64 66 69 71 73 75 77 80 82 84 85 87 89 91 93 95 98 100 102 104 106 108 109 111 113 115 117 119 122 124 126 128 130 132 133 135 137 139 141 143 146 147 149 152 154 156 157 159 161 164 166 168 169 171 173 176 178 180 181 183 185 188 190 192 193 195 197 200 202 204 205 207 209 212 214 216 217 219 221 224 226 228 229 231 233 236 238 240 241 243 245 248 250 252 253 255 257
a 1 4 6 8 10 12 15 16 19 21 23 25 28 29 32 34 36 38 41 42 45 47 49 51 54 55 58 60 62 64 66 69 71 73 75 77 80 82 84 85 87 89 91 93 95 98 100 102 104 106 108 109 111 113 115 117 119 122 124 126 128 130 132 133 135 137 139 141 143 145 147 149 152 154 156 157 159 161 164 166 168 169 171 173 176 178 180 181 183 185 188 190 192 193 195 197 200 202 204 205 207 209 212 214 216 217 219 221 224 226 228 229 231 233 236 238 240 241 243 245 248 250 252 253 255 257
a 1 4 6 8 10 12 15 16 19 21 23 25 28 29 32 34 36 38 41 42 45 47 49 51 54 55 58 60 62 64 66 69 71 73 75 77 80 82 84 85 87 89 91 93 95 98 100 102 104 106 108 109 111 113 115 117 119 122 124 126 128 130 132 133 135 137 139 141 144 145 147 149 152 154 156 157 159 161 164 166 168 169 171 173 176 178 180 181 183 185 188 190 192 193 195 197 200 202 204 205 207 209 212 214 216 217 219 221 224 226 228 229 231 233 236 238 240 241 243 245 248 250 252 253 255 257
a 1 4 6 8 10 12 15 16 19 21 23 25 28 29 32 34 36 38 41 42 45 47 49 51 54 55 58 60 62 64 66 69 71 73 75 77 80 82 84 85 87 89 91 93 95 98 100 102 104 106 108 109 111 113 115 117 119 122 124 126 128 130 132 133 135 137 139 142 144 145 147 149 152 154 156 157 159 161 164 166 168 169 171 173 176 178 180 181 183 185 188 190 192 193 195 197 200 202 204 205 207 209 212 214 216 217 219 221 224 226 228 229 231 233 236 238 240 241 243 245 248 250 252 253 255 257
a 1 4 6 8 10 12 15 16 19 21 23 25 28 29 32 34 36 38 41 42 45 47 49 51 54 55 58 60 62 64 66 69 71 73 75 77 80 82 84 85 87 89 91 93 95 98 100 102 104 106 108 109 111 113 115 117 119 122 124 126 128 130 132 133 135 137 140 142 144 145 147 149 152 154 156 157 159 161 164 166 168 169 171 173 176 178 180 181 183 185 188 190 192 193 195 197 200 202 204 205 207 209 212 214 216 217 219 221 224 226 228 229 231 233 236 238 240 241 243 245 248 250 252 253 255 257
a 1 4 6 8 10 12 15 16 19 21 23 25 28 29 32 34 36 38 41 42 45 47 49 51 54 55 58 60 62 64 66 69 71 73 75 77 80 82 84 85 87 89 91 93 95 98 100 101 104 106 108 109 111 113 115 117 119 122 124 126 128 130 132 133 135 137 140 142 144 145 147 149 152 154 156 157 159 161 164 166 168 169 171 173 176 178 180 181 183 185 188 190 192 193 195 197 200 202 204 205 207 209 212 214 216 217 219 221 224 226 228 229 231 233 236 238 240 241 243 245 248 250 252 253 255 257
a 1 4 6 8 10 12 15 16 19 21 23 25 28 29 32 34 36 38 41 42 45 47 49 51 54 55 58 60 62 64 66 69 71 73 75 77 80 82 84 85 87 89 91 93 95 98 99 101 104 106 108 109 111 113 115 117 119 122 124 126 128 130 132 133 135 137 140 142 144 145 147 149 152 154 156 157 159 161 164 166 168 169 171 173 176 178 180 181 183 185 188 190 192 193 195 197 200 202 204 205 207 209 212 214 216 217 219 221 224 226 228 229 231 233 236 238 240 241 243 245 248 250 252 253 255 257
a 1 4 6 8 10 12 15 16 19 21 23 25 28 29 32 34 36 38 41 42 45 47 49 51 54 55 58 60 62 64 66 69 71 73 75 77 80 82 84 85 87 89 91 93 95 97 99 101 104 106 108 109 111 113 115 117 119 122 124 126 128 130 132 133 135 137 140 142 144 145 147 149 152 154 156 157 159 161 164 166 168 169 171 173 176 178 180 181 183 185 188 190 192 193 195 197 200 202 204 205 207 209 212 214 216 217 219 221 224 226 228 229 231 233 236 238 240 241 243 245 248 250 252 253 255 257
a 1 4 6 8 10 12 15 16 19 21 23 25 28 29 32 34 36 38 41 42 45 47 49 51 54 55 58 60 62 64 66 69 71 73 75 77 80 82 84 85 87 89 91 93 96 97 99 101 104 106 108 109 111 113 115 117 119 122 124 126 128 130 132 133 135 137 140 142 144 145 147 149 152 154 156 157 159 161 164 166 168 169 171 173 176 178 180 181 183 185 188 190 192 193 195 197 200 202 204 205 207 209 212 214 216 217 219 221 224 226 228 229 231 233 236 238 240 241 243 245 248 250 252 253 255 257
a 1 4 6 8 10 12 15 16 19 21 23 25 28 29 32 34 36 38 41 42 45 47 49 51 54 55 58 60 62 64 66 69 71 73 75 77 80 82 84 85 87 89 91 94 96 97 99 101 104 106 108 109 111 113 115 117 119 122 124 126 128 130 132 133 135 137 140 142 144 145 147 149 152 154 156 157 159 161 164 166 168 169 171 173 176 178 180 181 183 185 188 190 192 193 195 197 200 202 204 205 207 209 212 214 216 217 219 221 224 226 228 229 231 233 236 238 240 241 243 245 248 250 252 253 255 257
a 1 4 6 8 10 12 15 16 19 21 23 25 28 29 32 34 36 38 41 42 45 47 49 51 54 55 58 60 62 64 66 69 71 73 75 77 80 82 84 85 87 89 92 94 96 97 99 101 104 106 108 109 111 113 115 117 119 122 124 126 128 130 132 133 135 137 140 142 144 145 147 149 152 154 156 157 159 161 164 166 168 169 171 173 176 178 180 181 183 185 188 190 192 193 195 197 200 202 204 205 207 209 212 214 216 217 219 221 224 226 228 229 231 233 236 238 240 241 243 245 248 250 252 253 255 257
a 1 4 7 8 10 12 15 16 19 21 23 25 28 29 32 34 36 38 41 42 45 47 49 51 54 55 58 60 62 64 66 69 71 73 75 77 80 82 84 85 87 89 92 94 96 97 99 101 104 106 108 109 111 113 115 117 119 122 124 126 128 130 132 133 135 137 140 142 144 145 147 149 152 154 156 157 159 161 164 166 168 169 171 173 176 178 180 181 183 185 188 190 192 193 195 197 200 202 204 205 207 209 212 214 216 217 219 221 224 226 228 229 231 233 236 238 240 241 243 245 248 250 252 253 255 257
a 1 5 7 8 10 12 15 16 19 21 23 25 28 29 32 34 36 38 41 42 45 47 49 51 54 55 58 60 62 64 66 69 71 73 75 77 80 82 84 85 87 89 92 94 96 97 99 101 104 106 108 109 111 113 115 117 119 122 124 126 128 130 132 133 135 137 140 142 144 145 147 149 152 154 156 157 159 161 164 166 168 169 171 173 176 178 180 181 183 185 188 190 192 193 195 197 200 202 204 205 207 209 212 214 216 217 219 221 224 226 228 229 231 233 236 238 240 241 243 245 248 250 252 253 255 257
a 2 5 7 8 10 12 15 16 19 21 23 25 28 29 32 34 36 38 41 42 45 47 49 51 54 55 58 60 62 64 66 69 71 73 75 77 80 82 84 85 87 89 92 94 96 97 99 101 104 106 108 109 111 113 115 117 119 122 124 126 128 130 132 133 135 137 140 142 144 145 147 149 152 154 156 157 159 161 164 166 168 169 171 173 176 178 180 181 183 185 188 190 192 193 195 197 200 202 204 205 207 209 212 214 216 217 219 221 224 226 228 229 231 233 236 238 240 241 243 245 248 250 252 253 255 257
a 2 5 7 8 10 12 15 16 19 21 23 25 28 29 32 34 36 38 41 42 45 47 49 51 54 55 58 60 62 64 66 69 71 73 75 77 80 82 84 86 87 89 92 94 96 97 99 101 104 106 108 109 111 113 115 117 119 122 124 126 128 130 132 133 135 137 140 142 144 145 147 149 152 154 156 157 159 161 164 166 168 169 171 173 176 178 180 181 183 185 188 190 192 193 195 197 200 202 204 205 207 209 212 214 216 217 219 221 224 226 228 229 231 233 236 238 240 241 243 245 248 250 252 253 255 257
a 2 5 7 8 10 12 15 16 19 21 23 25 28 29 32 34 36 38 41 42 45 47 49 51 54 55 58 60 62 64 66 69 71 73 75 77 80 82 84 86 88 89 92 94 96 97 99 101 104 106 108 109 111 113 115 117 119 122 124 126 128 130 132 133 135 137 140 142 144 145 147 149 152 154 156 157 159 161 164 166 168 169 171 173 176 178 180 181 183 185 188 190 192 193 195 197 200 202 204 205 207 209 212 214 216 217 219 221 224 226 228 229 231 233 236 238 240 241 243 245 248 250 252 253 255 257
a 2 5 7 8 10 12 15 16 19 21 23 25 28 29 32 34 36 38 41 42 45 47 49 51 54 55 58 60 62 64 66 69 71 73 75 77 80 82 84 86 88 90 92 94 96 97 99 101 104 106 108 109 111 113 115 117 119 122 124 126 128 130 132 133 135 137 140 142 144 145 147 149 152 154 156 157 159 161 164 166 168 169 171 173 176 178 180 181 183 185 188 190 192 193 195 197 200 202 204 205 207 209 212 214 216 217 219 221 224 226 228 229 231 233 236 238 240 241 243 245 248 250 252 253 255 257
a 2 3 7 8 10 12 15 16 19 21 23 25 28 29 32 34 36 38 41 42 45 47 49 51 54 55 58 60 62 64 66 69 71 73 75 77 80 82 84 86 88 90 92 94 96 97 99 101 104 106 108 109 111 113 115 117 119 122 124 126 128 130 132 133 135 137 140 142 144 145 147 149 152 154 156 157 159 161 164 166 168 169 171 173 176 178 180 181 183 185 188 190 192 193 195 197 200 202 204 205 207 209 212 214 216 217 219 221 224 226 228 229 231 233 236 238 240 241 243 245 248 250 252 253 255 257
a 2 3 6 8 10 12 15 16 19 21 23 25 28 29 32 34 36 38 41 42 45 47 49 51 54 55 58 60 62 64 66 69 71 73 75 77 80 82 84 86 88 90 92 94 96 97 99 101 104 106 108 109 111 113 115 117 119 122 124 126 128 130 132 133 135 137 140 142 144 145 147 149 152 154 156 157 159 161 164 166 168 169 171 173 176 178 180 181 183 185 188 190 192 193 195 197 200 202 204 205 207 209 212 214 216 217 219 221 224 226 228 229 231 233 236 238 240 241 243 245 248 250 252 253 255 257
a 2 3 6 8 10 12 15 16 19 21 23 25 28 29 32 34 36 38 41 42 45 47 49 51 54 55 58 60 62 64 66 69 71 73 75 77 79 82 84 86 88 90 92 94 96 97 99 101 104 106 108 109 111 113 115 117 119 122 124 126 128 130 132 133 135 137 140 142 144 145 147 149 152 154 156 157 159 161 164 166 168 169 171 173 176 178 180 181 183 185 188 190 192 193 195 197 200 202 204 205 207 209 212 214 216 217 219 221 224 226 228 229 231 233 236 238 240 241 243 245 248 250 252 253 255 257
a 2 3 6 8 10 12 15 16 19 21 23 25 28 29 32 34 36 38 41 42 45 47 49 51 54 55 58 60 62 64 66 69 71 73 75 77 79 81 84 86 88 90 92 94 96 97 99 101 104 106 108 109 111 113 115 117 119 122 124 126 128 130 132 133 135 137 140 142 144 145 147 149 152 154 156 157 159 161 164 166 168 169 171 173 176 178 180 181 183 185 188 190 192 193 195 197 200 202 204 205 207 209 212 214 216 217 219 221 224 226 228 229 231 233 236 238 240 241 243 245 248 250 252 253 255 257
a 2 3 6 8 10 12 15 16 19 21 23 25 28 29 32 34 36 38 41 42 45 47 49 51 54 55 58 60 62 64 66 69 71 73 75 77 79 81 83 86 88 90 92 94 96 97 99 101 104 106 108 109 111 113 115 117 119 122 124 126 128 130 132 133 135 137 140 142 144 145 147 149 152 154 156 157 159 161 164 166 168 169 171 173 176 178 180 181 183 185 188 190 192 193 195 197 200 202 204 205 207 209 212 214 216 217 219 221 224 226 228 229 231 233 236 238 240 241 243 245 248 250 252 253 255 257
a 2 3 6 8 10 12 15 16 20 21 23 25 28 29 32 34 36 38 41 42 45 47 49 51 54 55 58 60 62 64 66 69 71 73 75 77 79 81 83 86 88 90 92 94 96 97 99 101 104 106 108 109 111 113 115 117 119 122 124 126 128 130 132 133 135 137 140 142 144 145 147 149 152 154 156 157 159 161 164 166 168 169 171 173 176 178 180 181 183 185 188 190 192 193 195 197 200 202 204 205 207 209 212 214 216 217 219 221 224 226 228 229 231 233 236 238 240 241 243 245 248 250 252 253 255 257
a 2 3 6 8 10 12 15 18 20 21 23 25 28 29 32 34 36 38 41 42 45 47 49 51 54 55 58 60 62 64 66 69 71 73 75 77 79 81 83 86 88 90 92 94 96 97 99 101 104 106 108 109 111 113 115 117 119 122 124 126 128 130 132 133 135 137 140 142 144 145 147 149 152 154 156 157 159 161 164 166 168 169 171 173 176 178 180 181 183 185 188 190 192 193 195 197 200 202 204 205 207 209 212 214 216 217 219 221 224 226 228 229 231 233 236 238 240 241 243 245 248 250 252 253 255 257
a 2 3 6 8 10 12 14 18 20 21 23 25 28 29 32 34 36 38 41 42 45 47 49 51 54 55 58 60 62 64 66 69 71 73 75 77 79 81 83 86 88 90 92 94 96 97 99 101 104 106 108 109 111 113 115 117 119 122 124 126 128 130 132 133 135 137 140 142 144 145 147 149 152 154 156 157 159 161 164 166 168 169 171 173 176 178 180 181 183 185 188 190 192 193 195 197 200 202 204 205 207 209 212 214 216 217 219 221 224 226 228 229 231 233 236 238 240 241 243 245 248 250 252 253 255 257
a 2 3 6 8 10 12 14 17 20 21 23 25 28 29 32 34 36 38 41 42 45 47 49 51 54 55 58 60 62 64 66 69 71 73 75 77 79 81 83 86 88 90 92 94 96 97 99 101 104 106 108 109 111 113 115 117 119 122 124 126 128 130 132 133 135 137 140 142 144 145 147 149 152 154 156 157 159 161 164 166 168 169 171 173 176 178 180 181 183 185 188 190 192 193 195 197 200 202 204 205 207 209 212 214 216 217 219 221 224 226 228 229 231 233 236 238 240 241 243 245 248 250 252 253 255 257
a 2 3 6 8 10 12 14 17 19 21 23 25 28 29 32 34 36 38 41 42 45 47 49 51 54 55 58 60 62 64 66 69 71 73 75 77 79 81 83 86 88 90 92 94 96 97 99 101 104 106 108 109 111 113 115 117 119 122 124 126 128 130 132 133 135 137 140 142 144 145 147 149 152 154 156 157 159 161 164 166 168 169 171 173 176 178 180 181 183 185 188 190 192 193 195 197 200 202 204 205 207 209 212 214 216 217 219 221 224 226 228 229 231 233 236 238 240 241 243 245 248 250 252 253 255 257
a 2 3 6 8 10 12 14 17 19 21 23 25 28 29 32 34 36 38 41 42 45 47 49 51 54 55 58 60 62 64 66 69 71 73 75 77 79 81 83 86 88 89 92 94 96 97 99 101 104 106 108 109 111 113 115 117 119 122 124 126 128 130 132 133 135 137 140 142 144 145 147 149 152 154 156 157 159 161 164 166 168 169 171 173 176 178 180 181 183 185 188 190 192 193 195 197 200 202 204 205 207 209 212 214 216 217 219 221 224 226 228 229 231 233 236 238 240 241 243 245 248 250 252 253 255 257
a 2 3 6 8 10 12 14 17 19 21 23 25 28 29 32 34 36 38 41 42 45 47 49 51 54 55 58 60 62 64 66 69 71 73 75 77 79 81 83 86 87 89 92 94 96 97 99 101 104 106 108 109 111 113 115 117 119 122 124 126 128 130 132 133 135 137 140 142 144 145 147 149 152 154 156 157 159 161 164 166 168 169 171 173 176 178 180 181 183 185 188 190 192 193 195 197 200 202 204 205 207 209 212 214 216 217 219 221 224 226 228 229 231 233 236 238 240 241 243 245 248 250 252 253 255 257
a 2 3 6 8 10 12 14 17 19 21 23 25 28 29 32 34 36 38 41 42 45 47 49 51 54 55 58 60 62 64 66 69 71 73 75 77 79 81 83 85 87 89 92 94 96 97 99 101 104 106 108 109 111 113 115 117 119 122 124 126 128 130 132 133 135 137 140 142 144 145 147 149 152 154 156 157 159 161 164 166 168 169 171 173 176 178 180 181 183 185 188 190 192 193 195 197 200 202 204 205 207 209 212 214 216 217 219 221 224 226 228 229 231 233 236 238 240 241 243 245 248 250 252 253 255 257
a 2 3 6 8 10 12 14 17 19 21 23 25 28 29 32 34 36 38 41 42 45 47 49 51 54 55 58 60 62 64 66 69 71 73 75 77 79 81 84 85 87 89 92 94 96 97 99 101 104 106 108 109 111 113 115 117 119 122 124 126 128 130 132 133 135 137 140 142 144 145 147 149 152 154 156 157 159 161 164 166 168 169 171 173 176 178 180 181 183 185 188 190 192 193 195 197 200 202 204 205 207 209 212 214 216 217 219 221 224 226 228 229 231 233 236 238 240 241 243 245 248 250 252 253 255 257
a 2 3 6 8 10 12 14 17 19 21 23 25 28 29 32 34 36 38 41 42 45 47 49 51 54 55 58 60 62 64 66 69 71 73 75 77 79 82 84 85 87 89 92 94 96 97 99 101 104 106 108 109 111 113 115 117 119 122 124 126 128 130 132 133 135 137 140 142 144 145 147 149 152 154 156 157 159 161 164 166 168 169 171 173 176 178 180 181 183 185 188 190 192 193 195 197 200 202 204 205 207 209 212 214 216 217 219 221 224 226 228 229 231 233 236 238 240 241 243 245 248 250 252 253 255 257
a 2 3 6 8 10 12 14 17 19 21 23 25 28 29 32 34 36 38 41 42 45 47 49 51 54 55 58 60 62 64 66 69 71 73 75 77 80 82 84 85 87 89 92 94 96 97 99 101 104 106 108 109 111 113 115 117 119 122 124 126 128 130 132 133 135 137 140 142 144 145 147 149 152 154 156 157 159 161 164 166 168 169 171 173 176 178 180 181 183 185 188 190 192 193 195 197 200 202 204 205 207 209 212 214 216 217 219 221 224 226 228 229 231 233 236 238 240 241 243 245 248 250 252 253 255 257
a 2 3 7 8 10 12 14 17 19 21 23 25 28 29 32 34 36 38 41 42 45 47 49 51 54 55 58 60 62 64 66 69 71 73 75 77 80 82 84 85 87 89 92 94 96 97 99 101 104 106 108 109 111 113 115 117 119 122 124 126 128 130 132 133 135 137 140 142 144 145 147 149 152 154 156 157 159 161 164 166 168 169 171 173 176 178 180 181 183 185 188 190 192 193 195 197 200 202 204 205 207 209 212 214 216 217 219 221 224 226 228 229 231 233 236 238 240 241 243 245 248 250 252 253 255 257
a 2 5 7 8 10 12 14 17 19 21 23 25 28 29 32 34 36 38 41 42 45 47 49 51 54 55 58 60 62 64 66 69 71 73 75 77 80 82 84 85 87 89 92 94 96 97 99 101 104 106 108 109 111 113 115 117 119 122 124 126 128 130 132 133 135 137 140 142 144 145 147 149 152 154 156 157 159 161 164 166 168 169 171 173 176 178 180 181 183 185 188 190 192 193 195 197 200 202 204 205 207 209 212 214 216 217 219 221 224 226 228 229 231 233 236 238 240 241 243 245 248 250 252 253 255 257
a 1 5 7 8 10 12 14 17 19 21 23 25 28 29 32 34 36 38 41 42 45 47 49 51 54 55 58 60 62 64 66 69 71 73 75 77 80 82 84 85 87 89 92 94 96 97 99 101 104 106 108 109 111 113 115 117 119 122 124 126 128 130 132 133 135 137 140 142 144 145 147 149 152 154 156 157 159 161 164 166 168 169 171 173 176 178 180 181 183 185 188 190 192 193 195 197 200 202 204 205 207 209 212 214 216 217 219 221 224 226 228 229 231 233 236 238 240 241 243 245 248 250 252 253 255 257
a 1 5 7 8 10 12 14 17 19 21 23 25 28 29 32 34 36 38 41 42 45 47 49 51 54 55 58 60 62 64 66 69 71 73 75 77 80 82 84 85 87 89 92 94 96 97 99 101 104 106 108 109 111 113 115 117 119 122 124 126 128 130 132 133 135 137 140 142 144 145 147 149 152 154 156 157 159 161 164 166 168 169 171 173 176 178 180 181 183 185 188 190 192 194 195 197 200 202 204 205 207 209 212 214 216 217 219 221 224 226 228 229 231 233 236 238 240 241 243 245 248 250 252 253 255 257
a 1 5 7 8 10 12 14 17 19 21 23 25 28 29 32 34 36 38 41 42 45 47 49 51 54 55 58 60 62 64 66 69 71 73 75 77 80 82 84 85 87 89 92 94 96 97 99 101 104 106 108 109 111 113 115 117 119 122 124 126 128 130 132 133 135 137 140 142 144 145 147 149 152 154 156 157 159 161 164 166 168 169 171 173 176 178 180 181 183 185 188 190 192 194 196 197 200 202 204 205 207 209 212 214 216 217 219 221 224 226 228 229 231 233 236 238 240 241 243 245 248 250 252 253 255 257
a 1 5 7 8 10 12 14 17 19 21 23 25 28 29 32 34 36 38 41 42 45 47 49 51 54 55 58 60 62 64 66 69 71 73 75 77 80 82 84 85 87 89 92 94 96 97 99 101 104 106 108 109 111 113 115 117 119 122 124 126 128 130 132 133 135 137 140 142 144 145 147 149 152 154 156 157 159 161 164 166 168 169 171 173 176 178 180 181 183 185 188 190 192 194 196 198 200 202 204 205 207 209 212 214 216 217 219 221 224 226 228 229 231 233 236 238 240 241 243 245 248 250 252 253 255 257
a 1 4 7 8 10 12 14 17 19 21 23 25 28 29 32 34 36 38 41 42 45 47 49 51 54 55 58 60 62 64 66 69 71 73 75 77 80 82 84 85 87 89 92 94 96 97 99 101 104 106 108 109 111 113 115 117 119 122 124 126 128 130 132 133 135 137 140 142 144 145 147 149 152 154 156 157 159 161 164 166 168 169 171 173 176 178 180 181 183 185 188 190 192 194 196 198 200 202 204 205 207 209 212 214 216 217 219 221 224 226 228 229 231 233 236 238 240 241 243 245 248 250 252 253 255 257
a 1 4 6 8 10 12 14 17 19 21 23 25 28 29 32 34 36 38 41 42 45 47 49 51 54 55 58 60 62 64 66 69 71 73 75 77 80 82 84 85 87 89 92 94 96 97 99 101 104 106 108 109 111 113 115 117 119 122 124 126 128 130 132 133 135 137 140 142 144 145 147 149 152 154 156 157 159 161 164 166 168 169 171 173 176 178 180 181 183 185 188 190 192 194 196 198 200 202 204 205 207 209 212 214 216 217 219 221 224 226 228 229 231 233 236 238 240 241 243 245 248 250 252 253 255 257
a 1 4 6 8 10 12 14 17 19 21 23 25 28 29 32 34 36 38 41 42 45 47 49 51 54 55 58 60 62 64 66 69 71 73 75 77 80 82 84 85 87 89 92 94 96 97 99 101 104 106 108 109 111 113 115 117 119 122 124 126 128 130 132 133 135 137 140 142 144 145 147 149 152 154 156 157 159 161 164 166 168 169 171 173 176 178 180 181 183 185 187 190 192 194 196 198 200 202 204 205 207 209 212 214 216 217 219 221 224 226 228 229 231 233 236 238 240 241 243 245 248 250 252 253 255 257
a 1 4 6 8 10 12 14 17 19 21 23 25 28 29 32 34 36 38 41 42 45 47 49 51 54 55 58 60 62 64 66 69 71 73 75 77 80 82 84 85 87 89 92 94 96 97 99 101 104 106 108 109 111 113 115 117 119 122 124 126 128 130 132 133 135 137 140 142 144 145 147 149 152 154 156 157 159 161 164 166 168 169 171 173 176 178 180 181 183 185 187 189 192 194 196 198 200 202 204 205 207 209 212 214 216 217 219 221 224 226 228 229 231 233 236 238 240 241 243 245 248 250 252 253 255 257
a 1 4 6 8 10 12 14 17 19 21 23 25 28 29 32 34 36 38 41 42 45 47 49 51 54 55 58 60 62 64 66 69 71 73 75 77 80 82 84 85 87 89 92 94 96 97 99 101 104 106 108 109 111 113 115 117 119 122 124 126 128 130 132 133 135 137 140 142 144 145 147 149 152 154 156 157 159 161 164 166 168 169 171 173 176 178 180 181 183 185 187 189 191 194 196 198 200 202 204 205 207 209 212 214 216 217 219 221 224 226 228 229 231 233 236 238 240 241 243 245 248 250 252 253 255 257
a 1 4 6 8 10 12 14 17 19 21 23 25 28 29 32 34 36 38 41 42 45 47 49 51 54 55 58 60 62 64 66 69 71 73 75 77 80 82 84 85 87 89 92 94 96 97 99 101 104 106 108 109 111 113 115 117 119 122 124 126 128 130 132 133 135 137 140 142 144 145 147 149 152 154 156 158 159 161 164 166 168 169 171 173 176 178 180 181 183 185 187 189 191 194 196 198 200 202 204 205 207 209 212 214 216 217 219 221 224 226 228 229 231 233 236 238 240 241 243 245 248 250 252 253 255 257
a 1 4 6 8 10 12 14 17 19 21 23 25 28 29 32 34 36 38 41 42 45 47 49 51 54 55 58 60 62 64 66 69 71 73 75 77 80 82 84 85 87 89 92 94 96 97 99 101 104 106 108 109 111 113 115 117 119 122 124 126 128 130 132 133 135 137 140 142 144 145 147 149 152 154 156 158 160 161 164 166 168 169 171 173 176 178 180 181 183 185 187 189 191 194 196 198 200 202 204 205 207 209 212 214 216 217 219 221 224 226 228 229 231 233 236 238 240 241 243 245 248 250 252 253 255 257
a 1 4 6 8 10 12 14 17 19 21 23 25 28 29 32 34 36 38 41 42 45 47 49 51 54 55 58 60 62 64 66 69 71 73 75 77 80 82 84 85 87 89 92 94 96 97 99 101 104 106 108 109 111 113 115 117 119 122 124 126 128 130 132 133 135 137 140 142 144 145 147 149 152 154 156 158 160 162 164 166 168 169 171 173 176 178 180 181 183 185 187 189 191 194 196 198 200 202 204 205 207 209 212 214 216 217 219 221 224 226 228 229 231 233 236 238 240 241 243 245 248 250 252 253 255 257
a 1 4 6 8 10 12 14 17 19 21 23 25 28 29 32 34 36 38 41 42 45 47 49 51 54 55 58 60 62 64 66 69 71 73 75 77 80 82 84 85 87 89 92 94 96 97 99 101 104 106 108 109 111 113 115 117 119 122 124 126 128 130 132 133 135 137 140 142 144 145 147 149 151 154 156 158 160 162 164 166 168 169 171 173 176 178 180 181 183 185 187 189 191 194 196 198 200 202 204 205 207 209 212 214 216 217 219 221 224 226 228 229 231 233 236 238 240 241 243 245 248 250 252 253 255 257
a 1 4 6 8 10 12 14 17 19 21 23 25 28 29 32 34 36 38 41 42 45 47 49 51 54 55 58 60 62 64 66 69 71 73 75 77 80 82 84 85 87 89 92 94 96 97 99 101 104 106 108 109 111 113 115 117 119 122 124 126 128 130 132 133 135 137 140 142 144 145 147 149 151 153 156 158 160 162 164 166 168 169 171 173 176 178 180 181 183 185 187 189 191 194 196 198 200 202 204 205 207 209 212 214 216 217 219 221 224 226 228 229 231 233 236 238 240 241 243 245 248 250 252 253 255 257
a 1 4 6 8 10 12 14 17 19 21 23 25 28 29 32 34 36 38 41 42 45 47 49 51 54 55 58 60 62 64 66 69 71 73 75 77 80 82 84 85 87 89 92 94 96 97 99 101 104 106 108 109 111 113 115 117 119 122 124 126 128 130 132 133 135 137 140 142 144 145 147 149 151 153 155 158 160 162 164 166 168 169 171 173 176 178 180 181 183 185 187 189 191 194 196 198 200 202 204 205 207 209 212 214 216 217 219 221 224 226 228 229 231 233 236 238 240 241 243 245 248 250 252 253 255 257
a 1 4 6 8 10 12 14 17 19 21 23 25 28 29 32 34 36 38 41 42 45 47 49 51 54 55 58 60 62 64 66 69 71 73 75 77 80 82 84 85 87 89 92 94 96 97 99 101 104 106 108 109 111 113 115 117 119 122 124 125 128 130 132 133 135 137 140 142 144 145 147 149 151 153 155 158 160 162 164 166 168 169 171 173 176 178 180 181 183 185 187 189 191 194 196 198 200 202 204 205 207 209 212 214 216 217 219 221 224 226 228 229 231 233 236 238 240 241 243 245 248 250 252 253 255 257
a 1 4 6 8 10 12 14 17 19 21 23 25 28 29 32 34 36 38 41 42 45 47 49 51 54 55 58 60 62 64 66 69 71 73 75 77 80 82 84 85 87 89 92 94 96 97 99 101 104 106 108 109 111 113 115 117 119 122 123 125 128 130 132 133 135 137 140 142 144 145 147 149 151 153 155 158 160 162 164 166 168 169 171 173 176 178 180 181 183 185 187 189 191 194 196 198 200 202 204 205 207 209 212 214 216 217 219 221 224 226 228 229 231 233 236 238 240 241 243 245 248 250 252 253 255 257
a 1 4 6 8 10 12 14 17 19 21 23 25 28 29 32 34 36 38 41 42 45 47 49 51 54 55 58 60 62 64 66 69 71 73 75 77 80 82 84 85 87 89 92 94 96 97 99 101 104 106 108 109 111 113 115 117 119 121 123 125 128 130 132 133 135 137 140 142 144 145 147 149 151 153 155 158 160 162 164 166 168 169 171 173 176 178 180 181 183 185 187 189 191 194 196 198 200 202 204 205 207 209 212 214 216 217 219 221 224 226 228 229 231 233 236 238 240 241 243 245 248 250 252 253 255 257
a 1 4 6 8 10 12 14 17 19 21 23 25 28 29 32 34 36 38 41 42 45 47 49 51 54 55 58 60 62 64 66 69 71 73 75 77 80 82 84 85 87 89 92 94 96 97 99 101 104 106 108 109 111 113 115 117 120 121 123 125 128 130 132 133 135 137 140 142 144 145 147 149 151 153 155 158 160 162 164 166 168 169 171 173 176 178 180 181 183 185 187 189 191 194 196 198 200 202 204 205 207 209 212 214 216 217 219 221 224 226 228 229 231 233 236 238 240 241 243 245 248 250 252 253 255 257
a 1 4 6 8 10 12 14 17 19 21 23 25 28 29 32 34 36 38 41 42 45 47 49 51 54 55 58 60 62 64 66 69 71 73 75 77 80 82 84 85 87 89 92 94 96 97 99 101 104 106 108 109 111 113 115 118 120 121 123 125 128 130 132 133 135 137 140 142 144 145 147 149 151 153 155 158 160 162 164 166 168 169 171 173 176 178 180 181 183 185 187 189 191 194 196 198 200 202 204 205 207 209 212 214 216 217 219 221 224 226 228 229 231 233 236 238 240 241 243 245 248 250 252 253 255 257
a 1 4 6 8 10 12 14 17 19 21 23 25 28 29 32 34 36 38 41 42 45 47 49 51 54 55 58 60 62 64 66 69 71 73 75 77 80 82 84 85 87 89 92 94 96 97 99 101 104 106 108 109 111 113 116 118 120 121 123 125 128 130 132 133 135 137 140 142 144 145 147 149 151 153 155 158 160 162 164 166 168 169 171 173 176 178 180 181 183 185 187 189 191 194 196 198 200 202 204 205 207 209 212 214 216 217 219 221 224 226 228 229 231 233 236 238 240 241 243 245 248 250 252 253 255 257
a 1 4 6 8 10 12 14 17 19 21 23 25 28 29 32 34 36 38 41 42 45 47 49 51 54 55 58 60 62 64 66 69 71 73 75 77 80 82 84 85 87 89 92 94 96 97 99 101 104 106 108 110 111 113 116 118 120 121 123 125 128 130 132 133 135 137 140 142 144 145 147 149 151 153 155 158 160 162 164 166 168 169 171 173 176 178 180 181 183 185 187 189 191 194 196 198 200 202 204 205 207 209 212 214 216 217 219 221 224 226 228 229 231 233 236 238 240 241 243 245 248 250 252 253 255 257
a 1 4 6 8 10 12 14 17 19 21 23 25 28 29 32 34 36 38 41 42 45 47 49 51 54 55 58 60 62 64 66 69 71 73 75 77 80 82 84 85 87 89 92 94 96 97 99 101 104 106 108 110 112 113 116 118 120 121 123 125 128 130 132 133 135 137 140 142 144 145 147 149 151 153 155 158 160 162 164 166 168 169 171 173 176 178 180 181 183 185 187 189 191 194 196 198 200 202 204 205 207 209 212 214 216 217 219 221 224 226 228 229 231 233 236 238 240 241 243 245 248 250 252 253 255 257
a 1 4 6 8 10 12 14 17 19 21 23 25 28 29 32 34 36 38 41 42 45 47 49 51 54 55 58 60 62 64 66 69 71 73 75 77 80 82 84 85 87 89 92 94 96 97 99 101 104 106 108 110 112 114 116 118 120 121 123 125 128 130 132 133 135 137 140 142 144 145 147 149 151 153 155 158 160 162 164 166 168 169 171 173 176 178 180 181 183 185 187 189 191 194 196 198 200 202 204 205 207 209 212 214 216 217 219 221 224 226 228 229 231 233 236 238 240 241 243 245 248 250 252 253 255 257
a 1 4 6 8 10 12 14 17 19 21 23 25 28 29 32 34 36 38 41 42 45 47 49 51 54 55 58 60 62 64 66 69 71 73 75 77 80 82 84 85 87 89 92 94 96 97 99 101 103 106 108 110 112 114 116 118 120 121 123 125 128 130 132 133 135 137 140 142 144 145 147 149 151 153 155 158 160 162 164 166 168 169 171 173 176 178 180 181 183 185 187 189 191 194 196 198 200 202 204 205 207 209 212 214 216 217 219 221 224 226 228 229 231 233 236 238 240 241 243 245 248 250 252 253 255 257
a 1 4 6 8 10 12 14 17 19 21 23 25 28 29 32 34 36 38 41 42 45 47 49 51 54 55 58 60 62 64 66 69 71 73 75 77 80 82 84 85 87 89 92 94 96 97 99 101 103 105 108 110 112 114 116 118 120 121 123 125 128 130 132 133 135 137 140 142 144 145 147 149 151 153 155 158 160 162 164 166 168 169 171 173 176 178 180 181 183 185 187 189 191 194 196 198 200 202 204 205 207 209 212 214 216 217 219 221 224 226 228 229 231 233 236 238 240 241 243 245 248 250 252 253 255 257
a 1 4 6 8 10 12 14 17 19 21 23 25 28 29 32 34 36 38 41 42 45 47 49 51 54 55 58 60 62 64 66 69 71 73 75 77 80 82 84 85 87 89 92 94 96 97 99 101 103 105 107 110 112 114 116 118 120 121 123 125 128 130 132 133 135 137 140 142 144 145 147 149 151 153 155 158 160 162 164 166 168 169 171 173 176 178 180 181 183 185 187 189 191 194 196 198 200 202 204 205 207 209 212 214 216 217 219 221 224 226 228 229 231 233 236 238 240 241 243 245 248 250 252 253 255 257
a 1 4 6 8 10 12 14 17 19 21 23 25 28 29 32 34 36 38 41 42 46 47 49 51 54 55 58 60 62 64 66 69 71 73 75 77 80 82 84 85 87 89 92 94 96 97 99 101 103 105 107 110 112 114 116 118 120 121 123 125 128 130 132 133 135 137 140 142 144 145 147 149 151 153 155 158 160 162 164 166 168 169 171 173 176 178 180 181 183 185 187 189 191 194 196 198 200 202 204 205 207 209 212 214 216 217 219 221 224 226 228 229 231 233 236 238 240 241 243 245 248 250 252 253 255 257
a 1 4 6 8 10 12 14 17 19 21 23 25 28 29 32 34 36 38 41 44 46 47 49 51 54 55 58 60 62 64 66 69 71 73 75 77 80 82 84 85 87 89 92 94 96 97 99 101 103 105 107 110 112 114 116 118 120 121 123 125 128 130 132 133 135 137 140 142 144 145 147 149 151 153 155 158 160 162 164 166 168 169 171 173 176 178 180 181 183 185 187 189 191 194 196 198 200 202 204 205 207 209 212 214 216 217 219 221 224 226 228 229 231 233 236 238 240 241 243 245 248 250 252 253 255 257
a 1 4 6 8 10 12 14 17 19 21 23 25 28 29 32 34 36 38 40 44 46 47 49 51 54 55 58 60 62 64 66 69 71 73 75 77 80 82 84 85 87 89 92 94 96 97 99 101 103 105 107 110 112 114 116 118 120 121 123 125 128 130 132 133 135 137 140 142 144 145 147 149 151 153 155 158 160 162 164 166 168 169 171 173 176 178 180 181 183 185 187 189 191 194 196 198 200 202 204 205 207 209 212 214 216 217 219 221 224 226 228 229 231 233 236 238 240 241 243 245 248 250 252 253 255 257
a 1 4 6 8 10 12 14 17 19 21 23 25 28 29 32 34 36 38 40 43 46 47 49 51 54 55 58 60 62 64 66 69 71 73 75 77 80 82 84 85 87 89 92 94 96 97 99 101 103 105 107 110 112 114 116 118 120 121 123 125 128 130 132 133 135 137 140 142 144 145 147 149 151 153 155 158 160 162 164 166 168 169 171 173 176 178 180 181 183 185 187 189 191 194 196 198 200 202 204 205 207 209 212 214 216 217 219 221 224 226 228 229 231 233 236 238 240 241 243 245 248 250 252 253 255 257
a 1 4 6 8 10 12 14 17 19 21 23 25 28 29 32 34 36 38 40 43 45 47 49 51 54 55 58 60 62 64 66 69 71 73 75 77 80 82 84 85 87 89 92 94 96 97 99 101 103 105 107 110 112 114 116 118 120 121 123 125 128 130 132 133 135 137 140 142 144 145 147 149 151 153 155 158 160 162 164 166 168 169 171 173 176 178 180 181 183 185 187 189 191 194 196 198 200 202 204 205 207 209 212 214 216 217 219 221 224 226 228 229 231 233 236 238 240 241 243 245 248 250 252 253 255 257
a 1 4 6 8 10 12 14 17 19 21 23 25 28 29 32 34 36 38 40 43 45 47 49 51 54 55 58 60 62 64 66 69 71 73 75 77 80 82 84 85 87 89 92 94 96 97 99 101 103 105 107 110 112 114 116 118 120 121 123 125 128 130 132 133 135 137 140 142 144 145 147 149 151 153 155 158 160 162 164 166 168 169 171 173 176 178 180 181 183 185 187 189 191 194 196 197 200 202 204 205 207 209 212 214 216 217 219 221 224 226 228 229 231 233 236 238 240 241 243 245 248 250 252 253 255 257
a 1 4 6 8 10 12 14 17 19 21 23 25 28 29 32 34 36 38 40 43 45 47 49 51 54 55 58 60 62 64 66 69 71 73 75 77 80 82 84 85 87 89 92 94 96 97 99 101 103 105 107 110 112 114 116 118 120 121 123 125 128 130 132 133 135 137 140 142 144 145 147 149 151 153 155 158 160 162 164 166 168 169 171 173 176 178 180 181 183 185 187 189 191 194 195 197 200 202 204 205 207 209 212 214 216 217 219 221 224 226 228 229 231 233 236 238 240 241 243 245 248 250 252 253 255 257
a 1 4 6 8 10 12 14 17 19 21 23 25 28 29 32 34 36 38 40 43 45 47 49 51 54 55 58 60 62 64 66 69 71 73 75 77 80 82 84 85 87 89 92 94 96 97 99 101 103 105 107 110 112 114 116 118 120 121 123 125 128 130 132 133 135 137 140 142 144 145 147 149 151 153 155 158 160 162 164 166 168 169 171 173 176 178 180 181 183 185 187 189 191 193 195 197 200 202 204 205 207 209 212 214 216 217 219 221 224 226 228 229 231 233 236 238 240 241 243 245 248 250 252 253 255 257
a 1 4 6 8 10 12 14 17 19 21 23 25 28 29 32 34 36 38 40 43 45 47 49 51 54 55 58 60 62 64 66 69 71 73 75 77 80 82 84 85 87 89 92 94 96 97 99 101 103 105 107 110 112 114 116 118 120 121 123 125 128 130 132 133 135 137 140 142 144 145 147 149 151 153 155 158 160 162 164 166 168 169 171 173 176 178 180 181 183 185 187 189 192 193 195 197 200 202 204 205 207 209 212 214 216 217 219 221 224 226 228 229 231 233 236 238 240 241 243 245 248 250 252 253 255 257
a 1 4 6 8 10 12 14 17 19 21 23 25 28 29 32 34 36 38 40 43 45 47 49 51 54 55 58 60 62 64 66 69 71 73 75 77 80 82 84 85 87 89 92 94 96 97 99 101 103 105 107 110 112 114 116 118 120 121 123 125 128 130 132 133 135 137 140 142 144 145 147 149 151 153 155 158 160 162 164 166 168 169 171 173 176 178 180 181 183 185 187 190 192 193 195 197 200 202 204 205 207 209 212 214 216 217 219 221 224 226 228 229 231 233 236 238 240 241 243 245 248 250 252 253 255 257
a 1 4 6 8 10 12 14 17 19 21 23 25 28 29 32 34 36 38 40 43 45 47 49 51 54 55 58 60 62 64 66 69 71 73 75 77 80 82 84 85 87 89 92 94 96 97 99 101 103 105 107 110 112 114 116 118 120 121 123 125 128 130 132 133 135 137 140 142 144 145 147 149 151 153 155 158 160 162 164 166 168 169 171 173 176 178 180 181 183 185 188 190 192 193 195 197 200 202 204 205 207 209 212 214 216 217 219 221 224 226 228 229 231 233 236 238 240 241 243 245 248 250 252 253 255 257
a 1 4 6 8 10 12 14 17 19 21 23 25 28 29 32 34 36 38 40 43 45 47 49 51 54 55 58 60 62 64 66 69 71 73 75 77 80 82 84 85 87 89 92 94 96 97 99 101 103 105 107 110 112 114 116 118 120 121 123 125 128 130 132 133 135 137 140 142 144 145 147 149 151 153 155 158 160 161 164 166 168 169 171 173 176 178 180 181 183 185 188 190 192 193 195 197 200 202 204 205 207 209 212 214 216 217 219 221 224 226 228 229 231 233 236 238 240 241 243 245 248 250 252 253 255 257
a 1 4 6 8 10 12 14 17 19 21 23 25 28 29 32 34 36 38 40 43 45 47 49 51 54 55 58 60 62 64 66 69 71 73 75 77 80 82 84 85 87 89 92 94 96 97 99 101 103 105 107 110 112 114 116 118 120 121 123 125 128 130 132 133 135 137 140 142 144 145 147 149 151 153 155 158 159 161 164 166 168 169 171 173 176 178 180 181 183 185 188 190 192 193 195 197 200 202 204 205 207 209 212 214 216 217 219 221 224 226 228 229 231 233 236 238 240 241 243 245 248 250 252 253 255 257
a 1 4 6 8 10 12 14 17 19 21 23 25 28 29 32 34 36 38 40 43 45 47 49 51 54 55 58 60 62 64 66 69 71 73 75 77 80 82 84 85 87 89 92 94 96 97 99 101 103 105 107 110 112 114 116 118 120 121 123 125 128 130 132 133 135 137 140 142 144 145 147 149 151 153 155 157 159 161 164 166 168 169 171 173 176 178 180 181 183 185 188 190 192 193 195 197 200 202 204 205 207 209 212 214 216 217 219 221 224 226 228 229 231 233 236 238 240 241 243 245 248 250 252 253 255 257
a 1 4 6 8 10 12 14 17 19 21 23 25 28 29 32 34 36 38 40 43 45 47 49 51 54 55 58 60 62 64 66 69 71 73 75 77 80 82 84 85 87 89 92 94 96 97 99 101 103 105 107 110 112 114 116 118 120 121 123 125 128 130 132 133 135 137 140 142 144 145 147 149 151 153 156 157 159 161 164 166 168 169 171 173 176 178 180 181 183 185 188 190 192 193 195 197 200 202 204 205 207 209 212 214 216 217 219 221 224 226 228 229 231 233 236 238 240 241 243 245 248 250 252 253 255 257
a 1 4 6 8 10 12 14 17 19 21 23 25 28 29 32 34 36 38 40 43 45 47 49 51 54 55 58 60 62 64 66 69 71 73 75 77 80 82 84 85 87 89 92 94 96 97 99 101 103 105 107 110 112 114 116 118 120 121 123 125 128 130 132 133 135 137 140 142 144 145 147 149 151 154 156 157 159 161 164 166 168 169 171 173 176 178 180 181 183 185 188 190 192 193 195 197 200 202 204 205 207 209 212 214 216 217 219 221 224 226 228 229 231 233 236 238 240 241 243 245 248 250 252 253 255 257
a 1 4 6 8 10 12 14 17 19 21 23 25 28 29 32 34 36 38 40 43 45 47 49 51 54 55 58 60 62 64 66 69 71 73 75 77 80 82 84 85 87 89 92 94 96 97 99 101 103 105 107 110 112 114 116 118 120 121 123 125 128 130 132 133 135 137 140 142 144 145 147 149 152 154 156 157 159 161 164 166 168 169 171 173 176 178 180 181 183 185 188 190 192 193 195 197 200 202 204 205 207 209 212 214 216 217 219 221 224 226 228 229 231 233 236 238 240 241 243 245 248 250 252 253 255 257
a 1 4 7 8 10 12 14 17 19 21 23 25 28 29 32 34 36 38 40 43 45 47 49 51 54 55 58 60 62 64 66 69 71 73 75 77 80 82 84 85 87 89 92 94 96 97 99 101 103 105 107 110 112 114 116 118 120 121 123 125 128 130 132 133 135 137 140 142 144 145 147 149 152 154 156 157 159 161 164 166 168 169 171 173 176 178 180 181 183 185 188 190 192 193 195 197 200 202 204 205 207 209 212 214 216 217 219 221 224 226 228 229 231 233 236 238 240 241 243 245 248 250 252 253 255 257
a 1 5 7 8 10 12 14 17 19 21 23 25 28 29 32 34 36 38 40 43 45 47 49 51 54 55 58 60 62 64 66 69 71 73 75 77 80 82 84 85 87 89 92 94 96 97 99 101 103 105 107 110 112 114 116 118 120 121 123 125 128 130 132 133 135 137 140 142 144 145 147 149 152 154 156 157 159 161 164 166 168 169 171 173 176 178 180 181 183 185 188 190 192 193 195 197 200 202 204 205 207 209 212 214 216 217 219 221 224 226 228 229 231 233 236 238 240 241 243 245 248 250 252 253 255 257
a 2 5 7 8 10 12 14 17 19 21 23 25 28 29 32 34 36 38 40 43 45 47 49 51 54 55 58 60 62 64 66 69 71 73 75 77 80 82 84 85 87 89 92 94 96 97 99 101 103 105 107 110 112 114 116 118 120 121 123 125 128 130 132 133 135 137 140 142 144 145 147 149 152 154 156 157 159 161 164 166 168 169 171 173 176 178 180 181 183 185 188 190 192 193 195 197 200 202 204 205 207 209 212 214 216 217 219 221 224 226 228 229 231 233 236 238 240 241 243 245 248 250 252 253 255 257
a 2 5 7 8 10 12 14 17 19 21 23 25 28 29 32 34 36 38 40 43 45 47 49 51 54 55 58 60 62 64 66 69 71 73 75 77 80 82 84 86 87 89 92 94 96 97 99 101 103 105 107 110 112 114 116 118 120 121 123 125 128 130 132 133 135 137 140 142 144 145 147 149 152 154 156 157 159 161 164 166 168 169 171 173 176 178 180 181 183 185 188 190 192 193 195 197 200 202 204 205 207 209 212 214 216 217 219 221 224 226 228 229 231 233 236 238 240 241 243 245 248 250 252 253 255 257
a 2 5 7 8 10 12 14 17 19 21 23 25 28 29 32 34 36 38 40 43 45 47 49 51 54 55 58 60 62 64 66 69 71 73 75 77 80 82 84 86 88 89 92 94 96 97 99 101 103 105 107 110 112 114 116 118 120 121 123 125 128 130 132 133 135 137 140 142 144 145 147 149 152 154 156 157 159 161 164 166 168 169 171 173 176 178 180 181 183 185 188 190 192 193 195 197 200 202 204 205 207 209 212 214 216 217 219 221 224 226 228 229 231 233 236 238 240 241 243 245 248 250 252 253 255 257
a 2 5 7 8 10 12 14 17 19 21 23 25 28 29 32 34 36 38 40 43 45 47 49 51 54 55 58 60 62 64 66 69 71 73 75 77 80 82 84 86 88 90 92 94 96 97 99 101 103 105 107 110 112 114 116 118 120 121 123 125 128 130 132 133 135 137 140 142 144 145 147 149 152 154 156 157 159 161 164 166 168 169 171 173 176 178 180 181 183 185 188 190 192 193 195 197 200 202 204 205 207 209 212 214 216 217 219 221 224 226 228 229 231 233 236 238 240 241 243 245 248 250 252 253 255 257
a 2 3 7 8 10 12 14 17 19 21 23 25 28 29 32 34 36 38 40 43 45 47 49 51 54 55 58 60 62 64 66 69 71 73 75 77 80 82 84 86 88 90 92 94 96 97 99 101 103 105 107 110 112 114 116 118 120 121 123 125 128 130 132 133 135 137 140 142 144 145 147 149 152 154 156 157 159 161 164 166 168 169 171 173 176 178 180 181 183 185 188 190 192 193 195 197 200 202 204 205 207 209 212 214 216 217 219 221 224 226 228 229 231 233 236 238 240 241 243 245 248 250 252 253 255 257
a 2 3 6 8 10 12 14 17 19 21 23 25 28 29 32 34 36 38 40 43 45 47 49 51 54 55 58 60 62 64 66 69 71 73 75 77 80 82 84 86 88 90 92 94 96 97 99 101 103 105 107 110 112 114 116 118 120 121 123 125 128 130 132 133 135 137 140 142 144 145 147 149 152 154 156 157 159 161 164 166 168 169 171 173 176 178 180 181 183 185 188 190 192 193 195 197 200 202 204 205 207 209 212 214 216 217 219 221 224 226 228 229 231 233 236 238 240 241 243 245 248 250 252 253 255 257
a 2 3 6 8 10 12 14 17 19 21 23 25 28 29 32 34 36 38 40 43 45 47 49 51 54 55 58 60 62 64 66 69 71 73 75 77 79 82 84 86 88 90 92 94 96 97 99 101 103 105 107 110 112 114 116 118 120 121 123 125 128 130 132 133 135 137 140 142 144 145 147 149 152 154 156 157 159 161 164 166 168 169 171 173 176 178 180 181 183 185 188 190 192 193 195 197 200 202 204 205 207 209 212 214 216 217 219 221 224 226 228 229 231 233 236 238 240 241 243 245 248 250 252 253 255 257
a 2 3 6 8 10 12 14 17 19 21 23 25 28 29 32 34 36 38 40 43 45 47 49 51 54 55 58 60 62 64 66 69 71 73 75 77 79 81 84 86 88 90 92 94 96 97 99 101 103 105 107 110 112 114 116 118 120 121 123 125 128 130 132 133 135 137 140 142 144 145 147 149 152 154 156 157 159 161 164 166 168 169 171 173 176 178 180 181 183 185 188 190 192 193 195 197 200 202 204 205 207 209 212 214 216 217 219 221 224 226 228 229 231 233 236 238 240 241 243 245 248 250 252 253 255 257
a 2 3 6 8 10 12 14 17 19 21 23 25 28 29 32 34 36 38 40 43 45 47 49 51 54 55 58 60 62 64 66 69 71 73 75 77 79 81 83 86 88 90 92 94 96 97 99 101 103 105 107 110 112 114 116 118 120 121 123 125 128 130 132 133 135 137 140 142 144 145 147 149 152 154 156 157 159 161 164 166 168 169 171 173 176 178 180 181 183 185 188 190 192 193 195 197 200 202 204 205 207 209 212 214 216 217 219 221 224 226 228 229 231 233 236 238 240 241 243 245 248 250 252 253 255 257
a 2 3 6 8 10 12 14 17 20 21 23 25 28 29 32 34 36 38 40 43 45 47 49 51 54 55 58 60 62 64 66 69 71 73 75 77 79 81 83 86 88 90 92 94 96 97 99 101 103 105 107 110 112 114 116 118 120 121 123 125 128 130 132 133 135 137 140 142 144 145 147 149 152 154 156 157 159 161 164 166 168 169 171 173 176 178 180 181 183 185 188 190 192 193 195 197 200 202 204 205 207 209 212 214 216 217 219 221 224 226 228 229 231 233 236 238 240 241 243 245 248 250 252 253 255 257
a 2 3 6 8 10 12 14 18 20 21 23 25 28 29 32 34 36 38 40 43 45 47 49 51 54 55 58 60 62 64 66 69 71 73 75 77 79 81 83 86 88 90 92 94 96 97 99 101 103 105 107 110 112 114 116 118 120 121 123 125 128 130 132 133 135 137 140 142 144 145 147 149 152 154 156 157 159 161 164 166 168 169 171 173 176 178 180 181 183 185 188 190 192 193 195 197 200 202 204 205 207 209 212 214 216 217 219 221 224 226 228 229 231 233 236 238 240 241 243 245 248 250 252 253 255 257
a 2 3 6 8 10 12 15 18 20 21 23 25 28 29 32 34 36 38 40 43 45 47 49 51 54 55 58 60 62 64 66 69 71 73 75 77 79 81 83 86 88 90 92 94 96 97 99 101 103 105 107 110 112 114 116 118 120 121 123 125 128 130 132 133 135 137 140 142 144 145 147 149 152 154 156 157 159 161 164 166 168 169 171 173 176 178 180 181 183 185 188 190 192 193 195 197 200 202 204 205 207 209 212 214 216 217 219 221 224 226 228 229 231 233 236 238 240 241 243 245 248 250 252 253 255 257
a 2 3 6 8 10 12 15 16 20 21 23 25 28 29 32 34 36 38 40 43 45 47 49 51 54 55 58 60 62 64 66 69 71 73 75 77 79 81 83 86 88 90 92 94 96 97 99 101 103 105 107 110 112 114 116 118 120 121 123 125 128 130 132 133 135 137 140 142 144 145 147 149 152 154 156 157 159 161 164 166 168 169 171 173 176 178 180 181 183 185 188 190 192 193 195 197 200 202 204 205 207 209 212 214 216 217 219 221 224 226 228 229 231 233 236 238 240 241 243 245 248 250 252 253 255 257
a 2 3 6 8 10 12 15 16 19 21 23 25 28 29 32 34 36 38 40 43 45 47 49 51 54 55 58 60 62 64 66 69 71 73 75 77 79 81 83 86 88 90 92 94 96 97 99 101 103 105 107 110 112 114 116 118 120 121 123 125 128 130 132 133 135 137 140 142 144 145 147 149 152 154 156 157 159 161 164 166 168 169 171 173 176 178 180 181 183 185 188 190 192 193 195 197 200 202 204 205 207 209 212 214 216 217 219 221 224 226 228 229 231 233 236 238 240 241 243 245 248 250 252 253 255 257
a 2 3 6 8 10 12 15 16 19 21 23 25 28 29 32 34 36 38 40 43 45 47 49 51 54 55 58 60 62 64 66 69 71 73 75 77 79 81 83 86 88 89 92 94 96 97 99 101 103 105 107 110 112 114 116 118 120 121 123 125 128 130 132 133 135 137 140 142 144 145 147 149 152 154 156 157 159 161 164 166 168 169 171 173 176 178 180 181 183 185 188 190 192 193 195 197 200 202 204 205 207 209 212 214 216 217 219 221 224 226 228 229 231 233 236 238 240 241 243 245 248 250 252 253 255 257
a 2 3 6 8 10 12 15 16 19 21 23 25 28 29 32 34 36 38 40 43 45 47 49 51 54 55 58 60 62 64 66 69 71 73 75 77 79 81 83 86 87 89 92 94 96 97 99 101 103 105 107 110 112 114 116 118 120 121 123 125 128 130 132 133 135 137 140 142 144 145 147 149 152 154 156 157 159 161 164 166 168 169 171 173 176 178 180 181 183 185 188 190 192 193 195 197 200 202 204 205 207 209 212 214 216 217 219 221 224 226 228 229 231 233 236 238 240 241 243 245 248 250 252 253 255 257
a 2 3 6 8 10 12 15 16 19 21 23 25 28 29 32 34 36 38 40 43 45 47 49 51 54 55 58 60 62 64 66 69 71 73 75 77 79 81 83 85 87 89 92 94 96 97 99 101 103 105 107 110 112 114 116 118 120 121 123 125 128 130 132 133 135 137 140 142 144 145 147 149 152 154 156 157 159 161 164 166 168 169 171 173 176 178 180 181 183 185 188 190 192 193 195 197 200 202 204 205 207 209 212 214 216 217 219 221 224 226 228 229 231 233 236 238 240 241 243 245 248 250 252 253 255 257
a 2 3 6 8 10 12 15 16 19 21 23 25 28 29 32 34 36 38 40 43 45 47 49 51 54 55 58 60 62 64 66 69 71 73 75 77 79 81 84 85 87 89 92 94 96 97 99 101 103 105 107 110 112 114 116 118 120 121 123 125 128 130 132 133 135 137 140 142 144 145 147 149 152 154 156 157 159 161 164 166 168 169 171 173 176 178 180 181 183 185 188 190 192 193 195 197 200 202 204 205 207 209 212 214 216 217 219 221 224 226 228 229 231 233 236 238 240 241 243 245 248 250 252 253 255 257
a 2 3 6 8 10 12 15 16 19 21 23 25 28 29 32 34 36 38 40 43 45 47 49 51 54 55 58 60 62 64 66 69 71 73 75 77 79 82 84 85 87 89 92 94 96 97 99 101 103 105 107 110 112 114 116 118 120 121 123 125 128 130 132 133 135 137 140 142 144 145 147 149 152 154 156 157 159 161 164 166 168 169 171 173 176 178 180 181 183 185 188 190 192 193 195 197 200 202 204 205 207 209 212 214 216 217 219 221 224 226 228 229 231 233 236 238 240 241 243 245 248 250 252 253 255 257
a 2 3 6 8 10 12 15 16 19 21 23 25 28 29 32 34 36 38 40 43 45 47 49 51 54 55 58 60 62 64 66 69 71 73 75 77 80 82 84 85 87 89 92 94 96 97 99 101 103 105 107 110 112 114 116 118 120 121 123 125 128 130 132 133 135 137 140 142 144 145 147 149 152 154 156 157 159 161 164 166 168 169 171 173 176 178 180 181 183 185 188 190 192 193 195 197 200 202 204 205 207 209 212 214 216 217 219 221 224 226 228 229 231 233 236 238 240 241 243 245 248 250 252 253 255 257
a 2 3 7 8 10 12 15 16 19 21 23 25 28 29 32 34 36 38 40 43 45 47 49 51 54 55 58 60 62 64 66 69 71 73 75 77 80 82 84 85 87 89 92 94 96 97 99 101 103 105 107 110 112 114 116 118 120 121 123 125 128 130 132 133 135 137 140 142 144 145 147 149 152 154 156 157 159 161 164 166 168 169 171 173 176 178 180 181 183 185 188 190 192 193 195 197 200 202 204 205 207 209 212 214 216 217 219 221 224 226 228 229 231 233 236 238 240 241 243 245 248 250 252 253 255 257
a 2 5 7 8 10 12 15 16 19 21 23 25 28 29 32 34 36 38 40 43 45 47 49 51 54 55 58 60 62 64 66 69 71 73 75 77 80 82 84 85 87 89 92 94 96 97 99 101 103 105 107 110 112 114 116 118 120 121 123 125 128 130 132 133 135 137 140 142 144 145 147 149 152 154 156 157 159 161 164 166 168 169 171 173 176 178 180 181 183 185 188 190 192 193 195 197 200 202 204 205 207 209 212 214 216 217 219 221 224 226 228 229 231 233 236 238 240 241 243 245 248 250 252 253 255 257
a 1 5 7 8 10 12 15 16 19 21 23 25 28 29 32 34 36 38 40 43 45 47 49 51 54 55 58 60 62 64 66 69 71 73 75 77 80 82 84 85 87 89 92 94 96 97 99 101 103 105 107 110 112 114 116 118 120 121 123 125 128 130 132 133 135 137 140 142 144 145 147 149 152 154 156 157 159 161 164 166 168 169 171 173 176 178 180 181 183 185 188 190 192 193 195 197 200 202 204 205 207 209 212 214 216 217 219 221 224 226 228 229 231 233 236 238 240 241 243 245 248 250 252 253 255 257
a 1 5 7 8 10 12 15 16 19 21 23 25 28 29 32 34 36 38 40 43 45 47 49 51 54 55 58 60 62 64 66 69 71 73 75 77 80 82 84 85 87 89 92 94 96 97 99 101 103 105 107 110 112 114 116 118 120 121 123 125 128 130 132 133 135 137 140 142 144 146 147 149 152 154 156 157 159 161 164 166 168 169 171 173 176 178 180 181 183 185 188 190 192 193 195 197 200 202 204 205 207 209 212 214 216 217 219 221 224 226 228 229 231 233 236 238 240 241 243 245 248 250 252 253 255 257
a 1 5 7 8 10 12 15 16 19 21 23 25 28 29 32 34 36 38 40 43 45 47 49 51 54 55 58 60 62 64 66 69 71 73 75 77 80 82 84 85 87 89 92 94 96 97 99 101 103 105 107 110 112 114 116 118 120 121 123 125 128 130 132 133 135 137 140 142 144 146 148 149 152 154 156 157 159 161 164 166 168 169 171 173 176 178 180 181 183 185 188 190 192 193 195 197 200 202 204 205 207 209 212 214 216 217 219 221 224 226 228 229 231 233 236 238 240 241 243 245 248 250 252 253 255 257
a 1 5 7 8 10 12 15 16 19 21 23 25 28 29 32 34 36 38 40 43 45 47 49 51 54 55 58 60 62 64 66 69 71 73 75 77 80 82 84 85 87 89 92 94 96 97 99 101 103 105 107 110 112 114 116 118 120 121 123 125 128 130 132 133 135 137 140 142 144 146 148 150 152 154 156 157 159 161 164 166 168 169 171 173 176 178 180 181 183 185 188 190 192 193 195 197 200 202 204 205 207 209 212 214 216 217 219 221 224 226 228 229 231 233 236 238 240 241 243 245 248 250 252 253 255 257
a 1 4 7 8 10 12 15 16 19 21 23 25 28 29 32 34 36 38 40 43 45 47 49 51 54 55 58 60 62 64 66 69 71 73 75 77 80 82 84 85 87 89 92 94 96 97 99 101 103 105 107 110 112 114 116 118 120 121 123 125 128 130 132 133 135 137 140 142 144 146 148 150 152 154 156 157 159 161 164 166 168 169 171 173 176 178 180 181 183 185 188 190 192 193 195 197 200 202 204 205 207 209 212 214 216 217 219 221 224 226 228 229 231 233 236 238 240 241 243 245 248 250 252 253 255 257
a 1 4 6 8 10 12 15 16 19 21 23 25 28 29 32 34 36 38 40 43 45 47 49 51 54 55 58 60 62 64 66 69 71 73 75 77 80 82 84 85 87 89 92 94 96 97 99 101 103 105 107 110 112 114 116 118 120 121 123 125 128 130 132 133 135 137 140 142 144 146 148 150 152 154 156 157 159 161 164 166 168 169 171 173 176 178 180 181 183 185 188 190 192 193 195 197 200 202 204 205 207 209 212 214 216 217 219 221 224 226 228 229 231 233 236 238 240 241 243 245 248 250 252 253 255 257
a 1 4 6 8 10 12 15 16 19 21 23 25 28 29 32 34 36 38 40 43 45 47 49 51 54 55 58 60 62 64 66 69 71 73 75 77 80 82 84 85 87 89 92 94 96 97 99 101 103 105 107 110 112 114 116 118 120 121 123 125 128 130 132 133 135 137 139 142 144 146 148 150 152 154 156 157 159 161 164 166 168 169 171 173 176 178 180 181 183 185 188 190 192 193 195 197 200 202 204 205 207 209 212 214 216 217 219 221 224 226 228 229 231 233 236 238 240 241 243 245 248 250 252 253 255 257
a 1 4 6 8 10 12 15 16 19 21 23 25 28 29 32 34 36 38 40 43 45 47 49 51 54 55 58 60 62 64 66 69 71 73 75 77 80 82 84 85 87 89 92 94 96 97 99 101 103 105 107 110 112 114 116 118 120 121 123 125 128 130 132 133 135 137 139 141 144 146 148 150 152 154 156 157 159 161 164 166 168 169 171 173 176 178 180 181 183 185 188 190 192 193 195 197 200 202 204 205 207 209 212 214 216 217 219 221 224 226 228 229 231 233 236 238 240 241 243 245 248 250 252 253 255 257
a 1 4 6 8 10 12 15 16 19 21 23 25 28 29 32 34 36 38 40 43 45 47 49 51 54 55 58 60 62 64 66 69 71 73 75 77 80 82 84 85 87 89 92 94 96 97 99 101 103 105 107 110 112 114 116 118 120 121 123 125 128 130 132 133 135 137 139 141 143 146 148 150 152 154 156 157 159 161 164 166 168 169 171 173 176 178 180 181 183 185 188 190 192 193 195 197 200 202 204 205 207 209 212 214 216 217 219 221 224 226 228 229 231 233 236 238 240 241 243 245 248 250 252 253 255 257
a 1 4 6 8 10 12 15 16 19 21 23 25 28 29 32 34 36 38 40 43 45 47 49 51 54 55 58 60 62 64 66 69 71 73 75 77 80 82 84 85 87 89 92 94 96 97 99 101 103 105 107 110 112 113 116 118 120 121 123 125 128 130 132 133 135 137 139 141 143 146 148 150 152 154 156 157 159 161 164 166 168 169 171 173 176 178 180 181 183 185 188 190 192 193 195 197 200 202 204 205 207 209 212 214 216 217 219 221 224 226 228 229 231 233 236 238 240 241 243 245 248 250 252 253 255 257
a 1 4 6 8 10 12 15 16 19 21 23 25 28 29 32 34 36 38 40 43 45 47 49 51 54 55 58 60 62 64 66 69 71 73 75 77 80 82 84 85 87 89 92 94 96 97 99 101 103 105 107 110 111 113 116 118 120 121 123 125 128 130 132 133 135 137 139 141 143 146 148 150 152 154 156 157 159 161 164 166 168 169 171 173 176 178 180 181 183 185 188 190 192 193 195 197 200 202 204 205 207 209 212 214 216 217 219 221 224 226 228 229 231 233 236 238 240 241 243 245 248 250 252 253 255 257
a 1 4 6 8 10 12 15 16 19 21 23 25 28 29 32 34 36 38 40 43 45 47 49 51 54 55 58 60 62 64 66 69 71 73 75 77 80 82 84 85 87 89 92 94 96 97 99 101 103 105 107 109 111 113 116 118 120 121 123 125 128 130 132 133 135 137 139 141 143 146 148 150 152 154 156 157 159 161 164 166 168 169 171 173 176 178 180 181 183 185 188 190 192 193 195 197 200 202 204 205 207 209 212 214 216 217 219 221 224 226 228 229 231 233 236 238 240 241 243 245 248 250 252 253 255 257
a 1 4 6 8 10 12 15 16 19 21 23 25 28 29 32 34 36 38 40 43 45 47 49 51 54 55 58 60 62 64 66 69 71 73 75 77 80 82 84 85 87 89 92 94 96 97 99 101 103 105 108 109 111 113 116 118 120 121 123 125 128 130 132 133 135 137 139 141 143 146 148 150 152 154 156 157 159 161 164 166 168 169 171 173 176 178 180 181 183 185 188 190 192 193 195 197 200 202 204 205 207 209 212 214 216 217 219 221 224 226 228 229 231 233 236 238 240 241 243 245 248 250 252 253 255 257
a 1 4 6 8 10 12 15 16 19 21 23 25 28 29 32 34 36 38 40 43 45 47 49 51 54 55 58 60 62 64 66 69 71 73 75 77 80 82 84 85 87 89 92 94 96 97 99 101 103 106 108 109 111 113 116 118 120 121 123 125 128 130 132 133 135 137 139 141 143 146 148 150 152 154 156 157 159 161 164 166 168 169 171 173 176 178 180 181 183 185 188 190 192 193 195 197 200 202 204 205 207 209 212 214 216 217 219 221 224 226 228 229 231 233 236 238 240 241 243 245 248 250 252 253 255 257
a 1 4 6 8 10 12 15 16 19 21 23 25 28 29 32 34 36 38 40 43 45 47 49 51 54 55 58 60 62 64 66 69 71 73 75 77 80 82 84 85 87 89 92 94 96 97 99 101 104 106 108 109 111 113 116 118 120 121 123 125 128 130 132 133 135 137 139 141 143 146 148 150 152 154 156 157 159 161 164 166 168 169 171 173 176 178 180 181 183 185 188 190 192 193 195 197 200 202 204 205 207 209 212 214 216 217 219 221 224 226 228 229 231 233 236 238 240 241 243 245 248 250 252 253 255 257
a 1 4 6 8 10 12 15 16 19 21 23 25 28 29 32 34 36 38 40 43 45 47 49 51 54 55 58 60 62 64 66 69 71 73 75 77 80 82 84 85 87 89 92 94 96 98 99 101 104 106 108 109 111 113 116 118 120 121 123 125 128 130 132 133 135 137 139 141 143 146 148 150 152 154 156 157 159 161 164 166 168 169 171 173 176 178 180 181 183 185 188 190 192 193 195 197 200 202 204 205 207 209 212 214 216 217 219 221 224 226 228 229 231 233 236 238 240 241 243 245 248 250 252 253 255 257
a 1 4 6 8 10 12 15 16 19 21 23 25 28 29 32 34 36 38 40 43 45 47 49 51 54 55 58 60 62 64 66 69 71 73 75 77 80 82 84 85 87 89 92 94 96 98 100 101 104 106 108 109 111 113 116 118 120 121 123 125 128 130 132 133 135 137 139 141 143 146 148 150 152 154 156 157 159 161 164 166 168 169 171 173 176 178 180 181 183 185 188 190 192 193 195 197 200 202 204 205 207 209 212 214 216 217 219 221 224 226 228 229 231 233 236 238 240 241 243 245 248 250 252 253 255 257
a 1 4 6 8 10 12 15 16 19 21 23 25 28 29 32 34 36 38 40 43 45 47 49 51 54 55 58 60 62 64 66 69 71 73 75 77 80 82 84 85 87 89 92 94 96 98 100 102 104 106 108 109 111 113 116 118 120 121 123 125 128 130 132 133 135 137 139 141 143 146 148 150 152 154 156 157 159 161 164 166 168 169 171 173 176 178 180 181 183 185 188 190 192 193 195 197 200 202 204 205 207 209 212 214 216 217 219 221 224 226 228 229 231 233 236 238 240 241 243 245 248 250 252 253 255 257
a 1 4 6 8 10 12 15 16 19 21 23 25 28 29 32 34 36 38 40 43 45 47 49 51 54 55 58 60 62 64 66 69 71 73 75 77 80 82 84 85 87 89 91 94 96 98 100 102 104 106 108 109 111 113 116 118 120 121 123 125 128 130 132 133 135 137 139 141 143 146 148 150 152 154 156 157 159 161 164 166 168 169 171 173 176 178 180 181 183 185 188 190 192 193 195 197 200 202 204 205 207 209 212 214 216 217 219 221 224 226 228 229 231 233 236 238 240 241 243 245 248 250 252 253 255 257
a 1 4 6 8 10 12 15 16 19 21 23 25 28 29 32 34 36 38 40 43 45 47 49 51 54 55 58 60 62 64 66 69 71 73 75 77 80 82 84 85 87 89 91 93 96 98 100 102 104 106 108 109 111 113 116 118 120 121 123 125 128 130 132 133 135 137 139 141 143 146 148 150 152 154 156 157 159 161 164 166 168 169 171 173 176 178 180 181 183 185 188 190 192 193 195 197 200 202 204 205 207 209 212 214 216 217 219 221 224 226 228 229 231 233 236 238 240 241 243 245 248 250 252 253 255 257
a 1 4 6 8 10 12 15 16 19 21 23 25 28 29 32 34 36 38 40 43 45 47 49 51 54 55 58 60 62 64 66 69 71 73 75 77 80 82 84 85 87 89 91 93 95 98 100 102 104 106 108 109 111 113 116 118 120 121 123 125 128 130 132 133 135 137 139 141 143 146 148 150 152 154 156 157 159 161 164 166 168 169 171 173 176 178 180 181 183 185 188 190 192 193 195 197 200 202 204 205 207 209 212 214 216 217 219 221 224 226 228 229 231 233 236 238 240 241 243 245 248 250 252 253 255 257
a 1 4 6 8 10 12 15 16 19 21 23 25 28 29 33 34 36 38 40 43 45 47 49 51 54 55 58 60 62 64 66 69 71 73 75 77 80 82 84 85 87 89 91 93 95 98 100 102 104 106 108 109 111 113 116 118 120 121 123 125 128 130 132 133 135 137 139 141 143 146 148 150 152 154 156 157 159 161 164 166 168 169 171 173 176 178 180 181 183 185 188 190 192 193 195 197 200 202 204 205 207 209 212 214 216 217 219 221 224 226 228 229 231 233 236 238 240 241 243 245 248 250 252 253 255 257
a 1 4 6 8 10 12 15 16 19 21 23 25 28 31 33 34 36 38 40 43 45 47 49 51 54 55 58 60 62 64 66 69 71 73 75 77 80 82 84 85 87 89 91 93 95 98 100 102 104 106 108 109 111 113 116 118 120 121 123 125 128 130 132 133 135 137 139 141 143 146 148 150 152 154 156 157 159 161 164 166 168 169 171 173 176 178 180 181 183 185 188 190 192 193 195 197 200 202 204 205 207 209 212 214 216 217 219 221 224 226 228 229 231 233 236 238 240 241 243 245 248 250 252 253 255 257
a 1 4 6 8 10 12 15 16 19 21 23 25 27 31 33 34 36 38 40 43 45 47 49 51 54 55 58 60 62 64 66 69 71 73 75 77 80 82 84 85 87 89 91 93 95 98 100 102 104 106 108 109 111 113 116 118 120 121 123 125 128 130 132 133 135 137 139 141 143 146 148 150 152 154 156 157 159 161 164 166 168 169 171 173 176 178 180 181 183 185 188 190 192 193 195 197 200 202 204 205 207 209 212 214 216 217 219 221 224 226 228 229 231 233 236 238 240 241 243 245 248 250 252 253 255 257
a 1 4 6 8 10 12 15 16 19 21 23 25 27 30 33 34 36 38 40 43 45 47 49 51 54 55 58 60 62 64 66 69 71 73 75 77 80 82 84 85 87 89 91 93 95 98 100 102 104 106 108 109 111 113 116 118 120 121 123 125 128 130 132 133 135 137 139 141 143 146 148 150 152 154 156 157 159 161 164 166 168 169 171 173 176 178 180 181 183 185 188 190 192 193 195 197 200 202 204 205 207 209 212 214 216 217 219 221 224 226 228 229 231 233 236 238 240 241 243 245 248 250 252 253 255 257
a 1 4 6 8 10 12 15 16 19 21 23 25 27 30 32 34 36 38 40 43 45 47 49 51 54 55 58 60 62 64 66 69 71 73 75 77 80 82 84 85 87 89 91 93 95 98 100 102 104 106 108 109 111 113 116 118 120 121 123 125 128 130 132 133 135 137 139 141 143 146 148 150 152 154 156 157 159 161 164 166 168 169 171 173 176 178 180 181 183 185 188 190 192 193 195 197 200 202 204 205 207 209 212 214 216 217 219 221 224 226 228 229 231 233 236 238 240 241 243 245 248 250 252 253 255 257
a 1 4 6 8 10 12 15 16 19 21 23 25 27 30 32 34 36 38 40 43 45 47 49 51 54 55 58 60 62 64 66 69 71 73 75 77 80 82 84 85 87 89 91 93 95 98 100 102 104 106 108 109 111 113 116 118 120 121 123 125 128 130 132 133 135 137 139 141 143 146 148 149 152 154 156 157 159 161 164 166 168 169 171 173 176 178 180 181 183 185 188 190 192 193 195 197 200 202 204 205 207 209 212 214 216 217 219 221 224 226 228 229 231 233 236 238 240 241 243 245 248 250 252 253 255 257
a 1 4 6 8 10 12 15 16 19 21 23 25 27 30 32 34 36 38 40 43 45 47 49 51 54 55 58 60 62 64 66 69 71 73 75 77 80 82 84 85 87 89 91 93 95 98 100 102 104 106 108 109 111 113 116 118 120 121 123 125 128 130 132 133 135 137 139 141 143 146 147 149 152 154 156 157 159 161 164 166 168 169 171 173 176 178 180 181 183 185 188 190 192 193 195 197 200 202 204 205 207 209 212 214 216 217 219 221 224 226 228 229 231 233 236 238 240 241 243 245 248 250 252 253 255 257
a 1 4 6 8 10 12 15 16 19 21 23 25 27 30 32 34 36 38 40 43 45 47 49 51 54 55 58 60 62 64 66 69 71 73 75 77 80 82 84 85 87 89 91 93 95 98 100 102 104 106 108 109 111 113 116 118 120 121 123 125 128 130 132 133 135 137 139 141 143 145 147 149 152 154 156 157 159 161 164 166 168 169 171 173 176 178 180 181 183 185 188 190 192 193 195 197 200 202 204 205 207 209 212 214 216 217 219 221 224 226 228 229 231 233 236 238 240 241 243 245 248 250 252 253 255 257
a 1 4 6 8 10 12 15 16 19 21 23 25 27 30 32 34 36 38 40 43 45 47 49 51 54 55 58 60 62 64 66 69 71 73 75 77 80 82 84 85 87 89 91 93 95 98 100 102 104 106 108 109 111 113 116 118 120 121 123 125 128 130 132 133 135 137 139 141 144 145 147 149 152 154 156 157 159 161 164 166 168 169 171 173 176 178 180 181 183 185 188 190 192 193 195 197 200 202 204 205 207 209 212 214 216 217 219 221 224 226 228 229 231 233 236 238 240 241 243 245 248 250 252 253 255 257
a 1 4 6 8 10 12 15 16 19 21 23 25 27 30 32 34 36 38 40 43 45 47 49 51 54 55 58 60 62 64 66 69 71 73 75 77 80 82 84 85 87 89 91 93 95 98 100 102 104 106 108 109 111 113 116 118 120 121 123 125 128 130 132 133 135 137 139 142 144 145 147 149 152 154 156 157 159 161 164 166 168 169 171 173 176 178 180 181 183 185 188 190 192 193 195 197 200 202 204 205 207 209 212 214 216 217 219 221 224 226 228 229 231 233 236 238 240 241 243 245 248 250 252 253 255 257
a 1 4 6 8 10 12 15 16 19 21 23 25 27 30 32 34 36 38 40 43 45 47 49 51 54 55 58 60 62 64 66 69 71 73 75 77 80 82 84 85 87 89 91 93 95 98 100 102 104 106 108 109 111 113 116 118 120 121 123 125 128 130 132 133 135 137 140 142 144 145 147 149 152 154 156 157 159 161 164 166 168 169 171 173 176 178 180 181 183 185 188 190 192 193 195 197 200 202 204 205 207 209 212 214 216 217 219 221 224 226 228 229 231 233 236 238 240 241 243 245 248 250 252 253 255 257
a 1 4 6 8 10 12 15 16 19 21 23 25 27 30 32 34 36 38 40 43 45 47 49 51 54 55 58 60 62 64 66 69 71 73 75 77 80 82 84 85 87 89 91 93 95 98 100 101 104 106 108 109 111 113 116 118 120 121 123 125 128 130 132 133 135 137 140 142 144 145 147 149 152 154 156 157 159 161 164 166 168 169 171 173 176 178 180 181 183 185 188 190 192 193 195 197 200 202 204 205 207 209 212 214 216 217 219 221 224 226 228 229 231 233 236 238 240 241 243 245 248 250 252 253 255 257
a 1 4 6 8 10 12 15 16 19 21 23 25 27 30 32 34 36 38 40 43 45 47 49 51 54 55 58 60 62 64 66 69 71 73 75 77 80 82 84 85 87 89 91 93 95 98 99 101 104 106 108 109 111 113 116 118 120 121 123 125 128 130 132 133 135 137 140 142 144 145 147 149 152 154 156 157 159 161 164 166 168 169 171 173 176 178 180 181 183 185 188 190 192 193 195 197 200 202 204 205 207 209 212 214 216 217 219 221 224 226 228 229 231 233 236 238 240 241 243 245 248 250 252 253 255 257
a 1 4 6 8 10 12 15 16 19 21 23 25 27 30 32 34 36 38 40 43 45 47 49 51 54 55 58 60 62 64 66 69 71 73 75 77 80 82 84 85 87 89 91 93 95 97 99 101 104 106 108 109 111 113 116 118 120 121 123 125 128 130 132 133 135 137 140 142 144 145 147 149 152 154 156 157 159 161 164 166 168 169 171 173 176 178 180 181 183 185 188 190 192 193 195 197 200 202 204 205 207 209 212 214 216 217 219 221 224 226 228 229 231 233 236 238 240 241 243 245 248 250 252 253 255 257
a 1 4 6 8 10 12 15 16 19 21 23 25 27 30 32 34 36 38 40 43 45 47 49 51 54 55 58 60 62 64 66 69 71 73 75 77 80 82 84 85 87 89 91 93 96 97 99 101 104 106 108 109 111 113 116 118 120 121 123 125 128 130 132 133 135 137 140 142 144 145 147 149 152 154 156 157 159 161 164 166 168 169 171 173 176 178 180 181 183 185 188 190 192 193 195 197 200 202 204 205 207 209 212 214 216 217 219 221 224 226 228 229 231 233 236 238 240 241 243 245 248 250 252 253 255 257
a 1 4 6 8 10 12 15 16 19 21 23 25 27 30 32 34 36 38 40 43 45 47 49 51 54 55 58 60 62 64 66 69 71 73 75 77 80 82 84 85 87 89 91 94 96 97 99 101 104 106 108 109 111 113 116 118 120 121 123 125 128 130 132 133 135 137 140 142 144 145 147 149 152 154 156 157 159 161 164 166 168 169 171 173 176 178 180 181 183 185 188 190 192 193 195 197 200 202 204 205 207 209 212 214 216 217 219 221 224 226 228 229 231 233 236 238 240 241 243 245 248 250 252 253 255 257
a 1 4 6 8 10 12 15 16 19 21 23 25 27 30 32 34 36 38 40 43 45 47 49 51 54 55 58 60 62 64 66 69 71 73 75 77 80 82 84 85 87 89 92 94 96 97 99 101 104 106 108 109 111 113 116 118 120 121 123 125 128 130 132 133 135 137 140 142 144 145 147 149 152 154 156 157 159 161 164 166 168 169 171 173 176 178 180 181 183 185 188 190 192 193 195 197 200 202 204 205 207 209 212 214 216 217 219 221 224 226 228 229 231 233 236 238 240 241 243 245 248 250 252 253 255 257
a 1 4 7 8 10 12 15 16 19 21 23 25 27 30 32 34 36 38 40 43 45 47 49 51 54 55 58 60 62 64 66 69 71 73 75 77 80 82 84 85 87 89 92 94 96 97 99 101 104 106 108 109 111 113 116 118 120 121 123 125 128 130 132 133 135 137 140 142 144 145 147 149 152 154 156 157 159 161 164 166 168 169 171 173 176 178 180 181 183 185 188 190 192 193 195 197 200 202 204 205 207 209 212 214 216 217 219 221 224 226 228 229 231 233 236 238 240 241 243 245 248 250 252 253 255 257
a 1 5 7 8 10 12 15 16 19 21 23 25 27 30 32 34 36 38 40 43 45 47 49 51 54 55 58 60 62 64 66 69 71 73 75 77 80 82 84 85 87 89 92 94 96 97 99 101 104 106 108 109 111 113 116 118 120 121 123 125 128 130 132 133 135 137 140 142 144 145 147 149 152 154 156 157 159 161 164 166 168 169 171 173 176 178 180 181 183 185 188 190 192 193 195 197 200 202 204 205 207 209 212 214 216 217 219 221 224 226 228 229 231 233 236 238 240 241 243 245 248 250 252 253 255 257
a 2 5 7 8 10 12 15 16 19 21 23 25 27 30 32 34 36 38 40 43 45 47 49 51 54 55 58 60 62 64 66 69 71 73 75 77 80 82 84 85 87 89 92 94 96 97 99 101 104 106 108 109 111 113 116 118 120 121 123 125 128 130 132 133 135 137 140 142 144 145 147 149 152 154 156 157 159 161 164 166 168 169 171 173 176 178 180 181 183 185 188 190 192 193 195 197 200 202 204 205 207 209 212 214 216 217 219 221 224 226 228 229 231 233 236 238 240 241 243 245 248 250 252 253 255 257
a 2 5 7 8 10 12 15 16 19 21 23 25 27 30 32 34 36 38 40 43 45 47 49 51 54 55 58 60 62 64 66 69 71 73 75 77 80 82 84 86 87 89 92 94 96 97 99 101 104 106 108 109 111 113 116 118 120 121 123 125 128 130 132 133 135 137 140 142 144 145 147 149 152 154 156 157 159 161 164 166 168 169 171 173 176 178 180 181 183 185 188 190 192 193 195 197 200 202 204 205 207 209 212 214 216 217 219 221 224 226 228 229 231 233 236 238 240 241 243 245 248 250 252 253 255 257
a 2 5 7 8 10 12 15 16 19 21 23 25 27 30 32 34 36 38 40 43 45 47 49 51 54 55 58 60 62 64 66 69 71 73 75 77 80 82 84 86 88 89 92 94 96 97 99 101 104 106 108 109 111 113 116 118 120 121 123 125 128 130 132 133 135 137 140 142 144 145 147 149 152 154 156 157 159 161 164 166 168 169 171 173 176 178 180 181 183 185 188 190 192 193 195 197 200 202 204 205 207 209 212 214 216 217 219 221 224 226 228 229 231 233 236 238 240 241 243 245 248 250 252 253 255 257
a 2 5 7 8 10 12 15 16 19 21 23 25 27 30 32 34 36 38 40 43 45 47 49 51 54 55 58 60 62 64 66 69 71 73 75 77 80 82 84 86 88 90 92 94 96 97 99 101 104 106 108 109 111 113 116 118 120 121 123 125 128 130 132 133 135 137 140 142 144 145 147 149 152 154 156 157 159 161 164 166 168 169 171 173 176 178 180 181 183 185 188 190 192 193 195 197 200 202 204 205 207 209 212 214 216 217 219 221 224 226 228 229 231 233 236 238 240 241 243 245 248 250 252 253 255 257
a 2 3 7 8 10 12 15 16 19 21 23 25 27 30 32 34 36 38 40 43 45 47 49 51 54 55 58 60 62 64 66 69 71 73 75 77 80 82 84 86 88 90 92 94 96 97 99 101 104 106 108 109 111 113 116 118 120 121 123 125 128 130 132 133 135 137 140 142 144 145 147 149 152 154 156 157 159 161 164 166 168 169 171 173 176 178 180 181 183 185 188 190 192 193 195 197 200 202 204 205 207 209 212 214 216 217 219 221 224 226 228 229 231 233 236 238 240 241 243 245 248 250 252 253 255 257
a 2 3 6 8 10 12 15 16 19 21 23 25 27 30 32 34 36 38 40 43 45 47 49 51 54 55 58 60 62 64 66 69 71 73 75 77 80 82 84 86 88 90 92 94 96 97 99 101 104 106 108 109 111 113 116 118 120 121 123 125 128 130 132 133 135 137 140 142 144 145 147 149 152 154 156 157 159 161 164 166 168 169 171 173 176 178 180 181 183 185 188 190 192 193 195 197 200 202 204 205 207 209 212 214 216 217 219 221 224 226 228 229 231 233 236 238 240 241 243 245 248 250 252 253 255 257
a 2 3 6 8 10 12 15 16 19 21 23 25 27 30 32 34 36 38 40 43 45 47 49 51 54 55 58 60 62 64 66 69 71 73 75 77 79 82 84 86 88 90 92 94 96 97 99 101 104 106 108 109 111 113 116 118 120 121 123 125 128 130 132 133 135 137 140 142 144 145 147 149 152 154 156 157 159 161 164 166 168 169 171 173 176 178 180 181 183 185 188 190 192 193 195 197 200 202 204 205 207 209 212 214 216 217 219 221 224 226 228 229 231 233 236 238 240 241 243 245 248 250 252 253 255 257
a 2 3 6 8 10 12 15 16 19 21 23 25 27 30 32 34 36 38 40 43 45 47 49 51 54 55 58 60 62 64 66 69 71 73 75 77 79 81 84 86 88 90 92 94 96 97 99 101 104 106 108 109 111 113 116 118 120 121 123 125 128 130 132 133 135 137 140 142 144 145 147 149 152 154 156 157 159 161 164 166 168 169 171 173 176 178 180 181 183 185 188 190 192 193 195 197 200 202 204 205 207 209 212 214 216 217 219 221 224 226 228 229 231 233 236 238 240 241 243 245 248 250 252 253 255 257
a 2 3 6 8 10 12 15 16 19 21 23 25 27 30 32 34 36 38 40 43 45 47 49 51 54 55 58 60 62 64 66 69 71 73 75 77 79 81 83 86 88 90 92 94 96 97 99 101 104 106 108 109 111 113 116 118 120 121 123 125 128 130 132 133 135 137 140 142 144 145 147 149 152 154 156 157 159 161 164 166 168 169 171 173 176 178 180 181 183 185 188 190 192 193 195 197 200 202 204 205 207 209 212 214 216 217 219 221 224 226 228 229 231 233 236 238 240 241 243 245 248 250 252 253 255 257
a 2 3 6 8 10 12 15 16 20 21 23 25 27 30 32 34 36 38 40 43 45 47 49 51 54 55 58 60 62 64 66 69 71 73 75 77 79 81 83 86 88 90 92 94 96 97 99 101 104 106 108 109 111 113 116 118 120 121 123 125 128 130 132 133 135 137 140 142 144 145 147 149 152 154 156 157 159 161 164 166 168 169 171 173 176 178 180 181 183 185 188 190 192 193 195 197 200 202 204 205 207 209 212 214 216 217 219 221 224 226 228 229 231 233 236 238 240 241 243 245 248 250 252 253 255 257
a 2 3 6 8 10 12 15 18 20 21 23 25 27 30 32 34 36 38 40 43 45 47 49 51 54 55 58 60 62 64 66 69 71 73 75 77 79 81 83 86 88 90 92 94 96 97 99 101 104 106 108 109 111 113 116 118 120 121 123 125 128 130 132 133 135 137 140 142 144 145 147 149 152 154 156 157 159 161 164 166 168 169 171 173 176 178 180 181 183 185 188 190 192 193 195 197 200 202 204 205 207 209 212 214 216 217 219 221 224 226 228 229 231 233 236 238 240 241 243 245 248 250 252 253 255 257
a 2 3 6 8 10 12 14 18 20 21 23 25 27 30 32 34 36 38 40 43 45 47 49 51 54 55 58 60 62 64 66 69 71 73 75 77 79 81 83 86 88 90 92 94 96 97 99 101 104 106 108 109 111 113 116 118 120 121 123 125 128 130 132 133 135 137 140 142 144 145 147 149 152 154 156 157 159 161 164 166 168 169 171 173 176 178 180 181 183 185 188 190 192 193 195 197 200 202 204 205 207 209 212 214 216 217 219 221 224 226 228 229 231 233 236 238 240 241 243 245 248 250 252 253 255 257
a 2 3 6 8 10 12 14 17 20 21 23 25 27 30 32 34 36 38 40 43 45 47 49 51 54 55 58 60 62 64 66 69 71 73 75 77 79 81 83 86 88 90 92 94 96 97 99 101 104 106 108 109 111 113 116 118 120 121 123 125 128 130 132 133 135 137 140 142 144 145 147 149 152 154 156 157 159 161 164 166 168 169 171 173 176 178 180 181 183 185 188 190 192 193 195 197 200 202 204 205 207 209 212 214 216 217 219 221 224 226 228 229 231 233 236 238 240 241 243 245 248 250 252 253 255 257
a 2 3 6 8 10 12 14 17 19 21 23 25 27 30 32 34 36 38 40 43 45 47 49 51 54 55 58 60 62 64 66 69 71 73 75 77 79 81 83 86 88 90 92 94 96 97 99 101 104 106 108 109 111 113 116 118 120 121 123 125 128 130 132 133 135 137 140 142 144 145 147 149 152 154 156 157 159 161 164 166 168 169 171 173 176 178 180 181 183 185 188 190 192 193 195 197 200 202 204 205 207 209 212 214 216 217 219 221 224 226 228 229 231 233 236 238 240 241 243 245 248 250 252 253 255 257
a 2 3 6 8 10 12 14 17 19 21 23 25 27 30 32 34 36 38 40 43 45 47 49 51 54 55 58 60 62 64 66 69 71 73 75 77 79 81 83 86 88 89 92 94 96 97 99 101 104 106 108 109 111 113 116 118 120 121 123 125 128 130 132 133 135 137 140 142 144 145 147 149 152 154 156 157 159 161 164 166 168 169 171 173 176 178 180 181 183 185 188 190 192 193 195 197 200 202 204 205 207 209 212 214 216 217 219 221 224 226 228 229 231 233 236 238 240 241 243 245 248 250 252 253 255 257
a 2 3 6 8 10 12 14 17 19 21 23 25 27 30 32 34 36 38 40 43 45 47 49 51 54 55 58 60 62 64 66 69 71 73 75 77 79 81 83 86 87 89 92 94 96 97 99 101 104 106 108 109 111 113 116 118 120 121 123 125 128 130 132 133 135 137 140 142 144 145 147 149 152 154 156 157 159 161 164 166 168 169 171 173 176 178 180 181 183 185 188 190 192 193 195 197 200 202 204 205 207 209 212 214 216 217 219 221 224 226 228 229 231 233 236 238 240 241 243 245 248 250 252 253 255 257
a 2 3 6 8 10 12 14 17 19 21 23 25 27 30 32 34 36 38 40 43 45 47 49 51 54 55 58 60 62 64 66 69 71 73 75 77 79 81 83 85 87 89 92 94 96 97 99 101 104 106 108 109 111 113 116 118 120 121 123 125 128 130 132 133 135 137 140 142 144 145 147 149 152 154 156 157 159 161 164 166 168 169 171 173 176 178 180 181 183 185 188 190 192 193 195 197 200 202 204 205 207 209 212 214 216 217 219 221 224 226 228 229 231 233 236 238 240 241 243 245 248 250 252 253 255 257
a 2 3 6 8 10 12 14 17 19 21 23 25 27 30 32 34 36 38 40 43 45 47 49 51 54 55 58 60 62 64 66 69 71 73 75 77 79 81 84 85 87 89 92 94 96 97 99 101 104 106 108 109 111 113 116 118 120 121 123 125 128 130 132 133 135 137 140 142 144 145 147 149 152 154 156 157 159 161 164 166 168 169 171 173 176 178 180 181 183 185 188 190 192 193 195 197 200 202 204 205 207 209 212 214 216 217 219 221 224 226 228 229 231 233 236 238 240 241 243 245 248 250 252 253 255 257
a 2 3 6 8 10 12 14 17 19 21 23 25 27 30 32 34 36 38 40 43 45 47 49 51 54 55 58 60 62 64 66 69 71 73 75 77 79 82 84 85 87 89 92 94 96 97 99 101 104 106 108 109 111 113 116 118 120 121 123 125 128 130 132 133 135 137 140 142 144 145 147 149 152 154 156 157 159 161 164 166 168 169 171 173 176 178 180 181 183 185 188 190 192 193 195 197 200 202 204 205 207 209 212 214 216 217 219 221 224 226 228 229 231 233 236 238 240 241 243 245 248 250 252 253 255 257
a 2 3 6 8 10 12 14 17 19 21 23 25 27 30 32 34 36 38 40 43 45 47 49 51 54 55 58 60 62 64 66 69 71 73 75 77 80 82 84 85 87 89 92 94 96 97 99 101 104 106 108 109 111 113 116 118 120 121 123 125 128 130 132 133 135 137 140 142 144 145 147 149 152 154 156 157 159 161 164 166 168 169 171 173 176 178 180 181 183 185 188 190 192 193 195 197 200 202 204 205 207 209 212 214 216 217 219 221 224 226 228 229 231 233 236 238 240 241 243 245 248 250 252 253 255 257
a 2 3 7 8 10 12 14 17 19 21 23 25 27 30 32 34 36 38 40 43 45 47 49 51 54 55 58 60 62 64 66 69 71 73 75 77 80 82 84 85 87 89 92 94 96 97 99 101 104 106 108 109 111 113 116 118 120 121 123 125 128 130 132 133 135 137 140 142 144 145 147 149 152 154 156 157 159 161 164 166 168 169 171 173 176 178 180 181 183 185 188 190 192 193 195 197 200 202 204 205 207 209 212 214 216 217 219 221 224 226 228 229 231 233 236 238 240 241 243 245 248 250 252 253 255 257
a 2 5 7 8 10 12 14 17 19 21 23 25 27 30 32 34 36 38 40 43 45 47 49 51 54 55 58 60 62 64 66 69 71 73 75 77 80 82 84 85 87 89 92 94 96 97 99 101 104 106 108 109 111 113 116 118 120 121 123 125 128 130 132 133 135 137 140 142 144 145 147 149 152 154 156 157 159 161 164 166 168 169 171 173 176 178 180 181 183 185 188 190 192 193 195 197 200 202 204 205 207 209 212 214 216 217 219 221 224 226 228 229 231 233 236 238 240 241 243 245 248 250 252 253 255 257
a 1 5 7 8 10 12 14 17 19 21 23 25 27 30 32 34 36 38 40 43 45 47 49 51 54 55 58 60 62 64 66 69 71 73 75 77 80 82 84 85 87 89 92 94 96 97 99 101 104 106 108 109 111 113 116 118 120 121 123 125 128 130 132 133 135 137 140 142 144 145 147 149 152 154 156 157 159 161 164 166 168 169 171 173 176 178 180 181 183 185 188 190 192 193 195 197 200 202 204 205 207 209 212 214 216 217 219 221 224 226 228 229 231 233 236 238 240 241 243 245 248 250 252 253 255 257
a 1 5 7 8 10 12 14 17 19 21 23 25 27 30 32 34 36 38 40 43 45 47 49 51 54 55 58 60 62 64 66 69 71 73 75 77 80 82 84 85 87 89 92 94 96 97 99 101 104 106 108 109 111 113 116 118 120 121 123 125 128 130 132 133 135 137 140 142 144 145 147 149 152 154 156 157 159 161 164 166 168 169 171 173 176 178 180 181 183 185 188 190 192 193 195 197 200 202 204 205 207 209 212 214 216 217 219 221 224 226 228 229 231 233 236 238 240 241 243 245 248 250 252 254 255 257
a 1 5 7 8 10 12 14 17 19 21 23 25 27 30 32 34 36 38 40 43 45 47 49 51 54 55 58 60 62 64 66 69 71 73 75 77 80 82 84 85 87 89 92 94 96 97 99 101 104 106 108 109 111 113 116 118 120 121 123 125 128 130 132 133 135 137 140 142 144 145 147 149 152 154 156 157 159 161 164 166 168 169 171 173 176 178 180 181 183 185 188 190 192 193 195 197 200 202 204 205 207 209 212 214 216 217 219 221 224 226 228 229 231 233 236 238 240 241 243 245 248 250 252 254 256 257
a 1 5 7 8 10 12 14 17 19 21 23 25 27 30 32 34 36 38 40 43 45 47 49 51 54 55 58 60 62 64 66 69 71 73 75 77 80 82 84 85 87 89 92 94 96 97 99 101 104 106 108 109 111 113 116 118 120 121 123 125 128 130 132 133 135 137 140 142 144 145 147 149 152 154 156 157 159 161 164 166 168 169 171 173 176 178 180 181 183 185 188 190 192 193 195 197 200 202 204 205 207 209 212 214 216 217 219 221 224 226 228 229 231 233 236 238 240 241 243 245 248 250 252 254 256 258
a 1 4 7 8 10 12 14 17 19 21 23 25 27 30 32 34 36 38 40 43 45 47 49 51 54 55 58 60 62 64 66 69 71 73 75 77 80 82 84 85 87 89 92 94 96 97 99 101 104 106 108 109 111 113 116 118 120 121 123 125 128 130 132 133 135 137 140 142 144 145 147 149 152 154 156 157 159 161 164 166 168 169 171 173 176 178 180 181 183 185 188 190 192 193 195 197 200 202 204 205 207 209 212 214 216 217 219 221 224 226 228 229 231 233 236 238 240 241 243 245 248 250 252 254 256 258
a 1 4 6 8 10 12 14 17 19 21 23 25 27 30 32 34 36 38 40 43 45 47 49 51 54 55 58 60 62 64 66 69 71 73 75 77 80 82 84 85 87 89 92 94 96 97 99 101 104 106 108 109 111 113 116 118 120 121 123 125 128 130 132 133 135 137 140 142 144 145 147 149 152 154 156 157 159 161 164 166 168 169 171 173 176 178 180 181 183 185 188 190 192 193 195 197 200 202 204 205 207 209 212 214 216 217 219 221 224 226 228 229 231 233 236 238 240 241 243 245 248 250 252 254 256 258
a 1 4 6 8 10 12 14 17 19 21 23 25 27 30 32 34 36 38 40 43 45 47 49 51 54 55 58 60 62 64 66 69 71 73 75 77 80 82 84 85 87 89 92 94 96 97 99 101 104 106 108 109 111 113 116 118 120 121 123 125 128 130 132 133 135 137 140 142 144 145 147 149 152 154 156 157 159 161 164 166 168 169 171 173 176 178 180 181 183 185 188 190 192 193 195 197 200 202 204 205 207 209 212 214 216 217 219 221 224 226 228 229 231 233 236 238 240 241 243 245 247 250 252 254 256 258
a 1 4 6 8 10 12 14 17 19 21 23 25 27 30 32 34 36 38 40 43 45 47 49 51 54 55 58 60 62 64 66 69 71 73 75 77 80 82 84 85 87 89 92 94 96 97 99 101 104 106 108 109 111 113 116 118 120 121 123 125 128 130 132 133 135 137 140 142 144 145 147 149 152 154 156 157 159 161 164 166 168 169 171 173 176 178 180 181 183 185 188 190 192 193 195 197 200 202 204 205 207 209 212 214 216 217 219 221 224 226 228 229 231 233 236 238 240 241 243 245 247 249 252 254 256 258
a 1 4 6 8 10 12 14 17 19 21 23 25 27 30 32 34 36 38 40 43 45 47 49 51 54 55 58 60 62 64 66 69 71 73 75 77 80 82 84 85 87 89 92 94 96 97 99 101 104 106 108 109 111 113 116 118 120 121 123 125 128 130 132 133 135 137 140 142 144 145 147 149 152 154 156 157 159 161 164 166 168 169 171 173 176 178 180 181 183 185 188 190 192 193 195 197 200 202 204 205 207 209 212 214 216 217 219 221 224 226 228 229 231 233 236 238 240 241 243 245 247 249 251 254 256 258
a 1 4 6 8 10 12 14 17 19 21 23 25 27 30 32 34 36 38 40 43 45 47 49 51 54 55 58 60 62 64 66 69 71 73 75 77 80 82 84 85 87 89 92 94 96 97 99 101 104 106 108 109 111 113 116 118 120 121 123 125 128 130 132 133 135 137 140 142 144 145 147 149 152 154 156 157 159 161 164 166 168 169 171 173 176 178 180 181 183 185 188 190 192 193 195 197 200 202 204 205 207 209 212 214 216 217 219 221 224 226 228 229 231 233 236 238 240 242 243 245 247 249 251 254 256 258
a 1 4 6 8 10 12 14 17 19 21 23 25 27 30 32 34 36 38 40 43 45 47 49 51 54 55 58 60 62 64 66 69 71 73 75 77 80 82 84 85 87 89 92 94 96 97 99 101 104 106 108 109 111 113 116 118 120 121 123 125 128 130 132 133 135 137 140 142 144 145 147 149 152 154 156 157 159 161 164 166 168 169 171 173 176 178 180 181 183 185 188 190 192 193 195 197 200 202 204 205 207 209 212 214 216 217 219 221 224 226 228 229 231 233 236 238 240 242 244 245 247 249 251 254 256 258
a 1 4 6 8 10 12 14 17 19 21 23 25 27 30 32 34 36 38 40 43 45 47 49 51 54 55 58 60 62 64 66 69 71 73 75 77 80 82 84 85 87 89 92 94 96 97 99 101 104 106 108 109 111 113 116 118 120 121 123 125 128 130 132 133 135 137 140 142 144 145 147 149 152 154 156 157 159 161 164 166 168 169 171 173 176 178 180 181 183 185 188 190 192 193 195 197 200 202 204 205 207 209 212 214 216 217 219 221 224 226 228 229 231 233 236 238 240 242 244 246 247 249 251 254 256 258
a 1 4 6 8 10 12 14 17 19 21 23 25 27 30 32 34 36 38 40 43 45 47 49 51 54 55 58 60 62 64 66 69 71 73 75 77 80 82 84 85 87 89 92 94 96 97 99 101 104 106 108 109 111 113 116 118 120 121 123 125 128 130 132 133 135 137 140 142 144 145 147 149 152 154 156 157 159 161 164 166 168 169 171 173 176 178 180 181 183 185 188 190 192 193 195 197 200 202 204 205 207 209 212 214 216 217 219 221 224 226 228 229 231 233 235 238 240 242 244 246 247 249 251 254 256 258
a 1 4 6 8 10 12 14 17 19 21 23 25 27 30 32 34 36 38 40 43 45 47 49 51 54 55 58 60 62 64 66 69 71 73 75 77 80 82 84 85 87 89 92 94 96 97 99 101 104 106 108 109 111 113 116 118 120 121 123 125 128 130 132 133 135 137 140 142 144 145 147 149 152 154 156 157 159 161 164 166 168 169 171 173 176 178 180 181 183 185 188 190 192 193 195 197 200 202 204 205 207 209 212 214 216 217 219 221 224 226 228 229 231 233 235 237 240 242 244 246 247 249 251 254 256 258
a 1 4 6 8 10 12 14 17 19 21 23 25 27 30 32 34 36 38 40 43 45 47 49 51 54 55 58 60 62 64 66 69 71 73 75 77 80 82 84 85 87 89 92 94 96 97 99 101 104 106 108 109 111 113 116 118 120 121 123 125 128 130 132 133 135 137 140 142 144 145 147 149 152 154 156 157 159 161 164 166 168 169 171 173 176 178 180 181 183 185 188 190 192 193 195 197 200 202 204 205 207 209 212 214 216 217 219 221 224 226 228 229 231 233 235 237 239 242 244 246 247 249 251 254 256 258
a 1 4 6 8 10 12 14 17 19 21 23 25 27 30 32 34 36 38 40 43 45 47 49 51 54 55 58 60 62 64 66 69 71 73 75 77 80 82 84 85 87 89 92 94 96 97 99 101 104 106 108 109 111 113 116 118 120 121 123 125 128 130 132 133 135 137 140 142 144 145 147 149 152 154 156 157 159 161 164 166 168 169 171 173 176 178 180 181 183 185 188 190 192 193 195 197 200 202 204 205 207 209 212 214 216 218 219 221 224 226 228 229 231 233 235 237 239 242 244 246 247 249 251 254 256 258
a 1 4 6 8 10 12 14 17 19 21 23 25 27 30 32 34 36 38 40 43 45 47 49 51 54 55 58 60 62 64 66 69 71 73 75 77 80 82 84 85 87 89 92 94 96 97 99 101 104 106 108 109 111 113 116 118 120 121 123 125 128 130 132 133 135 137 140 142 144 145 147 149 152 154 156 157 159 161 164 166 168 169 171 173 176 178 180 181 183 185 188 190 192 193 195 197 200 202 204 205 207 209 212 214 216 218 220 221 224 226 228 229 231 233 235 237 239 242 244 246 247 249 251 254 256 258
a 1 4 6 8 10 12 14 17 19 21 23 25 27 30 32 34 36 38 40 43 45 47 49 51 54 55 58 60 62 64 66 69 71 73 75 77 80 82 84 85 87 89 92 94 96 97 99 101 104 106 108 109 111 113 116 118 120 121 123 125 128 130 132 133 135 137 140 142 144 145 147 149 152 154 156 157 159 161 164 166 168 169 171 173 176 178 180 181 183 185 188 190 192 193 195 197 200 202 204 205 207 209 212 214 216 218 220 222 224 226 228 229 231 233 235 237 239 242 244 246 247 249 251 254 256 258
a 1 4 6 8 10 12 14 17 19 21 23 25 27 30 32 34 36 38 40 43 45 47 49 51 54 55 58 60 62 64 66 69 71 73 75 77 80 82 84 85 87 89 92 94 96 97 99 101 104 106 108 109 111 113 116 118 120 121 123 125 128 130 132 133 135 137 140 142 144 145 147 149 152 154 156 157 159 161 164 166 168 169 171 173 176 178 180 181 183 185 188 190 192 193 195 197 200 202 204 205 207 209 211 214 216 218 220 222 224 226 228 229 231 233 235 237 239 242 244 246 247 249 251 254 256 258
a 1 4 6 8 10 12 14 17 19 21 23 25 27 30 32 34 36 38 40 43 45 47 49 51 54 55 58 60 62 64 66 69 71 73 75 77 80 82 84 85 87 89 92 94 96 97 99 101 104 106 108 109 111 113 116 118 120 121 123 125 128 130 132 133 135 137 140 142 144 145 147 149 152 154 156 157 159 161 164 166 168 169 171 173 176 178 180 181 183 185 188 190 192 193 195 197 200 202 204 205 207 209 211 213 216 218 220 222 224 226 228 229 231 233 235 237 239 242 244 246 247 249 251 254 256 258
a 1 4 6 8 10 12 14 17 19 21 23 25 27 30 32 34 36 38 40 43 45 47 49 51 54 55 58 60 62 64 66 69 71 73 75 77 80 82 84 85 87 89 92 94 96 97 99 101 104 106 108 109 111 113 116 118 120 121 123 125 128 130 132 133 135 137 140 142 144 145 147 149 152 154 156 157 159 161 164 166 168 169 171 173 176 178 180 181 183 185 188 190 192 193 195 197 200 202 204 205 207 209 211 213 215 218 220 222 224 226 228 229 231 233 235 237 239 242 244 246 247 249 251 254 256 258
a 1 4 6 8 10 12 14 17 19 21 23 25 27 30 32 34 36 38 40 43 45 47 49 51 54 55 58 60 62 64 66 69 71 73 75 77 80 82 84 85 87 89 92 94 96 97 99 101 104 106 108 109 111 113 116 118 120 121 123 125 128 130 132 133 135 137 140 142 144 145 147 149 152 154 156 157 159 161 164 166 168 169 171 173 176 178 180 182 183 185 188 190 192 193 195 197 200 202 204 205 207 209 211 213 215 218 220 222 224 226 228 229 231 233 235 237 239 242 244 246 247 249 251 254 256 258
a 1 4 6 8 10 12 14 17 19 21 23 25 27 30 32 34 36 38 40 43 45 47 49 51 54 55 58 60 62 64 66 69 71 73 75 77 80 82 84 85 87 89 92 94 96 97 99 101 104 106 108 109 111 113 116 118 120 121 123 125 128 130 132 133 135 137 140 142 144 145 147 149 152 154 156 157 159 161 164 166 168 169 171 173 176 178 180 182 184 185 188 190 192 193 195 197 200 202 204 205 207 209 211 213 215 218 220 222 224 226 228 229 231 233 235 237 239 242 244 246 247 249 251 254 256 258
a 1 4 6 8 10 12 14 17 19 21 23 25 27 30 32 34 36 38 40 43 45 47 49 51 54 55 58 60 62 64 66 69 71 73 75 77 80 82 84 85 87 89 92 94 96 97 99 101 104 106 108 109 111 113 116 118 120 121 123 125 128 130 132 133 135 137 140 142 144 145 147 149 152 154 156 157 159 161 164 166 168 169 171 173 176 178 180 182 184 186 188 190 192 193 195 197 200 202 204 205 207 209 211 213 215 218 220 222 224 226 228 229 231 233 235 237 239 242 244 246 247 249 251 254 256 258
a 1 4 6 8 10 12 14 17 19 21 23 25 27 30 32 34 36 38 40 43 45 47 49 51 54 55 58 60 62 64 66 69 71 73 75 77 80 82 84 85 87 89 92 94 96 97 99 101 104 106 108 109 111 113 116 118 120 121 123 125 128 130 132 133 135 137 140 142 144 145 147 149 152 154 156 157 159 161 164 166 168 169 171 173 175 178 180 182 184 186 188 190 192 193 195 197 200 202 204 205 207 209 211 213 215 218 220 222 224 226 228 229 231 233 235 237 239 242 244 246 247 249 251 254 256 258
a 1 4 6 8 10 12 14 17 19 21 23 25 27 30 32 34 36 38 40 43 45 47 49 51 54 55 58 60 62 64 66 69 71 73 75 77 80 82 84 85 87 89 92 94 96 97 99 101 104 106 108 109 111 113 116 118 120 121 123 125 128 130 132 133 135 137 140 142 144 145 147 149 152 154 156 157 159 161 164 166 168 169 171 173 175 177 180 182 184 186 188 190 192 193 195 197 200 202 204 205 207 209 211 213 215 218 220 222 224 226 228 229 231 233 235 237 239 242 244 246 247 249 251 254 256 258
a 1 4 6 8 10 12 14 17 19 21 23 25 27 30 32 34 36 38 40 43 45 47 49 51 54 55 58 60 62 64 66 69 71 73 75 77 80 82 84 85 87 89 92 94 96 97 99 101 104 106 108 109 111 113 116 118 120 121 123 125 128 130 132 133 135 137 140 142 144 145 147 149 152 154 156 157 159 161 164 166 168 169 171 173 175 177 179 182 184 186 188 190 192 193 195 197 200 202 204 205 207 209 211 213 215 218 220 222 224 226 228 229 231 233 235 237 239 242 244 246 247 249 251 254 256 258
a 1 4 6 8 10 12 14 17 19 21 23 25 27 30 32 34 36 38 40 43 45 47 49 51 54 55 58 60 62 64 66 69 71 73 75 77 80 82 84 85 87 89 92 94 96 97 99 101 104 106 108 109 111 113 116 118 120 121 123 125 128 130 132 134 135 137 140 142 144 145 147 149 152 154 156 157 159 161 164 166 168 169 171 173 175 177 179 182 184 186 188 190 192 193 195 197 200 202 204 205 207 209 211 213 215 218 220 222 224 226 228 229 231 233 235 237 239 242 244 246 247 249 251 254 256 258
a 1 4 6 8 10 12 14 17 19 21 23 25 27 30 32 34 36 38 40 43 45 47 49 51 54 55 58 60 62 64 66 69 71 73 75 77 80 82 84 85 87 89 92 94 96 97 99 101 104 106 108 109 111 113 116 118 120 121 123 125 128 130 132 134 136 137 140 142 144 145 147 149 152 154 156 157 159 161 164 166 168 169 171 173 175 177 179 182 184 186 188 190 192 193 195 197 200 202 204 205 207 209 211 213 215 218 220 222 224 226 228 229 231 233 235 237 239 242 244 246 247 249 251 254 256 258
a 1 4 6 8 10 12 14 17 19 21 23 25 27 30 32 34 36 38 40 43 45 47 49 51 54 55 58 60 62 64 66 69 71 73 75 77 80 82 84 85 87 89 92 94 96 97 99 101 104 106 108 109 111 113 116 118 120 121 123 125 128 130 132 134 136 138 140 142 144 145 147 149 152 154 156 157 159 161 164 166 168 169 171 173 175 177 179 182 184 186 188 190 192 193 195 197 200 202 204 205 207 209 211 213 215 218 220 222 224 226 228 229 231 233 235 237 239 242 244 246 247 249 251 254 256 258
a 1 4 6 8 10 12 14 17 19 21 23 25 27 30 32 34 36 38 40 43 45 47 49 51 54 55 58 60 62 64 66 69 71 73 75 77 80 82 84 85 87 89 92 94 96 97 99 101 104 106 108 109 111 113 116 118 120 121 123 125 127 130 132 134 136 138 140 142 144 145 147 149 152 154 156 157 159 161 164 166 168 169 171 173 175 177 179 182 184 186 188 190 192 193 195 197 200 202 204 205 207 209 211 213 215 218 220 222 224 226 228 229 231 233 235 237 239 242 244 246 247 249 251 254 256 258
a 1 4 6 8 10 12 14 17 19 21 23 25 27 30 32 34 36 38 40 43 45 47 49 51 54 55 58 60 62 64 66 69 71 73 75 77 80 82 84 85 87 89 92 94 96 97 99 101 104 106 108 109 111 113 116 118 120 121 123 125 127 129 132 134 136 138 140 142 144 145 147 149 152 154 156 157 159 161 164 166 168 169 171 173 175 177 179 182 184 186 188 190 192 193 195 197 200 202 204 205 207 209 211 213 215 218 220 222 224 226 228 229 231 233 235 237 239 242 244 246 247 249 251 254 256 258
a 1 4 6 8 10 12 14 17 19 21 23 25 27 30 32 34 36 38 40 43 45 47 49 51 54 55 58 60 62 64 66 69 71 73 75 77 80 82 84 85 87 89 92 94 96 97 99 101 104 106 108 109 111 113 116 118 120 121 123 125 127 129 131 134 136 138 140 142 144 145 147 149 152 154 156 157 159 161 164 166 168 169 171 173 175 177 179 182 184 186 188 190 192 193 195 197 200 202 204 205 207 209 211 213 215 218 220 222 224 226 228 229 231 233 235 237 239 242 244 246 247 249 251 254 256 258
a 1 4 6 8 10 12 14 17 19 21 23 25 27 30 32 34 36 38 40 43 45 47 49 51 54 55 58 60 62 64 66 69 72 73 75 77 80 82 84 85 87 89 92 94 96 97 99 101 104 106 108 109 111 113 116 118 120 121 123 125 127 129 131 134 136 138 140 142 144 145 147 149 152 154 156 157 159 161 164 166 168 169 171 173 175 177 179 182 184 186 188 190 192 193 195 197 200 202 204 205 207 209 211 213 215 218 220 222 224 226 228 229 231 233 235 237 239 242 244 246 247 249 251 254 256 258
a 1 4 6 8 10 12 14 17 19 21 23 25 27 30 32 34 36 38 40 43 45 47 49 51 54 55 58 60 62 64 66 70 72 73 75 77 80 82 84 85 87 89 92 94 96 97 99 101 104 106 108 109 111 113 116 118 120 121 123 125 127 129 131 134 136 138 140 142 144 145 147 149 152 154 156 157 159 161 164 166 168 169 171 173 175 177 179 182 184 186 188 190 192 193 195 197 200 202 204 205 207 209 211 213 215 218 220 222 224 226 228 229 231 233 235 237 239 242 244 246 247 249 251 254 256 258
a 1 4 6 8 10 12 14 17 19 21 23 25 27 30 32 34 36 38 40 43 45 47 49 51 54 55 58 60 62 64 67 70 72 73 75 77 80 82 84 85 87 89 92 94 96 97 99 101 104 106 108 109 111 113 116 118 120 121 123 125 127 129 131 134 136 138 140 142 144 145 147 149 152 154 156 157 159 161 164 166 168 169 171 173 175 177 179 182 184 186 188 190 192 193 195 197 200 202 204 205 207 209 211 213 215 218 220 222 224 226 228 229 231 233 235 237 239 242 244 246 247 249 251 254 256 258
a 1 4 6 8 10 12 14 17 19 21 23 25 27 30 32 34 36 38 40 43 45 47 49 51 54 55 58 60 62 64 67 68 72 73 75 77 80 82 84 85 87 89 92 94 96 97 99 101 104 106 108 109 111 113 116 118 120 121 123 125 127 129 131 134 136 138 140 142 144 145 147 149 152 154 156 157 159 161 164 166 168 169 171 173 175 177 179 182 184 186 188 190 192 193 195 197 200 202 204 205 207 209 211 213 215 218 220 222 224 226 228 229 231 233 235 237 239 242 244 246 247 249 251 254 256 258
a 1 4 6 8 10 12 14 17 19 21 23 25 27 30 32 34 36 38 40 43 45 47 49 51 54 55 58 60 62 64 67 68 71 73 75 77 80 82 84 85 87 89 92 94 96 97 99 101 104 106 108 109 111 113 116 118 120 121 123 125 127 129 131 134 136 138 140 142 144 145 147 149 152 154 156 157 159 161 164 166 168 169 171 173 175 177 179 182 184 186 188 190 192 193 195 197 200 202 204 205 207 209 211 213 215 218 220 222 224 226 228 229 231 233 235 237 239 242 244 246 247 249 251 254 256 258
a 1 4 6 8 10 12 14 17 19 21 23 25 27 30 32 34 36 38 40 43 45 47 49 51 54 55 58 60 62 64 67 68 71 73 75 77 80 82 84 85 87 89 92 94 96 97 99 101 104 106 108 109 111 113 116 118 120 121 123 125 127 129 131 134 136 138 140 142 144 145 147 149 152 154 156 157 159 161 164 166 168 169 171 173 175 177 179 182 184 186 188 190 192 193 195 197 200 202 204 205 207 209 211 213 215 218 220 222 224 226 228 229 231 233 235 237 239 242 244 246 247 249 251 254 256 257
a 1 4 6 8 10 12 14 17 19 21 23 25 27 30 32 34 36 38 40 43 45 47 49 51 54 55 58 60 62 64 67 68 71 73 75 77 80 82 84 85 87 89 92 94 96 97 99 101 104 106 108 109 111 113 116 118 120 121 123 125 127 129 131 134 136 138 140 142 144 145 147 149 152 154 156 157 159 161 164 166 168 169 171 173 175 177 179 182 184 186 188 190 192 193 195 197 200 202 204 205 207 209 211 213 215 218 220 222 224 226 228 229 231 233 235 237 239 242 244 246 247 249 251 254 255 257
a 1 4 6 8 10 12 14 17 19 21 23 25 27 30 32 34 36 38 40 43 45 47 49 51 54 55 58 60 62 64 67 68 71 73 75 77 80 82 84 85 87 89 92 94 96 97 99 101 104 106 108 109 111 113 116 118 120 121 123 125 127 129 131 134 136 138 140 142 144 145 147 149 152 154 156 157 159 161 164 166 168 169 171 173 175 177 179 182 184 186 188 190 192 193 195 197 200 202 204 205 207 209 211 213 215 218 220 222 224 226 228 229 231 233 235 237 239 242 244 246 247 249 251 253 255 257
a 1 4 6 8 10 12 14 17 19 21 23 25 27 30 32 34 36 38 40 43 45 47 49 51 54 55 58 60 62 64 67 68 71 73 75 77 80 82 84 85 87 89 92 94 96 97 99 101 104 106 108 109 111 113 116 118 120 121 123 125 127 129 131 134 136 138 140 142 144 145 147 149 152 154 156 157 159 161 164 166 168 169 171 173 175 177 179 182 184 186 188 190 192 193 195 197 200 202 204 205 207 209 211 213 215 218 220 222 224 226 228 229 231 233 235 237 239 242 244 246 247 249 252 253 255 257
a 1 4 6 8 10 12 14 17 19 21 23 25 27 30 32 34 36 38 40 43 45 47 49 51 54 55 58 60 62 64 67 68 71 73 75 77 80 82 84 85 87 89 92 94 96 97 99 101 104 106 108 109 111 113 116 118 120 121 123 125 127 129 131 134 136 138 140 142 144 145 147 149 152 154 156 157 159 161 164 166 168 169 171 173 175 177 179 182 184 186 188 190 192 193 195 197 200 202 204 205 207 209 211 213 215 218 220 222 224 226 228 229 231 233 235 237 239 242 244 246 247 250 252 253 255 257
a 1 4 6 8 10 12 14 17 19 21 23 25 27 30 32 34 36 38 40 43 45 47 49 51 54 55 58 60 62 64 67 68 71 73 75 77 80 82 84 85 87 89 92 94 96 97 99 101 104 106 108 109 111 113 116 118 120 121 123 125 127 129 131 134 136 138 140 142 144 145 147 149 152 154 156 157 159 161 164 166 168 169 171 173 175 177 179 182 184 186 188 190 192 193 195 197 200 202 204 205 207 209 211 213 215 218 220 222 224 226 228 229 231 233 235 237 239 242 244 246 248 250 252 253 255 257
a 1 4 6 8 10 12 14 17 19 21 23 25 27 30 32 34 36 38 40 43 45 47 49 51 54 55 58 60 62 64 67 68 71 73 75 77 80 82 84 85 87 89 92 94 96 97 99 101 104 106 108 109 111 113 116 118 120 121 123 125 127 129 131 134 136 138 140 142 144 145 147 149 152 154 156 157 159 161 164 166 168 169 171 173 175 177 179 182 184 186 188 190 192 193 195 197 200 202 204 205 207 209 211 213 215 218 220 222 224 226 228 229 231 233 235 237 239 242 244 245 248 250 252 253 255 257
a 1 4 6 8 10 12 14 17 19 21 23 25 27 30 32 34 36 38 40 43 45 47 49 51 54 55 58 60 62 64 67 68 71 73 75 77 80 82 84 85 87 89 92 94 96 97 99 101 104 106 108 109 111 113 116 118 120 121 123 125 127 129 131 134 136 138 140 142 144 145 147 149 152 154 156 157 159 161 164 166 168 169 171 173 175 177 179 182 184 186 188 190 192 193 195 197 200 202 204 205 207 209 211 213 215 218 220 222 224 226 228 229 231 233 235 237 239 242 243 245 248 250 252 253 255 257
a 1 4 6 8 10 12 14 17 19 21 23 25 27 30 32 34 36 38 40 43 45 47 49 51 54 55 58 60 62 64 67 68 71 73 75 77 80 82 84 85 87 89 92 94 96 97 99 101 104 106 108 109 111 113 116 118 120 121 123 125 127 129 131 134 136 138 140 142 144 145 147 149 152 154 156 157 159 161 164 166 168 169 171 173 175 177 179 182 184 186 188 190 192 193 195 197 200 202 204 205 207 209 211 213 215 218 220 222 224 226 228 229 231 233 235 237 239 241 243 245 248 250 252 253 255 257
a 1 4 6 8 10 12 14 17 19 21 23 25 27 30 32 34 36 38 40 43 45 47 49 51 54 55 58 60 62 64 67 68 71 73 75 77 80 82 84 85 87 89 92 94 96 97 99 101 104 106 108 109 111 113 116 118 120 121 123 125 127 129 131 134 136 138 140 142 144 145 147 149 152 154 156 157 159 161 164 166 168 169 171 173 175 177 179 182 184 186 188 190 192 193 195 197 200 202 204 205 207 209 211 213 215 218 220 222 224 226 228 229 231 233 235 237 240 241 243 245 248 250 252 253 255 257
a 1 4 6 8 10 12 14 17 19 21 23 25 27 30 32 34 36 38 40 43 45 47 49 51 54 55 58 60 62 64 67 68 71 73 75 77 80 82 84 85 87 89 92 94 96 97 99 101 104 106 108 109 111 113 116 118 120 121 123 125 127 129 131 134 136 138 140 142 144 145 147 149 152 154 156 157 159 161 164 166 168 169 171 173 175 177 179 182 184 186 188 190 192 193 195 197 200 202 204 205 207 209 211 213 215 218 220 222 224 226 228 229 231 233 235 238 240 241 243 245 248 250 252 253 255 257
a 1 4 6 8 10 12 14 17 19 21 23 25 27 30 32 34 36 38 40 43 45 47 49 51 54 55 58 60 62 64 67 68 71 73 75 77 80 82 84 85 87 89 92 94 96 97 99 101 104 106 108 109 111 113 116 118 120 121 123 125 127 129 131 134 136 138 140 142 144 145 147 149 152 154 156 157 159 161 164 166 168 169 171 173 175 177 179 182 184 186 188 190 192 193 195 197 200 202 204 205 207 209 211 213 215 218 220 222 224 226 228 229 231 233 236 238 240 241 243 245 248 250 252 253 255 257
a 1 4 6 8 10 12 14 17 19 21 23 25 27 30 32 34 36 38 40 43 45 47 49 51 54 55 58 60 62 64 67 68 71 73 75 77 80 82 84 85 87 89 92 94 96 97 99 101 104 106 108 109 111 113 116 118 120 121 123 125 127 129 131 134 136 138 140 142 144 145 147 149 152 154 156 157 159 161 164 166 168 169 171 173 175 177 179 182 184 186 188 190 192 193 195 197 200 202 204 205 207 209 211 213 215 218 220 221 224 226 228 229 231 233 236 238 240 241 243 245 248 250 252 253 255 257
a 1 4 6 8 10 12 14 17 19 21 23 25 27 30 32 34 36 38 40 43 45 47 49 51 54 55 58 60 62 64 67 68 71 73 75 77 80 82 84 85 87 89 92 94 96 97 99 101 104 106 108 109 111 113 116 118 120 121 123 125 127 129 131 134 136 138 140 142 144 145 147 149 152 154 156 157 159 161 164 166 168 169 171 173 175 177 179 182 184 186 188 190 192 193 195 197 200 202 204 205 207 209 211 213 215 218 219 221 224 226 228 229 231 233 236 238 240 241 243 245 248 250 252 253 255 257
a 1 4 6 8 10 12 14 17 19 21 23 25 27 30 32 34 36 38 40 43 45 47 49 51 54 55 58 60 62 64 67 68 71 73 75 77 80 82 84 85 87 89 92 94 96 97 99 101 104 106 108 109 111 113 116 118 120 121 123 125 127 129 131 134 136 138 140 142 144 145 147 149 152 154 156 157 159 161 164 166 168 169 171 173 175 177 179 182 184 186 188 190 192 193 195 197 200 202 204 205 207 209 211 213 215 217 219 221 224 226 228 229 231 233 236 238 240 241 243 245 248 250 252 253 255 257
a 1 4 6 8 10 12 14 17 19 21 23 25 27 30 32 34 36 38 40 43 45 47 49 51 54 55 58 60 62 64 67 68 71 73 75 77 80 82 84 85 87 89 92 94 96 97 99 101 104 106 108 109 111 113 116 118 120 121 123 125 127 129 131 134 136 138 140 142 144 145 147 149 152 154 156 157 159 161 164 166 168 169 171 173 175 177 179 182 184 186 188 190 192 193 195 197 200 202 204 205 207 209 211 213 216 217 219 221 224 226 228 229 231 233 236 238 240 241 243 245 248 250 252 253 255 257
a 1 4 6 8 10 12 14 17 19 21 23 25 27 30 32 34 36 38 40 43 45 47 49 51 54 55 58 60 62 64 67 68 71 73 75 77 80 82 84 85 87 89 92 94 96 97 99 101 104 106 108 109 111 113 116 118 120 121 123 125 127 129 131 134 136 138 140 142 144 145 147 149 152 154 156 157 159 161 164 166 168 169 171 173 175 177 179 182 184 186 188 190 192 193 195 197 200 202 204 205 207 209 211 214 216 217 219 221 224 226 228 229 231 233 236 238 240 241 243 245 248 250 252 253 255 257
a 1 4 6 8 10 12 14 17 19 21 23 25 27 30 32 34 36 38 40 43 45 47 49 51 54 55 58 60 62 64 67 68 71 73 75 77 80 82 84 85 87 89 92 94 96 97 99 101 104 106 108 109 111 113 116 118 120 121 123 125 127 129 131 134 136 138 140 142 144 145 147 149 152 154 156 157 159 161 164 166 168 169 171 173 175 177 179 182 184 186 188 190 192 193 195 197 200 202 204 205 207 209 212 214 216 217 219 221 224 226 228 229 231 233 236 238 240 241 243 245 248 250 252 253 255 257
a 1 4 7 8 10 12 14 17 19 21 23 25 27 30 32 34 36 38 40 43 45 47 49 51 54 55 58 60 62 64 67 68 71 73 75 77 80 82 84 85 87 89 92 94 96 97 99 101 104 106 108 109 111 113 116 118 120 121 123 125 127 129 131 134 136 138 140 142 144 145 147 149 152 154 156 157 159 161 164 166 168 169 171 173 175 177 179 182 184 186 188 190 192 193 195 197 200 202 204 205 207 209 212 214 216 217 219 221 224 226 228 229 231 233 236 238 240 241 243 245 248 250 252 253 255 257
a 1 5 7 8 10 12 14 17 19 21 23 25 27 30 32 34 36 38 40 43 45 47 49 51 54 55 58 60 62 64 67 68 71 73 75 77 80 82 84 85 87 89 92 94 96 97 99 101 104 106 108 109 111 113 116 118 120 121 123 125 127 129 131 134 136 138 140 142 144 145 147 149 152 154 156 157 159 161 164 166 168 169 171 173 175 177 179 182 184 186 188 190 192 193 195 197 200 202 204 205 207 209 212 214 216 217 219 221 224 226 228 229 231 233 236 238 240 241 243 245 248 250 252 253 255 257
a 2 5 7 8 10 12 14 17 19 21 23 25 27 30 32 34 36 38 40 43 45 47 49 51 54 55 58 60 62 64 67 68 71 73 75 77 80 82 84 85 87 89 92 94 96 97 99 101 104 106 108 109 111 113 116 118 120 121 123 125 127 129 131 134 136 138 140 142 144 145 147 149 152 154 156 157 159 161 164 166 168 169 171 173 175 177 179 182 184 186 188 190 192 193 195 197 200 202 204 205 207 209 212 214 216 217 219 221 224 226 228 229 231 233 236 238 240 241 243 245 248 250 252 253 255 257
a 2 5 7 8 10 12 14 17 19 21 23 25 27 30 32 34 36 38 40 43 45 47 49 51 54 55 58 60 62 64 67 68 71 73 75 77 80 82 84 86 87 89 92 94 96 97 99 101 104 106 108 109 111 113 116 118 120 121 123 125 127 129 131 134 136 138 140 142 144 145 147 149 152 154 156 157 159 161 164 166 168 169 171 173 175 177 179 182 184 186 188 190 192 193 195 197 200 202 204 205 207 209 212 214 216 217 219 221 224 226 228 229 231 233 236 238 240 241 243 245 248 250 252 253 255 257
a 2 5 7 8 10 12 14 17 19 21 23 25 27 30 32 34 36 38 40 43 45 47 49 51 54 55 58 60 62 64 67 68 71 73 75 77 80 82 84 86 88 89 92 94 96 97 99 101 104 106 108 109 111 113 116 118 120 121 123 125 127 129 131 134 136 138 140 142 144 145 147 149 152 154 156 157 159 161 164 166 168 169 171 173 175 177 179 182 184 186 188 190 192 193 195 197 200 202 204 205 207 209 212 214 216 217 219 221 224 226 228 229 231 233 236 238 240 241 243 245 248 250 252 253 255 257
a 2 5 7 8 10 12 14 17 19 21 23 25 27 30 32 34 36 38 40 43 45 47 49 51 54 55 58 60 62 64 67 68 71 73 75 77 80 82 84 86 88 90 92 94 96 97 99 101 104 106 108 109 111 113 116 118 120 121 123 125 127 129 131 134 136 138 140 142 144 145 147 149 152 154 156 157 159 161 164 166 168 169 171 173 175 177 179 182 184 186 188 190 192 193 195 197 200 202 204 205 207 209 212 214 216 217 219 221 224 226 228 229 231 233 236 238 240 241 243 245 248 250 252 253 255 257
a 2 3 7 8 10 12 14 17 19 21 23 25 27 30 32 34 36 38 40 43 45 47 49 51 54 55 58 60 62 64 67 68 71 73 75 77 80 82 84 86 88 90 92 94 96 97 99 101 104 106 108 109 111 113 116 118 120 121 123 125 127 129 131 134 136 138 140 142 144 145 147 149 152 154 156 157 159 161 164 166 168 169 171 173 175 177 179 182 184 186 188 190 192 193 195 197 200 202 204 205 207 209 212 214 216 217 219 221 224 226 228 229 231 233 236 238 240 241 243 245 248 250 252 253 255 257
a 2 3 6 8 10 12 14 17 19 21 23 25 27 30 32 34 36 38 40 43 45 47 49 51 54 55 58 60 62 64 67 68 71 73 75 77 80 82 84 86 88 90 92 94 96 97 99 101 104 106 108 109 111 113 116 118 120 121 123 125 127 129 131 134 136 138 140 142 144 145 147 149 152 154 156 157 159 161 164 166 168 169 171 173 175 177 179 182 184 186 188 190 192 193 195 197 200 202 204 205 207 209 212 214 216 217 219 221 224 226 228 229 231 233 236 238 240 241 243 245 248 250 252 253 255 257
a 2 3 6 8 10 12 14 17 19 21 23 25 27 30 32 34 36 38 40 43 45 47 49 51 54 55 58 60 62 64 67 68 71 73 75 77 79 82 84 86 88 90 92 94 96 97 99 101 104 106 108 109 111 113 116 118 120 121 123 125 127 129 131 134 136 138 140 142 144 145 147 149 152 154 156 157 159 161 164 166 168 169 171 173 175 177 179 182 184 186 188 190 192 193 195 197 200 202 204 205 207 209 212 214 216 217 219 221 224 226 228 229 231 233 236 238 240 241 243 245 248 250 252 253 255 257
a 2 3 6 8 10 12 14 17 19 21 23 25 27 30 32 34 36 38 40 43 45 47 49 51 54 55 58 60 62 64 67 68 71 73 75 77 79 81 84 86 88 90 92 94 96 97 99 101 104 106 108 109 111 113 116 118 120 121 123 125 127 129 131 134 136 138 140 142 144 145 147 149 152 154 156 157 159 161 164 166 168 169 171 173 175 177 179 182 184 186 188 190 192 193 195 197 200 202 204 205 207 209 212 214 216 217 219 221 224 226 228 229 231 233 236 238 240 241 243 245 248 250 252 253 255 257
a 2 3 6 8 10 12 14 17 19 21 23 25 27 30 32 34 36 38 40 43 45 47 49 51 54 55 58 60 62 64 67 68 71 73 75 77 79 81 83 86 88 90 92 94 96 97 99 101 104 106 108 109 111 113 116 118 120 121 123 125 127 129 131 134 136 138 140 142 144 145 147 149 152 154 156 157 159 161 164 166 168 169 171 173 175 177 179 182 184 186 188 190 192 193 195 197 200 202 204 205 207 209 212 214 216 217 219 221 224 226 228 229 231 233 236 238 240 241 243 245 248 250 252 253 255 257
a 2 3 6 8 10 12 14 17 20 21 23 25 27 30 32 34 36 38 40 43 45 47 49 51 54 55 58 60 62 64 67 68 71 73 75 77 79 81 83 86 88 90 92 94 96 97 99 101 104 106 108 109 111 113 116 118 120 121 123 125 127 129 131 134 136 138 140 142 144 145 147 149 152 154 156 157 159 161 164 166 168 169 171 173 175 177 179 182 184 186 188 190 192 193 195 197 200 202 204 205 207 209 212 214 216 217 219 221 224 226 228 229 231 233 236 238 240 241 243 245 248 250 252 253 255 257
a 2 3 6 8 10 12 14 18 20 21 23 25 27 30 32 34 36 38 40 43 45 47 49 51 54 55 58 60 62 64 67 68 71 73 75 77 79 81 83 86 88 90 92 94 96 97 99 101 104 106 108 109 111 113 116 118 120 121 123 125 127 129 131 134 136 138 140 142 144 145 147 149 152 154 156 157 159 161 164 166 168 169 171 173 175 177 179 182 184 186 188 190 192 193 195 197 200 202 204 205 207 209 212 214 216 217 219 221 224 226 228 229 231 233 236 238 240 241 243 245 248 250 252 253 255 257
a 2 3 6 8 10 12 15 18 20 21 23 25 27 30 32 34 36 38 40 43 45 47 49 51 54 55 58 60 62 64 67 68 71 73 75 77 79 81 83 86 88 90 92 94 96 97 99 101 104 106 108 109 111 113 116 118 120 121 123 125 127 129 131 134 136 138 140 142 144 145 147 149 152 154 156 157 159 161 164 166 168 169 171 173 175 177 179 182 184 186 188 190 192 193 195 197 200 202 204 205 207 209 212 214 216 217 219 221 224 226 228 229 231 233 236 238 240 241 243 245 248 250 252 253 255 257
a 2 3 6 8 10 12 15 16 20 21 23 25 27 30 32 34 36 38 40 43 45 47 49 51 54 55 58 60 62 64 67 68 71 73 75 77 79 81 83 86 88 90 92 94 96 97 99 101 104 106 108 109 111 113 116 118 120 121 123 125 127 129 131 134 136 138 140 142 144 145 147 149 152 154 156 157 159 161 164 166 168 169 171 173 175 177 179 182 184 186 188 190 192 193 195 197 200 202 204 205 207 209 212 214 216 217 219 221 224 226 228 229 231 233 236 238 240 241 243 245 248 250 252 253 255 257
a 2 3 6 8 10 12 15 16 19 21 23 25 27 30 32 34 36 38 40 43 45 47 49 51 54 55 58 60 62 64 67 68 71 73 75 77 79 81 83 86 88 90 92 94 96 97 99 101 104 106 108 109 111 113 116 118 120 121 123 125 127 129 131 134 136 138 140 142 144 145 147 149 152 154 156 157 159 161 164 166 168 169 171 173 175 177 179 182 184 186 188 190 192 193 195 197 200 202 204 205 207 209 212 214 216 217 219 221 224 226 228 229 231 233 236 238 240 241 243 245 248 250 252 253 255 257
a 2 3 6 8 10 12 15 16 19 21 23 25 27 30 32 34 36 38 40 43 45 47 49 51 54 55 58 60 62 64 67 68 71 73 75 77 79 81 83 86 88 89 92 94 96 97 99 101 104 106 108 109 111 113 116 118 120 121 123 125 127 129 131 134 136 138 140 142 144 145 147 149 152 154 156 157 159 161 164 166 168 169 171 173 175 177 179 182 184 186 188 190 192 193 195 197 200 202 204 205 207 209 212 214 216 217 219 221 224 226 228 229 231 233 236 238 240 241 243 245 248 250 252 253 255 257
a 2 3 6 8 10 12 15 16 19 21 23 25 27 30 32 34 36 38 40 43 45 47 49 51 54 55 58 60 62 64 67 68 71 73 75 77 79 81 83 86 87 89 92 94 96 97 99 101 104 106 108 109 111 113 116 118 120 121 123 125 127 129 131 134 136 138 140 142 144 145 147 149 152 154 156 157 159 161 164 166 168 169 171 173 175 177 179 182 184 186 188 190 192 193 195 197 200 202 204 205 207 209 212 214 216 217 219 221 224 226 228 229 231 233 236 238 240 241 243 245 248 250 252 253 255 257
a 2 3 6 8 10 12 15 16 19 21 23 25 27 30 32 34 36 38 40 43 45 47 49 51 54 55 58 60 62 64 67 68 71 73 75 77 79 81 83 85 87 89 92 94 96 97 99 101 104 106 108 109 111 113 116 118 120 121 123 125 127 129 131 134 136 138 140 142 144 145 147 149 152 154 156 157 159 161 164 166 168 169 171 173 175 177 179 182 184 186 188 190 192 193 195 197 200 202 204 205 207 209 212 214 216 217 219 221 224 226 228 229 231 233 236 238 240 241 243 245 248 250 252 253 255 257
a 2 3 6 8 10 12 15 16 19 21 23 25 27 30 32 34 36 38 40 43 45 47 49 51 54 55 58 60 62 64 67 68 71 73 75 77 79 81 84 85 87 89 92 94 96 97 99 101 104 106 108 109 111 113 116 118 120 121 123 125 127 129 131 134 136 138 140 142 144 145 147 149 152 154 156 157 159 161 164 166 168 169 171 173 175 177 179 182 184 186 188 190 192 193 195 197 200 202 204 205 207 209 212 214 216 217 219 221 224 226 228 229 231 233 236 238 240 241 243 245 248 250 252 253 255 257
a 2 3 6 8 10 12 15 16 19 21 23 25 27 30 32 34 36 38 40 43 45 47 49 51 54 55 58 60 62 64 67 68 71 73 75 77 79 82 84 85 87 89 92 94 96 97 99 101 104 106 108 109 111 113 116 118 120 121 123 125 127 129 131 134 136 138 140 142 144 145 147 149 152 154 156 157 159 161 164 166 168 169 171 173 175 177 179 182 184 186 188 190 192 193 195 197 200 202 204 205 207 209 212 214 216 217 219 221 224 226 228 229 231 233 236 238 240 241 243 245 248 250 252 253 255 257
a 2 3 6 8 10 12 15 16 19 21 23 25 27 30 32 34 36 38 40 43 45 47 49 51 54 55 58 60 62 64 67 68 71 73 75 77 80 82 84 85 87 89 92 94 96 97 99 101 104 106 108 109 111 113 116 118 120 121 123 125 127 129 131 134 136 138 140 142 144 145 147 149 152 154 156 157 159 161 164 166 168 169 171 173 175 177 179 182 184 186 188 190 192 193 195 197 200 202 204 205 207 209 212 214 216 217 219 221 224 226 228 229 231 233 236 238 240 241 243 245 248 250 252 253 255 257
a 2 3 7 8 10 12 15 16 19 21 23 25 27 30 32 34 36 38 40 43 45 47 49 51 54 55 58 60 62 64 67 68 71 73 75 77 80 82 84 85 87 89 92 94 96 97 99 101 104 106 108 109 111 113 116 118 120 121 123 125 127 129 131 134 136 138 140 142 144 145 147 149 152 154 156 157 159 161 164 166 168 169 171 173 175 177 179 182 184 186 188 190 192 193 195 197 200 202 204 205 207 209 212 214 216 217 219 221 224 226 228 229 231 233 236 238 240 241 243 245 248 250 252 253 255 257
a 2 5 7 8 10 12 15 16 19 21 23 25 27 30 32 34 36 38 40 43 45 47 49 51 54 55 58 60 62 64 67 68 71 73 75 77 80 82 84 85 87 89 92 94 96 97 99 101 104 106 108 109 111 113 116 118 120 121 123 125 127 129 131 134 136 138 140 142 144 145 147 149 152 154 156 157 159 161 164 166 168 169 171 173 175 177 179 182 184 186 188 190 192 193 195 197 200 202 204 205 207 209 212 214 216 217 219 221 224 226 228 229 231 233 236 238 240 241 243 245 248 250 252 253 255 257
a 1 5 7 8 10 12 15 16 19 21 23 25 27 30 32 34 36 38 40 43 45 47 49 51 54 55 58 60 62 64 67 68 71 73 75 77 80 82 84 85 87 89 92 94 96 97 99 101 104 106 108 109 111 113 116 118 120 121 123 125 127 129 131 134 136 138 140 142 144 145 147 149 152 154 156 157 159 161 164 166 168 169 171 173 175 177 179 182 184 186 188 190 192 193 195 197 200 202 204 205 207 209 212 214 216 217 219 221 224 226 228 229 231 233 236 238 240 241 243 245 248 250 252 253 255 257
a 1 5 7 8 10 12 15 16 19 21 23 25 27 30 32 34 36 38 40 43 45 47 49 51 54 55 58 60 62 64 67 68 71 73 75 77 80 82 84 85 87 89 92 94 96 97 99 101 104 106 108 109 111 113 116 118 120 121 123 125 127 129 131 134 136 138 140 142 144 146 147 149 152 154 156 157 159 161 164 166 168 169 171 173 175 177 179 182 184 186 188 190 192 193 195 197 200 202 204 205 207 209 212 214 216 217 219 221 224 226 228 229 231 233 236 238 240 241 243 245 248 250 252 253 255 257
a 1 5 7 8 10 12 15 16 19 21 23 25 27 30 32 34 36 38 40 43 45 47 49 51 54 55 58 60 62 64 67 68 71 73 75 77 80 82 84 85 87 89 92 94 96 97 99 101 104 106 108 109 111 113 116 118 120 121 123 125 127 129 131 134 136 138 140 142 144 146 148 149 152 154 156 157 159 161 164 166 168 169 171 173 175 177 179 182 184 186 188 190 192 193 195 197 200 202 204 205 207 209 212 214 216 217 219 221 224 226 228 229 231 233 236 238 240 241 243 245 248 250 252 253 255 257
a 1 5 7 8 10 12 15 16 19 21 23 25 27 30 32 34 36 38 40 43 45 47 49 51 54 55 58 60 62 64 67 68 71 73 75 77 80 82 84 85 87 89 92 94 96 97 99 101 104 106 108 109 111 113 116 118 120 121 123 125 127 129 131 134 136 138 140 142 144 146 148 150 152 154 156 157 159 161 164 166 168 169 171 173 175 177 179 182 184 186 188 190 192 193 195 197 200 202 204 205 207 209 212 214 216 217 219 221 224 226 228 229 231 233 236 238 240 241 243 245 248 250 252 253 255 257
a 1 4 7 8 10 12 15 16 19 21 23 25 27 30 32 34 36 38 40 43 45 47 49 51 54 55 58 60 62 64 67 68 71 73 75 77 80 82 84 85 87 89 92 94 96 97 99 101 104 106 108 109 111 113 116 118 120 121 123 125 127 129 131 134 136 138 140 142 144 146 148 150 152 154 156 157 159 161 164 166 168 169 171 173 175 177 179 182 184 186 188 190 192 193 195 197 200 202 204 205 207 209 212 214 216 217 219 221 224 226 228 229 231 233 236 238 240 241 243 245 248 250 252 253 255 257
a 1 4 6 8 10 12 15 16 19 21 23 25 27 30 32 34 36 38 40 43 45 47 49 51 54 55 58 60 62 64 67 68 71 73 75 77 80 82 84 85 87 89 92 94 96 97 99 101 104 106 108 109 111 113 116 118 120 121 123 125 127 129 131 134 136 138 140 142 144 146 148 150 152 154 156 157 159 161 164 166 168 169 171 173 175 177 179 182 184 186 188 190 192 193 195 197 200 202 204 205 207 209 212 214 216 217 219 221 224 226 228 229 231 233 236 238 240 241 243 245 248 250 252 253 255 257
a 1 4 6 8 10 12 15 16 19 21 23 25 27 30 32 34 36 38 40 43 45 47 49 51 54 55 58 60 62 64 67 68 71 73 75 77 80 82 84 85 87 89 92 94 96 97 99 101 104 106 108 109 111 113 116 118 120 121 123 125 127 129 131 134 136 138 139 142 144 146 148 150 152 154 156 157 159 161 164 166 168 169 171 173 175 177 179 182 184 186 188 190 192 193 195 197 200 202 204 205 207 209 212 214 216 217 219 221 224 226 228 229 231 233 236 238 240 241 243 245 248 250 252 253 255 257
a 1 4 6 8 10 12 15 16 19 21 23 25 27 30 32 34 36 38 40 43 45 47 49 51 54 55 58 60 62 64 67 68 71 73 75 77 80 82 84 85 87 89 92 94 96 97 99 101 104 106 108 109 111 113 116 118 120 121 123 125 127 129 131 134 136 138 139 141 144 146 148 150 152 154 156 157 159 161 164 166 168 169 171 173 175 177 179 182 184 186 188 190 192 193 195 197 200 202 204 205 207 209 212 214 216 217 219 221 224 226 228 229 231 233 236 238 240 241 243 245 248 250 252 253 255 257
a 1 4 6 8 10 12 15 16 19 21 23 25 27 30 32 34 36 38 40 43 45 47 49 51 54 55 58 60 62 64 67 68 71 73 75 77 80 82 84 85 87 89 92 94 96 97 99 101 104 106 108 109 111 113 116 118 120 121 123 125 127 129 131 134 136 138 139 141 143 146 148 150 152 154 156 157 159 161 164 166 168 169 171 173 175 177 179 182 184 186 188 190 192 193 195 197 200 202 204 205 207 209 212 214 216 217 219 221 224 226 228 229 231 233 236 238 240 241 243 245 248 250 252 253 255 257
a 1 4 6 8 10 12 15 16 19 21 23 25 27 30 32 34 36 38 40 43 45 47 49 51 54 55 58 60 62 64 67 68 71 73 75 77 80 82 84 85 87 89 92 94 96 98 99 101 104 106 108 109 111 113 116 118 120 121 123 125 127 129 131 134 136 138 139 141 143 146 148 150 152 154 156 157 159 161 164 166 168 169 171 173 175 177 179 182 184 186 188 190 192 193 195 197 200 202 204 205 207 209 212 214 216 217 219 221 224 226 228 229 231 233 236 238 240 241 243 245 248 250 252 253 255 257
a 1 4 6 8 10 12 15 16 19 21 23 25 27 30 32 34 36 38 40 43 45 47 49 51 54 55 58 60 62 64 67 68 71 73 75 77 80 82 84 85 87 89 92 94 96 98 100 101 104 106 108 109 111 113 116 118 120 121 123 125 127 129 131 134 136 138 139 141 143 146 148 150 152 154 156 157 159 161 164 166 168 169 171 173 175 177 179 182 184 186 188 190 192 193 195 197 200 202 204 205 207 209 212 214 216 217 219 221 224 226 228 229 231 233 236 238 240 241 243 245 248 250 252 253 255 257
a 1 4 6 8 10 12 15 16 19 21 23 25 27 30 32 34 36 38 40 43 45 47 49 51 54 55 58 60 62 64 67 68 71 73 75 77 80 82 84 85 87 89 92 94 96 98 100 102 104 106 108 109 111 113 116 118 120 121 123 125 127 129 131 134 136 138 139 141 143 146 148 150 152 154 156 157 159 161 164 166 168 169 171 173 175 177 179 182 184 186 188 190 192 193 195 197 200 202 204 205 207 209 212 214 216 217 219 221 224 226 228 229 231 233 236 238 240 241 243 245 248 250 252 253 255 257
a 1 4 6 8 10 12 15 16 19 21 23 25 27 30 32 34 36 38 40 43 45 47 49 51 54 55 58 60 62 64 67 68 71 73 75 77 80 82 84 85 87 89 91 94 96 98 100 102 104 106 108 109 111 113 116 118 120 121 123 125 127 129 131 134 136 138 139 141 143 146 148 150 152 154 156 157 159 161 164 166 168 169 171 173 175 177 179 182 184 186 188 190 192 193 195 197 200 202 204 205 207 209 212 214 216 217 219 221 224 226 228 229 231 233 236 238 240 241 243 245 248 250 252 253 255 257
a 1 4 6 8 10 12 15 16 19 21 23 25 27 30 32 34 36 38 40 43 45 47 49 51 54 55 58 60 62 64 67 68 71 73 75 77 80 82 84 85 87 89 91 93 96 98 100 102 104 106 108 109 111 113 116 118 120 121 123 125 127 129 131 134 136 138 139 141 143 146 148 150 152 154 156 157 159 161 164 166 168 169 171 173 175 177 179 182 184 186 188 190 192 193 195 197 200 202 204 205 207 209 212 214 216 217 219 221 224 226 228 229 231 233 236 238 240 241 243 245 248 250 252 253 255 257
a 1 4 6 8 10 12 15 16 19 21 23 25 27 30 32 34 36 38 40 43 45 47 49 51 54 55 58 60 62 64 67 68 71 73 75 77 80 82 84 85 87 89 91 93 95 98 100 102 104 106 108 109 111 113 116 118 120 121 123 125 127 129 131 134 136 138 139 141 143 146 148 150 152 154 156 157 159 161 164 166 168 169 171 173 175 177 179 182 184 186 188 190 192 193 195 197 200 202 204 205 207 209 212 214 216 217 219 221 224 226 228 229 231 233 236 238 240 241 243 245 248 250 252 253 255 257
a 1 4 6 8 10 12 15 16 19 21 23 25 27 30 33 34 36 38 40 43 45 47 49 51 54 55 58 60 62 64 67 68 71 73 75 77 80 82 84 85 87 89 91 93 95 98 100 102 104 106 108 109 111 113 116 118 120 121 123 125 127 129 131 134 136 138 139 141 143 146 148 150 152 154 156 157 159 161 164 166 168 169 171 173 175 177 179 182 184 186 188 190 192 193 195 197 200 202 204 205 207 209 212 214 216 217 219 221 224 226 228 229 231 233 236 238 240 241 243 245 248 250 252 253 255 257
a 1 4 6 8 10 12 15 16 19 21 23 25 27 31 33 34 36 38 40 43 45 47 49 51 54 55 58 60 62 64 67 68 71 73 75 77 80 82 84 85 87 89 91 93 95 98 100 102 104 106 108 109 111 113 116 118 120 121 123 125 127 129 131 134 136 138 139 141 143 146 148 150 152 154 156 157 159 161 164 166 168 169 171 173 175 177 179 182 184 186 188 190 192 193 195 197 200 202 204 205 207 209 212 214 216 217 219 221 224 226 228 229 231 233 236 238 240 241 243 245 248 250 252 253 255 257
a 1 4 6 8 10 12 15 16 19 21 23 25 28 31 33 34 36 38 40 43 45 47 49 51 54 55 58 60 62 64 67 68 71 73 75 77 80 82 84 85 87 89 91 93 95 98 100 102 104 106 108 109 111 113 116 118 120 121 123 125 127 129 131 134 136 138 139 141 143 146 148 150 152 154 156 157 159 161 164 166 168 169 171 173 175 177 179 182 184 186 188 190 192 193 195 197 200 202 204 205 207 209 212 214 216 217 219 221 224 226 228 229 231 233 236 238 240 241 243 245 248 250 252 253 255 257
a 1 4 6 8 10 12 15 16 19 21 23 25 28 29 33 34 36 38 40 43 45 47 49 51 54 55 58 60 62 64 67 68 71 73 75 77 80 82 84 85 87 89 91 93 95 98 100 102 104 106 108 109 111 113 116 118 120 121 123 125 127 129 131 134 136 138 139 141 143 146 148 150 152 154 156 157 159 161 164 166 168 169 171 173 175 177 179 182 184 186 188 190 192 193 195 197 200 202 204 205 207 209 212 214 216 217 219 221 224 226 228 229 231 233 236 238 240 241 243 245 248 250 252 253 255 257
a 1 4 6 8 10 12 15 16 19 21 23 25 28 29 32 34 36 38 40 43 45 47 49 51 54 55 58 60 62 64 67 68 71 73 75 77 80 82 84 85 87 89 91 93 95 98 100 102 104 106 108 109 111 113 116 118 120 121 123 125 127 129 131 134 136 138 139 141 143 146 148 150 152 154 156 157 159 161 164 166 168 169 171 173 175 177 179 182 184 186 188 190 192 193 195 197 200 202 204 205 207 209 212 214 216 217 219 221 224 226 228 229 231 233 236 238 240 241 243 245 248 250 252 253 255 257
a 1 4 6 8 10 12 15 16 19 21 23 25 28 29 32 34 36 38 40 43 45 47 49 51 54 55 58 60 62 64 67 68 71 73 75 77 80 82 84 85 87 89 91 93 95 98 100 102 104 106 108 109 111 113 116 118 120 121 123 125 127 129 131 134 136 138 139 141 143 146 148 149 152 154 156 157 159 161 164 166 168 169 171 173 175 177 179 182 184 186 188 190 192 193 195 197 200 202 204 205 207 209 212 214 216 217 219 221 224 226 228 229 231 233 236 238 240 241 243 245 248 250 252 253 255 257
a 1 4 6 8 10 12 15 16 19 21 23 25 28 29 32 34 36 38 40 43 45 47 49 51 54 55 58 60 62 64 67 68 71 73 75 77 80 82 84 85 87 89 91 93 95 98 100 102 104 106 108 109 111 113 116 118 120 121 123 125 127 129 131 134 136 138 139 141 143 146 147 149 152 154 156 157 159 161 164 166 168 169 171 173 175 177 179 182 184 186 188 190 192 193 195 197 200 202 204 205 207 209 212 214 216 217 219 221 224 226 228 229 231 233 236 238 240 241 243 245 248 250 252 253 255 257
a 1 4 6 8 10 12 15 16 19 21 23 25 28 29 32 34 36 38 40 43 45 47 49 51 54 55 58 60 62 64 67 68 71 73 75 77 80 82 84 85 87 89 91 93 95 98 100 102 104 106 108 109 111 113 116 118 120 121 123 125 127 129 131 134 136 138 139 141 143 145 147 149 152 154 156 157 159 161 164 166 168 169 171 173 175 177 179 182 184 186 188 190 192 193 195 197 200 202 204 205 207 209 212 214 216 217 219 221 224 226 228 229 231 233 236 238 240 241 243 245 248 250 252 253 255 257
a 1 4 6 8 10 12 15 16 19 21 23 25 28 29 32 34 36 38 40 43 45 47 49 51 54 55 58 60 62 64 67 68 71 73 75 77 80 82 84 85 87 89 91 93 95 98 100 102 104 106 108 109 111 113 116 118 120 121 123 125 127 129 131 134 136 138 139 141 144 145 147 149 152 154 156 157 159 161 164 166 168 169 171 173 175 177 179 182 184 186 188 190 192 193 195 197 200 202 204 205 207 209 212 214 216 217 219 221 224 226 228 229 231 233 236 238 240 241 243 245 248 250 252 253 255 257
a 1 4 6 8 10 12 15 16 19 21 23 25 28 29 32 34 36 38 40 43 45 47 49 51 54 55 58 60 62 64 67 68 71 73 75 77 80 82 84 85 87 89 91 93 95 98 100 102 104 106 108 109 111 113 116 118 120 121 123 125 127 129 131 134 136 138 139 142 144 145 147 149 152 154 156 157 159 161 164 166 168 169 171 173 175 177 179 182 184 186 188 190 192 193 195 197 200 202 204 205 207 209 212 214 216 217 219 221 224 226 228 229 231 233 236 238 240 241 243 245 248 250 252 253 255 257
a 1 4 6 8 10 12 15 16 19 21 23 25 28 29 32 34 36 38 40 43 45 47 49 51 54 55 58 60 62 64 67 68 71 73 75 77 80 82 84 85 87 89 91 93 95 98 100 102 104 106 108 109 111 113 116 118 120 121 123 125 127 129 131 134 136 138 140 142 144 145 147 149 152 154 156 157 159 161 164 166 168 169 171 173 175 177 179 182 184 186 188 190 192 193 195 197 200 202 204 205 207 209 212 214 216 217 219 221 224 226 228 229 231 233 236 238 240 241 243 245 248 250 252 253 255 257
a 1 4 6 8 10 12 15 16 19 21 23 25 28 29 32 34 36 38 40 43 45 47 49 51 54 55 58 60 62 64 67 68 71 73 75 77 80 82 84 85 87 89 91 93 95 98 100 101 104 106 108 109 111 113 116 118 120 121 123 125 127 129 131 134 136 138 140 142 144 145 147 149 152 154 156 157 159 161 164 166 168 169 171 173 175 177 179 182 184 186 188 190 192 193 195 197 200 202 204 205 207 209 212 214 216 217 219 221 224 226 228 229 231 233 236 238 240 241 243 245 248 250 252 253 255 257
a 1 4 6 8 10 12 15 16 19 21 23 25 28 29 32 34 36 38 40 43 45 47 49 51 54 55 58 60 62 64 67 68 71 73 75 77 80 82 84 85 87 89 91 93 95 98 99 101 104 106 108 109 111 113 116 118 120 121 123 125 127 129 131 134 136 138 140 142 144 145 147 149 152 154 156 157 159 161 164 166 168 169 171 173 175 177 179 182 184 186 188 190 192 193 195 197 200 202 204 205 207 209 212 214 216 217 219 221 224 226 228 229 231 233 236 238 240 241 243 245 248 250 252 253 255 257
a 1 4 6 8 10 12 15 16 19 21 23 25 28 29 32 34 36 38 40 43 45 47 49 51 54 55 58 60 62 64 67 68 71 73 75 77 80 82 84 85 87 89 91 93 95 97 99 101 104 106 108 109 111 113 116 118 120 121 123 125 127 129 131 134 136 138 140 142 144 145 147 149 152 154 156 157 159 161 164 166 168 169 171 173 175 177 179 182 184 186 188 190 192 193 195 197 200 202 204 205 207 209 212 214 216 217 219 221 224 226 228 229 231 233 236 238 240 241 243 245 248 250 252 253 255 257
a 1 4 6 8 10 12 15 16 19 21 23 25 28 29 32 34 36 38 40 43 45 47 49 51 54 55 58 60 62 64 67 68 71 73 75 77 80 82 84 85 87 89 91 93 96 97 99 101 104 106 108 109 111 113 116 118 120 121 123 125 127 129 131 134 136 138 140 142 144 145 147 149 152 154 156 157 159 161 164 166 168 169 171 173 175 177 179 182 184 186 188 190 192 193 195 197 200 202 204 205 207 209 212 214 216 217 219 221 224 226 228 229 231 233 236 238 240 241 243 245 248 250 252 253 255 257
a 1 4 6 8 10 12 15 16 19 21 23 25 28 29 32 34 36 38 40 43 45 47 49 51 54 55 58 60 62 64 67 68 71 73 75 77 80 82 84 85 87 89 91 94 96 97 99 101 104 106 108 109 111 113 116 118 120 121 123 125 127 129 131 134 136 138 140 142 144 145 147 149 152 154 156 157 159 161 164 166 168 169 171 173 175 177 179 182 184 186 188 190 192 193 195 197 200 202 204 205 207 209 212 214 216 217 219 221 224 226 228 229 231 233 236 238 240 241 243 245 248 250 252 253 255 257
a 1 4 6 8 10 12 15 16 19 21 23 25 28 29 32 34 36 38 40 43 45 47 49 51 54 55 58 60 62 64 67 68 71 73 75 77 80 82 84 85 87 89 92 94 96 97 99 101 104 106 108 109 111 113 116 118 120 121 123 125 127 129 131 134 136 138 140 142 144 145 147 149 152 154 156 157 159 161 164 166 168 169 171 173 175 177 179 182 184 186 188 190 192 193 195 197 200 202 204 205 207 209 212 214 216 217 219 221 224 226 228 229 231 233 236 238 240 241 243 245 248 250 252 253 255 257
a 1 4 7 8 10 12 15 16 19 21 23 25 28 29 32 34 36 38 40 43 45 47 49 51 54 55 58 60 62 64 67 68 71 73 75 77 80 82 84 85 87 89 92 94 96 97 99 101 104 106 108 109 111 113 116 118 120 121 123 125 127 129 131 134 136 138 140 142 144 145 147 149 152 154 156 157 159 161 164 166 168 169 171 173 175 177 179 182 184 186 188 190 192 193 195 197 200 202 204 205 207 209 212 214 216 217 219 221 224 226 228 229 231 233 236 238 240 241 243 245 248 250 252 253 255 257
a 1 5 7 8 10 12 15 16 19 21 23 25 28 29 32 34 36 38 40 43 45 47 49 51 54 55 58 60 62 64 67 68 71 73 75 77 80 82 84 85 87 89 92 94 96 97 99 101 104 106 108 109 111 113 116 118 120 121 123 125 127 129 131 134 136 138 140 142 144 145 147 149 152 154 156 157 159 161 164 166 168 169 171 173 175 177 179 182 184 186 188 190 192 193 195 197 200 202 204 205 207 209 212 214 216 217 219 221 224 226 228 229 231 233 236 238 240 241 243 245 248 250 252 253 255 257
a 2 5 7 8 10 12 15 16 19 21 23 25 28 29 32 34 36 38 40 43 45 47 49 51 54 55 58 60 62 64 67 68 71 73 75 77 80 82 84 85 87 89 92 94 96 97 99 101 104 106 108 109 111 113 116 118 120 121 123 125 127 129 131 134 136 138 140 142 144 145 147 149 152 154 156 157 159 161 164 166 168 169 171 173 175 177 179 182 184 186 188 190 192 193 195 197 200 202 204 205 207 209 212 214 216 217 219 221 224 226 228 229 231 233 236 238 240 241 243 245 248 250 252 253 255 257
a 2 5 7 8 10 12 15 16 19 21 23 25 28 29 32 34 36 38 40 43 45 47 49 51 54 55 58 60 62 64 67 68 71 73 75 77 80 82 84 86 87 89 92 94 96 97 99 101 104 106 108 109 111 113 116 118 120 121 123 125 127 129 131 134 136 138 140 142 144 145 147 149 152 154 156 157 159 161 164 166 168 169 171 173 175 177 179 182 184 186 188 190 192 193 195 197 200 202 204 205 207 209 212 214 216 217 219 221 224 226 228 229 231 233 236 238 240 241 243 245 248 250 252 253 255 257
a 2 5 7 8 10 12 15 16 19 21 23 25 28 29 32 34 36 38 40 43 45 47 49 51 54 55 58 60 62 64 67 68 71 73 75 77 80 82 84 86 88 89 92 94 96 97 99 101 104 106 108 109 111 113 116 118 120 121 123 125 127 129 131 134 136 138 140 142 144 145 147 149 152 154 156 157 159 161 164 166 168 169 171 173 175 177 179 182 184 186 188 190 192 193 195 197 200 202 204 205 207 209 212 214 216 217 219 221 224 226 228 229 231 233 236 238 240 241 243 245 248 250 252 253 255 257
a 2 5 7 8 10 12 15 16 19 21 23 25 28 29 32 34 36 38 40 43 45 47 49 51 54 55 58 60 62 64 67 68 71 73 75 77 80 82 84 86 88 90 92 94 96 97 99 101 104 106 108 109 111 113 116 118 120 121 123 125 127 129 131 134 136 138 140 142 144 145 147 149 152 154 156 157 159 161 164 166 168 169 171 173 175 177 179 182 184 186 188 190 192 193 195 197 200 202 204 205 207 209 212 214 216 217 219 221 224 226 228 229 231 233 236 238 240 241 243 245 248 250 252 253 255 257
a 2 3 7 8 10 12 15 16 19 21 23 25 28 29 32 34 36 38 40 43 45 47 49 51 54 55 58 60 62 64 67 68 71 73 75 77 80 82 84 86 88 90 92 94 96 97 99 101 104 106 108 109 111 113 116 118 120 121 123 125 127 129 131 134 136 138 140 142 144 145 147 149 152 154 156 157 159 161 164 166 168 169 171 173 175 177 179 182 184 186 188 190 192 193 195 197 200 202 204 205 207 209 212 214 216 217 219 221 224 226 228 229 231 233 236 238 240 241 243 245 248 250 252 253 255 257
a 2 3 6 8 10 12 15 16 19 21 23 25 28 29 32 34 36 38 40 43 45 47 49 51 54 55 58 60 62 64 67 68 71 73 75 77 80 82 84 86 88 90 92 94 96 97 99 101 104 106 108 109 111 113 116 118 120 121 123 125 127 129 131 134 136 138 140 142 144 145 147 149 152 154 156 157 159 161 164 166 168 169 171 173 175 177 179 182 184 186 188 190 192 193 195 197 200 202 204 205 207 209 212 214 216 217 219 221 224 226 228 229 231 233 236 238 240 241 243 245 248 250 252 253 255 257
a 2 3 6 8 10 12 15 16 19 21 23 25 28 29 32 34 36 38 40 43 45 47 49 51 54 55 58 60 62 64 67 68 71 73 75 77 79 82 84 86 88 90 92 94 96 97 99 101 104 106 108 109 111 113 116 118 120 121 123 125 127 129 131 134 136 138 140 142 144 145 147 149 152 154 156 157 159 161 164 166 168 169 171 173 175 177 179 182 184 186 188 190 192 193 195 197 200 202 204 205 207 209 212 214 216 217 219 221 224 226 228 229 231 233 236 238 240 241 243 245 248 250 252 253 255 257
a 2 3 6 8 10 12 15 16 19 21 23 25 28 29 32 34 36 38 40 43 45 47 49 51 54 55 58 60 62 64 67 68 71 73 75 77 79 81 84 86 88 90 92 94 96 97 99 101 104 106 108 109 111 113 116 118 120 121 123 125 127 129 131 134 136 138 140 142 144 145 147 149 152 154 156 157 159 161 164 166 168 169 171 173 175 177 179 182 184 186 188 190 192 193 195 197 200 202 204 205 207 209 212 214 216 217 219 221 224 226 228 229 231 233 236 238 240 241 243 245 248 250 252 253 255 257
a 2 3 6 8 10 12 15 16 19 21 23 25 28 29 32 34 36 38 40 43 45 47 49 51 54 55 58 60 62 64 67 68 71 73 75 77 79 81 83 86 88 90 92 94 96 97 99 101 104 106 108 109 111 113 116 118 120 121 123 125 127 129 131 134 136 138 140 142 144 145 147 149 152 154 156 157 159 161 164 166 168 169 171 173 175 177 179 182 184 186 188 190 192 193 195 197 200 202 204 205 207 209 212 214 216 217 219 221 224 226 228 229 231 233 236 238 240 241 243 245 248 250 252 253 255 257
a 2 3 6 8 10 12 15 16 20 21 23 25 28 29 32 34 36 38 40 43 45 47 49 51 54 55 58 60 62 64 67 68 71 73 75 77 79 81 83 86 88 90 92 94 96 97 99 101 104 106 108 109 111 113 116 118 120 121 123 125 127 129 131 134 136 138 140 142 144 145 147 149 152 154 156 157 159 161 164 166 168 169 171 173 175 177 179 182 184 186 188 190 192 193 195 197 200 202 204 205 207 209 212 214 216 217 219 221 224 226 228 229 231 233 236 238 240 241 243 245 248 250 252 253 255 257
a 2 3 6 8 10 12 15 18 20 21 23 25 28 29 32 34 36 38 40 43 45 47 49 51 54 55 58 60 62 64 67 68 71 73 75 77 79 81 83 86 88 90 92 94 96 97 99 101 104 106 108 109 111 113 116 118 120 121 123 125 127 129 131 134 136 138 140 142 144 145 147 149 152 154 156 157 159 161 164 166 168 169 171 173 175 177 179 182 184 186 188 190 192 193 195 197 200 202 204 205 207 209 212 214 216 217 219 221 224 226 228 229 231 233 236 238 240 241 243 245 248 250 252 253 255 257
a 2 3 6 8 10 12 14 18 20 21 23 25 28 29 32 34 36 38 40 43 45 47 49 51 54 55 58 60 62 64 67 68 71 73 75 77 79 81 83 86 88 90 92 94 96 97 99 101 104 106 108 109 111 113 116 118 120 121 123 125 127 129 131 134 136 138 140 142 144 145 147 149 152 154 156 157 159 161 164 166 168 169 171 173 175 177 179 182 184 186 188 190 192 193 195 197 200 202 204 205 207 209 212 214 216 217 219 221 224 226 228 229 231 233 236 238 240 241 243 245 248 250 252 253 255 257
a 2 3 6 8 10 12 14 17 20 21 23 25 28 29 32 34 36 38 40 43 45 47 49 51 54 55 58 60 62 64 67 68 71 73 75 77 79 81 83 86 88 90 92 94 96 97 99 101 104 106 108 109 111 113 116 118 120 121 123 125 127 129 131 134 136 138 140 142 144 145 147 149 152 154 156 157 159 161 164 166 168 169 171 173 175 177 179 182 184 186 188 190 192 193 195 197 200 202 204 205 207 209 212 214 216 217 219 221 224 226 228 229 231 233 236 238 240 241 243 245 248 250 252 253 255 257
a 2 3 6 8 10 12 14 17 19 21 23 25 28 29 32 34 36 38 40 43 45 47 49 51 54 55 58 60 62 64 67 68 71 73 75 77 79 81 83 86 88 90 92 94 96 97 99 101 104 106 108 109 111 113 116 118 120 121 123 125 127 129 131 134 136 138 140 142 144 145 147 149 152 154 156 157 159 161 164 166 168 169 171 173 175 177 179 182 184 186 188 190 192 193 195 197 200 202 204 205 207 209 212 214 216 217 219 221 224 226 228 229 231 233 236 238 240 241 243 245 248 250 252 253 255 257
a 2 3 6 8 10 12 14 17 19 21 23 25 28 29 32 34 36 38 40 43 45 47 49 51 54 55 58 60 62 64 67 68 71 73 75 77 79 81 83 86 88 89 92 94 96 97 99 101 104 106 108 109 111 113 116 118 120 121 123 125 127 129 131 134 136 138 140 142 144 145 147 149 152 154 156 157 159 161 164 166 168 169 171 173 175 177 179 182 184 186 188 190 192 193 195 197 200 202 204 205 207 209 212 214 216 217 219 221 224 226 228 229 231 233 236 238 240 241 243 245 248 250 252 253 255 257
a 2 3 6 8 10 12 14 17 19 21 23 25 28 29 32 34 36 38 40 43 45 47 49 51 54 55 58 60 62 64 67 68 71 73 75 77 79 81 83 86 87 89 92 94 96 97 99 101 104 106 108 109 111 113 116 118 120 121 123 125 127 129 131 134 136 138 140 142 144 145 147 149 152 154 156 157 159 161 164 166 168 169 171 173 175 177 179 182 184 186 188 190 192 193 195 197 200 202 204 205 207 209 212 214 216 217 219 221 224 226 228 229 231 233 236 238 240 241 243 245 248 250 252 253 255 257
a 2 3 6 8 10 12 14 17 19 21 23 25 28 29 32 34 36 38 40 43 45 47 49 51 54 55 58 60 62 64 67 68 71 73 75 77 79 81 83 85 87 89 92 94 96 97 99 101 104 106 108 109 111 113 116 118 120 121 123 125 127 129 131 134 136 138 140 142 144 145 147 149 152 154 156 157 159 161 164 166 168 169 171 173 175 177 179 182 184 186 188 190 192 193 195 197 200 202 204 205 207 209 212 214 216 217 219 221 224 226 228 229 231 233 236 238 240 241 243 245 248 250 252 253 255 257
a 2 3 6 8 10 12 14 17 19 21 23 25 28 29 32 34 36 38 40 43 45 47 49 51 54 55 58 60 62 64 67 68 71 73 75 77 79 81 84 85 87 89 92 94 96 97 99 101 104 106 108 109 111 113 116 118 120 121 123 125 127 129 131 134 136 138 140 142 144 145 147 149 152 154 156 157 159 161 164 166 168 169 171 173 175 177 179 182 184 186 188 190 192 193 195 197 200 202 204 205 207 209 212 214 216 217 219 221 224 226 228 229 231 233 236 238 240 241 243 245 248 250 252 253 255 257
a 2 3 6 8 10 12 14 17 19 21 23 25 28 29 32 34 36 38 40 43 45 47 49 51 54 55 58 60 62 64 67 68 71 73 75 77 79 82 84 85 87 89 92 94 96 97 99 101 104 106 108 109 111 113 116 118 120 121 123 125 127 129 131 134 136 138 140 142 144 145 147 149 152 154 156 157 159 161 164 166 168 169 171 173 175 177 179 182 184 186 188 190 192 193 195 197 200 202 204 205 207 209 212 214 216 217 219 221 224 226 228 229 231 233 236 238 240 241 243 245 248 250 252 253 255 257
a 2 3 6 8 10 12 14 17 19 21 23 25 28 29 32 34 36 38 40 43 45 47 49 51 54 55 58 60 62 64 67 68 71 73 75 77 80 82 84 85 87 89 92 94 96 97 99 101 104 106 108 109 111 113 116 118 120 121 123 125 127 129 131 134 136 138 140 142 144 145 147 149 152 154 156 157 159 161 164 166 168 169 171 173 175 177 179 182 184 186 188 190 192 193 195 197 200 202 204 205 207 209 212 214 216 217 219 221 224 226 228 229 231 233 236 238 240 241 243 245 248 250 252 253 255 257
a 2 3 7 8 10 12 14 17 19 21 23 25 28 29 32 34 36 38 40 43 45 47 49 51 54 55 58 60 62 64 67 68 71 73 75 77 80 82 84 85 87 89 92 94 96 97 99 101 104 106 108 109 111 113 116 118 120 121 123 125 127 129 131 134 136 138 140 142 144 145 147 149 152 154 156 157 159 161 164 166 168 169 171 173 175 177 179 182 184 186 188 190 192 193 195 197 200 202 204 205 207 209 212 214 216 217 219 221 224 226 228 229 231 233 236 238 240 241 243 245 248 250 252 253 255 257
a 2 5 7 8 10 12 14 17 19 21 23 25 28 29 32 34 36 38 40 43 45 47 49 51 54 55 58 60 62 64 67 68 71 73 75 77 80 82 84 85 87 89 92 94 96 97 99 101 104 106 108 109 111 113 116 118 120 121 123 125 127 129 131 134 136 138 140 142 144 145 147 149 152 154 156 157 159 161 164 166 168 169 171 173 175 177 179 182 184 186 188 190 192 193 195 197 200 202 204 205 207 209 212 214 216 217 219 221 224 226 228 229 231 233 236 238 240 241 243 245 248 250 252 253 255 257
a 1 5 7 8 10 12 14 17 19 21 23 25 28 29 32 34 36 38 40 43 45 47 49 51 54 55 58 60 62 64 67 68 71 73 75 77 80 82 84 85 87 89 92 94 96 97 99 101 104 106 108 109 111 113 116 118 120 121 123 125 127 129 131 134 136 138 140 142 144 145 147 149 152 154 156 157 159 161 164 166 168 169 171 173 175 177 179 182 184 186 188 190 192 193 195 197 200 202 204 205 207 209 212 214 216 217 219 221 224 226 228 229 231 233 236 238 240 241 243 245 248 250 252 253 255 257
a 1 5 7 8 10 12 14 17 19 21 23 25 28 29 32 34 36 38 40 43 45 47 49 51 54 55 58 60 62 64 67 68 71 73 75 77 80 82 84 85 87 89 92 94 96 97 99 101 104 106 108 109 111 113 116 118 120 121 123 125 127 129 131 134 136 138 140 142 144 145 147 149 152 154 156 157 159 161 164 166 168 169 171 173 175 177 179 182 184 186 188 190 192 194 195 197 200 202 204 205 207 209 212 214 216 217 219 221 224 226 228 229 231 233 236 238 240 241 243 245 248 250 252 253 255 257
a 1 5 7 8 10 12 14 17 19 21 23 25 28 29 32 34 36 38 40 43 45 47 49 51 54 55 58 60 62 64 67 68 71 73 75 77 80 82 84 85 87 89 92 94 96 97 99 101 104 106 108 109 111 113 116 118 120 121 123 125 127 129 131 134 136 138 140 142 144 145 147 149 152 154 156 157 159 161 164 166 168 169 171 173 175 177 179 182 184 186 188 190 192 194 196 197 200 202 204 205 207 209 212 214 216 217 219 221 224 226 228 229 231 233 236 238 240 241 243 245 248 250 252 253 255 257
a 1 5 7 8 10 12 14 17 19 21 23 25 28 29 32 34 36 38 40 43 45 47 49 51 54 55 58 60 62 64 67 68 71 73 75 77 80 82 84 85 87 89 92 94 96 97 99 101 104 106 108 109 111 113 116 118 120 121 123 125 127 129 131 134 136 138 140 142 144 145 147 149 152 154 156 157 159 161 164 166 168 169 171 173 175 177 179 182 184 186 188 190 192 194 196 198 200 202 204 205 207 209 212 214 216 217 219 221 224 226 228 229 231 233 236 238 240 241 243 245 248 250 252 253 255 257
a 1 4 7 8 10 12 14 17 19 21 23 25 28 29 32 34 36 38 40 43 45 47 49 51 54 55 58 60 62 64 67 68 71 73 75 77 80 82 84 85 87 89 92 94 96 97 99 101 104 106 108 109 111 113 116 118 120 121 123 125 127 129 131 134 136 138 140 142 144 145 147 149 152 154 156 157 159 161 164 166 168 169 171 173 175 177 179 182 184 186 188 190 192 194 196 198 200 202 204 205 207 209 212 214 216 217 219 221 224 226 228 229 231 233 236 238 240 241 243 245 248 250 252 253 255 257
a 1 4 6 8 10 12 14 17 19 21 23 25 28 29 32 34 36 38 40 43 45 47 49 51 54 55 58 60 62 64 67 68 71 73 75 77 80 82 84 85 87 89 92 94 96 97 99 101 104 106 108 109 111 113 116 118 120 121 123 125 127 129 131 134 136 138 140 142 144 145 147 149 152 154 156 157 159 161 164 166 168 169 171 173 175 177 179 182 184 186 188 190 192 194 196 198 200 202 204 205 207 209 212 214 216 217 219 221 224 226 228 229 231 233 236 238 240 241 243 245 248 250 252 253 255 257
a 1 4 6 8 10 12 14 17 19 21 23 25 28 29 32 34 36 38 40 43 45 47 49 51 54 55 58 60 62 64 67 68 71 73 75 77 80 82 84 85 87 89 92 94 96 97 99 101 104 106 108 109 111 113 116 118 120 121 123 125 127 129 131 134 136 138 140 142 144 145 147 149 152 154 156 157 159 161 164 166 168 169 171 173 175 177 179 182 184 186 187 190 192 194 196 198 200 202 204 205 207 209 212 214 216 217 219 221 224 226 228 229 231 233 236 238 240 241 243 245 248 250 252 253 255 257
a 1 4 6 8 10 12 14 17 19 21 23 25 28 29 32 34 36 38 40 43 45 47 49 51 54 55 58 60 62 64 67 68 71 73 75 77 80 82 84 85 87 89 92 94 96 97 99 101 104 106 108 109 111 113 116 118 120 121 123 125 127 129 131 134 136 138 140 142 144 145 147 149 152 154 156 157 159 161 164 166 168 169 171 173 175 177 179 182 184 186 187 189 192 194 196 198 200 202 204 205 207 209 212 214 216 217 219 221 224 226 228 229 231 233 236 238 240 241 243 245 248 250 252 253 255 257
a 1 4 6 8 10 12 14 17 19 21 23 25 28 29 32 34 36 38 40 43 45 47 49 51 54 55 58 60 62 64 67 68 71 73 75 77 80 82 84 85 87 89 92 94 96 97 99 101 104 106 108 109 111 113 116 118 120 121 123 125 127 129 131 134 136 138 140 142 144 145 147 149 152 154 156 157 159 161 164 166 168 169 171 173 175 177 179 182 184 186 187 189 191 194 196 198 200 202 204 205 207 209 212 214 216 217 219 221 224 226 228 229 231 233 236 238 240 241 243 245 248 250 252 253 255 257
a 1 4 6 8 10 12 14 17 19 21 23 25 28 29 32 34 36 38 40 43 45 47 49 51 54 55 58 60 62 64 67 68 71 73 75 77 80 82 84 85 87 89 92 94 96 97 99 101 104 106 108 109 111 113 116 118 120 121 123 125 127 129 131 134 136 138 140 142 144 145 147 149 152 154 156 157 159 161 164 166 168 169 171 173 175 177 179 182 184 185 187 189 191 194 196 198 200 202 204 205 207 209 212 214 216 217 219 221 224 226 228 229 231 233 236 238 240 241 243 245 248 250 252 253 255 257
a 1 4 6 8 10 12 14 17 19 21 23 25 28 29 32 34 36 38 40 43 45 47 49 51 54 55 58 60 62 64 67 68 71 73 75 77 80 82 84 85 87 89 92 94 96 97 99 101 104 106 108 109 111 113 116 118 120 121 123 125 127 129 131 134 136 138 140 142 144 145 147 149 152 154 156 157 159 161 164 166 168 169 171 173 175 177 179 182 183 185 187 189 191 194 196 198 200 202 204 205 207 209 212 214 216 217 219 221 224 226 228 229 231 233 236 238 240 241 243 245 248 250 252 253 255 257
a 1 4 6 8 10 12 14 17 19 21 23 25 28 29 32 34 36 38 40 43 45 47 49 51 54 55 58 60 62 64 67 68 71 73 75 77 80 82 84 85 87 89 92 94 96 97 99 101 104 106 108 109 111 113 116 118 120 121 123 125 127 129 131 134 136 138 140 142 144 145 147 149 152 154 156 157 159 161 164 166 168 169 171 173 175 177 179 181 183 185 187 189 191 194 196 198 200 202 204 205 207 209 212 214 216 217 219 221 224 226 228 229 231 233 236 238 240 241 243 245 248 250 252 253 255 257
a 1 4 6 8 10 12 14 17 19 21 23 25 28 29 32 34 36 38 40 43 45 47 49 51 54 55 58 60 62 64 67 68 71 73 75 77 80 82 84 85 87 89 92 94 96 97 99 101 104 106 108 109 111 113 116 118 120 121 123 125 127 129 131 134 136 138 140 142 144 145 147 149 152 154 156 157 159 161 164 166 168 169 171 173 175 177 180 181 183 185 187 189 191 194 196 198 200 202 204 205 207 209 212 214 216 217 219 221 224 226 228 229 231 233 236 238 240 241 243 245 248 250 252 253 255 257
a 1 4 6 8 10 12 14 17 19 21 23 25 28 29 32 34 36 38 40 43 45 47 49 51 54 55 58 60 62 64 67 68 71 73 75 77 80 82 84 85 87 89 92 94 96 97 99 101 104 106 108 109 111 113 116 118 120 121 123 125 127 129 131 134 136 138 140 142 144 145 147 149 152 154 156 157 159 161 164 166 168 169 171 173 175 178 180 181 183 185 187 189 191 194 196 198 200 202 204 205 207 209 212 214 216 217 219 221 224 226 228 229 231 233 236 238 240 241 243 245 248 250 252 253 255 257
a 1 4 6 8 10 12 14 17 19 21 23 25 28 29 32 34 36 38 40 43 45 47 49 51 54 55 58 60 62 64 67 68 71 73 75 77 80 82 84 85 87 89 92 94 96 97 99 101 104 106 108 109 111 113 116 118 120 121 123 125 127 129 131 134 136 138 140 142 144 145 147 149 152 154 156 157 159 161 164 166 168 169 171 173 176 178 180 181 183 185 187 189 191 194 196 198 200 202 204 205 207 209 212 214 216 217 219 221 224 226 228 229 231 233 236 238 240 241 243 245 248 250 252 253 255 257
a 1 4 6 8 10 12 14 17 19 21 23 25 28 29 32 34 36 38 40 43 45 47 49 51 54 55 58 60 62 64 67 68 71 73 75 77 80 82 84 85 87 89 92 94 96 97 99 101 104 106 108 109 111 113 116 118 120 121 123 125 127 129 131 134 136 138 140 142 144 145 147 149 152 154 156 158 159 161 164 166 168 169 171 173 176 178 180 181 183 185 187 189 191 194 196 198 200 202 204 205 207 209 212 214 216 217 219 221 224 226 228 229 231 233 236 238 240 241 243 245 248 250 252 253 255 257
a 1 4 6 8 10 12 14 17 19 21 23 25 28 29 32 34 36 38 40 43 45 47 49 51 54 55 58 60 62 64 67 68 71 73 75 77 80 82 84 85 87 89 92 94 96 97 99 101 104 106 108 109 111 113 116 118 120 121 123 125 127 129 131 134 136 138 140 142 144 145 147 149 152 154 156 158 160 161 164 166 168 169 171 173 176 178 180 181 183 185 187 189 191 194 196 198 200 202 204 205 207 209 212 214 216 217 219 221 224 226 228 229 231 233 236 238 240 241 243 245 248 250 252 253 255 257
a 1 4 6 8 10 12 14 17 19 21 23 25 28 29 32 34 36 38 40 43 45 47 49 51 54 55 58 60 62 64 67 68 71 73 75 77 80 82 84 85 87 89 92 94 96 97 99 101 104 106 108 109 111 113 116 118 120 121 123 125 127 129 131 134 136 138 140 142 144 145 147 149 152 154 156 158 160 162 164 166 168 169 171 173 176 178 180 181 183 185 187 189 191 194 196 198 200 202 204 205 207 209 212 214 216 217 219 221 224 226 228 229 231 233 236 238 240 241 243 245 248 250 252 253 255 257
a 1 4 6 8 10 12 14 17 19 21 23 25 28 29 32 34 36 38 40 43 45 47 49 51 54 55 58 60 62 64 67 68 71 73 75 77 80 82 84 85 87 89 92 94 96 97 99 101 104 106 108 109 111 113 116 118 120 121 123 125 127 129 131 134 136 138 140 142 144 145 147 149 151 154 156 158 160 162 164 166 168 169 171 173 176 178 180 181 183 185 187 189 191 194 196 198 200 202 204 205 207 209 212 214 216 217 219 221 224 226 228 229 231 233 236 238 240 241 243 245 248 250 252 253 255 257
a 1 4 6 8 10 12 14 17 19 21 23 25 28 29 32 34 36 38 40 43 45 47 49 51 54 55 58 60 62 64 67 68 71 73 75 77 80 82 84 85 87 89 92 94 96 97 99 101 104 106 108 109 111 113 116 118 120 121 123 125 127 129 131 134 136 138 140 142 144 145 147 149 151 153 156 158 160 162 164 166 168 169 171 173 176 178 180 181 183 185 187 189 191 194 196 198 200 202 204 205 207 209 212 214 216 217 219 221 224 226 228 229 231 233 236 238 240 241 243 245 248 250 252 253 255 257
a 1 4 6 8 10 12 14 17 19 21 23 25 28 29 32 34 36 38 40 43 45 47 49 51 54 55 58 60 62 64 67 68 71 73 75 77 80 82 84 85 87 89 92 94 96 97 99 101 104 106 108 109 111 113 116 118 120 121 123 125 127 129 131 134 136 138 140 142 144 145 147 149 151 153 155 158 160 162 164 166 168 169 171 173 176 178 180 181 183 185 187 189 191 194 196 198 200 202 204 205 207 209 212 214 216 217 219 221 224 226 228 229 231 233 236 238 240 241 243 245 248 250 252 253 255 257
a 1 4 6 8 10 12 14 17 19 21 23 25 28 29 32 34 36 38 40 43 45 47 49 51 54 55 58 60 62 64 67 68 71 73 75 77 80 82 84 85 87 89 92 94 96 97 99 101 104 106 108 110 111 113 116 118 120 121 123 125 127 129 131 134 136 138 140 142 144 145 147 149 151 153 155 158 160 162 164 166 168 169 171 173 176 178 180 181 183 185 187 189 191 194 196 198 200 202 204 205 207 209 212 214 216 217 219 221 224 226 228 229 231 233 236 238 240 241 243 245 248 250 252 253 255 257
a 1 4 6 8 10 12 14 17 19 21 23 25 28 29 32 34 36 38 40 43 45 47 49 51 54 55 58 60 62 64 67 68 71 73 75 77 80 82 84 85 87 89 92 94 96 97 99 101 104 106 108 110 112 113 116 118 120 121 123 125 127 129 131 134 136 138 140 142 144 145 147 149 151 153 155 158 160 162 164 166 168 169 171 173 176 178 180 181 183 185 187 189 191 194 196 198 200 202 204 205 207 209 212 214 216 217 219 221 224 226 228 229 231 233 236 238 240 241 243 245 248 250 252 253 255 257
a 1 4 6 8 10 12 14 17 19 21 23 25 28 29 32 34 36 38 40 43 45 47 49 51 54 55 58 60 62 64 67 68 71 73 75 77 80 82 84 85 87 89 92 94 96 97 99 101 104 106 108 110 112 114 116 118 120 121 123 125 127 129 131 134 136 138 140 142 144 145 147 149 151 153 155 158 160 162 164 166 168 169 171 173 176 178 180 181 183 185 187 189 191 194 196 198 200 202 204 205 207 209 212 214 216 217 219 221 224 226 228 229 231 233 236 238 240 241 243 245 248 250 252 253 255 257
a 1 4 6 8 10 12 14 17 19 21 23 25 28 29 32 34 36 38 40 43 45 47 49 51 54 55 58 60 62 64 67 68 71 73 75 77 80 82 84 85 87 89 92 94 96 97 99 101 103 106 108 110 112 114 116 118 120 121 123 125 127 129 131 134 136 138 140 142 144 145 147 149 151 153 155 158 160 162 164 166 168 169 171 173 176 178 180 181 183 185 187 189 191 194 196 198 200 202 204 205 207 209 212 214 216 217 219 221 224 226 228 229 231 233 236 238 240 241 243 245 248 250 252 253 255 257
a 1 4 6 8 10 12 14 17 19 21 23 25 28 29 32 34 36 38 40 43 45 47 49 51 54 55 58 60 62 64 67 68 71 73 75 77 80 82 84 85 87 89 92 94 96 97 99 101 103 105 108 110 112 114 116 118 120 121 123 125 127 129 131 134 136 138 140 142 144 145 147 149 151 153 155 158 160 162 164 166 168 169 171 173 176 178 180 181 183 185 187 189 191 194 196 198 200 202 204 205 207 209 212 214 216 217 219 221 224 226 228 229 231 233 236 238 240 241 243 245 248 250 252 253 255 257
a 1 4 6 8 10 12 14 17 19 21 23 25 28 29 32 34 36 38 40 43 45 47 49 51 54 55 58 60 62 64 67 68 71 73 75 77 80 82 84 85 87 89 92 94 96 97 99 101 103 105 107 110 112 114 116 118 120 121 123 125 127 129 131 134 136 138 140 142 144 145 147 149 151 153 155 158 160 162 164 166 168 169 171 173 176 178 180 181 183 185 187 189 191 194 196 198 200 202 204 205 207 209 212 214 216 217 219 221 224 226 228 229 231 233 236 238 240 241 243 245 248 250 252 253 255 257
a 1 4 6 8 10 12 14 17 19 21 23 25 28 29 32 34 36 38 40 43 46 47 49 51 54 55 58 60 62 64 67 68 71 73 75 77 80 82 84 85 87 89 92 94 96 97 99 101 103 105 107 110 112 114 116 118 120 121 123 125 127 129 131 134 136 138 140 142 144 145 147 149 151 153 155 158 160 162 164 166 168 169 171 173 176 178 180 181 183 185 187 189 191 194 196 198 200 202 204 205 207 209 212 214 216 217 219 221 224 226 228 229 231 233 236 238 240 241 243 245 248 250 252 253 255 257
a 1 4 6 8 10 12 14 17 19 21 23 25 28 29 32 34 36 38 40 44 46 47 49 51 54 55 58 60 62 64 67 68 71 73 75 77 80 82 84 85 87 89 92 94 96 97 99 101 103 105 107 110 112 114 116 118 120 121 123 125 127 129 131 134 136 138 140 142 144 145 147 149 151 153 155 158 160 162 164 166 168 169 171 173 176 178 180 181 183 185 187 189 191 194 196 198 200 202 204 205 207 209 212 214 216 217 219 221 224 226 228 229 231 233 236 238 240 241 243 245 248 250 252 253 255 257
a 1 4 6 8 10 12 14 17 19 21 23 25 28 29 32 34 36 38 41 44 46 47 49 51 54 55 58 60 62 64 67 68 71 73 75 77 80 82 84 85 87 89 92 94 96 97 99 101 103 105 107 110 112 114 116 118 120 121 123 125 127 129 131 134 136 138 140 142 144 145 147 149 151 153 155 158 160 162 164 166 168 169 171 173 176 178 180 181 183 185 187 189 191 194 196 198 200 202 204 205 207 209 212 214 216 217 219 221 224 226 228 229 231 233 236 238 240 241 243 245 248 250 252 253 255 257
a 1 4 6 8 10 12 14 17 19 21 23 25 28 29 32 34 36 38 41 42 46 47 49 51 54 55 58 60 62 64 67 68 71 73 75 77 80 82 84 85 87 89 92 94 96 97 99 101 103 105 107 110 112 114 116 118 120 121 123 125 127 129 131 134 136 138 140 142 144 145 147 149 151 153 155 158 160 162 164 166 168 169 171 173 176 178 180 181 183 185 187 189 191 194 196 198 200 202 204 205 207 209 212 214 216 217 219 221 224 226 228 229 231 233 236 238 240 241 243 245 248 250 252 253 255 257
a 1 4 6 8 10 12 14 17 19 21 23 25 28 29 32 34 36 38 41 42 45 47 49 51 54 55 58 60 62 64 67 68 71 73 75 77 80 82 84 85 87 89 92 94 96 97 99 101 103 105 107 110 112 114 116 118 120 121 123 125 127 129 131 134 136 138 140 142 144 145 147 149 151 153 155 158 160 162 164 166 168 169 171 173 176 178 180 181 183 185 187 189 191 194 196 198 200 202 204 205 207 209 212 214 216 217 219 221 224 226 228 229 231 233 236 238 240 241 243 245 248 250 252 253 255 257
a 1 4 6 8 10 12 14 17 19 21 23 25 28 29 32 34 36 38 41 42 45 47 49 51 54 55 58 60 62 64 67 68 71 73 75 77 80 82 84 85 87 89 92 94 96 97 99 101 103 105 107 110 112 114 116 118 120 121 123 125 127 129 131 134 136 138 140 142 144 145 147 149 151 153 155 158 160 162 164 166 168 169 171 173 176 178 180 181 183 185 187 189 191 194 196 197 200 202 204 205 207 209 212 214 216 217 219 221 224 226 228 229 231 233 236 238 240 241 243 245 248 250 252 253 255 257
a 1 4 6 8 10 12 14 17 19 21 23 25 28 29 32 34 36 38 41 42 45 47 49 51 54 55 58 60 62 64 67 68 71 73 75 77 80 82 84 85 87 89 92 94 96 97 99 101 103 105 107 110 112 114 116 118 120 121 123 125 127 129 131 134 136 138 140 142 144 145 147 149 151 153 155 158 160 162 164 166 168 169 171 173 176 178 180 181 183 185 187 189 191 194 195 197 200 202 204 205 207 209 212 214 216 217 219 221 224 226 228 229 231 233 236 238 240 241 243 245 248 250 252 253 255 257
a 1 4 6 8 10 12 14 17 19 21 23 25 28 29 32 34 36 38 41 42 45 47 49 51 54 55 58 60 62 64 67 68 71 73 75 77 80 82 84 85 87 89 92 94 96 97 99 101 103 105 107 110 112 114 116 118 120 121 123 125 127 129 131 134 136 138 140 142 144 145 147 149 151 153 155 158 160 162 164 166 168 169 171 173 176 178 180 181 183 185 187 189 191 193 195 197 200 202 204 205 207 209 212 214 216 217 219 221 224 226 228 229 231 233 236 238 240 241 243 245 248 250 252 253 255 257
a 1 4 6 8 10 12 14 17 19 21 23 25 28 29 32 34 36 38 41 42 45 47 49 51 54 55 58 60 62 64 67 68 71 73 75 77 80 82 84 85 87 89 92 94 96 97 99 101 103 105 107 110 112 114 116 118 120 121 123 125 127 129 131 134 136 138 140 142 144 145 147 149 151 153 155 158 160 162 164 166 168 169 171 173 176 178 180 181 183 185 187 189 192 193 195 197 200 202 204 205 207 209 212 214 216 217 219 221 224 226 228 229 231 233 236 238 240 241 243 245 248 250 252 253 255 257
a 1 4 6 8 10 12 14 17 19 21 23 25 28 29 32 34 36 38 41 42 45 47 49 51 54 55 58 60 62 64 67 68 71 73 75 77 80 82 84 85 87 89 92 94 96 97 99 101 103 105 107 110 112 114 116 118 120 121 123 125 127 129 131 134 136 138 140 142 144 145 147 149 151 153 155 158 160 162 164 166 168 169 171 173 176 178 180 181 183 185 187 190 192 193 195 197 200 202 204 205 207 209 212 214 216 217 219 221 224 226 228 229 231 233 236 238 240 241 243 245 248 250 252 253 255 257
a 1 4 6 8 10 12 14 17 19 21 23 25 28 29 32 34 36 38 41 42 45 47 49 51 54 55 58 60 62 64 67 68 71 73 75 77 80 82 84 85 87 89 92 94 96 97 99 101 103 105 107 110 112 114 116 118 120 121 123 125 127 129 131 134 136 138 140 142 144 145 147 149 151 153 155 158 160 162 164 166 168 169 171 173 176 178 180 181 183 185 188 190 192 193 195 197 200 202 204 205 207 209 212 214 216 217 219 221 224 226 228 229 231 233 236 238 240 241 243 245 248 250 252 253 255 257
a 1 4 6 8 10 12 14 17 19 21 23 25 28 29 32 34 36 38 41 42 45 47 49 51 54 55 58 60 62 64 67 68 71 73 75 77 80 82 84 85 87 89 92 94 96 97 99 101 103 105 107 110 112 114 116 118 120 121 123 125 127 129 131 134 136 138 140 142 144 145 147 149 151 153 155 158 160 161 164 166 168 169 171 173 176 178 180 181 183 185 188 190 192 193 195 197 200 202 204 205 207 209 212 214 216 217 219 221 224 226 228 229 231 233 236 238 240 241 243 245 248 250 252 253 255 257
a 1 4 6 8 10 12 14 17 19 21 23 25 28 29 32 34 36 38 41 42 45 47 49 51 54 55 58 60 62 64 67 68 71 73 75 77 80 82 84 85 87 89 92 94 96 97 99 101 103 105 107 110 112 114 116 118 120 121 123 125 127 129 131 134 136 138 140 142 144 145 147 149 151 153 155 158 159 161 164 166 168 169 171 173 176 178 180 181 183 185 188 190 192 193 195 197 200 202 204 205 207 209 212 214 216 217 219 221 224 226 228 229 231 233 236 238 240 241 243 245 248 250 252 253 255 257
a 1 4 6 8 10 12 14 17 19 21 23 25 28 29 32 34 36 38 41 42 45 47 49 51 54 55 58 60 62 64 67 68 71 73 75 77 80 82 84 85 87 89 92 94 96 97 99 101 103 105 107 110 112 114 116 118 120 121 123 125 127 129 131 134 136 138 140 142 144 145 147 149 151 153 155 157 159 161 164 166 168 169 171 173 176 178 180 181 183 185 188 190 192 193 195 197 200 202 204 205 207 209 212 214 216 217 219 221 224 226 228 229 231 233 236 238 240 241 243 245 248 250 252 253 255 257
a 1 4 6 8 10 12 14 17 19 21 23 25 28 29 32 34 36 38 41 42 45 47 49 51 54 55 58 60 62 64 67 68 71 73 75 77 80 82 84 85 87 89 92 94 96 97 99 101 103 105 107 110 112 114 116 118 120 121 123 125 127 129 131 134 136 138 140 142 144 145 147 149 151 153 156 157 159 161 164 166 168 169 171 173 176 178 180 181 183 185 188 190 192 193 195 197 200 202 204 205 207 209 212 214 216 217 219 221 224 226 228 229 231 233 236 238 240 241 243 245 248 250 252 253 255 257
a 1 4 6 8 10 12 14 17 19 21 23 25 28 29 32 34 36 38 41 42 45 47 49 51 54 55 58 60 62 64 67 68 71 73 75 77 80 82 84 85 87 89 92 94 96 97 99 101 103 105 107 110 112 114 116 118 120 121 123 125 127 129 131 134 136 138 140 142 144 145 147 149 151 154 156 157 159 161 164 166 168 169 171 173 176 178 180 181 183 185 188 190 192 193 195 197 200 202 204 205 207 209 212 214 216 217 219 221 224 226 228 229 231 233 236 238 240 241 243 245 248 250 252 253 255 257
a 1 4 6 8 10 12 14 17 19 21 23 25 28 29 32 34 36 38 41 42 45 47 49 51 54 55 58 60 62 64 67 68 71 73 75 77 80 82 84 85 87 89 92 94 96 97 99 101 103 105 107 110 112 114 116 118 120 121 123 125 127 129 131 134 136 138 140 142 144 145 147 149 152 154 156 157 159 161 164 166 168 169 171 173 176 178 180 181 183 185 188 190 192 193 195 197 200 202 204 205 207 209 212 214 216 217 219 221 224 226 228 229 231 233 236 238 240 241 243 245 248 250 252 253 255 257
a 1 4 7 8 10 12 14 17 19 21 23 25 28 29 32 34 36 38 41 42 45 47 49 51 54 55 58 60 62 64 67 68 71 73 75 77 80 82 84 85 87 89 92 94 96 97 99 101 103 105 107 110 112 114 116 118 120 121 123 125 127 129 131 134 136 138 140 142 144 145 147 149 152 154 156 157 159 161 164 166 168 169 171 173 176 178 180 181 183 185 188 190 192 193 195 197 200 202 204 205 207 209 212 214 216 217 219 221 224 226 228 229 231 233 236 238 240 241 243 245 248 250 252 253 255 257
a 1 5 7 8 10 12 14 17 19 21 23 25 28 29 32 34 36 38 41 42 45 47 49 51 54 55 58 60 62 64 67 68 71 73 75 77 80 82 84 85 87 89 92 94 96 97 99 101 103 105 107 110 112 114 116 118 120 121 123 125 127 129 131 134 136 138 140 142 144 145 147 149 152 154 156 157 159 161 164 166 168 169 171 173 176 178 180 181 183 185 188 190 192 193 195 197 200 202 204 205 207 209 212 214 216 217 219 221 224 226 228 229 231 233 236 238 240 241 243 245 248 250 252 253 255 257
a 2 5 7 8 10 12 14 17 19 21 23 25 28 29 32 34 36 38 41 42 45 47 49 51 54 55 58 60 62 64 67 68 71 73 75 77 80 82 84 85 87 89 92 94 96 97 99 101 103 105 107 110 112 114 116 118 120 121 123 125 127 129 131 134 136 138 140 142 144 145 147 149 152 154 156 157 159 161 164 166 168 169 171 173 176 178 180 181 183 185 188 190 192 193 195 197 200 202 204 205 207 209 212 214 216 217 219 221 224 226 228 229 231 233 236 238 240 241 243 245 248 250 252 253 255 257
a 2 5 7 8 10 12 14 17 19 21 23 25 28 29 32 34 36 38 41 42 45 47 49 51 54 55 58 60 62 64 67 68 71 73 75 77 80 82 84 86 87 89 92 94 96 97 99 101 103 105 107 110 112 114 116 118 120 121 123 125 127 129 131 134 136 138 140 142 144 145 147 149 152 154 156 157 159 161 164 166 168 169 171 173 176 178 180 181 183 185 188 190 192 193 195 197 200 202 204 205 207 209 212 214 216 217 219 221 224 226 228 229 231 233 236 238 240 241 243 245 248 250 252 253 255 257
a 2 5 7 8 10 12 14 17 19 21 23 25 28 29 32 34 36 38 41 42 45 47 49 51 54 55 58 60 62 64 67 68 71 73 75 77 80 82 84 86 88 89 92 94 96 97 99 101 103 105 107 110 112 114 116 118 120 121 123 125 127 129 131 134 136 138 140 142 144 145 147 149 152 154 156 157 159 161 164 166 168 169 171 173 176 178 180 181 183 185 188 190 192 193 195 197 200 202 204 205 207 209 212 214 216 217 219 221 224 226 228 229 231 233 236 238 240 241 243 245 248 250 252 253 255 257
a 2 5 7 8 10 12 14 17 19 21 23 25 28 29 32 34 36 38 41 42 45 47 49 51 54 55 58 60 62 64 67 68 71 73 75 77 80 82 84 86 88 90 92 94 96 97 99 101 103 105 107 110 112 114 116 118 120 121 123 125 127 129 131 134 136 138 140 142 144 145 147 149 152 154 156 157 159 161 164 166 168 169 171 173 176 178 180 181 183 185 188 190 192 193 195 197 200 202 204 205 207 209 212 214 216 217 219 221 224 226 228 229 231 233 236 238 240 241 243 245 248 250 252 253 255 257
a 2 3 7 8 10 12 14 17 19 21 23 25 28 29 32 34 36 38 41 42 45 47 49 51 54 55 58 60 62 64 67 68 71 73 75 77 80 82 84 86 88 90 92 94 96 97 99 101 103 105 107 110 112 114 116 118 120 121 123 125 127 129 131 134 136 138 140 142 144 145 147 149 152 154 156 157 159 161 164 166 168 169 171 173 176 178 180 181 183 185 188 190 192 193 195 197 200 202 204 205 207 209 212 214 216 217 219 221 224 226 228 229 231 233 236 238 240 241 243 245 248 250 252 253 255 257
a 2 3 6 8 10 12 14 17 19 21 23 25 28 29 32 34 36 38 41 42 45 47 49 51 54 55 58 60 62 64 67 68 71 73 75 77 80 82 84 86 88 90 92 94 96 97 99 101 103 105 107 110 112 114 116 118 120 121 123 125 127 129 131 134 136 138 140 142 144 145 147 149 152 154 156 157 159 161 164 166 168 169 171 173 176 178 180 181 183 185 188 190 192 193 195 197 200 202 204 205 207 209 212 214 216 217 219 221 224 226 228 229 231 233 236 238 240 241 243 245 248 250 252 253 255 257
a 2 3 6 8 10 12 14 17 19 21 23 25 28 29 32 34 36 38 41 42 45 47 49 51 54 55 58 60 62 64 67 68 71 73 75 77 79 82 84 86 88 90 92 94 96 97 99 101 103 105 107 110 112 114 116 118 120 121 123 125 127 129 131 134 136 138 140 142 144 145 147 149 152 154 156 157 159 161 164 166 168 169 171 173 176 178 180 181 183 185 188 190 192 193 195 197 200 202 204 205 207 209 212 214 216 217 219 221 224 226 228 229 231 233 236 238 240 241 243 245 248 250 252 253 255 257
a 2 3 6 8 10 12 14 17 19 21 23 25 28 29 32 34 36 38 41 42 45 47 49 51 54 55 58 60 62 64 67 68 71 73 75 77 79 81 84 86 88 90 92 94 96 97 99 101 103 105 107 110 112 114 116 118 120 121 123 125 127 129 131 134 136 138 140 142 144 145 147 149 152 154 156 157 159 161 164 166 168 169 171 173 176 178 180 181 183 185 188 190 192 193 195 197 200 202 204 205 207 209 212 214 216 217 219 221 224 226 228 229 231 233 236 238 240 241 243 245 248 250 252 253 255 257
a 2 3 6 8 10 12 14 17 19 21 23 25 28 29 32 34 36 38 41 42 45 47 49 51 54 55 58 60 62 64 67 68 71 73 75 77 79 81 83 86 88 90 92 94 96 97 99 101 103 105 107 110 112 114 116 118 120 121 123 125 127 129 131 134 136 138 140 142 144 145 147 149 152 154 156 157 159 161 164 166 168 169 171 173 176 178 180 181 183 185 188 190 192 193 195 197 200 202 204 205 207 209 212 214 216 217 219 221 224 226 228 229 231 233 236 238 240 241 243 245 248 250 252 253 255 257
a 2 3 6 8 10 12 14 17 20 21 23 25 28 29 32 34 36 38 41 42 45 47 49 51 54 55 58 60 62 64 67 68 71 73 75 77 79 81 83 86 88 90 92 94 96 97 99 101 103 105 107 110 112 114 116 118 120 121 123 125 127 129 131 134 136 138 140 142 144 145 147 149 152 154 156 157 159 161 164 166 168 169 171 173 176 178 180 181 183 185 188 190 192 193 195 197 200 202 204 205 207 209 212 214 216 217 219 221 224 226 228 229 231 233 236 238 240 241 243 245 248 250 252 253 255 257
a 2 3 6 8 10 12 14 18 20 21 23 25 28 29 32 34 36 38 41 42 45 47 49 51 54 55 58 60 62 64 67 68 71 73 75 77 79 81 83 86 88 90 92 94 96 97 99 101 103 105 107 110 112 114 116 118 120 121 123 125 127 129 131 134 136 138 140 142 144 145 147 149 152 154 156 157 159 161 164 166 168 169 171 173 176 178 180 181 183 185 188 190 192 193 195 197 200 202 204 205 207 209 212 214 216 217 219 221 224 226 228 229 231 233 236 238 240 241 243 245 248 250 252 253 255 257
a 2 3 6 8 10 12 15 18 20 21 23 25 28 29 32 34 36 38 41 42 45 47 49 51 54 55 58 60 62 64 67 68 71 73 75 77 79 81 83 86 88 90 92 94 96 97 99 101 103 105 107 110 112 114 116 118 120 121 123 125 127 129 131 134 136 138 140 142 144 145 147 149 152 154 156 157 159 161 164 166 168 169 171 173 176 178 180 181 183 185 188 190 192 193 195 197 200 202 204 205 207 209 212 214 216 217 219 221 224 226 228 229 231 233 236 238 240 241 243 245 248 250 252 253 255 257
a 2 3 6 8 10 12 15 16 20 21 23 25 28 29 32 34 36 38 41 42 45 47 49 51 54 55 58 60 62 64 67 68 71 73 75 77 79 81 83 86 88 90 92 94 96 97 99 101 103 105 107 110 112 114 116 118 120 121 123 125 127 129 131 134 136 138 140 142 144 145 147 149 152 154 156 157 159 161 164 166 168 169 171 173 176 178 180 181 183 185 188 190 192 193 195 197 200 202 204 205 207 209 212 214 216 217 219 221 224 226 228 229 231 233 236 238 240 241 243 245 248 250 252 253 255 257
a 2 3 6 8 10 12 15 16 19 21 23 25 28 29 32 34 36 38 41 42 45 47 49 51 54 55 58 60 62 64 67 68 71 73 75 77 79 81 83 86 88 90 92 94 96 97 99 101 103 105 107 110 112 114 116 118 120 121 123 125 127 129 131 134 136 138 140 142 144 145 147 149 152 154 156 157 159 161 164 166 168 169 171 173 176 178 180 181 183 185 188 190 192 193 195 197 200 202 204 205 207 209 212 214 216 217 219 221 224 226 228 229 231 233 236 238 240 241 243 245 248 250 252 253 255 257
a 2 3 6 8 10 12 15 16 19 21 23 25 28 29 32 34 36 38 41 42 45 47 49 51 54 55 58 60 62 64 67 68 71 73 75 77 79 81 83 86 88 89 92 94 96 97 99 101 103 105 107 110 112 114 116 118 120 121 123 125 127 129 131 134 136 138 140 142 144 145 147 149 152 154 156 157 159 161 164 166 168 169 171 173 176 178 180 181 183 185 188 190 192 193 195 197 200 202 204 205 207 209 212 214 216 217 219 221 224 226 228 229 231 233 236 238 240 241 243 245 248 250 252 253 255 257
a 2 3 6 8 10 12 15 16 19 21 23 25 28 29 32 34 36 38 41 42 45 47 49 51 54 55 58 60 62 64 67 68 71 73 75 77 79 81 83 86 87 89 92 94 96 97 99 101 103 105 107 110 112 114 116 118 120 121 123 125 127 129 131 134 136 138 140 142 144 145 147 149 152 154 156 157 159 161 164 166 168 169 171 173 176 178 180 181 183 185 188 190 192 193 195 197 200 202 204 205 207 209 212 214 216 217 219 221 224 226 228 229 231 233 236 238 240 241 243 245 248 250 252 253 255 257
a 2 3 6 8 10 12 15 16 19 21 23 25 28 29 32 34 36 38 41 42 45 47 49 51 54 55 58 60 62 64 67 68 71 73 75 77 79 81 83 85 87 89 92 94 96 97 99 101 103 105 107 110 112 114 116 118 120 121 123 125 127 129 131 134 136 138 140 142 144 145 147 149 152 154 156 157 159 161 164 166 168 169 171 173 176 178 180 181 183 185 188 190 192 193 195 197 200 202 204 205 207 209 212 214 216 217 219 221 224 226 228 229 231 233 236 238 240 241 243 245 248 250 252 253 255 257
a 2 3 6 8 10 12 15 16 19 21 23 25 28 29 32 34 36 38 41 42 45 47 49 51 54 55 58 60 62 64 67 68 71 73 75 77 79 81 84 85 87 89 92 94 96 97 99 101 103 105 107 110 112 114 116 118 120 121 123 125 127 129 131 134 136 138 140 142 144 145 147 149 152 154 156 157 159 161 164 166 168 169 171 173 176 178 180 181 183 185 188 190 192 193 195 197 200 202 204 205 207 209 212 214 216 217 219 221 224 226 228 229 231 233 236 238 240 241 243 245 248 250 252 253 255 257
a 2 3 6 8 10 12 15 16 19 21 23 25 28 29 32 34 36 38 41 42 45 47 49 51 54 55 58 60 62 64 67 68 71 73 75 77 79 82 84 85 87 89 92 94 96 97 99 101 103 105 107 110 112 114 116 118 120 121 123 125 127 129 131 134 136 138 140 142 144 145 147 149 152 154 156 157 159 161 164 166 168 169 171 173 176 178 180 181 183 185 188 190 192 193 195 197 200 202 204 205 207 209 212 214 216 217 219 221 224 226 228 229 231 233 236 238 240 241 243 245 248 250 252 253 255 257
a 2 3 6 8 10 12 15 16 19 21 23 25 28 29 32 34 36 38 41 42 45 47 49 51 54 55 58 60 62 64 67 68 71 73 75 77 80 82 84 85 87 89 92 94 96 97 99 101 103 105 107 110 112 114 116 118 120 121 123 125 127 129 131 134 136 138 140 142 144 145 147 149 152 154 156 157 159 161 164 166 168 169 171 173 176 178 180 181 183 185 188 190 192 193 195 197 200 202 204 205 207 209 212 214 216 217 219 221 224 226 228 229 231 233 236 238 240 241 243 245 248 250 252 253 255 257
a 2 3 7 8 10 12 15 16 19 21 23 25 28 29 32 34 36 38 41 42 45 47 49 51 54 55 58 60 62 64 67 68 71 73 75 77 80 82 84 85 87 89 92 94 96 97 99 101 103 105 107 110 112 114 116 118 120 121 123 125 127 129 131 134 136 138 140 142 144 145 147 149 152 154 156 157 159 161 164 166 168 169 171 173 176 178 180 181 183 185 188 190 192 193 195 197 200 202 204 205 207 209 212 214 216 217 219 221 224 226 228 229 231 233 236 238 240 241 243 245 248 250 252 253 255 257
a 2 5 7 8 10 12 15 16 19 21 23 25 28 29 32 34 36 38 41 42 45 47 49 51 54 55 58 60 62 64 67 68 71 73 75 77 80 82 84 85 87 89 92 94 96 97 99 101 103 105 107 110 112 114 116 118 120 121 123 125 127 129 131 134 136 138 140 142 144 145 147 149 152 154 156 157 159 161 164 166 168 169 171 173 176 178 180 181 183 185 188 190 192 193 195 197 200 202 204 205 207 209 212 214 216 217 219 221 224 226 228 229 231 233 236 238 240 241 243 245 248 250 252 253 255 257
a 1 5 7 8 10 12 15 16 19 21 23 25 28 29 32 34 36 38 41 42 45 47 49 51 54 55 58 60 62 64 67 68 71 73 75 77 80 82 84 85 87 89 92 94 96 97 99 101 103 105 107 110 112 114 116 118 120 121 123 125 127 129 131 134 136 138 140 142 144 145 147 149 152 154 156 157 159 161 164 166 168 169 171 173 176 178 180 181 183 185 188 190 192 193 195 197 200 202 204 205 207 209 212 214 216 217 219 221 224 226 228 229 231 233 236 238 240 241 243 245 248 250 252 253 255 257
a 1 5 7 8 10 12 15 16 19 21 23 25 28 29 32 34 36 38 41 42 45 47 49 51 54 55 58 60 62 64 67 68 71 73 75 77 80 82 84 85 87 89 92 94 96 97 99 101 103 105 107 110 112 114 116 118 120 121 123 125 127 129 131 134 136 138 140 142 144 146 147 149 152 154 156 157 159 161 164 166 168 169 171 173 176 178 180 181 183 185 188 190 192 193 195 197 200 202 204 205 207 209 212 214 216 217 219 221 224 226 228 229 231 233 236 238 240 241 243 245 248 250 252 253 255 257
a 1 5 7 8 10 12 15 16 19 21 23 25 28 29 32 34 36 38 41 42 45 47 49 51 54 55 58 60 62 64 67 68 71 73 75 77 80 82 84 85 87 89 92 94 96 97 99 101 103 105 107 110 112 114 116 118 120 121 123 125 127 129 131 134 136 138 140 142 144 146 148 149 152 154 156 157 159 161 164 166 168 169 171 173 176 178 180 181 183 185 188 190 192 193 195 197 200 202 204 205 207 209 212 214 216 217 219 221 224 226 228 229 231 233 236 238 240 241 243 245 248 250 252 253 255 257
a 1 5 7 8 10 12 15 16 19 21 23 25 28 29 32 34 36 38 41 42 45 47 49 51 54 55 58 60 62 64 67 68 71 73 75 77 80 82 84 85 87 89 92 94 96 97 99 101 103 105 107 110 112 114 116 118 120 121 123 125 127 129 131 134 136 138 140 142 144 146 148 150 152 154 156 157 159 161 164 166 168 169 171 173 176 178 180 181 183 185 188 190 192 193 195 197 200 202 204 205 207 209 212 214 216 217 219 221 224 226 228 229 231 233 236 238 240 241 243 245 248 250 252 253 255 257
a 1 4 7 8 10 12 15 16 19 21 23 25 28 29 32 34 36 38 41 42 45 47 49 51 54 55 58 60 62 64 67 68 71 73 75 77 80 82 84 85 87 89 92 94 96 97 99 101 103 105 107 110 112 114 116 118 120 121 123 125 127 129 131 134 136 138 140 142 144 146 148 150 152 154 156 157 159 161 164 166 168 169 171 173 176 178 180 181 183 185 188 190 192 193 195 197 200 202 204 205 207 209 212 214 216 217 219 221 224 226 228 229 231 233 236 238 240 241 243 245 248 250 252 253 255 257
a 1 4 6 8 10 12 15 16 19 21 23 25 28 29 32 34 36 38 41 42 45 47 49 51 54 55 58 60 62 64 67 68 71 73 75 77 80 82 84 85 87 89 92 94 96 97 99 101 103 105 107 110 112 114 116 118 120 121 123 125 127 129 131 134 136 138 140 142 144 146 148 150 152 154 156 157 159 161 164 166 168 169 171 173 176 178 180 181 183 185 188 190 192 193 195 197 200 202 204 205 207 209 212 214 216 217 219 221 224 226 228 229 231 233 236 238 240 241 243 245 248 250 252 253 255 257
a 1 4 6 8 10 12 15 16 19 21 23 25 28 29 32 34 36 38 41 42 45 47 49 51 54 55 58 60 62 64 67 68 71 73 75 77 80 82 84 85 87 89 92 94 96 97 99 101 103 105 107 110 112 114 116 118 120 121 123 125 127 129 131 134 136 138 139 142 144 146 148 150 152 154 156 157 159 161 164 166 168 169 171 173 176 178 180 181 183 185 188 190 192 193 195 197 200 202 204 205 207 209 212 214 216 217 219 221 224 226 228 229 231 233 236 238 240 241 243 245 248 250 252 253 255 257
a 1 4 6 8 10 12 15 16 19 21 23 25 28 29 32 34 36 38 41 42 45 47 49 51 54 55 58 60 62 64 67 68 71 73 75 77 80 82 84 85 87 89 92 94 96 97 99 101 103 105 107 110 112 114 116 118 120 121 123 125 127 129 131 134 136 138 139 141 144 146 148 150 152 154 156 157 159 161 164 166 168 169 171 173 176 178 180 181 183 185 188 190 192 193 195 197 200 202 204 205 207 209 212 214 216 217 219 221 224 226 228 229 231 233 236 238 240 241 243 245 248 250 252 253 255 257
a 1 4 6 8 10 12 15 16 19 21 23 25 28 29 32 34 36 38 41 42 45 47 49 51 54 55 58 60 62 64 67 68 71 73 75 77 80 82 84 85 87 89 92 94 96 97 99 101 103 105 107 110 112 114 116 118 120 121 123 125 127 129 131 134 136 138 139 141 143 146 148 150 152 154 156 157 159 161 164 166 168 169 171 173 176 178 180 181 183 185 188 190 192 193 195 197 200 202 204 205 207 209 212 214 216 217 219 221 224 226 228 229 231 233 236 238 240 241 243 245 248 250 252 253 255 257
a 1 4 6 8 10 12 15 16 19 21 23 25 28 29 32 34 36 38 41 42 45 47 49 51 54 55 58 60 62 64 67 68 71 73 75 77 80 82 84 85 87 89 92 94 96 97 99 101 103 105 107 110 112 113 116 118 120 121 123 125 127 129 131 134 136 138 139 141 143 146 148 150 152 154 156 157 159 161 164 166 168 169 171 173 176 178 180 181 183 185 188 190 192 193 195 197 200 202 204 205 207 209 212 214 216 217 219 221 224 226 228 229 231 233 236 238 240 241 243 245 248 250 252 253 255 257
a 1 4 6 8 10 12 15 16 19 21 23 25 28 29 32 34 36 38 41 42 45 47 49 51 54 55 58 60 62 64 67 68 71 73 75 77 80 82 84 85 87 89 92 94 96 97 99 101 103 105 107 110 111 113 116 118 120 121 123 125 127 129 131 134 136 138 139 141 143 146 148 150 152 154 156 157 159 161 164 166 168 169 171 173 176 178 180 181 183 185 188 190 192 193 195 197 200 202 204 205 207 209 212 214 216 217 219 221 224 226 228 229 231 233 236 238 240 241 243 245 248 250 252 253 255 257
a 1 4 6 8 10 12 15 16 19 21 23 25 28 29 32 34 36 38 41 42 45 47 49 51 54 55 58 60 62 64 67 68 71 73 75 77 80 82 84 85 87 89 92 94 96 97 99 101 103 105 107 109 111 113 116 118 120 121 123 125 127 129 131 134 136 138 139 141 143 146 148 150 152 154 156 157 159 161 164 166 168 169 171 173 176 178 180 181 183 185 188 190 192 193 195 197 200 202 204 205 207 209 212 214 216 217 219 221 224 226 228 229 231 233 236 238 240 241 243 245 248 250 252 253 255 257
a 1 4 6 8 10 12 15 16 19 21 23 25 28 29 32 34 36 38 41 42 45 47 49 51 54 55 58 60 62 64 67 68 71 73 75 77 80 82 84 85 87 89 92 94 96 97 99 101 103 105 108 109 111 113 116 118 120 121 123 125 127 129 131 134 136 138 139 141 143 146 148 150 152 154 156 157 159 161 164 166 168 169 171 173 176 178 180 181 183 185 188 190 192 193 195 197 200 202 204 205 207 209 212 214 216 217 219 221 224 226 228 229 231 233 236 238 240 241 243 245 248 250 252 253 255 257
a 1 4 6 8 10 12 15 16 19 21 23 25 28 29 32 34 36 38 41 42 45 47 49 51 54 55 58 60 62 64 67 68 71 73 75 77 80 82 84 85 87 89 92 94 96 97 99 101 103 106 108 109 111 113 116 118 120 121 123 125 127 129 131 134 136 138 139 141 143 146 148 150 152 154 156 157 159 161 164 166 168 169 171 173 176 178 180 181 183 185 188 190 192 193 195 197 200 202 204 205 207 209 212 214 216 217 219 221 224 226 228 229 231 233 236 238 240 241 243 245 248 250 252 253 255 257
a 1 4 6 8 10 12 15 16 19 21 23 25 28 29 32 34 36 38 41 42 45 47 49 51 54 55 58 60 62 64 67 68 71 73 75 77 80 82 84 85 87 89 92 94 96 97 99 101 104 106 108 109 111 113 116 118 120 121 123 125 127 129 131 134 136 138 139 141 143 146 148 150 152 154 156 157 159 161 164 166 168 169 171 173 176 178 180 181 183 185 188 190 192 193 195 197 200 202 204 205 207 209 212 214 216 217 219 221 224 226 228 229 231 233 236 238 240 241 243 245 248 250 252 253 255 257
a 1 4 6 8 10 12 15 16 19 21 23 25 28 29 32 34 36 38 41 42 45 47 49 51 54 55 58 60 62 64 67 68 71 73 75 77 80 82 84 85 87 89 92 94 96 98 99 101 104 106 108 109 111 113 116 118 120 121 123 125 127 129 131 134 136 138 139 141 143 146 148 150 152 154 156 157 159 161 164 166 168 169 171 173 176 178 180 181 183 185 188 190 192 193 195 197 200 202 204 205 207 209 212 214 216 217 219 221 224 226 228 229 231 233 236 238 240 241 243 245 248 250 252 253 255 257
a 1 4 6 8 10 12 15 16 19 21 23 25 28 29 32 34 36 38 41 42 45 47 49 51 54 55 58 60 62 64 67 68 71 73 75 77 80 82 84 85 87 89 92 94 96 98 100 101 104 106 108 109 111 113 116 118 120 121 123 125 127 129 131 134 136 138 139 141 143 146 148 150 152 154 156 157 159 161 164 166 168 169 171 173 176 178 180 181 183 185 188 190 192 193 195 197 200 202 204 205 207 209 212 214 216 217 219 221 224 226 228 229 231 233 236 238 240 241 243 245 248 250 252 253 255 257
a 1 4 6 8 10 12 15 16 19 21 23 25 28 29 32 34 36 38 41 42 45 47 49 51 54 55 58 60 62 64 67 68 71 73 75 77 80 82 84 85 87 89 92 94 96 98 100 102 104 106 108 109 111 113 116 118 120 121 123 125 127 129 131 134 136 138 139 141 143 146 148 150 152 154 156 157 159 161 164 166 168 169 171 173 176 178 180 181 183 185 188 190 192 193 195 197 200 202 204 205 207 209 212 214 216 217 219 221 224 226 228 229 231 233 236 238 240 241 243 245 248 250 252 253 255 257
a 1 4 6 8 10 12 15 16 19 21 23 25 28 29 32 34 36 38 41 42 45 47 49 51 54 55 58 60 62 64 67 68 71 73 75 77 80 82 84 85 87 89 91 94 96 98 100 102 104 106 108 109 111 113 116 118 120 121 123 125 127 129 131 134 136 138 139 141 143 146 148 150 152 154 156 157 159 161 164 166 168 169 171 173 176 178 180 181 183 185 188 190 192 193 195 197 200 202 204 205 207 209 212 214 216 217 219 221 224 226 228 229 231 233 236 238 240 241 243 245 248 250 252 253 255 257
a 1 4 6 8 10 12 15 16 19 21 23 25 28 29 32 34 36 38 41 42 45 47 49 51 54 55 58 60 62 64 67 68 71 73 75 77 80 82 84 85 87 89 91 93 96 98 100 102 104 106 108 109 111 113 116 118 120 121 123 125 127 129 131 134 136 138 139 141 143 146 148 150 152 154 156 157 159 161 164 166 168 169 171 173 176 178 180 181 183 185 188 190 192 193 195 197 200 202 204 205 207 209 212 214 216 217 219 221 224 226 228 229 231 233 236 238 240 241 243 245 248 250 252 253 255 257
a 1 4 6 8 10 12 15 16 19 21 23 25 28 29 32 34 36 38 41 42 45 47 49 51 54 55 58 60 62 64 67 68 71 73 75 77 80 82 84 85 87 89 91 93 95 98 100 102 104 106 108 109 111 113 116 118 120 121 123 125 127 129 131 134 136 138 139 141 143 146 148 150 152 154 156 157 159 161 164 166 168 169 171 173 176 178 180 181 183 185 188 190 192 193 195 197 200 202 204 205 207 209 212 214 216 217 219 221 224 226 228 229 231 233 236 238 240 241 243 245 248 250 252 253 255 257
a 1 4 6 8 10 12 15 16 19 21 23 25 28 29 33 34 36 38 41 42 45 47 49 51 54 55 58 60 62 64 67 68 71 73 75 77 80 82 84 85 87 89 91 93 95 98 100 102 104 106 108 109 111 113 116 118 120 121 123 125 127 129 131 134 136 138 139 141 143 146 148 150 152 154 156 157 159 161 164 166 168 169 171 173 176 178 180 181 183 185 188 190 192 193 195 197 200 202 204 205 207 209 212 214 216 217 219 221 224 226 228 229 231 233 236 238 240 241 243 245 248 250 252 253 255 257
a 1 4 6 8 10 12 15 16 19 21 23 25 28 31 33 34 36 38 41 42 45 47 49 51 54 55 58 60 62 64 67 68 71 73 75 77 80 82 84 85 87 89 91 93 95 98 100 102 104 106 108 109 111 113 116 118 120 121 123 125 127 129 131 134 136 138 139 141 143 146 148 150 152 154 156 157 159 161 164 166 168 169 171 173 176 178 180 181 183 185 188 190 192 193 195 197 200 202 204 205 207 209 212 214 216 217 219 221 224 226 228 229 231 233 236 238 240 241 243 245 248 250 252 253 255 257
a 1 4 6 8 10 12 15 16 19 21 23 25 27 31 33 34 36 38 41 42 45 47 49 51 54 55 58 60 62 64 67 68 71 73 75 77 80 82 84 85 87 89 91 93 95 98 100 102 104 106 108 109 111 113 116 118 120 121 123 125 127 129 131 134 136 138 139 141 143 146 148 150 152 154 156 157 159 161 164 166 168 169 171 173 176 178 180 181 183 185 188 190 192 193 195 197 200 202 204 205 207 209 212 214 216 217 219 221 224 226 228 229 231 233 236 238 240 241 243 245 248 250 252 253 255 257
a 1 4 6 8 10 12 15 16 19 21 23 25 27 30 33 34 36 38 41 42 45 47 49 51 54 55 58 60 62 64 67 68 71 73 75 77 80 82 84 85 87 89 91 93 95 98 100 102 104 106 108 109 111 113 116 118 120 121 123 125 127 129 131 134 136 138 139 141 143 146 148 150 152 154 156 157 159 161 164 166 168 169 171 173 176 178 180 181 183 185 188 190 192 193 195 197 200 202 204 205 207 209 212 214 216 217 219 221 224 226 228 229 231 233 236 238 240 241 243 245 248 250 252 253 255 257
a 1 4 6 8 10 12 15 16 19 21 23 25 27 30 32 34 36 38 41 42 45 47 49 51 54 55 58 60 62 64 67 68 71 73 75 77 80 82 84 85 87 89 91 93 95 98 100 102 104 106 108 109 111 113 116 118 120 121 123 125 127 129 131 134 136 138 139 141 143 146 148 150 152 154 156 157 159 161 164 166 168 169 171 173 176 178 180 181 183 185 188 190 192 193 195 197 200 202 204 205 207 209 212 214 216 217 219 221 224 226 228 229 231 233 236 238 240 241 243 245 248 250 252 253 255 257
a 1 4 6 8 10 12 15 16 19 21 23 25 27 30 32 34 36 38 41 42 45 47 49 51 54 55 58 60 62 64 67 68 71 73 75 77 80 82 84 85 87 89 91 93 95 98 100 102 104 106 108 109 111 113 116 118 120 121 123 125 127 129 131 134 136 138 139 141 143 146 148 149 152 154 156 157 159 161 164 166 168 169 171 173 176 178 180 181 183 185 188 190 192 193 195 197 200 202 204 205 207 209 212 214 216 217 219 221 224 226 228 229 231 233 236 238 240 241 243 245 248 250 252 253 255 257
a 1 4 6 8 10 12 15 16 19 21 23 25 27 30 32 34 36 38 41 42 45 47 49 51 54 55 58 60 62 64 67 68 71 73 75 77 80 82 84 85 87 89 91 93 95 98 100 102 104 106 108 109 111 113 116 118 120 121 123 125 127 129 131 134 136 138 139 141 143 146 147 149 152 154 156 157 159 161 164 166 168 169 171 173 176 178 180 181 183 185 188 190 192 193 195 197 200 202 204 205 207 209 212 214 216 217 219 221 224 226 228 229 231 233 236 238 240 241 243 245 248 250 252 253 255 257
a 1 4 6 8 10 12 15 16 19 21 23 25 27 30 32 34 36 38 41 42 45 47 49 51 54 55 58 60 62 64 67 68 71 73 75 77 80 82 84 85 87 89 91 93 95 98 100 102 104 106 108 109 111 113 116 118 120 121 123 125 127 129 131 134 136 138 139 141 143 145 147 149 152 154 156 157 159 161 164 166 168 169 171 173 176 178 180 181 183 185 188 190 192 193 195 197 200 202 204 205 207 209 212 214 216 217 219 221 224 226 228 229 231 233 236 238 240 241 243 245 248 250 252 253 255 257
a 1 4 6 8 10 12 15 16 19 21 23 25 27 30 32 34 36 38 41 42 45 47 49 51 54 55 58 60 62 64 67 68 71 73 75 77 80 82 84 85 87 89 91 93 95 98 100 102 104 106 108 109 111 113 116 118 120 121 123 125 127 129 131 134 136 138 139 141 144 145 147 149 152 154 156 157 159 161 164 166 168 169 171 173 176 178 180 181 183 185 188 190 192 193 195 197 200 202 204 205 207 209 212 214 216 217 219 221 224 226 228 229 231 233 236 238 240 241 243 245 248 250 252 253 255 257
a 1 4 6 8 10 12 15 16 19 21 23 25 27 30 32 34 36 38 41 42 45 47 49 51 54 55 58 60 62 64 67 68 71 73 75 77 80 82 84 85 87 89 91 93 95 98 100 102 104 106 108 109 111 113 116 118 120 121 123 125 127 129 131 134 136 138 139 142 144 145 147 149 152 154 156 157 159 161 164 166 168 169 171 173 176 178 180 181 183 185 188 190 192 193 195 197 200 202 204 205 207 209 212 214 216 217 219 221 224 226 228 229 231 233 236 238 240 241 243 245 248 250 252 253 255 257
a 1 4 6 8 10 12 15 16 19 21 23 25 27 30 32 34 36 38 41 42 45 47 49 51 54 55 58 60 62 64 67 68 71 73 75 77 80 82 84 85 87 89 91 93 95 98 100 102 104 106 108 109 111 113 116 118 120 121 123 125 127 129 131 134 136 138 140 142 144 145 147 149 152 154 156 157 159 161 164 166 168 169 171 173 176 178 180 181 183 185 188 190 192 193 195 197 200 202 204 205 207 209 212 214 216 217 219 221 224 226 228 229 231 233 236 238 240 241 243 245 248 250 252 253 255 257
a 1 4 6 8 10 12 15 16 19 21 23 25 27 30 32 34 36 38 41 42 45 47 49 51 54 55 58 60 62 64 67 68 71 73 75 77 80 82 84 85 87 89 91 93 95 98 100 101 104 106 108 109 111 113 116 118 120 121 123 125 127 129 131 134 136 138 140 142 144 145 147 149 152 154 156 157 159 161 164 166 168 169 171 173 176 178 180 181 183 185 188 190 192 193 195 197 200 202 204 205 207 209 212 214 216 217 219 221 224 226 228 229 231 233 236 238 240 241 243 245 248 250 252 253 255 257
a 1 4 6 8 10 12 15 16 19 21 23 25 27 30 32 34 36 38 41 42 45 47 49 51 54 55 58 60 62 64 67 68 71 73 75 77 80 82 84 85 87 89 91 93 95 98 99 101 104 106 108 109 111 113 116 118 120 121 123 125 127 129 131 134 136 138 140 142 144 145 147 149 152 154 156 157 159 161 164 166 168 169 171 173 176 178 180 181 183 185 188 190 192 193 195 197 200 202 204 205 207 209 212 214 216 217 219 221 224 226 228 229 231 233 236 238 240 241 243 245 248 250 252 253 255 257
a 1 4 6 8 10 12 15 16 19 21 23 25 27 30 32 34 36 38 41 42 45 47 49 51 54 55 58 60 62 64 67 68 71 73 75 77 80 82 84 85 87 89 91 93 95 97 99 101 104 106 108 109 111 113 116 118 120 121 123 125 127 129 131 134 136 138 140 142 144 145 147 149 152 154 156 157 159 161 164 166 168 169 171 173 176 178 180 181 183 185 188 190 192 193 195 197 200 202 204 205 207 209 212 214 216 217 219 221 224 226 228 229 231 233 236 238 240 241 243 245 248 250 252 253 255 257
a 1 4 6 8 10 12 15 16 19 21 23 25 27 30 32 34 36 38 41 42 45 47 49 51 54 55 58 60 62 64 67 68 71 73 75 77 80 82 84 85 87 89 91 93 96 97 99 101 104 106 108 109 111 113 116 118 120 121 123 125 127 129 131 134 136 138 140 142 144 145 147 149 152 154 156 157 159 161 164 166 168 169 171 173 176 178 180 181 183 185 188 190 192 193 195 197 200 202 204 205 207 209 212 214 216 217 219 221 224 226 228 229 231 233 236 238 240 241 243 245 248 250 252 253 255 257
a 1 4 6 8 10 12 15 16 19 21 23 25 27 30 32 34 36 38 41 42 45 47 49 51 54 55 58 60 62 64 67 68 71 73 75 77 80 82 84 85 87 89 91 94 96 97 99 101 104 106 108 109 111 113 116 118 120 121 123 125 127 129 131 134 136 138 140 142 144 145 147 149 152 154 156 157 159 161 164 166 168 169 171 173 176 178 180 181 183 185 188 190 192 193 195 197 200 202 204 205 207 209 212 214 216 217 219 221 224 226 228 229 231 233 236 238 240 241 243 245 248 250 252 253 255 257
a 1 4 6 8 10 12 15 16 19 21 23 25 27 30 32 34 36 38 41 42 45 47 49 51 54 55 58 60 62 64 67 68 71 73 75 77 80 82 84 85 87 89 92 94 96 97 99 101 104 106 108 109 111 113 116 118 120 121 123 125 127 129 131 134 136 138 140 142 144 145 147 149 152 154 156 157 159 161 164 166 168 169 171 173 176 178 180 181 183 185 188 190 192 193 195 197 200 202 204 205 207 209 212 214 216 217 219 221 224 226 228 229 231 233 236 238 240 241 243 245 248 250 252 253 255 257
a 1 4 7 8 10 12 15 16 19 21 23 25 27 30 32 34 36 38 41 42 45 47 49 51 54 55 58 60 62 64 67 68 71 73 75 77 80 82 84 85 87 89 92 94 96 97 99 101 104 106 108 109 111 113 116 118 120 121 123 125 127 129 131 134 136 138 140 142 144 145 147 149 152 154 156 157 159 161 164 166 168 169 171 173 176 178 180 181 183 185 188 190 192 193 195 197 200 202 204 205 207 209 212 214 216 217 219 221 224 226 228 229 231 233 236 238 240 241 243 245 248 250 252 253 255 257
a 1 5 7 8 10 12 15 16 19 21 23 25 27 30 32 34 36 38 41 42 45 47 49 51 54 55 58 60 62 64 67 68 71 73 75 77 80 82 84 85 87 89 92 94 96 97 99 101 104 106 108 109 111 113 116 118 120 121 123 125 127 129 131 134 136 138 140 142 144 145 147 149 152 154 156 157 159 161 164 166 168 169 171 173 176 178 180 181 183 185 188 190 192 193 195 197 200 202 204 205 207 209 212 214 216 217 219 221 224 226 228 229 231 233 236 238 240 241 243 245 248 250 252 253 255 257
a 2 5 7 8 10 12 15 16 19 21 23 25 27 30 32 34 36 38 41 42 45 47 49 51 54 55 58 60 62 64 67 68 71 73 75 77 80 82 84 85 87 89 92 94 96 97 99 101 104 106 108 109 111 113 116 118 120 121 123 125 127 129 131 134 136 138 140 142 144 145 147 149 152 154 156 157 159 161 164 166 168 169 171 173 176 178 180 181 183 185 188 190 192 193 195 197 200 202 204 205 207 209 212 214 216 217 219 221 224 226 228 229 231 233 236 238 240 241 243 245 248 250 252 253 255 257
a 2 5 7 8 10 12 15 16 19 21 23 25 27 30 32 34 36 38 41 42 45 47 49 51 54 55 58 60 62 64 67 68 71 73 75 77 80 82 84 86 87 89 92 94 96 97 99 101 104 106 108 109 111 113 116 118 120 121 123 125 127 129 131 134 136 138 140 142 144 145 147 149 152 154 156 157 159 161 164 166 168 169 171 173 176 178 180 181 183 185 188 190 192 193 195 197 200 202 204 205 207 209 212 214 216 217 219 221 224 226 228 229 231 233 236 238 240 241 243 245 248 250 252 253 255 257
a 2 5 7 8 10 12 15 16 19 21 23 25 27 30 32 34 36 38 41 42 45 47 49 51 54 55 58 60 62 64 67 68 71 73 75 77 80 82 84 86 88 89 92 94 96 97 99 101 104 106 108 109 111 113 116 118 120 121 123 125 127 129 131 134 136 138 140 142 144 145 147 149 152 154 156 157 159 161 164 166 168 169 171 173 176 178 180 181 183 185 188 190 192 193 195 197 200 202 204 205 207 209 212 214 216 217 219 221 224 226 228 229 231 233 236 238 240 241 243 245 248 250 252 253 255 257
a 2 5 7 8 10 12 15 16 19 21 23 25 27 30 32 34 36 38 41 42 45 47 49 51 54 55 58 60 62 64 67 68 71 73 75 77 80 82 84 86 88 90 92 94 96 97 99 101 104 106 108 109 111 113 116 118 120 121 123 125 127 129 131 134 136 138 140 142 144 145 147 149 152 154 156 157 159 161 164 166 168 169 171 173 176 178 180 181 183 185 188 190 192 193 195 197 200 202 204 205 207 209 212 214 216 217 219 221 224 226 228 229 231 233 236 238 240 241 243 245 248 250 252 253 255 257
a 2 3 7 8 10 12 15 16 19 21 23 25 27 30 32 34 36 38 41 42 45 47 49 51 54 55 58 60 62 64 67 68 71 73 75 77 80 82 84 86 88 90 92 94 96 97 99 101 104 106 108 109 111 113 116 118 120 121 123 125 127 129 131 134 136 138 140 142 144 145 147 149 152 154 156 157 159 161 164 166 168 169 171 173 176 178 180 181 183 185 188 190 192 193 195 197 200 202 204 205 207 209 212 214 216 217 219 221 224 226 228 229 231 233 236 238 240 241 243 245 248 250 252 253 255 257
a 2 3 6 8 10 12 15 16 19 21 23 25 27 30 32 34 36 38 41 42 45 47 49 51 54 55 58 60 62 64 67 68 71 73 75 77 80 82 84 86 88 90 92 94 96 97 99 101 104 106 108 109 111 113 116 118 120 121 123 125 127 129 131 134 136 138 140 142 144 145 147 149 152 154 156 157 159 161 164 166 168 169 171 173 176 178 180 181 183 185 188 190 192 193 195 197 200 202 204 205 207 209 212 214 216 217 219 221 224 226 228 229 231 233 236 238 240 241 243 245 248 250 252 253 255 257
a 2 3 6 8 10 12 15 16 19 21 23 25 27 30 32 34 36 38 41 42 45 47 49 51 54 55 58 60 62 64 67 68 71 73 75 77 79 82 84 86 88 90 92 94 96 97 99 101 104 106 108 109 111 113 116 118 120 121 123 125 127 129 131 134 136 138 140 142 144 145 147 149 152 154 156 157 159 161 164 166 168 169 171 173 176 178 180 181 183 185 188 190 192 193 195 197 200 202 204 205 207 209 212 214 216 217 219 221 224 226 228 229 231 233 236 238 240 241 243 245 248 250 252 253 255 257
a 2 3 6 8 10 12 15 16 19 21 23 25 27 30 32 34 36 38 41 42 45 47 49 51 54 55 58 60 62 64 67 68 71 73 75 77 79 81 84 86 88 90 92 94 96 97 99 101 104 106 108 109 111 113 116 118 120 121 123 125 127 129 131 134 136 138 140 142 144 145 147 149 152 154 156 157 159 161 164 166 168 169 171 173 176 178 180 181 183 185 188 190 192 193 195 197 200 202 204 205 207 209 212 214 216 217 219 221 224 226 228 229 231 233 236 238 240 241 243 245 248 250 252 253 255 257
a 2 3 6 8 10 12 15 16 19 21 23 25 27 30 32 34 36 38 41 42 45 47 49 51 54 55 58 60 62 64 67 68 71 73 75 77 79 81 83 86 88 90 92 94 96 97 99 101 104 106 108 109 111 113 116 118 120 121 123 125 127 129 131 134 136 138 140 142 144 145 147 149 152 154 156 157 159 161 164 166 168 169 171 173 176 178 180 181 183 185 188 190 192 193 195 197 200 202 204 205 207 209 212 214 216 217 219 221 224 226 228 229 231 233 236 238 240 241 243 245 248 250 252 253 255 257
a 2 3 6 8 10 12 15 16 20 21 23 25 27 30 32 34 36 38 41 42 45 47 49 51 54 55 58 60 62 64 67 68 71 73 75 77 79 81 83 86 88 90 92 94 96 97 99 101 104 106 108 109 111 113 116 118 120 121 123 125 127 129 131 134 136 138 140 142 144 145 147 149 152 154 156 157 159 161 164 166 168 169 171 173 176 178 180 181 183 185 188 190 192 193 195 197 200 202 204 205 207 209 212 214 216 217 219 221 224 226 228 229 231 233 236 238 240 241 243 245 248 250 252 253 255 257
a 2 3 6 8 10 12 15 18 20 21 23 25 27 30 32 34 36 38 41 42 45 47 49 51 54 55 58 60 62 64 67 68 71 73 75 77 79 81 83 86 88 90 92 94 96 97 99 101 104 106 108 109 111 113 116 118 120 121 123 125 127 129 131 134 136 138 140 142 144 145 147 149 152 154 156 157 159 161 164 166 168 169 171 173 176 178 180 181 183 185 188 190 192 193 195 197 200 202 204 205 207 209 212 214 216 217 219 221 224 226 228 229 231 233 236 238 240 241 243 245 248 250 252 253 255 257
a 2 3 6 8 10 12 14 18 20 21 23 25 27 30 32 34 36 38 41 42 45 47 49 51 54 55 58 60 62 64 67 68 71 73 75 77 79 81 83 86 88 90 92 94 96 97 99 101 104 106 108 109 111 113 116 118 120 121 123 125 127 129 131 134 136 138 140 142 144 145 147 149 152 154 156 157 159 161 164 166 168 169 171 173 176 178 180 181 183 185 188 190 192 193 195 197 200 202 204 205 207 209 212 214 216 217 219 221 224 226 228 229 231 233 236 238 240 241 243 245 248 250 252 253 255 257
a 2 3 6 8 10 12 14 17 20 21 23 25 27 30 32 34 36 38 41 42 45 47 49 51 54 55 58 60 62 64 67 68 71 73 75 77 79 81 83 86 88 90 92 94 96 97 99 101 104 106 108 109 111 113 116 118 120 121 123 125 127 129 131 134 136 138 140 142 144 145 147 149 152 154 156 157 159 161 164 166 168 169 171 173 176 178 180 181 183 185 188 190 192 193 195 197 200 202 204 205 207 209 212 214 216 217 219 221 224 226 228 229 231 233 236 238 240 241 243 245 248 250 252 253 255 257
a 2 3 6 8 10 12 14 17 19 21 23 25 27 30 32 34 36 38 41 42 45 47 49 51 54 55 58 60 62 64 67 68 71 73 75 77 79 81 83 86 88 90 92 94 96 97 99 101 104 106 108 109 111 113 116 118 120 121 123 125 127 129 131 134 136 138 140 142 144 145 147 149 152 154 156 157 159 161 164 166 168 169 171 173 176 178 180 181 183 185 188 190 192 193 195 197 200 202 204 205 207 209 212 214 216 217 219 221 224 226 228 229 231 233 236 238 240 241 243 245 248 250 252 253 255 257
a 2 3 6 8 10 12 14 17 19 21 23 25 27 30 32 34 36 38 41 42 45 47 49 51 54 55 58 60 62 64 67 68 71 73 75 77 79 81 83 86 88 89 92 94 96 97 99 101 104 106 108 109 111 113 116 118 120 121 123 125 127 129 131 134 136 138 140 142 144 145 147 149 152 154 156 157 159 161 164 166 168 169 171 173 176 178 180 181 183 185 188 190 192 193 195 197 200 202 204 205 207 209 212 214 216 217 219 221 224 226 228 229 231 233 236 238 240 241 243 245 248 250 252 253 255 257
a 2 3 6 8 10 12 14 17 19 21 23 25 27 30 32 34 36 38 41 42 45 47 49 51 54 55 58 60 62 64 67 68 71 73 75 77 79 81 83 86 87 89 92 94 96 97 99 101 104 106 108 109 111 113 116 118 120 121 123 125 127 129 131 134 136 138 140 142 144 145 147 149 152 154 156 157 159 161 164 166 168 169 171 173 176 178 180 181 183 185 188 190 192 193 195 197 200 202 204 205 207 209 212 214 216 217 219 221 224 226 228 229 231 233 236 238 240 241 243 245 248 250 252 253 255 257
a 2 3 6 8 10 12 14 17 19 21 23 25 27 30 32 34 36 38 41 42 45 47 49 51 54 55 58 60 62 64 67 68 71 73 75 77 79 81 83 85 87 89 92 94 96 97 99 101 104 106 108 109 111 113 116 118 120 121 123 125 127 129 131 134 136 138 140 142 144 145 147 149 152 154 156 157 159 161 164 166 168 169 171 173 176 178 180 181 183 185 188 190 192 193 195 197 200 202 204 205 207 209 212 214 216 217 219 221 224 226 228 229 231 233 236 238 240 241 243 245 248 250 252 253 255 257
a 2 3 6 8 10 12 14 17 19 21 23 25 27 30 32 34 36 38 41 42 45 47 49 51 54 55 58 60 62 64 67 68 71 73 75 77 79 81 84 85 87 89 92 94 96 97 99 101 104 106 108 109 111 113 116 118 120 121 123 125 127 129 131 134 136 138 140 142 144 145 147 149 152 154 156 157 159 161 164 166 168 169 171 173 176 178 180 181 183 185 188 190 192 193 195 197 200 202 204 205 207 209 212 214 216 217 219 221 224 226 228 229 231 233 236 238 240 241 243 245 248 250 252 253 255 257
a 2 3 6 8 10 12 14 17 19 21 23 25 27 30 32 34 36 38 41 42 45 47 49 51 54 55 58 60 62 64 67 68 71 73 75 77 79 82 84 85 87 89 92 94 96 97 99 101 104 106 108 109 111 113 116 118 120 121 123 125 127 129 131 134 136 138 140 142 144 145 147 149 152 154 156 157 159 161 164 166 168 169 171 173 176 178 180 181 183 185 188 190 192 193 195 197 200 202 204 205 207 209 212 214 216 217 219 221 224 226 228 229 231 233 236 238 240 241 243 245 248 250 252 253 255 257
a 2 3 6 8 10 12 14 17 19 21 23 25 27 30 32 34 36 38 41 42 45 47 49 51 54 55 58 60 62 64 67 68 71 73 75 77 80 82 84 85 87 89 92 94 96 97 99 101 104 106 108 109 111 113 116 118 120 121 123 125 127 129 131 134 136 138 140 142 144 145 147 149 152 154 156 157 159 161 164 166 168 169 171 173 176 178 180 181 183 185 188 190 192 193 195 197 200 202 204 205 207 209 212 214 216 217 219 221 224 226 228 229 231 233 236 238 240 241 243 245 248 250 252 253 255 257
a 2 3 7 8 10 12 14 17 19 21 23 25 27 30 32 34 36 38 41 42 45 47 49 51 54 55 58 60 62 64 67 68 71 73 75 77 80 82 84 85 87 89 92 94 96 97 99 101 104 106 108 109 111 113 116 118 120 121 123 125 127 129 131 134 136 138 140 142 144 145 147 149 152 154 156 157 159 161 164 166 168 169 171 173 176 178 180 181 183 185 188 190 192 193 195 197 200 202 204 205 207 209 212 214 216 217 219 221 224 226 228 229 231 233 236 238 240 241 243 245 248 250 252 253 255 257
a 2 5 7 8 10 12 14 17 19 21 23 25 27 30 32 34 36 38 41 42 45 47 49 51 54 55 58 60 62 64 67 68 71 73 75 77 80 82 84 85 87 89 92 94 96 97 99 101 104 106 108 109 111 113 116 118 120 121 123 125 127 129 131 134 136 138 140 142 144 145 147 149 152 154 156 157 159 161 164 166 168 169 171 173 176 178 180 181 183 185 188 190 192 193 195 197 200 202 204 205 207 209 212 214 216 217 219 221 224 226 228 229 231 233 236 238 240 241 243 245 248 250 252 253 255 257
a 1 5 7 8 10 12 14 17 19 21 23 25 27 30 32 34 36 38 41 42 45 47 49 51 54 55 58 60 62 64 67 68 71 73 75 77 80 82 84 85 87 89 92 94 96 97 99 101 104 106 108 109 111 113 116 118 120 121 123 125 127 129 131 134 136 138 140 142 144 145 147 149 152 154 156 157 159 161 164 166 168 169 171 173 176 178 180 181 183 185 188 190 192 193 195 197 200 202 204 205 207 209 212 214 216 217 219 221 224 226 228 229 231 233 236 238 240 241 243 245 248 250 252 253 255 257
a 1 5 7 8 10 12 14 17 19 21 23 25 27 30 32 34 36 38 41 42 45 47 49 51 54 55 58 60 62 64 67 68 71 73 75 77 80 82 84 85 87 89 92 94 96 97 99 101 104 106 108 109 111 113 116 118 120 121 123 125 127 129 131 134 136 138 140 142 144 145 147 149 152 154 156 157 159 161 164 166 168 169 171 173 176 178 180 181 183 185 188 190 192 193 195 197 200 202 204 205 207 209 212 214 216 217 219 221 224 226 228 230 231 233 236 238 240 241 243 245 248 250 252 253 255 257
a 1 5 7 8 10 12 14 17 19 21 23 25 27 30 32 34 36 38 41 42 45 47 49 51 54 55 58 60 62 64 67 68 71 73 75 77 80 82 84 85 87 89 92 94 96 97 99 101 104 106 108 109 111 113 116 118 120 121 123 125 127 129 131 134 136 138 140 142 144 145 147 149 152 154 156 157 159 161 164 166 168 169 171 173 176 178 180 181 183 185 188 190 192 193 195 197 200 202 204 205 207 209 212 214 216 217 219 221 224 226 228 230 232 233 236 238 240 241 243 245 248 250 252 253 255 257
a 1 5 7 8 10 12 14 17 19 21 23 25 27 30 32 34 36 38 41 42 45 47 49 51 54 55 58 60 62 64 67 68 71 73 75 77 80 82 84 85 87 89 92 94 96 97 99 101 104 106 108 109 111 113 116 118 120 121 123 125 127 129 131 134 136 138 140 142 144 145 147 149 152 154 156 157 159 161 164 166 168 169 171 173 176 178 180 181 183 185 188 190 192 193 195 197 200 202 204 205 207 209 212 214 216 217 219 221 224 226 228 230 232 234 236 238 240 241 243 245 248 250 252 253 255 257
a 1 4 7 8 10 12 14 17 19 21 23 25 27 30 32 34 36 38 41 42 45 47 49 51 54 55 58 60 62 64 67 68 71 73 75 77 80 82 84 85 87 89 92 94 96 97 99 101 104 106 108 109 111 113 116 118 120 121 123 125 127 129 131 134 136 138 140 142 144 145 147 149 152 154 156 157 159 161 164 166 168 169 171 173 176 178 180 181 183 185 188 190 192 193 195 197 200 202 204 205 207 209 212 214 216 217 219 221 224 226 228 230 232 234 236 238 240 241 243 245 248 250 252 253 255 257
a 1 4 6 8 10 12 14 17 19 21 23 25 27 30 32 34 36 38 41 42 45 47 49 51 54 55 58 60 62 64 67 68 71 73 75 77 80 82 84 85 87 89 92 94 96 97 99 101 104 106 108 109 111 113 116 118 120 121 123 125 127 129 131 134 136 138 140 142 144 145 147 149 152 154 156 157 159 161 164 166 168 169 171 173 176 178 180 181 183 185 188 190 192 193 195 197 200 202 204 205 207 209 212 214 216 217 219 221 224 226 228 230 232 234 236 238 240 241 243 245 248 250 252 253 255 257
a 1 4 6 8 10 12 14 17 19 21 23 25 27 30 32 34 36 38 41 42 45 47 49 51 54 55 58 60 62 64 67 68 71 73 75 77 80 82 84 85 87 89 92 94 96 97 99 101 104 106 108 109 111 113 116 118 120 121 123 125 127 129 131 134 136 138 140 142 144 145 147 149 152 154 156 157 159 161 164 166 168 169 171 173 176 178 180 181 183 185 188 190 192 193 195 197 200 202 204 205 207 209 212 214 216 217 219 221 223 226 228 230 232 234 236 238 240 241 243 245 248 250 252 253 255 257
a 1 4 6 8 10 12 14 17 19 21 23 25 27 30 32 34 36 38 41 42 45 47 49 51 54 55 58 60 62 64 67 68 71 73 75 77 80 82 84 85 87 89 92 94 96 97 99 101 104 106 108 109 111 113 116 118 120 121 123 125 127 129 131 134 136 138 140 142 144 145 147 149 152 154 156 157 159 161 164 166 168 169 171 173 176 178 180 181 183 185 188 190 192 193 195 197 200 202 204 205 207 209 212 214 216 217 219 221 223 225 228 230 232 234 236 238 240 241 243 245 248 250 252 253 255 257
a 1 4 6 8 10 12 14 17 19 21 23 25 27 30 32 34 36 38 41 42 45 47 49 51 54 55 58 60 62 64 67 68 71 73 75 77 80 82 84 85 87 89 92 94 96 97 99 101 104 106 108 109 111 113 116 118 120 121 123 125 127 129 131 134 136 138 140 142 144 145 147 149 152 154 156 157 159 161 164 166 168 169 171 173 176 178 180 181 183 185 188 190 192 193 195 197 200 202 204 205 207 209 212 214 216 217 219 221 223 225 227 230 232 234 236 238 240 241 243 245 248 250 252 253 255 257
a 1 4 6 8 10 12 14 17 19 21 23 25 27 30 32 34 36 38 41 42 45 47 49 51 54 55 58 60 62 64 67 68 71 73 75 77 80 82 84 85 87 89 92 94 96 97 99 101 104 106 108 109 111 113 116 118 120 121 123 125 127 129 131 134 136 138 140 142 144 145 147 149 152 154 156 157 159 161 164 166 168 169 171 173 176 178 180 181 183 185 188 190 192 193 195 197 200 202 204 206 207 209 212 214 216 217 219 221 223 225 227 230 232 234 236 238 240 241 243 245 248 250 252 253 255 257
a 1 4 6 8 10 12 14 17 19 21 23 25 27 30 32 34 36 38 41 42 45 47 49 51 54 55 58 60 62 64 67 68 71 73 75 77 80 82 84 85 87 89 92 94 96 97 99 101 104 106 108 109 111 113 116 118 120 121 123 125 127 129 131 134 136 138 140 142 144 145 147 149 152 154 156 157 159 161 164 166 168 169 171 173 176 178 180 181 183 185 188 190 192 193 195 197 200 202 204 206 208 209 212 214 216 217 219 221 223 225 227 230 232 234 236 238 240 241 243 245 248 250 252 253 255 257
a 1 4 6 8 10 12 14 17 19 21 23 25 27 30 32 34 36 38 41 42 45 47 49 51 54 55 58 60 62 64 67 68 71 73 75 77 80 82 84 85 87 89 92 94 96 97 99 101 104 106 108 109 111 113 116 118 120 121 123 125 127 129 131 134 136 138 140 142 144 145 147 149 152 154 156 157 159 161 164 166 168 169 171 173 176 178 180 181 183 185 188 190 192 193 195 197 200 202 204 206 208 210 212 214 216 217 219 221 223 225 227 230 232 234 236 238 240 241 243 245 248 250 252 253 255 257
a 1 4 6 8 10 12 14 17 19 21 23 25 27 30 32 34 36 38 41 42 45 47 49 51 54 55 58 60 62 64 67 68 71 73 75 77 80 82 84 85 87 89 92 94 96 97 99 101 104 106 108 109 111 113 116 118 120 121 123 125 127 129 131 134 136 138 140 142 144 145 147 149 152 154 156 157 159 161 164 166 168 169 171 173 176 178 180 181 183 185 188 190 192 193 195 197 199 202 204 206 208 210 212 214 216 217 219 221 223 225 227 230 232 234 236 238 240 241 243 245 248 250 252 253 255 257
a 1 4 6 8 10 12 14 17 19 21 23 25 27 30 32 34 36 38 41 42 45 47 49 51 54 55 58 60 62 64 67 68 71 73 75 77 80 82 84 85 87 89 92 94 96 97 99 101 104 106 108 109 111 113 116 118 120 121 123 125 127 129 131 134 136 138 140 142 144 145 147 149 152 154 156 157 159 161 164 166 168 169 171 173 176 178 180 181 183 185 188 190 192 193 195 197 199 201 204 206 208 210 212 214 216 217 219 221 223 225 227 230 232 234 236 238 240 241 243 245 248 250 252 253 255 257
a 1 4 6 8 10 12 14 17 19 21 23 25 27 30 32 34 36 38 41 42 45 47 49 51 54 55 58 60 62 64 67 68 71 73 75 77 80 82 84 85 87 89 92 94 96 97 99 101 104 106 108 109 111 113 116 118 120 121 123 125 127 129 131 134 136 138 140 142 144 145 147 149 152 154 156 157 159 161 164 166 168 169 171 173 176 178 180 181 183 185 188 190 192 193 195 197 199 201 203 206 208 210 212 214 216 217 219 221 223 225 227 230 232 234 236 238 240 241 243 245 248 250 252 253 255 257
a 1 4 6 8 10 12 14 17 19 21 23 25 27 30 32 34 36 38 41 42 45 47 49 51 54 55 58 60 62 64 67 68 71 73 75 77 80 82 84 85 87 89 92 94 96 97 99 101 104 106 108 109 111 113 116 118 120 121 123 125 127 129 131 134 136 138 140 142 144 145 147 149 152 154 156 157 159 161 164 166 168 170 171 173 176 178 180 181 183 185 188 190 192 193 195 197 199 201 203 206 208 210 212 214 216 217 219 221 223 225 227 230 232 234 236 238 240 241 243 245 248 250 252 253 255 257
a 1 4 6 8 10 12 14 17 19 21 23 25 27 30 32 34 36 38 41 42 45 47 49 51 54 55 58 60 62 64 67 68 71 73 75 77 80 82 84 85 87 89 92 94 96 97 99 101 104 106 108 109 111 113 116 118 120 121 123 125 127 129 131 134 136 138 140 142 144 145 147 149 152 154 156 157 159 161 164 166 168 170 172 173 176 178 180 181 183 185 188 190 192 193 195 197 199 201 203 206 208 210 212 214 216 217 219 221 223 225 227 230 232 234 236 238 240 241 243 245 248 250 252 253 255 257
a 1 4 6 8 10 12 14 17 19 21 23 25 27 30 32 34 36 38 41 42 45 47 49 51 54 55 58 60 62 64 67 68 71 73 75 77 80 82 84 85 87 89 92 94 96 97 99 101 104 106 108 109 111 113 116 118 120 121 123 125 127 129 131 134 136 138 140 142 144 145 147 149 152 154 156 157 159 161 164 166 168 170 172 174 176 178 180 181 183 185 188 190 192 193 195 197 199 201 203 206 208 210 212 214 216 217 219 221 223 225 227 230 232 234 236 238 240 241 243 245 248 250 252 253 255 257
a 1 4 6 8 10 12 14 17 19 21 23 25 27 30 32 34 36 38 41 42 45 47 49 51 54 55 58 60 62 64 67 68 71 73 75 77 80 82 84 85 87 89 92 94 96 97 99 101 104 106 108 109 111 113 116 118 120 121 123 125 127 129 131 134 136 138 140 142 144 145 147 149 152 154 156 157 159 161 163 166 168 170 172 174 176 178 180 181 183 185 188 190 192 193 195 197 199 201 203 206 208 210 212 214 216 217 219 221 223 225 227 230 232 234 236 238 240 241 243 245 248 250 252 253 255 257
a 1 4 6 8 10 12 14 17 19 21 23 25 27 30 32 34 36 38 41 42 45 47 49 51 54 55 58 60 62 64 67 68 71 73 75 77 80 82 84 85 87 89 92 94 96 97 99 101 104 106 108 109 111 113 116 118 120 121 123 125 127 129 131 134 136 138 140 142 144 145 147 149 152 154 156 157 159 161 163 165 168 170 172 174 176 178 180 181 183 185 188 190 192 193 195 197 199 201 203 206 208 210 212 214 216 217 219 221 223 225 227 230 232 234 236 238 240 241 243 245 248 250 252 253 255 257
a 1 4 6 8 10 12 14 17 19 21 23 25 27 30 32 34 36 38 41 42 45 47 49 51 54 55 58 60 62 64 67 68 71 73 75 77 80 82 84 85 87 89 92 94 96 97 99 101 104 106 108 109 111 113 116 118 120 121 123 125 127 129 131 134 136 138 140 142 144 145 147 149 152 154 156 157 159 161 163 165 167 170 172 174 176 178 180 181 183 185 188 190 192 193 195 197 199 201 203 206 208 210 212 214 216 217 219 221 223 225 227 230 232 234 236 238 240 241 243 245 248 250 252 253 255 257
a 1 4 6 8 10 12 14 17 19 21 23 25 27 30 32 34 36 38 41 42 45 47 49 51 54 55 58 60 62 64 67 68 71 73 75 77 80 82 84 85 87 89 92 94 96 97 99 101 104 106 108 109 111 113 116 118 120 121 123 125 127 129 131 134 136 137 140 142 144 145 147 149 152 154 156 157 159 161 163 165 167 170 172 174 176 178 180 181 183 185 188 190 192 193 195 197 199 201 203 206 208 210 212 214 216 217 219 221 223 225 227 230 232 234 236 238 240 241 243 245 248 250 252 253 255 257
a 1 4 6 8 10 12 14 17 19 21 23 25 27 30 32 34 36 38 41 42 45 47 49 51 54 55 58 60 62 64 67 68 71 73 75 77 80 82 84 85 87 89 92 94 96 97 99 101 104 106 108 109 111 113 116 118 120 121 123 125 127 129 131 134 135 137 140 142 144 145 147 149 152 154 156 157 159 161 163 165 167 170 172 174 176 178 180 181 183 185 188 190 192 193 195 197 199 201 203 206 208 210 212 214 216 217 219 221 223 225 227 230 232 234 236 238 240 241 243 245 248 250 252 253 255 257
a 1 4 6 8 10 12 14 17 19 21 23 25 27 30 32 34 36 38 41 42 45 47 49 51 54 55 58 60 62 64 67 68 71 73 75 77 80 82 84 85 87 89 92 94 96 97 99 101 104 106 108 109 111 113 116 118 120 121 123 125 127 129 131 133 135 137 140 142 144 145 147 149 152 154 156 157 159 161 163 165 167 170 172 174 176 178 180 181 183 185 188 190 192 193 195 197 199 201 203 206 208 210 212 214 216 217 219 221 223 225 227 230 232 234 236 238 240 241 243 245 248 250 252 253 255 257
a 1 4 6 8 10 12 14 17 19 21 23 25 27 30 32 34 36 38 41 42 45 47 49 51 54 55 58 60 62 64 67 68 71 73 75 77 80 82 84 85 87 89 92 94 96 97 99 101 104 106 108 109 111 113 116 118 120 121 123 125 127 129 132 133 135 137 140 142 144 145 147 149 152 154 156 157 159 161 163 165 167 170 172 174 176 178 180 181 183 185 188 190 192 193 195 197 199 201 203 206 208 210 212 214 216 217 219 221 223 225 227 230 232 234 236 238 240 241 243 245 248 250 252 253 255 257
a 1 4 6 8 10 12 14 17 19 21 23 25 27 30 32 34 36 38 41 42 45 47 49 51 54 55 58 60 62 64 67 68 71 73 75 77 80 82 84 85 87 89 92 94 96 97 99 101 104 106 108 109 111 113 116 118 120 121 123 125 127 130 132 133 135 137 140 142 144 145 147 149 152 154 156 157 159 161 163 165 167 170 172 174 176 178 180 181 183 185 188 190 192 193 195 197 199 201 203 206 208 210 212 214 216 217 219 221 223 225 227 230 232 234 236 238 240 241 243 245 248 250 252 253 255 257
a 1 4 6 8 10 12 14 17 19 21 23 25 27 30 32 34 36 38 41 42 45 47 49 51 54 55 58 60 62 64 67 68 71 73 75 77 80 82 84 85 87 89 92 94 96 97 99 101 104 106 108 109 111 113 116 118 120 121 123 125 128 130 132 133 135 137 140 142 144 145 147 149 152 154 156 157 159 161 163 165 167 170 172 174 176 178 180 181 183 185 188 190 192 193 195 197 199 201 203 206 208 210 212 214 216 217 219 221 223 225 227 230 232 234 236 238 240 241 243 245 248 250 252 253 255 257
a 1 4 6 8 10 12 14 17 19 21 23 25 27 30 32 34 36 38 41 42 45 47 49 51 54 55 58 60 62 64 67 68 71 73 75 77 80 82 84 85 87 89 92 94 96 97 99 101 104 106 108 109 111 113 116 118 120 122 123 125 128 130 132 133 135 137 140 142 144 145 147 149 152 154 156 157 159 161 163 165 167 170 172 174 176 178 180 181 183 185 188 190 192 193 195 197 199 201 203 206 208 210 212 214 216 217 219 221 223 225 227 230 232 234 236 238 240 241 243 245 248 250 252 253 255 257
a 1 4 6 8 10 12 14 17 19 21 23 25 27 30 32 34 36 38 41 42 45 47 49 51 54 55 58 60 62 64 67 68 71 73 75 77 80 82 84 85 87 89 92 94 96 97 99 101 104 106 108 109 111 113 116 118 120 122 124 125 128 130 132 133 135 137 140 142 144 145 147 149 152 154 156 157 159 161 163 165 167 170 172 174 176 178 180 181 183 185 188 190 192 193 195 197 199 201 203 206 208 210 212 214 216 217 219 221 223 225 227 230 232 234 236 238 240 241 243 245 248 250 252 253 255 257
a 1 4 6 8 10 12 14 17 19 21 23 25 27 30 32 34 36 38 41 42 45 47 49 51 54 55 58 60 62 64 67 68 71 73 75 77 80 82 84 85 87 89 92 94 96 97 99 101 104 106 108 109 111 113 116 118 120 122 124 126 128 130 132 133 135 137 140 142 144 145 147 149 152 154 156 157 159 161 163 165 167 170 172 174 176 178 180 181 183 185 188 190 192 193 195 197 199 201 203 206 208 210 212 214 216 217 219 221 223 225 227 230 232 234 236 238 240 241 243 245 248 250 252 253 255 257
a 1 4 6 8 10 12 14 17 19 21 23 25 27 30 32 34 36 38 41 42 45 47 49 51 54 55 58 60 62 64 67 68 71 73 75 77 80 82 84 85 87 89 92 94 96 97 99 101 104 106 108 109 111 113 115 118 120 122 124 126 128 130 132 133 135 137 140 142 144 145 147 149 152 154 156 157 159 161 163 165 167 170 172 174 176 178 180 181 183 185 188 190 192 193 195 197 199 201 203 206 208 210 212 214 216 217 219 221 223 225 227 230 232 234 236 238 240 241 243 245 248 250 252 253 255 257
a 1 4 6 8 10 12 14 17 19 21 23 25 27 30 32 34 36 38 41 42 45 47 49 51 54 55 58 60 62 64 67 68 71 73 75 77 80 82 84 85 87 89 92 94 96 97 99 101 104 106 108 109 111 113 115 117 120 122 124 126 128 130 132 133 135 137 140 142 144 145 147 149 152 154 156 157 159 161 163 165 167 170 172 174 176 178 180 181 183 185 188 190 192 193 195 197 199 201 203 206 208 210 212 214 216 217 219 221 223 225 227 230 232 234 236 238 240 241 243 245 248 250 252 253 255 257
a 1 4 6 8 10 12 14 17 19 21 23 25 27 30 32 34 36 38 41 42 45 47 49 51 54 55 58 60 62 64 67 68 71 73 75 77 80 82 84 85 87 89 92 94 96 97 99 101 104 106 108 109 111 113 115 117 119 122 124 126 128 130 132 133 135 137 140 142 144 145 147 149 152 154 156 157 159 161 163 165 167 170 172 174 176 178 180 181 183 185 188 190 192 193 195 197 199 201 203 206 208 210 212 214 216 217 219 221 223 225 227 230 232 234 236 238 240 241 243 245 248 250 252 253 255 257
a 1 4 6 8 10 12 14 17 19 21 23 25 27 30 32 34 36 38 41 42 45 47 49 51 54 55 59 60 62 64 67 68 71 73 75 77 80 82 84 85 87 89 92 94 96 97 99 101 104 106 108 109 111 113 115 117 119 122 124 126 128 130 132 133 135 137 140 142 144 145 147 149 152 154 156 157 159 161 163 165 167 170 172 174 176 178 180 181 183 185 188 190 192 193 195 197 199 201 203 206 208 210 212 214 216 217 219 221 223 225 227 230 232 234 236 238 240 241 243 245 248 250 252 253 255 257
a 1 4 6 8 10 12 14 17 19 21 23 25 27 30 32 34 36 38 41 42 45 47 49 51 54 57 59 60 62 64 67 68 71 73 75 77 80 82 84 85 87 89 92 94 96 97 99 101 104 106 108 109 111 113 115 117 119 122 124 126 128 130 132 133 135 137 140 142 144 145 147 149 152 154 156 157 159 161 163 165 167 170 172 174 176 178 180 181 183 185 188 190 192 193 195 197 199 201 203 206 208 210 212 214 216 217 219 221 223 225 227 230 232 234 236 238 240 241 243 245 248 250 252 253 255 257
a 1 4 6 8 10 12 14 17 19 21 23 25 27 30 32 34 36 38 41 42 45 47 49 51 53 57 59 60 62 64 67 68 71 73 75 77 80 82 84 85 87 89 92 94 96 97 99 101 104 106 108 109 111 113 115 117 119 122 124 126 128 130 132 133 135 137 140 142 144 145 147 149 152 154 156 157 159 161 163 165 167 170 172 174 176 178 180 181 183 185 188 190 192 193 195 197 199 201 203 206 208 210 212 214 216 217 219 221 223 225 227 230 232 234 236 238 240 241 243 245 248 250 252 253 255 257
a 1 4 6 8 10 12 14 17 19 21 23 25 27 30 32 34 36 38 41 42 45 47 49 51 53 56 59 60 62 64 67 68 71 73 75 77 80 82 84 85 87 89 92 94 96 97 99 101 104 106 108 109 111 113 115 117 119 122 124 126 128 130 132 133 135 137 140 142 144 145 147 149 152 154 156 157 159 161 163 165 167 170 172 174 176 178 180 181 183 185 188 190 192 193 195 197 199 201 203 206 208 210 212 214 216 217 219 221 223 225 227 230 232 234 236 238 240 241 243 245 248 250 252 253 255 257
a 1 4 6 8 10 12 14 17 19 21 23 25 27 30 32 34 36 38 41 42 45 47 49 51 53 56 58 60 62 64 67 68 71 73 75 77 80 82 84 85 87 89 92 94 96 97 99 101 104 106 108 109 111 113 115 117 119 122 124 126 128 130 132 133 135 137 140 142 144 145 147 149 152 154 156 157 159 161 163 165 167 170 172 174 176 178 180 181 183 185 188 190 192 193 195 197 199 201 203 206 208 210 212 214 216 217 219 221 223 225 227 230 232 234 236 238 240 241 243 245 248 250 252 253 255 257
a 1 4 6 8 10 12 14 17 19 21 23 25 27 30 32 34 36 38 41 42 45 47 49 51 53 56 58 60 62 64 67 68 71 73 75 77 80 82 84 85 87 89 92 94 96 97 99 101 104 106 108 109 111 113 115 117 119 122 124 126 128 130 132 133 135 137 140 142 144 145 147 149 152 154 156 157 159 161 163 165 167 170 172 174 176 178 180 181 183 185 188 190 192 193 195 197 199 201 203 206 208 210 212 214 216 217 219 221 223 225 227 230 232 233 236 238 240 241 243 245 248 250 252 253 255 257
a 1 4 6 8 10 12 14 17 19 21 23 25 27 30 32 34 36 38 41 42 45 47 49 51 53 56 58 60 62 64 67 68 71 73 75 77 80 82 84 85 87 89 92 94 96 97 99 101 104 106 108 109 111 113 115 117 119 122 124 126 128 130 132 133 135 137 140 142 144 145 147 149 152 154 156 157 159 161 163 165 167 170 172 174 176 178 180 181 183 185 188 190 192 193 195 197 199 201 203 206 208 210 212 214 216 217 219 221 223 225 227 230 231 233 236 238 240 241 243 245 248 250 252 253 255 257
a 1 4 6 8 10 12 14 17 19 21 23 25 27 30 32 34 36 38 41 42 45 47 49 51 53 56 58 60 62 64 67 68 71 73 75 77 80 82 84 85 87 89 92 94 96 97 99 101 104 106 108 109 111 113 115 117 119 122 124 126 128 130 132 133 135 137 140 142 144 145 147 149 152 154 156 157 159 161 163 165 167 170 172 174 176 178 180 181 183 185 188 190 192 193 195 197 199 201 203 206 208 210 212 214 216 217 219 221 223 225 227 229 231 233 236 238 240 241 243 245 248 250 252 253 255 257
a 1 4 6 8 10 12 14 17 19 21 23 25 27 30 32 34 36 38 41 42 45 47 49 51 53 56 58 60 62 64 67 68 71 73 75 77 80 82 84 85 87 89 92 94 96 97 99 101 104 106 108 109 111 113 115 117 119 122 124 126 128 130 132 133 135 137 140 142 144 145 147 149 152 154 156 157 159 161 163 165 167 170 172 174 176 178 180 181 183 185 188 190 192 193 195 197 199 201 203 206 208 210 212 214 216 217 219 221 223 225 228 229 231 233 236 238 240 241 243 245 248 250 252 253 255 257
a 1 4 6 8 10 12 14 17 19 21 23 25 27 30 32 34 36 38 41 42 45 47 49 51 53 56 58 60 62 64 67 68 71 73 75 77 80 82 84 85 87 89 92 94 96 97 99 101 104 106 108 109 111 113 115 117 119 122 124 126 128 130 132 133 135 137 140 142 144 145 147 149 152 154 156 157 159 161 163 165 167 170 172 174 176 178 180 181 183 185 188 190 192 193 195 197 199 201 203 206 208 210 212 214 216 217 219 221 223 226 228 229 231 233 236 238 240 241 243 245 248 250 252 253 255 257
a 1 4 6 8 10 12 14 17 19 21 23 25 27 30 32 34 36 38 41 42 45 47 49 51 53 56 58 60 62 64 67 68 71 73 75 77 80 82 84 85 87 89 92 94 96 97 99 101 104 106 108 109 111 113 115 117 119 122 124 126 128 130 132 133 135 137 140 142 144 145 147 149 152 154 156 157 159 161 163 165 167 170 172 174 176 178 180 181 183 185 188 190 192 193 195 197 199 201 203 206 208 210 212 214 216 217 219 221 224 226 228 229 231 233 236 238 240 241 243 245 248 250 252 253 255 257
a 1 4 6 8 10 12 14 17 19 21 23 25 27 30 32 34 36 38 41 42 45 47 49 51 53 56 58 60 62 64 67 68 71 73 75 77 80 82 84 85 87 89 92 94 96 97 99 101 104 106 108 109 111 113 115 117 119 122 124 126 128 130 132 133 135 137 140 142 144 145 147 149 152 154 156 157 159 161 163 165 167 170 172 174 176 178 180 181 183 185 188 190 192 193 195 197 199 201 203 206 208 209 212 214 216 217 219 221 224 226 228 229 231 233 236 238 240 241 243 245 248 250 252 253 255 257
a 1 4 6 8 10 12 14 17 19 21 23 25 27 30 32 34 36 38 41 42 45 47 49 51 53 56 58 60 62 64 67 68 71 73 75 77 80 82 84 85 87 89 92 94 96 97 99 101 104 106 108 109 111 113 115 117 119 122 124 126 128 130 132 133 135 137 140 142 144 145 147 149 152 154 156 157 159 161 163 165 167 170 172 174 176 178 180 181 183 185 188 190 192 193 195 197 199 201 203 206 207 209 212 214 216 217 219 221 224 226 228 229 231 233 236 238 240 241 243 245 248 250 252 253 255 257
a 1 4 6 8 10 12 14 17 19 21 23 25 27 30 32 34 36 38 41 42 45 47 49 51 53 56 58 60 62 64 67 68 71 73 75 77 80 82 84 85 87 89 92 94 96 97 99 101 104 106 108 109 111 113 115 117 119 122 124 126 128 130 132 133 135 137 140 142 144 145 147 149 152 154 156 157 159 161 163 165 167 170 172 174 176 178 180 181 183 185 188 190 192 193 195 197 199 201 203 205 207 209 212 214 216 217 219 221 224 226 228 229 231 233 236 238 240 241 243 245 248 250 252 253 255 257
a 1 4 6 8 10 12 14 17 19 21 23 25 27 30 32 34 36 38 41 42 45 47 49 51 53 56 58 60 62 64 67 68 71 73 75 77 80 82 84 85 87 89 92 94 96 97 99 101 104 106 108 109 111 113 115 117 119 122 124 126 128 130 132 133 135 137 140 142 144 145 147 149 152 154 156 157 159 161 163 165 167 170 172 174 176 178 180 181 183 185 188 190 192 193 195 197 199 201 204 205 207 209 212 214 216 217 219 221 224 226 228 229 231 233 236 238 240 241 243 245 248 250 252 253 255 257
a 1 4 6 8 10 12 14 17 19 21 23 25 27 30 32 34 36 38 41 42 45 47 49 51 53 56 58 60 62 64 67 68 71 73 75 77 80 82 84 85 87 89 92 94 96 97 99 101 104 106 108 109 111 113 115 117 119 122 124 126 128 130 132 133 135 137 140 142 144 145 147 149 152 154 156 157 159 161 163 165 167 170 172 174 176 178 180 181 183 185 188 190 192 193 195 197 199 202 204 205 207 209 212 214 216 217 219 221 224 226 228 229 231 233 236 238 240 241 243 245 248 250 252 253 255 257
a 1 4 6 8 10 12 14 17 19 21 23 25 27 30 32 34 36 38 41 42 45 47 49 51 53 56 58 60 62 64 67 68 71 73 75 77 80 82 84 85 87 89 92 94 96 97 99 101 104 106 108 109 111 113 115 117 119 122 124 126 128 130 132 133 135 137 140 142 144 145 147 149 152 154 156 157 159 161 163 165 167 170 172 174 176 178 180 181 183 185 188 190 192 193 195 197 200 202 204 205 207 209 212 214 216 217 219 221 224 226 228 229 231 233 236 238 240 241 243 245 248 250 252 253 255 257
a 1 4 6 8 10 12 14 17 19 21 23 25 27 30 32 34 36 38 41 42 45 47 49 51 53 56 58 60 62 64 67 68 71 73 75 77 80 82 84 85 87 89 92 94 96 97 99 101 104 106 108 109 111 113 115 117 119 122 124 126 128 130 132 133 135 137 140 142 144 145 147 149 152 154 156 157 159 161 163 165 167 170 172 173 176 178 180 181 183 185 188 190 192 193 195 197 200 202 204 205 207 209 212 214 216 217 219 221 224 226 228 229 231 233 236 238 240 241 243 245 248 250 252 253 255 257
a 1 4 6 8 10 12 14 17 19 21 23 25 27 30 32 34 36 38 41 42 45 47 49 51 53 56 58 60 62 64 67 68 71 73 75 77 80 82 84 85 87 89 92 94 96 97 99 101 104 106 108 109 111 113 115 117 119 122 124 126 128 130 132 133 135 137 140 142 144 145 147 149 152 154 156 157 159 161 163 165 167 170 171 173 176 178 180 181 183 185 188 190 192 193 195 197 200 202 204 205 207 209 212 214 216 217 219 221 224 226 228 229 231 233 236 238 240 241 243 245 248 250 252 253 255 257
a 1 4 6 8 10 12 14 17 19 21 23 25 27 30 32 34 36 38 41 42 45 47 49 51 53 56 58 60 62 64 67 68 71 73 75 77 80 82 84 85 87 89 92 94 96 97 99 101 104 106 108 109 111 113 115 117 119 122 124 126 128 130 132 133 135 137 140 142 144 145 147 149 152 154 156 157 159 161 163 165 167 169 171 173 176 178 180 181 183 185 188 190 192 193 195 197 200 202 204 205 207 209 212 214 216 217 219 221 224 226 228 229 231 233 236 238 240 241 243 245 248 250 252 253 255 257
a 1 4 6 8 10 12 14 17 19 21 23 25 27 30 32 34 36 38 41 42 45 47 49 51 53 56 58 60 62 64 67 68 71 73 75 77 80 82 84 85 87 89 92 94 96 97 99 101 104 106 108 109 111 113 115 117 119 122 124 126 128 130 132 133 135 137 140 142 144 145 147 149 152 154 156 157 159 161 163 165 168 169 171 173 176 178 180 181 183 185 188 190 192 193 195 197 200 202 204 205 207 209 212 214 216 217 219 221 224 226 228 229 231 233 236 238 240 241 243 245 248 250 252 253 255 257
a 1 4 6 8 10 12 14 17 19 21 23 25 27 30 32 34 36 38 41 42 45 47 49 51 53 56 58 60 62 64 67 68 71 73 75 77 80 82 84 85 87 89 92 94 96 97 99 101 104 106 108 109 111 113 115 117 119 122 124 126 128 130 132 133 135 137 140 142 144 145 147 149 152 154 156 157 159 161 163 166 168 169 171 173 176 178 180 181 183 185 188 190 192 193 195 197 200 202 204 205 207 209 212 214 216 217 219 221 224 226 228 229 231 233 236 238 240 241 243 245 248 250 252 253 255 257
a 1 4 6 8 10 12 14 17 19 21 23 25 27 30 32 34 36 38 41 42 45 47 49 51 53 56 58 60 62 64 67 68 71 73 75 77 80 82 84 85 87 89 92 94 96 97 99 101 104 106 108 109 111 113 115 117 119 122 124 126 128 130 132 133 135 137 140 142 144 145 147 149 152 154 156 157 159 161 164 166 168 169 171 173 176 178 180 181 183 185 188 190 192 193 195 197 200 202 204 205 207 209 212 214 216 217 219 221 224 226 228 229 231 233 236 238 240 241 243 245 248 250 252 253 255 257
a 1 4 7 8 10 12 14 17 19 21 23 25 27 30 32 34 36 38 41 42 45 47 49 51 53 56 58 60 62 64 67 68 71 73 75 77 80 82 84 85 87 89 92 94 96 97 99 101 104 106 108 109 111 113 115 117 119 122 124 126 128 130 132 133 135 137 140 142 144 145 147 149 152 154 156 157 159 161 164 166 168 169 171 173 176 178 180 181 183 185 188 190 192 193 195 197 200 202 204 205 207 209 212 214 216 217 219 221 224 226 228 229 231 233 236 238 240 241 243 245 248 250 252 253 255 257
a 1 5 7 8 10 12 14 17 19 21 23 25 27 30 32 34 36 38 41 42 45 47 49 51 53 56 58 60 62 64 67 68 71 73 75 77 80 82 84 85 87 89 92 94 96 97 99 101 104 106 108 109 111 113 115 117 119 122 124 126 128 130 132 133 135 137 140 142 144 145 147 149 152 154 156 157 159 161 164 166 168 169 171 173 176 178 180 181 183 185 188 190 192 193 195 197 200 202 204 205 207 209 212 214 216 217 219 221 224 226 228 229 231 233 236 238 240 241 243 245 248 250 252 253 255 257
a 2 5 7 8 10 12 14 17 19 21 23 25 27 30 32 34 36 38 41 42 45 47 49 51 53 56 58 60 62 64 67 68 71 73 75 77 80 82 84 85 87 89 92 94 96 97 99 101 104 106 108 109 111 113 115 117 119 122 124 126 128 130 132 133 135 137 140 142 144 145 147 149 152 154 156 157 159 161 164 166 168 169 171 173 176 178 180 181 183 185 188 190 192 193 195 197 200 202 204 205 207 209 212 214 216 217 219 221 224 226 228 229 231 233 236 238 240 241 243 245 248 250 252 253 255 257
a 2 5 7 8 10 12 14 17 19 21 23 25 27 30 32 34 36 38 41 42 45 47 49 51 53 56 58 60 62 64 67 68 71 73 75 77 80 82 84 86 87 89 92 94 96 97 99 101 104 106 108 109 111 113 115 117 119 122 124 126 128 130 132 133 135 137 140 142 144 145 147 149 152 154 156 157 159 161 164 166 168 169 171 173 176 178 180 181 183 185 188 190 192 193 195 197 200 202 204 205 207 209 212 214 216 217 219 221 224 226 228 229 231 233 236 238 240 241 243 245 248 250 252 253 255 257
a 2 5 7 8 10 12 14 17 19 21 23 25 27 30 32 34 36 38 41 42 45 47 49 51 53 56 58 60 62 64 67 68 71 73 75 77 80 82 84 86 88 89 92 94 96 97 99 101 104 106 108 109 111 113 115 117 119 122 124 126 128 130 132 133 135 137 140 142 144 145 147 149 152 154 156 157 159 161 164 166 168 169 171 173 176 178 180 181 183 185 188 190 192 193 195 197 200 202 204 205 207 209 212 214 216 217 219 221 224 226 228 229 231 233 236 238 240 241 243 245 248 250 252 253 255 257
a 2 5 7 8 10 12 14 17 19 21 23 25 27 30 32 34 36 38 41 42 45 47 49 51 53 56 58 60 62 64 67 68 71 73 75 77 80 82 84 86 88 90 92 94 96 97 99 101 104 106 108 109 111 113 115 117 119 122 124 126 128 130 132 133 135 137 140 142 144 145 147 149 152 154 156 157 159 161 164 166 168 169 171 173 176 178 180 181 183 185 188 190 192 193 195 197 200 202 204 205 207 209 212 214 216 217 219 221 224 226 228 229 231 233 236 238 240 241 243 245 248 250 252 253 255 257
a 2 3 7 8 10 12 14 17 19 21 23 25 27 30 32 34 36 38 41 42 45 47 49 51 53 56 58 60 62 64 67 68 71 73 75 77 80 82 84 86 88 90 92 94 96 97 99 101 104 106 108 109 111 113 115 117 119 122 124 126 128 130 132 133 135 137 140 142 144 145 147 149 152 154 156 157 159 161 164 166 168 169 171 173 176 178 180 181 183 185 188 190 192 193 195 197 200 202 204 205 207 209 212 214 216 217 219 221 224 226 228 229 231 233 236 238 240 241 243 245 248 250 252 253 255 257
a 2 3 6 8 10 12 14 17 19 21 23 25 27 30 32 34 36 38 41 42 45 47 49 51 53 56 58 60 62 64 67 68 71 73 75 77 80 82 84 86 88 90 92 94 96 97 99 101 104 106 108 109 111 113 115 117 119 122 124 126 128 130 132 133 135 137 140 142 144 145 147 149 152 154 156 157 159 161 164 166 168 169 171 173 176 178 180 181 183 185 188 190 192 193 195 197 200 202 204 205 207 209 212 214 216 217 219 221 224 226 228 229 231 233 236 238 240 241 243 245 248 250 252 253 255 257
a 2 3 6 8 10 12 14 17 19 21 23 25 27 30 32 34 36 38 41 42 45 47 49 51 53 56 58 60 62 64 67 68 71 73 75 77 79 82 84 86 88 90 92 94 96 97 99 101 104 106 108 109 111 113 115 117 119 122 124 126 128 130 132 133 135 137 140 142 144 145 147 149 152 154 156 157 159 161 164 166 168 169 171 173 176 178 180 181 183 185 188 190 192 193 195 197 200 202 204 205 207 209 212 214 216 217 219 221 224 226 228 229 231 233 236 238 240 241 243 245 248 250 252 253 255 257
a 2 3 6 8 10 12 14 17 19 21 23 25 27 30 32 34 36 38 41 42 45 47 49 51 53 56 58 60 62 64 67 68 71 73 75 77 79 81 84 86 88 90 92 94 96 97 99 101 104 106 108 109 111 113 115 117 119 122 124 126 128 130 132 133 135 137 140 142 144 145 147 149 152 154 156 157 159 161 164 166 168 169 171 173 176 178 180 181 183 185 188 190 192 193 195 197 200 202 204 205 207 209 212 214 216 217 219 221 224 226 228 229 231 233 236 238 240 241 243 245 248 250 252 253 255 257
a 2 3 6 8 10 12 14 17 19 21 23 25 27 30 32 34 36 38 41 42 45 47 49 51 53 56 58 60 62 64 67 68 71 73 75 77 79 81 83 86 88 90 92 94 96 97 99 101 104 106 108 109 111 113 115 117 119 122 124 126 128 130 132 133 135 137 140 142 144 145 147 149 152 154 156 157 159 161 164 166 168 169 171 173 176 178 180 181 183 185 188 190 192 193 195 197 200 202 204 205 207 209 212 214 216 217 219 221 224 226 228 229 231 233 236 238 240 241 243 245 248 250 252 253 255 257
a 2 3 6 8 10 12 14 17 20 21 23 25 27 30 32 34 36 38 41 42 45 47 49 51 53 56 58 60 62 64 67 68 71 73 75 77 79 81 83 86 88 90 92 94 96 97 99 101 104 106 108 109 111 113 115 117 119 122 124 126 128 130 132 133 135 137 140 142 144 145 147 149 152 154 156 157 159 161 164 166 168 169 171 173 176 178 180 181 183 185 188 190 192 193 195 197 200 202 204 205 207 209 212 214 216 217 219 221 224 226 228 229 231 233 236 238 240 241 243 245 248 250 252 253 255 257
a 2 3 6 8 10 12 14 18 20 21 23 25 27 30 32 34 36 38 41 42 45 47 49 51 53 56 58 60 62 64 67 68 71 73 75 77 79 81 83 86 88 90 92 94 96 97 99 101 104 106 108 109 111 113 115 117 119 122 124 126 128 130 132 133 135 137 140 142 144 145 147 149 152 154 156 157 159 161 164 166 168 169 171 173 176 178 180 181 183 185 188 190 192 193 195 197 200 202 204 205 207 209 212 214 216 217 219 221 224 226 228 229 231 233 236 238 240 241 243 245 248 250 252 253 255 257
a 2 3 6 8 10 12 15 18 20 21 23 25 27 30 32 34 36 38 41 42 45 47 49 51 53 56 58 60 62 64 67 68 71 73 75 77 79 81 83 86 88 90 92 94 96 97 99 101 104 106 108 109 111 113 115 117 119 122 124 126 128 130 132 133 135 137 140 142 144 145 147 149 152 154 156 157 159 161 164 166 168 169 171 173 176 178 180 181 183 185 188 190 192 193 195 197 200 202 204 205 207 209 212 214 216 217 219 221 224 226 228 229 231 233 236 238 240 241 243 245 248 250 252 253 255 257
a 2 3 6 8 10 12 15 16 20 21 23 25 27 30 32 34 36 38 41 42 45 47 49 51 53 56 58 60 62 64 67 68 71 73 75 77 79 81 83 86 88 90 92 94 96 97 99 101 104 106 108 109 111 113 115 117 119 122 124 126 128 130 132 133 135 137 140 142 144 145 147 149 152 154 156 157 159 161 164 166 168 169 171 173 176 178 180 181 183 185 188 190 192 193 195 197 200 202 204 205 207 209 212 214 216 217 219 221 224 226 228 229 231 233 236 238 240 241 243 245 248 250 252 253 255 257
a 2 3 6 8 10 12 15 16 19 21 23 25 27 30 32 34 36 38 41 42 45 47 49 51 53 56 58 60 62 64 67 68 71 73 75 77 79 81 83 86 88 90 92 94 96 97 99 101 104 106 108 109 111 113 115 117 119 122 124 126 128 130 132 133 135 137 140 142 144 145 147 149 152 154 156 157 159 161 164 166 168 169 171 173 176 178 180 181 183 185 188 190 192 193 195 197 200 202 204 205 207 209 212 214 216 217 219 221 224 226 228 229 231 233 236 238 240 241 243 245 248 250 252 253 255 257
a 2 3 6 8 10 12 15 16 19 21 23 25 27 30 32 34 36 38 41 42 45 47 49 51 53 56 58 60 62 64 67 68 71 73 75 77 79 81 83 86 88 89 92 94 96 97 99 101 104 106 108 109 111 113 115 117 119 122 124 126 128 130 132 133 135 137 140 142 144 145 147 149 152 154 156 157 159 161 164 166 168 169 171 173 176 178 180 181 183 185 188 190 192 193 195 197 200 202 204 205 207 209 212 214 216 217 219 221 224 226 228 229 231 233 236 238 240 241 243 245 248 250 252 253 255 257
a 2 3 6 8 10 12 15 16 19 21 23 25 27 30 32 34 36 38 41 42 45 47 49 51 53 56 58 60 62 64 67 68 71 73 75 77 79 81 83 86 87 89 92 94 96 97 99 101 104 106 108 109 111 113 115 117 119 122 124 126 128 130 132 133 135 137 140 142 144 145 147 149 152 154 156 157 159 161 164 166 168 169 171 173 176 178 180 181 183 185 188 190 192 193 195 197 200 202 204 205 207 209 212 214 216 217 219 221 224 226 228 229 231 233 236 238 240 241 243 245 248 250 252 253 255 257
a 2 3 6 8 10 12 15 16 19 21 23 25 27 30 32 34 36 38 41 42 45 47 49 51 53 56 58 60 62 64 67 68 71 73 75 77 79 81 83 85 87 89 92 94 96 97 99 101 104 106 108 109 111 113 115 117 119 122 124 126 128 130 132 133 135 137 140 142 144 145 147 149 152 154 156 157 159 161 164 166 168 169 171 173 176 178 180 181 183 185 188 190 192 193 195 197 200 202 204 205 207 209 212 214 216 217 219 221 224 226 228 229 231 233 236 238 240 241 243 245 248 250 252 253 255 257
a 2 3 6 8 10 12 15 16 19 21 23 25 27 30 32 34 36 38 41 42 45 47 49 51 53 56 58 60 62 64 67 68 71 73 75 77 79 81 84 85 87 89 92 94 96 97 99 101 104 106 108 109 111 113 115 117 119 122 124 126 128 130 132 133 135 137 140 142 144 145 147 149 152 154 156 157 159 161 164 166 168 169 171 173 176 178 180 181 183 185 188 190 192 193 195 197 200 202 204 205 207 209 212 214 216 217 219 221 224 226 228 229 231 233 236 238 240 241 243 245 248 250 252 253 255 257
a 2 3 6 8 10 12 15 16 19 21 23 25 27 30 32 34 36 38 41 42 45 47 49 51 53 56 58 60 62 64 67 68 71 73 75 77 79 82 84 85 87 89 92 94 96 97 99 101 104 106 108 109 111 113 115 117 119 122 124 126 128 130 132 133 135 137 140 142 144 145 147 149 152 154 156 157 159 161 164 166 168 169 171 173 176 178 180 181 183 185 188 190 192 193 195 197 200 202 204 205 207 209 212 214 216 217 219 221 224 226 228 229 231 233 236 238 240 241 243 245 248 250 252 253 255 257
a 2 3 6 8 10 12 15 16 19 21 23 25 27 30 32 34 36 38 41 42 45 47 49 51 53 56 58 60 62 64 67 68 71 73 75 77 80 82 84 85 87 89 92 94 96 97 99 101 104 106 108 109 111 113 115 117 119 122 124 126 128 130 132 133 135 137 140 142 144 145 147 149 152 154 156 157 159 161 164 166 168 169 171 173 176 178 180 181 183 185 188 190 192 193 195 197 200 202 204 205 207 209 212 214 216 217 219 221 224 226 228 229 231 233 236 238 240 241 243 245 248 250 252 253 255 257
a 2 3 7 8 10 12 15 16 19 21 23 25 27 30 32 34 36 38 41 42 45 47 49 51 53 56 58 60 62 64 67 68 71 73 75 77 80 82 84 85 87 89 92 94 96 97 99 101 104 106 108 109 111 113 115 117 119 122 124 126 128 130 132 133 135 137 140 142 144 145 147 149 152 154 156 157 159 161 164 166 168 169 171 173 176 178 180 181 183 185 188 190 192 193 195 197 200 202 204 205 207 209 212 214 216 217 219 221 224 226 228 229 231 233 236 238 240 241 243 245 248 250 252 253 255 257
a 2 5 7 8 10 12 15 16 19 21 23 25 27 30 32 34 36 38 41 42 45 47 49 51 53 56 58 60 62 64 67 68 71 73 75 77 80 82 84 85 87 89 92 94 96 97 99 101 104 106 108 109 111 113 115 117 119 122 124 126 128 130 132 133 135 137 140 142 144 145 147 149 152 154 156 157 159 161 164 166 168 169 171 173 176 178 180 181 183 185 188 190 192 193 195 197 200 202 204 205 207 209 212 214 216 217 219 221 224 226 228 229 231 233 236 238 240 241 243 245 248 250 252 253 255 257
a 1 5 7 8 10 12 15 16 19 21 23 25 27 30 32 34 36 38 41 42 45 47 49 51 53 56 58 60 62 64 67 68 71 73 75 77 80 82 84 85 87 89 92 94 96 97 99 101 104 106 108 109 111 113 115 117 119 122 124 126 128 130 132 133 135 137 140 142 144 145 147 149 152 154 156 157 159 161 164 166 168 169 171 173 176 178 180 181 183 185 188 190 192 193 195 197 200 202 204 205 207 209 212 214 216 217 219 221 224 226 228 229 231 233 236 238 240 241 243 245 248 250 252 253 255 257
a 1 5 7 8 10 12 15 16 19 21 23 25 27 30 32 34 36 38 41 42 45 47 49 51 53 56 58 60 62 64 67 68 71 73 75 77 80 82 84 85 87 89 92 94 96 97 99 101 104 106 108 109 111 113 115 117 119 122 124 126 128 130 132 133 135 137 140 142 144 146 147 149 152 154 156 157 159 161 164 166 168 169 171 173 176 178 180 181 183 185 188 190 192 193 195 197 200 202 204 205 207 209 212 214 216 217 219 221 224 226 228 229 231 233 236 238 240 241 243 245 248 250 252 253 255 257
a 1 5 7 8 10 12 15 16 19 21 23 25 27 30 32 34 36 38 41 42 45 47 49 51 53 56 58 60 62 64 67 68 71 73 75 77 80 82 84 85 87 89 92 94 96 97 99 101 104 106 108 109 111 113 115 117 119 122 124 126 128 130 132 133 135 137 140 142 144 146 148 149 152 154 156 157 159 161 164 166 168 169 171 173 176 178 180 181 183 185 188 190 192 193 195 197 200 202 204 205 207 209 212 214 216 217 219 221 224 226 228 229 231 233 236 238 240 241 243 245 248 250 252 253 255 257
a 1 5 7 8 10 12 15 16 19 21 23 25 27 30 32 34 36 38 41 42 45 47 49 51 53 56 58 60 62 64 67 68 71 73 75 77 80 82 84 85 87 89 92 94 96 97 99 101 104 106 108 109 111 113 115 117 119 122 124 126 128 130 132 133 135 137 140 142 144 146 148 150 152 154 156 157 159 161 164 166 168 169 171 173 176 178 180 181 183 185 188 190 192 193 195 197 200 202 204 205 207 209 212 214 216 217 219 221 224 226 228 229 231 233 236 238 240 241 243 245 248 250 252 253 255 257
a 1 4 7 8 10 12 15 16 19 21 23 25 27 30 32 34 36 38 41 42 45 47 49 51 53 56 58 60 62 64 67 68 71 73 75 77 80 82 84 85 87 89 92 94 96 97 99 101 104 106 108 109 111 113 115 117 119 122 124 126 128 130 132 133 135 137 140 142 144 146 148 150 152 154 156 157 159 161 164 166 168 169 171 173 176 178 180 181 183 185 188 190 192 193 195 197 200 202 204 205 207 209 212 214 216 217 219 221 224 226 228 229 231 233 236 238 240 241 243 245 248 250 252 253 255 257
a 1 4 6 8 10 12 15 16 19 21 23 25 27 30 32 34 36 38 41 42 45 47 49 51 53 56 58 60 62 64 67 68 71 73 75 77 80 82 84 85 87 89 92 94 96 97 99 101 104 106 108 109 111 113 115 117 119 122 124 126 128 130 132 133 135 137 140 142 144 146 148 150 152 154 156 157 159 161 164 166 168 169 171 173 176 178 180 181 183 185 188 190 192 193 195 197 200 202 204 205 207 209 212 214 216 217 219 221 224 226 228 229 231 233 236 238 240 241 243 245 248 250 252 253 255 257
a 1 4 6 8 10 12 15 16 19 21 23 25 27 30 32 34 36 38 41 42 45 47 49 51 53 56 58 60 62 64 67 68 71 73 75 77 80 82 84 85 87 89 92 94 96 97 99 101 104 106 108 109 111 113 115 117 119 122 124 126 128 130 132 133 135 137 139 142 144 146 148 150 152 154 156 157 159 161 164 166 168 169 171 173 176 178 180 181 183 185 188 190 192 193 195 197 200 202 204 205 207 209 212 214 216 217 219 221 224 226 228 229 231 233 236 238 240 241 243 245 248 250 252 253 255 257
a 1 4 6 8 10 12 15 16 19 21 23 25 27 30 32 34 36 38 41 42 45 47 49 51 53 56 58 60 62 64 67 68 71 73 75 77 80 82 84 85 87 89 92 94 96 97 99 101 104 106 108 109 111 113 115 117 119 122 124 126 128 130 132 133 135 137 139 141 144 146 148 150 152 154 156 157 159 161 164 166 168 169 171 173 176 178 180 181 183 185 188 190 192 193 195 197 200 202 204 205 207 209 212 214 216 217 219 221 224 226 228 229 231 233 236 238 240 241 243 245 248 250 252 253 255 257
a 1 4 6 8 10 12 15 16 19 21 23 25 27 30 32 34 36 38 41 42 45 47 49 51 53 56 58 60 62 64 67 68 71 73 75 77 80 82 84 85 87 89 92 94 96 97 99 101 104 106 108 109 111 113 115 117 119 122 124 126 128 130 132 133 135 137 139 141 143 146 148 150 152 154 156 157 159 161 164 166 168 169 171 173 176 178 180 181 183 185 188 190 192 193 195 197 200 202 204 205 207 209 212 214 216 217 219 221 224 226 228 229 231 233 236 238 240 241 243 245 248 250 252 253 255 257
a 1 4 6 8 10 12 15 16 19 21 23 25 27 30 32 34 36 38 41 42 45 47 49 51 53 56 58 60 62 64 67 68 71 73 75 77 80 82 84 85 87 89 92 94 96 98 99 101 104 106 108 109 111 113 115 117 119 122 124 126 128 130 132 133 135 137 139 141 143 146 148 150 152 154 156 157 159 161 164 166 168 169 171 173 176 178 180 181 183 185 188 190 192 193 195 197 200 202 204 205 207 209 212 214 216 217 219 221 224 226 228 229 231 233 236 238 240 241 243 245 248 250 252 253 255 257
a 1 4 6 8 10 12 15 16 19 21 23 25 27 30 32 34 36 38 41 42 45 47 49 51 53 56 58 60 62 64 67 68 71 73 75 77 80 82 84 85 87 89 92 94 96 98 100 101 104 106 108 109 111 113 115 117 119 122 124 126 128 130 132 133 135 137 139 141 143 146 148 150 152 154 156 157 159 161 164 166 168 169 171 173 176 178 180 181 183 185 188 190 192 193 195 197 200 202 204 205 207 209 212 214 216 217 219 221 224 226 228 229 231 233 236 238 240 241 243 245 248 250 252 253 255 257
a 1 4 6 8 10 12 15 16 19 21 23 25 27 30 32 34 36 38 41 42 45 47 49 51 53 56 58 60 62 64 67 68 71 73 75 77 80 82 84 85 87 89 92 94 96 98 100 102 104 106 108 109 111 113 115 117 119 122 124 126 128 130 132 133 135 137 139 141 143 146 148 150 152 154 156 157 159 161 164 166 168 169 171 173 176 178 180 181 183 185 188 190 192 193 195 197 200 202 204 205 207 209 212 214 216 217 219 221 224 226 228 229 231 233 236 238 240 241 243 245 248 250 252 253 255 257
a 1 4 6 8 10 12 15 16 19 21 23 25 27 30 32 34 36 38 41 42 45 47 49 51 53 56 58 60 62 64 67 68 71 73 75 77 80 82 84 85 87 89 91 94 96 98 100 102 104 106 108 109 111 113 115 117 119 122 124 126 128 130 132 133 135 137 139 141 143 146 148 150 152 154 156 157 159 161 164 166 168 169 171 173 176 178 180 181 183 185 188 190 192 193 195 197 200 202 204 205 207 209 212 214 216 217 219 221 224 226 228 229 231 233 236 238 240 241 243 245 248 250 252 253 255 257
a 1 4 6 8 10 12 15 16 19 21 23 25 27 30 32 34 36 38 41 42 45 47 49 51 53 56 58 60 62 64 67 68 71 73 75 77 80 82 84 85 87 89 91 93 96 98 100 102 104 106 108 109 111 113 115 117 119 122 124 126 128 130 132 133 135 137 139 141 143 146 148 150 152 154 156 157 159 161 164 166 168 169 171 173 176 178 180 181 183 185 188 190 192 193 195 197 200 202 204 205 207 209 212 214 216 217 219 221 224 226 228 229 231 233 236 238 240 241 243 245 248 250 252 253 255 257
a 1 4 6 8 10 12 15 16 19 21 23 25 27 30 32 34 36 38 41 42 45 47 49 51 53 56 58 60 62 64 67 68 71 73 75 77 80 82 84 85 87 89 91 93 95 98 100 102 104 106 108 109 111 113 115 117 119 122 124 126 128 130 132 133 135 137 139 141 143 146 148 150 152 154 156 157 159 161 164 166 168 169 171 173 176 178 180 181 183 185 188 190 192 193 195 197 200 202 204 205 207 209 212 214 216 217 219 221 224 226 228 229 231 233 236 238 240 241 243 245 248 250 252 253 255 257
a 1 4 6 8 10 12 15 16 19 21 23 25 27 30 33 34 36 38 41 42 45 47 49 51 53 56 58 60 62 64 67 68 71 73 75 77 80 82 84 85 87 89 91 93 95 98 100 102 104 106 108 109 111 113 115 117 119 122 124 126 128 130 132 133 135 137 139 141 143 146 148 150 152 154 156 157 159 161 164 166 168 169 171 173 176 178 180 181 183 185 188 190 192 193 195 197 200 202 204 205 207 209 212 214 216 217 219 221 224 226 228 229 231 233 236 238 240 241 243 245 248 250 252 253 255 257
a 1 4 6 8 10 12 15 16 19 21 23 25 27 31 33 34 36 38 41 42 45 47 49 51 53 56 58 60 62 64 67 68 71 73 75 77 80 82 84 85 87 89 91 93 95 98 100 102 104 106 108 109 111 113 115 117 119 122 124 126 128 130 132 133 135 137 139 141 143 146 148 150 152 154 156 157 159 161 164 166 168 169 171 173 176 178 180 181 183 185 188 190 192 193 195 197 200 202 204 205 207 209 212 214 216 217 219 221 224 226 228 229 231 233 236 238 240 241 243 245 248 250 252 253 255 257
a 1 4 6 8 10 12 15 16 19 21 23 25 28 31 33 34 36 38 41 42 45 47 49 51 53 56 58 60 62 64 67 68 71 73 75 77 80 82 84 85 87 89 91 93 95 98 100 102 104 106 108 109 111 113 115 117 119 122 124 126 128 130 132 133 135 137 139 141 143 146 148 150 152 154 156 157 159 161 164 166 168 169 171 173 176 178 180 181 183 185 188 190 192 193 195 197 200 202 204 205 207 209 212 214 216 217 219 221 224 226 228 229 231 233 236 238 240 241 243 245 248 250 252 253 255 257
a 1 4 6 8 10 12 15 16 19 21 23 25 28 29 33 34 36 38 41 42 45 47 49 51 53 56 58 60 62 64 67 68 71 73 75 77 80 82 84 85 87 89 91 93 95 98 100 102 104 106 108 109 111 113 115 117 119 122 124 126 128 130 132 133 135 137 139 141 143 146 148 150 152 154 156 157 159 161 164 166 168 169 171 173 176 178 180 181 183 185 188 190 192 193 195 197 200 202 204 205 207 209 212 214 216 217 219 221 224 226 228 229 231 233 236 238 240 241 243 245 248 250 252 253 255 257
a 1 4 6 8 10 12 15 16 19 21 23 25 28 29 32 34 36 38 41 42 45 47 49 51 53 56 58 60 62 64 67 68 71 73 75 77 80 82 84 85 87 89 91 93 95 98 100 102 104 106 108 109 111 113 115 117 119 122 124 126 128 130 132 133 135 137 139 141 143 146 148 150 152 154 156 157 159 161 164 166 168 169 171 173 176 178 180 181 183 185 188 190 192 193 195 197 200 202 204 205 207 209 212 214 216 217 219 221 224 226 228 229 231 233 236 238 240 241 243 245 248 250 252 253 255 257
a 1 4 6 8 10 12 15 16 19 21 23 25 28 29 32 34 36 38 41 42 45 47 49 51 53 56 58 60 62 64 67 68 71 73 75 77 80 82 84 85 87 89 91 93 95 98 100 102 104 106 108 109 111 113 115 117 119 122 124 126 128 130 132 133 135 137 139 141 143 146 148 149 152 154 156 157 159 161 164 166 168 169 171 173 176 178 180 181 183 185 188 190 192 193 195 197 200 202 204 205 207 209 212 214 216 217 219 221 224 226 228 229 231 233 236 238 240 241 243 245 248 250 252 253 255 257
a 1 4 6 8 10 12 15 16 19 21 23 25 28 29 32 34 36 38 41 42 45 47 49 51 53 56 58 60 62 64 67 68 71 73 75 77 80 82 84 85 87 89 91 93 95 98 100 102 104 106 108 109 111 113 115 117 119 122 124 126 128 130 132 133 135 137 139 141 143 146 147 149 152 154 156 157 159 161 164 166 168 169 171 173 176 178 180 181 183 185 188 190 192 193 195 197 200 202 204 205 207 209 212 214 216 217 219 221 224 226 228 229 231 233 236 238 240 241 243 245 248 250 252 253 255 257
a 1 4 6 8 10 12 15 16 19 21 23 25 28 29 32 34 36 38 41 42 45 47 49 51 53 56 58 60 62 64 67 68 71 73 75 77 80 82 84 85 87 89 91 93 95 98 100 102 104 106 108 109 111 113 115 117 119 122 124 126 128 130 132 133 135 137 139 141 143 145 147 149 152 154 156 157 159 161 164 166 168 169 171 173 176 178 180 181 183 185 188 190 192 193 195 197 200 202 204 205 207 209 212 214 216 217 219 221 224 226 228 229 231 233 236 238 240 241 243 245 248 250 252 253 255 257
a 1 4 6 8 10 12 15 16 19 21 23 25 28 29 32 34 36 38 41 42 45 47 49 51 53 56 58 60 62 64 67 68 71 73 75 77 80 82 84 85 87 89 91 93 95 98 100 102 104 106 108 109 111 113 115 117 119 122 124 126 128 130 132 133 135 137 139 141 144 145 147 149 152 154 156 157 159 161 164 166 168 169 171 173 176 178 180 181 183 185 188 190 192 193 195 197 200 202 204 205 207 209 212 214 216 217 219 221 224 226 228 229 231 233 236 238 240 241 243 245 248 250 252 253 255 257
a 1 4 6 8 10 12 15 16 19 21 23 25 28 29 32 34 36 38 41 42 45 47 49 51 53 56 58 60 62 64 67 68 71 73 75 77 80 82 84 85 87 89 91 93 95 98 100 102 104 106 108 109 111 113 115 117 119 122 124 126 128 130 132 133 135 137 139 142 144 145 147 149 152 154 156 157 159 161 164 166 168 169 171 173 176 178 180 181 183 185 188 190 192 193 195 197 200 202 204 205 207 209 212 214 216 217 219 221 224 226 228 229 231 233 236 238 240 241 243 245 248 250 252 253 255 257
a 1 4 6 8 10 12 15 16 19 21 23 25 28 29 32 34 36 38 41 42 45 47 49 51 53 56 58 60 62 64 67 68 71 73 75 77 80 82 84 85 87 89 91 93 95 98 100 102 104 106 108 109 111 113 115 117 119 122 124 126 128 130 132 133 135 137 140 142 144 145 147 149 152 154 156 157 159 161 164 166 168 169 171 173 176 178 180 181 183 185 188 190 192 193 195 197 200 202 204 205 207 209 212 214 216 217 219 221 224 226 228 229 231 233 236 238 240 241 243 245 248 250 252 253 255 257
a 1 4 6 8 10 12 15 16 19 21 23 25 28 29 32 34 36 38 41 42 45 47 49 51 53 56 58 60 62 64 67 68 71 73 75 77 80 82 84 85 87 89 91 93 95 98 100 101 104 106 108 109 111 113 115 117 119 122 124 126 128 130 132 133 135 137 140 142 144 145 147 149 152 154 156 157 159 161 164 166 168 169 171 173 176 178 180 181 183 185 188 190 192 193 195 197 200 202 204 205 207 209 212 214 216 217 219 221 224 226 228 229 231 233 236 238 240 241 243 245 248 250 252 253 255 257
a 1 4 6 8 10 12 15 16 19 21 23 25 28 29 32 34 36 38 41 42 45 47 49 51 53 56 58 60 62 64 67 68 71 73 75 77 80 82 84 85 87 89 91 93 95 98 99 101 104 106 108 109 111 113 115 117 119 122 124 126 128 130 132 133 135 137 140 142 144 145 147 149 152 154 156 157 159 161 164 166 168 169 171 173 176 178 180 181 183 185 188 190 192 193 195 197 200 202 204 205 207 209 212 214 216 217 219 221 224 226 228 229 231 233 236 238 240 241 243 245 248 250 252 253 255 257
a 1 4 6 8 10 12 15 16 19 21 23 25 28 29 32 34 36 38 41 42 45 47 49 51 53 56 58 60 62 64 67 68 71 73 75 77 80 82 84 85 87 89 91 93 95 97 99 101 104 106 108 109 111 113 115 117 119 122 124 126 128 130 132 133 135 137 140 142 144 145 147 149 152 154 156 157 159 161 164 166 168 169 171 173 176 178 180 181 183 185 188 190 192 193 195 197 200 202 204 205 207 209 212 214 216 217 219 221 224 226 228 229 231 233 236 238 240 241 243 245 248 250 252 253 255 257
a 1 4 6 8 10 12 15 16 19 21 23 25 28 29 32 34 36 38 41 42 45 47 49 51 53 56 58 60 62 64 67 68 71 73 75 77 80 82 84 85 87 89 91 93 96 97 99 101 104 106 108 109 111 113 115 117 119 122 124 126 128 130 132 133 135 137 140 142 144 145 147 149 152 154 156 157 159 161 164 166 168 169 171 173 176 178 180 181 183 185 188 190 192 193 195 197 200 202 204 205 207 209 212 214 216 217 219 221 224 226 228 229 231 233 236 238 240 241 243 245 248 250 252 253 255 257
a 1 4 6 8 10 12 15 16 19 21 23 25 28 29 32 34 36 38 41 42 45 47 49 51 53 56 58 60 62 64 67 68 71 73 75 77 80 82 84 85 87 89 91 94 96 97 99 101 104 106 108 109 111 113 115 117 119 122 124 126 128 130 132 133 135 137 140 142 144 145 147 149 152 154 156 157 159 161 164 166 168 169 171 173 176 178 180 181 183 185 188 190 192 193 195 197 200 202 204 205 207 209 212 214 216 217 219 221 224 226 228 229 231 233 236 238 240 241 243 245 248 250 252 253 255 257
a 1 4 6 8 10 12 15 16 19 21 23 25 28 29 32 34 36 38 41 42 45 47 49 51 53 56 58 60 62 64 67 68 71 73 75 77 80 82 84 85 87 89 92 94 96 97 99 101 104 106 108 109 111 113 115 117 119 122 124 126 128 130 132 133 135 137 140 142 144 145 147 149 152 154 156 157 159 161 164 166 168 169 171 173 176 178 180 181 183 185 188 190 192 193 195 197 200 202 204 205 207 209 212 214 216 217 219 221 224 226 228 229 231 233 236 238 240 241 243 245 248 250 252 253 255 257
a 1 4 7 8 10 12 15 16 19 21 23 25 28 29 32 34 36 38 41 42 45 47 49 51 53 56 58 60 62 64 67 68 71 73 75 77 80 82 84 85 87 89 92 94 96 97 99 101 104 106 108 109 111 113 115 117 119 122 124 126 128 130 132 133 135 137 140 142 144 145 147 149 152 154 156 157 159 161 164 166 168 169 171 173 176 178 180 181 183 185 188 190 192 193 195 197 200 202 204 205 207 209 212 214 216 217 219 221 224 226 228 229 231 233 236 238 240 241 243 245 248 250 252 253 255 257
a 1 5 7 8 10 12 15 16 19 21 23 25 28 29 32 34 36 38 41 42 45 47 49 51 53 56 58 60 62 64 67 68 71 73 75 77 80 82 84 85 87 89 92 94 96 97 99 101 104 106 108 109 111 113 115 117 119 122 124 126 128 130 132 133 135 137 140 142 144 145 147 149 152 154 156 157 159 161 164 166 168 169 171 173 176 178 180 181 183 185 188 190 192 193 195 197 200 202 204 205 207 209 212 214 216 217 219 221 224 226 228 229 231 233 236 238 240 241 243 245 248 250 252 253 255 257
a 2 5 7 8 10 12 15 16 19 21 23 25 28 29 32 34 36 38 41 42 45 47 49 51 53 56 58 60 62 64 67 68 71 73 75 77 80 82 84 85 87 89 92 94 96 97 99 101 104 106 108 109 111 113 115 117 119 122 124 126 128 130 132 133 135 137 140 142 144 145 147 149 152 154 156 157 159 161 164 166 168 169 171 173 176 178 180 181 183 185 188 190 192 193 195 197 200 202 204 205 207 209 212 214 216 217 219 221 224 226 228 229 231 233 236 238 240 241 243 245 248 250 252 253 255 257
a 2 5 7 8 10 12 15 16 19 21 23 25 28 29 32 34 36 38 41 42 45 47 49 51 53 56 58 60 62 64 67 68 71 73 75 77 80 82 84 86 87 89 92 94 96 97 99 101 104 106 108 109 111 113 115 117 119 122 124 126 128 130 132 133 135 137 140 142 144 145 147 149 152 154 156 157 159 161 164 166 168 169 171 173 176 178 180 181 183 185 188 190 192 193 195 197 200 202 204 205 207 209 212 214 216 217 219 221 224 226 228 229 231 233 236 238 240 241 243 245 248 250 252 253 255 257
a 2 5 7 8 10 12 15 16 19 21 23 25 28 29 32 34 36 38 41 42 45 47 49 51 53 56 58 60 62 64 67 68 71 73 75 77 80 82 84 86 88 89 92 94 96 97 99 101 104 106 108 109 111 113 115 117 119 122 124 126 128 130 132 133 135 137 140 142 144 145 147 149 152 154 156 157 159 161 164 166 168 169 171 173 176 178 180 181 183 185 188 190 192 193 195 197 200 202 204 205 207 209 212 214 216 217 219 221 224 226 228 229 231 233 236 238 240 241 243 245 248 250 252 253 255 257
a 2 5 7 8 10 12 15 16 19 21 23 25 28 29 32 34 36 38 41 42 45 47 49 51 53 56 58 60 62 64 67 68 71 73 75 77 80 82 84 86 88 90 92 94 96 97 99 101 104 106 108 109 111 113 115 117 119 122 124 126 128 130 132 133 135 137 140 142 144 145 147 149 152 154 156 157 159 161 164 166 168 169 171 173 176 178 180 181 183 185 188 190 192 193 195 197 200 202 204 205 207 209 212 214 216 217 219 221 224 226 228 229 231 233 236 238 240 241 243 245 248 250 252 253 255 257
a 2 3 7 8 10 12 15 16 19 21 23 25 28 29 32 34 36 38 41 42 45 47 49 51 53 56 58 60 62 64 67 68 71 73 75 77 80 82 84 86 88 90 92 94 96 97 99 101 104 106 108 109 111 113 115 117 119 122 124 126 128 130 132 133 135 137 140 142 144 145 147 149 152 154 156 157 159 161 164 166 168 169 171 173 176 178 180 181 183 185 188 190 192 193 195 197 200 202 204 205 207 209 212 214 216 217 219 221 224 226 228 229 231 233 236 238 240 241 243 245 248 250 252 253 255 257
a 2 3 6 8 10 12 15 16 19 21 23 25 28 29 32 34 36 38 41 42 45 47 49 51 53 56 58 60 62 64 67 68 71 73 75 77 80 82 84 86 88 90 92 94 96 97 99 101 104 106 108 109 111 113 115 117 119 122 124 126 128 130 132 133 135 137 140 142 144 145 147 149 152 154 156 157 159 161 164 166 168 169 171 173 176 178 180 181 183 185 188 190 192 193 195 197 200 202 204 205 207 209 212 214 216 217 219 221 224 226 228 229 231 233 236 238 240 241 243 245 248 250 252 253 255 257
a 2 3 6 8 10 12 15 16 19 21 23 25 28 29 32 34 36 38 41 42 45 47 49 51 53 56 58 60 62 64 67 68 71 73 75 77 79 82 84 86 88 90 92 94 96 97 99 101 104 106 108 109 111 113 115 117 119 122 124 126 128 130 132 133 135 137 140 142 144 145 147 149 152 154 156 157 159 161 164 166 168 169 171 173 176 178 180 181 183 185 188 190 192 193 195 197 200 202 204 205 207 209 212 214 216 217 219 221 224 226 228 229 231 233 236 238 240 241 243 245 248 250 252 253 255 257
a 2 3 6 8 10 12 15 16 19 21 23 25 28 29 32 34 36 38 41 42 45 47 49 51 53 56 58 60 62 64 67 68 71 73 75 77 79 81 84 86 88 90 92 94 96 97 99 101 104 106 108 109 111 113 115 117 119 122 124 126 128 130 132 133 135 137 140 142 144 145 147 149 152 154 156 157 159 161 164 166 168 169 171 173 176 178 180 181 183 185 188 190 192 193 195 197 200 202 204 205 207 209 212 214 216 217 219 221 224 226 228 229 231 233 236 238 240 241 243 245 248 250 252 253 255 257
a 2 3 6 8 10 12 15 16 19 21 23 25 28 29 32 34 36 38 41 42 45 47 49 51 53 56 58 60 62 64 67 68 71 73 75 77 79 81 83 86 88 90 92 94 96 97 99 101 104 106 108 109 111 113 115 117 119 122 124 126 128 130 132 133 135 137 140 142 144 145 147 149 152 154 156 157 159 161 164 166 168 169 171 173 176 178 180 181 183 185 188 190 192 193 195 197 200 202 204 205 207 209 212 214 216 217 219 221 224 226 228 229 231 233 236 238 240 241 243 245 248 250 252 253 255 257
a 2 3 6 8 10 12 15 16 20 21 23 25 28 29 32 34 36 38 41 42 45 47 49 51 53 56 58 60 62 64 67 68 71 73 75 77 79 81 83 86 88 90 92 94 96 97 99 101 104 106 108 109 111 113 115 117 119 122 124 126 128 130 132 133 135 137 140 142 144 145 147 149 152 154 156 157 159 161 164 166 168 169 171 173 176 178 180 181 183 185 188 190 192 193 195 197 200 202 204 205 207 209 212 214 216 217 219 221 224 226 228 229 231 233 236 238 240 241 243 245 248 250 252 253 255 257
a 2 3 6 8 10 12 15 18 20 21 23 25 28 29 32 34 36 38 41 42 45 47 49 51 53 56 58 60 62 64 67 68 71 73 75 77 79 81 83 86 88 90 92 94 96 97 99 101 104 106 108 109 111 113 115 117 119 122 124 126 128 130 132 133 135 137 140 142 144 145 147 149 152 154 156 157 159 161 164 166 168 169 171 173 176 178 180 181 183 185 188 190 192 193 195 197 200 202 204 205 207 209 212 214 216 217 219 221 224 226 228 229 231 233 236 238 240 241 243 245 248 250 252 253 255 257
a 2 3 6 8 10 12 14 18 20 21 23 25 28 29 32 34 36 38 41 42 45 47 49 51 53 56 58 60 62 64 67 68 71 73 75 77 79 81 83 86 88 90 92 94 96 97 99 101 104 106 108 109 111 113 115 117 119 122 124 126 128 130 132 133 135 137 140 142 144 145 147 149 152 154 156 157 159 161 164 166 168 169 171 173 176 178 180 181 183 185 188 190 192 193 195 197 200 202 204 205 207 209 212 214 216 217 219 221 224 226 228 229 231 233 236 238 240 241 243 245 248 250 252 253 255 257
a 2 3 6 8 10 12 14 17 20 21 23 25 28 29 32 34 36 38 41 42 45 47 49 51 53 56 58 60 62 64 67 68 71 73 75 77 79 81 83 86 88 90 92 94 96 97 99 101 104 106 108 109 111 113 115 117 119 122 124 126 128 130 132 133 135 137 140 142 144 145 147 149 152 154 156 157 159 161 164 166 168 169 171 173 176 178 180 181 183 185 188 190 192 193 195 197 200 202 204 205 207 209 212 214 216 217 219 221 224 226 228 229 231 233 236 238 240 241 243 245 248 250 252 253 255 257
a 2 3 6 8 10 12 14 17 19 21 23 25 28 29 32 34 36 38 41 42 45 47 49 51 53 56 58 60 62 64 67 68 71 73 75 77 79 81 83 86 88 90 92 94 96 97 99 101 104 106 108 109 111 113 115 117 119 122 124 126 128 130 132 133 135 137 140 142 144 145 147 149 152 154 156 157 159 161 164 166 168 169 171 173 176 178 180 181 183 185 188 190 192 193 195 197 200 202 204 205 207 209 212 214 216 217 219 221 224 226 228 229 231 233 236 238 240 241 243 245 248 250 252 253 255 257
a 2 3 6 8 10 12 14 17 19 21 23 25 28 29 32 34 36 38 41 42 45 47 49 51 53 56 58 60 62 64 67 68 71 73 75 77 79 81 83 86 88 89 92 94 96 97 99 101 104 106 108 109 111 113 115 117 119 122 124 126 128 130 132 133 135 137 140 142 144 145 147 149 152 154 156 157 159 161 164 166 168 169 171 173 176 178 180 181 183 185 188 190 192 193 195 197 200 202 204 205 207 209 212 214 216 217 219 221 224 226 228 229 231 233 236 238 240 241 243 245 248 250 252 253 255 257
a 2 3 6 8 10 12 14 17 19 21 23 25 28 29 32 34 36 38 41 42 45 47 49 51 53 56 58 60 62 64 67 68 71 73 75 77 79 81 83 86 87 89 92 94 96 97 99 101 104 106 108 109 111 113 115 117 119 122 124 126 128 130 132 133 135 137 140 142 144 145 147 149 152 154 156 157 159 161 164 166 168 169 171 173 176 178 180 181 183 185 188 190 192 193 195 197 200 202 204 205 207 209 212 214 216 217 219 221 224 226 228 229 231 233 236 238 240 241 243 245 248 250 252 253 255 257
a 2 3 6 8 10 12 14 17 19 21 23 25 28 29 32 34 36 38 41 42 45 47 49 51 53 56 58 60 62 64 67 68 71 73 75 77 79 81 83 85 87 89 92 94 96 97 99 101 104 106 108 109 111 113 115 117 119 122 124 126 128 130 132 133 135 137 140 142 144 145 147 149 152 154 156 157 159 161 164 166 168 169 171 173 176 178 180 181 183 185 188 190 192 193 195 197 200 202 204 205 207 209 212 214 216 217 219 221 224 226 228 229 231 233 236 238 240 241 243 245 248 250 252 253 255 257
a 2 3 6 8 10 12 14 17 19 21 23 25 28 29 32 34 36 38 41 42 45 47 49 51 53 56 58 60 62 64 67 68 71 73 75 77 79 81 84 85 87 89 92 94 96 97 99 101 104 106 108 109 111 113 115 117 119 122 124 126 128 130 132 133 135 137 140 142 144 145 147 149 152 154 156 157 159 161 164 166 168 169 171 173 176 178 180 181 183 185 188 190 192 193 195 197 200 202 204 205 207 209 212 214 216 217 219 221 224 226 228 229 231 233 236 238 240 241 243 245 248 250 252 253 255 257
a 2 3 6 8 10 12 14 17 19 21 23 25 28 29 32 34 36 38 41 42 45 47 49 51 53 56 58 60 62 64 67 68 71 73 75 77 79 82 84 85 87 89 92 94 96 97 99 101 104 106 108 109 111 113 115 117 119 122 124 126 128 130 132 133 135 137 140 142 144 145 147 149 152 154 156 157 159 161 164 166 168 169 171 173 176 178 180 181 183 185 188 190 192 193 195 197 200 202 204 205 207 209 212 214 216 217 219 221 224 226 228 229 231 233 236 238 240 241 243 245 248 250 252 253 255 257
a 2 3 6 8 10 12 14 17 19 21 23 25 28 29 32 34 36 38 41 42 45 47 49 51 53 56 58 60 62 64 67 68 71 73 75 77 80 82 84 85 87 89 92 94 96 97 99 101 104 106 108 109 111 113 115 117 119 122 124 126 128 130 132 133 135 137 140 142 144 145 147 149 152 154 156 157 159 161 164 166 168 169 171 173 176 178 180 181 183 185 188 190 192 193 195 197 200 202 204 205 207 209 212 214 216 217 219 221 224 226 228 229 231 233 236 238 240 241 243 245 248 250 252 253 255 257
a 2 3 7 8 10 12 14 17 19 21 23 25 28 29 32 34 36 38 41 42 45 47 49 51 53 56 58 60 62 64 67 68 71 73 75 77 80 82 84 85 87 89 92 94 96 97 99 101 104 106 108 109 111 113 115 117 119 122 124 126 128 130 132 133 135 137 140 142 144 145 147 149 152 154 156 157 159 161 164 166 168 169 171 173 176 178 180 181 183 185 188 190 192 193 195 197 200 202 204 205 207 209 212 214 216 217 219 221 224 226 228 229 231 233 236 238 240 241 243 245 248 250 252 253 255 257
a 2 5 7 8 10 12 14 17 19 21 23 25 28 29 32 34 36 38 41 42 45 47 49 51 53 56 58 60 62 64 67 68 71 73 75 77 80 82 84 85 87 89 92 94 96 97 99 101 104 106 108 109 111 113 115 117 119 122 124 126 128 130 132 133 135 137 140 142 144 145 147 149 152 154 156 157 159 161 164 166 168 169 171 173 176 178 180 181 183 185 188 190 192 193 195 197 200 202 204 205 207 209 212 214 216 217 219 221 224 226 228 229 231 233 236 238 240 241 243 245 248 250 252 253 255 257
a 1 5 7 8 10 12 14 17 19 21 23 25 28 29 32 34 36 38 41 42 45 47 49 51 53 56 58 60 62 64 67 68 71 73 75 77 80 82 84 85 87 89 92 94 96 97 99 101 104 106 108 109 111 113 115 117 119 122 124 126 128 130 132 133 135 137 140 142 144 145 147 149 152 154 156 157 159 161 164 166 168 169 171 173 176 178 180 181 183 185 188 190 192 193 195 197 200 202 204 205 207 209 212 214 216 217 219 221 224 226 228 229 231 233 236 238 240 241 243 245 248 250 252 253 255 257
a 1 5 7 8 10 12 14 17 19 21 23 25 28 29 32 34 36 38 41 42 45 47 49 51 53 56 58 60 62 64 67 68 71 73 75 77 80 82 84 85 87 89 92 94 96 97 99 101 104 106 108 109 111 113 115 117 119 122 124 126 128 130 132 133 135 137 140 142 144 145 147 149 152 154 156 157 159 161 164 166 168 169 171 173 176 178 180 181 183 185 188 190 192 194 195 197 200 202 204 205 207 209 212 214 216 217 219 221 224 226 228 229 231 233 236 238 240 241 243 245 248 250 252 253 255 257
a 1 5 7 8 10 12 14 17 19 21 23 25 28 29 32 34 36 38 41 42 45 47 49 51 53 56 58 60 62 64 67 68 71 73 75 77 80 82 84 85 87 89 92 94 96 97 99 101 104 106 108 109 111 113 115 117 119 122 124 126 128 130 132 133 135 137 140 142 144 145 147 149 152 154 156 157 159 161 164 166 168 169 171 173 176 178 180 181 183 185 188 190 192 194 196 197 200 202 204 205 207 209 212 214 216 217 219 221 224 226 228 229 231 233 236 238 240 241 243 245 248 250 252 253 255 257
a 1 5 7 8 10 12 14 17 19 21 23 25 28 29 32 34 36 38 41 42 45 47 49 51 53 56 58 60 62 64 67 68 71 73 75 77 80 82 84 85 87 89 92 94 96 97 99 101 104 106 108 109 111 113 115 117 119 122 124 126 128 130 132 133 135 137 140 142 144 145 147 149 152 154 156 157 159 161 164 166 168 169 171 173 176 178 180 181 183 185 188 190 192 194 196 198 200 202 204 205 207 209 212 214 216 217 219 221 224 226 228 229 231 233 236 238 240 241 243 245 248 250 252 253 255 257
a 1 4 7 8 10 12 14 17 19 21 23 25 28 29 32 34 36 38 41 42 45 47 49 51 53 56 58 60 62 64 67 68 71 73 75 77 80 82 84 85 87 89 92 94 96 97 99 101 104 106 108 109 111 113 115 117 119 122 124 126 128 130 132 133 135 137 140 142 144 145 147 149 152 154 156 157 159 161 164 166 168 169 171 173 176 178 180 181 183 185 188 190 192 194 196 198 200 202 204 205 207 209 212 214 216 217 219 221 224 226 228 229 231 233 236 238 240 241 243 245 248 250 252 253 255 257
a 1 4 6 8 10 12 14 17 19 21 23 25 28 29 32 34 36 38 41 42 45 47 49 51 53 56 58 60 62 64 67 68 71 73 75 77 80 82 84 85 87 89 92 94 96 97 99 101 104 106 108 109 111 113 115 117 119 122 124 126 128 130 132 133 135 137 140 142 144 145 147 149 152 154 156 157 159 161 164 166 168 169 171 173 176 178 180 181 183 185 188 190 192 194 196 198 200 202 204 205 207 209 212 214 216 217 219 221 224 226 228 229 231 233 236 238 240 241 243 245 248 250 252 253 255 257
a 1 4 6 8 10 12 14 17 19 21 23 25 28 29 32 34 36 38 41 42 45 47 49 51 53 56 58 60 62 64 67 68 71 73 75 77 80 82 84 85 87 89 92 94 96 97 99 101 104 106 108 109 111 113 115 117 119 122 124 126 128 130 132 133 135 137 140 142 144 145 147 149 152 154 156 157 159 161 164 166 168 169 171 173 176 178 180 181 183 185 187 190 192 194 196 198 200 202 204 205 207 209 212 214 216 217 219 221 224 226 228 229 231 233 236 238 240 241 243 245 248 250 252 253 255 257
a 1 4 6 8 10 12 14 17 19 21 23 25 28 29 32 34 36 38 41 42 45 47 49 51 53 56 58 60 62 64 67 68 71 73 75 77 80 82 84 85 87 89 92 94 96 97 99 101 104 106 108 109 111 113 115 117 119 122 124 126 128 130 132 133 135 137 140 142 144 145 147 149 152 154 156 157 159 161 164 166 168 169 171 173 176 178 180 181 183 185 187 189 192 194 196 198 200 202 204 205 207 209 212 214 216 217 219 221 224 226 228 229 231 233 236 238 240 241 243 245 248 250 252 253 255 257
a 1 4 6 8 10 12 14 17 19 21 23 25 28 29 32 34 36 38 41 42 45 47 49 51 53 56 58 60 62 64 67 68 71 73 75 77 80 82 84 85 87 89 92 94 96 97 99 101 104 106 108 109 111 113 115 117 119 122 124 126 128 130 132 133 135 137 140 142 144 145 147 149 152 154 156 157 159 161 164 166 168 169 171 173 176 178 180 181 183 185 187 189 191 194 196 198 200 202 204 205 207 209 212 214 216 217 219 221 224 226 228 229 231 233 236 238 240 241 243 245 248 250 252 253 255 257
a 1 4 6 8 10 12 14 17 19 21 23 25 28 29 32 34 36 38 41 42 45 47 49 51 53 56 58 60 62 64 67 68 71 73 75 77 80 82 84 85 87 89 92 94 96 97 99 101 104 106 108 109 111 113 115 117 119 122 124 126 128 130 132 133 135 137 140 142 144 145 147 149 152 154 156 158 159 161 164 166 168 169 171 173 176 178 180 181 183 185 187 189 191 194 196 198 200 202 204 205 207 209 212 214 216 217 219 221 224 226 228 229 231 233 236 238 240 241 243 245 248 250 252 253 255 257
a 1 4 6 8 10 12 14 17 19 21 23 25 28 29 32 34 36 38 41 42 45 47 49 51 53 56 58 60 62 64 67 68 71 73 75 77 80 82 84 85 87 89 92 94 96 97 99 101 104 106 108 109 111 113 115 117 119 122 124 126 128 130 132 133 135 137 140 142 144 145 147 149 152 154 156 158 160 161 164 166 168 169 171 173 176 178 180 181 183 185 187 189 191 194 196 198 200 202 204 205 207 209 212 214 216 217 219 221 224 226 228 229 231 233 236 238 240 241 243 245 248 250 252 253 255 257
a 1 4 6 8 10 12 14 17 19 21 23 25 28 29 32 34 36 38 41 42 45 47 49 51 53 56 58 60 62 64 67 68 71 73 75 77 80 82 84 85 87 89 92 94 96 97 99 101 104 106 108 109 111 113 115 117 119 122 124 126 128 130 132 133 135 137 140 142 144 145 147 149 152 154 156 158 160 162 164 166 168 169 171 173 176 178 180 181 183 185 187 189 191 194 196 198 200 202 204 205 207 209 212 214 216 217 219 221 224 226 228 229 231 233 236 238 240 241 243 245 248 250 252 253 255 257
a 1 4 6 8 10 12 14 17 19 21 23 25 28 29 32 34 36 38 41 42 45 47 49 51 53 56 58 60 62 64 67 68 71 73 75 77 80 82 84 85 87 89 92 94 96 97 99 101 104 106 108 109 111 113 115 117 119 122 124 126 128 130 132 133 135 137 140 142 144 145 147 149 151 154 156 158 160 162 164 166 168 169 171 173 176 178 180 181 183 185 187 189 191 194 196 198 200 202 204 205 207 209 212 214 216 217 219 221 224 226 228 229 231 233 236 238 240 241 243 245 248 250 252 253 255 257
a 1 4 6 8 10 12 14 17 19 21 23 25 28 29 32 34 36 38 41 42 45 47 49 51 53 56 58 60 62 64 67 68 71 73 75 77 80 82 84 85 87 89 92 94 96 97 99 101 104 106 108 109 111 113 115 117 119 122 124 126 128 130 132 133 135 137 140 142 144 145 147 149 151 153 156 158 160 162 164 166 168 169 171 173 176 178 180 181 183 185 187 189 191 194 196 198 200 202 204 205 207 209 212 214 216 217 219 221 224 226 228 229 231 233 236 238 240 241 243 245 248 250 252 253 255 257
a 1 4 6 8 10 12 14 17 19 21 23 25 28 29 32 34 36 38 41 42 45 47 49 51 53 56 58 60 62 64 67 68 71 73 75 77 80 82 84 85 87 89 92 94 96 97 99 101 104 106 108 109 111 113 115 117 119 122 124 126 128 130 132 133 135 137 140 142 144 145 147 149 151 153 155 158 160 162 164 166 168 169 171 173 176 178 180 181 183 185 187 189 191 194 196 198 200 202 204 205 207 209 212 214 216 217 219 221 224 226 228 229 231 233 236 238 240 241 243 245 248 250 252 253 255 257
a 1 4 6 8 10 12 14 17 19 21 23 25 28 29 32 34 36 38 41 42 45 47 49 51 53 56 58 60 62 64 67 68 71 73 75 77 80 82 84 85 87 89 92 94 96 97 99 101 104 106 108 109 111 113 115 117 119 122 124 125 128 130 132 133 135 137 140 142 144 145 147 149 151 153 155 158 160 162 164 166 168 169 171 173 176 178 180 181 183 185 187 189 191 194 196 198 200 202 204 205 207 209 212 214 216 217 219 221 224 226 228 229 231 233 236 238 240 241 243 245 248 250 252 253 255 257
a 1 4 6 8 10 12 14 17 19 21 23 25 28 29 32 34 36 38 41 42 45 47 49 51 53 56 58 60 62 64 67 68 71 73 75 77 80 82 84 85 87 89 92 94 96 97 99 101 104 106 108 109 111 113 115 117 119 122 123 125 128 130 132 133 135 137 140 142 144 145 147 149 151 153 155 158 160 162 164 166 168 169 171 173 176 178 180 181 183 185 187 189 191 194 196 198 200 202 204 205 207 209 212 214 216 217 219 221 224 226 228 229 231 233 236 238 240 241 243 245 248 250 252 253 255 257
a 1 4 6 8 10 12 14 17 19 21 23 25 28 29 32 34 36 38 41 42 45 47 49 51 53 56 58 60 62 64 67 68 71 73 75 77 80 82 84 85 87 89 92 94 96 97 99 101 104 106 108 109 111 113 115 117 119 121 123 125 128 130 132 133 135 137 140 142 144 145 147 149 151 153 155 158 160 162 164 166 168 169 171 173 176 178 180 181 183 185 187 189 191 194 196 198 200 202 204 205 207 209 212 214 216 217 219 221 224 226 228 229 231 233 236 238 240 241 243 245 248 250 252 253 255 257
a 1 4 6 8 10 12 14 17 19 21 23 25 28 29 32 34 36 38 41 42 45 47 49 51 53 56 58 60 62 64 67 68 71 73 75 77 80 82 84 85 87 89 92 94 96 97 99 101 104 106 108 109 111 113 115 117 120 121 123 125 128 130 132 133 135 137 140 142 144 145 147 149 151 153 155 158 160 162 164 166 168 169 171 173 176 178 180 181 183 185 187 189 191 194 196 198 200 202 204 205 207 209 212 214 216 217 219 221 224 226 228 229 231 233 236 238 240 241 243 245 248 250 252 253 255 257
a 1 4 6 8 10 12 14 17 19 21 23 25 28 29 32 34 36 38 41 42 45 47 49 51 53 56 58 60 62 64 67 68 71 73 75 77 80 82 84 85 87 89 92 94 96 97 99 101 104 106 108 109 111 113 115 118 120 121 123 125 128 130 132 133 135 137 140 142 144 145 147 149 151 153 155 158 160 162 164 166 168 169 171 173 176 178 180 181 183 185 187 189 191 194 196 198 200 202 204 205 207 209 212 214 216 217 219 221 224 226 228 229 231 233 236 238 240 241 243 245 248 250 252 253 255 257
a 1 4 6 8 10 12 14 17 19 21 23 25 28 29 32 34 36 38 41 42 45 47 49 51 53 56 58 60 62 64 67 68 71 73 75 77 80 82 84 85 87 89 92 94 96 97 99 101 104 106 108 109 111 113 116 118 120 121 123 125 128 130 132 133 135 137 140 142 144 145 147 149 151 153 155 158 160 162 164 166 168 169 171 173 176 178 180 181 183 185 187 189 191 194 196 198 200 202 204 205 207 209 212 214 216 217 219 221 224 226 228 229 231 233 236 238 240 241 243 245 248 250 252 253 255 257
a 1 4 6 8 10 12 14 17 19 21 23 25 28 29 32 34 36 38 41 42 45 47 49 51 53 56 58 60 62 64 67 68 71 73 75 77 80 82 84 85 87 89 92 94 96 97 99 101 104 106 108 110 111 113 116 118 120 121 123 125 128 130 132 133 135 137 140 142 144 145 147 149 151 153 155 158 160 162 164 166 168 169 171 173 176 178 180 181 183 185 187 189 191 194 196 198 200 202 204 205 207 209 212 214 216 217 219 221 224 226 228 229 231 233 236 238 240 241 243 245 248 250 252 253 255 257
a 1 4 6 8 10 12 14 17 19 21 23 25 28 29 32 34 36 38 41 42 45 47 49 51 53 56 58 60 62 64 67 68 71 73 75 77 80 82 84 85 87 89 92 94 96 97 99 101 104 106 108 110 112 113 116 118 120 121 123 125 128 130 132 133 135 137 140 142 144 145 147 149 151 153 155 158 160 162 164 166 168 169 171 173 176 178 180 181 183 185 187 189 191 194 196 198 200 202 204 205 207 209 212 214 216 217 219 221 224 226 228 229 231 233 236 238 240 241 243 245 248 250 252 253 255 257
a 1 4 6 8 10 12 14 17 19 21 23 25 28 29 32 34 36 38 41 42 45 47 49 51 53 56 58 60 62 64 67 68 71 73 75 77 80 82 84 85 87 89 92 94 96 97 99 101 104 106 108 110 112 114 116 118 120 121 123 125 128 130 132 133 135 137 140 142 144 145 147 149 151 153 155 158 160 162 164 166 168 169 171 173 176 178 180 181 183 185 187 189 191 194 196 198 200 202 204 205 207 209 212 214 216 217 219 221 224 226 228 229 231 233 236 238 240 241 243 245 248 250 252 253 255 257
a 1 4 6 8 10 12 14 17 19 21 23 25 28 29 32 34 36 38 41 42 45 47 49 51 53 56 58 60 62 64 67 68 71 73 75 77 80 82 84 85 87 89 92 94 96 97 99 101 103 106 108 110 112 114 116 118 120 121 123 125 128 130 132 133 135 137 140 142 144 145 147 149 151 153 155 158 160 162 164 166 168 169 171 173 176 178 180 181 183 185 187 189 191 194 196 198 200 202 204 205 207 209 212 214 216 217 219 221 224 226 228 229 231 233 236 238 240 241 243 245 248 250 252 253 255 257
a 1 4 6 8 10 12 14 17 19 21 23 25 28 29 32 34 36 38 41 42 45 47 49 51 53 56 58 60 62 64 67 68 71 73 75 77 80 82 84 85 87 89 92 94 96 97 99 101 103 105 108 110 112 114 116 118 120 121 123 125 128 130 132 133 135 137 140 142 144 145 147 149 151 153 155 158 160 162 164 166 168 169 171 173 176 178 180 181 183 185 187 189 191 194 196 198 200 202 204 205 207 209 212 214 216 217 219 221 224 226 228 229 231 233 236 238 240 241 243 245 248 250 252 253 255 257
a 1 4 6 8 10 12 14 17 19 21 23 25 28 29 32 34 36 38 41 42 45 47 49 51 53 56 58 60 62 64 67 68 71 73 75 77 80 82 84 85 87 89 92 94 96 97 99 101 103 105 107 110 112 114 116 118 120 121 123 125 128 130 132 133 135 137 140 142 144 145 147 149 151 153 155 158 160 162 164 166 168 169 171 173 176 178 180 181 183 185 187 189 191 194 196 198 200 202 204 205 207 209 212 214 216 217 219 221 224 226 228 229 231 233 236 238 240 241 243 245 248 250 252 253 255 257
a 1 4 6 8 10 12 14 17 19 21 23 25 28 29 32 34 36 38 41 42 46 47 49 51 53 56 58 60 62 64 67 68 71 73 75 77 80 82 84 85 87 89 92 94 96 97 99 101 103 105 107 110 112 114 116 118 120 121 123 125 128 130 132 133 135 137 140 142 144 145 147 149 151 153 155 158 160 162 164 166 168 169 171 173 176 178 180 181 183 185 187 189 191 194 196 198 200 202 204 205 207 209 212 214 216 217 219 221 224 226 228 229 231 233 236 238 240 241 243 245 248 250 252 253 255 257
a 1 4 6 8 10 12 14 17 19 21 23 25 28 29 32 34 36 38 41 44 46 47 49 51 53 56 58 60 62 64 67 68 71 73 75 77 80 82 84 85 87 89 92 94 96 97 99 101 103 105 107 110 112 114 116 118 120 121 123 125 128 130 132 133 135 137 140 142 144 145 147 149 151 153 155 158 160 162 164 166 168 169 171 173 176 178 180 181 183 185 187 189 191 194 196 198 200 202 204 205 207 209 212 214 216 217 219 221 224 226 228 229 231 233 236 238 240 241 243 245 248 250 252 253 255 257
a 1 4 6 8 10 12 14 17 19 21 23 25 28 29 32 34 36 38 40 44 46 47 49 51 53 56 58 60 62 64 67 68 71 73 75 77 80 82 84 85 87 89 92 94 96 97 99 101 103 105 107 110 112 114 116 118 120 121 123 125 128 130 132 133 135 137 140 142 144 145 147 149 151 153 155 158 160 162 164 166 168 169 171 173 176 178 180 181 183 185 187 189 191 194 196 198 200 202 204 205 207 209 212 214 216 217 219 221 224 226 228 229 231 233 236 238 240 241 243 245 248 250 252 253 255 257
a 1 4 6 8 10 12 14 17 19 21 23 25 28 29 32 34 36 38 40 43 46 47 49 51 53 56 58 60 62 64 67 68 71 73 75 77 80 82 84 85 87 89 92 94 96 97 99 101 103 105 107 110 112 114 116 118 120 121 123 125 128 130 132 133 135 137 140 142 144 145 147 149 151 153 155 158 160 162 164 166 168 169 171 173 176 178 180 181 183 185 187 189 191 194 196 198 200 202 204 205 207 209 212 214 216 217 219 221 224 226 228 229 231 233 236 238 240 241 243 245 248 250 252 253 255 257
a 1 4 6 8 10 12 14 17 19 21 23 25 28 29 32 34 36 38 40 43 45 47 49 51 53 56 58 60 62 64 67 68 71 73 75 77 80 82 84 85 87 89 92 94 96 97 99 101 103 105 107 110 112 114 116 118 120 121 123 125 128 130 132 133 135 137 140 142 144 145 147 149 151 153 155 158 160 162 164 166 168 169 171 173 176 178 180 181 183 185 187 189 191 194 196 198 200 202 204 205 207 209 212 214 216 217 219 221 224 226 228 229 231 233 236 238 240 241 243 245 248 250 252 253 255 257
a 1 4 6 8 10 12 14 17 19 21 23 25 28 29 32 34 36 38 40 43 45 47 49 51 53 56 58 60 62 64 67 68 71 73 75 77 80 82 84 85 87 89 92 94 96 97 99 101 103 105 107 110 112 114 116 118 120 121 123 125 128 130 132 133 135 137 140 142 144 145 147 149 151 153 155 158 160 162 164 166 168 169 171 173 176 178 180 181 183 185 187 189 191 194 196 197 200 202 204 205 207 209 212 214 216 217 219 221 224 226 228 229 231 233 236 238 240 241 243 245 248 250 252 253 255 257
a 1 4 6 8 10 12 14 17 19 21 23 25 28 29 32 34 36 38 40 43 45 47 49 51 53 56 58 60 62 64 67 68 71 73 75 77 80 82 84 85 87 89 92 94 96 97 99 101 103 105 107 110 112 114 116 118 120 121 123 125 128 130 132 133 135 137 140 142 144 145 147 149 151 153 155 158 160 162 164 166 168 169 171 173 176 178 180 181 183 185 187 189 191 194 195 197 200 202 204 205 207 209 212 214 216 217 219 221 224 226 228 229 231 233 236 238 240 241 243 245 248 250 252 253 255 257
a 1 4 6 8 10 12 14 17 19 21 23 25 28 29 32 34 36 38 40 43 45 47 49 51 53 56 58 60 62 64 67 68 71 73 75 77 80 82 84 85 87 89 92 94 96 97 99 101 103 105 107 110 112 114 116 118 120 121 123 125 128 130 132 133 135 137 140 142 144 145 147 149 151 153 155 158 160 162 164 166 168 169 171 173 176 178 180 181 183 185 187 189 191 193 195 197 200 202 204 205 207 209 212 214 216 217 219 221 224 226 228 229 231 233 236 238 240 241 243 245 248 250 252 253 255 257
a 1 4 6 8 10 12 14 17 19 21 23 25 28 29 32 34 36 38 40 43 45 47 49 51 53 56 58 60 62 64 67 68 71 73 75 77 80 82 84 85 87 89 92 94 96 97 99 101 103 105 107 110 112 114 116 118 120 121 123 125 128 130 132 133 135 137 140 142 144 145 147 149 151 153 155 158 160 162 164 166 168 169 171 173 176 178 180 181 183 185 187 189 192 193 195 197 200 202 204 205 207 209 212 214 216 217 219 221 224 226 228 229 231 233 236 238 240 241 243 245 248 250 252 253 255 257
a 1 4 6 8 10 12 14 17 19 21 23 25 28 29 32 34 36 38 40 43 45 47 49 51 53 56 58 60 62 64 67 68 71 73 75 77 80 82 84 85 87 89 92 94 96 97 99 101 103 105 107 110 112 114 116 118 120 121 123 125 128 130 132 133 135 137 140 142 144 145 147 149 151 153 155 158 160 162 164 166 168 169 171 173 176 178 180 181 183 185 187 190 192 193 195 197 200 202 204 205 207 209 212 214 216 217 219 221 224 226 228 229 231 233 236 238 240 241 243 245 248 250 252 253 255 257
a 1 4 6 8 10 12 14 17 19 21 23 25 28 29 32 34 36 38 40 43 45 47 49 51 53 56 58 60 62 64 67 68 71 73 75 77 80 82 84 85 87 89 92 94 96 97 99 101 103 105 107 110 112 114 116 118 120 121 123 125 128 130 132 133 135 137 140 142 144 145 147 149 151 153 155 158 160 162 164 166 168 169 171 173 176 178 180 181 183 185 188 190 192 193 195 197 200 202 204 205 207 209 212 214 216 217 219 221 224 226 228 229 231 233 236 238 240 241 243 245 248 250 252 253 255 257
a 1 4 6 8 10 12 14 17 19 21 23 25 28 29 32 34 36 38 40 43 45 47 49 51 53 56 58 60 62 64 67 68 71 73 75 77 80 82 84 85 87 89 92 94 96 97 99 101 103 105 107 110 112 114 116 118 120 121 123 125 128 130 132 133 135 137 140 142 144 145 147 149 151 153 155 158 160 161 164 166 168 169 171 173 176 178 180 181 183 185 188 190 192 193 195 197 200 202 204 205 207 209 212 214 216 217 219 221 224 226 228 229 231 233 236 238 240 241 243 245 248 250 252 253 255 257
a 1 4 6 8 10 12 14 17 19 21 23 25 28 29 32 34 36 38 40 43 45 47 49 51 53 56 58 60 62 64 67 68 71 73 75 77 80 82 84 85 87 89 92 94 96 97 99 101 103 105 107 110 112 114 116 118 120 121 123 125 128 130 132 133 135 137 140 142 144 145 147 149 151 153 155 158 159 161 164 166 168 169 171 173 176 178 180 181 183 185 188 190 192 193 195 197 200 202 204 205 207 209 212 214 216 217 219 221 224 226 228 229 231 233 236 238 240 241 243 245 248 250 252 253 255 257
a 1 4 6 8 10 12 14 17 19 21 23 25 28 29 32 34 36 38 40 43 45 47 49 51 53 56 58 60 62 64 67 68 71 73 75 77 80 82 84 85 87 89 92 94 96 97 99 101 103 105 107 110 112 114 116 118 120 121 123 125 128 130 132 133 135 137 140 142 144 145 147 149 151 153 155 157 159 161 164 166 168 169 171 173 176 178 180 181 183 185 188 190 192 193 195 197 200 202 204 205 207 209 212 214 216 217 219 221 224 226 228 229 231 233 236 238 240 241 243 245 248 250 252 253 255 257
a 1 4 6 8 10 12 14 17 19 21 23 25 28 29 32 34 36 38 40 43 45 47 49 51 53 56 58 60 62 64 67 68 71 73 75 77 80 82 84 85 87 89 92 94 96 97 99 101 103 105 107 110 112 114 116 118 120 121 123 125 128 130 132 133 135 137 140 142 144 145 147 149 151 153 156 157 159 161 164 166 168 169 171 173 176 178 180 181 183 185 188 190 192 193 195 197 200 202 204 205 207 209 212 214 216 217 219 221 224 226 228 229 231 233 236 238 240 241 243 245 248 250 252 253 255 257
a 1 4 6 8 10 12 14 17 19 21 23 25 28 29 32 34 36 38 40 43 45 47 49 51 53 56 58 60 62 64 67 68 71 73 75 77 80 82 84 85 87 89 92 94 96 97 99 101 103 105 107 110 112 114 116 118 120 121 123 125 128 130 132 133 135 137 140 142 144 145 147 149 151 154 156 157 159 161 164 166 168 169 171 173 176 178 180 181 183 185 188 190 192 193 195 197 200 202 204 205 207 209 212 214 216 217 219 221 224 226 228 229 231 233 236 238 240 241 243 245 248 250 252 253 255 257
a 1 4 6 8 10 12 14 17 19 21 23 25 28 29 32 34 36 38 40 43 45 47 49 51 53 56 58 60 62 64 67 68 71 73 75 77 80 82 84 85 87 89 92 94 96 97 99 101 103 105 107 110 112 114 116 118 120 121 123 125 128 130 132 133 135 137 140 142 144 145 147 149 152 154 156 157 159 161 164 166 168 169 171 173 176 178 180 181 183 185 188 190 192 193 195 197 200 202 204 205 207 209 212 214 216 217 219 221 224 226 228 229 231 233 236 238 240 241 243 245 248 250 252 253 255 257
a 1 4 7 8 10 12 14 17 19 21 23 25 28 29 32 34 36 38 40 43 45 47 49 51 53 56 58 60 62 64 67 68 71 73 75 77 80 82 84 85 87 89 92 94 96 97 99 101 103 105 107 110 112 114 116 118 120 121 123 125 128 130 132 133 135 137 140 142 144 145 147 149 152 154 156 157 159 161 164 166 168 169 171 173 176 178 180 181 183 185 188 190 192 193 195 197 200 202 204 205 207 209 212 214 216 217 219 221 224 226 228 229 231 233 236 238 240 241 243 245 248 250 252 253 255 257
a 1 5 7 8 10 12 14 17 19 21 23 25 28 29 32 34 36 38 40 43 45 47 49 51 53 56 58 60 62 64 67 68 71 73 75 77 80 82 84 85 87 89 92 94 96 97 99 101 103 105 107 110 112 114 116 118 120 121 123 125 128 130 132 133 135 137 140 142 144 145 147 149 152 154 156 157 159 161 164 166 168 169 171 173 176 178 180 181 183 185 188 190 192 193 195 197 200 202 204 205 207 209 212 214 216 217 219 221 224 226 228 229 231 233 236 238 240 241 243 245 248 250 252 253 255 257
a 2 5 7 8 10 12 14 17 19 21 23 25 28 29 32 34 36 38 40 43 45 47 49 51 53 56 58 60 62 64 67 68 71 73 75 77 80 82 84 85 87 89 92 94 96 97 99 101 103 105 107 110 112 114 116 118 120 121 123 125 128 130 132 133 135 137 140 142 144 145 147 149 152 154 156 157 159 161 164 166 168 169 171 173 176 178 180 181 183 185 188 190 192 193 195 197 200 202 204 205 207 209 212 214 216 217 219 221 224 226 228 229 231 233 236 238 240 241 243 245 248 250 252 253 255 257
a 2 5 7 8 10 12 14 17 19 21 23 25 28 29 32 34 36 38 40 43 45 47 49 51 53 56 58 60 62 64 67 68 71 73 75 77 80 82 84 86 87 89 92 94 96 97 99 101 103 105 107 110 112 114 116 118 120 121 123 125 128 130 132 133 135 137 140 142 144 145 147 149 152 154 156 157 159 161 164 166 168 169 171 173 176 178 180 181 183 185 188 190 192 193 195 197 200 202 204 205 207 209 212 214 216 217 219 221 224 226 228 229 231 233 236 238 240 241 243 245 248 250 252 253 255 257
a 2 5 7 8 10 12 14 17 19 21 23 25 28 29 32 34 36 38 40 43 45 47 49 51 53 56 58 60 62 64 67 68 71 73 75 77 80 82 84 86 88 89 92 94 96 97 99 101 103 105 107 110 112 114 116 118 120 121 123 125 128 130 132 133 135 137 140 142 144 145 147 149 152 154 156 157 159 161 164 166 168 169 171 173 176 178 180 181 183 185 188 190 192 193 195 197 200 202 204 205 207 209 212 214 216 217 219 221 224 226 228 229 231 233 236 238 240 241 243 245 248 250 252 253 255 257
a 2 5 7 8 10 12 14 17 19 21 23 25 28 29 32 34 36 38 40 43 45 47 49 51 53 56 58 60 62 64 67 68 71 73 75 77 80 82 84 86 88 90 92 94 96 97 99 101 103 105 107 110 112 114 116 118 120 121 123 125 128 130 132 133 135 137 140 142 144 145 147 149 152 154 156 157 159 161 164 166 168 169 171 173 176 178 180 181 183 185 188 190 192 193 195 197 200 202 204 205 207 209 212 214 216 217 219 221 224 226 228 229 231 233 236 238 240 241 243 245 248 250 252 253 255 257
a 2 3 7 8 10 12 14 17 19 21 23 25 28 29 32 34 36 38 40 43 45 47 49 51 53 56 58 60 62 64 67 68 71 73 75 77 80 82 84 86 88 90 92 94 96 97 99 101 103 105 107 110 112 114 116 118 120 121 123 125 128 130 132 133 135 137 140 142 144 145 147 149 152 154 156 157 159 161 164 166 168 169 171 173 176 178 180 181 183 185 188 190 192 193 195 197 200 202 204 205 207 209 212 214 216 217 219 221 224 226 228 229 231 233 236 238 240 241 243 245 248 250 252 253 255 257
a 2 3 6 8 10 12 14 17 19 21 23 25 28 29 32 34 36 38 40 43 45 47 49 51 53 56 58 60 62 64 67 68 71 73 75 77 80 82 84 86 88 90 92 94 96 97 99 101 103 105 107 110 112 114 116 118 120 121 123 125 128 130 132 133 135 137 140 142 144 145 147 149 152 154 156 157 159 161 164 166 168 169 171 173 176 178 180 181 183 185 188 190 192 193 195 197 200 202 204 205 207 209 212 214 216 217 219 221 224 226 228 229 231 233 236 238 240 241 243 245 248 250 252 253 255 257
a 2 3 6 8 10 12 14 17 19 21 23 25 28 29 32 34 36 38 40 43 45 47 49 51 53 56 58 60 62 64 67 68 71 73 75 77 79 82 84 86 88 90 92 94 96 97 99 101 103 105 107 110 112 114 116 118 120 121 123 125 128 130 132 133 135 137 140 142 144 145 147 149 152 154 156 157 159 161 164 166 168 169 171 173 176 178 180 181 183 185 188 190 192 193 195 197 200 202 204 205 207 209 212 214 216 217 219 221 224 226 228 229 231 233 236 238 240 241 243 245 248 250 252 253 255 257
a 2 3 6 8 10 12 14 17 19 21 23 25 28 29 32 34 36 38 40 43 45 47 49 51 53 56 58 60 62 64 67 68 71 73 75 77 79 81 84 86 88 90 92 94 96 97 99 101 103 105 107 110 112 114 116 118 120 121 123 125 128 130 132 133 135 137 140 142 144 145 147 149 152 154 156 157 159 161 164 166 168 169 171 173 176 178 180 181 183 185 188 190 192 193 195 197 200 202 204 205 207 209 212 214 216 217 219 221 224 226 228 229 231 233 236 238 240 241 243 245 248 250 252 253 255 257
a 2 3 6 8 10 12 14 17 19 21 23 25 28 29 32 34 36 38 40 43 45 47 49 51 53 56 58 60 62 64 67 68 71 73 75 77 79 81 83 86 88 90 92 94 96 97 99 101 103 105 107 110 112 114 116 118 120 121 123 125 128 130 132 133 135 137 140 142 144 145 147 149 152 154 156 157 159 161 164 166 168 169 171 173 176 178 180 181 183 185 188 190 192 193 195 197 200 202 204 205 207 209 212 214 216 217 219 221 224 226 228 229 231 233 236 238 240 241 243 245 248 250 252 253 255 257
a 2 3 6 8 10 12 14 17 20 21 23 25 28 29 32 34 36 38 40 43 45 47 49 51 53 56 58 60 62 64 67 68 71 73 75 77 79 81 83 86 88 90 92 94 96 97 99 101 103 105 107 110 112 114 116 118 120 121 123 125 128 130 132 133 135 137 140 142 144 145 147 149 152 154 156 157 159 161 164 166 168 169 171 173 176 178 180 181 183 185 188 190 192 193 195 197 200 202 204 205 207 209 212 214 216 217 219 221 224 226 228 229 231 233 236 238 240 241 243 245 248 250 252 253 255 257
a 2 3 6 8 10 12 14 18 20 21 23 25 28 29 32 34 36 38 40 43 45 47 49 51 53 56 58 60 62 64 67 68 71 73 75 77 79 81 83 86 88 90 92 94 96 97 99 101 103 105 107 110 112 114 116 118 120 121 123 125 128 130 132 133 135 137 140 142 144 145 147 149 152 154 156 157 159 161 164 166 168 169 171 173 176 178 180 181 183 185 188 190 192 193 195 197 200 202 204 205 207 209 212 214 216 217 219 221 224 226 228 229 231 233 236 238 240 241 243 245 248 250 252 253 255 257
a 2 3 6 8 10 12 15 18 20 21 23 25 28 29 32 34 36 38 40 43 45 47 49 51 53 56 58 60 62 64 67 68 71 73 75 77 79 81 83 86 88 90 92 94 96 97 99 101 103 105 107 110 112 114 116 118 120 121 123 125 128 130 132 133 135 137 140 142 144 145 147 149 152 154 156 157 159 161 164 166 168 169 171 173 176 178 180 181 183 185 188 190 192 193 195 197 200 202 204 205 207 209 212 214 216 217 219 221 224 226 228 229 231 233 236 238 240 241 243 245 248 250 252 253 255 257
a 2 3 6 8 10 12 15 16 20 21 23 25 28 29 32 34 36 38 40 43 45 47 49 51 53 56 58 60 62 64 67 68 71 73 75 77 79 81 83 86 88 90 92 94 96 97 99 101 103 105 107 110 112 114 116 118 120 121 123 125 128 130 132 133 135 137 140 142 144 145 147 149 152 154 156 157 159 161 164 166 168 169 171 173 176 178 180 181 183 185 188 190 192 193 195 197 200 202 204 205 207 209 212 214 216 217 219 221 224 226 228 229 231 233 236 238 240 241 243 245 248 250 252 253 255 257
a 2 3 6 8 10 12 15 16 19 21 23 25 28 29 32 34 36 38 40 43 45 47 49 51 53 56 58 60 62 64 67 68 71 73 75 77 79 81 83 86 88 90 92 94 96 97 99 101 103 105 107 110 112 114 116 118 120 121 123 125 128 130 132 133 135 137 140 142 144 145 147 149 152 154 156 157 159 161 164 166 168 169 171 173 176 178 180 181 183 185 188 190 192 193 195 197 200 202 204 205 207 209 212 214 216 217 219 221 224 226 228 229 231 233 236 238 240 241 243 245 248 250 252 253 255 257
a 2 3 6 8 10 12 15 16 19 21 23 25 28 29 32 34 36 38 40 43 45 47 49 51 53 56 58 60 62 64 67 68 71 73 75 77 79 81 83 86 88 89 92 94 96 97 99 101 103 105 107 110 112 114 116 118 120 121 123 125 128 130 132 133 135 137 140 142 144 145 147 149 152 154 156 157 159 161 164 166 168 169 171 173 176 178 180 181 183 185 188 190 192 193 195 197 200 202 204 205 207 209 212 214 216 217 219 221 224 226 228 229 231 233 236 238 240 241 243 245 248 250 252 253 255 257
a 2 3 6 8 10 12 15 16 19 21 23 25 28 29 32 34 36 38 40 43 45 47 49 51 53 56 58 60 62 64 67 68 71 73 75 77 79 81 83 86 87 89 92 94 96 97 99 101 103 105 107 110 112 114 116 118 120 121 123 125 128 130 132 133 135 137 140 142 144 145 147 149 152 154 156 157 159 161 164 166 168 169 171 173 176 178 180 181 183 185 188 190 192 193 195 197 200 202 204 205 207 209 212 214 216 217 219 221 224 226 228 229 231 233 236 238 240 241 243 245 248 250 252 253 255 257
a 2 3 6 8 10 12 15 16 19 21 23 25 28 29 32 34 36 38 40 43 45 47 49 51 53 56 58 60 62 64 67 68 71 73 75 77 79 81 83 85 87 89 92 94 96 97 99 101 103 105 107 110 112 114 116 118 120 121 123 125 128 130 132 133 135 137 140 142 144 145 147 149 152 154 156 157 159 161 164 166 168 169 171 173 176 178 180 181 183 185 188 190 192 193 195 197 200 202 204 205 207 209 212 214 216 217 219 221 224 226 228 229 231 233 236 238 240 241 243 245 248 250 252 253 255 257
a 2 3 6 8 10 12 15 16 19 21 23 25 28 29 32 34 36 38 40 43 45 47 49 51 53 56 58 60 62 64 67 68 71 73 75 77 79 81 84 85 87 89 92 94 96 97 99 101 103 105 107 110 112 114 116 118 120 121 123 125 128 130 132 133 135 137 140 142 144 145 147 149 152 154 156 157 159 161 164 166 168 169 171 173 176 178 180 181 183 185 188 190 192 193 195 197 200 202 204 205 207 209 212 214 216 217 219 221 224 226 228 229 231 233 236 238 240 241 243 245 248 250 252 253 255 257
a 2 3 6 8 10 12 15 16 19 21 23 25 28 29 32 34 36 38 40 43 45 47 49 51 53 56 58 60 62 64 67 68 71 73 75 77 79 82 84 85 87 89 92 94 96 97 99 101 103 105 107 110 112 114 116 118 120 121 123 125 128 130 132 133 135 137 140 142 144 145 147 149 152 154 156 157 159 161 164 166 168 169 171 173 176 178 180 181 183 185 188 190 192 193 195 197 200 202 204 205 207 209 212 214 216 217 219 221 224 226 228 229 231 233 236 238 240 241 243 245 248 250 252 253 255 257
a 2 3 6 8 10 12 15 16 19 21 23 25 28 29 32 34 36 38 40 43 45 47 49 51 53 56 58 60 62 64 67 68 71 73 75 77 80 82 84 85 87 89 92 94 96 97 99 101 103 105 107 110 112 114 116 118 120 121 123 125 128 130 132 133 135 137 140 142 144 145 147 149 152 154 156 157 159 161 164 166 168 169 171 173 176 178 180 181 183 185 188 190 192 193 195 197 200 202 204 205 207 209 212 214 216 217 219 221 224 226 228 229 231 233 236 238 240 241 243 245 248 250 252 253 255 257
a 2 3 7 8 10 12 15 16 19 21 23 25 28 29 32 34 36 38 40 43 45 47 49 51 53 56 58 60 62 64 67 68 71 73 75 77 80 82 84 85 87 89 92 94 96 97 99 101 103 105 107 110 112 114 116 118 120 121 123 125 128 130 132 133 135 137 140 142 144 145 147 149 152 154 156 157 159 161 164 166 168 169 171 173 176 178 180 181 183 185 188 190 192 193 195 197 200 202 204 205 207 209 212 214 216 217 219 221 224 226 228 229 231 233 236 238 240 241 243 245 248 250 252 253 255 257
a 2 5 7 8 10 12 15 16 19 21 23 25 28 29 32 34 36 38 40 43 45 47 49 51 53 56 58 60 62 64 67 68 71 73 75 77 80 82 84 85 87 89 92 94 96 97 99 101 103 105 107 110 112 114 116 118 120 121 123 125 128 130 132 133 135 137 140 142 144 145 147 149 152 154 156 157 159 161 164 166 168 169 171 173 176 178 180 181 183 185 188 190 192 193 195 197 200 202 204 205 207 209 212 214 216 217 219 221 224 226 228 229 231 233 236 238 240 241 243 245 248 250 252 253 255 257
a 1 5 7 8 10 12 15 16 19 21 23 25 28 29 32 34 36 38 40 43 45 47 49 51 53 56 58 60 62 64 67 68 71 73 75 77 80 82 84 85 87 89 92 94 96 97 99 101 103 105 107 110 112 114 116 118 120 121 123 125 128 130 132 133 135 137 140 142 144 145 147 149 152 154 156 157 159 161 164 166 168 169 171 173 176 178 180 181 183 185 188 190 192 193 195 197 200 202 204 205 207 209 212 214 216 217 219 221 224 226 228 229 231 233 236 238 240 241 243 245 248 250 252 253 255 257
a 1 5 7 8 10 12 15 16 19 21 23 25 28 29 32 34 36 38 40 43 45 47 49 51 53 56 58 60 62 64 67 68 71 73 75 77 80 82 84 85 87 89 92 94 96 97 99 101 103 105 107 110 112 114 116 118 120 121 123 125 128 130 132 133 135 137 140 142 144 146 147 149 152 154 156 157 159 161 164 166 168 169 171 173 176 178 180 181 183 185 188 190 192 193 195 197 200 202 204 205 207 209 212 214 216 217 219 221 224 226 228 229 231 233 236 238 240 241 243 245 248 250 252 253 255 257
a 1 5 7 8 10 12 15 16 19 21 23 25 28 29 32 34 36 38 40 43 45 47 49 51 53 56 58 60 62 64 67 68 71 73 75 77 80 82 84 85 87 89 92 94 96 97 99 101 103 105 107 110 112 114 116 118 120 121 123 125 128 130 132 133 135 137 140 142 144 146 148 149 152 154 156 157 159 161 164 166 168 169 171 173 176 178 180 181 183 185 188 190 192 193 195 197 200 202 204 205 207 209 212 214 216 217 219 221 224 226 228 229 231 233 236 238 240 241 243 245 248 250 252 253 255 257
a 1 5 7 8 10 12 15 16 19 21 23 25 28 29 32 34 36 38 40 43 45 47 49 51 53 56 58 60 62 64 67 68 71 73 75 77 80 82 84 85 87 89 92 94 96 97 99 101 103 105 107 110 112 114 116 118 120 121 123 125 128 130 132 133 135 137 140 142 144 146 148 150 152 154 156 157 159 161 164 166 168 169 171 173 176 178 180 181 183 185 188 190 192 193 195 197 200 202 204 205 207 209 212 214 216 217 219 221 224 226 228 229 231 233 236 238 240 241 243 245 248 250 252 253 255 257
a 1 4 7 8 10 12 15 16 19 21 23 25 28 29 32 34 36 38 40 43 45 47 49 51 53 56 58 60 62 64 67 68 71 73 75 77 80 82 84 85 87 89 92 94 96 97 99 101 103 105 107 110 112 114 116 118 120 121 123 125 128 130 132 133 135 137 140 142 144 146 148 150 152 154 156 157 159 161 164 166 168 169 171 173 176 178 180 181 183 185 188 190 192 193 195 197 200 202 204 205 207 209 212 214 216 217 219 221 224 226 228 229 231 233 236 238 240 241 243 245 248 250 252 253 255 257
a 1 4 6 8 10 12 15 16 19 21 23 25 28 29 32 34 36 38 40 43 45 47 49 51 53 56 58 60 62 64 67 68 71 73 75 77 80 82 84 85 87 89 92 94 96 97 99 101 103 105 107 110 112 114 116 118 120 121 123 125 128 130 132 133 135 137 140 142 144 146 148 150 152 154 156 157 159 161 164 166 168 169 171 173 176 178 180 181 183 185 188 190 192 193 195 197 200 202 204 205 207 209 212 214 216 217 219 221 224 226 228 229 231 233 236 238 240 241 243 245 248 250 252 253 255 257
a 1 4 6 8 10 12 15 16 19 21 23 25 28 29 32 34 36 38 40 43 45 47 49 51 53 56 58 60 62 64 67 68 71 73 75 77 80 82 84 85 87 89 92 94 96 97 99 101 103 105 107 110 112 114 116 118 120 121 123 125 128 130 132 133 135 137 139 142 144 146 148 150 152 154 156 157 159 161 164 166 168 169 171 173 176 178 180 181 183 185 188 190 192 193 195 197 200 202 204 205 207 209 212 214 216 217 219 221 224 226 228 229 231 233 236 238 240 241 243 245 248 250 252 253 255 257
a 1 4 6 8 10 12 15 16 19 21 23 25 28 29 32 34 36 38 40 43 45 47 49 51 53 56 58 60 62 64 67 68 71 73 75 77 80 82 84 85 87 89 92 94 96 97 99 101 103 105 107 110 112 114 116 118 120 121 123 125 128 130 132 133 135 137 139 141 144 146 148 150 152 154 156 157 159 161 164 166 168 169 171 173 176 178 180 181 183 185 188 190 192 193 195 197 200 202 204 205 207 209 212 214 216 217 219 221 224 226 228 229 231 233 236 238 240 241 243 245 248 250 252 253 255 257
a 1 4 6 8 10 12 15 16 19 21 23 25 28 29 32 34 36 38 40 43 45 47 49 51 53 56 58 60 62 64 67 68 71 73 75 77 80 82 84 85 87 89 92 94 96 97 99 101 103 105 107 110 112 114 116 118 120 121 123 125 128 130 132 133 135 137 139 141 143 146 148 150 152 154 156 157 159 161 164 166 168 169 171 173 176 178 180 181 183 185 188 190 192 193 195 197 200 202 204 205 207 209 212 214 216 217 219 221 224 226 228 229 231 233 236 238 240 241 243 245 248 250 252 253 255 257
a 1 4 6 8 10 12 15 16 19 21 23 25 28 29 32 34 36 38 40 43 45 47 49 51 53 56 58 60 62 64 67 68 71 73 75 77 80 82 84 85 87 89 92 94 96 97 99 101 103 105 107 110 112 113 116 118 120 121 123 125 128 130 132 133 135 137 139 141 143 146 148 150 152 154 156 157 159 161 164 166 168 169 171 173 176 178 180 181 183 185 188 190 192 193 195 197 200 202 204 205 207 209 212 214 216 217 219 221 224 226 228 229 231 233 236 238 240 241 243 245 248 250 252 253 255 257
a 1 4 6 8 10 12 15 16 19 21 23 25 28 29 32 34 36 38 40 43 45 47 49 51 53 56 58 60 62 64 67 68 71 73 75 77 80 82 84 85 87 89 92 94 96 97 99 101 103 105 107 110 111 113 116 118 120 121 123 125 128 130 132 133 135 137 139 141 143 146 148 150 152 154 156 157 159 161 164 166 168 169 171 173 176 178 180 181 183 185 188 190 192 193 195 197 200 202 204 205 207 209 212 214 216 217 219 221 224 226 228 229 231 233 236 238 240 241 243 245 248 250 252 253 255 257
a 1 4 6 8 10 12 15 16 19 21 23 25 28 29 32 34 36 38 40 43 45 47 49 51 53 56 58 60 62 64 67 68 71 73 75 77 80 82 84 85 87 89 92 94 96 97 99 101 103 105 107 109 111 113 116 118 120 121 123 125 128 130 132 133 135 137 139 141 143 146 148 150 152 154 156 157 159 161 164 166 168 169 171 173 176 178 180 181 183 185 188 190 192 193 195 197 200 202 204 205 207 209 212 214 216 217 219 221 224 226 228 229 231 233 236 238 240 241 243 245 248 250 252 253 255 257
a 1 4 6 8 10 12 15 16 19 21 23 25 28 29 32 34 36 38 40 43 45 47 49 51 53 56 58 60 62 64 67 68 71 73 75 77 80 82 84 85 87 89 92 94 96 97 99 101 103 105 108 109 111 113 116 118 120 121 123 125 128 130 132 133 135 137 139 141 143 146 148 150 152 154 156 157 159 161 164 166 168 169 171 173 176 178 180 181 183 185 188 190 192 193 195 197 200 202 204 205 207 209 212 214 216 217 219 221 224 226 228 229 231 233 236 238 240 241 243 245 248 250 252 253 255 257
a 1 4 6 8 10 12 15 16 19 21 23 25 28 29 32 34 36 38 40 43 45 47 49 51 53 56 58 60 62 64 67 68 71 73 75 77 80 82 84 85 87 89 92 94 96 97 99 101 103 106 108 109 111 113 116 118 120 121 123 125 128 130 132 133 135 137 139 141 143 146 148 150 152 154 156 157 159 161 164 166 168 169 171 173 176 178 180 181 183 185 188 190 192 193 195 197 200 202 204 205 207 209 212 214 216 217 219 221 224 226 228 229 231 233 236 238 240 241 243 245 248 250 252 253 255 257
a 1 4 6 8 10 12 15 16 19 21 23 25 28 29 32 34 36 38 40 43 45 47 49 51 53 56 58 60 62 64 67 68 71 73 75 77 80 82 84 85 87 89 92 94 96 97 99 101 104 106 108 109 111 113 116 118 120 121 123 125 128 130 132 133 135 137 139 141 143 146 148 150 152 154 156 157 159 161 164 166 168 169 171 173 176 178 180 181 183 185 188 190 192 193 195 197 200 202 204 205 207 209 212 214 216 217 219 221 224 226 228 229 231 233 236 238 240 241 243 245 248 250 252 253 255 257
a 1 4 6 8 10 12 15 16 19 21 23 25 28 29 32 34 36 38 40 43 45 47 49 51 53 56 58 60 62 64 67 68 71 73 75 77 80 82 84 85 87 89 92 94 96 98 99 101 104 106 108 109 111 113 116 118 120 121 123 125 128 130 132 133 135 137 139 141 143 146 148 150 152 154 156 157 159 161 164 166 168 169 171 173 176 178 180 181 183 185 188 190 192 193 195 197 200 202 204 205 207 209 212 214 216 217 219 221 224 226 228 229 231 233 236 238 240 241 243 245 248 250 252 253 255 257
a 1 4 6 8 10 12 15 16 19 21 23 25 28 29 32 34 36 38 40 43 45 47 49 51 53 56 58 60 62 64 67 68 71 73 75 77 80 82 84 85 87 89 92 94 96 98 100 101 104 106 108 109 111 113 116 118 120 121 123 125 128 130 132 133 135 137 139 141 143 146 148 150 152 154 156 157 159 161 164 166 168 169 171 173 176 178 180 181 183 185 188 190 192 193 195 197 200 202 204 205 207 209 212 214 216 217 219 221 224 226 228 229 231 233 236 238 240 241 243 245 248 250 252 253 255 257
a 1 4 6 8 10 12 15 16 19 21 23 25 28 29 32 34 36 38 40 43 45 47 49 51 53 56 58 60 62 64 67 68 71 73 75 77 80 82 84 85 87 89 92 94 96 98 100 102 104 106 108 109 111 113 116 118 120 121 123 125 128 130 132 133 135 137 139 141 143 146 148 150 152 154 156 157 159 161 164 166 168 169 171 173 176 178 180 181 183 185 188 190 192 193 195 197 200 202 204 205 207 209 212 214 216 217 219 221 224 226 228 229 231 233 236 238 240 241 243 245 248 250 252 253 255 257
a 1 4 6 8 10 12 15 16 19 21 23 25 28 29 32 34 36 38 40 43 45 47 49 51 53 56 58 60 62 64 67 68 71 73 75 77 80 82 84 85 87 89 91 94 96 98 100 102 104 106 108 109 111 113 116 118 120 121 123 125 128 130 132 133 135 137 139 141 143 146 148 150 152 154 156 157 159 161 164 166 168 169 171 173 176 178 180 181 183 185 188 190 192 193 195 197 200 202 204 205 207 209 212 214 216 217 219 221 224 226 228 229 231 233 236 238 240 241 243 245 248 250 252 253 255 257
a 1 4 6 8 10 12 15 16 19 21 23 25 28 29 32 34 36 38 40 43 45 47 49 51 53 56 58 60 62 64 67 68 71 73 75 77 80 82 84 85 87 89 91 93 96 98 100 102 104 106 108 109 111 113 116 118 120 121 123 125 128 130 132 133 135 137 139 141 143 146 148 150 152 154 156 157 159 161 164 166 168 169 171 173 176 178 180 181 183 185 188 190 192 193 195 197 200 202 204 205 207 209 212 214 216 217 219 221 224 226 228 229 231 233 236 238 240 241 243 245 248 250 252 253 255 257
a 1 4 6 8 10 12 15 16 19 21 23 25 28 29 32 34 36 38 40 43 45 47 49 51 53 56 58 60 62 64 67 68 71 73 75 77 80 82 84 85 87 89 91 93 95 98 100 102 104 106 108 109 111 113 116 118 120 121 123 125 128 130 132 133 135 137 139 141 143 146 148 150 152 154 156 157 159 161 164 166 168 169 171 173 176 178 180 181 183 185 188 190 192 193 195 197 200 202 204 205 207 209 212 214 216 217 219 221 224 226 228 229 231 233 236 238 240 241 243 245 248 250 252 253 255 257
a 1 4 6 8 10 12 15 16 19 21 23 25 28 29 33 34 36 38 40 43 45 47 49 51 53 56 58 60 62 64 67 68 71 73 75 77 80 82 84 85 87 89 91 93 95 98 100 102 104 106 108 109 111 113 116 118 120 121 123 125 128 130 132 133 135 137 139 141 143 146 148 150 152 154 156 157 159 161 164 166 168 169 171 173 176 178 180 181 183 185 188 190 192 193 195 197 200 202 204 205 207 209 212 214 216 217 219 221 224 226 228 229 231 233 236 238 240 241 243 245 248 250 252 253 255 257
a 1 4 6 8 10 12 15 16 19 21 23 25 28 31 33 34 36 38 40 43 45 47 49 51 53 56 58 60 62 64 67 68 71 73 75 77 80 82 84 85 87 89 91 93 95 98 100 102 104 106 108 109 111 113 116 118 120 121 123 125 128 130 132 133 135 137 139 141 143 146 148 150 152 154 156 157 159 161 164 166 168 169 171 173 176 178 180 181 183 185 188 190 192 193 195 197 200 202 204 205 207 209 212 214 216 217 219 221 224 226 228 229 231 233 236 238 240 241 243 245 248 250 252 253 255 257
a 1 4 6 8 10 12 15 16 19 21 23 25 27 31 33 34 36 38 40 43 45 47 49 51 53 56 58 60 62 64 67 68 71 73 75 77 80 82 84 85 87 89 91 93 95 98 100 102 104 106 108 109 111 113 116 118 120 121 123 125 128 130 132 133 135 137 139 141 143 146 148 150 152 154 156 157 159 161 164 166 168 169 171 173 176 178 180 181 183 185 188 190 192 193 195 197 200 202 204 205 207 209 212 214 216 217 219 221 224 226 228 229 231 233 236 238 240 241 243 245 248 250 252 253 255 257
a 1 4 6 8 10 12 15 16 19 21 23 25 27 30 33 34 36 38 40 43 45 47 49 51 53 56 58 60 62 64 67 68 71 73 75 77 80 82 84 85 87 89 91 93 95 98 100 102 104 106 108 109 111 113 116 118 120 121 123 125 128 130 132 133 135 137 139 141 143 146 148 150 152 154 156 157 159 161 164 166 168 169 171 173 176 178 180 181 183 185 188 190 192 193 195 197 200 202 204 205 207 209 212 214 216 217 219 221 224 226 228 229 231 233 236 238 240 241 243 245 248 250 252 253 255 257
a 1 4 6 8 10 12 15 16 19 21 23 25 27 30 32 34 36 38 40 43 45 47 49 51 53 56 58 60 62 64 67 68 71 73 75 77 80 82 84 85 87 89 91 93 95 98 100 102 104 106 108 109 111 113 116 118 120 121 123 125 128 130 132 133 135 137 139 141 143 146 148 150 152 154 156 157 159 161 164 166 168 169 171 173 176 178 180 181 183 185 188 190 192 193 195 197 200 202 204 205 207 209 212 214 216 217 219 221 224 226 228 229 231 233 236 238 240 241 243 245 248 250 252 253 255 257
a 1 4 6 8 10 12 15 16 19 21 23 25 27 30 32 34 36 38 40 43 45 47 49 51 53 56 58 60 62 64 67 68 71 73 75 77 80 82 84 85 87 89 91 93 95 98 100 102 104 106 108 109 111 113 116 118 120 121 123 125 128 130 132 133 135 137 139 141 143 146 148 149 152 154 156 157 159 161 164 166 168 169 171 173 176 178 180 181 183 185 188 190 192 193 195 197 200 202 204 205 207 209 212 214 216 217 219 221 224 226 228 229 231 233 236 238 240 241 243 245 248 250 252 253 255 257
a 1 4 6 8 10 12 15 16 19 21 23 25 27 30 32 34 36 38 40 43 45 47 49 51 53 56 58 60 62 64 67 68 71 73 75 77 80 82 84 85 87 89 91 93 95 98 100 102 104 106 108 109 111 113 116 118 120 121 123 125 128 130 132 133 135 137 139 141 143 146 147 149 152 154 156 157 159 161 164 166 168 169 171 173 176 178 180 181 183 185 188 190 192 193 195 197 200 202 204 205 207 209 212 214 216 217 219 221 224 226 228 229 231 233 236 238 240 241 243 245 248 250 252 253 255 257
a 1 4 6 8 10 12 15 16 19 21 23 25 27 30 32 34 36 38 40 43 45 47 49 51 53 56 58 60 62 64 67 68 71 73 75 77 80 82 84 85 87 89 91 93 95 98 100 102 104 106 108 109 111 113 116 118 120 121 123 125 128 130 132 133 135 137 139 141 143 145 147 149 152 154 156 157 159 161 164 166 168 169 171 173 176 178 180 181 183 185 188 190 192 193 195 197 200 202 204 205 207 209 212 214 216 217 219 221 224 226 228 229 231 233 236 238 240 241 243 245 248 250 252 253 255 257
a 1 4 6 8 10 12 15 16 19 21 23 25 27 30 32 34 36 38 40 43 45 47 49 51 53 56 58 60 62 64 67 68 71 73 75 77 80 82 84 85 87 89 91 93 95 98 100 102 104 106 108 109 111 113 116 118 120 121 123 125 128 130 132 133 135 137 139 141 144 145 147 149 152 154 156 157 159 161 164 166 168 169 171 173 176 178 180 181 183 185 188 190 192 193 195 197 200 202 204 205 207 209 212 214 216 217 219 221 224 226 228 229 231 233 236 238 240 241 243 245 248 250 252 253 255 257
a 1 4 6 8 10 12 15 16 19 21 23 25 27 30 32 34 36 38 40 43 45 47 49 51 53 56 58 60 62 64 67 68 71 73 75 77 80 82 84 85 87 89 91 93 95 98 100 102 104 106 108 109 111 113 116 118 120 121 123 125 128 130 132 133 135 137 139 142 144 145 147 149 152 154 156 157 159 161 164 166 168 169 171 173 176 178 180 181 183 185 188 190 192 193 195 197 200 202 204 205 207 209 212 214 216 217 219 221 224 226 228 229 231 233 236 238 240 241 243 245 248 250 252 253 255 257
a 1 4 6 8 10 12 15 16 19 21 23 25 27 30 32 34 36 38 40 43 45 47 49 51 53 56 58 60 62 64 67 68 71 73 75 77 80 82 84 85 87 89 91 93 95 98 100 102 104 106 108 109 111 113 116 118 120 121 123 125 128 130 132 133 135 137 140 142 144 145 147 149 152 154 156 157 159 161 164 166 168 169 171 173 176 178 180 181 183 185 188 190 192 193 195 197 200 202 204 205 207 209 212 214 216 217 219 221 224 226 228 229 231 233 236 238 240 241 243 245 248 250 252 253 255 257
a 1 4 6 8 10 12 15 16 19 21 23 25 27 30 32 34 36 38 40 43 45 47 49 51 53 56 58 60 62 64 67 68 71 73 75 77 80 82 84 85 87 89 91 93 95 98 100 101 104 106 108 109 111 113 116 118 120 121 123 125 128 130 132 133 135 137 140 142 144 145 147 149 152 154 156 157 159 161 164 166 168 169 171 173 176 178 180 181 183 185 188 190 192 193 195 197 200 202 204 205 207 209 212 214 216 217 219 221 224 226 228 229 231 233 236 238 240 241 243 245 248 250 252 253 255 257
a 1 4 6 8 10 12 15 16 19 21 23 25 27 30 32 34 36 38 40 43 45 47 49 51 53 56 58 60 62 64 67 68 71 73 75 77 80 82 84 85 87 89 91 93 95 98 99 101 104 106 108 109 111 113 116 118 120 121 123 125 128 130 132 133 135 137 140 142 144 145 147 149 152 154 156 157 159 161 164 166 168 169 171 173 176 178 180 181 183 185 188 190 192 193 195 197 200 202 204 205 207 209 212 214 216 217 219 221 224 226 228 229 231 233 236 238 240 241 243 245 248 250 252 253 255 257
a 1 4 6 8 10 12 15 16 19 21 23 25 27 30 32 34 36 38 40 43 45 47 49 51 53 56 58 60 62 64 67 68 71 73 75 77 80 82 84 85 87 89 91 93 95 97 99 101 104 106 108 109 111 113 116 118 120 121 123 125 128 130 132 133 135 137 140 142 144 145 147 149 152 154 156 157 159 161 164 166 168 169 171 173 176 178 180 181 183 185 188 190 192 193 195 197 200 202 204 205 207 209 212 214 216 217 219 221 224 226 228 229 231 233 236 238 240 241 243 245 248 250 252 253 255 257
a 1 4 6 8 10 12 15 16 19 21 23 25 27 30 32 34 36 38 40 43 45 47 49 51 53 56 58 60 62 64 67 68 71 73 75 77 80 82 84 85 87 89 91 93 96 97 99 101 104 106 108 109 111 113 116 118 120 121 123 125 128 130 132 133 135 137 140 142 144 145 147 149 152 154 156 157 159 161 164 166 168 169 171 173 176 178 180 181 183 185 188 190 192 193 195 197 200 202 204 205 207 209 212 214 216 217 219 221 224 226 228 229 231 233 236 238 240 241 243 245 248 250 252 253 255 257
a 1 4 6 8 10 12 15 16 19 21 23 25 27 30 32 34 36 38 40 43 45 47 49 51 53 56 58 60 62 64 67 68 71 73 75 77 80 82 84 85 87 89 91 94 96 97 99 101 104 106 108 109 111 113 116 118 120 121 123 125 128 130 132 133 135 137 140 142 144 145 147 149 152 154 156 157 159 161 164 166 168 169 171 173 176 178 180 181 183 185 188 190 192 193 195 197 200 202 204 205 207 209 212 214 216 217 219 221 224 226 228 229 231 233 236 238 240 241 243 245 248 250 252 253 255 257
a 1 4 6 8 10 12 15 16 19 21 23 25 27 30 32 34 36 38 40 43 45 47 49 51 53 56 58 60 62 64 67 68 71 73 75 77 80 82 84 85 87 89 92 94 96 97 99 101 104 106 108 109 111 113 116 118 120 121 123 125 128 130 132 133 135 137 140 142 144 145 147 149 152 154 156 157 159 161 164 166 168 169 171 173 176 178 180 181 183 185 188 190 192 193 195 197 200 202 204 205 207 209 212 214 216 217 219 221 224 226 228 229 231 233 236 238 240 241 243 245 248 250 252 253 255 257
a 1 4 7 8 10 12 15 16 19 21 23 25 27 30 32 34 36 38 40 43 45 47 49 51 53 56 58 60 62 64 67 68 71 73 75 77 80 82 84 85 87 89 92 94 96 97 99 101 104 106 108 109 111 113 116 118 120 121 123 125 128 130 132 133 135 137 140 142 144 145 147 149 152 154 156 157 159 161 164 166 168 169 171 173 176 178 180 181 183 185 188 190 192 193 195 197 200 202 204 205 207 209 212 214 216 217 219 221 224 226 228 229 231 233 236 238 240 241 243 245 248 250 252 253 255 257
a 1 5 7 8 10 12 15 16 19 21 23 25 27 30 32 34 36 38 40 43 45 47 49 51 53 56 58 60 62 64 67 68 71 73 75 77 80 82 84 85 87 89 92 94 96 97 99 101 104 106 108 109 111 113 116 118 120 121 123 125 128 130 132 133 135 137 140 142 144 145 147 149 152 154 156 157 159 161 164 166 168 169 171 173 176 178 180 181 183 185 188 190 192 193 195 197 200 202 204 205 207 209 212 214 216 217 219 221 224 226 228 229 231 233 236 238 240 241 243 245 248 250 252 253 255 257
a 2 5 7 8 10 12 15 16 19 21 23 25 27 30 32 34 36 38 40 43 45 47 49 51 53 56 58 60 62 64 67 68 71 73 75 77 80 82 84 85 87 89 92 94 96 97 99 101 104 106 108 109 111 113 116 118 120 121 123 125 128 130 132 133 135 137 140 142 144 145 147 149 152 154 156 157 159 161 164 166 168 169 171 173 176 178 180 181 183 185 188 190 192 193 195 197 200 202 204 205 207 209 212 214 216 217 219 221 224 226 228 229 231 233 236 238 240 241 243 245 248 250 252 253 255 257
a 2 5 7 8 10 12 15 16 19 21 23 25 27 30 32 34 36 38 40 43 45 47 49 51 53 56 58 60 62 64 67 68 71 73 75 77 80 82 84 86 87 89 92 94 96 97 99 101 104 106 108 109 111 113 116 118 120 121 123 125 128 130 132 133 135 137 140 142 144 145 147 149 152 154 156 157 159 161 164 166 168 169 171 173 176 178 180 181 183 185 188 190 192 193 195 197 200 202 204 205 207 209 212 214 216 217 219 221 224 226 228 229 231 233 236 238 240 241 243 245 248 250 252 253 255 257
a 2 5 7 8 10 12 15 16 19 21 23 25 27 30 32 34 36 38 40 43 45 47 49 51 53 56 58 60 62 64 67 68 71 73 75 77 80 82 84 86 88 89 92 94 96 97 99 101 104 106 108 109 111 113 116 118 120 121 123 125 128 130 132 133 135 137 140 142 144 145 147 149 152 154 156 157 159 161 164 166 168 169 171 173 176 178 180 181 183 185 188 190 192 193 195 197 200 202 204 205 207 209 212 214 216 217 219 221 224 226 228 229 231 233 236 238 240 241 243 245 248 250 252 253 255 257
a 2 5 7 8 10 12 15 16 19 21 23 25 27 30 32 34 36 38 40 43 45 47 49 51 53 56 58 60 62 64 67 68 71 73 75 77 80 82 84 86 88 90 92 94 96 97 99 101 104 106 108 109 111 113 116 118 120 121 123 125 128 130 132 133 135 137 140 142 144 145 147 149 152 154 156 157 159 161 164 166 168 169 171 173 176 178 180 181 183 185 188 190 192 193 195 197 200 202 204 205 207 209 212 214 216 217 219 221 224 226 228 229 231 233 236 238 240 241 243 245 248 250 252 253 255 257
a 2 3 7 8 10 12 15 16 19 21 23 25 27 30 32 34 36 38 40 43 45 47 49 51 53 56 58 60 62 64 67 68 71 73 75 77 80 82 84 86 88 90 92 94 96 97 99 101 104 106 108 109 111 113 116 118 120 121 123 125 128 130 132 133 135 137 140 142 144 145 147 149 152 154 156 157 159 161 164 166 168 169 171 173 176 178 180 181 183 185 188 190 192 193 195 197 200 202 204 205 207 209 212 214 216 217 219 221 224 226 228 229 231 233 236 238 240 241 243 245 248 250 252 253 255 257
a 2 3 6 8 10 12 15 16 19 21 23 25 27 30 32 34 36 38 40 43 45 47 49 51 53 56 58 60 62 64 67 68 71 73 75 77 80 82 84 86 88 90 92 94 96 97 99 101 104 106 108 109 111 113 116 118 120 121 123 125 128 130 132 133 135 137 140 142 144 145 147 149 152 154 156 157 159 161 164 166 168 169 171 173 176 178 180 181 183 185 188 190 192 193 195 197 200 202 204 205 207 209 212 214 216 217 219 221 224 226 228 229 231 233 236 238 240 241 243 245 248 250 252 253 255 257
a 2 3 6 8 10 12 15 16 19 21 23 25 27 30 32 34 36 38 40 43 45 47 49 51 53 56 58 60 62 64 67 68 71 73 75 77 79 82 84 86 88 90 92 94 96 97 99 101 104 106 108 109 111 113 116 118 120 121 123 125 128 130 132 133 135 137 140 142 144 145 147 149 152 154 156 157 159 161 164 166 168 169 171 173 176 178 180 181 183 185 188 190 192 193 195 197 200 202 204 205 207 209 212 214 216 217 219 221 224 226 228 229 231 233 236 238 240 241 243 245 248 250 252 253 255 257
a 2 3 6 8 10 12 15 16 19 21 23 25 27 30 32 34 36 38 40 43 45 47 49 51 53 56 58 60 62 64 67 68 71 73 75 77 79 81 84 86 88 90 92 94 96 97 99 101 104 106 108 109 111 113 116 118 120 121 123 125 128 130 132 133 135 137 140 142 144 145 147 149 152 154 156 157 159 161 164 166 168 169 171 173 176 178 180 181 183 185 188 190 192 193 195 197 200 202 204 205 207 209 212 214 216 217 219 221 224 226 228 229 231 233 236 238 240 241 243 245 248 250 252 253 255 257
a 2 3 6 8 10 12 15 16 19 21 23 25 27 30 32 34 36 38 40 43 45 47 49 51 53 56 58 60 62 64 67 68 71 73 75 77 79 81 83 86 88 90 92 94 96 97 99 101 104 106 108 109 111 113 116 118 120 121 123 125 128 130 132 133 135 137 140 142 144 145 147 149 152 154 156 157 159 161 164 166 168 169 171 173 176 178 180 181 183 185 188 190 192 193 195 197 200 202 204 205 207 209 212 214 216 217 219 221 224 226 228 229 231 233 236 238 240 241 243 245 248 250 252 253 255 257
a 2 3 6 8 10 12 15 16 20 21 23 25 27 30 32 34 36 38 40 43 45 47 49 51 53 56 58 60 62 64 67 68 71 73 75 77 79 81 83 86 88 90 92 94 96 97 99 101 104 106 108 109 111 113 116 118 120 121 123 125 128 130 132 133 135 137 140 142 144 145 147 149 152 154 156 157 159 161 164 166 168 169 171 173 176 178 180 181 183 185 188 190 192 193 195 197 200 202 204 205 207 209 212 214 216 217 219 221 224 226 228 229 231 233 236 238 240 241 243 245 248 250 252 253 255 257
a 2 3 6 8 10 12 15 18 20 21 23 25 27 30 32 34 36 38 40 43 45 47 49 51 53 56 58 60 62 64 67 68 71 73 75 77 79 81 83 86 88 90 92 94 96 97 99 101 104 106 108 109 111 113 116 118 120 121 123 125 128 130 132 133 135 137 140 142 144 145 147 149 152 154 156 157 159 161 164 166 168 169 171 173 176 178 180 181 183 185 188 190 192 193 195 197 200 202 204 205 207 209 212 214 216 217 219 221 224 226 228 229 231 233 236 238 240 241 243 245 248 250 252 253 255 257
a 2 3 6 8 10 12 14 18 20 21 23 25 27 30 32 34 36 38 40 43 45 47 49 51 53 56 58 60 62 64 67 68 71 73 75 77 79 81 83 86 88 90 92 94 96 97 99 101 104 106 108 109 111 113 116 118 120 121 123 125 128 130 132 133 135 137 140 142 144 145 147 149 152 154 156 157 159 161 164 166 168 169 171 173 176 178 180 181 183 185 188 190 192 193 195 197 200 202 204 205 207 209 212 214 216 217 219 221 224 226 228 229 231 233 236 238 240 241 243 245 248 250 252 253 255 257
a 2 3 6 8 10 12 14 17 20 21 23 25 27 30 32 34 36 38 40 43 45 47 49 51 53 56 58 60 62 64 67 68 71 73 75 77 79 81 83 86 88 90 92 94 96 97 99 101 104 106 108 109 111 113 116 118 120 121 123 125 128 130 132 133 135 137 140 142 144 145 147 149 152 154 156 157 159 161 164 166 168 169 171 173 176 178 180 181 183 185 188 190 192 193 195 197 200 202 204 205 207 209 212 214 216 217 219 221 224 226 228 229 231 233 236 238 240 241 243 245 248 250 252 253 255 257
a 2 3 6 8 10 12 14 17 19 21 23 25 27 30 32 34 36 38 40 43 45 47 49 51 53 56 58 60 62 64 67 68 71 73 75 77 79 81 83 86 88 90 92 94 96 97 99 101 104 106 108 109 111 113 116 118 120 121 123 125 128 130 132 133 135 137 140 142 144 145 147 149 152 154 156 157 159 161 164 166 168 169 171 173 176 178 180 181 183 185 188 190 192 193 195 197 200 202 204 205 207 209 212 214 216 217 219 221 224 226 228 229 231 233 236 238 240 241 243 245 248 250 252 253 255 257
a 2 3 6 8 10 12 14 17 19 21 23 25 27 30 32 34 36 38 40 43 45 47 49 51 53 56 58 60 62 64 67 68 71 73 75 77 79 81 83 86 88 89 92 94 96 97 99 101 104 106 108 109 111 113 116 118 120 121 123 125 128 130 132 133 135 137 140 142 144 145 147 149 152 154 156 157 159 161 164 166 168 169 171 173 176 178 180 181 183 185 188 190 192 193 195 197 200 202 204 205 207 209 212 214 216 217 219 221 224 226 228 229 231 233 236 238 240 241 243 245 248 250 252 253 255 257
a 2 3 6 8 10 12 14 17 19 21 23 25 27 30 32 34 36 38 40 43 45 47 49 51 53 56 58 60 62 64 67 68 71 73 75 77 79 81 83 86 87 89 92 94 96 97 99 101 104 106 108 109 111 113 116 118 120 121 123 125 128 130 132 133 135 137 140 142 144 145 147 149 152 154 156 157 159 161 164 166 168 169 171 173 176 178 180 181 183 185 188 190 192 193 195 197 200 202 204 205 207 209 212 214 216 217 219 221 224 226 228 229 231 233 236 238 240 241 243 245 248 250 252 253 255 257
a 2 3 6 8 10 12 14 17 19 21 23 25 27 30 32 34 36 38 40 43 45 47 49 51 53 56 58 60 62 64 67 68 71 73 75 77 79 81 83 85 87 89 92 94 96 97 99 101 104 106 108 109 111 113 116 118 120 121 123 125 128 130 132 133 135 137 140 142 144 145 147 149 152 154 156 157 159 161 164 166 168 169 171 173 176 178 180 181 183 185 188 190 192 193 195 197 200 202 204 205 207 209 212 214 216 217 219 221 224 226 228 229 231 233 236 238 240 241 243 245 248 250 252 253 255 257
a 2 3 6 8 10 12 14 17 19 21 23 25 27 30 32 34 36 38 40 43 45 47 49 51 53 56 58 60 62 64 67 68 71 73 75 77 79 81 84 85 87 89 92 94 96 97 99 101 104 106 108 109 111 113 116 118 120 121 123 125 128 130 132 133 135 137 140 142 144 145 147 149 152 154 156 157 159 161 164 166 168 169 171 173 176 178 180 181 183 185 188 190 192 193 195 197 200 202 204 205 207 209 212 214 216 217 219 221 224 226 228 229 231 233 236 238 240 241 243 245 248 250 252 253 255 257
a 2 3 6 8 10 12 14 17 19 21 23 25 27 30 32 34 36 38 40 43 45 47 49 51 53 56 58 60 62 64 67 68 71 73 75 77 79 82 84 85 87 89 92 94 96 97 99 101 104 106 108 109 111 113 116 118 120 121 123 125 128 130 132 133 135 137 140 142 144 145 147 149 152 154 156 157 159 161 164 166 168 169 171 173 176 178 180 181 183 185 188 190 192 193 195 197 200 202 204 205 207 209 212 214 216 217 219 221 224 226 228 229 231 233 236 238 240 241 243 245 248 250 252 253 255 257
a 2 3 6 8 10 12 14 17 19 21 23 25 27 30 32 34 36 38 40 43 45 47 49 51 53 56 58 60 62 64 67 68 71 73 75 77 80 82 84 85 87 89 92 94 96 97 99 101 104 106 108 109 111 113 116 118 120 121 123 125 128 130 132 133 135 137 140 142 144 145 147 149 152 154 156 157 159 161 164 166 168 169 171 173 176 178 180 181 183 185 188 190 192 193 195 197 200 202 204 205 207 209 212 214 216 217 219 221 224 226 228 229 231 233 236 238 240 241 243 245 248 250 252 253 255 257
a 2 3 7 8 10 12 14 17 19 21 23 25 27 30 32 34 36 38 40 43 45 47 49 51 53 56 58 60 62 64 67 68 71 73 75 77 80 82 84 85 87 89 92 94 96 97 99 101 104 106 108 109 111 113 116 118 120 121 123 125 128 130 132 133 135 137 140 142 144 145 147 149 152 154 156 157 159 161 164 166 168 169 171 173 176 178 180 181 183 185 188 190 192 193 195 197 200 202 204 205 207 209 212 214 216 217 219 221 224 226 228 229 231 233 236 238 240 241 243 245 248 250 252 253 255 257
a 2 5 7 8 10 12 14 17 19 21 23 25 27 30 32 34 36 38 40 43 45 47 49 51 53 56 58 60 62 64 67 68 71 73 75 77 80 82 84 85 87 89 92 94 96 97 99 101 104 106 108 109 111 113 116 118 120 121 123 125 128 130 132 133 135 137 140 142 144 145 147 149 152 154 156 157 159 161 164 166 168 169 171 173 176 178 180 181 183 185 188 190 192 193 195 197 200 202 204 205 207 209 212 214 216 217 219 221 224 226 228 229 231 233 236 238 240 241 243 245 248 250 252 253 255 257
a 1 5 7 8 10 12 14 17 19 21 23 25 27 30 32 34 36 38 40 43 45 47 49 51 53 56 58 60 62 64 67 68 71 73 75 77 80 82 84 85 87 89 92 94 96 97 99 101 104 106 108 109 111 113 116 118 120 121 123 125 128 130 132 133 135 137 140 142 144 145 147 149 152 154 156 157 159 161 164 166 168 169 171 173 176 178 180 181 183 185 188 190 192 193 195 197 200 202 204 205 207 209 212 214 216 217 219 221 224 226 228 229 231 233 236 238 240 241 243 245 248 250 252 253 255 257
a 1 4 7 8 10 12 14 17 19 21 23 25 27 30 32 34 36 38 40 43 45 47 49 51 53 56 58 60 62 64 67 68 71 73 75 77 80 82 84 85 87 89 92 94 96 97 99 101 104 106 108 109 111 113 116 118 120 121 123 125 128 130 132 133 135 137 140 142 144 145 147 149 152 154 156 157 159 161 164 166 168 169 171 173 176 178 180 181 183 185 188 190 192 193 195 197 200 202 204 205 207 209 212 214 216 217 219 221 224 226 228 229 231 233 236 238 240 241 243 245 248 250 252 253 255 257
a 1 4 6 8 10 12 14 17 19 21 23 25 27 30 32 34 36 38 40 43 45 47 49 51 53 56 58 60 62 64 67 68 71 73 75 77 80 82 84 85 87 89 92 94 96 97 99 101 104 106 108 109 111 113 116 118 120 121 123 125 128 130 132 133 135 137 140 142 144 145 147 149 152 154 156 157 159 161 164 166 168 169 171 173 176 178 180 181 183 185 188 190 192 193 195 197 200 202 204 205 207 209 212 214 216 217 219 221 224 226 228 229 231 233 236 238 240 241 243 245 248 250 252 253 255 257
Reconfiguration time = 128.279688
	Command being timed: "timeout 600s ../ddreconf/ddreconf ../benchmark_instances/2023result/docs/solver/benchmark/exp_instance/LGC_exp_instance006.col --st --stfile=../benchmark_instances/2023result/docs/solver/benchmark/exp_instance/LGC_exp_instance006_01.dat --tj --indset"
	User time (seconds): 140.10
	System time (seconds): 2.84
	Percent of CPU this job got: 99%
	Elapsed (wall clock) time (h:mm:ss or m:ss): 2:23.42
	Average shared text size (kbytes): 0
	Average unshared data size (kbytes): 0
	Average stack size (kbytes): 0
	Average total size (kbytes): 0
	Maximum resident set size (kbytes): 4295928
	Average resident set size (kbytes): 0
	Major (requiring I/O) page faults: 0
	Minor (reclaiming a frame) page faults: 553826
	Voluntary context switches: 3
	Involuntary context switches: 126
	Swaps: 0
	File system inputs: 0
	File system outputs: 1136
	Socket messages sent: 0
	Socket messages received: 0
	Signals delivered: 0
	Page size (bytes): 4096
	Exit status: 0
