Input graph file parsed. # of vertices = 492, # of edges = 2679
s 6 12 18 27 33 42 48 57 63 72 78 87 93 102 108 117 123 132 138 147 153 162 168 177 183 192 198 207 213 222 228 237 243 252 258 267 273 282 288 297 303 312 318 327 333 342 348 357 363 372 378 387 393 402 408 417 423 432 438 447 453 462 468 477 483 492
t 3 9 21 24 36 39 51 54 66 69 81 84 96 99 111 114 126 129 141 144 156 159 171 174 186 189 201 204 216 219 231 234 246 249 261 264 276 279 291 294 306 309 321 324 336 339 351 354 366 369 381 384 396 399 411 414 426 429 441 444 456 459 471 474 486 489
Solution space ZDD construction start
Solution space ZDD construction end
Solution space ZDD construction time = 1.070157
Solution space ZDD size = 1338
# of elements in the solution space = 19489455276734749087424541909137255302197790229882344
Start searching a reconfiguration sequence from s to t
Step 1 time = 0.001564, # ZDD nodes = 313, # elems = 183
Step 2 time = 0.002800, # ZDD nodes = 559, # elems = 16434
Step 3 time = 0.002548, # ZDD nodes = 799, # elems = 965459
Step 4 time = 0.003159, # ZDD nodes = 1030, # elems = 41734134
Step 5 time = 0.002359, # ZDD nodes = 1262, # elems = 1415657574
Step 6 time = 0.002628, # ZDD nodes = 1494, # elems = 39244033059
Step 7 time = 0.002637, # ZDD nodes = 1718, # elems = 914280668469
Step 8 time = 0.002717, # ZDD nodes = 1928, # elems = 18269840026116
Step 9 time = 0.002704, # ZDD nodes = 2129, # elems = 318037920991208
Step 10 time = 0.002177, # ZDD nodes = 2326, # elems = 4882061317849386
Step 11 time = 0.002399, # ZDD nodes = 2520, # elems = 66736639922928687
Step 12 time = 0.002330, # ZDD nodes = 2721, # elems = 818942632194247813
Step 13 time = 0.002634, # ZDD nodes = 2930, # elems = 9081952386895680075
Step 14 time = 0.003129, # ZDD nodes = 3132, # elems = 91536798678287810877
Step 15 time = 0.003039, # ZDD nodes = 3320, # elems = 842549541703500900951
Step 16 time = 0.002541, # ZDD nodes = 3502, # elems = 7111771770255977991708
Step 17 time = 0.003128, # ZDD nodes = 3680, # elems = 55246023229801366960965
Step 18 time = 0.053077, # ZDD nodes = 3855, # elems = 396206845988546060310441
Step 19 time = 0.003314, # ZDD nodes = 4027, # elems = 2630433977515771110087345
Step 20 time = 0.003258, # ZDD nodes = 4196, # elems = 16205354612402641073723700
Step 21 time = 0.003686, # ZDD nodes = 4363, # elems = 92839081636534886500074198
Step 22 time = 0.003751, # ZDD nodes = 4539, # elems = 495507193719802910230708647
Step 23 time = 0.003715, # ZDD nodes = 4706, # elems = 2467884540837185452791898020
Step 24 time = 0.003674, # ZDD nodes = 4875, # elems = 11486252307355372712125350819
Step 25 time = 0.003464, # ZDD nodes = 5039, # elems = 50021451277842958104858181821
Step 26 time = 0.003326, # ZDD nodes = 5197, # elems = 204049134688255520972592010653
Step 27 time = 0.004021, # ZDD nodes = 5346, # elems = 780416567731890335459373333571
Step 28 time = 0.003954, # ZDD nodes = 5492, # elems = 2800826045314251700138512285711
Step 29 time = 0.003832, # ZDD nodes = 5635, # elems = 9438761040665998605587661273111
Step 30 time = 0.004618, # ZDD nodes = 5775, # elems = 29885807421959705691066501924314
Step 31 time = 0.003589, # ZDD nodes = 5909, # elems = 88949295956719981585956737681874
Step 32 time = 0.004421, # ZDD nodes = 6037, # elems = 248949888466734520902534730448358
Step 33 time = 0.003787, # ZDD nodes = 6155, # elems = 655389238709103617694109691221413
Step 34 time = 0.003655, # ZDD nodes = 6285, # elems = 1623290937386241691629630240225759
Step 35 time = 0.004040, # ZDD nodes = 6409, # elems = 3783252307018949167027483318941342
Step 36 time = 0.004636, # ZDD nodes = 6533, # elems = 8297453483775468765619003951456298
Step 37 time = 0.003901, # ZDD nodes = 6669, # elems = 17126088631925258318973595553090481
Step 38 time = 0.004782, # ZDD nodes = 6794, # elems = 33267821404246725132601250818609908
Step 39 time = 0.005086, # ZDD nodes = 6921, # elems = 60823830220944718963541625330555802
Step 40 time = 0.005555, # ZDD nodes = 7043, # elems = 104681676650695823343564356607689778
Step 41 time = 0.005142, # ZDD nodes = 7165, # elems = 169646585415530096506215620664288936
Step 42 time = 0.004837, # ZDD nodes = 7284, # elems = 259022785859441717718325317377909949
Step 43 time = 0.004813, # ZDD nodes = 7397, # elems = 372960623553650243140545145905730992
Step 44 time = 0.004559, # ZDD nodes = 7507, # elems = 507211660304262883936330002543189735
Step 45 time = 0.004665, # ZDD nodes = 7608, # elems = 653044673267122165013159557047671964
Step 46 time = 0.006007, # ZDD nodes = 7693, # elems = 798762402038678328618531175570215195
Step 47 time = 0.005477, # ZDD nodes = 7766, # elems = 932530739423759155484241769564772679
Step 48 time = 0.005463, # ZDD nodes = 7831, # elems = 1045430086512218261543442050641377735
Step 49 time = 0.004493, # ZDD nodes = 7887, # elems = 1133311068315409103053328173626279846
Step 50 time = 0.005371, # ZDD nodes = 7937, # elems = 1196565196447423868293678694523440940
Step 51 time = 0.004367, # ZDD nodes = 7981, # elems = 1238139385131905421722114093380777761
Step 52 time = 0.004487, # ZDD nodes = 8025, # elems = 1261283264948369127751933205724163344
Step 53 time = 0.004349, # ZDD nodes = 8087, # elems = 1268747102429809854657404312741873445
Step 54 time = 0.004571, # ZDD nodes = 8149, # elems = 1264123444530477550680419266163841883
Step 55 time = 0.004933, # ZDD nodes = 8211, # elems = 1254328539927190666836828225540014064
Step 56 time = 0.005113, # ZDD nodes = 8288, # elems = 1251016663032575629964996576721724242
Step 57 time = 0.005110, # ZDD nodes = 8372, # elems = 1268957934195825577194797196103741877
Step 58 time = 0.006146, # ZDD nodes = 8464, # elems = 1321115214605483360213681541990470748
Step 59 time = 0.006583, # ZDD nodes = 8550, # elems = 1412361160721430038704591322768828955
Step 60 time = 0.006096, # ZDD nodes = 8623, # elems = 1535113563115872032501757315386563860
Step 61 time = 0.007784, # ZDD nodes = 8687, # elems = 1669713070878085571835522773883796422
Step 62 time = 0.006063, # ZDD nodes = 8745, # elems = 1790221705333575991240908072403846395
Step 63 time = 0.006202, # ZDD nodes = 8793, # elems = 1873585347598963319199348731009622341
Step 64 time = 0.005957, # ZDD nodes = 8840, # elems = 1908283982086476154006466848093450059
Step 65 time = 0.007010, # ZDD nodes = 8860, # elems = 1898735809346664786598065375070522620
Step 66 time = 0.005640, # ZDD nodes = 8867, # elems = 1863770003904415925814765127644725104
Step 67 time = 0.007702, # ZDD nodes = 8869, # elems = 1830272842639947937322733287112459558
Step 68 time = 0.005843, # ZDD nodes = 8900, # elems = 1825061470459663424390455021794393120
Step 69 time = 0.006204, # ZDD nodes = 8928, # elems = 1868148024842264461935894731629157337
Step 70 time = 0.006188, # ZDD nodes = 8951, # elems = 1969045126478447023093342089825495873
Step 71 time = 0.005789, # ZDD nodes = 8978, # elems = 2125879208437210248049464229743416769
Step 72 time = 0.005649, # ZDD nodes = 9002, # elems = 2326158150523650166287700950869917620
Step 73 time = 0.006708, # ZDD nodes = 9025, # elems = 2548504335721663141846768264129826382
Step 74 time = 0.006368, # ZDD nodes = 9052, # elems = 2765723300173353216475067728712377266
Step 75 time = 0.006534, # ZDD nodes = 9096, # elems = 2949924492459345816806275585317029022
Step 76 time = 0.008351, # ZDD nodes = 9149, # elems = 3079377770937354774722472002323076835
Step 77 time = 0.005621, # ZDD nodes = 9187, # elems = 3145018719907705993189582573378450305
Step 78 time = 0.007008, # ZDD nodes = 9225, # elems = 3153529107712748875161025268415697086
Step 79 time = 0.005948, # ZDD nodes = 9276, # elems = 3124883807852623193514063417489834732
Step 80 time = 0.005984, # ZDD nodes = 9331, # elems = 3084942083994367079330245942246217814
Step 81 time = 0.006384, # ZDD nodes = 9396, # elems = 3056465910770039344650510291522974244
Step 82 time = 0.006722, # ZDD nodes = 9468, # elems = 3053005867875789724062697857722227437
Step 83 time = 0.007951, # ZDD nodes = 9540, # elems = 3078609750143486692482274016173999695
Step 84 time = 0.007147, # ZDD nodes = 9611, # elems = 3133087612097357773299205891574120088
Step 85 time = 0.008126, # ZDD nodes = 9679, # elems = 3219434507448629683889612736142152297
Step 86 time = 0.006846, # ZDD nodes = 9744, # elems = 3348657529102904928355409533423968159
Step 87 time = 0.006690, # ZDD nodes = 9806, # elems = 3538358879088386164776792489803803509
Step 88 time = 0.006448, # ZDD nodes = 9863, # elems = 3804499028181099170753977894950349665
Step 89 time = 0.006243, # ZDD nodes = 9927, # elems = 4149480820528985102951438175884659332
Step 90 time = 0.007757, # ZDD nodes = 10008, # elems = 4552390064947405341776411496770810919
Step 91 time = 0.008510, # ZDD nodes = 10098, # elems = 4967417043640770272206361253463907151
Step 92 time = 0.006509, # ZDD nodes = 10188, # elems = 5333528338116838549604719148294111925
Step 93 time = 0.006610, # ZDD nodes = 10278, # elems = 5593214428091739597419008127515640700
Step 94 time = 0.007619, # ZDD nodes = 10365, # elems = 5713021161424873385103440912275478799
Step 95 time = 0.008261, # ZDD nodes = 10448, # elems = 5696546436794965404119600994287488524
Step 96 time = 0.007620, # ZDD nodes = 10525, # elems = 5583350465602474014216374837385431151
Step 97 time = 0.008894, # ZDD nodes = 10599, # elems = 5433805129234802712031919137769452593
Step 98 time = 0.008808, # ZDD nodes = 10670, # elems = 5306830927948318354458505973923727502
Step 99 time = 0.006796, # ZDD nodes = 10737, # elems = 5240800855428378065463255153360497982
Step 100 time = 0.007959, # ZDD nodes = 10785, # elems = 5245749393144657709195004314574866356
Step 101 time = 0.007591, # ZDD nodes = 10831, # elems = 5308824229081980948883424012024710377
Step 102 time = 0.007124, # ZDD nodes = 10872, # elems = 5408384241416734549850644981532156256
Step 103 time = 0.007824, # ZDD nodes = 10920, # elems = 5528857150528722940746831360857070021
Step 104 time = 0.007792, # ZDD nodes = 10968, # elems = 5669678355253470666409910985845091954
Step 105 time = 0.006764, # ZDD nodes = 11022, # elems = 5845815196918231792079726220404130282
Step 106 time = 0.007782, # ZDD nodes = 11097, # elems = 6081605452190695133334324228208425126
Step 107 time = 0.008293, # ZDD nodes = 11182, # elems = 6401625496171542411848510866588829673
Step 108 time = 0.007413, # ZDD nodes = 11278, # elems = 6821743628008870163911560100204456416
Step 109 time = 0.009209, # ZDD nodes = 11377, # elems = 7341873803835383891086327518188997177
Step 110 time = 0.009147, # ZDD nodes = 11476, # elems = 7941057037248843410373492809684592933
Step 111 time = 0.008780, # ZDD nodes = 11575, # elems = 8576025237434693748264799795812311697
Step 112 time = 0.008907, # ZDD nodes = 11681, # elems = 9185317441144268093999193714355437948
Step 113 time = 0.009294, # ZDD nodes = 11804, # elems = 9700519974793731050483136819352691115
Step 114 time = 0.010351, # ZDD nodes = 11927, # elems = 10063415929645365233811930324252139149
Step 115 time = 0.009337, # ZDD nodes = 12041, # elems = 10243927356843117282066728369741601225
Step 116 time = 0.009150, # ZDD nodes = 12142, # elems = 10251411690690159100443577689847612380
Step 117 time = 0.011085, # ZDD nodes = 12237, # elems = 10133389447962273075016460430676909944
Step 118 time = 0.009446, # ZDD nodes = 12326, # elems = 9961024898976962940648962648091307215
Step 119 time = 0.009082, # ZDD nodes = 12406, # elems = 9806910737627192799231333878179363821
Step 120 time = 0.009858, # ZDD nodes = 12480, # elems = 9724290908829837506181646714439593263
Step 121 time = 0.010214, # ZDD nodes = 12551, # elems = 9735752609398055512398312119502141696
Step 122 time = 0.008808, # ZDD nodes = 12620, # elems = 9834487637450663721139943573390776911
Step 123 time = 0.009252, # ZDD nodes = 12683, # elems = 9995445893351159375203533176716860063
Step 124 time = 0.008918, # ZDD nodes = 12737, # elems = 10190087730680492865330004962120606081
Step 125 time = 0.008415, # ZDD nodes = 12776, # elems = 10398277177532979823928669850239386104
Step 126 time = 0.008250, # ZDD nodes = 12815, # elems = 10613448406484291838130669105669778823
Step 127 time = 0.008769, # ZDD nodes = 12859, # elems = 10840818057957957936006095105391266664
Step 128 time = 0.008420, # ZDD nodes = 12913, # elems = 11091512261272716808166777221124987022
Step 129 time = 0.008455, # ZDD nodes = 12985, # elems = 11376991549039405902160456622302941591
Step 130 time = 0.009136, # ZDD nodes = 13060, # elems = 11707518937763365342645459516380673488
Step 131 time = 0.009261, # ZDD nodes = 13135, # elems = 12095590045394952305224411745031700896
Step 132 time = 0.009763, # ZDD nodes = 13210, # elems = 12561204824739611197075349502283834776
Step 133 time = 0.010526, # ZDD nodes = 13288, # elems = 13132851386479461016981370632509032241
Step 134 time = 0.011157, # ZDD nodes = 13384, # elems = 13838739962475305430012567939540223221
Step 135 time = 0.009162, # ZDD nodes = 13495, # elems = 14688232216502545945497470622273378585
Step 136 time = 0.009421, # ZDD nodes = 13615, # elems = 15651315556169484415652321141643931971
Step 137 time = 0.012143, # ZDD nodes = 13753, # elems = 16649235776633691278472199647574074291
Step 138 time = 0.010923, # ZDD nodes = 13894, # elems = 17567095315179985299929353223855561346
Step 139 time = 0.012270, # ZDD nodes = 14040, # elems = 18288642684015510089601851449336660338
Step 140 time = 0.011367, # ZDD nodes = 14186, # elems = 18739876115119165887658144328544350241
Step 141 time = 0.011027, # ZDD nodes = 14328, # elems = 18920096211877834983434277212446248951
Step 142 time = 0.013356, # ZDD nodes = 14458, # elems = 18902960758187683087760595583233173973
Step 143 time = 0.012394, # ZDD nodes = 14574, # elems = 18804988879501707655838375767973360532
Step 144 time = 0.010366, # ZDD nodes = 14701, # elems = 18736509413859814174149536799023128080
Step 145 time = 0.011908, # ZDD nodes = 14817, # elems = 18759653888560816449111116737772038239
Step 146 time = 0.012898, # ZDD nodes = 14919, # elems = 18873755280568112614957093884880839498
Step 147 time = 0.011033, # ZDD nodes = 15012, # elems = 19033097669184491341445297586515179491
Step 148 time = 0.012431, # ZDD nodes = 15072, # elems = 19184702015672518324171474864169042382
Step 149 time = 0.013269, # ZDD nodes = 15126, # elems = 19304561434785242356726121179977147549
Step 150 time = 0.012459, # ZDD nodes = 15168, # elems = 19413786153811768047230538928649756112
Step 151 time = 0.011617, # ZDD nodes = 15207, # elems = 19568403596527385165726012810883555966
Step 152 time = 0.010383, # ZDD nodes = 15243, # elems = 19830446800327193520743797949949482343
Step 153 time = 0.011327, # ZDD nodes = 15288, # elems = 20236275426965421177919027495959253740
Step 154 time = 0.011269, # ZDD nodes = 15333, # elems = 20777750919233325168553327491678804570
Step 155 time = 0.011264, # ZDD nodes = 15378, # elems = 21404528299647165497275439287240151448
Step 156 time = 0.011461, # ZDD nodes = 15420, # elems = 22045668219684688707508018292499563433
Step 157 time = 0.011962, # ZDD nodes = 15480, # elems = 22640598222301541809362345236819903007
Step 158 time = 0.011729, # ZDD nodes = 15549, # elems = 23166241990047740886750697225969592748
Step 159 time = 0.011147, # ZDD nodes = 15621, # elems = 23649647458134526443230953034869951698
Step 160 time = 0.010564, # ZDD nodes = 15693, # elems = 24162015955802856536828384869857508521
Step 161 time = 0.011422, # ZDD nodes = 15777, # elems = 24797315664146317890654750755944911339
Step 162 time = 0.013570, # ZDD nodes = 15860, # elems = 25643316688661795585417012328434366157
Step 163 time = 0.011152, # ZDD nodes = 15940, # elems = 26753537995997241658583613212068749777
Step 164 time = 0.013479, # ZDD nodes = 16032, # elems = 28126538963812454348134083781531753443
Step 165 time = 0.012416, # ZDD nodes = 16131, # elems = 29696750874421422654389144083930879479
Step 166 time = 0.011743, # ZDD nodes = 16230, # elems = 31339892102405313416711219617447218366
Step 167 time = 0.012147, # ZDD nodes = 16323, # elems = 32894729064994219370248402085659073037
Step 168 time = 0.011642, # ZDD nodes = 16397, # elems = 34199313143914414876963534128231169698
Step 169 time = 0.011913, # ZDD nodes = 16480, # elems = 35133570694830736611013896353112785469
Step 170 time = 0.011558, # ZDD nodes = 16566, # elems = 35654407337088307242848272305318730317
Step 171 time = 0.012646, # ZDD nodes = 16658, # elems = 35809044447720245077954555935757766730
Step 172 time = 0.012456, # ZDD nodes = 16751, # elems = 35719491090122901669012273878589474228
Step 173 time = 0.013521, # ZDD nodes = 16851, # elems = 35543194198468412127981171647504014998
Step 174 time = 0.015726, # ZDD nodes = 16953, # elems = 35425481579617723310824915710658080636
Step 175 time = 0.013185, # ZDD nodes = 17028, # elems = 35462373416132865149315234085780962835
Step 176 time = 0.013149, # ZDD nodes = 17103, # elems = 35686250987946039623733794652812245353
Step 177 time = 0.013977, # ZDD nodes = 17172, # elems = 36075675993870156408249621434902919736
Step 178 time = 0.014064, # ZDD nodes = 17232, # elems = 36580692196816085316416401036092311100
Step 179 time = 0.013242, # ZDD nodes = 17277, # elems = 37150750541570941637174238343361785440
Step 180 time = 0.013920, # ZDD nodes = 17310, # elems = 37754450463387270836917052738425220121
Step 181 time = 0.013290, # ZDD nodes = 17340, # elems = 38385894088755376644050348566560753699
Step 182 time = 0.013982, # ZDD nodes = 17378, # elems = 39058369833852294585494792322281309496
Step 183 time = 0.015697, # ZDD nodes = 17441, # elems = 39790394755962127584403247238375469935
Step 184 time = 0.015530, # ZDD nodes = 17525, # elems = 40591227855758387084801662768782793110
Step 185 time = 0.013937, # ZDD nodes = 17633, # elems = 41452558062667659336400030651520115018
Step 186 time = 0.013386, # ZDD nodes = 17747, # elems = 42350021251883524433108116946266841646
Step 187 time = 0.014905, # ZDD nodes = 17876, # elems = 43253276606772334661065576417194113145
Step 188 time = 0.015178, # ZDD nodes = 17996, # elems = 44138871645684859242814976749745184528
Step 189 time = 0.014815, # ZDD nodes = 18103, # elems = 44998955281681997265212147591750992620
Step 190 time = 0.013293, # ZDD nodes = 18207, # elems = 45842360743948344473861733372112984959
Step 191 time = 0.013783, # ZDD nodes = 18311, # elems = 46690706759183095929733098745899946461
Step 192 time = 0.014092, # ZDD nodes = 18430, # elems = 47576385339654292335655664804258793354
Step 193 time = 0.016078, # ZDD nodes = 18546, # elems = 48547484460936488501978880963824722026
Step 194 time = 0.014249, # ZDD nodes = 18644, # elems = 49676670112431881411270771167362608991
Step 195 time = 0.013842, # ZDD nodes = 18739, # elems = 51062021664007758107583642673594330017
Step 196 time = 0.014275, # ZDD nodes = 18843, # elems = 52805841584985640596052803290243463882
Step 197 time = 0.012794, # ZDD nodes = 18933, # elems = 54967728988267770530330899219837225422
Step 198 time = 0.014498, # ZDD nodes = 19026, # elems = 57507534811061620917599822870811987477
Step 199 time = 0.016089, # ZDD nodes = 19091, # elems = 60250202358350185253761988731979749452
Step 200 time = 0.015860, # ZDD nodes = 19159, # elems = 62903942999679001503221227172811550734
Step 201 time = 0.016815, # ZDD nodes = 19221, # elems = 65140403978088054972981653021550599139
Step 202 time = 0.013303, # ZDD nodes = 19286, # elems = 66710446612117417584646855881250266063
Step 203 time = 0.015441, # ZDD nodes = 19355, # elems = 67543059176877359998389146709562643952
Step 204 time = 0.014664, # ZDD nodes = 19421, # elems = 67776498945862350940930420983508702011
Step 205 time = 0.013519, # ZDD nodes = 19480, # elems = 67702397547987466668475617292729759017
Step 206 time = 0.013431, # ZDD nodes = 19510, # elems = 67648134043725280994276476442178117021
Step 207 time = 0.015165, # ZDD nodes = 19549, # elems = 67854181447095313959452155342901450454
Step 208 time = 0.014807, # ZDD nodes = 19612, # elems = 68403303525063323863713258652704396318
Step 209 time = 0.013791, # ZDD nodes = 19693, # elems = 69228636595802470888788797626403090169
Step 210 time = 0.014061, # ZDD nodes = 19753, # elems = 70186373642546756568977974746435981738
Step 211 time = 0.017682, # ZDD nodes = 19828, # elems = 71149140135843317917784013752383836843
Step 212 time = 0.016736, # ZDD nodes = 19913, # elems = 72072104068080568611326952148222473138
Step 213 time = 0.016304, # ZDD nodes = 20006, # elems = 73003818723975068000349618990714930543
Step 214 time = 0.015762, # ZDD nodes = 20093, # elems = 74044425728183695016755647680418361023
Step 215 time = 0.019713, # ZDD nodes = 20177, # elems = 75279117840448051600820474971109669784
Step 216 time = 0.018231, # ZDD nodes = 20252, # elems = 76723865326968480596988082124101926738
Step 217 time = 0.019791, # ZDD nodes = 20312, # elems = 78311120828766882661401991858099221642
Step 218 time = 0.019556, # ZDD nodes = 20362, # elems = 79921224189176665494922398517448431179
Step 219 time = 0.020872, # ZDD nodes = 20436, # elems = 81441295577143068546741017631282655680
Step 220 time = 0.020171, # ZDD nodes = 20523, # elems = 82819246190752902167163804308007523572
Step 221 time = 0.120262, # ZDD nodes = 20607, # elems = 84083696464922472561450289026329367252
Step 222 time = 0.017816, # ZDD nodes = 20682, # elems = 85319971859889914817273383547106219422
Step 223 time = 0.016871, # ZDD nodes = 20754, # elems = 86617531515684385398096302425315582302
Step 224 time = 0.016399, # ZDD nodes = 20817, # elems = 88020586968702585430898388622657652046
Step 225 time = 0.021486, # ZDD nodes = 20865, # elems = 89511309834850923033233266441407238077
Step 226 time = 0.016203, # ZDD nodes = 20910, # elems = 91035199221469398398630459371083488694
Step 227 time = 0.017727, # ZDD nodes = 20961, # elems = 92552975612154571104153295388843483259
Step 228 time = 0.016521, # ZDD nodes = 21015, # elems = 94088077494868288927370299848731006931
Step 229 time = 0.015644, # ZDD nodes = 21083, # elems = 95742228902568508747163523576455010531
Step 230 time = 0.017534, # ZDD nodes = 21173, # elems = 97670465325526967588915802283383747576
Step 231 time = 0.015595, # ZDD nodes = 21272, # elems = 100028827752794359955065025970609829221
Step 232 time = 0.016419, # ZDD nodes = 21383, # elems = 102919300569463045188986259427416076461
Step 233 time = 0.015999, # ZDD nodes = 21494, # elems = 106352465646381018229505019705961331898
Step 234 time = 0.016851, # ZDD nodes = 21586, # elems = 110234949739186597753488572297841575490
Step 235 time = 0.015658, # ZDD nodes = 21675, # elems = 114377696332332417211333560892561005597
Step 236 time = 0.016741, # ZDD nodes = 21761, # elems = 118519597845854024384139248089768234392
Step 237 time = 0.018057, # ZDD nodes = 21853, # elems = 122366040243927644048543077722409325907
Step 238 time = 0.017203, # ZDD nodes = 21949, # elems = 125643741413069809237643816711943009915
Step 239 time = 0.017130, # ZDD nodes = 22081, # elems = 128165576683045027121122952040320819781
Step 240 time = 0.017821, # ZDD nodes = 22213, # elems = 129886130564154756201177649304222646177
Step 241 time = 0.019374, # ZDD nodes = 22315, # elems = 130922525760494869847748822501384189234
Step 242 time = 0.018359, # ZDD nodes = 22408, # elems = 131524701496493783641494712854834528315
Step 243 time = 0.018326, # ZDD nodes = 22507, # elems = 132001827479214523024440475520007210549
Step 244 time = 0.019330, # ZDD nodes = 22603, # elems = 132633246975367385694832459487111500227
Step 245 time = 0.020186, # ZDD nodes = 22669, # elems = 133599202395598445702502258073573501986
Step 246 time = 0.016937, # ZDD nodes = 22732, # elems = 134954908239898785947812857779917941387
Step 247 time = 0.020593, # ZDD nodes = 22777, # elems = 136649972367835435141755275170572914556
Step 248 time = 0.018151, # ZDD nodes = 22800, # elems = 138577116110487678059241772593918333486
Step 249 time = 0.017033, # ZDD nodes = 22802, # elems = 140627575824173985834924171551382594348
Step 250 time = 0.018321, # ZDD nodes = 22804, # elems = 142734093746860851016347705825318959667
Step 251 time = 0.019690, # ZDD nodes = 22824, # elems = 144889787767860075957033190664873201796
Step 252 time = 0.018129, # ZDD nodes = 22865, # elems = 147138527367155744013181955856726649347
Step 253 time = 0.017504, # ZDD nodes = 22918, # elems = 149540460105062511226515880897652783268
Step 254 time = 0.018647, # ZDD nodes = 23010, # elems = 152126173382125138729742085270961408758
Step 255 time = 0.020912, # ZDD nodes = 23112, # elems = 154861190704685302501043904327363905028
Step 256 time = 0.020393, # ZDD nodes = 23204, # elems = 157641860878928006198576750953914008448
Step 257 time = 0.019113, # ZDD nodes = 23300, # elems = 160330112469845214627764210899613222610
Step 258 time = 0.018693, # ZDD nodes = 23399, # elems = 162813278755602461319856050670368833313
Step 259 time = 0.018633, # ZDD nodes = 23504, # elems = 165059243652649513168459779098388414489
Step 260 time = 0.020113, # ZDD nodes = 23612, # elems = 167137899860174652053933661790300300986
Step 261 time = 0.018270, # ZDD nodes = 23714, # elems = 169197893513061819727721765249699527302
Step 262 time = 0.018414, # ZDD nodes = 23810, # elems = 171411579472485654713863743335045358516
Step 263 time = 0.019642, # ZDD nodes = 23906, # elems = 173916046304785230871711253966772432183
Step 264 time = 0.020651, # ZDD nodes = 24002, # elems = 176775836546872541341974524039699925258
Step 265 time = 0.018555, # ZDD nodes = 24101, # elems = 179977244030328194159019659293163990706
Step 266 time = 0.018891, # ZDD nodes = 24215, # elems = 183446666656429040561404828154939031387
Step 267 time = 0.021242, # ZDD nodes = 24329, # elems = 187077607871334365904595818587741663190
Step 268 time = 0.023725, # ZDD nodes = 24446, # elems = 190755583878052344754585883216968560738
Step 269 time = 0.019606, # ZDD nodes = 24554, # elems = 194381163490550695981306958793440646558
Step 270 time = 0.019188, # ZDD nodes = 24680, # elems = 197898325624884667210470181854563392593
Step 271 time = 0.022056, # ZDD nodes = 24818, # elems = 201331213656045560934360176076963533973
Step 272 time = 0.024138, # ZDD nodes = 24959, # elems = 204818290547491106618907473589298969926
Step 273 time = 0.021847, # ZDD nodes = 25081, # elems = 208618241079652468674980698187657229681
Step 274 time = 0.019492, # ZDD nodes = 25203, # elems = 213059813925809891213636057409284418321
Step 275 time = 0.020604, # ZDD nodes = 25328, # elems = 218427018624835379895292355225090799675
Step 276 time = 0.021582, # ZDD nodes = 25456, # elems = 224808327557106143029028149085680217616
Step 277 time = 0.020314, # ZDD nodes = 25591, # elems = 231975343092180600182266085157061698558
Step 278 time = 0.020952, # ZDD nodes = 25714, # elems = 239366513600971275855843281555441278317
Step 279 time = 0.021824, # ZDD nodes = 25813, # elems = 246217515802777000149300130312600258581
Step 280 time = 0.022487, # ZDD nodes = 25858, # elems = 251809841226480824132006400377247165966
Step 281 time = 0.021709, # ZDD nodes = 25878, # elems = 255738553417442380591979946434554907634
Step 282 time = 0.019859, # ZDD nodes = 25886, # elems = 258073704097941210202056379299577429878
Step 283 time = 0.023154, # ZDD nodes = 25880, # elems = 259331196897663612947561565295097991363
Step 284 time = 0.020129, # ZDD nodes = 25840, # elems = 260261117222344667153062388394162658065
Step 285 time = 0.020368, # ZDD nodes = 25810, # elems = 261554170947716042195996637561978946044
Step 286 time = 0.019557, # ZDD nodes = 25801, # elems = 263606287790370036306797172113310666900
Step 287 time = 0.023131, # ZDD nodes = 25801, # elems = 266444992323578492479595929347526831083
Step 288 time = 0.021026, # ZDD nodes = 25759, # elems = 269831397653848345320330395765722088598
Step 289 time = 0.020985, # ZDD nodes = 25738, # elems = 273461525968899060634066378018232387094
Step 290 time = 0.022946, # ZDD nodes = 25732, # elems = 277149878133300601849650308771181569517
Step 291 time = 0.019978, # ZDD nodes = 25726, # elems = 280904126729981690104592556112595961039
Step 292 time = 0.018782, # ZDD nodes = 25729, # elems = 284870618544749466198299744369426237352
Step 293 time = 0.033961, # ZDD nodes = 25756, # elems = 289202228840124317441739144387021038172
Step 294 time = 0.033444, # ZDD nodes = 25804, # elems = 293934748260591809687652957002602892349
Step 295 time = 0.030096, # ZDD nodes = 25846, # elems = 298942493812903419710888516869976875101
Step 296 time = 0.030300, # ZDD nodes = 25888, # elems = 303993052138265037531865761554290964376
Step 297 time = 0.032580, # ZDD nodes = 25933, # elems = 308865169041513770172024730665256323888
Step 298 time = 0.031079, # ZDD nodes = 25996, # elems = 313461286318580158769341988105977736016
Step 299 time = 0.033259, # ZDD nodes = 26074, # elems = 317851423389171843277915719156958968924
Step 300 time = 0.035280, # ZDD nodes = 26158, # elems = 322223733900511781742627071046478404480
Step 301 time = 0.039569, # ZDD nodes = 26272, # elems = 326769136221074542339739687696133753390
Step 302 time = 0.033877, # ZDD nodes = 26399, # elems = 331565885843808273390179132781029159133
Step 303 time = 0.035561, # ZDD nodes = 26543, # elems = 336533179677306302897718897266870489793
Step 304 time = 0.036254, # ZDD nodes = 26708, # elems = 341486285934951590507347538897967038274
Step 305 time = 0.034715, # ZDD nodes = 26876, # elems = 346266565281804232766648725989980999013
Step 306 time = 0.035106, # ZDD nodes = 27044, # elems = 350870749437295279969891833502493901288
Step 307 time = 0.045735, # ZDD nodes = 27218, # elems = 355496121922643543150235203558389483545
Step 308 time = 0.041122, # ZDD nodes = 27398, # elems = 360461757833592605813078957230239083310
Step 309 time = 0.041477, # ZDD nodes = 27599, # elems = 366039380635095579371644568949803986011
Step 310 time = 0.035454, # ZDD nodes = 27800, # elems = 372287244708150359987630804104907152641
Step 311 time = 0.039674, # ZDD nodes = 27998, # elems = 378987420392354695061941577571911043798
Step 312 time = 0.047509, # ZDD nodes = 28163, # elems = 385732680656379935296425802986804751350
Step 313 time = 0.038075, # ZDD nodes = 28310, # elems = 392124754669903293083253715837429479198
Step 314 time = 0.041733, # ZDD nodes = 28442, # elems = 397982491470734139104892028656146653221
Step 315 time = 0.038161, # ZDD nodes = 28563, # elems = 403454652193307518961349419700729274359
Step 316 time = 0.032327, # ZDD nodes = 28666, # elems = 408986986817034092367138458877916534542
Step 317 time = 0.029823, # ZDD nodes = 28790, # elems = 415169169476591819146753072964357715969
Step 318 time = 0.027310, # ZDD nodes = 28938, # elems = 422537083495005790174520929260477625272
Step 319 time = 0.029299, # ZDD nodes = 29095, # elems = 431406642197477840571103997105621688240
Step 320 time = 0.027487, # ZDD nodes = 29217, # elems = 441780180168967908847317679434462530847
Step 321 time = 0.025930, # ZDD nodes = 29330, # elems = 453329429384488765143162408023646669987
Step 322 time = 0.028060, # ZDD nodes = 29431, # elems = 465444593299664751224654123319017971497
Step 323 time = 0.027286, # ZDD nodes = 29476, # elems = 477343333952037443121281757234719332425
Step 324 time = 0.023175, # ZDD nodes = 29518, # elems = 488233443825586384973529532033623745302
Step 325 time = 0.024345, # ZDD nodes = 29566, # elems = 497502980047774479032449219479083490234
Step 326 time = 0.026847, # ZDD nodes = 29596, # elems = 504882542677724751348584729822822203539
Step 327 time = 0.026379, # ZDD nodes = 29590, # elems = 510515079448313881300789798151468861772
Step 328 time = 0.022974, # ZDD nodes = 29599, # elems = 514897850444147714656868192006077596762
Step 329 time = 0.024056, # ZDD nodes = 29611, # elems = 518717144460213739237799677697290447542
Step 330 time = 0.024216, # ZDD nodes = 29629, # elems = 522643933438193289259750129486655963517
Step 331 time = 0.022857, # ZDD nodes = 29617, # elems = 527168023963515943400097080803222062111
Step 332 time = 0.026042, # ZDD nodes = 29605, # elems = 532518242781358487615903953450397003538
Step 333 time = 0.024365, # ZDD nodes = 29590, # elems = 538672391089335650892369498228889787844
Step 334 time = 0.029845, # ZDD nodes = 29563, # elems = 545431589661301747695965656091039740182
Step 335 time = 0.022870, # ZDD nodes = 29530, # elems = 552527613506209399743073191182748941013
Step 336 time = 0.027529, # ZDD nodes = 29497, # elems = 559736010519435158436366365734463702025
Step 337 time = 0.025738, # ZDD nodes = 29485, # elems = 566967242039369224222274112433590797592
Step 338 time = 0.026496, # ZDD nodes = 29482, # elems = 574303928190808585426629682904728268643
Step 339 time = 0.025534, # ZDD nodes = 29482, # elems = 581960061885187550781085992800060574936
Step 340 time = 0.024474, # ZDD nodes = 29482, # elems = 590168287097806158235802836729185870852
Step 341 time = 0.029931, # ZDD nodes = 29485, # elems = 599042853372097848738692270763332109792
Step 342 time = 0.028659, # ZDD nodes = 29494, # elems = 608489858090656720193296109105767807998
Step 343 time = 0.027782, # ZDD nodes = 29512, # elems = 618219515747850852119848109372234610036
Step 344 time = 0.027250, # ZDD nodes = 29569, # elems = 627861490799890090070978846857757660553
Step 345 time = 0.027378, # ZDD nodes = 29638, # elems = 637125684554992048420189386284149505697
Step 346 time = 0.028054, # ZDD nodes = 29710, # elems = 645924571608386595022131421636415827056
Step 347 time = 0.043424, # ZDD nodes = 29787, # elems = 654395447053002123118573857201520133514
Step 348 time = 0.028180, # ZDD nodes = 29901, # elems = 662817085114686732408194159081933672721
Step 349 time = 0.031282, # ZDD nodes = 30036, # elems = 671471345905713017352667714962141895275
Step 350 time = 0.025814, # ZDD nodes = 30192, # elems = 680524772238838572160788273688604058987
Step 351 time = 0.027798, # ZDD nodes = 30342, # elems = 689986889236943964787449206639020352427
Step 352 time = 0.034292, # ZDD nodes = 30500, # elems = 699754268411463432732004909862152183800
Step 353 time = 0.029350, # ZDD nodes = 30665, # elems = 709701511491367490639894804164792929744
Step 354 time = 0.036638, # ZDD nodes = 30836, # elems = 719759321154215473039452071752889988567
Step 355 time = 0.028923, # ZDD nodes = 30989, # elems = 729935590952838218512657712225649348060
Step 356 time = 0.027637, # ZDD nodes = 31157, # elems = 740275808158048640265041649325494293475
Step 357 time = 0.029788, # ZDD nodes = 31349, # elems = 750798100105521379693492203923243853177
Step 358 time = 0.036121, # ZDD nodes = 31538, # elems = 761452239810311074808884344758402557350
Step 359 time = 0.027804, # ZDD nodes = 31709, # elems = 772133642891742244574322240300458091747
Step 360 time = 0.028250, # ZDD nodes = 31877, # elems = 782745996373293328832870256759178412088
Step 361 time = 0.027317, # ZDD nodes = 32036, # elems = 793274216443618369347837197338603054473
Step 362 time = 0.027145, # ZDD nodes = 32186, # elems = 803823343450880901496723985736722340951
Step 363 time = 0.028604, # ZDD nodes = 32314, # elems = 814602693894856869564998481316743714717
Step 364 time = 0.029834, # ZDD nodes = 32433, # elems = 825872717992046229153251419877234309448
Step 365 time = 0.027408, # ZDD nodes = 32546, # elems = 837897709195678286561190317103975926967
Step 366 time = 0.030176, # ZDD nodes = 32653, # elems = 850938838372496379439911462677735443506
Step 367 time = 0.028726, # ZDD nodes = 32749, # elems = 865279406825654704786405164578014064304
Step 368 time = 0.030977, # ZDD nodes = 32845, # elems = 881226630531366653876400568443849558525
Step 369 time = 0.028645, # ZDD nodes = 32932, # elems = 899024077482692140168567642392358308516
Step 370 time = 0.030241, # ZDD nodes = 32992, # elems = 918660635821664771254947714486238092819
Step 371 time = 0.030405, # ZDD nodes = 33058, # elems = 939655051467104745313508272480714719000
Step 372 time = 0.032998, # ZDD nodes = 33160, # elems = 960965670230461609771195140058134530136
Step 373 time = 0.033647, # ZDD nodes = 33256, # elems = 981155454878704070953221717691646200863
Step 374 time = 0.030679, # ZDD nodes = 33322, # elems = 998817341848667112923599907984254496343
Step 375 time = 0.031275, # ZDD nodes = 33379, # elems = 1013098643327054658249274748008174805268
Step 376 time = 0.030276, # ZDD nodes = 33430, # elems = 1024065633459689241956878623571948905135
Step 377 time = 0.032575, # ZDD nodes = 33472, # elems = 1032699903207332429614546583838321727626
Step 378 time = 0.033473, # ZDD nodes = 33481, # elems = 1040501919846391179142924720780794406998
Step 379 time = 0.031616, # ZDD nodes = 33481, # elems = 1048888423924196217320109022216372062576
Step 380 time = 0.033545, # ZDD nodes = 33481, # elems = 1058680244256061510478972129506030759527
Step 381 time = 0.032341, # ZDD nodes = 33478, # elems = 1069920476854273702048849238171292233544
Step 382 time = 0.045419, # ZDD nodes = 33468, # elems = 1082078609526819841836712227398502515874
Step 383 time = 0.035786, # ZDD nodes = 33480, # elems = 1094496200899359906048441645148693990155
Step 384 time = 0.029071, # ZDD nodes = 33504, # elems = 1106823861066652935233404325235304965057
Step 385 time = 0.029052, # ZDD nodes = 33555, # elems = 1119231225963608951739812680516251865950
Step 386 time = 0.030320, # ZDD nodes = 33630, # elems = 1132306676379393962031832632611479779456
Step 387 time = 0.030178, # ZDD nodes = 33696, # elems = 1146722827942503278810875803221805798531
Step 388 time = 0.033303, # ZDD nodes = 33747, # elems = 1162851430641516816520558358337344619165
Step 389 time = 0.033226, # ZDD nodes = 33783, # elems = 1180525625213509339708445884488402086103
Step 390 time = 0.032556, # ZDD nodes = 33806, # elems = 1199069273889411623157517823769970935222
Step 391 time = 0.031660, # ZDD nodes = 33826, # elems = 1217579252325769593923433445085719522455
Step 392 time = 0.035160, # ZDD nodes = 33864, # elems = 1235317820243357437294575684565134487386
Step 393 time = 0.039208, # ZDD nodes = 33911, # elems = 1252012861526435698712195991976549426791
Step 394 time = 0.030417, # ZDD nodes = 33961, # elems = 1267911565001415313318665677282244891876
Step 395 time = 0.030061, # ZDD nodes = 34017, # elems = 1283570054190051116068250135221447404585
Step 396 time = 0.229851, # ZDD nodes = 34103, # elems = 1299512674217662303481972022342652677396
Step 397 time = 0.032285, # ZDD nodes = 34204, # elems = 1315968092364579528632563729501693905231
Step 398 time = 0.039329, # ZDD nodes = 34288, # elems = 1332835704785249334094017613737272618403
Step 399 time = 0.036342, # ZDD nodes = 34387, # elems = 1349885123038538931664403290136960843103
Step 400 time = 0.033099, # ZDD nodes = 34489, # elems = 1367038225791383187622967979031766177946
Step 401 time = 0.030871, # ZDD nodes = 34576, # elems = 1384527156898545766306918669724274770298
Step 402 time = 0.032678, # ZDD nodes = 34657, # elems = 1402802111880571589129114735143070929572
Step 403 time = 0.030690, # ZDD nodes = 34756, # elems = 1422230456606442777667493649581780178063
Step 404 time = 0.034873, # ZDD nodes = 34867, # elems = 1442775858512446285026703639109154735741
Step 405 time = 0.029507, # ZDD nodes = 34996, # elems = 1463876393013874302807033828149472334314
Step 406 time = 0.029836, # ZDD nodes = 35113, # elems = 1484631550700055555301542042299552523948
Step 407 time = 0.032224, # ZDD nodes = 35245, # elems = 1504224662735093959110462726359103501825
Step 408 time = 0.035505, # ZDD nodes = 35390, # elems = 1522360238117104674441737413805841501699
Step 409 time = 0.031063, # ZDD nodes = 35537, # elems = 1539473207066477799359192802176480100054
Step 410 time = 0.032651, # ZDD nodes = 35666, # elems = 1556582368765545620920047051767067482331
Step 411 time = 0.031713, # ZDD nodes = 35792, # elems = 1574847259831834434437181338021143564800
Step 412 time = 0.032294, # ZDD nodes = 35918, # elems = 1595043269335870948903077491899486471200
Step 413 time = 0.034852, # ZDD nodes = 36044, # elems = 1617213604213081480506717207179750321565
Step 414 time = 0.034761, # ZDD nodes = 36157, # elems = 1640670050754340863189906633986470617900
Step 415 time = 0.032602, # ZDD nodes = 36300, # elems = 1664344499343849291573914061044083605102
Step 416 time = 0.035110, # ZDD nodes = 36449, # elems = 1687325847373843198121913072428004571449
Step 417 time = 0.038158, # ZDD nodes = 36604, # elems = 1709333724342922494979870950970332527865
Step 418 time = 0.038597, # ZDD nodes = 36765, # elems = 1730918016279854121088174644597975395553
Step 419 time = 0.042354, # ZDD nodes = 36948, # elems = 1753305503461374785250000619854942254190
Step 420 time = 0.033739, # ZDD nodes = 37131, # elems = 1777970355275846359324679256822518691039
Step 421 time = 0.036102, # ZDD nodes = 37299, # elems = 1806107684478313181793552486885176761851
Step 422 time = 0.040641, # ZDD nodes = 37458, # elems = 1838200390126012517090676403776312480687
Step 423 time = 0.042523, # ZDD nodes = 37602, # elems = 1873805261336188356499361849139823966725
Step 424 time = 0.040984, # ZDD nodes = 37737, # elems = 1911595987163980177110285257015426550996
Step 425 time = 0.036602, # ZDD nodes = 37839, # elems = 1949632867699211892747543255241150640058
Step 426 time = 0.043203, # ZDD nodes = 37947, # elems = 1985790778734352241331983496981737392299
Step 427 time = 0.045046, # ZDD nodes = 38052, # elems = 2018251100943347692753121659211330589168
Step 428 time = 0.036876, # ZDD nodes = 38154, # elems = 2045939564609127161898532432202778491700
Step 429 time = 0.040351, # ZDD nodes = 38202, # elems = 2068785810015924026593356383118668475258
Step 430 time = 0.034669, # ZDD nodes = 38232, # elems = 2087717670451495780066300439094606582111
Step 431 time = 0.039243, # ZDD nodes = 38270, # elems = 2104387191802162219231756066022161037100
Step 432 time = 0.038097, # ZDD nodes = 38302, # elems = 2120722105987772347627877966365290673788
Step 433 time = 0.037462, # ZDD nodes = 38317, # elems = 2138453776883168647764342884823749369454
Step 434 time = 0.033715, # ZDD nodes = 38311, # elems = 2158760438777657309835483947629899701748
Step 435 time = 0.037083, # ZDD nodes = 38293, # elems = 2182099524984648284946524617093725425265
Step 436 time = 0.036394, # ZDD nodes = 38272, # elems = 2208232655387247096262670251807960226667
Step 437 time = 0.039666, # ZDD nodes = 38242, # elems = 2236407041210048956128038491412796246363
Step 438 time = 0.038539, # ZDD nodes = 38197, # elems = 2265643985349923186448118062350946466305
Step 439 time = 0.038871, # ZDD nodes = 38161, # elems = 2295070894746709915442172263901496847349
Step 440 time = 0.037625, # ZDD nodes = 38122, # elems = 2324205193646214086855746023134254684791
Step 441 time = 0.037232, # ZDD nodes = 38086, # elems = 2353081373266089662373167130275970520788
Step 442 time = 0.039494, # ZDD nodes = 38086, # elems = 2382148077517455361285831210948231350765
Step 443 time = 0.033322, # ZDD nodes = 38110, # elems = 2411963218786245285407022893581748924913
Step 444 time = 0.039191, # ZDD nodes = 38128, # elems = 2442834710522650689999692744870303556411
Step 445 time = 0.036573, # ZDD nodes = 38137, # elems = 2474608233466829273213315267170794717822
Step 446 time = 0.034254, # ZDD nodes = 38152, # elems = 2506735640896025709413399127734441881377
Step 447 time = 0.034278, # ZDD nodes = 38170, # elems = 2538594737674880361517067897035435975983
Step 448 time = 0.036720, # ZDD nodes = 38194, # elems = 2569873376358305761516759170905788957275
Step 449 time = 0.033650, # ZDD nodes = 38236, # elems = 2600783583025859193077292617499438364446
Step 450 time = 0.035714, # ZDD nodes = 38284, # elems = 2631971044112550296232115652504513561973
Step 451 time = 0.037485, # ZDD nodes = 38353, # elems = 2664171545752700004028881303843334349283
Step 452 time = 0.035087, # ZDD nodes = 38425, # elems = 2697819887470587682467458881002224163249
Step 453 time = 0.036578, # ZDD nodes = 38503, # elems = 2732839628158682734045896788579369765019
Step 454 time = 0.034187, # ZDD nodes = 38578, # elems = 2768722642820790772805275779384673107615
Step 455 time = 0.034272, # ZDD nodes = 38665, # elems = 2804828599221305385739414542500644851483
Step 456 time = 0.034511, # ZDD nodes = 38758, # elems = 2840712380702668654245146544018104176722
Step 457 time = 0.034202, # ZDD nodes = 38859, # elems = 2876292436267593173337468485792312064114
Step 458 time = 0.035448, # ZDD nodes = 38976, # elems = 2911788473728440984415109963373236416236
Step 459 time = 0.037252, # ZDD nodes = 39096, # elems = 2947500002529986453053445457419701512150
Step 460 time = 0.034836, # ZDD nodes = 39237, # elems = 2983579325557900310266250502853695085254
Step 461 time = 0.034974, # ZDD nodes = 39372, # elems = 3019935403519444511133495428929336935606
Step 462 time = 0.036544, # ZDD nodes = 39513, # elems = 3056315195485111316139815897853548083881
Step 463 time = 0.038107, # ZDD nodes = 39672, # elems = 3092507218984596596271428786685277726500
Step 464 time = 0.039051, # ZDD nodes = 39852, # elems = 3128549506825802173178762954971676312397
Step 465 time = 0.041777, # ZDD nodes = 40029, # elems = 3164822333539978352666165305699477574781
Step 466 time = 0.039981, # ZDD nodes = 40266, # elems = 3201960625580016061174656408952610766657
Step 467 time = 0.039053, # ZDD nodes = 40525, # elems = 3240609556428632094335019469121080816836
Step 468 time = 0.039735, # ZDD nodes = 40795, # elems = 3281132636308785265582771925400051578061
Step 469 time = 0.046410, # ZDD nodes = 41037, # elems = 3323421272624959989732852061090252833042
Step 470 time = 0.047489, # ZDD nodes = 41267, # elems = 3366917825309623902743047629256803112917
Step 471 time = 0.041586, # ZDD nodes = 41500, # elems = 3410857178184669178926051660428344108242
Step 472 time = 0.043008, # ZDD nodes = 41727, # elems = 3454609614337516400772954815366959718313
Step 473 time = 0.049896, # ZDD nodes = 41930, # elems = 3497950708828779861426697078655564078382
Step 474 time = 0.044223, # ZDD nodes = 42121, # elems = 3541140172502551383976842599186281416510
Step 475 time = 0.052203, # ZDD nodes = 42300, # elems = 3584825481380623225420544549853894745515
Step 476 time = 0.041847, # ZDD nodes = 42443, # elems = 3629891322138481861623086185552749875895
Step 477 time = 0.047414, # ZDD nodes = 42574, # elems = 3677360017482115247313381278696561591760
Step 478 time = 0.050266, # ZDD nodes = 42693, # elems = 3728321178164552306038097204074893630969
Step 479 time = 0.046817, # ZDD nodes = 42806, # elems = 3783750815031306707376897280479819405018
Step 480 time = 0.048494, # ZDD nodes = 42889, # elems = 3844107397571434168911786046993677595029
Step 481 time = 0.039964, # ZDD nodes = 42958, # elems = 3908790245218754560998906524757203133210
Step 482 time = 0.041674, # ZDD nodes = 43024, # elems = 3975776778905694338566403350294927651332
Step 483 time = 0.048296, # ZDD nodes = 43081, # elems = 4041808104489434819449863925968011772090
Step 484 time = 0.039224, # ZDD nodes = 43090, # elems = 4103258429072255798468632175344642264173
Step 485 time = 0.054179, # ZDD nodes = 43081, # elems = 4157413209857553278994983209735944674955
Step 486 time = 0.048952, # ZDD nodes = 43066, # elems = 4203564734606420612451529999598342280057
Step 487 time = 0.053222, # ZDD nodes = 43027, # elems = 4243347292644438010359231745580236610904
Step 488 time = 0.042711, # ZDD nodes = 42952, # elems = 4280099163089337024711368893259245670232
Step 489 time = 0.041311, # ZDD nodes = 42865, # elems = 4317542768008438553136339837381229150104
Step 490 time = 0.051183, # ZDD nodes = 42790, # elems = 4358416006091257103505449968170313005270
Step 491 time = 0.040048, # ZDD nodes = 42724, # elems = 4403677179846578926386060895141686526794
Step 492 time = 0.038147, # ZDD nodes = 42649, # elems = 4452576328278353076214486387068072296298
Step 493 time = 0.037936, # ZDD nodes = 42577, # elems = 4503446372108009480692821889775922536355
Step 494 time = 0.050061, # ZDD nodes = 42526, # elems = 4554753416655823569324167605661365749051
Step 495 time = 0.052707, # ZDD nodes = 42484, # elems = 4605886773282823607782535946313232702826
Step 496 time = 0.043198, # ZDD nodes = 42448, # elems = 4657353325860467499184398061994458897836
Step 497 time = 0.044351, # ZDD nodes = 42450, # elems = 4710354156393304253994247146571065011355
Step 498 time = 0.045089, # ZDD nodes = 42486, # elems = 4766015239818415801739893712387259038745
Step 499 time = 0.037812, # ZDD nodes = 42525, # elems = 4824693061574965419174262004870531331120
Step 500 time = 0.045260, # ZDD nodes = 42579, # elems = 4885719162830612484469012041076137288060
Step 501 time = 0.043325, # ZDD nodes = 42630, # elems = 4947710250645449414629874501211816618465
Step 502 time = 0.049276, # ZDD nodes = 42693, # elems = 5009263355506442469974406002658634189488
Step 503 time = 0.050470, # ZDD nodes = 42762, # elems = 5069638992526612849735677802149865367544
Step 504 time = 0.039473, # ZDD nodes = 42837, # elems = 5129041067807063718730612263724514598129
Step 505 time = 0.043752, # ZDD nodes = 42936, # elems = 5188342974647172942560423731638919740495
Step 506 time = 0.040228, # ZDD nodes = 43041, # elems = 5248448569694071617624035420975095811949
Step 507 time = 0.040215, # ZDD nodes = 43167, # elems = 5309704134942344581436115015284297307090
Step 508 time = 0.039125, # ZDD nodes = 43293, # elems = 5371744583967658618273553712791720917161
Step 509 time = 0.044728, # ZDD nodes = 43419, # elems = 5433877181908583447462606505887822151990
Step 510 time = 0.051266, # ZDD nodes = 43545, # elems = 5495750567779936575039889053472118305821
Step 511 time = 0.046727, # ZDD nodes = 43671, # elems = 5557852860675264241805275113501615043269
Step 512 time = 0.041228, # ZDD nodes = 43788, # elems = 5621468434571961640406087071686514069164
Step 513 time = 0.041503, # ZDD nodes = 43914, # elems = 5688053732598706357533384707267810649342
Step 514 time = 0.048904, # ZDD nodes = 44058, # elems = 5758364800684687425184082273247443932488
Step 515 time = 0.051518, # ZDD nodes = 44202, # elems = 5831851723244415217761656871781346440068
Step 516 time = 0.042950, # ZDD nodes = 44337, # elems = 5906712991752233825096648942684075503998
Step 517 time = 0.043726, # ZDD nodes = 44472, # elems = 5980642650858511428833535112273925742228
Step 518 time = 0.051650, # ZDD nodes = 44615, # elems = 6051909746717519815273107054694365789435
Step 519 time = 0.048516, # ZDD nodes = 44761, # elems = 6120207427698570185762883451330938896655
Step 520 time = 0.042432, # ZDD nodes = 44896, # elems = 6186813782762552421910787191054113838308
Step 521 time = 0.074370, # ZDD nodes = 45052, # elems = 6253962297242663384590983584370254756082
Step 522 time = 0.045260, # ZDD nodes = 45223, # elems = 6323736305551117699734189596046590691033
Step 523 time = 0.042865, # ZDD nodes = 45394, # elems = 6397059345650078622058624895844996836583
Step 524 time = 0.043073, # ZDD nodes = 45544, # elems = 6473312296959857417944848791896830339429
Step 525 time = 0.049838, # ZDD nodes = 45685, # elems = 6550779308076491368121120799109491031773
Step 526 time = 0.047985, # ZDD nodes = 45841, # elems = 6627674848701389163792874298354971139346
Step 527 time = 0.049246, # ZDD nodes = 46003, # elems = 6703180472921511635509377923604072948132
Step 528 time = 0.049439, # ZDD nodes = 46147, # elems = 6777910926662470930897309789250117644305
Step 529 time = 0.044677, # ZDD nodes = 46309, # elems = 6853549506397902040854425476026405361059
Step 530 time = 0.049410, # ZDD nodes = 46468, # elems = 6931866634880895714427310766994517972241
Step 531 time = 0.046795, # ZDD nodes = 46621, # elems = 7013693564643422432282636573673311505861
Step 532 time = 0.045187, # ZDD nodes = 46756, # elems = 7098452893298195310351085787642981399280
Step 533 time = 0.064771, # ZDD nodes = 46900, # elems = 7184525443507769375962058890138350286284
Step 534 time = 0.057602, # ZDD nodes = 47041, # elems = 7270251045636815727424601277597512106564
Step 535 time = 0.054317, # ZDD nodes = 47152, # elems = 7355012074870664627901222750307458612054
Step 536 time = 0.060965, # ZDD nodes = 47254, # elems = 7439834741390936282331970076018588986206
Step 537 time = 0.051566, # ZDD nodes = 47350, # elems = 7527242927991248070383359399498551018612
Step 538 time = 0.053881, # ZDD nodes = 47437, # elems = 7620496746722142451558106378230622981097
Step 539 time = 0.052045, # ZDD nodes = 47485, # elems = 7722592416598052999100550901040982397178
Step 540 time = 0.051538, # ZDD nodes = 47520, # elems = 7835382268407378246816013421175347857572
Step 541 time = 0.051759, # ZDD nodes = 47553, # elems = 7958989822965962510137534986157527358161
Step 542 time = 0.047436, # ZDD nodes = 47583, # elems = 8091544359519662765582280920328496155285
Step 543 time = 0.046604, # ZDD nodes = 47607, # elems = 8229255927077247831607354560866023207290
Step 544 time = 0.047031, # ZDD nodes = 47652, # elems = 8366921828416899708242878384661820126681
Step 545 time = 0.054597, # ZDD nodes = 47727, # elems = 8498927777311961901009224673584026542093
Step 546 time = 0.054850, # ZDD nodes = 47793, # elems = 8620601623872423867353346871132652216004
Step 547 time = 0.047571, # ZDD nodes = 47838, # elems = 8729507797872575284769366107480116346470
Step 548 time = 0.050822, # ZDD nodes = 47895, # elems = 8826157493314298584457042565550923827247
Step 549 time = 0.047412, # ZDD nodes = 47952, # elems = 8913792751373368763572326473742630764598
Step 550 time = 0.057630, # ZDD nodes = 48006, # elems = 8997307482104306290082892745004512437612
Step 551 time = 0.048555, # ZDD nodes = 48054, # elems = 9081749793926780097070550117029650807093
Step 552 time = 0.049825, # ZDD nodes = 48105, # elems = 9170980869696479131119265694909272839534
Step 553 time = 0.053763, # ZDD nodes = 48156, # elems = 9266911265411057826385725289103706341619
Step 554 time = 0.053470, # ZDD nodes = 48228, # elems = 9369448710216692068139370040046831314770
Step 555 time = 0.051510, # ZDD nodes = 48312, # elems = 9477052619657652851444485308438644375820
Step 556 time = 0.051433, # ZDD nodes = 48399, # elems = 9587663169642783723636286784902596585276
Step 557 time = 0.050726, # ZDD nodes = 48486, # elems = 9699710369789470539566508364007665427763
Step 558 time = 0.054278, # ZDD nodes = 48573, # elems = 9812865905893650924028532261829471998571
Step 559 time = 0.051206, # ZDD nodes = 48651, # elems = 9928217232304340413590906598291114172799
Step 560 time = 0.055188, # ZDD nodes = 48720, # elems = 10047708995004201471465648161505065391000
Step 561 time = 0.049172, # ZDD nodes = 48795, # elems = 10173027931901804882750126228618887640367
Step 562 time = 0.049561, # ZDD nodes = 48864, # elems = 10304456425878330953051575117764615048306
Step 563 time = 0.051264, # ZDD nodes = 48918, # elems = 10440338798964856629313399621611867991722
Step 564 time = 0.049046, # ZDD nodes = 48956, # elems = 10577543343242312191965618761597334885696
Step 565 time = 0.051110, # ZDD nodes = 48988, # elems = 10712767819053077022297058027859890484784
Step 566 time = 0.053718, # ZDD nodes = 49017, # elems = 10844042986959728865476679297430447633596
Step 567 time = 0.049434, # ZDD nodes = 49046, # elems = 10971648985327537273289296409429089414911
Step 568 time = 0.050490, # ZDD nodes = 49093, # elems = 11097969286592326114153657284345653217588
Step 569 time = 0.063096, # ZDD nodes = 49143, # elems = 11226386117776087512191474636982418502298
Step 570 time = 0.075639, # ZDD nodes = 49199, # elems = 11359825268936261408799360495442882592949
Step 571 time = 0.048248, # ZDD nodes = 49258, # elems = 11499695430037998172760612910609014867217
Step 572 time = 0.051881, # ZDD nodes = 49318, # elems = 11645681993402968555105107999579690603573
Step 573 time = 0.054572, # ZDD nodes = 49402, # elems = 11796349076432096736938462820519407460459
Step 574 time = 0.054462, # ZDD nodes = 49501, # elems = 11950085514574862046133077940189475257260
Step 575 time = 0.057202, # ZDD nodes = 49588, # elems = 12105823085731713744976856555056901365746
Step 576 time = 0.047749, # ZDD nodes = 49681, # elems = 12263182320700940575006498866370103241918
Step 577 time = 0.051417, # ZDD nodes = 49774, # elems = 12422098386188078114107620725781828420891
Step 578 time = 0.057019, # ZDD nodes = 49852, # elems = 12582299631880099397647503961081370454105
Step 579 time = 0.063650, # ZDD nodes = 49912, # elems = 12743072268285660076924470262664826006402
Step 580 time = 0.048395, # ZDD nodes = 49975, # elems = 12903530257150840000513535953089395038428
Step 581 time = 0.062000, # ZDD nodes = 50044, # elems = 13063260227350161513841713121397952174642
Step 582 time = 0.051856, # ZDD nodes = 50122, # elems = 13222930611525915018936503961204129184815
Step 583 time = 0.048832, # ZDD nodes = 50167, # elems = 13384407806904823910344858429384847477919
Step 584 time = 0.056954, # ZDD nodes = 50226, # elems = 13550160943581715597438995207225330490344
Step 585 time = 0.067193, # ZDD nodes = 50328, # elems = 13722153205078474436487635209656157767165
Step 586 time = 0.064572, # ZDD nodes = 50451, # elems = 13900777022725358711670856087882448276268
Step 587 time = 0.061558, # ZDD nodes = 50595, # elems = 14084460199742931502719104542218798965094
Step 588 time = 0.053395, # ZDD nodes = 50757, # elems = 14270270270309724389757159182532417962793
Step 589 time = 0.051573, # ZDD nodes = 50922, # elems = 14455311402904795711415751136071846983604
Step 590 time = 0.052057, # ZDD nodes = 51078, # elems = 14638232818030893202437062795100941670432
Step 591 time = 0.055564, # ZDD nodes = 51216, # elems = 14820042017894174172988367578320375007470
Step 592 time = 0.053386, # ZDD nodes = 51363, # elems = 15003751460839096128003029361812698247823
Step 593 time = 0.079489, # ZDD nodes = 51540, # elems = 15193013259231561987388136844212334420294
Step 594 time = 0.051219, # ZDD nodes = 51747, # elems = 15390446399977208123738267109984369159864
Step 595 time = 0.053315, # ZDD nodes = 51951, # elems = 15596510416969116302727360296902929993753
Step 596 time = 0.063289, # ZDD nodes = 52140, # elems = 15809454645746878835503382945760852061431
Step 597 time = 0.062970, # ZDD nodes = 52314, # elems = 16026279853139401890325270218623178009876
Step 598 time = 0.461395, # ZDD nodes = 52485, # elems = 16244137207806140428216708630295131651656
Step 599 time = 0.055191, # ZDD nodes = 52662, # elems = 16461441200409315045757753358867820162633
Step 600 time = 0.056691, # ZDD nodes = 52833, # elems = 16678239933922738808714336028553770926655
Step 601 time = 0.055554, # ZDD nodes = 53007, # elems = 16895861142750748191274202181689297918640
Step 602 time = 0.068802, # ZDD nodes = 53178, # elems = 17116217677511119119367758342008287435509
Step 603 time = 0.059980, # ZDD nodes = 53337, # elems = 17341202327209004259562474433798842212045
Step 604 time = 0.055084, # ZDD nodes = 53481, # elems = 17572354420267857667572516710183601118626
Step 605 time = 0.055852, # ZDD nodes = 53625, # elems = 17810662035416095915759295704353195781713
Step 606 time = 0.059846, # ZDD nodes = 53766, # elems = 18056240680938725390188865457767187211596
Step 607 time = 0.058792, # ZDD nodes = 53898, # elems = 18307820041476564871984840267279916694969
Step 608 time = 0.056746, # ZDD nodes = 54000, # elems = 18562332824000414631585664928271689862024
Step 609 time = 0.057533, # ZDD nodes = 54099, # elems = 18815107411404706705635439189068968975769
Step 610 time = 0.058509, # ZDD nodes = 54177, # elems = 19060973876876748344001356017892199822054
Step 611 time = 0.059118, # ZDD nodes = 54231, # elems = 19296056052706514169254087543253863116041
Step 612 time = 0.058233, # ZDD nodes = 54255, # elems = 19519485952790555167127789966080396076235
Step 613 time = 0.067897, # ZDD nodes = 54254, # elems = 19734126984593557161358156954030288054548
Step 614 time = 0.070171, # ZDD nodes = 54244, # elems = 19945792586998264059807103628590765320009
Step 615 time = 0.057688, # ZDD nodes = 54229, # elems = 20161203750603450862064160681845797950501
Step 616 time = 0.072454, # ZDD nodes = 54217, # elems = 20385603532059778621850518282016567088081
Step 617 time = 0.057419, # ZDD nodes = 54202, # elems = 20621130650880142320738772176996996596550
Step 618 time = 0.057465, # ZDD nodes = 54187, # elems = 20866649741736570347437321730413953909273
Step 619 time = 0.056332, # ZDD nodes = 54190, # elems = 21118992080443426787426535250548762794541
Step 620 time = 0.061512, # ZDD nodes = 54187, # elems = 21374888757952403647380691865799924570099
Step 621 time = 0.057125, # ZDD nodes = 54187, # elems = 21632603135672192390615449511035328154555
Step 622 time = 0.065036, # ZDD nodes = 54196, # elems = 21892496226804568158699497539716790824006
Step 623 time = 0.063882, # ZDD nodes = 54199, # elems = 22156346484774171198819714866111557484967
Step 624 time = 0.055701, # ZDD nodes = 54199, # elems = 22425888043835217873207025140137938390935
Step 625 time = 0.057933, # ZDD nodes = 54190, # elems = 22701411886901797888051196442661661597994
Step 626 time = 0.075680, # ZDD nodes = 54178, # elems = 22981221837462840825830411125935267995997
Step 627 time = 0.066113, # ZDD nodes = 54157, # elems = 23262283611819941398602854676761995804557
Step 628 time = 0.055973, # ZDD nodes = 54130, # elems = 23541759666196275129144925135044826731357
Step 629 time = 0.055880, # ZDD nodes = 54100, # elems = 23818604237643847883997094999898760867429
Step 630 time = 0.058726, # ZDD nodes = 54073, # elems = 24094300968912912400415952436172541477228
Step 631 time = 0.067363, # ZDD nodes = 54060, # elems = 24372253930503740569198517057668411772574
Step 632 time = 0.058854, # ZDD nodes = 54093, # elems = 24656082707347606995269074863798119469984
Step 633 time = 0.060537, # ZDD nodes = 54141, # elems = 24947715947470686572677715907787169580039
Step 634 time = 0.056039, # ZDD nodes = 54207, # elems = 25246351793032246560684468112774963249113
Step 635 time = 0.056385, # ZDD nodes = 54291, # elems = 25548921483395611110368869900215901164294
Step 636 time = 0.064840, # ZDD nodes = 54378, # elems = 25851849375046033871626075772224910838309
Step 637 time = 0.058326, # ZDD nodes = 54465, # elems = 26153117472483933945719927321291378061465
Step 638 time = 0.057645, # ZDD nodes = 54552, # elems = 26453410073290213979838861772634874297273
Step 639 time = 0.070590, # ZDD nodes = 54639, # elems = 26755624077274936432825896316120094898936
Step 640 time = 0.055464, # ZDD nodes = 54738, # elems = 27063006635832350140963408201449517079379
Step 641 time = 0.065798, # ZDD nodes = 54831, # elems = 27377036460888678280270073436300462257127
Step 642 time = 0.059013, # ZDD nodes = 54930, # elems = 27696358484964018716199520029866160886314
Step 643 time = 0.060397, # ZDD nodes = 55065, # elems = 28017459946027121866060738816214892624537
Step 644 time = 0.093846, # ZDD nodes = 55200, # elems = 28336699994135228904739056367736970811314
Step 645 time = 0.059231, # ZDD nodes = 55359, # elems = 28652454781889781501934532350641544666833
Step 646 time = 0.056491, # ZDD nodes = 55530, # elems = 28966066411228102650247572712778990636202
Step 647 time = 0.056215, # ZDD nodes = 55704, # elems = 29281023975293887007272390001092254407058
Step 648 time = 0.064350, # ZDD nodes = 55854, # elems = 29600876543068991869141804243053188034258
Step 649 time = 0.057150, # ZDD nodes = 56004, # elems = 29927127834329193390522197056642857559521
Step 650 time = 0.058199, # ZDD nodes = 56160, # elems = 30258363673954138073963133806330718408174
Step 651 time = 0.057878, # ZDD nodes = 56319, # elems = 30591132322785985723248419399021635585956
Step 652 time = 0.061702, # ZDD nodes = 56481, # elems = 30922067995369712007255875269182649605084
Step 653 time = 0.059906, # ZDD nodes = 56652, # elems = 31250018678217911512198039978712981669016
Step 654 time = 0.071739, # ZDD nodes = 56817, # elems = 31576919344182681239149431254803302073119
Step 655 time = 0.066034, # ZDD nodes = 56979, # elems = 31906836003776492416866028531450782870033
Step 656 time = 0.061091, # ZDD nodes = 57135, # elems = 32243623991489728278608550252657142779891
Step 657 time = 0.066411, # ZDD nodes = 57297, # elems = 32588467954227026216191052510759074206963
Step 658 time = 0.063272, # ZDD nodes = 57462, # elems = 32938742437840001765177084897801731927404
Step 659 time = 0.061674, # ZDD nodes = 57636, # elems = 33288984829615544961915987916377325253019
Step 660 time = 0.066335, # ZDD nodes = 57771, # elems = 33633595944509357910668559316540690346676
Step 661 time = 0.060938, # ZDD nodes = 57891, # elems = 33969834971770276641580309676281750058304
Step 662 time = 0.065734, # ZDD nodes = 58011, # elems = 34299400753309340313522931018526688336903
Step 663 time = 0.061385, # ZDD nodes = 58136, # elems = 34627610889774903857927573328078840447105
Step 664 time = 0.065549, # ZDD nodes = 58243, # elems = 34960541250823904834912099636051058810162
Step 665 time = 0.060058, # ZDD nodes = 58350, # elems = 35301700556933197346121193473190511738430
Step 666 time = 0.059460, # ZDD nodes = 58451, # elems = 35650136238297229226562153006072009517758
Step 667 time = 0.059244, # ZDD nodes = 58540, # elems = 36001052511308565520487343802087901230314
Step 668 time = 0.069882, # ZDD nodes = 58578, # elems = 36348545985718075970327816778681974418186
Step 669 time = 0.058188, # ZDD nodes = 58604, # elems = 36688837476206464433244332819943164896293
Step 670 time = 0.063097, # ZDD nodes = 58621, # elems = 37022136619059621907951909940438738701968
Step 671 time = 0.057781, # ZDD nodes = 58606, # elems = 37352127793474282089670569527581103474700
Step 672 time = 0.067675, # ZDD nodes = 58558, # elems = 37683477303335167944845263625636593933908
Step 673 time = 0.058956, # ZDD nodes = 58504, # elems = 38018893941549648279886457142956882957238
Step 674 time = 0.056632, # ZDD nodes = 58432, # elems = 38357475651163633618879615195370958231783
Step 675 time = 0.061293, # ZDD nodes = 58345, # elems = 38695265625974876671868243288682280896807
Step 676 time = 0.063723, # ZDD nodes = 58252, # elems = 39027646891271573798440016328263220911004
Step 677 time = 0.055224, # ZDD nodes = 58147, # elems = 39352180370353802161777300070785813272990
Step 678 time = 0.057429, # ZDD nodes = 58066, # elems = 39670267165486717311647485071520591810890
Step 679 time = 0.059814, # ZDD nodes = 58023, # elems = 39986669270605524054997547792677803456897
Step 680 time = 0.059384, # ZDD nodes = 58002, # elems = 40307106149674853997014741934277960317219
Step 681 time = 0.059657, # ZDD nodes = 57993, # elems = 40635235187822512034193645212217492718242
Step 682 time = 0.054087, # ZDD nodes = 57984, # elems = 40970710169641285932253512158986321763550
Step 683 time = 0.063852, # ZDD nodes = 57969, # elems = 41309445098665689452368620087294992686059
Step 684 time = 0.054238, # ZDD nodes = 57954, # elems = 41645983740739096489181130659354215486047
Step 685 time = 0.055724, # ZDD nodes = 57939, # elems = 41976659282726766864702367513791116120394
Step 686 time = 0.053112, # ZDD nodes = 57924, # elems = 42301711370021482224603965242016370005616
Step 687 time = 0.053210, # ZDD nodes = 57912, # elems = 42625059302181290280530309271784415542365
Step 688 time = 0.053720, # ZDD nodes = 57909, # elems = 42951786103436923784013918532782757076079
Step 689 time = 0.057861, # ZDD nodes = 57918, # elems = 43284797796276431415485899560358113371355
Step 690 time = 0.052723, # ZDD nodes = 57933, # elems = 43622693071759437405262022821578816909717
Step 691 time = 0.057614, # ZDD nodes = 57981, # elems = 43960204219574794041109005965235063057726
Step 692 time = 0.057709, # ZDD nodes = 58047, # elems = 44291032669577510324169204522495632260455
Step 693 time = 0.052490, # ZDD nodes = 58122, # elems = 44611430533983617971003770910218298470189
Step 694 time = 0.062262, # ZDD nodes = 58215, # elems = 44922378773757833392986423713720876265558
Step 695 time = 0.057832, # ZDD nodes = 58311, # elems = 45229021016843082855418833965105299475592
Step 696 time = 0.062326, # ZDD nodes = 58398, # elems = 45537658144755090512425101142744943152233
Step 697 time = 0.057862, # ZDD nodes = 58485, # elems = 45852069611375604388995129071564648785749
Step 698 time = 0.070629, # ZDD nodes = 58584, # elems = 46171304404135115680649558631764996286120
Step 699 time = 0.052807, # ZDD nodes = 58686, # elems = 46490197634088370412540091340810393866663
Step 700 time = 0.052605, # ZDD nodes = 58800, # elems = 46802297631088231060933841446660059688320
Step 701 time = 0.053060, # ZDD nodes = 58932, # elems = 47103534826551295816378343314031802393669
Step 702 time = 0.057567, # ZDD nodes = 59073, # elems = 47394551634525039367265541297498684721863
Step 703 time = 0.053085, # ZDD nodes = 59217, # elems = 47680358966016943556051591773554160141023
Step 704 time = 0.066629, # ZDD nodes = 59364, # elems = 47967484434444000134444237876199399889278
Step 705 time = 0.058352, # ZDD nodes = 59511, # elems = 48260192920098671428460898959175407422704
Step 706 time = 0.063805, # ZDD nodes = 59661, # elems = 48557901712906444946086214872874439379263
Step 707 time = 0.053596, # ZDD nodes = 59832, # elems = 48855284694246123536215163185418997065031
Step 708 time = 0.058846, # ZDD nodes = 59997, # elems = 49145087212953989328194627972500334768376
Step 709 time = 0.054030, # ZDD nodes = 60168, # elems = 49422126093999913806487040931139864955628
Step 710 time = 0.058642, # ZDD nodes = 60342, # elems = 49686200103646003662335874959014716780426
Step 711 time = 0.064398, # ZDD nodes = 60504, # elems = 49942189816660228452014315761826729950575
Step 712 time = 0.054726, # ZDD nodes = 60630, # elems = 50197231966756269001519771986578421055680
Step 713 time = 0.054038, # ZDD nodes = 60741, # elems = 50456578972098817996322804892279554507748
Step 714 time = 0.064687, # ZDD nodes = 60837, # elems = 50720562183256386174947136416668749489798
Step 715 time = 0.055058, # ZDD nodes = 60930, # elems = 50984469301632397369148271859477573116186
Step 716 time = 0.054086, # ZDD nodes = 60998, # elems = 51241443173788969521512464772961665121123
Step 717 time = 0.060908, # ZDD nodes = 61066, # elems = 51486687401577021129743773414914840383736
Step 718 time = 0.074155, # ZDD nodes = 61147, # elems = 51720433941601932722946270011446502552271
Step 719 time = 0.077260, # ZDD nodes = 61213, # elems = 51947842212779814467008490196461473601220
Step 720 time = 0.055949, # ZDD nodes = 61237, # elems = 52175841442024554528767229530566598083335
Step 721 time = 0.062645, # ZDD nodes = 61252, # elems = 52408769128852592682024357861036202727979
Step 722 time = 0.067989, # ZDD nodes = 61273, # elems = 52645401359885556556311513078787577907150
Step 723 time = 0.053102, # ZDD nodes = 61282, # elems = 52879190460404925533143061312426527702407
Step 724 time = 0.054166, # ZDD nodes = 61270, # elems = 53101662716531620376613361574544071879811
Step 725 time = 0.051803, # ZDD nodes = 61255, # elems = 53307055256240516833731616775696175541011
Step 726 time = 0.051358, # ZDD nodes = 61240, # elems = 53495512159784560720151574435377301239769
Step 727 time = 0.051050, # ZDD nodes = 61234, # elems = 53672990565650818878867842127650132877384
Step 728 time = 0.055480, # ZDD nodes = 61186, # elems = 53847936075978574464813109251240210345801
Step 729 time = 0.050556, # ZDD nodes = 61120, # elems = 54026629035608310430394450178586188376110
Step 730 time = 0.050326, # ZDD nodes = 61041, # elems = 54209839913824812756628876205311081492749
Step 731 time = 0.050558, # ZDD nodes = 60948, # elems = 54392680021779677638696159872749444829192
Step 732 time = 0.049981, # ZDD nodes = 60831, # elems = 54567713190045637255276754541929319673662
Step 733 time = 0.076501, # ZDD nodes = 60732, # elems = 54729520521531905051037460970975907751392
Step 734 time = 0.049789, # ZDD nodes = 60642, # elems = 54878066328334285940073901399473009042780
Step 735 time = 0.049392, # ZDD nodes = 60558, # elems = 55018894637389846355661218418958470285357
Step 736 time = 0.049190, # ZDD nodes = 60498, # elems = 55159990366628525798541342408409846485819
Step 737 time = 0.074893, # ZDD nodes = 60435, # elems = 55307045558598878892095795423094324515361
Step 738 time = 0.048678, # ZDD nodes = 60384, # elems = 55459828629618110381189731986583679249145
Step 739 time = 0.048541, # ZDD nodes = 60339, # elems = 55611807303007694476995004658828978654166
Step 740 time = 0.053874, # ZDD nodes = 60300, # elems = 55753367881620612068680984093905997979241
Step 741 time = 0.069372, # ZDD nodes = 60279, # elems = 55876905492329892924523093365248440203621
Step 742 time = 0.048392, # ZDD nodes = 60261, # elems = 55980951750300410039988310590493105843476
Step 743 time = 0.068880, # ZDD nodes = 60246, # elems = 56071019694241142333184775672838626568478
Step 744 time = 0.048443, # ZDD nodes = 60243, # elems = 56156673642727713049898674322042574880830
Step 745 time = 0.048749, # ZDD nodes = 60252, # elems = 56246432901588602295579606241372889890647
Step 746 time = 0.048444, # ZDD nodes = 60264, # elems = 56343324190955308214231487576966394962906
Step 747 time = 0.051082, # ZDD nodes = 60276, # elems = 56443522908336563455176088420693799257656
Step 748 time = 0.047805, # ZDD nodes = 60288, # elems = 56538765270065829764009820384939176122527
Step 749 time = 0.047730, # ZDD nodes = 60300, # elems = 56621091998039122112695079593234724580969
Step 750 time = 0.047608, # ZDD nodes = 60312, # elems = 56687226472073619632474054129899979724213
Step 751 time = 0.047992, # ZDD nodes = 60318, # elems = 56740167044739901369070751233390747398200
Step 752 time = 0.047447, # ZDD nodes = 60324, # elems = 56787170789157957052764581966347952296335
Step 753 time = 0.048142, # ZDD nodes = 60330, # elems = 56835335187453402583834264659828542108664
Step 754 time = 0.047285, # ZDD nodes = 60342, # elems = 56887340698263820588605786151374554217978
Step 755 time = 0.047434, # ZDD nodes = 60363, # elems = 56939817397746725655200742343873185291105
Step 756 time = 0.047389, # ZDD nodes = 60402, # elems = 56985263260050535318120973602054345736778
Step 757 time = 0.051988, # ZDD nodes = 60444, # elems = 57016366187850629542754750815164837315117
Step 758 time = 0.047076, # ZDD nodes = 60501, # elems = 57030195449420213236657825414745057803245
Step 759 time = 0.046984, # ZDD nodes = 60567, # elems = 57029821440247041148385309263639352517909
Step 760 time = 0.057711, # ZDD nodes = 60645, # elems = 57022424670368442002249922634704879429894
Step 761 time = 0.047149, # ZDD nodes = 60738, # elems = 57015013164630314124833969085754736420475
Step 762 time = 0.047122, # ZDD nodes = 60846, # elems = 57010288872817687417788460320817014749670
Step 763 time = 0.047085, # ZDD nodes = 60978, # elems = 57005118434837742406641000610884217307763
Step 764 time = 0.047021, # ZDD nodes = 61101, # elems = 56992507095994457090391768455137130987556
Step 765 time = 0.053944, # ZDD nodes = 61215, # elems = 56965900577499596011541559687045141364296
Step 766 time = 0.074636, # ZDD nodes = 61314, # elems = 56923281420073149498153202319658093067752
Step 767 time = 0.069644, # ZDD nodes = 61395, # elems = 56868639125451545068035188683378730307489
Step 768 time = 0.070096, # ZDD nodes = 61440, # elems = 56809895257333799327949582782187762221493
Step 769 time = 0.069014, # ZDD nodes = 61470, # elems = 56754419141175308650884366253205918654670
Step 770 time = 0.060919, # ZDD nodes = 61499, # elems = 56704698567133189568150729582022919058916
Step 771 time = 0.047860, # ZDD nodes = 61528, # elems = 56656672307358199880894561171808661289211
Step 772 time = 0.057427, # ZDD nodes = 61542, # elems = 56601713301763411645066491996457780300089
Step 773 time = 0.067659, # ZDD nodes = 61571, # elems = 56531179205235670431256231993207581186990
Step 774 time = 0.057167, # ZDD nodes = 61600, # elems = 56441008039206291010029167595784627486473
Step 775 time = 0.045886, # ZDD nodes = 61602, # elems = 56333813951125008302710146526461889898235
Step 776 time = 0.045268, # ZDD nodes = 61568, # elems = 56217338738012949790877775907753353699366
Step 777 time = 0.044727, # ZDD nodes = 61522, # elems = 56100167787550218866326130505803450675496
Step 778 time = 0.049589, # ZDD nodes = 61447, # elems = 55987149659248241145074719045492024659579
Step 779 time = 0.043728, # ZDD nodes = 61363, # elems = 55877073223426540323802134667739850754935
Step 780 time = 0.043076, # ZDD nodes = 61246, # elems = 55763817356080673131882505846166552309696
Step 781 time = 0.042830, # ZDD nodes = 61117, # elems = 55640204597551916782735456785037016367960
Step 782 time = 0.041891, # ZDD nodes = 60987, # elems = 55502282427739960363137987323176939849929
Step 783 time = 0.041257, # ZDD nodes = 60879, # elems = 55351547535596928317158189365788488212033
Step 784 time = 0.040682, # ZDD nodes = 60750, # elems = 55193846718549017564828806892084130711060
Step 785 time = 0.040445, # ZDD nodes = 60636, # elems = 55035655437514872754455424512236314894404
Step 786 time = 0.040009, # ZDD nodes = 60522, # elems = 54879990761759184627214062369860819369208
Step 787 time = 0.040105, # ZDD nodes = 60399, # elems = 54724421492311014983945412685554480392877
Step 788 time = 0.050223, # ZDD nodes = 60312, # elems = 54562386310930982523499801654302141224085
Step 789 time = 0.039507, # ZDD nodes = 60228, # elems = 54387074207613530597474776545120980554758
Step 790 time = 0.039482, # ZDD nodes = 60138, # elems = 54195593872309738259211604848431807210781
Step 791 time = 0.049707, # ZDD nodes = 60060, # elems = 53990952767236804663069278085619770793103
Step 792 time = 0.039461, # ZDD nodes = 59994, # elems = 53780635197085060178797254335884834228998
Step 793 time = 0.041227, # ZDD nodes = 59922, # elems = 53572573124671606259471960241613475009502
Step 794 time = 0.041214, # ZDD nodes = 59850, # elems = 53370826672684987123996868798163456052134
Step 795 time = 0.038486, # ZDD nodes = 59778, # elems = 53173433517803092822212570540822839730549
Step 796 time = 0.048704, # ZDD nodes = 59715, # elems = 52973620488977419808543717263136407359717
Step 797 time = 0.045811, # ZDD nodes = 59661, # elems = 52763664451048657789847090462696736565200
Step 798 time = 0.045092, # ZDD nodes = 59610, # elems = 52539207382516404862228186426813198137234
Step 799 time = 0.045175, # ZDD nodes = 59559, # elems = 52301586893160417894690383471622027692076
Step 800 time = 0.050217, # ZDD nodes = 59508, # elems = 52056883171814520967552859152515544063980
Step 801 time = 0.037941, # ZDD nodes = 59457, # elems = 51812259923268623356361472526870572530964
Step 802 time = 0.037683, # ZDD nodes = 59406, # elems = 51571709073249082268594552617627453800321
Step 803 time = 0.056984, # ZDD nodes = 59346, # elems = 51333638168990276087832935123563537490700
Step 804 time = 0.040171, # ZDD nodes = 59289, # elems = 51091701416942207745937980206310451753419
Step 805 time = 0.037201, # ZDD nodes = 59259, # elems = 50838436956934549928874431524920549405570
Step 806 time = 0.037158, # ZDD nodes = 59250, # elems = 50569641734338829531376037381635687919860
Step 807 time = 0.042265, # ZDD nodes = 59262, # elems = 50286945591067234204902040554176743650957
Step 808 time = 0.036922, # ZDD nodes = 59271, # elems = 49997066848320797166139837857567281099889
Step 809 time = 0.036735, # ZDD nodes = 59280, # elems = 49708162219994501415011122338674732811096
Step 810 time = 0.036818, # ZDD nodes = 59280, # elems = 49425369966486130453480095113575747160757
Step 811 time = 0.036644, # ZDD nodes = 59280, # elems = 49148100210587598777654152342191248379209
Step 812 time = 0.041903, # ZDD nodes = 59280, # elems = 48870606913468449768112102838256469400343
Step 813 time = 0.036780, # ZDD nodes = 59280, # elems = 48585474950370381585674151108208681152546
Step 814 time = 0.036729, # ZDD nodes = 59280, # elems = 48287968587613806673707668012629370821317
Step 815 time = 0.041960, # ZDD nodes = 59286, # elems = 47978709219749938294068316493660627985936
Step 816 time = 0.036781, # ZDD nodes = 59295, # elems = 47663164087673425016213245086073383025599
Step 817 time = 0.063400, # ZDD nodes = 59307, # elems = 47348307953313807407199386744148915989916
Step 818 time = 0.036987, # ZDD nodes = 59322, # elems = 47038442490601480672736580065072368968597
Step 819 time = 0.036529, # ZDD nodes = 59334, # elems = 46732604198453483811219043284274128215235
Step 820 time = 0.038903, # ZDD nodes = 59346, # elems = 46425044507644657606175922659028592932864
Step 821 time = 0.036330, # ZDD nodes = 59367, # elems = 46108487477773608651164112764495035686534
Step 822 time = 0.038756, # ZDD nodes = 59385, # elems = 45778285429544567516392208129454301608171
Step 823 time = 0.036250, # ZDD nodes = 59406, # elems = 45435108577678162493594141975605396337934
Step 824 time = 0.036250, # ZDD nodes = 59412, # elems = 45084670450212891268976687737304120301897
Step 825 time = 0.041148, # ZDD nodes = 59406, # elems = 44734671863489882361544534890944485336080
Step 826 time = 0.036239, # ZDD nodes = 59394, # elems = 44390687332718435097118210234425904749165
Step 827 time = 0.036136, # ZDD nodes = 59381, # elems = 44053287903986459355085126924932443624286
Step 828 time = 0.038250, # ZDD nodes = 59356, # elems = 43717993603470221098751269850210883432129
Step 829 time = 0.035393, # ZDD nodes = 59317, # elems = 43378055854207886876854521460602731896170
Step 830 time = 0.035046, # ZDD nodes = 59263, # elems = 43028470374060659420755337717425773986487
Step 831 time = 0.045742, # ZDD nodes = 59191, # elems = 42668924584447981579155541280263997775648
Step 832 time = 0.035097, # ZDD nodes = 59083, # elems = 42303990951906556244341565570410887331086
Step 833 time = 0.034844, # ZDD nodes = 58957, # elems = 41940450567205181514660569944320941441841
Step 834 time = 0.034843, # ZDD nodes = 58810, # elems = 41583290060505517360266332221725475162944
Step 835 time = 0.034641, # ZDD nodes = 58651, # elems = 41232709909739094449554600793808589834938
Step 836 time = 0.034423, # ZDD nodes = 58468, # elems = 40883917468927064809241119154125195046277
Step 837 time = 0.036882, # ZDD nodes = 58266, # elems = 40529845917774576919037167654872710459493
Step 838 time = 0.041773, # ZDD nodes = 58062, # elems = 40165207095875819648998192033400896701897
Step 839 time = 0.034373, # ZDD nodes = 57855, # elems = 39789505934249597650802733701173295376933
Step 840 time = 0.055567, # ZDD nodes = 57660, # elems = 39407281678039238758972670899068480698199
Step 841 time = 0.039706, # ZDD nodes = 57468, # elems = 39025490689681928169577184802093067904400
Step 842 time = 0.039556, # ZDD nodes = 57270, # elems = 38649607827743045950737128402776306645113
Step 843 time = 0.039725, # ZDD nodes = 57066, # elems = 38280719280329413167051830311364121719103
Step 844 time = 0.034391, # ZDD nodes = 56865, # elems = 37915230806011309938207447242064749679333
Step 845 time = 0.034066, # ZDD nodes = 56664, # elems = 37547253381333467889188651385466052542371
Step 846 time = 0.033784, # ZDD nodes = 56457, # elems = 37172200696208939750977240430907660158943
Step 847 time = 0.033536, # ZDD nodes = 56250, # elems = 36789506500369360931798541064000718848371
Step 848 time = 0.033379, # ZDD nodes = 56052, # elems = 36402942993355151441772227047577099477826
Step 849 time = 0.032953, # ZDD nodes = 55860, # elems = 36018417648539526164353620451919866913037
Step 850 time = 0.036320, # ZDD nodes = 55683, # elems = 35640546877730707036027480601585405545239
Step 851 time = 0.032719, # ZDD nodes = 55539, # elems = 35269969776813436540312581561735762962592
Step 852 time = 0.033288, # ZDD nodes = 55428, # elems = 34902924913017440613546407840794822494489
Step 853 time = 0.032083, # ZDD nodes = 55320, # elems = 34533330772338783543931083523426102448013
Step 854 time = 0.037093, # ZDD nodes = 55218, # elems = 34156202858959336450411996401976075309425
Step 855 time = 0.031691, # ZDD nodes = 55119, # elems = 33770484905563379288536372036251268016364
Step 856 time = 0.031426, # ZDD nodes = 55023, # elems = 33379694199554497873836895700901432378135
Step 857 time = 0.031242, # ZDD nodes = 54933, # elems = 32990014360376456874133806792374971657860
Step 858 time = 0.031158, # ZDD nodes = 54861, # elems = 32606916924310069883606410236082895072655
Step 859 time = 0.030944, # ZDD nodes = 54792, # elems = 32232221266987894297725948787433344926117
Step 860 time = 0.030921, # ZDD nodes = 54723, # elems = 31863238284748580656628865698798023699206
Step 861 time = 0.030977, # ZDD nodes = 54654, # elems = 31494448615672491068976498645475287258252
Step 862 time = 0.030950, # ZDD nodes = 54579, # elems = 31120725152063709654995258379466828843149
Step 863 time = 0.031162, # ZDD nodes = 54504, # elems = 30740243051992210588359675180611639314551
Step 864 time = 0.040982, # ZDD nodes = 54429, # elems = 30355429286666084749871237532642267740106
Step 865 time = 0.040956, # ZDD nodes = 54348, # elems = 29971461180276688909959524044218766729185
Step 866 time = 0.031167, # ZDD nodes = 54267, # elems = 29593235910736150314792875085286112707224
Step 867 time = 0.031047, # ZDD nodes = 54189, # elems = 29222578845700219462533623870615032164993
Step 868 time = 0.033188, # ZDD nodes = 54123, # elems = 28857283290684378623402963740483744437000
Step 869 time = 0.033684, # ZDD nodes = 54069, # elems = 28492504499991842685678053950090139911698
Step 870 time = 0.030841, # ZDD nodes = 54024, # elems = 28123670561259240717377561294065297620075
Step 871 time = 0.035510, # ZDD nodes = 53997, # elems = 27749198896076096472119154883276408210539
Step 872 time = 0.030798, # ZDD nodes = 53961, # elems = 27371443835000083328327812687131332973780
Step 873 time = 0.030529, # ZDD nodes = 53925, # elems = 26995363736633959714361374963231567005498
Step 874 time = 0.030502, # ZDD nodes = 53895, # elems = 26625724907149147624851843428322150427932
Step 875 time = 0.030807, # ZDD nodes = 53868, # elems = 26264469448985381538104873640847041888894
Step 876 time = 0.030734, # ZDD nodes = 53823, # elems = 25909737838442287945933147551175458086190
Step 877 time = 0.030309, # ZDD nodes = 53769, # elems = 25557065103157202042473826405613014877015
Step 878 time = 0.030442, # ZDD nodes = 53706, # elems = 25202015435573483876593837125930544563090
Step 879 time = 0.030441, # ZDD nodes = 53622, # elems = 24842707581256220008280258861157895405419
Step 880 time = 0.040134, # ZDD nodes = 53490, # elems = 24480791824921350565034105216375775125085
Step 881 time = 0.030266, # ZDD nodes = 53334, # elems = 24120376937704962751433525274927035406924
Step 882 time = 0.029836, # ZDD nodes = 53151, # elems = 23765585340573645045545797357254056961858
Step 883 time = 0.029427, # ZDD nodes = 52944, # elems = 23418167908505416557236028827793386385210
Step 884 time = 0.029250, # ZDD nodes = 52707, # elems = 23076548397190800909018756637791188029875
Step 885 time = 0.028782, # ZDD nodes = 52445, # elems = 22736830327037190903137473743787290974004
Step 886 time = 0.028356, # ZDD nodes = 52189, # elems = 22395149207083781027028634699656427576932
Step 887 time = 0.028238, # ZDD nodes = 51963, # elems = 22049973795658414891921030780176990917025
Step 888 time = 0.027707, # ZDD nodes = 51770, # elems = 21703023902400867542787459028288144237269
Step 889 time = 0.027297, # ZDD nodes = 51607, # elems = 21358305953940105070753302204939900813411
Step 890 time = 0.027127, # ZDD nodes = 51432, # elems = 21019849505153658486519373373001143299056
Step 891 time = 0.026611, # ZDD nodes = 51254, # elems = 20689457124135624248607278760657999036603
Step 892 time = 0.026177, # ZDD nodes = 51074, # elems = 20365767324753173061147416224629184223277
Step 893 time = 0.025945, # ZDD nodes = 50883, # elems = 20045162516639650143474956681787246789777
Step 894 time = 0.025619, # ZDD nodes = 50712, # elems = 19723964406189385186495671342846417139401
Step 895 time = 0.025421, # ZDD nodes = 50550, # elems = 19400619015152408701374410428572173731452
Step 896 time = 0.025209, # ZDD nodes = 50391, # elems = 19076617737432026185797893065225247284851
Step 897 time = 0.024943, # ZDD nodes = 50223, # elems = 18755642203114802316302078041663361347407
Step 898 time = 0.024750, # ZDD nodes = 50058, # elems = 18441412630365203482879956359766660272415
Step 899 time = 0.024602, # ZDD nodes = 49878, # elems = 18135456746929813295503225079183221254705
Step 900 time = 0.024500, # ZDD nodes = 49713, # elems = 17836100390274245827328037263489456127876
Step 901 time = 0.024240, # ZDD nodes = 49554, # elems = 17539298911169359407897099659619847454961
Step 902 time = 0.024075, # ZDD nodes = 49392, # elems = 17240846322944127239349407484011080582671
Step 903 time = 0.023819, # ZDD nodes = 49251, # elems = 16938697294221407990604653712926990563197
Step 904 time = 0.023679, # ZDD nodes = 49101, # elems = 16634095322447845968677295662155824578826
Step 905 time = 0.023519, # ZDD nodes = 48936, # elems = 16330887711343470949372461128230675523979
Step 906 time = 0.023376, # ZDD nodes = 48771, # elems = 16033420942094102941376706313411444567386
Step 907 time = 0.023203, # ZDD nodes = 48612, # elems = 15744217148811077317136092546330550512149
Step 908 time = 0.023095, # ZDD nodes = 48459, # elems = 15462758805185309049536365072972951763913
Step 909 time = 0.022966, # ZDD nodes = 48312, # elems = 15186028565035791071799359496623586166410
Step 910 time = 0.022786, # ZDD nodes = 48159, # elems = 14910396061394967027041432422511266942719
Step 911 time = 0.022646, # ZDD nodes = 48000, # elems = 14633708116938835829721050826404038776564
Step 912 time = 0.022426, # ZDD nodes = 47826, # elems = 14356415033865733877720855476633300950495
Step 913 time = 0.022255, # ZDD nodes = 47664, # elems = 14081160048796872123559296692482413252801
Step 914 time = 0.022107, # ZDD nodes = 47526, # elems = 13811123681273816502756808401741842558181
Step 915 time = 0.021883, # ZDD nodes = 47403, # elems = 13548118306514478514644986192091013205049
Step 916 time = 0.021787, # ZDD nodes = 47283, # elems = 13291555910318966577432020351274240275853
Step 917 time = 0.021702, # ZDD nodes = 47163, # elems = 13038852985208079518230212200864544191304
Step 918 time = 0.021708, # ZDD nodes = 47034, # elems = 12786972320376869029122781935232581506931
Step 919 time = 0.021753, # ZDD nodes = 46896, # elems = 12534190723041420694076654932298907281718
Step 920 time = 0.021790, # ZDD nodes = 46725, # elems = 12281105257023703529763550932380511749496
Step 921 time = 0.021691, # ZDD nodes = 46548, # elems = 12030311057740024759151008788381695957055
Step 922 time = 0.021471, # ZDD nodes = 46386, # elems = 11784915501247033612162838316877515579252
Step 923 time = 0.021452, # ZDD nodes = 46224, # elems = 11546745687882553542056736441404594953464
Step 924 time = 0.021270, # ZDD nodes = 46041, # elems = 11315304097802256351730480775691347264085
Step 925 time = 0.021045, # ZDD nodes = 45843, # elems = 11088063186468884844618739258192549831182
Step 926 time = 0.021039, # ZDD nodes = 45642, # elems = 10861900844948295872507035493360065705152
Step 927 time = 0.020913, # ZDD nodes = 45444, # elems = 10634866372239442085299194266121086595300
Step 928 time = 0.020807, # ZDD nodes = 45264, # elems = 10407301099320503710802508057365492095164
Step 929 time = 0.020670, # ZDD nodes = 45096, # elems = 10181666607500601054381452272128483703416
Step 930 time = 0.020651, # ZDD nodes = 44937, # elems = 9961150262281405707597247379180018090250
Step 931 time = 0.020446, # ZDD nodes = 44790, # elems = 9747851434737543189568629779113877206662
Step 932 time = 0.020312, # ZDD nodes = 44655, # elems = 9541600689486554216615746809280983882501
Step 933 time = 0.020149, # ZDD nodes = 44520, # elems = 9340061073613783604554239356736559097457
Step 934 time = 0.020097, # ZDD nodes = 44385, # elems = 9140022287788977078480704701850812274331
Step 935 time = 0.021240, # ZDD nodes = 44250, # elems = 8939160807810989035474949193383808238794
Step 936 time = 0.019999, # ZDD nodes = 44115, # elems = 8737281534986878483894026039436670967702
Step 937 time = 0.019878, # ZDD nodes = 43980, # elems = 8536331219758479631610456347441095450957
Step 938 time = 0.019890, # ZDD nodes = 43845, # elems = 8339206855866078487005520505386903918134
Step 939 time = 0.019758, # ZDD nodes = 43689, # elems = 8148114763503815853185179365950639888340
Step 940 time = 0.019708, # ZDD nodes = 43515, # elems = 7963438462305584093452435516670876553936
Step 941 time = 0.019446, # ZDD nodes = 43326, # elems = 7783680370233966168884829425128407813624
Step 942 time = 0.019352, # ZDD nodes = 43122, # elems = 7606422699988717792051222879266911089425
Step 943 time = 0.019289, # ZDD nodes = 42903, # elems = 7429742053442101931355638115629169858714
Step 944 time = 0.019047, # ZDD nodes = 42669, # elems = 7253278668533796510838521487305870797967
Step 945 time = 0.018917, # ZDD nodes = 42420, # elems = 7078350899730762343900332876110251140135
Step 946 time = 0.018817, # ZDD nodes = 42155, # elems = 6907090535474181172994960133875050304934
Step 947 time = 0.018544, # ZDD nodes = 41899, # elems = 6741164015731571295729591183949782499791
Step 948 time = 0.018274, # ZDD nodes = 41680, # elems = 6580820084189283191247531273495473216526
Step 949 time = 0.018034, # ZDD nodes = 41461, # elems = 6424753489402596598926394382079598784886
Step 950 time = 0.028146, # ZDD nodes = 41248, # elems = 6270842071785193883746407505249860359898
Step 951 time = 0.017956, # ZDD nodes = 41035, # elems = 6117362102601746556116034989702294040303
Step 952 time = 0.018815, # ZDD nodes = 40797, # elems = 5963975142883674240027820506741842071185
Step 953 time = 0.017491, # ZDD nodes = 40584, # elems = 5811876571449951461831450261402680847721
Step 954 time = 0.018370, # ZDD nodes = 40386, # elems = 5663034540469752729877600198346934516276
Step 955 time = 0.017218, # ZDD nodes = 40203, # elems = 5519021134610728408667271036517337668452
Step 956 time = 0.017152, # ZDD nodes = 40005, # elems = 5380127128138311904558255224919667988363
Step 957 time = 0.017027, # ZDD nodes = 39807, # elems = 5245239674808918299608758440266286670561
Step 958 time = 0.016925, # ZDD nodes = 39600, # elems = 5112542403953186338809571465598851315980
Step 959 time = 0.021790, # ZDD nodes = 39375, # elems = 4980627327797798710262172875468553768435
Step 960 time = 0.019266, # ZDD nodes = 39108, # elems = 4849324585056328939189513299110146487328
Step 961 time = 0.019177, # ZDD nodes = 38823, # elems = 4719731670735042264663959817825289900374
Step 962 time = 0.016866, # ZDD nodes = 38529, # elems = 4593473500923888920737493759480106074259
Step 963 time = 0.016574, # ZDD nodes = 38241, # elems = 4471690919742804066021763515835057912896
Step 964 time = 0.016620, # ZDD nodes = 37953, # elems = 4354338425539882882049105727588613859709
Step 965 time = 0.016587, # ZDD nodes = 37662, # elems = 4240161102640434999219781689689766310257
Step 966 time = 0.016279, # ZDD nodes = 37368, # elems = 4127371959355386009738346749365630652519
Step 967 time = 0.021380, # ZDD nodes = 37059, # elems = 4014652053252409822955598281539181155674
Step 968 time = 0.016369, # ZDD nodes = 36750, # elems = 3901871322874240974606696584573964135195
Step 969 time = 0.016065, # ZDD nodes = 36447, # elems = 3790114978269476546108230297244898368997
Step 970 time = 0.016227, # ZDD nodes = 36138, # elems = 3681060182842596766859093132878498322271
Step 971 time = 0.016215, # ZDD nodes = 35820, # elems = 3576087455659397457611820917388157700820
Step 972 time = 0.015723, # ZDD nodes = 35499, # elems = 3475576986019594564134035748313188560043
Step 973 time = 0.015669, # ZDD nodes = 35172, # elems = 3378739088069309149342545212575689978189
Step 974 time = 0.015534, # ZDD nodes = 34836, # elems = 3284088386050802573169394497752729482704
Step 975 time = 0.015021, # ZDD nodes = 34506, # elems = 3190300588233877153707875713467050141778
Step 976 time = 0.014972, # ZDD nodes = 34191, # elems = 3096934870277754824189346020850922185642
Step 977 time = 0.014886, # ZDD nodes = 33888, # elems = 3004615360681796571345875065016507459778
Step 978 time = 0.014468, # ZDD nodes = 33594, # elems = 2914619202882143216118298067786568079776
Step 979 time = 0.014424, # ZDD nodes = 33315, # elems = 2828115903483659596627756186502514773292
Step 980 time = 0.014391, # ZDD nodes = 33078, # elems = 2745453675033204547903939395041040818199
Step 981 time = 0.014084, # ZDD nodes = 32844, # elems = 2665903662437939010537887647150061096133
Step 982 time = 0.014109, # ZDD nodes = 32613, # elems = 2588052127267187531626559378740842702852
Step 983 time = 0.014078, # ZDD nodes = 32382, # elems = 2510609391231263100173821208698198153071
Step 984 time = 0.013787, # ZDD nodes = 32151, # elems = 2433124842082897693365719865141243732126
Step 985 time = 0.013761, # ZDD nodes = 31932, # elems = 2356204011108361169209762254642823840794
Step 986 time = 0.013746, # ZDD nodes = 31719, # elems = 2281149415522665036883207725644520684828
Step 987 time = 0.013502, # ZDD nodes = 31515, # elems = 2209229919005698118648453495008992426900
Step 988 time = 0.013430, # ZDD nodes = 31329, # elems = 2140966382015926103924593123037040786417
Step 989 time = 0.013434, # ZDD nodes = 31158, # elems = 2075853112202399233227961109661890993385
Step 990 time = 0.013293, # ZDD nodes = 30990, # elems = 2012687177574343818736161479895847764849
Step 991 time = 0.013264, # ZDD nodes = 30822, # elems = 1950267150857540309701158202146416720550
Step 992 time = 0.013213, # ZDD nodes = 30636, # elems = 1888016209033099464858436930859689140534
Step 993 time = 0.022698, # ZDD nodes = 30450, # elems = 1826214526202981023102804144632654199659
Step 994 time = 0.013166, # ZDD nodes = 30270, # elems = 1765767343890270347824827605281863887214
Step 995 time = 0.013098, # ZDD nodes = 30087, # elems = 1707630584791240319899348624476427980048
Step 996 time = 0.012821, # ZDD nodes = 29892, # elems = 1652200221324047071866097945373322363081
Step 997 time = 0.012810, # ZDD nodes = 29688, # elems = 1599050939860769647189217591866453346439
Step 998 time = 0.012778, # ZDD nodes = 29478, # elems = 1547199423394096446852317820338026970646
Step 999 time = 0.012490, # ZDD nodes = 29262, # elems = 1495694184402689134475850002174007113478
Step 1000 time = 0.012421, # ZDD nodes = 29022, # elems = 1444152578884420679622711341101632782430
Step 1001 time = 0.012250, # ZDD nodes = 28773, # elems = 1392966788088989187421903686383835397389
Step 1002 time = 0.012031, # ZDD nodes = 28506, # elems = 1343089817607501988020439717032598441590
Step 1003 time = 0.011900, # ZDD nodes = 28242, # elems = 1295499742356638367198982599016106238849
Step 1004 time = 0.011769, # ZDD nodes = 27969, # elems = 1250637437800913271636916609441174999341
Step 1005 time = 0.011528, # ZDD nodes = 27684, # elems = 1208171716742410150012288202932845796818
Step 1006 time = 0.011523, # ZDD nodes = 27384, # elems = 1167226150080500137883734213314924697671
Step 1007 time = 0.011211, # ZDD nodes = 27069, # elems = 1126887178002283001010719879317115979984
Step 1008 time = 0.010969, # ZDD nodes = 26741, # elems = 1086688907604449565944843538372788831025
Step 1009 time = 0.010859, # ZDD nodes = 26401, # elems = 1046838881801190621972107028111746459895
Step 1010 time = 0.010576, # ZDD nodes = 26062, # elems = 1008070198573985836616063937001598639847
Step 1011 time = 0.010211, # ZDD nodes = 25732, # elems = 971180564862118350269070838855718853048
Step 1012 time = 0.010075, # ZDD nodes = 25443, # elems = 936532252240088973414713223299571489021
Step 1013 time = 0.009808, # ZDD nodes = 25158, # elems = 903833617720457765689540022891559275559
Step 1014 time = 0.009519, # ZDD nodes = 24885, # elems = 872308619764286359024135359960112397178
Step 1015 time = 0.009442, # ZDD nodes = 24630, # elems = 841109038891131714351926690702554857729
Step 1016 time = 0.011633, # ZDD nodes = 24366, # elems = 809741265883407681540682026023057067057
Step 1017 time = 0.009066, # ZDD nodes = 24108, # elems = 778305488767622755519678712642346066180
Step 1018 time = 0.008959, # ZDD nodes = 23862, # elems = 747409802647299279372412201660586252355
Step 1019 time = 0.008791, # ZDD nodes = 23628, # elems = 717792264124873847487409759108122219408
Step 1020 time = 0.008693, # ZDD nodes = 23388, # elems = 689897003034082194891999454475407018284
Step 1021 time = 0.008566, # ZDD nodes = 23151, # elems = 663673420610148491122207369698261004167
Step 1022 time = 0.008442, # ZDD nodes = 22908, # elems = 638670540253799337880811027535147099798
Step 1023 time = 0.008369, # ZDD nodes = 22671, # elems = 614319163631828665665741181000384283088
Step 1024 time = 0.008306, # ZDD nodes = 22437, # elems = 590250966348201337247793551937863559729
Step 1025 time = 0.008192, # ZDD nodes = 22200, # elems = 566498479123430803890247788809856777915
Step 1026 time = 0.008122, # ZDD nodes = 21975, # elems = 543444379151921025524494039581666126534
Step 1027 time = 0.008044, # ZDD nodes = 21747, # elems = 521538434376240657483360181931949255933
Step 1028 time = 0.007948, # ZDD nodes = 21510, # elems = 500983582377536627839714464057580851774
Step 1029 time = 0.007848, # ZDD nodes = 21264, # elems = 481597477376532302718059130882674646552
Step 1030 time = 0.007739, # ZDD nodes = 21012, # elems = 462900457779319560171874873494401709534
Step 1031 time = 0.007633, # ZDD nodes = 20736, # elems = 444360065669569460582678283892336325331
Step 1032 time = 0.007532, # ZDD nodes = 20445, # elems = 425677392003357900153654926997558404331
Step 1033 time = 0.007422, # ZDD nodes = 20142, # elems = 406960759204163646776158303975287494241
Step 1034 time = 0.007305, # ZDD nodes = 19818, # elems = 388659196972533992892832091066627049993
Step 1035 time = 0.007163, # ZDD nodes = 19512, # elems = 371292451727295155240941492914674268714
Step 1036 time = 0.007061, # ZDD nodes = 19248, # elems = 355167199505172739280541240652989193638
Step 1037 time = 0.006958, # ZDD nodes = 18981, # elems = 340240982805728828094758539977582865200
Step 1038 time = 0.006857, # ZDD nodes = 18717, # elems = 326168036535627606261413314800862865262
Step 1039 time = 0.006755, # ZDD nodes = 18453, # elems = 312488665972375952794084541602454432106
Step 1040 time = 0.006661, # ZDD nodes = 18174, # elems = 298880994160975827279947908950879275511
Step 1041 time = 0.006537, # ZDD nodes = 17886, # elems = 285333731149026107937953861838331839549
Step 1042 time = 0.006443, # ZDD nodes = 17607, # elems = 272122330486274480412134137576603335321
Step 1043 time = 0.006328, # ZDD nodes = 17340, # elems = 259617849781077034771630801969677824811
Step 1044 time = 0.007251, # ZDD nodes = 17118, # elems = 248067328849568536119665048628132718845
Step 1045 time = 0.006106, # ZDD nodes = 16893, # elems = 237454801061984624273183218553702860773
Step 1046 time = 0.005997, # ZDD nodes = 16680, # elems = 227489821405018216478645558265473238648
Step 1047 time = 0.005877, # ZDD nodes = 16473, # elems = 217745600148226054896771520410891670575
Step 1048 time = 0.005817, # ZDD nodes = 16275, # elems = 207899673176676829095101917066285599282
Step 1049 time = 0.005793, # ZDD nodes = 16083, # elems = 197924134941963021824673933892106438082
Step 1050 time = 0.005724, # ZDD nodes = 15900, # elems = 188085772375869900428008031789044052832
Step 1051 time = 0.005657, # ZDD nodes = 15729, # elems = 178769429327292029411872177825175968731
Step 1052 time = 0.005590, # ZDD nodes = 15561, # elems = 170253244486724563165061111750281214622
Step 1053 time = 0.005567, # ZDD nodes = 15393, # elems = 162554345069063120739848306915617124133
Step 1054 time = 0.005513, # ZDD nodes = 15225, # elems = 155413910288985513422677708630380963327
Step 1055 time = 0.005426, # ZDD nodes = 15039, # elems = 148439724178435008682476789424500520698
Step 1056 time = 0.005327, # ZDD nodes = 14820, # elems = 141331483617856463962362343132325458548
Step 1057 time = 0.005293, # ZDD nodes = 14592, # elems = 134039798499178791762755051252555558973
Step 1058 time = 0.005204, # ZDD nodes = 14364, # elems = 126763465380861647386466664616063834749
Step 1059 time = 0.005095, # ZDD nodes = 14145, # elems = 119817665534453500846976411848604478147
Step 1060 time = 0.004984, # ZDD nodes = 13962, # elems = 113464801077501105948361845777580343187
Step 1061 time = 0.004935, # ZDD nodes = 13779, # elems = 107783105062166007295073410836641608173
Step 1062 time = 0.004819, # ZDD nodes = 13578, # elems = 102632469453844989207687128151549251181
Step 1063 time = 0.004746, # ZDD nodes = 13362, # elems = 97743854824166672455492601272610838018
Step 1064 time = 0.005796, # ZDD nodes = 13131, # elems = 92874846529102225949585470711972219365
Step 1065 time = 0.004559, # ZDD nodes = 12885, # elems = 87925273710562256223250813038151800609
Step 1066 time = 0.004461, # ZDD nodes = 12642, # elems = 82960620152683561782083538091131259701
Step 1067 time = 0.004344, # ZDD nodes = 12402, # elems = 78160800586598009402742263189641653198
Step 1068 time = 0.004252, # ZDD nodes = 12174, # elems = 73720398440717755475220063983723446089
Step 1069 time = 0.004174, # ZDD nodes = 11940, # elems = 69734083811652084861231442030617204825
Step 1070 time = 0.004032, # ZDD nodes = 11694, # elems = 66139171367577737452856483637349015470
Step 1071 time = 0.003937, # ZDD nodes = 11433, # elems = 62767468973925325111059193381978626801
Step 1072 time = 0.003804, # ZDD nodes = 11166, # elems = 59462537995842320967038559659998396458
Step 1073 time = 0.003631, # ZDD nodes = 10889, # elems = 56167825660808507340172267696907866371
Step 1074 time = 0.003417, # ZDD nodes = 10615, # elems = 52939208305631504286123154670936906253
Step 1075 time = 0.003216, # ZDD nodes = 10353, # elems = 49893482685458561617056857318857409319
Step 1076 time = 0.002999, # ZDD nodes = 10107, # elems = 47120882577403146268557699256886590968
Step 1077 time = 0.002840, # ZDD nodes = 9864, # elems = 44607529031463635905162693459005577398
Step 1078 time = 0.002717, # ZDD nodes = 9621, # elems = 42229005948095551629502747421313360855
Step 1079 time = 0.002617, # ZDD nodes = 9363, # elems = 39830364911224373523195191045807046933
Step 1080 time = 0.002485, # ZDD nodes = 9081, # elems = 37329279917574768306907867742722034376
Step 1081 time = 0.002351, # ZDD nodes = 8799, # elems = 34765028876367062030952778647790608543
Step 1082 time = 0.002268, # ZDD nodes = 8511, # elems = 32272813088025272374413326568903208809
Step 1083 time = 0.002123, # ZDD nodes = 8211, # elems = 30009898705202616701599325652197994255
Step 1084 time = 0.002028, # ZDD nodes = 7941, # elems = 28071158411853777132461872268011798911
Step 1085 time = 0.002064, # ZDD nodes = 7683, # elems = 26438050315349174099583814031262505377
Step 1086 time = 0.001957, # ZDD nodes = 7425, # elems = 24995676487694179550203529995724592831
Step 1087 time = 0.001769, # ZDD nodes = 7173, # elems = 23603829317454789322034986209535450200
Step 1088 time = 0.001701, # ZDD nodes = 6948, # elems = 22167357992286877601615829016582011693
Step 1089 time = 0.001738, # ZDD nodes = 6729, # elems = 20669976549830797002231326238633817527
Step 1090 time = 0.001671, # ZDD nodes = 6507, # elems = 19173985749321934870403109889566782166
Step 1091 time = 0.001602, # ZDD nodes = 6291, # elems = 17791285912779803895493694613351484119
Step 1092 time = 0.001557, # ZDD nodes = 6114, # elems = 16625866154701962818100943369656798471
Step 1093 time = 0.001502, # ZDD nodes = 5940, # elems = 15712059879607516470558949991526445941
Step 1094 time = 0.001465, # ZDD nodes = 5760, # elems = 14989327808060887565250711941667313218
Step 1095 time = 0.001399, # ZDD nodes = 5574, # elems = 14327567660111192804132543318086543212
Step 1096 time = 0.001343, # ZDD nodes = 5394, # elems = 13584315894054495844215989962069867233
Step 1097 time = 0.001283, # ZDD nodes = 5217, # elems = 12670293296879371068387463139446890000
Step 1098 time = 0.001229, # ZDD nodes = 5043, # elems = 11597181260942453604119768852819345475
Step 1099 time = 0.001184, # ZDD nodes = 4872, # elems = 10473573470744314451252696237484834564
Step 1100 time = 0.001147, # ZDD nodes = 4710, # elems = 9440666438659202015667860705843681268
Step 1101 time = 0.001110, # ZDD nodes = 4548, # elems = 8591973109848962582372434119993364341
Step 1102 time = 0.001074, # ZDD nodes = 4386, # elems = 7934353984586540591310762862414267221
Step 1103 time = 0.001023, # ZDD nodes = 4227, # elems = 7405106562629574472000509950887029567
Step 1104 time = 0.003017, # ZDD nodes = 4056, # elems = 6920915939762486701513937335109337195
Step 1105 time = 0.000965, # ZDD nodes = 3885, # elems = 6429308559843567104060503765298797863
Step 1106 time = 0.000923, # ZDD nodes = 3714, # elems = 5936186925359898508601336084039885610
Step 1107 time = 0.000869, # ZDD nodes = 3549, # elems = 5490007182383448851319925857680533908
Step 1108 time = 0.000855, # ZDD nodes = 3432, # elems = 5133539296579781667725171254476826893
Step 1109 time = 0.000826, # ZDD nodes = 3321, # elems = 4863847468282546859642689813457429310
Step 1110 time = 0.000806, # ZDD nodes = 3207, # elems = 4629601558062191657939331348586679490
Step 1111 time = 0.000780, # ZDD nodes = 3096, # elems = 4359940632919339482469211828209085436
Step 1112 time = 0.000746, # ZDD nodes = 2982, # elems = 4003936294431411788059886034632431356
Step 1113 time = 0.000717, # ZDD nodes = 2877, # elems = 3561124995282669085525925158229664315
Step 1114 time = 0.000708, # ZDD nodes = 2793, # elems = 3083825775842908387596060845574158910
Step 1115 time = 0.000675, # ZDD nodes = 2706, # elems = 2646268012939213229163626478277991799
Step 1116 time = 0.000662, # ZDD nodes = 2616, # elems = 2305158994863714453912746434050638697
Step 1117 time = 0.000647, # ZDD nodes = 2526, # elems = 2080925706663332218614650257124232273
Step 1118 time = 0.000613, # ZDD nodes = 2430, # elems = 1959538116248351317257025976119970361
Step 1119 time = 0.000594, # ZDD nodes = 2331, # elems = 1899184255739069825314194962677678224
Step 1120 time = 0.000574, # ZDD nodes = 2253, # elems = 1841673485432990533708660648281310755
Step 1121 time = 0.000554, # ZDD nodes = 2187, # elems = 1735150312276055918897120195984546292
Step 1122 time = 0.000535, # ZDD nodes = 2130, # elems = 1558353366053014743574572204226556883
t found
a YES
a 6 12 18 27 33 42 48 57 63 72 78 87 93 102 108 117 123 132 138 147 153 162 168 177 183 192 198 207 213 222 228 237 243 252 258 267 273 282 288 297 303 312 318 327 333 342 348 357 363 372 378 387 393 402 408 417 423 432 438 447 453 462 468 477 483 492
a 1 12 18 27 33 42 48 57 63 72 78 87 93 102 108 117 123 132 138 147 153 162 168 177 183 192 198 207 213 222 228 237 243 252 258 267 273 282 288 297 303 312 318 327 333 342 348 357 363 372 378 387 393 402 408 417 423 432 438 447 453 462 468 477 483 492
a 1 7 18 27 33 42 48 57 63 72 78 87 93 102 108 117 123 132 138 147 153 162 168 177 183 192 198 207 213 222 228 237 243 252 258 267 273 282 288 297 303 312 318 327 333 342 348 357 363 372 378 387 393 402 408 417 423 432 438 447 453 462 468 477 483 492
a 1 7 13 27 33 42 48 57 63 72 78 87 93 102 108 117 123 132 138 147 153 162 168 177 183 192 198 207 213 222 228 237 243 252 258 267 273 282 288 297 303 312 318 327 333 342 348 357 363 372 378 387 393 402 408 417 423 432 438 447 453 462 468 477 483 492
a 1 7 13 22 33 42 48 57 63 72 78 87 93 102 108 117 123 132 138 147 153 162 168 177 183 192 198 207 213 222 228 237 243 252 258 267 273 282 288 297 303 312 318 327 333 342 348 357 363 372 378 387 393 402 408 417 423 432 438 447 453 462 468 477 483 492
a 1 7 19 22 33 42 48 57 63 72 78 87 93 102 108 117 123 132 138 147 153 162 168 177 183 192 198 207 213 222 228 237 243 252 258 267 273 282 288 297 303 312 318 327 333 342 348 357 363 372 378 387 393 402 408 417 423 432 438 447 453 462 468 477 483 492
a 1 10 19 22 33 42 48 57 63 72 78 87 93 102 108 117 123 132 138 147 153 162 168 177 183 192 198 207 213 222 228 237 243 252 258 267 273 282 288 297 303 312 318 327 333 342 348 357 363 372 378 387 393 402 408 417 423 432 438 447 453 462 468 477 483 492
a 4 10 19 22 33 42 48 57 63 72 78 87 93 102 108 117 123 132 138 147 153 162 168 177 183 192 198 207 213 222 228 237 243 252 258 267 273 282 288 297 303 312 318 327 333 342 348 357 363 372 378 387 393 402 408 417 423 432 438 447 453 462 468 477 483 492
a 4 10 19 22 28 42 48 57 63 72 78 87 93 102 108 117 123 132 138 147 153 162 168 177 183 192 198 207 213 222 228 237 243 252 258 267 273 282 288 297 303 312 318 327 333 342 348 357 363 372 378 387 393 402 408 417 423 432 438 447 453 462 468 477 483 492
a 4 10 19 22 28 37 48 57 63 72 78 87 93 102 108 117 123 132 138 147 153 162 168 177 183 192 198 207 213 222 228 237 243 252 258 267 273 282 288 297 303 312 318 327 333 342 348 357 363 372 378 387 393 402 408 417 423 432 438 447 453 462 468 477 483 492
a 4 10 19 22 28 37 43 57 63 72 78 87 93 102 108 117 123 132 138 147 153 162 168 177 183 192 198 207 213 222 228 237 243 252 258 267 273 282 288 297 303 312 318 327 333 342 348 357 363 372 378 387 393 402 408 417 423 432 438 447 453 462 468 477 483 492
a 4 10 19 22 28 37 43 52 63 72 78 87 93 102 108 117 123 132 138 147 153 162 168 177 183 192 198 207 213 222 228 237 243 252 258 267 273 282 288 297 303 312 318 327 333 342 348 357 363 372 378 387 393 402 408 417 423 432 438 447 453 462 468 477 483 492
a 4 10 19 22 28 37 49 52 63 72 78 87 93 102 108 117 123 132 138 147 153 162 168 177 183 192 198 207 213 222 228 237 243 252 258 267 273 282 288 297 303 312 318 327 333 342 348 357 363 372 378 387 393 402 408 417 423 432 438 447 453 462 468 477 483 492
a 4 10 19 22 28 40 49 52 63 72 78 87 93 102 108 117 123 132 138 147 153 162 168 177 183 192 198 207 213 222 228 237 243 252 258 267 273 282 288 297 303 312 318 327 333 342 348 357 363 372 378 387 393 402 408 417 423 432 438 447 453 462 468 477 483 492
a 4 10 19 22 31 40 49 52 63 72 78 87 93 102 108 117 123 132 138 147 153 162 168 177 183 192 198 207 213 222 228 237 243 252 258 267 273 282 288 297 303 312 318 327 333 342 348 357 363 372 378 387 393 402 408 417 423 432 438 447 453 462 468 477 483 492
a 1 10 19 22 31 40 49 52 63 72 78 87 93 102 108 117 123 132 138 147 153 162 168 177 183 192 198 207 213 222 228 237 243 252 258 267 273 282 288 297 303 312 318 327 333 342 348 357 363 372 378 387 393 402 408 417 423 432 438 447 453 462 468 477 483 492
a 1 7 19 22 31 40 49 52 63 72 78 87 93 102 108 117 123 132 138 147 153 162 168 177 183 192 198 207 213 222 228 237 243 252 258 267 273 282 288 297 303 312 318 327 333 342 348 357 363 372 378 387 393 402 408 417 423 432 438 447 453 462 468 477 483 492
a 1 7 13 22 31 40 49 52 63 72 78 87 93 102 108 117 123 132 138 147 153 162 168 177 183 192 198 207 213 222 228 237 243 252 258 267 273 282 288 297 303 312 318 327 333 342 348 357 363 372 378 387 393 402 408 417 423 432 438 447 453 462 468 477 483 492
a 1 7 13 25 31 40 49 52 63 72 78 87 93 102 108 117 123 132 138 147 153 162 168 177 183 192 198 207 213 222 228 237 243 252 258 267 273 282 288 297 303 312 318 327 333 342 348 357 363 372 378 387 393 402 408 417 423 432 438 447 453 462 468 477 483 492
a 1 7 13 25 31 40 49 52 58 72 78 87 93 102 108 117 123 132 138 147 153 162 168 177 183 192 198 207 213 222 228 237 243 252 258 267 273 282 288 297 303 312 318 327 333 342 348 357 363 372 378 387 393 402 408 417 423 432 438 447 453 462 468 477 483 492
a 1 7 13 25 31 40 49 52 58 67 78 87 93 102 108 117 123 132 138 147 153 162 168 177 183 192 198 207 213 222 228 237 243 252 258 267 273 282 288 297 303 312 318 327 333 342 348 357 363 372 378 387 393 402 408 417 423 432 438 447 453 462 468 477 483 492
a 1 7 13 25 31 40 49 52 58 67 73 87 93 102 108 117 123 132 138 147 153 162 168 177 183 192 198 207 213 222 228 237 243 252 258 267 273 282 288 297 303 312 318 327 333 342 348 357 363 372 378 387 393 402 408 417 423 432 438 447 453 462 468 477 483 492
a 1 7 13 25 31 40 49 52 58 67 73 82 93 102 108 117 123 132 138 147 153 162 168 177 183 192 198 207 213 222 228 237 243 252 258 267 273 282 288 297 303 312 318 327 333 342 348 357 363 372 378 387 393 402 408 417 423 432 438 447 453 462 468 477 483 492
a 1 7 13 25 31 40 49 52 58 67 79 82 93 102 108 117 123 132 138 147 153 162 168 177 183 192 198 207 213 222 228 237 243 252 258 267 273 282 288 297 303 312 318 327 333 342 348 357 363 372 378 387 393 402 408 417 423 432 438 447 453 462 468 477 483 492
a 1 7 13 25 31 40 49 52 58 70 79 82 93 102 108 117 123 132 138 147 153 162 168 177 183 192 198 207 213 222 228 237 243 252 258 267 273 282 288 297 303 312 318 327 333 342 348 357 363 372 378 387 393 402 408 417 423 432 438 447 453 462 468 477 483 492
a 1 7 13 25 31 40 49 52 61 70 79 82 93 102 108 117 123 132 138 147 153 162 168 177 183 192 198 207 213 222 228 237 243 252 258 267 273 282 288 297 303 312 318 327 333 342 348 357 363 372 378 387 393 402 408 417 423 432 438 447 453 462 468 477 483 492
a 1 7 13 22 31 40 49 52 61 70 79 82 93 102 108 117 123 132 138 147 153 162 168 177 183 192 198 207 213 222 228 237 243 252 258 267 273 282 288 297 303 312 318 327 333 342 348 357 363 372 378 387 393 402 408 417 423 432 438 447 453 462 468 477 483 492
a 1 7 19 22 31 40 49 52 61 70 79 82 93 102 108 117 123 132 138 147 153 162 168 177 183 192 198 207 213 222 228 237 243 252 258 267 273 282 288 297 303 312 318 327 333 342 348 357 363 372 378 387 393 402 408 417 423 432 438 447 453 462 468 477 483 492
a 1 10 19 22 31 40 49 52 61 70 79 82 93 102 108 117 123 132 138 147 153 162 168 177 183 192 198 207 213 222 228 237 243 252 258 267 273 282 288 297 303 312 318 327 333 342 348 357 363 372 378 387 393 402 408 417 423 432 438 447 453 462 468 477 483 492
a 4 10 19 22 31 40 49 52 61 70 79 82 93 102 108 117 123 132 138 147 153 162 168 177 183 192 198 207 213 222 228 237 243 252 258 267 273 282 288 297 303 312 318 327 333 342 348 357 363 372 378 387 393 402 408 417 423 432 438 447 453 462 468 477 483 492
a 4 10 19 22 28 40 49 52 61 70 79 82 93 102 108 117 123 132 138 147 153 162 168 177 183 192 198 207 213 222 228 237 243 252 258 267 273 282 288 297 303 312 318 327 333 342 348 357 363 372 378 387 393 402 408 417 423 432 438 447 453 462 468 477 483 492
a 4 10 19 22 28 37 49 52 61 70 79 82 93 102 108 117 123 132 138 147 153 162 168 177 183 192 198 207 213 222 228 237 243 252 258 267 273 282 288 297 303 312 318 327 333 342 348 357 363 372 378 387 393 402 408 417 423 432 438 447 453 462 468 477 483 492
a 4 10 19 22 28 37 43 52 61 70 79 82 93 102 108 117 123 132 138 147 153 162 168 177 183 192 198 207 213 222 228 237 243 252 258 267 273 282 288 297 303 312 318 327 333 342 348 357 363 372 378 387 393 402 408 417 423 432 438 447 453 462 468 477 483 492
a 4 10 19 22 28 37 43 55 61 70 79 82 93 102 108 117 123 132 138 147 153 162 168 177 183 192 198 207 213 222 228 237 243 252 258 267 273 282 288 297 303 312 318 327 333 342 348 357 363 372 378 387 393 402 408 417 423 432 438 447 453 462 468 477 483 492
a 4 10 19 22 28 37 43 55 61 70 79 82 88 102 108 117 123 132 138 147 153 162 168 177 183 192 198 207 213 222 228 237 243 252 258 267 273 282 288 297 303 312 318 327 333 342 348 357 363 372 378 387 393 402 408 417 423 432 438 447 453 462 468 477 483 492
a 4 10 19 22 28 37 43 55 61 70 79 82 88 97 108 117 123 132 138 147 153 162 168 177 183 192 198 207 213 222 228 237 243 252 258 267 273 282 288 297 303 312 318 327 333 342 348 357 363 372 378 387 393 402 408 417 423 432 438 447 453 462 468 477 483 492
a 4 10 19 22 28 37 43 55 61 70 79 82 88 97 103 117 123 132 138 147 153 162 168 177 183 192 198 207 213 222 228 237 243 252 258 267 273 282 288 297 303 312 318 327 333 342 348 357 363 372 378 387 393 402 408 417 423 432 438 447 453 462 468 477 483 492
a 4 10 19 22 28 37 43 55 61 70 79 82 88 97 103 112 123 132 138 147 153 162 168 177 183 192 198 207 213 222 228 237 243 252 258 267 273 282 288 297 303 312 318 327 333 342 348 357 363 372 378 387 393 402 408 417 423 432 438 447 453 462 468 477 483 492
a 4 10 19 22 28 37 43 55 61 70 79 82 88 97 109 112 123 132 138 147 153 162 168 177 183 192 198 207 213 222 228 237 243 252 258 267 273 282 288 297 303 312 318 327 333 342 348 357 363 372 378 387 393 402 408 417 423 432 438 447 453 462 468 477 483 492
a 4 10 19 22 28 37 43 55 61 70 79 82 88 100 109 112 123 132 138 147 153 162 168 177 183 192 198 207 213 222 228 237 243 252 258 267 273 282 288 297 303 312 318 327 333 342 348 357 363 372 378 387 393 402 408 417 423 432 438 447 453 462 468 477 483 492
a 4 10 19 22 28 37 43 55 61 70 79 82 91 100 109 112 123 132 138 147 153 162 168 177 183 192 198 207 213 222 228 237 243 252 258 267 273 282 288 297 303 312 318 327 333 342 348 357 363 372 378 387 393 402 408 417 423 432 438 447 453 462 468 477 483 492
a 4 10 19 22 28 37 43 52 61 70 79 82 91 100 109 112 123 132 138 147 153 162 168 177 183 192 198 207 213 222 228 237 243 252 258 267 273 282 288 297 303 312 318 327 333 342 348 357 363 372 378 387 393 402 408 417 423 432 438 447 453 462 468 477 483 492
a 4 10 19 22 28 37 49 52 61 70 79 82 91 100 109 112 123 132 138 147 153 162 168 177 183 192 198 207 213 222 228 237 243 252 258 267 273 282 288 297 303 312 318 327 333 342 348 357 363 372 378 387 393 402 408 417 423 432 438 447 453 462 468 477 483 492
a 4 10 19 22 28 40 49 52 61 70 79 82 91 100 109 112 123 132 138 147 153 162 168 177 183 192 198 207 213 222 228 237 243 252 258 267 273 282 288 297 303 312 318 327 333 342 348 357 363 372 378 387 393 402 408 417 423 432 438 447 453 462 468 477 483 492
a 4 10 19 22 31 40 49 52 61 70 79 82 91 100 109 112 123 132 138 147 153 162 168 177 183 192 198 207 213 222 228 237 243 252 258 267 273 282 288 297 303 312 318 327 333 342 348 357 363 372 378 387 393 402 408 417 423 432 438 447 453 462 468 477 483 492
a 1 10 19 22 31 40 49 52 61 70 79 82 91 100 109 112 123 132 138 147 153 162 168 177 183 192 198 207 213 222 228 237 243 252 258 267 273 282 288 297 303 312 318 327 333 342 348 357 363 372 378 387 393 402 408 417 423 432 438 447 453 462 468 477 483 492
a 1 7 19 22 31 40 49 52 61 70 79 82 91 100 109 112 123 132 138 147 153 162 168 177 183 192 198 207 213 222 228 237 243 252 258 267 273 282 288 297 303 312 318 327 333 342 348 357 363 372 378 387 393 402 408 417 423 432 438 447 453 462 468 477 483 492
a 1 7 13 22 31 40 49 52 61 70 79 82 91 100 109 112 123 132 138 147 153 162 168 177 183 192 198 207 213 222 228 237 243 252 258 267 273 282 288 297 303 312 318 327 333 342 348 357 363 372 378 387 393 402 408 417 423 432 438 447 453 462 468 477 483 492
a 1 7 13 25 31 40 49 52 61 70 79 82 91 100 109 112 123 132 138 147 153 162 168 177 183 192 198 207 213 222 228 237 243 252 258 267 273 282 288 297 303 312 318 327 333 342 348 357 363 372 378 387 393 402 408 417 423 432 438 447 453 462 468 477 483 492
a 1 7 13 25 31 40 49 52 58 70 79 82 91 100 109 112 123 132 138 147 153 162 168 177 183 192 198 207 213 222 228 237 243 252 258 267 273 282 288 297 303 312 318 327 333 342 348 357 363 372 378 387 393 402 408 417 423 432 438 447 453 462 468 477 483 492
a 1 7 13 25 31 40 49 52 58 67 79 82 91 100 109 112 123 132 138 147 153 162 168 177 183 192 198 207 213 222 228 237 243 252 258 267 273 282 288 297 303 312 318 327 333 342 348 357 363 372 378 387 393 402 408 417 423 432 438 447 453 462 468 477 483 492
a 1 7 13 25 31 40 49 52 58 67 73 82 91 100 109 112 123 132 138 147 153 162 168 177 183 192 198 207 213 222 228 237 243 252 258 267 273 282 288 297 303 312 318 327 333 342 348 357 363 372 378 387 393 402 408 417 423 432 438 447 453 462 468 477 483 492
a 1 7 13 25 31 40 49 52 58 67 73 85 91 100 109 112 123 132 138 147 153 162 168 177 183 192 198 207 213 222 228 237 243 252 258 267 273 282 288 297 303 312 318 327 333 342 348 357 363 372 378 387 393 402 408 417 423 432 438 447 453 462 468 477 483 492
a 1 7 13 25 31 40 49 52 58 67 73 85 91 100 109 112 118 132 138 147 153 162 168 177 183 192 198 207 213 222 228 237 243 252 258 267 273 282 288 297 303 312 318 327 333 342 348 357 363 372 378 387 393 402 408 417 423 432 438 447 453 462 468 477 483 492
a 1 7 13 25 31 40 49 52 58 67 73 85 91 100 109 112 118 127 138 147 153 162 168 177 183 192 198 207 213 222 228 237 243 252 258 267 273 282 288 297 303 312 318 327 333 342 348 357 363 372 378 387 393 402 408 417 423 432 438 447 453 462 468 477 483 492
a 1 7 13 25 31 40 49 52 58 67 73 85 91 100 109 112 118 127 133 147 153 162 168 177 183 192 198 207 213 222 228 237 243 252 258 267 273 282 288 297 303 312 318 327 333 342 348 357 363 372 378 387 393 402 408 417 423 432 438 447 453 462 468 477 483 492
a 1 7 13 25 31 40 49 52 58 67 73 85 91 100 109 112 118 127 133 142 153 162 168 177 183 192 198 207 213 222 228 237 243 252 258 267 273 282 288 297 303 312 318 327 333 342 348 357 363 372 378 387 393 402 408 417 423 432 438 447 453 462 468 477 483 492
a 1 7 13 25 31 40 49 52 58 67 73 85 91 100 109 112 118 127 139 142 153 162 168 177 183 192 198 207 213 222 228 237 243 252 258 267 273 282 288 297 303 312 318 327 333 342 348 357 363 372 378 387 393 402 408 417 423 432 438 447 453 462 468 477 483 492
a 1 7 13 25 31 40 49 52 58 67 73 85 91 100 109 112 118 130 139 142 153 162 168 177 183 192 198 207 213 222 228 237 243 252 258 267 273 282 288 297 303 312 318 327 333 342 348 357 363 372 378 387 393 402 408 417 423 432 438 447 453 462 468 477 483 492
a 1 7 13 25 31 40 49 52 58 67 73 85 91 100 109 112 121 130 139 142 153 162 168 177 183 192 198 207 213 222 228 237 243 252 258 267 273 282 288 297 303 312 318 327 333 342 348 357 363 372 378 387 393 402 408 417 423 432 438 447 453 462 468 477 483 492
a 1 7 13 25 31 40 49 52 58 67 73 82 91 100 109 112 121 130 139 142 153 162 168 177 183 192 198 207 213 222 228 237 243 252 258 267 273 282 288 297 303 312 318 327 333 342 348 357 363 372 378 387 393 402 408 417 423 432 438 447 453 462 468 477 483 492
a 1 7 13 25 31 40 49 52 58 67 79 82 91 100 109 112 121 130 139 142 153 162 168 177 183 192 198 207 213 222 228 237 243 252 258 267 273 282 288 297 303 312 318 327 333 342 348 357 363 372 378 387 393 402 408 417 423 432 438 447 453 462 468 477 483 492
a 1 7 13 25 31 40 49 52 58 70 79 82 91 100 109 112 121 130 139 142 153 162 168 177 183 192 198 207 213 222 228 237 243 252 258 267 273 282 288 297 303 312 318 327 333 342 348 357 363 372 378 387 393 402 408 417 423 432 438 447 453 462 468 477 483 492
a 1 7 13 25 31 40 49 52 61 70 79 82 91 100 109 112 121 130 139 142 153 162 168 177 183 192 198 207 213 222 228 237 243 252 258 267 273 282 288 297 303 312 318 327 333 342 348 357 363 372 378 387 393 402 408 417 423 432 438 447 453 462 468 477 483 492
a 1 7 13 22 31 40 49 52 61 70 79 82 91 100 109 112 121 130 139 142 153 162 168 177 183 192 198 207 213 222 228 237 243 252 258 267 273 282 288 297 303 312 318 327 333 342 348 357 363 372 378 387 393 402 408 417 423 432 438 447 453 462 468 477 483 492
a 1 7 19 22 31 40 49 52 61 70 79 82 91 100 109 112 121 130 139 142 153 162 168 177 183 192 198 207 213 222 228 237 243 252 258 267 273 282 288 297 303 312 318 327 333 342 348 357 363 372 378 387 393 402 408 417 423 432 438 447 453 462 468 477 483 492
a 1 10 19 22 31 40 49 52 61 70 79 82 91 100 109 112 121 130 139 142 153 162 168 177 183 192 198 207 213 222 228 237 243 252 258 267 273 282 288 297 303 312 318 327 333 342 348 357 363 372 378 387 393 402 408 417 423 432 438 447 453 462 468 477 483 492
a 4 10 19 22 31 40 49 52 61 70 79 82 91 100 109 112 121 130 139 142 153 162 168 177 183 192 198 207 213 222 228 237 243 252 258 267 273 282 288 297 303 312 318 327 333 342 348 357 363 372 378 387 393 402 408 417 423 432 438 447 453 462 468 477 483 492
a 4 10 19 22 28 40 49 52 61 70 79 82 91 100 109 112 121 130 139 142 153 162 168 177 183 192 198 207 213 222 228 237 243 252 258 267 273 282 288 297 303 312 318 327 333 342 348 357 363 372 378 387 393 402 408 417 423 432 438 447 453 462 468 477 483 492
a 4 10 19 22 28 37 49 52 61 70 79 82 91 100 109 112 121 130 139 142 153 162 168 177 183 192 198 207 213 222 228 237 243 252 258 267 273 282 288 297 303 312 318 327 333 342 348 357 363 372 378 387 393 402 408 417 423 432 438 447 453 462 468 477 483 492
a 4 10 19 22 28 37 43 52 61 70 79 82 91 100 109 112 121 130 139 142 153 162 168 177 183 192 198 207 213 222 228 237 243 252 258 267 273 282 288 297 303 312 318 327 333 342 348 357 363 372 378 387 393 402 408 417 423 432 438 447 453 462 468 477 483 492
a 4 10 19 22 28 37 43 55 61 70 79 82 91 100 109 112 121 130 139 142 153 162 168 177 183 192 198 207 213 222 228 237 243 252 258 267 273 282 288 297 303 312 318 327 333 342 348 357 363 372 378 387 393 402 408 417 423 432 438 447 453 462 468 477 483 492
a 4 10 19 22 28 37 43 55 61 70 79 82 88 100 109 112 121 130 139 142 153 162 168 177 183 192 198 207 213 222 228 237 243 252 258 267 273 282 288 297 303 312 318 327 333 342 348 357 363 372 378 387 393 402 408 417 423 432 438 447 453 462 468 477 483 492
a 4 10 19 22 28 37 43 55 61 70 79 82 88 97 109 112 121 130 139 142 153 162 168 177 183 192 198 207 213 222 228 237 243 252 258 267 273 282 288 297 303 312 318 327 333 342 348 357 363 372 378 387 393 402 408 417 423 432 438 447 453 462 468 477 483 492
a 4 10 19 22 28 37 43 55 61 70 79 82 88 97 103 112 121 130 139 142 153 162 168 177 183 192 198 207 213 222 228 237 243 252 258 267 273 282 288 297 303 312 318 327 333 342 348 357 363 372 378 387 393 402 408 417 423 432 438 447 453 462 468 477 483 492
a 4 10 19 22 28 37 43 55 61 70 79 82 88 97 103 115 121 130 139 142 153 162 168 177 183 192 198 207 213 222 228 237 243 252 258 267 273 282 288 297 303 312 318 327 333 342 348 357 363 372 378 387 393 402 408 417 423 432 438 447 453 462 468 477 483 492
a 4 10 19 22 28 37 43 55 61 70 79 82 88 97 103 115 121 130 139 142 148 162 168 177 183 192 198 207 213 222 228 237 243 252 258 267 273 282 288 297 303 312 318 327 333 342 348 357 363 372 378 387 393 402 408 417 423 432 438 447 453 462 468 477 483 492
a 4 10 19 22 28 37 43 55 61 70 79 82 88 97 103 115 121 130 139 142 148 157 168 177 183 192 198 207 213 222 228 237 243 252 258 267 273 282 288 297 303 312 318 327 333 342 348 357 363 372 378 387 393 402 408 417 423 432 438 447 453 462 468 477 483 492
a 4 10 19 22 28 37 43 55 61 70 79 82 88 97 103 115 121 130 139 142 148 157 163 177 183 192 198 207 213 222 228 237 243 252 258 267 273 282 288 297 303 312 318 327 333 342 348 357 363 372 378 387 393 402 408 417 423 432 438 447 453 462 468 477 483 492
a 4 10 19 22 28 37 43 55 61 70 79 82 88 97 103 115 121 130 139 142 148 157 163 172 183 192 198 207 213 222 228 237 243 252 258 267 273 282 288 297 303 312 318 327 333 342 348 357 363 372 378 387 393 402 408 417 423 432 438 447 453 462 468 477 483 492
a 4 10 19 22 28 37 43 55 61 70 79 82 88 97 103 115 121 130 139 142 148 157 169 172 183 192 198 207 213 222 228 237 243 252 258 267 273 282 288 297 303 312 318 327 333 342 348 357 363 372 378 387 393 402 408 417 423 432 438 447 453 462 468 477 483 492
a 4 10 19 22 28 37 43 55 61 70 79 82 88 97 103 115 121 130 139 142 148 160 169 172 183 192 198 207 213 222 228 237 243 252 258 267 273 282 288 297 303 312 318 327 333 342 348 357 363 372 378 387 393 402 408 417 423 432 438 447 453 462 468 477 483 492
a 4 10 19 22 28 37 43 55 61 70 79 82 88 97 103 115 121 130 139 142 151 160 169 172 183 192 198 207 213 222 228 237 243 252 258 267 273 282 288 297 303 312 318 327 333 342 348 357 363 372 378 387 393 402 408 417 423 432 438 447 453 462 468 477 483 492
a 4 10 19 22 28 37 43 55 61 70 79 82 88 97 103 112 121 130 139 142 151 160 169 172 183 192 198 207 213 222 228 237 243 252 258 267 273 282 288 297 303 312 318 327 333 342 348 357 363 372 378 387 393 402 408 417 423 432 438 447 453 462 468 477 483 492
a 4 10 19 22 28 37 43 55 61 70 79 82 88 97 109 112 121 130 139 142 151 160 169 172 183 192 198 207 213 222 228 237 243 252 258 267 273 282 288 297 303 312 318 327 333 342 348 357 363 372 378 387 393 402 408 417 423 432 438 447 453 462 468 477 483 492
a 4 10 19 22 28 37 43 55 61 70 79 82 88 100 109 112 121 130 139 142 151 160 169 172 183 192 198 207 213 222 228 237 243 252 258 267 273 282 288 297 303 312 318 327 333 342 348 357 363 372 378 387 393 402 408 417 423 432 438 447 453 462 468 477 483 492
a 4 10 19 22 28 37 43 55 61 70 79 82 91 100 109 112 121 130 139 142 151 160 169 172 183 192 198 207 213 222 228 237 243 252 258 267 273 282 288 297 303 312 318 327 333 342 348 357 363 372 378 387 393 402 408 417 423 432 438 447 453 462 468 477 483 492
a 4 10 19 22 28 37 43 52 61 70 79 82 91 100 109 112 121 130 139 142 151 160 169 172 183 192 198 207 213 222 228 237 243 252 258 267 273 282 288 297 303 312 318 327 333 342 348 357 363 372 378 387 393 402 408 417 423 432 438 447 453 462 468 477 483 492
a 4 10 19 22 28 37 49 52 61 70 79 82 91 100 109 112 121 130 139 142 151 160 169 172 183 192 198 207 213 222 228 237 243 252 258 267 273 282 288 297 303 312 318 327 333 342 348 357 363 372 378 387 393 402 408 417 423 432 438 447 453 462 468 477 483 492
a 4 10 19 22 28 40 49 52 61 70 79 82 91 100 109 112 121 130 139 142 151 160 169 172 183 192 198 207 213 222 228 237 243 252 258 267 273 282 288 297 303 312 318 327 333 342 348 357 363 372 378 387 393 402 408 417 423 432 438 447 453 462 468 477 483 492
a 4 10 19 22 31 40 49 52 61 70 79 82 91 100 109 112 121 130 139 142 151 160 169 172 183 192 198 207 213 222 228 237 243 252 258 267 273 282 288 297 303 312 318 327 333 342 348 357 363 372 378 387 393 402 408 417 423 432 438 447 453 462 468 477 483 492
a 1 10 19 22 31 40 49 52 61 70 79 82 91 100 109 112 121 130 139 142 151 160 169 172 183 192 198 207 213 222 228 237 243 252 258 267 273 282 288 297 303 312 318 327 333 342 348 357 363 372 378 387 393 402 408 417 423 432 438 447 453 462 468 477 483 492
a 1 7 19 22 31 40 49 52 61 70 79 82 91 100 109 112 121 130 139 142 151 160 169 172 183 192 198 207 213 222 228 237 243 252 258 267 273 282 288 297 303 312 318 327 333 342 348 357 363 372 378 387 393 402 408 417 423 432 438 447 453 462 468 477 483 492
a 1 7 13 22 31 40 49 52 61 70 79 82 91 100 109 112 121 130 139 142 151 160 169 172 183 192 198 207 213 222 228 237 243 252 258 267 273 282 288 297 303 312 318 327 333 342 348 357 363 372 378 387 393 402 408 417 423 432 438 447 453 462 468 477 483 492
a 1 7 13 25 31 40 49 52 61 70 79 82 91 100 109 112 121 130 139 142 151 160 169 172 183 192 198 207 213 222 228 237 243 252 258 267 273 282 288 297 303 312 318 327 333 342 348 357 363 372 378 387 393 402 408 417 423 432 438 447 453 462 468 477 483 492
a 1 7 13 25 31 40 49 52 58 70 79 82 91 100 109 112 121 130 139 142 151 160 169 172 183 192 198 207 213 222 228 237 243 252 258 267 273 282 288 297 303 312 318 327 333 342 348 357 363 372 378 387 393 402 408 417 423 432 438 447 453 462 468 477 483 492
a 1 7 13 25 31 40 49 52 58 67 79 82 91 100 109 112 121 130 139 142 151 160 169 172 183 192 198 207 213 222 228 237 243 252 258 267 273 282 288 297 303 312 318 327 333 342 348 357 363 372 378 387 393 402 408 417 423 432 438 447 453 462 468 477 483 492
a 1 7 13 25 31 40 49 52 58 67 73 82 91 100 109 112 121 130 139 142 151 160 169 172 183 192 198 207 213 222 228 237 243 252 258 267 273 282 288 297 303 312 318 327 333 342 348 357 363 372 378 387 393 402 408 417 423 432 438 447 453 462 468 477 483 492
a 1 7 13 25 31 40 49 52 58 67 73 85 91 100 109 112 121 130 139 142 151 160 169 172 183 192 198 207 213 222 228 237 243 252 258 267 273 282 288 297 303 312 318 327 333 342 348 357 363 372 378 387 393 402 408 417 423 432 438 447 453 462 468 477 483 492
a 1 7 13 25 31 40 49 52 58 67 73 85 91 100 109 112 118 130 139 142 151 160 169 172 183 192 198 207 213 222 228 237 243 252 258 267 273 282 288 297 303 312 318 327 333 342 348 357 363 372 378 387 393 402 408 417 423 432 438 447 453 462 468 477 483 492
a 1 7 13 25 31 40 49 52 58 67 73 85 91 100 109 112 118 127 139 142 151 160 169 172 183 192 198 207 213 222 228 237 243 252 258 267 273 282 288 297 303 312 318 327 333 342 348 357 363 372 378 387 393 402 408 417 423 432 438 447 453 462 468 477 483 492
a 1 7 13 25 31 40 49 52 58 67 73 85 91 100 109 112 118 127 133 142 151 160 169 172 183 192 198 207 213 222 228 237 243 252 258 267 273 282 288 297 303 312 318 327 333 342 348 357 363 372 378 387 393 402 408 417 423 432 438 447 453 462 468 477 483 492
a 1 7 13 25 31 40 49 52 58 67 73 85 91 100 109 112 118 127 133 145 151 160 169 172 183 192 198 207 213 222 228 237 243 252 258 267 273 282 288 297 303 312 318 327 333 342 348 357 363 372 378 387 393 402 408 417 423 432 438 447 453 462 468 477 483 492
a 1 7 13 25 31 40 49 52 58 67 73 85 91 100 109 112 118 127 133 145 151 160 169 172 178 192 198 207 213 222 228 237 243 252 258 267 273 282 288 297 303 312 318 327 333 342 348 357 363 372 378 387 393 402 408 417 423 432 438 447 453 462 468 477 483 492
a 1 7 13 25 31 40 49 52 58 67 73 85 91 100 109 112 118 127 133 145 151 160 169 172 178 187 198 207 213 222 228 237 243 252 258 267 273 282 288 297 303 312 318 327 333 342 348 357 363 372 378 387 393 402 408 417 423 432 438 447 453 462 468 477 483 492
a 1 7 13 25 31 40 49 52 58 67 73 85 91 100 109 112 118 127 133 145 151 160 169 172 178 187 193 207 213 222 228 237 243 252 258 267 273 282 288 297 303 312 318 327 333 342 348 357 363 372 378 387 393 402 408 417 423 432 438 447 453 462 468 477 483 492
a 1 7 13 25 31 40 49 52 58 67 73 85 91 100 109 112 118 127 133 145 151 160 169 172 178 187 193 202 213 222 228 237 243 252 258 267 273 282 288 297 303 312 318 327 333 342 348 357 363 372 378 387 393 402 408 417 423 432 438 447 453 462 468 477 483 492
a 1 7 13 25 31 40 49 52 58 67 73 85 91 100 109 112 118 127 133 145 151 160 169 172 178 187 199 202 213 222 228 237 243 252 258 267 273 282 288 297 303 312 318 327 333 342 348 357 363 372 378 387 393 402 408 417 423 432 438 447 453 462 468 477 483 492
a 1 7 13 25 31 40 49 52 58 67 73 85 91 100 109 112 118 127 133 145 151 160 169 172 178 190 199 202 213 222 228 237 243 252 258 267 273 282 288 297 303 312 318 327 333 342 348 357 363 372 378 387 393 402 408 417 423 432 438 447 453 462 468 477 483 492
a 1 7 13 25 31 40 49 52 58 67 73 85 91 100 109 112 118 127 133 145 151 160 169 172 181 190 199 202 213 222 228 237 243 252 258 267 273 282 288 297 303 312 318 327 333 342 348 357 363 372 378 387 393 402 408 417 423 432 438 447 453 462 468 477 483 492
a 1 7 13 25 31 40 49 52 58 67 73 85 91 100 109 112 118 127 133 142 151 160 169 172 181 190 199 202 213 222 228 237 243 252 258 267 273 282 288 297 303 312 318 327 333 342 348 357 363 372 378 387 393 402 408 417 423 432 438 447 453 462 468 477 483 492
a 1 7 13 25 31 40 49 52 58 67 73 85 91 100 109 112 118 127 139 142 151 160 169 172 181 190 199 202 213 222 228 237 243 252 258 267 273 282 288 297 303 312 318 327 333 342 348 357 363 372 378 387 393 402 408 417 423 432 438 447 453 462 468 477 483 492
a 1 7 13 25 31 40 49 52 58 67 73 85 91 100 109 112 118 130 139 142 151 160 169 172 181 190 199 202 213 222 228 237 243 252 258 267 273 282 288 297 303 312 318 327 333 342 348 357 363 372 378 387 393 402 408 417 423 432 438 447 453 462 468 477 483 492
a 1 7 13 25 31 40 49 52 58 67 73 85 91 100 109 112 121 130 139 142 151 160 169 172 181 190 199 202 213 222 228 237 243 252 258 267 273 282 288 297 303 312 318 327 333 342 348 357 363 372 378 387 393 402 408 417 423 432 438 447 453 462 468 477 483 492
a 1 7 13 25 31 40 49 52 58 67 73 82 91 100 109 112 121 130 139 142 151 160 169 172 181 190 199 202 213 222 228 237 243 252 258 267 273 282 288 297 303 312 318 327 333 342 348 357 363 372 378 387 393 402 408 417 423 432 438 447 453 462 468 477 483 492
a 1 7 13 25 31 40 49 52 58 67 79 82 91 100 109 112 121 130 139 142 151 160 169 172 181 190 199 202 213 222 228 237 243 252 258 267 273 282 288 297 303 312 318 327 333 342 348 357 363 372 378 387 393 402 408 417 423 432 438 447 453 462 468 477 483 492
a 1 7 13 25 31 40 49 52 58 70 79 82 91 100 109 112 121 130 139 142 151 160 169 172 181 190 199 202 213 222 228 237 243 252 258 267 273 282 288 297 303 312 318 327 333 342 348 357 363 372 378 387 393 402 408 417 423 432 438 447 453 462 468 477 483 492
a 1 7 13 25 31 40 49 52 61 70 79 82 91 100 109 112 121 130 139 142 151 160 169 172 181 190 199 202 213 222 228 237 243 252 258 267 273 282 288 297 303 312 318 327 333 342 348 357 363 372 378 387 393 402 408 417 423 432 438 447 453 462 468 477 483 492
a 1 7 13 22 31 40 49 52 61 70 79 82 91 100 109 112 121 130 139 142 151 160 169 172 181 190 199 202 213 222 228 237 243 252 258 267 273 282 288 297 303 312 318 327 333 342 348 357 363 372 378 387 393 402 408 417 423 432 438 447 453 462 468 477 483 492
a 1 7 19 22 31 40 49 52 61 70 79 82 91 100 109 112 121 130 139 142 151 160 169 172 181 190 199 202 213 222 228 237 243 252 258 267 273 282 288 297 303 312 318 327 333 342 348 357 363 372 378 387 393 402 408 417 423 432 438 447 453 462 468 477 483 492
a 1 10 19 22 31 40 49 52 61 70 79 82 91 100 109 112 121 130 139 142 151 160 169 172 181 190 199 202 213 222 228 237 243 252 258 267 273 282 288 297 303 312 318 327 333 342 348 357 363 372 378 387 393 402 408 417 423 432 438 447 453 462 468 477 483 492
a 4 10 19 22 31 40 49 52 61 70 79 82 91 100 109 112 121 130 139 142 151 160 169 172 181 190 199 202 213 222 228 237 243 252 258 267 273 282 288 297 303 312 318 327 333 342 348 357 363 372 378 387 393 402 408 417 423 432 438 447 453 462 468 477 483 492
a 4 10 19 22 28 40 49 52 61 70 79 82 91 100 109 112 121 130 139 142 151 160 169 172 181 190 199 202 213 222 228 237 243 252 258 267 273 282 288 297 303 312 318 327 333 342 348 357 363 372 378 387 393 402 408 417 423 432 438 447 453 462 468 477 483 492
a 4 10 19 22 28 37 49 52 61 70 79 82 91 100 109 112 121 130 139 142 151 160 169 172 181 190 199 202 213 222 228 237 243 252 258 267 273 282 288 297 303 312 318 327 333 342 348 357 363 372 378 387 393 402 408 417 423 432 438 447 453 462 468 477 483 492
a 4 10 19 22 28 37 43 52 61 70 79 82 91 100 109 112 121 130 139 142 151 160 169 172 181 190 199 202 213 222 228 237 243 252 258 267 273 282 288 297 303 312 318 327 333 342 348 357 363 372 378 387 393 402 408 417 423 432 438 447 453 462 468 477 483 492
a 4 10 19 22 28 37 43 55 61 70 79 82 91 100 109 112 121 130 139 142 151 160 169 172 181 190 199 202 213 222 228 237 243 252 258 267 273 282 288 297 303 312 318 327 333 342 348 357 363 372 378 387 393 402 408 417 423 432 438 447 453 462 468 477 483 492
a 4 10 19 22 28 37 43 55 61 70 79 82 88 100 109 112 121 130 139 142 151 160 169 172 181 190 199 202 213 222 228 237 243 252 258 267 273 282 288 297 303 312 318 327 333 342 348 357 363 372 378 387 393 402 408 417 423 432 438 447 453 462 468 477 483 492
a 4 10 19 22 28 37 43 55 61 70 79 82 88 97 109 112 121 130 139 142 151 160 169 172 181 190 199 202 213 222 228 237 243 252 258 267 273 282 288 297 303 312 318 327 333 342 348 357 363 372 378 387 393 402 408 417 423 432 438 447 453 462 468 477 483 492
a 4 10 19 22 28 37 43 55 61 70 79 82 88 97 103 112 121 130 139 142 151 160 169 172 181 190 199 202 213 222 228 237 243 252 258 267 273 282 288 297 303 312 318 327 333 342 348 357 363 372 378 387 393 402 408 417 423 432 438 447 453 462 468 477 483 492
a 4 10 19 22 28 37 43 55 61 70 79 82 88 97 103 115 121 130 139 142 151 160 169 172 181 190 199 202 213 222 228 237 243 252 258 267 273 282 288 297 303 312 318 327 333 342 348 357 363 372 378 387 393 402 408 417 423 432 438 447 453 462 468 477 483 492
a 4 10 19 22 28 37 43 55 61 70 79 82 88 97 103 115 121 130 139 142 148 160 169 172 181 190 199 202 213 222 228 237 243 252 258 267 273 282 288 297 303 312 318 327 333 342 348 357 363 372 378 387 393 402 408 417 423 432 438 447 453 462 468 477 483 492
a 4 10 19 22 28 37 43 55 61 70 79 82 88 97 103 115 121 130 139 142 148 157 169 172 181 190 199 202 213 222 228 237 243 252 258 267 273 282 288 297 303 312 318 327 333 342 348 357 363 372 378 387 393 402 408 417 423 432 438 447 453 462 468 477 483 492
a 4 10 19 22 28 37 43 55 61 70 79 82 88 97 103 115 121 130 139 142 148 157 163 172 181 190 199 202 213 222 228 237 243 252 258 267 273 282 288 297 303 312 318 327 333 342 348 357 363 372 378 387 393 402 408 417 423 432 438 447 453 462 468 477 483 492
a 4 10 19 22 28 37 43 55 61 70 79 82 88 97 103 115 121 130 139 142 148 157 163 175 181 190 199 202 213 222 228 237 243 252 258 267 273 282 288 297 303 312 318 327 333 342 348 357 363 372 378 387 393 402 408 417 423 432 438 447 453 462 468 477 483 492
a 4 10 19 22 28 37 43 55 61 70 79 82 88 97 103 115 121 130 139 142 148 157 163 175 181 190 199 202 208 222 228 237 243 252 258 267 273 282 288 297 303 312 318 327 333 342 348 357 363 372 378 387 393 402 408 417 423 432 438 447 453 462 468 477 483 492
a 4 10 19 22 28 37 43 55 61 70 79 82 88 97 103 115 121 130 139 142 148 157 163 175 181 190 199 202 208 217 228 237 243 252 258 267 273 282 288 297 303 312 318 327 333 342 348 357 363 372 378 387 393 402 408 417 423 432 438 447 453 462 468 477 483 492
a 4 10 19 22 28 37 43 55 61 70 79 82 88 97 103 115 121 130 139 142 148 157 163 175 181 190 199 202 208 217 223 237 243 252 258 267 273 282 288 297 303 312 318 327 333 342 348 357 363 372 378 387 393 402 408 417 423 432 438 447 453 462 468 477 483 492
a 4 10 19 22 28 37 43 55 61 70 79 82 88 97 103 115 121 130 139 142 148 157 163 175 181 190 199 202 208 217 223 232 243 252 258 267 273 282 288 297 303 312 318 327 333 342 348 357 363 372 378 387 393 402 408 417 423 432 438 447 453 462 468 477 483 492
a 4 10 19 22 28 37 43 55 61 70 79 82 88 97 103 115 121 130 139 142 148 157 163 175 181 190 199 202 208 217 229 232 243 252 258 267 273 282 288 297 303 312 318 327 333 342 348 357 363 372 378 387 393 402 408 417 423 432 438 447 453 462 468 477 483 492
a 4 10 19 22 28 37 43 55 61 70 79 82 88 97 103 115 121 130 139 142 148 157 163 175 181 190 199 202 208 220 229 232 243 252 258 267 273 282 288 297 303 312 318 327 333 342 348 357 363 372 378 387 393 402 408 417 423 432 438 447 453 462 468 477 483 492
a 4 10 19 22 28 37 43 55 61 70 79 82 88 97 103 115 121 130 139 142 148 157 163 175 181 190 199 202 211 220 229 232 243 252 258 267 273 282 288 297 303 312 318 327 333 342 348 357 363 372 378 387 393 402 408 417 423 432 438 447 453 462 468 477 483 492
a 4 10 19 22 28 37 43 55 61 70 79 82 88 97 103 115 121 130 139 142 148 157 163 172 181 190 199 202 211 220 229 232 243 252 258 267 273 282 288 297 303 312 318 327 333 342 348 357 363 372 378 387 393 402 408 417 423 432 438 447 453 462 468 477 483 492
a 4 10 19 22 28 37 43 55 61 70 79 82 88 97 103 115 121 130 139 142 148 157 169 172 181 190 199 202 211 220 229 232 243 252 258 267 273 282 288 297 303 312 318 327 333 342 348 357 363 372 378 387 393 402 408 417 423 432 438 447 453 462 468 477 483 492
a 4 10 19 22 28 37 43 55 61 70 79 82 88 97 103 115 121 130 139 142 148 160 169 172 181 190 199 202 211 220 229 232 243 252 258 267 273 282 288 297 303 312 318 327 333 342 348 357 363 372 378 387 393 402 408 417 423 432 438 447 453 462 468 477 483 492
a 4 10 19 22 28 37 43 55 61 70 79 82 88 97 103 115 121 130 139 142 151 160 169 172 181 190 199 202 211 220 229 232 243 252 258 267 273 282 288 297 303 312 318 327 333 342 348 357 363 372 378 387 393 402 408 417 423 432 438 447 453 462 468 477 483 492
a 4 10 19 22 28 37 43 55 61 70 79 82 88 97 103 112 121 130 139 142 151 160 169 172 181 190 199 202 211 220 229 232 243 252 258 267 273 282 288 297 303 312 318 327 333 342 348 357 363 372 378 387 393 402 408 417 423 432 438 447 453 462 468 477 483 492
a 4 10 19 22 28 37 43 55 61 70 79 82 88 97 109 112 121 130 139 142 151 160 169 172 181 190 199 202 211 220 229 232 243 252 258 267 273 282 288 297 303 312 318 327 333 342 348 357 363 372 378 387 393 402 408 417 423 432 438 447 453 462 468 477 483 492
a 4 10 19 22 28 37 43 55 61 70 79 82 88 100 109 112 121 130 139 142 151 160 169 172 181 190 199 202 211 220 229 232 243 252 258 267 273 282 288 297 303 312 318 327 333 342 348 357 363 372 378 387 393 402 408 417 423 432 438 447 453 462 468 477 483 492
a 4 10 19 22 28 37 43 55 61 70 79 82 91 100 109 112 121 130 139 142 151 160 169 172 181 190 199 202 211 220 229 232 243 252 258 267 273 282 288 297 303 312 318 327 333 342 348 357 363 372 378 387 393 402 408 417 423 432 438 447 453 462 468 477 483 492
a 4 10 19 22 28 37 43 52 61 70 79 82 91 100 109 112 121 130 139 142 151 160 169 172 181 190 199 202 211 220 229 232 243 252 258 267 273 282 288 297 303 312 318 327 333 342 348 357 363 372 378 387 393 402 408 417 423 432 438 447 453 462 468 477 483 492
a 4 10 19 22 28 37 49 52 61 70 79 82 91 100 109 112 121 130 139 142 151 160 169 172 181 190 199 202 211 220 229 232 243 252 258 267 273 282 288 297 303 312 318 327 333 342 348 357 363 372 378 387 393 402 408 417 423 432 438 447 453 462 468 477 483 492
a 4 10 19 22 28 40 49 52 61 70 79 82 91 100 109 112 121 130 139 142 151 160 169 172 181 190 199 202 211 220 229 232 243 252 258 267 273 282 288 297 303 312 318 327 333 342 348 357 363 372 378 387 393 402 408 417 423 432 438 447 453 462 468 477 483 492
a 4 10 19 22 31 40 49 52 61 70 79 82 91 100 109 112 121 130 139 142 151 160 169 172 181 190 199 202 211 220 229 232 243 252 258 267 273 282 288 297 303 312 318 327 333 342 348 357 363 372 378 387 393 402 408 417 423 432 438 447 453 462 468 477 483 492
a 1 10 19 22 31 40 49 52 61 70 79 82 91 100 109 112 121 130 139 142 151 160 169 172 181 190 199 202 211 220 229 232 243 252 258 267 273 282 288 297 303 312 318 327 333 342 348 357 363 372 378 387 393 402 408 417 423 432 438 447 453 462 468 477 483 492
a 1 7 19 22 31 40 49 52 61 70 79 82 91 100 109 112 121 130 139 142 151 160 169 172 181 190 199 202 211 220 229 232 243 252 258 267 273 282 288 297 303 312 318 327 333 342 348 357 363 372 378 387 393 402 408 417 423 432 438 447 453 462 468 477 483 492
a 1 7 13 22 31 40 49 52 61 70 79 82 91 100 109 112 121 130 139 142 151 160 169 172 181 190 199 202 211 220 229 232 243 252 258 267 273 282 288 297 303 312 318 327 333 342 348 357 363 372 378 387 393 402 408 417 423 432 438 447 453 462 468 477 483 492
a 1 7 13 25 31 40 49 52 61 70 79 82 91 100 109 112 121 130 139 142 151 160 169 172 181 190 199 202 211 220 229 232 243 252 258 267 273 282 288 297 303 312 318 327 333 342 348 357 363 372 378 387 393 402 408 417 423 432 438 447 453 462 468 477 483 492
a 1 7 13 25 31 40 49 52 58 70 79 82 91 100 109 112 121 130 139 142 151 160 169 172 181 190 199 202 211 220 229 232 243 252 258 267 273 282 288 297 303 312 318 327 333 342 348 357 363 372 378 387 393 402 408 417 423 432 438 447 453 462 468 477 483 492
a 1 7 13 25 31 40 49 52 58 67 79 82 91 100 109 112 121 130 139 142 151 160 169 172 181 190 199 202 211 220 229 232 243 252 258 267 273 282 288 297 303 312 318 327 333 342 348 357 363 372 378 387 393 402 408 417 423 432 438 447 453 462 468 477 483 492
a 1 7 13 25 31 40 49 52 58 67 73 82 91 100 109 112 121 130 139 142 151 160 169 172 181 190 199 202 211 220 229 232 243 252 258 267 273 282 288 297 303 312 318 327 333 342 348 357 363 372 378 387 393 402 408 417 423 432 438 447 453 462 468 477 483 492
a 1 7 13 25 31 40 49 52 58 67 73 85 91 100 109 112 121 130 139 142 151 160 169 172 181 190 199 202 211 220 229 232 243 252 258 267 273 282 288 297 303 312 318 327 333 342 348 357 363 372 378 387 393 402 408 417 423 432 438 447 453 462 468 477 483 492
a 1 7 13 25 31 40 49 52 58 67 73 85 91 100 109 112 118 130 139 142 151 160 169 172 181 190 199 202 211 220 229 232 243 252 258 267 273 282 288 297 303 312 318 327 333 342 348 357 363 372 378 387 393 402 408 417 423 432 438 447 453 462 468 477 483 492
a 1 7 13 25 31 40 49 52 58 67 73 85 91 100 109 112 118 127 139 142 151 160 169 172 181 190 199 202 211 220 229 232 243 252 258 267 273 282 288 297 303 312 318 327 333 342 348 357 363 372 378 387 393 402 408 417 423 432 438 447 453 462 468 477 483 492
a 1 7 13 25 31 40 49 52 58 67 73 85 91 100 109 112 118 127 133 142 151 160 169 172 181 190 199 202 211 220 229 232 243 252 258 267 273 282 288 297 303 312 318 327 333 342 348 357 363 372 378 387 393 402 408 417 423 432 438 447 453 462 468 477 483 492
a 1 7 13 25 31 40 49 52 58 67 73 85 91 100 109 112 118 127 133 145 151 160 169 172 181 190 199 202 211 220 229 232 243 252 258 267 273 282 288 297 303 312 318 327 333 342 348 357 363 372 378 387 393 402 408 417 423 432 438 447 453 462 468 477 483 492
a 1 7 13 25 31 40 49 52 58 67 73 85 91 100 109 112 118 127 133 145 151 160 169 172 178 190 199 202 211 220 229 232 243 252 258 267 273 282 288 297 303 312 318 327 333 342 348 357 363 372 378 387 393 402 408 417 423 432 438 447 453 462 468 477 483 492
a 1 7 13 25 31 40 49 52 58 67 73 85 91 100 109 112 118 127 133 145 151 160 169 172 178 187 199 202 211 220 229 232 243 252 258 267 273 282 288 297 303 312 318 327 333 342 348 357 363 372 378 387 393 402 408 417 423 432 438 447 453 462 468 477 483 492
a 1 7 13 25 31 40 49 52 58 67 73 85 91 100 109 112 118 127 133 145 151 160 169 172 178 187 193 202 211 220 229 232 243 252 258 267 273 282 288 297 303 312 318 327 333 342 348 357 363 372 378 387 393 402 408 417 423 432 438 447 453 462 468 477 483 492
a 1 7 13 25 31 40 49 52 58 67 73 85 91 100 109 112 118 127 133 145 151 160 169 172 178 187 193 205 211 220 229 232 243 252 258 267 273 282 288 297 303 312 318 327 333 342 348 357 363 372 378 387 393 402 408 417 423 432 438 447 453 462 468 477 483 492
a 1 7 13 25 31 40 49 52 58 67 73 85 91 100 109 112 118 127 133 145 151 160 169 172 178 187 193 205 211 220 229 232 238 252 258 267 273 282 288 297 303 312 318 327 333 342 348 357 363 372 378 387 393 402 408 417 423 432 438 447 453 462 468 477 483 492
a 1 7 13 25 31 40 49 52 58 67 73 85 91 100 109 112 118 127 133 145 151 160 169 172 178 187 193 205 211 220 229 232 238 247 258 267 273 282 288 297 303 312 318 327 333 342 348 357 363 372 378 387 393 402 408 417 423 432 438 447 453 462 468 477 483 492
a 1 7 13 25 31 40 49 52 58 67 73 85 91 100 109 112 118 127 133 145 151 160 169 172 178 187 193 205 211 220 229 232 238 247 253 267 273 282 288 297 303 312 318 327 333 342 348 357 363 372 378 387 393 402 408 417 423 432 438 447 453 462 468 477 483 492
a 1 7 13 25 31 40 49 52 58 67 73 85 91 100 109 112 118 127 133 145 151 160 169 172 178 187 193 205 211 220 229 232 238 247 253 262 273 282 288 297 303 312 318 327 333 342 348 357 363 372 378 387 393 402 408 417 423 432 438 447 453 462 468 477 483 492
a 1 7 13 25 31 40 49 52 58 67 73 85 91 100 109 112 118 127 133 145 151 160 169 172 178 187 193 205 211 220 229 232 238 247 259 262 273 282 288 297 303 312 318 327 333 342 348 357 363 372 378 387 393 402 408 417 423 432 438 447 453 462 468 477 483 492
a 1 7 13 25 31 40 49 52 58 67 73 85 91 100 109 112 118 127 133 145 151 160 169 172 178 187 193 205 211 220 229 232 238 250 259 262 273 282 288 297 303 312 318 327 333 342 348 357 363 372 378 387 393 402 408 417 423 432 438 447 453 462 468 477 483 492
a 1 7 13 25 31 40 49 52 58 67 73 85 91 100 109 112 118 127 133 145 151 160 169 172 178 187 193 205 211 220 229 232 241 250 259 262 273 282 288 297 303 312 318 327 333 342 348 357 363 372 378 387 393 402 408 417 423 432 438 447 453 462 468 477 483 492
a 1 7 13 25 31 40 49 52 58 67 73 85 91 100 109 112 118 127 133 145 151 160 169 172 178 187 193 202 211 220 229 232 241 250 259 262 273 282 288 297 303 312 318 327 333 342 348 357 363 372 378 387 393 402 408 417 423 432 438 447 453 462 468 477 483 492
a 1 7 13 25 31 40 49 52 58 67 73 85 91 100 109 112 118 127 133 145 151 160 169 172 178 187 199 202 211 220 229 232 241 250 259 262 273 282 288 297 303 312 318 327 333 342 348 357 363 372 378 387 393 402 408 417 423 432 438 447 453 462 468 477 483 492
a 1 7 13 25 31 40 49 52 58 67 73 85 91 100 109 112 118 127 133 145 151 160 169 172 178 190 199 202 211 220 229 232 241 250 259 262 273 282 288 297 303 312 318 327 333 342 348 357 363 372 378 387 393 402 408 417 423 432 438 447 453 462 468 477 483 492
a 1 7 13 25 31 40 49 52 58 67 73 85 91 100 109 112 118 127 133 145 151 160 169 172 181 190 199 202 211 220 229 232 241 250 259 262 273 282 288 297 303 312 318 327 333 342 348 357 363 372 378 387 393 402 408 417 423 432 438 447 453 462 468 477 483 492
a 1 7 13 25 31 40 49 52 58 67 73 85 91 100 109 112 118 127 133 142 151 160 169 172 181 190 199 202 211 220 229 232 241 250 259 262 273 282 288 297 303 312 318 327 333 342 348 357 363 372 378 387 393 402 408 417 423 432 438 447 453 462 468 477 483 492
a 1 7 13 25 31 40 49 52 58 67 73 85 91 100 109 112 118 127 139 142 151 160 169 172 181 190 199 202 211 220 229 232 241 250 259 262 273 282 288 297 303 312 318 327 333 342 348 357 363 372 378 387 393 402 408 417 423 432 438 447 453 462 468 477 483 492
a 1 7 13 25 31 40 49 52 58 67 73 85 91 100 109 112 118 130 139 142 151 160 169 172 181 190 199 202 211 220 229 232 241 250 259 262 273 282 288 297 303 312 318 327 333 342 348 357 363 372 378 387 393 402 408 417 423 432 438 447 453 462 468 477 483 492
a 1 7 13 25 31 40 49 52 58 67 73 85 91 100 109 112 121 130 139 142 151 160 169 172 181 190 199 202 211 220 229 232 241 250 259 262 273 282 288 297 303 312 318 327 333 342 348 357 363 372 378 387 393 402 408 417 423 432 438 447 453 462 468 477 483 492
a 1 7 13 25 31 40 49 52 58 67 73 82 91 100 109 112 121 130 139 142 151 160 169 172 181 190 199 202 211 220 229 232 241 250 259 262 273 282 288 297 303 312 318 327 333 342 348 357 363 372 378 387 393 402 408 417 423 432 438 447 453 462 468 477 483 492
a 1 7 13 25 31 40 49 52 58 67 79 82 91 100 109 112 121 130 139 142 151 160 169 172 181 190 199 202 211 220 229 232 241 250 259 262 273 282 288 297 303 312 318 327 333 342 348 357 363 372 378 387 393 402 408 417 423 432 438 447 453 462 468 477 483 492
a 1 7 13 25 31 40 49 52 58 70 79 82 91 100 109 112 121 130 139 142 151 160 169 172 181 190 199 202 211 220 229 232 241 250 259 262 273 282 288 297 303 312 318 327 333 342 348 357 363 372 378 387 393 402 408 417 423 432 438 447 453 462 468 477 483 492
a 1 7 13 25 31 40 49 52 61 70 79 82 91 100 109 112 121 130 139 142 151 160 169 172 181 190 199 202 211 220 229 232 241 250 259 262 273 282 288 297 303 312 318 327 333 342 348 357 363 372 378 387 393 402 408 417 423 432 438 447 453 462 468 477 483 492
a 1 7 13 22 31 40 49 52 61 70 79 82 91 100 109 112 121 130 139 142 151 160 169 172 181 190 199 202 211 220 229 232 241 250 259 262 273 282 288 297 303 312 318 327 333 342 348 357 363 372 378 387 393 402 408 417 423 432 438 447 453 462 468 477 483 492
a 1 7 19 22 31 40 49 52 61 70 79 82 91 100 109 112 121 130 139 142 151 160 169 172 181 190 199 202 211 220 229 232 241 250 259 262 273 282 288 297 303 312 318 327 333 342 348 357 363 372 378 387 393 402 408 417 423 432 438 447 453 462 468 477 483 492
a 1 10 19 22 31 40 49 52 61 70 79 82 91 100 109 112 121 130 139 142 151 160 169 172 181 190 199 202 211 220 229 232 241 250 259 262 273 282 288 297 303 312 318 327 333 342 348 357 363 372 378 387 393 402 408 417 423 432 438 447 453 462 468 477 483 492
a 4 10 19 22 31 40 49 52 61 70 79 82 91 100 109 112 121 130 139 142 151 160 169 172 181 190 199 202 211 220 229 232 241 250 259 262 273 282 288 297 303 312 318 327 333 342 348 357 363 372 378 387 393 402 408 417 423 432 438 447 453 462 468 477 483 492
a 4 10 19 22 28 40 49 52 61 70 79 82 91 100 109 112 121 130 139 142 151 160 169 172 181 190 199 202 211 220 229 232 241 250 259 262 273 282 288 297 303 312 318 327 333 342 348 357 363 372 378 387 393 402 408 417 423 432 438 447 453 462 468 477 483 492
a 4 10 19 22 28 37 49 52 61 70 79 82 91 100 109 112 121 130 139 142 151 160 169 172 181 190 199 202 211 220 229 232 241 250 259 262 273 282 288 297 303 312 318 327 333 342 348 357 363 372 378 387 393 402 408 417 423 432 438 447 453 462 468 477 483 492
a 4 10 19 22 28 37 43 52 61 70 79 82 91 100 109 112 121 130 139 142 151 160 169 172 181 190 199 202 211 220 229 232 241 250 259 262 273 282 288 297 303 312 318 327 333 342 348 357 363 372 378 387 393 402 408 417 423 432 438 447 453 462 468 477 483 492
a 4 10 19 22 28 37 43 55 61 70 79 82 91 100 109 112 121 130 139 142 151 160 169 172 181 190 199 202 211 220 229 232 241 250 259 262 273 282 288 297 303 312 318 327 333 342 348 357 363 372 378 387 393 402 408 417 423 432 438 447 453 462 468 477 483 492
a 4 10 19 22 28 37 43 55 61 70 79 82 88 100 109 112 121 130 139 142 151 160 169 172 181 190 199 202 211 220 229 232 241 250 259 262 273 282 288 297 303 312 318 327 333 342 348 357 363 372 378 387 393 402 408 417 423 432 438 447 453 462 468 477 483 492
a 4 10 19 22 28 37 43 55 61 70 79 82 88 97 109 112 121 130 139 142 151 160 169 172 181 190 199 202 211 220 229 232 241 250 259 262 273 282 288 297 303 312 318 327 333 342 348 357 363 372 378 387 393 402 408 417 423 432 438 447 453 462 468 477 483 492
a 4 10 19 22 28 37 43 55 61 70 79 82 88 97 103 112 121 130 139 142 151 160 169 172 181 190 199 202 211 220 229 232 241 250 259 262 273 282 288 297 303 312 318 327 333 342 348 357 363 372 378 387 393 402 408 417 423 432 438 447 453 462 468 477 483 492
a 4 10 19 22 28 37 43 55 61 70 79 82 88 97 103 115 121 130 139 142 151 160 169 172 181 190 199 202 211 220 229 232 241 250 259 262 273 282 288 297 303 312 318 327 333 342 348 357 363 372 378 387 393 402 408 417 423 432 438 447 453 462 468 477 483 492
a 4 10 19 22 28 37 43 55 61 70 79 82 88 97 103 115 121 130 139 142 148 160 169 172 181 190 199 202 211 220 229 232 241 250 259 262 273 282 288 297 303 312 318 327 333 342 348 357 363 372 378 387 393 402 408 417 423 432 438 447 453 462 468 477 483 492
a 4 10 19 22 28 37 43 55 61 70 79 82 88 97 103 115 121 130 139 142 148 157 169 172 181 190 199 202 211 220 229 232 241 250 259 262 273 282 288 297 303 312 318 327 333 342 348 357 363 372 378 387 393 402 408 417 423 432 438 447 453 462 468 477 483 492
a 4 10 19 22 28 37 43 55 61 70 79 82 88 97 103 115 121 130 139 142 148 157 163 172 181 190 199 202 211 220 229 232 241 250 259 262 273 282 288 297 303 312 318 327 333 342 348 357 363 372 378 387 393 402 408 417 423 432 438 447 453 462 468 477 483 492
a 4 10 19 22 28 37 43 55 61 70 79 82 88 97 103 115 121 130 139 142 148 157 163 175 181 190 199 202 211 220 229 232 241 250 259 262 273 282 288 297 303 312 318 327 333 342 348 357 363 372 378 387 393 402 408 417 423 432 438 447 453 462 468 477 483 492
a 4 10 19 22 28 37 43 55 61 70 79 82 88 97 103 115 121 130 139 142 148 157 163 175 181 190 199 202 208 220 229 232 241 250 259 262 273 282 288 297 303 312 318 327 333 342 348 357 363 372 378 387 393 402 408 417 423 432 438 447 453 462 468 477 483 492
a 4 10 19 22 28 37 43 55 61 70 79 82 88 97 103 115 121 130 139 142 148 157 163 175 181 190 199 202 208 217 229 232 241 250 259 262 273 282 288 297 303 312 318 327 333 342 348 357 363 372 378 387 393 402 408 417 423 432 438 447 453 462 468 477 483 492
a 4 10 19 22 28 37 43 55 61 70 79 82 88 97 103 115 121 130 139 142 148 157 163 175 181 190 199 202 208 217 223 232 241 250 259 262 273 282 288 297 303 312 318 327 333 342 348 357 363 372 378 387 393 402 408 417 423 432 438 447 453 462 468 477 483 492
a 4 10 19 22 28 37 43 55 61 70 79 82 88 97 103 115 121 130 139 142 148 157 163 175 181 190 199 202 208 217 223 235 241 250 259 262 273 282 288 297 303 312 318 327 333 342 348 357 363 372 378 387 393 402 408 417 423 432 438 447 453 462 468 477 483 492
a 4 10 19 22 28 37 43 55 61 70 79 82 88 97 103 115 121 130 139 142 148 157 163 175 181 190 199 202 208 217 223 235 241 250 259 262 268 282 288 297 303 312 318 327 333 342 348 357 363 372 378 387 393 402 408 417 423 432 438 447 453 462 468 477 483 492
a 4 10 19 22 28 37 43 55 61 70 79 82 88 97 103 115 121 130 139 142 148 157 163 175 181 190 199 202 208 217 223 235 241 250 259 262 268 277 288 297 303 312 318 327 333 342 348 357 363 372 378 387 393 402 408 417 423 432 438 447 453 462 468 477 483 492
a 4 10 19 22 28 37 43 55 61 70 79 82 88 97 103 115 121 130 139 142 148 157 163 175 181 190 199 202 208 217 223 235 241 250 259 262 268 277 283 297 303 312 318 327 333 342 348 357 363 372 378 387 393 402 408 417 423 432 438 447 453 462 468 477 483 492
a 4 10 19 22 28 37 43 55 61 70 79 82 88 97 103 115 121 130 139 142 148 157 163 175 181 190 199 202 208 217 223 235 241 250 259 262 268 277 283 292 303 312 318 327 333 342 348 357 363 372 378 387 393 402 408 417 423 432 438 447 453 462 468 477 483 492
a 4 10 19 22 28 37 43 55 61 70 79 82 88 97 103 115 121 130 139 142 148 157 163 175 181 190 199 202 208 217 223 235 241 250 259 262 268 277 289 292 303 312 318 327 333 342 348 357 363 372 378 387 393 402 408 417 423 432 438 447 453 462 468 477 483 492
a 4 10 19 22 28 37 43 55 61 70 79 82 88 97 103 115 121 130 139 142 148 157 163 175 181 190 199 202 208 217 223 235 241 250 259 262 268 280 289 292 303 312 318 327 333 342 348 357 363 372 378 387 393 402 408 417 423 432 438 447 453 462 468 477 483 492
a 4 10 19 22 28 37 43 55 61 70 79 82 88 97 103 115 121 130 139 142 148 157 163 175 181 190 199 202 208 217 223 235 241 250 259 262 271 280 289 292 303 312 318 327 333 342 348 357 363 372 378 387 393 402 408 417 423 432 438 447 453 462 468 477 483 492
a 4 10 19 22 28 37 43 55 61 70 79 82 88 97 103 115 121 130 139 142 148 157 163 175 181 190 199 202 208 217 223 232 241 250 259 262 271 280 289 292 303 312 318 327 333 342 348 357 363 372 378 387 393 402 408 417 423 432 438 447 453 462 468 477 483 492
a 4 10 19 22 28 37 43 55 61 70 79 82 88 97 103 115 121 130 139 142 148 157 163 175 181 190 199 202 208 217 229 232 241 250 259 262 271 280 289 292 303 312 318 327 333 342 348 357 363 372 378 387 393 402 408 417 423 432 438 447 453 462 468 477 483 492
a 4 10 19 22 28 37 43 55 61 70 79 82 88 97 103 115 121 130 139 142 148 157 163 175 181 190 199 202 208 220 229 232 241 250 259 262 271 280 289 292 303 312 318 327 333 342 348 357 363 372 378 387 393 402 408 417 423 432 438 447 453 462 468 477 483 492
a 4 10 19 22 28 37 43 55 61 70 79 82 88 97 103 115 121 130 139 142 148 157 163 175 181 190 199 202 211 220 229 232 241 250 259 262 271 280 289 292 303 312 318 327 333 342 348 357 363 372 378 387 393 402 408 417 423 432 438 447 453 462 468 477 483 492
a 4 10 19 22 28 37 43 55 61 70 79 82 88 97 103 115 121 130 139 142 148 157 163 172 181 190 199 202 211 220 229 232 241 250 259 262 271 280 289 292 303 312 318 327 333 342 348 357 363 372 378 387 393 402 408 417 423 432 438 447 453 462 468 477 483 492
a 4 10 19 22 28 37 43 55 61 70 79 82 88 97 103 115 121 130 139 142 148 157 169 172 181 190 199 202 211 220 229 232 241 250 259 262 271 280 289 292 303 312 318 327 333 342 348 357 363 372 378 387 393 402 408 417 423 432 438 447 453 462 468 477 483 492
a 4 10 19 22 28 37 43 55 61 70 79 82 88 97 103 115 121 130 139 142 148 160 169 172 181 190 199 202 211 220 229 232 241 250 259 262 271 280 289 292 303 312 318 327 333 342 348 357 363 372 378 387 393 402 408 417 423 432 438 447 453 462 468 477 483 492
a 4 10 19 22 28 37 43 55 61 70 79 82 88 97 103 115 121 130 139 142 151 160 169 172 181 190 199 202 211 220 229 232 241 250 259 262 271 280 289 292 303 312 318 327 333 342 348 357 363 372 378 387 393 402 408 417 423 432 438 447 453 462 468 477 483 492
a 4 10 19 22 28 37 43 55 61 70 79 82 88 97 103 112 121 130 139 142 151 160 169 172 181 190 199 202 211 220 229 232 241 250 259 262 271 280 289 292 303 312 318 327 333 342 348 357 363 372 378 387 393 402 408 417 423 432 438 447 453 462 468 477 483 492
a 4 10 19 22 28 37 43 55 61 70 79 82 88 97 109 112 121 130 139 142 151 160 169 172 181 190 199 202 211 220 229 232 241 250 259 262 271 280 289 292 303 312 318 327 333 342 348 357 363 372 378 387 393 402 408 417 423 432 438 447 453 462 468 477 483 492
a 4 10 19 22 28 37 43 55 61 70 79 82 88 100 109 112 121 130 139 142 151 160 169 172 181 190 199 202 211 220 229 232 241 250 259 262 271 280 289 292 303 312 318 327 333 342 348 357 363 372 378 387 393 402 408 417 423 432 438 447 453 462 468 477 483 492
a 4 10 19 22 28 37 43 55 61 70 79 82 91 100 109 112 121 130 139 142 151 160 169 172 181 190 199 202 211 220 229 232 241 250 259 262 271 280 289 292 303 312 318 327 333 342 348 357 363 372 378 387 393 402 408 417 423 432 438 447 453 462 468 477 483 492
a 4 10 19 22 28 37 43 52 61 70 79 82 91 100 109 112 121 130 139 142 151 160 169 172 181 190 199 202 211 220 229 232 241 250 259 262 271 280 289 292 303 312 318 327 333 342 348 357 363 372 378 387 393 402 408 417 423 432 438 447 453 462 468 477 483 492
a 4 10 19 22 28 37 49 52 61 70 79 82 91 100 109 112 121 130 139 142 151 160 169 172 181 190 199 202 211 220 229 232 241 250 259 262 271 280 289 292 303 312 318 327 333 342 348 357 363 372 378 387 393 402 408 417 423 432 438 447 453 462 468 477 483 492
a 4 10 19 22 28 40 49 52 61 70 79 82 91 100 109 112 121 130 139 142 151 160 169 172 181 190 199 202 211 220 229 232 241 250 259 262 271 280 289 292 303 312 318 327 333 342 348 357 363 372 378 387 393 402 408 417 423 432 438 447 453 462 468 477 483 492
a 4 10 19 22 31 40 49 52 61 70 79 82 91 100 109 112 121 130 139 142 151 160 169 172 181 190 199 202 211 220 229 232 241 250 259 262 271 280 289 292 303 312 318 327 333 342 348 357 363 372 378 387 393 402 408 417 423 432 438 447 453 462 468 477 483 492
a 1 10 19 22 31 40 49 52 61 70 79 82 91 100 109 112 121 130 139 142 151 160 169 172 181 190 199 202 211 220 229 232 241 250 259 262 271 280 289 292 303 312 318 327 333 342 348 357 363 372 378 387 393 402 408 417 423 432 438 447 453 462 468 477 483 492
a 1 7 19 22 31 40 49 52 61 70 79 82 91 100 109 112 121 130 139 142 151 160 169 172 181 190 199 202 211 220 229 232 241 250 259 262 271 280 289 292 303 312 318 327 333 342 348 357 363 372 378 387 393 402 408 417 423 432 438 447 453 462 468 477 483 492
a 1 7 13 22 31 40 49 52 61 70 79 82 91 100 109 112 121 130 139 142 151 160 169 172 181 190 199 202 211 220 229 232 241 250 259 262 271 280 289 292 303 312 318 327 333 342 348 357 363 372 378 387 393 402 408 417 423 432 438 447 453 462 468 477 483 492
a 1 7 13 25 31 40 49 52 61 70 79 82 91 100 109 112 121 130 139 142 151 160 169 172 181 190 199 202 211 220 229 232 241 250 259 262 271 280 289 292 303 312 318 327 333 342 348 357 363 372 378 387 393 402 408 417 423 432 438 447 453 462 468 477 483 492
a 1 7 13 25 31 40 49 52 58 70 79 82 91 100 109 112 121 130 139 142 151 160 169 172 181 190 199 202 211 220 229 232 241 250 259 262 271 280 289 292 303 312 318 327 333 342 348 357 363 372 378 387 393 402 408 417 423 432 438 447 453 462 468 477 483 492
a 1 7 13 25 31 40 49 52 58 67 79 82 91 100 109 112 121 130 139 142 151 160 169 172 181 190 199 202 211 220 229 232 241 250 259 262 271 280 289 292 303 312 318 327 333 342 348 357 363 372 378 387 393 402 408 417 423 432 438 447 453 462 468 477 483 492
a 1 7 13 25 31 40 49 52 58 67 73 82 91 100 109 112 121 130 139 142 151 160 169 172 181 190 199 202 211 220 229 232 241 250 259 262 271 280 289 292 303 312 318 327 333 342 348 357 363 372 378 387 393 402 408 417 423 432 438 447 453 462 468 477 483 492
a 1 7 13 25 31 40 49 52 58 67 73 85 91 100 109 112 121 130 139 142 151 160 169 172 181 190 199 202 211 220 229 232 241 250 259 262 271 280 289 292 303 312 318 327 333 342 348 357 363 372 378 387 393 402 408 417 423 432 438 447 453 462 468 477 483 492
a 1 7 13 25 31 40 49 52 58 67 73 85 91 100 109 112 118 130 139 142 151 160 169 172 181 190 199 202 211 220 229 232 241 250 259 262 271 280 289 292 303 312 318 327 333 342 348 357 363 372 378 387 393 402 408 417 423 432 438 447 453 462 468 477 483 492
a 1 7 13 25 31 40 49 52 58 67 73 85 91 100 109 112 118 127 139 142 151 160 169 172 181 190 199 202 211 220 229 232 241 250 259 262 271 280 289 292 303 312 318 327 333 342 348 357 363 372 378 387 393 402 408 417 423 432 438 447 453 462 468 477 483 492
a 1 7 13 25 31 40 49 52 58 67 73 85 91 100 109 112 118 127 133 142 151 160 169 172 181 190 199 202 211 220 229 232 241 250 259 262 271 280 289 292 303 312 318 327 333 342 348 357 363 372 378 387 393 402 408 417 423 432 438 447 453 462 468 477 483 492
a 1 7 13 25 31 40 49 52 58 67 73 85 91 100 109 112 118 127 133 145 151 160 169 172 181 190 199 202 211 220 229 232 241 250 259 262 271 280 289 292 303 312 318 327 333 342 348 357 363 372 378 387 393 402 408 417 423 432 438 447 453 462 468 477 483 492
a 1 7 13 25 31 40 49 52 58 67 73 85 91 100 109 112 118 127 133 145 151 160 169 172 178 190 199 202 211 220 229 232 241 250 259 262 271 280 289 292 303 312 318 327 333 342 348 357 363 372 378 387 393 402 408 417 423 432 438 447 453 462 468 477 483 492
a 1 7 13 25 31 40 49 52 58 67 73 85 91 100 109 112 118 127 133 145 151 160 169 172 178 187 199 202 211 220 229 232 241 250 259 262 271 280 289 292 303 312 318 327 333 342 348 357 363 372 378 387 393 402 408 417 423 432 438 447 453 462 468 477 483 492
a 1 7 13 25 31 40 49 52 58 67 73 85 91 100 109 112 118 127 133 145 151 160 169 172 178 187 193 202 211 220 229 232 241 250 259 262 271 280 289 292 303 312 318 327 333 342 348 357 363 372 378 387 393 402 408 417 423 432 438 447 453 462 468 477 483 492
a 1 7 13 25 31 40 49 52 58 67 73 85 91 100 109 112 118 127 133 145 151 160 169 172 178 187 193 205 211 220 229 232 241 250 259 262 271 280 289 292 303 312 318 327 333 342 348 357 363 372 378 387 393 402 408 417 423 432 438 447 453 462 468 477 483 492
a 1 7 13 25 31 40 49 52 58 67 73 85 91 100 109 112 118 127 133 145 151 160 169 172 178 187 193 205 211 220 229 232 238 250 259 262 271 280 289 292 303 312 318 327 333 342 348 357 363 372 378 387 393 402 408 417 423 432 438 447 453 462 468 477 483 492
a 1 7 13 25 31 40 49 52 58 67 73 85 91 100 109 112 118 127 133 145 151 160 169 172 178 187 193 205 211 220 229 232 238 247 259 262 271 280 289 292 303 312 318 327 333 342 348 357 363 372 378 387 393 402 408 417 423 432 438 447 453 462 468 477 483 492
a 1 7 13 25 31 40 49 52 58 67 73 85 91 100 109 112 118 127 133 145 151 160 169 172 178 187 193 205 211 220 229 232 238 247 253 262 271 280 289 292 303 312 318 327 333 342 348 357 363 372 378 387 393 402 408 417 423 432 438 447 453 462 468 477 483 492
a 1 7 13 25 31 40 49 52 58 67 73 85 91 100 109 112 118 127 133 145 151 160 169 172 178 187 193 205 211 220 229 232 238 247 253 265 271 280 289 292 303 312 318 327 333 342 348 357 363 372 378 387 393 402 408 417 423 432 438 447 453 462 468 477 483 492
a 1 7 13 25 31 40 49 52 58 67 73 85 91 100 109 112 118 127 133 145 151 160 169 172 178 187 193 205 211 220 229 232 238 247 253 265 271 280 289 292 298 312 318 327 333 342 348 357 363 372 378 387 393 402 408 417 423 432 438 447 453 462 468 477 483 492
a 1 7 13 25 31 40 49 52 58 67 73 85 91 100 109 112 118 127 133 145 151 160 169 172 178 187 193 205 211 220 229 232 238 247 253 265 271 280 289 292 298 307 318 327 333 342 348 357 363 372 378 387 393 402 408 417 423 432 438 447 453 462 468 477 483 492
a 1 7 13 25 31 40 49 52 58 67 73 85 91 100 109 112 118 127 133 145 151 160 169 172 178 187 193 205 211 220 229 232 238 247 253 265 271 280 289 292 298 307 313 327 333 342 348 357 363 372 378 387 393 402 408 417 423 432 438 447 453 462 468 477 483 492
a 1 7 13 25 31 40 49 52 58 67 73 85 91 100 109 112 118 127 133 145 151 160 169 172 178 187 193 205 211 220 229 232 238 247 253 265 271 280 289 292 298 307 313 322 333 342 348 357 363 372 378 387 393 402 408 417 423 432 438 447 453 462 468 477 483 492
a 1 7 13 25 31 40 49 52 58 67 73 85 91 100 109 112 118 127 133 145 151 160 169 172 178 187 193 205 211 220 229 232 238 247 253 265 271 280 289 292 298 307 319 322 333 342 348 357 363 372 378 387 393 402 408 417 423 432 438 447 453 462 468 477 483 492
a 1 7 13 25 31 40 49 52 58 67 73 85 91 100 109 112 118 127 133 145 151 160 169 172 178 187 193 205 211 220 229 232 238 247 253 265 271 280 289 292 298 310 319 322 333 342 348 357 363 372 378 387 393 402 408 417 423 432 438 447 453 462 468 477 483 492
a 1 7 13 25 31 40 49 52 58 67 73 85 91 100 109 112 118 127 133 145 151 160 169 172 178 187 193 205 211 220 229 232 238 247 253 265 271 280 289 292 301 310 319 322 333 342 348 357 363 372 378 387 393 402 408 417 423 432 438 447 453 462 468 477 483 492
a 1 7 13 25 31 40 49 52 58 67 73 85 91 100 109 112 118 127 133 145 151 160 169 172 178 187 193 205 211 220 229 232 238 247 253 262 271 280 289 292 301 310 319 322 333 342 348 357 363 372 378 387 393 402 408 417 423 432 438 447 453 462 468 477 483 492
a 1 7 13 25 31 40 49 52 58 67 73 85 91 100 109 112 118 127 133 145 151 160 169 172 178 187 193 205 211 220 229 232 238 247 259 262 271 280 289 292 301 310 319 322 333 342 348 357 363 372 378 387 393 402 408 417 423 432 438 447 453 462 468 477 483 492
a 1 7 13 25 31 40 49 52 58 67 73 85 91 100 109 112 118 127 133 145 151 160 169 172 178 187 193 205 211 220 229 232 238 250 259 262 271 280 289 292 301 310 319 322 333 342 348 357 363 372 378 387 393 402 408 417 423 432 438 447 453 462 468 477 483 492
a 1 7 13 25 31 40 49 52 58 67 73 85 91 100 109 112 118 127 133 145 151 160 169 172 178 187 193 205 211 220 229 232 241 250 259 262 271 280 289 292 301 310 319 322 333 342 348 357 363 372 378 387 393 402 408 417 423 432 438 447 453 462 468 477 483 492
a 1 7 13 25 31 40 49 52 58 67 73 85 91 100 109 112 118 127 133 145 151 160 169 172 178 187 193 202 211 220 229 232 241 250 259 262 271 280 289 292 301 310 319 322 333 342 348 357 363 372 378 387 393 402 408 417 423 432 438 447 453 462 468 477 483 492
a 1 7 13 25 31 40 49 52 58 67 73 85 91 100 109 112 118 127 133 145 151 160 169 172 178 187 199 202 211 220 229 232 241 250 259 262 271 280 289 292 301 310 319 322 333 342 348 357 363 372 378 387 393 402 408 417 423 432 438 447 453 462 468 477 483 492
a 1 7 13 25 31 40 49 52 58 67 73 85 91 100 109 112 118 127 133 145 151 160 169 172 178 190 199 202 211 220 229 232 241 250 259 262 271 280 289 292 301 310 319 322 333 342 348 357 363 372 378 387 393 402 408 417 423 432 438 447 453 462 468 477 483 492
a 1 7 13 25 31 40 49 52 58 67 73 85 91 100 109 112 118 127 133 145 151 160 169 172 181 190 199 202 211 220 229 232 241 250 259 262 271 280 289 292 301 310 319 322 333 342 348 357 363 372 378 387 393 402 408 417 423 432 438 447 453 462 468 477 483 492
a 1 7 13 25 31 40 49 52 58 67 73 85 91 100 109 112 118 127 133 142 151 160 169 172 181 190 199 202 211 220 229 232 241 250 259 262 271 280 289 292 301 310 319 322 333 342 348 357 363 372 378 387 393 402 408 417 423 432 438 447 453 462 468 477 483 492
a 1 7 13 25 31 40 49 52 58 67 73 85 91 100 109 112 118 127 139 142 151 160 169 172 181 190 199 202 211 220 229 232 241 250 259 262 271 280 289 292 301 310 319 322 333 342 348 357 363 372 378 387 393 402 408 417 423 432 438 447 453 462 468 477 483 492
a 1 7 13 25 31 40 49 52 58 67 73 85 91 100 109 112 118 130 139 142 151 160 169 172 181 190 199 202 211 220 229 232 241 250 259 262 271 280 289 292 301 310 319 322 333 342 348 357 363 372 378 387 393 402 408 417 423 432 438 447 453 462 468 477 483 492
a 1 7 13 25 31 40 49 52 58 67 73 85 91 100 109 112 121 130 139 142 151 160 169 172 181 190 199 202 211 220 229 232 241 250 259 262 271 280 289 292 301 310 319 322 333 342 348 357 363 372 378 387 393 402 408 417 423 432 438 447 453 462 468 477 483 492
a 1 7 13 25 31 40 49 52 58 67 73 82 91 100 109 112 121 130 139 142 151 160 169 172 181 190 199 202 211 220 229 232 241 250 259 262 271 280 289 292 301 310 319 322 333 342 348 357 363 372 378 387 393 402 408 417 423 432 438 447 453 462 468 477 483 492
a 1 7 13 25 31 40 49 52 58 67 79 82 91 100 109 112 121 130 139 142 151 160 169 172 181 190 199 202 211 220 229 232 241 250 259 262 271 280 289 292 301 310 319 322 333 342 348 357 363 372 378 387 393 402 408 417 423 432 438 447 453 462 468 477 483 492
a 1 7 13 25 31 40 49 52 58 70 79 82 91 100 109 112 121 130 139 142 151 160 169 172 181 190 199 202 211 220 229 232 241 250 259 262 271 280 289 292 301 310 319 322 333 342 348 357 363 372 378 387 393 402 408 417 423 432 438 447 453 462 468 477 483 492
a 1 7 13 25 31 40 49 52 61 70 79 82 91 100 109 112 121 130 139 142 151 160 169 172 181 190 199 202 211 220 229 232 241 250 259 262 271 280 289 292 301 310 319 322 333 342 348 357 363 372 378 387 393 402 408 417 423 432 438 447 453 462 468 477 483 492
a 1 7 13 22 31 40 49 52 61 70 79 82 91 100 109 112 121 130 139 142 151 160 169 172 181 190 199 202 211 220 229 232 241 250 259 262 271 280 289 292 301 310 319 322 333 342 348 357 363 372 378 387 393 402 408 417 423 432 438 447 453 462 468 477 483 492
a 1 7 19 22 31 40 49 52 61 70 79 82 91 100 109 112 121 130 139 142 151 160 169 172 181 190 199 202 211 220 229 232 241 250 259 262 271 280 289 292 301 310 319 322 333 342 348 357 363 372 378 387 393 402 408 417 423 432 438 447 453 462 468 477 483 492
a 1 10 19 22 31 40 49 52 61 70 79 82 91 100 109 112 121 130 139 142 151 160 169 172 181 190 199 202 211 220 229 232 241 250 259 262 271 280 289 292 301 310 319 322 333 342 348 357 363 372 378 387 393 402 408 417 423 432 438 447 453 462 468 477 483 492
a 4 10 19 22 31 40 49 52 61 70 79 82 91 100 109 112 121 130 139 142 151 160 169 172 181 190 199 202 211 220 229 232 241 250 259 262 271 280 289 292 301 310 319 322 333 342 348 357 363 372 378 387 393 402 408 417 423 432 438 447 453 462 468 477 483 492
a 4 10 19 22 28 40 49 52 61 70 79 82 91 100 109 112 121 130 139 142 151 160 169 172 181 190 199 202 211 220 229 232 241 250 259 262 271 280 289 292 301 310 319 322 333 342 348 357 363 372 378 387 393 402 408 417 423 432 438 447 453 462 468 477 483 492
a 4 10 19 22 28 37 49 52 61 70 79 82 91 100 109 112 121 130 139 142 151 160 169 172 181 190 199 202 211 220 229 232 241 250 259 262 271 280 289 292 301 310 319 322 333 342 348 357 363 372 378 387 393 402 408 417 423 432 438 447 453 462 468 477 483 492
a 4 10 19 22 28 37 43 52 61 70 79 82 91 100 109 112 121 130 139 142 151 160 169 172 181 190 199 202 211 220 229 232 241 250 259 262 271 280 289 292 301 310 319 322 333 342 348 357 363 372 378 387 393 402 408 417 423 432 438 447 453 462 468 477 483 492
a 4 10 19 22 28 37 43 55 61 70 79 82 91 100 109 112 121 130 139 142 151 160 169 172 181 190 199 202 211 220 229 232 241 250 259 262 271 280 289 292 301 310 319 322 333 342 348 357 363 372 378 387 393 402 408 417 423 432 438 447 453 462 468 477 483 492
a 4 10 19 22 28 37 43 55 61 70 79 82 88 100 109 112 121 130 139 142 151 160 169 172 181 190 199 202 211 220 229 232 241 250 259 262 271 280 289 292 301 310 319 322 333 342 348 357 363 372 378 387 393 402 408 417 423 432 438 447 453 462 468 477 483 492
a 4 10 19 22 28 37 43 55 61 70 79 82 88 97 109 112 121 130 139 142 151 160 169 172 181 190 199 202 211 220 229 232 241 250 259 262 271 280 289 292 301 310 319 322 333 342 348 357 363 372 378 387 393 402 408 417 423 432 438 447 453 462 468 477 483 492
a 4 10 19 22 28 37 43 55 61 70 79 82 88 97 103 112 121 130 139 142 151 160 169 172 181 190 199 202 211 220 229 232 241 250 259 262 271 280 289 292 301 310 319 322 333 342 348 357 363 372 378 387 393 402 408 417 423 432 438 447 453 462 468 477 483 492
a 4 10 19 22 28 37 43 55 61 70 79 82 88 97 103 115 121 130 139 142 151 160 169 172 181 190 199 202 211 220 229 232 241 250 259 262 271 280 289 292 301 310 319 322 333 342 348 357 363 372 378 387 393 402 408 417 423 432 438 447 453 462 468 477 483 492
a 4 10 19 22 28 37 43 55 61 70 79 82 88 97 103 115 121 130 139 142 148 160 169 172 181 190 199 202 211 220 229 232 241 250 259 262 271 280 289 292 301 310 319 322 333 342 348 357 363 372 378 387 393 402 408 417 423 432 438 447 453 462 468 477 483 492
a 4 10 19 22 28 37 43 55 61 70 79 82 88 97 103 115 121 130 139 142 148 157 169 172 181 190 199 202 211 220 229 232 241 250 259 262 271 280 289 292 301 310 319 322 333 342 348 357 363 372 378 387 393 402 408 417 423 432 438 447 453 462 468 477 483 492
a 4 10 19 22 28 37 43 55 61 70 79 82 88 97 103 115 121 130 139 142 148 157 163 172 181 190 199 202 211 220 229 232 241 250 259 262 271 280 289 292 301 310 319 322 333 342 348 357 363 372 378 387 393 402 408 417 423 432 438 447 453 462 468 477 483 492
a 4 10 19 22 28 37 43 55 61 70 79 82 88 97 103 115 121 130 139 142 148 157 163 175 181 190 199 202 211 220 229 232 241 250 259 262 271 280 289 292 301 310 319 322 333 342 348 357 363 372 378 387 393 402 408 417 423 432 438 447 453 462 468 477 483 492
a 4 10 19 22 28 37 43 55 61 70 79 82 88 97 103 115 121 130 139 142 148 157 163 175 181 190 199 202 208 220 229 232 241 250 259 262 271 280 289 292 301 310 319 322 333 342 348 357 363 372 378 387 393 402 408 417 423 432 438 447 453 462 468 477 483 492
a 4 10 19 22 28 37 43 55 61 70 79 82 88 97 103 115 121 130 139 142 148 157 163 175 181 190 199 202 208 217 229 232 241 250 259 262 271 280 289 292 301 310 319 322 333 342 348 357 363 372 378 387 393 402 408 417 423 432 438 447 453 462 468 477 483 492
a 4 10 19 22 28 37 43 55 61 70 79 82 88 97 103 115 121 130 139 142 148 157 163 175 181 190 199 202 208 217 223 232 241 250 259 262 271 280 289 292 301 310 319 322 333 342 348 357 363 372 378 387 393 402 408 417 423 432 438 447 453 462 468 477 483 492
a 4 10 19 22 28 37 43 55 61 70 79 82 88 97 103 115 121 130 139 142 148 157 163 175 181 190 199 202 208 217 223 235 241 250 259 262 271 280 289 292 301 310 319 322 333 342 348 357 363 372 378 387 393 402 408 417 423 432 438 447 453 462 468 477 483 492
a 4 10 19 22 28 37 43 55 61 70 79 82 88 97 103 115 121 130 139 142 148 157 163 175 181 190 199 202 208 217 223 235 241 250 259 262 268 280 289 292 301 310 319 322 333 342 348 357 363 372 378 387 393 402 408 417 423 432 438 447 453 462 468 477 483 492
a 4 10 19 22 28 37 43 55 61 70 79 82 88 97 103 115 121 130 139 142 148 157 163 175 181 190 199 202 208 217 223 235 241 250 259 262 268 277 289 292 301 310 319 322 333 342 348 357 363 372 378 387 393 402 408 417 423 432 438 447 453 462 468 477 483 492
a 4 10 19 22 28 37 43 55 61 70 79 82 88 97 103 115 121 130 139 142 148 157 163 175 181 190 199 202 208 217 223 235 241 250 259 262 268 277 283 292 301 310 319 322 333 342 348 357 363 372 378 387 393 402 408 417 423 432 438 447 453 462 468 477 483 492
a 4 10 19 22 28 37 43 55 61 70 79 82 88 97 103 115 121 130 139 142 148 157 163 175 181 190 199 202 208 217 223 235 241 250 259 262 268 277 283 295 301 310 319 322 333 342 348 357 363 372 378 387 393 402 408 417 423 432 438 447 453 462 468 477 483 492
a 4 10 19 22 28 37 43 55 61 70 79 82 88 97 103 115 121 130 139 142 148 157 163 175 181 190 199 202 208 217 223 235 241 250 259 262 268 277 283 295 301 310 319 322 328 342 348 357 363 372 378 387 393 402 408 417 423 432 438 447 453 462 468 477 483 492
a 4 10 19 22 28 37 43 55 61 70 79 82 88 97 103 115 121 130 139 142 148 157 163 175 181 190 199 202 208 217 223 235 241 250 259 262 268 277 283 295 301 310 319 322 328 337 348 357 363 372 378 387 393 402 408 417 423 432 438 447 453 462 468 477 483 492
a 4 10 19 22 28 37 43 55 61 70 79 82 88 97 103 115 121 130 139 142 148 157 163 175 181 190 199 202 208 217 223 235 241 250 259 262 268 277 283 295 301 310 319 322 328 337 343 357 363 372 378 387 393 402 408 417 423 432 438 447 453 462 468 477 483 492
a 4 10 19 22 28 37 43 55 61 70 79 82 88 97 103 115 121 130 139 142 148 157 163 175 181 190 199 202 208 217 223 235 241 250 259 262 268 277 283 295 301 310 319 322 328 337 343 352 363 372 378 387 393 402 408 417 423 432 438 447 453 462 468 477 483 492
a 4 10 19 22 28 37 43 55 61 70 79 82 88 97 103 115 121 130 139 142 148 157 163 175 181 190 199 202 208 217 223 235 241 250 259 262 268 277 283 295 301 310 319 322 328 337 349 352 363 372 378 387 393 402 408 417 423 432 438 447 453 462 468 477 483 492
a 4 10 19 22 28 37 43 55 61 70 79 82 88 97 103 115 121 130 139 142 148 157 163 175 181 190 199 202 208 217 223 235 241 250 259 262 268 277 283 295 301 310 319 322 328 340 349 352 363 372 378 387 393 402 408 417 423 432 438 447 453 462 468 477 483 492
a 4 10 19 22 28 37 43 55 61 70 79 82 88 97 103 115 121 130 139 142 148 157 163 175 181 190 199 202 208 217 223 235 241 250 259 262 268 277 283 295 301 310 319 322 331 340 349 352 363 372 378 387 393 402 408 417 423 432 438 447 453 462 468 477 483 492
a 4 10 19 22 28 37 43 55 61 70 79 82 88 97 103 115 121 130 139 142 148 157 163 175 181 190 199 202 208 217 223 235 241 250 259 262 268 277 283 292 301 310 319 322 331 340 349 352 363 372 378 387 393 402 408 417 423 432 438 447 453 462 468 477 483 492
a 4 10 19 22 28 37 43 55 61 70 79 82 88 97 103 115 121 130 139 142 148 157 163 175 181 190 199 202 208 217 223 235 241 250 259 262 268 277 289 292 301 310 319 322 331 340 349 352 363 372 378 387 393 402 408 417 423 432 438 447 453 462 468 477 483 492
a 4 10 19 22 28 37 43 55 61 70 79 82 88 97 103 115 121 130 139 142 148 157 163 175 181 190 199 202 208 217 223 235 241 250 259 262 268 280 289 292 301 310 319 322 331 340 349 352 363 372 378 387 393 402 408 417 423 432 438 447 453 462 468 477 483 492
a 4 10 19 22 28 37 43 55 61 70 79 82 88 97 103 115 121 130 139 142 148 157 163 175 181 190 199 202 208 217 223 235 241 250 259 262 271 280 289 292 301 310 319 322 331 340 349 352 363 372 378 387 393 402 408 417 423 432 438 447 453 462 468 477 483 492
a 4 10 19 22 28 37 43 55 61 70 79 82 88 97 103 115 121 130 139 142 148 157 163 175 181 190 199 202 208 217 223 232 241 250 259 262 271 280 289 292 301 310 319 322 331 340 349 352 363 372 378 387 393 402 408 417 423 432 438 447 453 462 468 477 483 492
a 4 10 19 22 28 37 43 55 61 70 79 82 88 97 103 115 121 130 139 142 148 157 163 175 181 190 199 202 208 217 229 232 241 250 259 262 271 280 289 292 301 310 319 322 331 340 349 352 363 372 378 387 393 402 408 417 423 432 438 447 453 462 468 477 483 492
a 4 10 19 22 28 37 43 55 61 70 79 82 88 97 103 115 121 130 139 142 148 157 163 175 181 190 199 202 208 220 229 232 241 250 259 262 271 280 289 292 301 310 319 322 331 340 349 352 363 372 378 387 393 402 408 417 423 432 438 447 453 462 468 477 483 492
a 4 10 19 22 28 37 43 55 61 70 79 82 88 97 103 115 121 130 139 142 148 157 163 175 181 190 199 202 211 220 229 232 241 250 259 262 271 280 289 292 301 310 319 322 331 340 349 352 363 372 378 387 393 402 408 417 423 432 438 447 453 462 468 477 483 492
a 4 10 19 22 28 37 43 55 61 70 79 82 88 97 103 115 121 130 139 142 148 157 163 172 181 190 199 202 211 220 229 232 241 250 259 262 271 280 289 292 301 310 319 322 331 340 349 352 363 372 378 387 393 402 408 417 423 432 438 447 453 462 468 477 483 492
a 4 10 19 22 28 37 43 55 61 70 79 82 88 97 103 115 121 130 139 142 148 157 169 172 181 190 199 202 211 220 229 232 241 250 259 262 271 280 289 292 301 310 319 322 331 340 349 352 363 372 378 387 393 402 408 417 423 432 438 447 453 462 468 477 483 492
a 4 10 19 22 28 37 43 55 61 70 79 82 88 97 103 115 121 130 139 142 148 160 169 172 181 190 199 202 211 220 229 232 241 250 259 262 271 280 289 292 301 310 319 322 331 340 349 352 363 372 378 387 393 402 408 417 423 432 438 447 453 462 468 477 483 492
a 4 10 19 22 28 37 43 55 61 70 79 82 88 97 103 115 121 130 139 142 151 160 169 172 181 190 199 202 211 220 229 232 241 250 259 262 271 280 289 292 301 310 319 322 331 340 349 352 363 372 378 387 393 402 408 417 423 432 438 447 453 462 468 477 483 492
a 4 10 19 22 28 37 43 55 61 70 79 82 88 97 103 112 121 130 139 142 151 160 169 172 181 190 199 202 211 220 229 232 241 250 259 262 271 280 289 292 301 310 319 322 331 340 349 352 363 372 378 387 393 402 408 417 423 432 438 447 453 462 468 477 483 492
a 4 10 19 22 28 37 43 55 61 70 79 82 88 97 109 112 121 130 139 142 151 160 169 172 181 190 199 202 211 220 229 232 241 250 259 262 271 280 289 292 301 310 319 322 331 340 349 352 363 372 378 387 393 402 408 417 423 432 438 447 453 462 468 477 483 492
a 4 10 19 22 28 37 43 55 61 70 79 82 88 100 109 112 121 130 139 142 151 160 169 172 181 190 199 202 211 220 229 232 241 250 259 262 271 280 289 292 301 310 319 322 331 340 349 352 363 372 378 387 393 402 408 417 423 432 438 447 453 462 468 477 483 492
a 4 10 19 22 28 37 43 55 61 70 79 82 91 100 109 112 121 130 139 142 151 160 169 172 181 190 199 202 211 220 229 232 241 250 259 262 271 280 289 292 301 310 319 322 331 340 349 352 363 372 378 387 393 402 408 417 423 432 438 447 453 462 468 477 483 492
a 4 10 19 22 28 37 43 52 61 70 79 82 91 100 109 112 121 130 139 142 151 160 169 172 181 190 199 202 211 220 229 232 241 250 259 262 271 280 289 292 301 310 319 322 331 340 349 352 363 372 378 387 393 402 408 417 423 432 438 447 453 462 468 477 483 492
a 4 10 19 22 28 37 49 52 61 70 79 82 91 100 109 112 121 130 139 142 151 160 169 172 181 190 199 202 211 220 229 232 241 250 259 262 271 280 289 292 301 310 319 322 331 340 349 352 363 372 378 387 393 402 408 417 423 432 438 447 453 462 468 477 483 492
a 4 10 19 22 28 40 49 52 61 70 79 82 91 100 109 112 121 130 139 142 151 160 169 172 181 190 199 202 211 220 229 232 241 250 259 262 271 280 289 292 301 310 319 322 331 340 349 352 363 372 378 387 393 402 408 417 423 432 438 447 453 462 468 477 483 492
a 4 10 19 22 31 40 49 52 61 70 79 82 91 100 109 112 121 130 139 142 151 160 169 172 181 190 199 202 211 220 229 232 241 250 259 262 271 280 289 292 301 310 319 322 331 340 349 352 363 372 378 387 393 402 408 417 423 432 438 447 453 462 468 477 483 492
a 1 10 19 22 31 40 49 52 61 70 79 82 91 100 109 112 121 130 139 142 151 160 169 172 181 190 199 202 211 220 229 232 241 250 259 262 271 280 289 292 301 310 319 322 331 340 349 352 363 372 378 387 393 402 408 417 423 432 438 447 453 462 468 477 483 492
a 1 7 19 22 31 40 49 52 61 70 79 82 91 100 109 112 121 130 139 142 151 160 169 172 181 190 199 202 211 220 229 232 241 250 259 262 271 280 289 292 301 310 319 322 331 340 349 352 363 372 378 387 393 402 408 417 423 432 438 447 453 462 468 477 483 492
a 1 7 13 22 31 40 49 52 61 70 79 82 91 100 109 112 121 130 139 142 151 160 169 172 181 190 199 202 211 220 229 232 241 250 259 262 271 280 289 292 301 310 319 322 331 340 349 352 363 372 378 387 393 402 408 417 423 432 438 447 453 462 468 477 483 492
a 1 7 13 25 31 40 49 52 61 70 79 82 91 100 109 112 121 130 139 142 151 160 169 172 181 190 199 202 211 220 229 232 241 250 259 262 271 280 289 292 301 310 319 322 331 340 349 352 363 372 378 387 393 402 408 417 423 432 438 447 453 462 468 477 483 492
a 1 7 13 25 31 40 49 52 58 70 79 82 91 100 109 112 121 130 139 142 151 160 169 172 181 190 199 202 211 220 229 232 241 250 259 262 271 280 289 292 301 310 319 322 331 340 349 352 363 372 378 387 393 402 408 417 423 432 438 447 453 462 468 477 483 492
a 1 7 13 25 31 40 49 52 58 67 79 82 91 100 109 112 121 130 139 142 151 160 169 172 181 190 199 202 211 220 229 232 241 250 259 262 271 280 289 292 301 310 319 322 331 340 349 352 363 372 378 387 393 402 408 417 423 432 438 447 453 462 468 477 483 492
a 1 7 13 25 31 40 49 52 58 67 73 82 91 100 109 112 121 130 139 142 151 160 169 172 181 190 199 202 211 220 229 232 241 250 259 262 271 280 289 292 301 310 319 322 331 340 349 352 363 372 378 387 393 402 408 417 423 432 438 447 453 462 468 477 483 492
a 1 7 13 25 31 40 49 52 58 67 73 85 91 100 109 112 121 130 139 142 151 160 169 172 181 190 199 202 211 220 229 232 241 250 259 262 271 280 289 292 301 310 319 322 331 340 349 352 363 372 378 387 393 402 408 417 423 432 438 447 453 462 468 477 483 492
a 1 7 13 25 31 40 49 52 58 67 73 85 91 100 109 112 118 130 139 142 151 160 169 172 181 190 199 202 211 220 229 232 241 250 259 262 271 280 289 292 301 310 319 322 331 340 349 352 363 372 378 387 393 402 408 417 423 432 438 447 453 462 468 477 483 492
a 1 7 13 25 31 40 49 52 58 67 73 85 91 100 109 112 118 127 139 142 151 160 169 172 181 190 199 202 211 220 229 232 241 250 259 262 271 280 289 292 301 310 319 322 331 340 349 352 363 372 378 387 393 402 408 417 423 432 438 447 453 462 468 477 483 492
a 1 7 13 25 31 40 49 52 58 67 73 85 91 100 109 112 118 127 133 142 151 160 169 172 181 190 199 202 211 220 229 232 241 250 259 262 271 280 289 292 301 310 319 322 331 340 349 352 363 372 378 387 393 402 408 417 423 432 438 447 453 462 468 477 483 492
a 1 7 13 25 31 40 49 52 58 67 73 85 91 100 109 112 118 127 133 145 151 160 169 172 181 190 199 202 211 220 229 232 241 250 259 262 271 280 289 292 301 310 319 322 331 340 349 352 363 372 378 387 393 402 408 417 423 432 438 447 453 462 468 477 483 492
a 1 7 13 25 31 40 49 52 58 67 73 85 91 100 109 112 118 127 133 145 151 160 169 172 178 190 199 202 211 220 229 232 241 250 259 262 271 280 289 292 301 310 319 322 331 340 349 352 363 372 378 387 393 402 408 417 423 432 438 447 453 462 468 477 483 492
a 1 7 13 25 31 40 49 52 58 67 73 85 91 100 109 112 118 127 133 145 151 160 169 172 178 187 199 202 211 220 229 232 241 250 259 262 271 280 289 292 301 310 319 322 331 340 349 352 363 372 378 387 393 402 408 417 423 432 438 447 453 462 468 477 483 492
a 1 7 13 25 31 40 49 52 58 67 73 85 91 100 109 112 118 127 133 145 151 160 169 172 178 187 193 202 211 220 229 232 241 250 259 262 271 280 289 292 301 310 319 322 331 340 349 352 363 372 378 387 393 402 408 417 423 432 438 447 453 462 468 477 483 492
a 1 7 13 25 31 40 49 52 58 67 73 85 91 100 109 112 118 127 133 145 151 160 169 172 178 187 193 205 211 220 229 232 241 250 259 262 271 280 289 292 301 310 319 322 331 340 349 352 363 372 378 387 393 402 408 417 423 432 438 447 453 462 468 477 483 492
a 1 7 13 25 31 40 49 52 58 67 73 85 91 100 109 112 118 127 133 145 151 160 169 172 178 187 193 205 211 220 229 232 238 250 259 262 271 280 289 292 301 310 319 322 331 340 349 352 363 372 378 387 393 402 408 417 423 432 438 447 453 462 468 477 483 492
a 1 7 13 25 31 40 49 52 58 67 73 85 91 100 109 112 118 127 133 145 151 160 169 172 178 187 193 205 211 220 229 232 238 247 259 262 271 280 289 292 301 310 319 322 331 340 349 352 363 372 378 387 393 402 408 417 423 432 438 447 453 462 468 477 483 492
a 1 7 13 25 31 40 49 52 58 67 73 85 91 100 109 112 118 127 133 145 151 160 169 172 178 187 193 205 211 220 229 232 238 247 253 262 271 280 289 292 301 310 319 322 331 340 349 352 363 372 378 387 393 402 408 417 423 432 438 447 453 462 468 477 483 492
a 1 7 13 25 31 40 49 52 58 67 73 85 91 100 109 112 118 127 133 145 151 160 169 172 178 187 193 205 211 220 229 232 238 247 253 265 271 280 289 292 301 310 319 322 331 340 349 352 363 372 378 387 393 402 408 417 423 432 438 447 453 462 468 477 483 492
a 1 7 13 25 31 40 49 52 58 67 73 85 91 100 109 112 118 127 133 145 151 160 169 172 178 187 193 205 211 220 229 232 238 247 253 265 271 280 289 292 298 310 319 322 331 340 349 352 363 372 378 387 393 402 408 417 423 432 438 447 453 462 468 477 483 492
a 1 7 13 25 31 40 49 52 58 67 73 85 91 100 109 112 118 127 133 145 151 160 169 172 178 187 193 205 211 220 229 232 238 247 253 265 271 280 289 292 298 307 319 322 331 340 349 352 363 372 378 387 393 402 408 417 423 432 438 447 453 462 468 477 483 492
a 1 7 13 25 31 40 49 52 58 67 73 85 91 100 109 112 118 127 133 145 151 160 169 172 178 187 193 205 211 220 229 232 238 247 253 265 271 280 289 292 298 307 313 322 331 340 349 352 363 372 378 387 393 402 408 417 423 432 438 447 453 462 468 477 483 492
a 1 7 13 25 31 40 49 52 58 67 73 85 91 100 109 112 118 127 133 145 151 160 169 172 178 187 193 205 211 220 229 232 238 247 253 265 271 280 289 292 298 307 313 325 331 340 349 352 363 372 378 387 393 402 408 417 423 432 438 447 453 462 468 477 483 492
a 1 7 13 25 31 40 49 52 58 67 73 85 91 100 109 112 118 127 133 145 151 160 169 172 178 187 193 205 211 220 229 232 238 247 253 265 271 280 289 292 298 307 313 325 331 340 349 352 358 372 378 387 393 402 408 417 423 432 438 447 453 462 468 477 483 492
a 1 7 13 25 31 40 49 52 58 67 73 85 91 100 109 112 118 127 133 145 151 160 169 172 178 187 193 205 211 220 229 232 238 247 253 265 271 280 289 292 298 307 313 325 331 340 349 352 358 367 378 387 393 402 408 417 423 432 438 447 453 462 468 477 483 492
a 1 7 13 25 31 40 49 52 58 67 73 85 91 100 109 112 118 127 133 145 151 160 169 172 178 187 193 205 211 220 229 232 238 247 253 265 271 280 289 292 298 307 313 325 331 340 349 352 358 367 373 387 393 402 408 417 423 432 438 447 453 462 468 477 483 492
a 1 7 13 25 31 40 49 52 58 67 73 85 91 100 109 112 118 127 133 145 151 160 169 172 178 187 193 205 211 220 229 232 238 247 253 265 271 280 289 292 298 307 313 325 331 340 349 352 358 367 373 382 393 402 408 417 423 432 438 447 453 462 468 477 483 492
a 1 7 13 25 31 40 49 52 58 67 73 85 91 100 109 112 118 127 133 145 151 160 169 172 178 187 193 205 211 220 229 232 238 247 253 265 271 280 289 292 298 307 313 325 331 340 349 352 358 367 379 382 393 402 408 417 423 432 438 447 453 462 468 477 483 492
a 1 7 13 25 31 40 49 52 58 67 73 85 91 100 109 112 118 127 133 145 151 160 169 172 178 187 193 205 211 220 229 232 238 247 253 265 271 280 289 292 298 307 313 325 331 340 349 352 358 370 379 382 393 402 408 417 423 432 438 447 453 462 468 477 483 492
a 1 7 13 25 31 40 49 52 58 67 73 85 91 100 109 112 118 127 133 145 151 160 169 172 178 187 193 205 211 220 229 232 238 247 253 265 271 280 289 292 298 307 313 325 331 340 349 352 361 370 379 382 393 402 408 417 423 432 438 447 453 462 468 477 483 492
a 1 7 13 25 31 40 49 52 58 67 73 85 91 100 109 112 118 127 133 145 151 160 169 172 178 187 193 205 211 220 229 232 238 247 253 265 271 280 289 292 298 307 313 322 331 340 349 352 361 370 379 382 393 402 408 417 423 432 438 447 453 462 468 477 483 492
a 1 7 13 25 31 40 49 52 58 67 73 85 91 100 109 112 118 127 133 145 151 160 169 172 178 187 193 205 211 220 229 232 238 247 253 265 271 280 289 292 298 307 319 322 331 340 349 352 361 370 379 382 393 402 408 417 423 432 438 447 453 462 468 477 483 492
a 1 7 13 25 31 40 49 52 58 67 73 85 91 100 109 112 118 127 133 145 151 160 169 172 178 187 193 205 211 220 229 232 238 247 253 265 271 280 289 292 298 310 319 322 331 340 349 352 361 370 379 382 393 402 408 417 423 432 438 447 453 462 468 477 483 492
a 1 7 13 25 31 40 49 52 58 67 73 85 91 100 109 112 118 127 133 145 151 160 169 172 178 187 193 205 211 220 229 232 238 247 253 265 271 280 289 292 301 310 319 322 331 340 349 352 361 370 379 382 393 402 408 417 423 432 438 447 453 462 468 477 483 492
a 1 7 13 25 31 40 49 52 58 67 73 85 91 100 109 112 118 127 133 145 151 160 169 172 178 187 193 205 211 220 229 232 238 247 253 262 271 280 289 292 301 310 319 322 331 340 349 352 361 370 379 382 393 402 408 417 423 432 438 447 453 462 468 477 483 492
a 1 7 13 25 31 40 49 52 58 67 73 85 91 100 109 112 118 127 133 145 151 160 169 172 178 187 193 205 211 220 229 232 238 247 259 262 271 280 289 292 301 310 319 322 331 340 349 352 361 370 379 382 393 402 408 417 423 432 438 447 453 462 468 477 483 492
a 1 7 13 25 31 40 49 52 58 67 73 85 91 100 109 112 118 127 133 145 151 160 169 172 178 187 193 205 211 220 229 232 238 250 259 262 271 280 289 292 301 310 319 322 331 340 349 352 361 370 379 382 393 402 408 417 423 432 438 447 453 462 468 477 483 492
a 1 7 13 25 31 40 49 52 58 67 73 85 91 100 109 112 118 127 133 145 151 160 169 172 178 187 193 205 211 220 229 232 241 250 259 262 271 280 289 292 301 310 319 322 331 340 349 352 361 370 379 382 393 402 408 417 423 432 438 447 453 462 468 477 483 492
a 1 7 13 25 31 40 49 52 58 67 73 85 91 100 109 112 118 127 133 145 151 160 169 172 178 187 193 202 211 220 229 232 241 250 259 262 271 280 289 292 301 310 319 322 331 340 349 352 361 370 379 382 393 402 408 417 423 432 438 447 453 462 468 477 483 492
a 1 7 13 25 31 40 49 52 58 67 73 85 91 100 109 112 118 127 133 145 151 160 169 172 178 187 199 202 211 220 229 232 241 250 259 262 271 280 289 292 301 310 319 322 331 340 349 352 361 370 379 382 393 402 408 417 423 432 438 447 453 462 468 477 483 492
a 1 7 13 25 31 40 49 52 58 67 73 85 91 100 109 112 118 127 133 145 151 160 169 172 178 190 199 202 211 220 229 232 241 250 259 262 271 280 289 292 301 310 319 322 331 340 349 352 361 370 379 382 393 402 408 417 423 432 438 447 453 462 468 477 483 492
a 1 7 13 25 31 40 49 52 58 67 73 85 91 100 109 112 118 127 133 145 151 160 169 172 181 190 199 202 211 220 229 232 241 250 259 262 271 280 289 292 301 310 319 322 331 340 349 352 361 370 379 382 393 402 408 417 423 432 438 447 453 462 468 477 483 492
a 1 7 13 25 31 40 49 52 58 67 73 85 91 100 109 112 118 127 133 142 151 160 169 172 181 190 199 202 211 220 229 232 241 250 259 262 271 280 289 292 301 310 319 322 331 340 349 352 361 370 379 382 393 402 408 417 423 432 438 447 453 462 468 477 483 492
a 1 7 13 25 31 40 49 52 58 67 73 85 91 100 109 112 118 127 139 142 151 160 169 172 181 190 199 202 211 220 229 232 241 250 259 262 271 280 289 292 301 310 319 322 331 340 349 352 361 370 379 382 393 402 408 417 423 432 438 447 453 462 468 477 483 492
a 1 7 13 25 31 40 49 52 58 67 73 85 91 100 109 112 118 130 139 142 151 160 169 172 181 190 199 202 211 220 229 232 241 250 259 262 271 280 289 292 301 310 319 322 331 340 349 352 361 370 379 382 393 402 408 417 423 432 438 447 453 462 468 477 483 492
a 1 7 13 25 31 40 49 52 58 67 73 85 91 100 109 112 121 130 139 142 151 160 169 172 181 190 199 202 211 220 229 232 241 250 259 262 271 280 289 292 301 310 319 322 331 340 349 352 361 370 379 382 393 402 408 417 423 432 438 447 453 462 468 477 483 492
a 1 7 13 25 31 40 49 52 58 67 73 82 91 100 109 112 121 130 139 142 151 160 169 172 181 190 199 202 211 220 229 232 241 250 259 262 271 280 289 292 301 310 319 322 331 340 349 352 361 370 379 382 393 402 408 417 423 432 438 447 453 462 468 477 483 492
a 1 7 13 25 31 40 49 52 58 67 79 82 91 100 109 112 121 130 139 142 151 160 169 172 181 190 199 202 211 220 229 232 241 250 259 262 271 280 289 292 301 310 319 322 331 340 349 352 361 370 379 382 393 402 408 417 423 432 438 447 453 462 468 477 483 492
a 1 7 13 25 31 40 49 52 58 70 79 82 91 100 109 112 121 130 139 142 151 160 169 172 181 190 199 202 211 220 229 232 241 250 259 262 271 280 289 292 301 310 319 322 331 340 349 352 361 370 379 382 393 402 408 417 423 432 438 447 453 462 468 477 483 492
a 1 7 13 25 31 40 49 52 61 70 79 82 91 100 109 112 121 130 139 142 151 160 169 172 181 190 199 202 211 220 229 232 241 250 259 262 271 280 289 292 301 310 319 322 331 340 349 352 361 370 379 382 393 402 408 417 423 432 438 447 453 462 468 477 483 492
a 1 7 13 22 31 40 49 52 61 70 79 82 91 100 109 112 121 130 139 142 151 160 169 172 181 190 199 202 211 220 229 232 241 250 259 262 271 280 289 292 301 310 319 322 331 340 349 352 361 370 379 382 393 402 408 417 423 432 438 447 453 462 468 477 483 492
a 1 7 19 22 31 40 49 52 61 70 79 82 91 100 109 112 121 130 139 142 151 160 169 172 181 190 199 202 211 220 229 232 241 250 259 262 271 280 289 292 301 310 319 322 331 340 349 352 361 370 379 382 393 402 408 417 423 432 438 447 453 462 468 477 483 492
a 1 10 19 22 31 40 49 52 61 70 79 82 91 100 109 112 121 130 139 142 151 160 169 172 181 190 199 202 211 220 229 232 241 250 259 262 271 280 289 292 301 310 319 322 331 340 349 352 361 370 379 382 393 402 408 417 423 432 438 447 453 462 468 477 483 492
a 4 10 19 22 31 40 49 52 61 70 79 82 91 100 109 112 121 130 139 142 151 160 169 172 181 190 199 202 211 220 229 232 241 250 259 262 271 280 289 292 301 310 319 322 331 340 349 352 361 370 379 382 393 402 408 417 423 432 438 447 453 462 468 477 483 492
a 4 10 19 22 28 40 49 52 61 70 79 82 91 100 109 112 121 130 139 142 151 160 169 172 181 190 199 202 211 220 229 232 241 250 259 262 271 280 289 292 301 310 319 322 331 340 349 352 361 370 379 382 393 402 408 417 423 432 438 447 453 462 468 477 483 492
a 4 10 19 22 28 37 49 52 61 70 79 82 91 100 109 112 121 130 139 142 151 160 169 172 181 190 199 202 211 220 229 232 241 250 259 262 271 280 289 292 301 310 319 322 331 340 349 352 361 370 379 382 393 402 408 417 423 432 438 447 453 462 468 477 483 492
a 4 10 19 22 28 37 43 52 61 70 79 82 91 100 109 112 121 130 139 142 151 160 169 172 181 190 199 202 211 220 229 232 241 250 259 262 271 280 289 292 301 310 319 322 331 340 349 352 361 370 379 382 393 402 408 417 423 432 438 447 453 462 468 477 483 492
a 4 10 19 22 28 37 43 55 61 70 79 82 91 100 109 112 121 130 139 142 151 160 169 172 181 190 199 202 211 220 229 232 241 250 259 262 271 280 289 292 301 310 319 322 331 340 349 352 361 370 379 382 393 402 408 417 423 432 438 447 453 462 468 477 483 492
a 4 10 19 22 28 37 43 55 61 70 79 82 88 100 109 112 121 130 139 142 151 160 169 172 181 190 199 202 211 220 229 232 241 250 259 262 271 280 289 292 301 310 319 322 331 340 349 352 361 370 379 382 393 402 408 417 423 432 438 447 453 462 468 477 483 492
a 4 10 19 22 28 37 43 55 61 70 79 82 88 97 109 112 121 130 139 142 151 160 169 172 181 190 199 202 211 220 229 232 241 250 259 262 271 280 289 292 301 310 319 322 331 340 349 352 361 370 379 382 393 402 408 417 423 432 438 447 453 462 468 477 483 492
a 4 10 19 22 28 37 43 55 61 70 79 82 88 97 103 112 121 130 139 142 151 160 169 172 181 190 199 202 211 220 229 232 241 250 259 262 271 280 289 292 301 310 319 322 331 340 349 352 361 370 379 382 393 402 408 417 423 432 438 447 453 462 468 477 483 492
a 4 10 19 22 28 37 43 55 61 70 79 82 88 97 103 115 121 130 139 142 151 160 169 172 181 190 199 202 211 220 229 232 241 250 259 262 271 280 289 292 301 310 319 322 331 340 349 352 361 370 379 382 393 402 408 417 423 432 438 447 453 462 468 477 483 492
a 4 10 19 22 28 37 43 55 61 70 79 82 88 97 103 115 121 130 139 142 148 160 169 172 181 190 199 202 211 220 229 232 241 250 259 262 271 280 289 292 301 310 319 322 331 340 349 352 361 370 379 382 393 402 408 417 423 432 438 447 453 462 468 477 483 492
a 4 10 19 22 28 37 43 55 61 70 79 82 88 97 103 115 121 130 139 142 148 157 169 172 181 190 199 202 211 220 229 232 241 250 259 262 271 280 289 292 301 310 319 322 331 340 349 352 361 370 379 382 393 402 408 417 423 432 438 447 453 462 468 477 483 492
a 4 10 19 22 28 37 43 55 61 70 79 82 88 97 103 115 121 130 139 142 148 157 163 172 181 190 199 202 211 220 229 232 241 250 259 262 271 280 289 292 301 310 319 322 331 340 349 352 361 370 379 382 393 402 408 417 423 432 438 447 453 462 468 477 483 492
a 4 10 19 22 28 37 43 55 61 70 79 82 88 97 103 115 121 130 139 142 148 157 163 175 181 190 199 202 211 220 229 232 241 250 259 262 271 280 289 292 301 310 319 322 331 340 349 352 361 370 379 382 393 402 408 417 423 432 438 447 453 462 468 477 483 492
a 4 10 19 22 28 37 43 55 61 70 79 82 88 97 103 115 121 130 139 142 148 157 163 175 181 190 199 202 208 220 229 232 241 250 259 262 271 280 289 292 301 310 319 322 331 340 349 352 361 370 379 382 393 402 408 417 423 432 438 447 453 462 468 477 483 492
a 4 10 19 22 28 37 43 55 61 70 79 82 88 97 103 115 121 130 139 142 148 157 163 175 181 190 199 202 208 217 229 232 241 250 259 262 271 280 289 292 301 310 319 322 331 340 349 352 361 370 379 382 393 402 408 417 423 432 438 447 453 462 468 477 483 492
a 4 10 19 22 28 37 43 55 61 70 79 82 88 97 103 115 121 130 139 142 148 157 163 175 181 190 199 202 208 217 223 232 241 250 259 262 271 280 289 292 301 310 319 322 331 340 349 352 361 370 379 382 393 402 408 417 423 432 438 447 453 462 468 477 483 492
a 4 10 19 22 28 37 43 55 61 70 79 82 88 97 103 115 121 130 139 142 148 157 163 175 181 190 199 202 208 217 223 235 241 250 259 262 271 280 289 292 301 310 319 322 331 340 349 352 361 370 379 382 393 402 408 417 423 432 438 447 453 462 468 477 483 492
a 4 10 19 22 28 37 43 55 61 70 79 82 88 97 103 115 121 130 139 142 148 157 163 175 181 190 199 202 208 217 223 235 241 250 259 262 268 280 289 292 301 310 319 322 331 340 349 352 361 370 379 382 393 402 408 417 423 432 438 447 453 462 468 477 483 492
a 4 10 19 22 28 37 43 55 61 70 79 82 88 97 103 115 121 130 139 142 148 157 163 175 181 190 199 202 208 217 223 235 241 250 259 262 268 277 289 292 301 310 319 322 331 340 349 352 361 370 379 382 393 402 408 417 423 432 438 447 453 462 468 477 483 492
a 4 10 19 22 28 37 43 55 61 70 79 82 88 97 103 115 121 130 139 142 148 157 163 175 181 190 199 202 208 217 223 235 241 250 259 262 268 277 283 292 301 310 319 322 331 340 349 352 361 370 379 382 393 402 408 417 423 432 438 447 453 462 468 477 483 492
a 4 10 19 22 28 37 43 55 61 70 79 82 88 97 103 115 121 130 139 142 148 157 163 175 181 190 199 202 208 217 223 235 241 250 259 262 268 277 283 295 301 310 319 322 331 340 349 352 361 370 379 382 393 402 408 417 423 432 438 447 453 462 468 477 483 492
a 4 10 19 22 28 37 43 55 61 70 79 82 88 97 103 115 121 130 139 142 148 157 163 175 181 190 199 202 208 217 223 235 241 250 259 262 268 277 283 295 301 310 319 322 328 340 349 352 361 370 379 382 393 402 408 417 423 432 438 447 453 462 468 477 483 492
a 4 10 19 22 28 37 43 55 61 70 79 82 88 97 103 115 121 130 139 142 148 157 163 175 181 190 199 202 208 217 223 235 241 250 259 262 268 277 283 295 301 310 319 322 328 337 349 352 361 370 379 382 393 402 408 417 423 432 438 447 453 462 468 477 483 492
a 4 10 19 22 28 37 43 55 61 70 79 82 88 97 103 115 121 130 139 142 148 157 163 175 181 190 199 202 208 217 223 235 241 250 259 262 268 277 283 295 301 310 319 322 328 337 343 352 361 370 379 382 393 402 408 417 423 432 438 447 453 462 468 477 483 492
a 4 10 19 22 28 37 43 55 61 70 79 82 88 97 103 115 121 130 139 142 148 157 163 175 181 190 199 202 208 217 223 235 241 250 259 262 268 277 283 295 301 310 319 322 328 337 343 355 361 370 379 382 393 402 408 417 423 432 438 447 453 462 468 477 483 492
a 4 10 19 22 28 37 43 55 61 70 79 82 88 97 103 115 121 130 139 142 148 157 163 175 181 190 199 202 208 217 223 235 241 250 259 262 268 277 283 295 301 310 319 322 328 337 343 355 361 370 379 382 388 402 408 417 423 432 438 447 453 462 468 477 483 492
a 4 10 19 22 28 37 43 55 61 70 79 82 88 97 103 115 121 130 139 142 148 157 163 175 181 190 199 202 208 217 223 235 241 250 259 262 268 277 283 295 301 310 319 322 328 337 343 355 361 370 379 382 388 397 408 417 423 432 438 447 453 462 468 477 483 492
a 4 10 19 22 28 37 43 55 61 70 79 82 88 97 103 115 121 130 139 142 148 157 163 175 181 190 199 202 208 217 223 235 241 250 259 262 268 277 283 295 301 310 319 322 328 337 343 355 361 370 379 382 388 397 403 417 423 432 438 447 453 462 468 477 483 492
a 4 10 19 22 28 37 43 55 61 70 79 82 88 97 103 115 121 130 139 142 148 157 163 175 181 190 199 202 208 217 223 235 241 250 259 262 268 277 283 295 301 310 319 322 328 337 343 355 361 370 379 382 388 397 403 412 423 432 438 447 453 462 468 477 483 492
a 4 10 19 22 28 37 43 55 61 70 79 82 88 97 103 115 121 130 139 142 148 157 163 175 181 190 199 202 208 217 223 235 241 250 259 262 268 277 283 295 301 310 319 322 328 337 343 355 361 370 379 382 388 397 409 412 423 432 438 447 453 462 468 477 483 492
a 4 10 19 22 28 37 43 55 61 70 79 82 88 97 103 115 121 130 139 142 148 157 163 175 181 190 199 202 208 217 223 235 241 250 259 262 268 277 283 295 301 310 319 322 328 337 343 355 361 370 379 382 388 400 409 412 423 432 438 447 453 462 468 477 483 492
a 4 10 19 22 28 37 43 55 61 70 79 82 88 97 103 115 121 130 139 142 148 157 163 175 181 190 199 202 208 217 223 235 241 250 259 262 268 277 283 295 301 310 319 322 328 337 343 355 361 370 379 382 391 400 409 412 423 432 438 447 453 462 468 477 483 492
a 4 10 19 22 28 37 43 55 61 70 79 82 88 97 103 115 121 130 139 142 148 157 163 175 181 190 199 202 208 217 223 235 241 250 259 262 268 277 283 295 301 310 319 322 328 337 343 352 361 370 379 382 391 400 409 412 423 432 438 447 453 462 468 477 483 492
a 4 10 19 22 28 37 43 55 61 70 79 82 88 97 103 115 121 130 139 142 148 157 163 175 181 190 199 202 208 217 223 235 241 250 259 262 268 277 283 295 301 310 319 322 328 337 349 352 361 370 379 382 391 400 409 412 423 432 438 447 453 462 468 477 483 492
a 4 10 19 22 28 37 43 55 61 70 79 82 88 97 103 115 121 130 139 142 148 157 163 175 181 190 199 202 208 217 223 235 241 250 259 262 268 277 283 295 301 310 319 322 328 340 349 352 361 370 379 382 391 400 409 412 423 432 438 447 453 462 468 477 483 492
a 4 10 19 22 28 37 43 55 61 70 79 82 88 97 103 115 121 130 139 142 148 157 163 175 181 190 199 202 208 217 223 235 241 250 259 262 268 277 283 295 301 310 319 322 331 340 349 352 361 370 379 382 391 400 409 412 423 432 438 447 453 462 468 477 483 492
a 4 10 19 22 28 37 43 55 61 70 79 82 88 97 103 115 121 130 139 142 148 157 163 175 181 190 199 202 208 217 223 235 241 250 259 262 268 277 283 292 301 310 319 322 331 340 349 352 361 370 379 382 391 400 409 412 423 432 438 447 453 462 468 477 483 492
a 4 10 19 22 28 37 43 55 61 70 79 82 88 97 103 115 121 130 139 142 148 157 163 175 181 190 199 202 208 217 223 235 241 250 259 262 268 277 289 292 301 310 319 322 331 340 349 352 361 370 379 382 391 400 409 412 423 432 438 447 453 462 468 477 483 492
a 4 10 19 22 28 37 43 55 61 70 79 82 88 97 103 115 121 130 139 142 148 157 163 175 181 190 199 202 208 217 223 235 241 250 259 262 268 280 289 292 301 310 319 322 331 340 349 352 361 370 379 382 391 400 409 412 423 432 438 447 453 462 468 477 483 492
a 4 10 19 22 28 37 43 55 61 70 79 82 88 97 103 115 121 130 139 142 148 157 163 175 181 190 199 202 208 217 223 235 241 250 259 262 271 280 289 292 301 310 319 322 331 340 349 352 361 370 379 382 391 400 409 412 423 432 438 447 453 462 468 477 483 492
a 4 10 19 22 28 37 43 55 61 70 79 82 88 97 103 115 121 130 139 142 148 157 163 175 181 190 199 202 208 217 223 232 241 250 259 262 271 280 289 292 301 310 319 322 331 340 349 352 361 370 379 382 391 400 409 412 423 432 438 447 453 462 468 477 483 492
a 4 10 19 22 28 37 43 55 61 70 79 82 88 97 103 115 121 130 139 142 148 157 163 175 181 190 199 202 208 217 229 232 241 250 259 262 271 280 289 292 301 310 319 322 331 340 349 352 361 370 379 382 391 400 409 412 423 432 438 447 453 462 468 477 483 492
a 4 10 19 22 28 37 43 55 61 70 79 82 88 97 103 115 121 130 139 142 148 157 163 175 181 190 199 202 208 220 229 232 241 250 259 262 271 280 289 292 301 310 319 322 331 340 349 352 361 370 379 382 391 400 409 412 423 432 438 447 453 462 468 477 483 492
a 4 10 19 22 28 37 43 55 61 70 79 82 88 97 103 115 121 130 139 142 148 157 163 175 181 190 199 202 211 220 229 232 241 250 259 262 271 280 289 292 301 310 319 322 331 340 349 352 361 370 379 382 391 400 409 412 423 432 438 447 453 462 468 477 483 492
a 4 10 19 22 28 37 43 55 61 70 79 82 88 97 103 115 121 130 139 142 148 157 163 172 181 190 199 202 211 220 229 232 241 250 259 262 271 280 289 292 301 310 319 322 331 340 349 352 361 370 379 382 391 400 409 412 423 432 438 447 453 462 468 477 483 492
a 4 10 19 22 28 37 43 55 61 70 79 82 88 97 103 115 121 130 139 142 148 157 169 172 181 190 199 202 211 220 229 232 241 250 259 262 271 280 289 292 301 310 319 322 331 340 349 352 361 370 379 382 391 400 409 412 423 432 438 447 453 462 468 477 483 492
a 4 10 19 22 28 37 43 55 61 70 79 82 88 97 103 115 121 130 139 142 148 160 169 172 181 190 199 202 211 220 229 232 241 250 259 262 271 280 289 292 301 310 319 322 331 340 349 352 361 370 379 382 391 400 409 412 423 432 438 447 453 462 468 477 483 492
a 4 10 19 22 28 37 43 55 61 70 79 82 88 97 103 115 121 130 139 142 151 160 169 172 181 190 199 202 211 220 229 232 241 250 259 262 271 280 289 292 301 310 319 322 331 340 349 352 361 370 379 382 391 400 409 412 423 432 438 447 453 462 468 477 483 492
a 4 10 19 22 28 37 43 55 61 70 79 82 88 97 103 112 121 130 139 142 151 160 169 172 181 190 199 202 211 220 229 232 241 250 259 262 271 280 289 292 301 310 319 322 331 340 349 352 361 370 379 382 391 400 409 412 423 432 438 447 453 462 468 477 483 492
a 4 10 19 22 28 37 43 55 61 70 79 82 88 97 109 112 121 130 139 142 151 160 169 172 181 190 199 202 211 220 229 232 241 250 259 262 271 280 289 292 301 310 319 322 331 340 349 352 361 370 379 382 391 400 409 412 423 432 438 447 453 462 468 477 483 492
a 4 10 19 22 28 37 43 55 61 70 79 82 88 100 109 112 121 130 139 142 151 160 169 172 181 190 199 202 211 220 229 232 241 250 259 262 271 280 289 292 301 310 319 322 331 340 349 352 361 370 379 382 391 400 409 412 423 432 438 447 453 462 468 477 483 492
a 4 10 19 22 28 37 43 55 61 70 79 82 91 100 109 112 121 130 139 142 151 160 169 172 181 190 199 202 211 220 229 232 241 250 259 262 271 280 289 292 301 310 319 322 331 340 349 352 361 370 379 382 391 400 409 412 423 432 438 447 453 462 468 477 483 492
a 4 10 19 22 28 37 43 52 61 70 79 82 91 100 109 112 121 130 139 142 151 160 169 172 181 190 199 202 211 220 229 232 241 250 259 262 271 280 289 292 301 310 319 322 331 340 349 352 361 370 379 382 391 400 409 412 423 432 438 447 453 462 468 477 483 492
a 4 10 19 22 28 37 49 52 61 70 79 82 91 100 109 112 121 130 139 142 151 160 169 172 181 190 199 202 211 220 229 232 241 250 259 262 271 280 289 292 301 310 319 322 331 340 349 352 361 370 379 382 391 400 409 412 423 432 438 447 453 462 468 477 483 492
a 4 10 19 22 28 40 49 52 61 70 79 82 91 100 109 112 121 130 139 142 151 160 169 172 181 190 199 202 211 220 229 232 241 250 259 262 271 280 289 292 301 310 319 322 331 340 349 352 361 370 379 382 391 400 409 412 423 432 438 447 453 462 468 477 483 492
a 4 10 19 22 31 40 49 52 61 70 79 82 91 100 109 112 121 130 139 142 151 160 169 172 181 190 199 202 211 220 229 232 241 250 259 262 271 280 289 292 301 310 319 322 331 340 349 352 361 370 379 382 391 400 409 412 423 432 438 447 453 462 468 477 483 492
a 1 10 19 22 31 40 49 52 61 70 79 82 91 100 109 112 121 130 139 142 151 160 169 172 181 190 199 202 211 220 229 232 241 250 259 262 271 280 289 292 301 310 319 322 331 340 349 352 361 370 379 382 391 400 409 412 423 432 438 447 453 462 468 477 483 492
a 1 7 19 22 31 40 49 52 61 70 79 82 91 100 109 112 121 130 139 142 151 160 169 172 181 190 199 202 211 220 229 232 241 250 259 262 271 280 289 292 301 310 319 322 331 340 349 352 361 370 379 382 391 400 409 412 423 432 438 447 453 462 468 477 483 492
a 1 7 13 22 31 40 49 52 61 70 79 82 91 100 109 112 121 130 139 142 151 160 169 172 181 190 199 202 211 220 229 232 241 250 259 262 271 280 289 292 301 310 319 322 331 340 349 352 361 370 379 382 391 400 409 412 423 432 438 447 453 462 468 477 483 492
a 1 7 13 25 31 40 49 52 61 70 79 82 91 100 109 112 121 130 139 142 151 160 169 172 181 190 199 202 211 220 229 232 241 250 259 262 271 280 289 292 301 310 319 322 331 340 349 352 361 370 379 382 391 400 409 412 423 432 438 447 453 462 468 477 483 492
a 1 7 13 25 31 40 49 52 58 70 79 82 91 100 109 112 121 130 139 142 151 160 169 172 181 190 199 202 211 220 229 232 241 250 259 262 271 280 289 292 301 310 319 322 331 340 349 352 361 370 379 382 391 400 409 412 423 432 438 447 453 462 468 477 483 492
a 1 7 13 25 31 40 49 52 58 67 79 82 91 100 109 112 121 130 139 142 151 160 169 172 181 190 199 202 211 220 229 232 241 250 259 262 271 280 289 292 301 310 319 322 331 340 349 352 361 370 379 382 391 400 409 412 423 432 438 447 453 462 468 477 483 492
a 1 7 13 25 31 40 49 52 58 67 73 82 91 100 109 112 121 130 139 142 151 160 169 172 181 190 199 202 211 220 229 232 241 250 259 262 271 280 289 292 301 310 319 322 331 340 349 352 361 370 379 382 391 400 409 412 423 432 438 447 453 462 468 477 483 492
a 1 7 13 25 31 40 49 52 58 67 73 85 91 100 109 112 121 130 139 142 151 160 169 172 181 190 199 202 211 220 229 232 241 250 259 262 271 280 289 292 301 310 319 322 331 340 349 352 361 370 379 382 391 400 409 412 423 432 438 447 453 462 468 477 483 492
a 1 7 13 25 31 40 49 52 58 67 73 85 91 100 109 112 118 130 139 142 151 160 169 172 181 190 199 202 211 220 229 232 241 250 259 262 271 280 289 292 301 310 319 322 331 340 349 352 361 370 379 382 391 400 409 412 423 432 438 447 453 462 468 477 483 492
a 1 7 13 25 31 40 49 52 58 67 73 85 91 100 109 112 118 127 139 142 151 160 169 172 181 190 199 202 211 220 229 232 241 250 259 262 271 280 289 292 301 310 319 322 331 340 349 352 361 370 379 382 391 400 409 412 423 432 438 447 453 462 468 477 483 492
a 1 7 13 25 31 40 49 52 58 67 73 85 91 100 109 112 118 127 133 142 151 160 169 172 181 190 199 202 211 220 229 232 241 250 259 262 271 280 289 292 301 310 319 322 331 340 349 352 361 370 379 382 391 400 409 412 423 432 438 447 453 462 468 477 483 492
a 1 7 13 25 31 40 49 52 58 67 73 85 91 100 109 112 118 127 133 145 151 160 169 172 181 190 199 202 211 220 229 232 241 250 259 262 271 280 289 292 301 310 319 322 331 340 349 352 361 370 379 382 391 400 409 412 423 432 438 447 453 462 468 477 483 492
a 1 7 13 25 31 40 49 52 58 67 73 85 91 100 109 112 118 127 133 145 151 160 169 172 178 190 199 202 211 220 229 232 241 250 259 262 271 280 289 292 301 310 319 322 331 340 349 352 361 370 379 382 391 400 409 412 423 432 438 447 453 462 468 477 483 492
a 1 7 13 25 31 40 49 52 58 67 73 85 91 100 109 112 118 127 133 145 151 160 169 172 178 187 199 202 211 220 229 232 241 250 259 262 271 280 289 292 301 310 319 322 331 340 349 352 361 370 379 382 391 400 409 412 423 432 438 447 453 462 468 477 483 492
a 1 7 13 25 31 40 49 52 58 67 73 85 91 100 109 112 118 127 133 145 151 160 169 172 178 187 193 202 211 220 229 232 241 250 259 262 271 280 289 292 301 310 319 322 331 340 349 352 361 370 379 382 391 400 409 412 423 432 438 447 453 462 468 477 483 492
a 1 7 13 25 31 40 49 52 58 67 73 85 91 100 109 112 118 127 133 145 151 160 169 172 178 187 193 205 211 220 229 232 241 250 259 262 271 280 289 292 301 310 319 322 331 340 349 352 361 370 379 382 391 400 409 412 423 432 438 447 453 462 468 477 483 492
a 1 7 13 25 31 40 49 52 58 67 73 85 91 100 109 112 118 127 133 145 151 160 169 172 178 187 193 205 211 220 229 232 238 250 259 262 271 280 289 292 301 310 319 322 331 340 349 352 361 370 379 382 391 400 409 412 423 432 438 447 453 462 468 477 483 492
a 1 7 13 25 31 40 49 52 58 67 73 85 91 100 109 112 118 127 133 145 151 160 169 172 178 187 193 205 211 220 229 232 238 247 259 262 271 280 289 292 301 310 319 322 331 340 349 352 361 370 379 382 391 400 409 412 423 432 438 447 453 462 468 477 483 492
a 1 7 13 25 31 40 49 52 58 67 73 85 91 100 109 112 118 127 133 145 151 160 169 172 178 187 193 205 211 220 229 232 238 247 253 262 271 280 289 292 301 310 319 322 331 340 349 352 361 370 379 382 391 400 409 412 423 432 438 447 453 462 468 477 483 492
a 1 7 13 25 31 40 49 52 58 67 73 85 91 100 109 112 118 127 133 145 151 160 169 172 178 187 193 205 211 220 229 232 238 247 253 265 271 280 289 292 301 310 319 322 331 340 349 352 361 370 379 382 391 400 409 412 423 432 438 447 453 462 468 477 483 492
a 1 7 13 25 31 40 49 52 58 67 73 85 91 100 109 112 118 127 133 145 151 160 169 172 178 187 193 205 211 220 229 232 238 247 253 265 271 280 289 292 298 310 319 322 331 340 349 352 361 370 379 382 391 400 409 412 423 432 438 447 453 462 468 477 483 492
a 1 7 13 25 31 40 49 52 58 67 73 85 91 100 109 112 118 127 133 145 151 160 169 172 178 187 193 205 211 220 229 232 238 247 253 265 271 280 289 292 298 307 319 322 331 340 349 352 361 370 379 382 391 400 409 412 423 432 438 447 453 462 468 477 483 492
a 1 7 13 25 31 40 49 52 58 67 73 85 91 100 109 112 118 127 133 145 151 160 169 172 178 187 193 205 211 220 229 232 238 247 253 265 271 280 289 292 298 307 313 322 331 340 349 352 361 370 379 382 391 400 409 412 423 432 438 447 453 462 468 477 483 492
a 1 7 13 25 31 40 49 52 58 67 73 85 91 100 109 112 118 127 133 145 151 160 169 172 178 187 193 205 211 220 229 232 238 247 253 265 271 280 289 292 298 307 313 325 331 340 349 352 361 370 379 382 391 400 409 412 423 432 438 447 453 462 468 477 483 492
a 1 7 13 25 31 40 49 52 58 67 73 85 91 100 109 112 118 127 133 145 151 160 169 172 178 187 193 205 211 220 229 232 238 247 253 265 271 280 289 292 298 307 313 325 331 340 349 352 358 370 379 382 391 400 409 412 423 432 438 447 453 462 468 477 483 492
a 1 7 13 25 31 40 49 52 58 67 73 85 91 100 109 112 118 127 133 145 151 160 169 172 178 187 193 205 211 220 229 232 238 247 253 265 271 280 289 292 298 307 313 325 331 340 349 352 358 367 379 382 391 400 409 412 423 432 438 447 453 462 468 477 483 492
a 1 7 13 25 31 40 49 52 58 67 73 85 91 100 109 112 118 127 133 145 151 160 169 172 178 187 193 205 211 220 229 232 238 247 253 265 271 280 289 292 298 307 313 325 331 340 349 352 358 367 373 382 391 400 409 412 423 432 438 447 453 462 468 477 483 492
a 1 7 13 25 31 40 49 52 58 67 73 85 91 100 109 112 118 127 133 145 151 160 169 172 178 187 193 205 211 220 229 232 238 247 253 265 271 280 289 292 298 307 313 325 331 340 349 352 358 367 373 385 391 400 409 412 423 432 438 447 453 462 468 477 483 492
a 1 7 13 25 31 40 49 52 58 67 73 85 91 100 109 112 118 127 133 145 151 160 169 172 178 187 193 205 211 220 229 232 238 247 253 265 271 280 289 292 298 307 313 325 331 340 349 352 358 367 373 385 391 400 409 412 418 432 438 447 453 462 468 477 483 492
a 1 7 13 25 31 40 49 52 58 67 73 85 91 100 109 112 118 127 133 145 151 160 169 172 178 187 193 205 211 220 229 232 238 247 253 265 271 280 289 292 298 307 313 325 331 340 349 352 358 367 373 385 391 400 409 412 418 427 438 447 453 462 468 477 483 492
a 1 7 13 25 31 40 49 52 58 67 73 85 91 100 109 112 118 127 133 145 151 160 169 172 178 187 193 205 211 220 229 232 238 247 253 265 271 280 289 292 298 307 313 325 331 340 349 352 358 367 373 385 391 400 409 412 418 427 433 447 453 462 468 477 483 492
a 1 7 13 25 31 40 49 52 58 67 73 85 91 100 109 112 118 127 133 145 151 160 169 172 178 187 193 205 211 220 229 232 238 247 253 265 271 280 289 292 298 307 313 325 331 340 349 352 358 367 373 385 391 400 409 412 418 427 433 442 453 462 468 477 483 492
a 1 7 13 25 31 40 49 52 58 67 73 85 91 100 109 112 118 127 133 145 151 160 169 172 178 187 193 205 211 220 229 232 238 247 253 265 271 280 289 292 298 307 313 325 331 340 349 352 358 367 373 385 391 400 409 412 418 427 439 442 453 462 468 477 483 492
a 1 7 13 25 31 40 49 52 58 67 73 85 91 100 109 112 118 127 133 145 151 160 169 172 178 187 193 205 211 220 229 232 238 247 253 265 271 280 289 292 298 307 313 325 331 340 349 352 358 367 373 385 391 400 409 412 418 430 439 442 453 462 468 477 483 492
a 1 7 13 25 31 40 49 52 58 67 73 85 91 100 109 112 118 127 133 145 151 160 169 172 178 187 193 205 211 220 229 232 238 247 253 265 271 280 289 292 298 307 313 325 331 340 349 352 358 367 373 385 391 400 409 412 421 430 439 442 453 462 468 477 483 492
a 1 7 13 25 31 40 49 52 58 67 73 85 91 100 109 112 118 127 133 145 151 160 169 172 178 187 193 205 211 220 229 232 238 247 253 265 271 280 289 292 298 307 313 325 331 340 349 352 358 367 373 382 391 400 409 412 421 430 439 442 453 462 468 477 483 492
a 1 7 13 25 31 40 49 52 58 67 73 85 91 100 109 112 118 127 133 145 151 160 169 172 178 187 193 205 211 220 229 232 238 247 253 265 271 280 289 292 298 307 313 325 331 340 349 352 358 367 379 382 391 400 409 412 421 430 439 442 453 462 468 477 483 492
a 1 7 13 25 31 40 49 52 58 67 73 85 91 100 109 112 118 127 133 145 151 160 169 172 178 187 193 205 211 220 229 232 238 247 253 265 271 280 289 292 298 307 313 325 331 340 349 352 358 370 379 382 391 400 409 412 421 430 439 442 453 462 468 477 483 492
a 1 7 13 25 31 40 49 52 58 67 73 85 91 100 109 112 118 127 133 145 151 160 169 172 178 187 193 205 211 220 229 232 238 247 253 265 271 280 289 292 298 307 313 325 331 340 349 352 361 370 379 382 391 400 409 412 421 430 439 442 453 462 468 477 483 492
a 1 7 13 25 31 40 49 52 58 67 73 85 91 100 109 112 118 127 133 145 151 160 169 172 178 187 193 205 211 220 229 232 238 247 253 265 271 280 289 292 298 307 313 322 331 340 349 352 361 370 379 382 391 400 409 412 421 430 439 442 453 462 468 477 483 492
a 1 7 13 25 31 40 49 52 58 67 73 85 91 100 109 112 118 127 133 145 151 160 169 172 178 187 193 205 211 220 229 232 238 247 253 265 271 280 289 292 298 307 319 322 331 340 349 352 361 370 379 382 391 400 409 412 421 430 439 442 453 462 468 477 483 492
a 1 7 13 25 31 40 49 52 58 67 73 85 91 100 109 112 118 127 133 145 151 160 169 172 178 187 193 205 211 220 229 232 238 247 253 265 271 280 289 292 298 310 319 322 331 340 349 352 361 370 379 382 391 400 409 412 421 430 439 442 453 462 468 477 483 492
a 1 7 13 25 31 40 49 52 58 67 73 85 91 100 109 112 118 127 133 145 151 160 169 172 178 187 193 205 211 220 229 232 238 247 253 265 271 280 289 292 301 310 319 322 331 340 349 352 361 370 379 382 391 400 409 412 421 430 439 442 453 462 468 477 483 492
a 1 7 13 25 31 40 49 52 58 67 73 85 91 100 109 112 118 127 133 145 151 160 169 172 178 187 193 205 211 220 229 232 238 247 253 262 271 280 289 292 301 310 319 322 331 340 349 352 361 370 379 382 391 400 409 412 421 430 439 442 453 462 468 477 483 492
a 1 7 13 25 31 40 49 52 58 67 73 85 91 100 109 112 118 127 133 145 151 160 169 172 178 187 193 205 211 220 229 232 238 247 259 262 271 280 289 292 301 310 319 322 331 340 349 352 361 370 379 382 391 400 409 412 421 430 439 442 453 462 468 477 483 492
a 1 7 13 25 31 40 49 52 58 67 73 85 91 100 109 112 118 127 133 145 151 160 169 172 178 187 193 205 211 220 229 232 238 250 259 262 271 280 289 292 301 310 319 322 331 340 349 352 361 370 379 382 391 400 409 412 421 430 439 442 453 462 468 477 483 492
a 1 7 13 25 31 40 49 52 58 67 73 85 91 100 109 112 118 127 133 145 151 160 169 172 178 187 193 205 211 220 229 232 241 250 259 262 271 280 289 292 301 310 319 322 331 340 349 352 361 370 379 382 391 400 409 412 421 430 439 442 453 462 468 477 483 492
a 1 7 13 25 31 40 49 52 58 67 73 85 91 100 109 112 118 127 133 145 151 160 169 172 178 187 193 202 211 220 229 232 241 250 259 262 271 280 289 292 301 310 319 322 331 340 349 352 361 370 379 382 391 400 409 412 421 430 439 442 453 462 468 477 483 492
a 1 7 13 25 31 40 49 52 58 67 73 85 91 100 109 112 118 127 133 145 151 160 169 172 178 187 199 202 211 220 229 232 241 250 259 262 271 280 289 292 301 310 319 322 331 340 349 352 361 370 379 382 391 400 409 412 421 430 439 442 453 462 468 477 483 492
a 1 7 13 25 31 40 49 52 58 67 73 85 91 100 109 112 118 127 133 145 151 160 169 172 178 190 199 202 211 220 229 232 241 250 259 262 271 280 289 292 301 310 319 322 331 340 349 352 361 370 379 382 391 400 409 412 421 430 439 442 453 462 468 477 483 492
a 1 7 13 25 31 40 49 52 58 67 73 85 91 100 109 112 118 127 133 145 151 160 169 172 181 190 199 202 211 220 229 232 241 250 259 262 271 280 289 292 301 310 319 322 331 340 349 352 361 370 379 382 391 400 409 412 421 430 439 442 453 462 468 477 483 492
a 1 7 13 25 31 40 49 52 58 67 73 85 91 100 109 112 118 127 133 142 151 160 169 172 181 190 199 202 211 220 229 232 241 250 259 262 271 280 289 292 301 310 319 322 331 340 349 352 361 370 379 382 391 400 409 412 421 430 439 442 453 462 468 477 483 492
a 1 7 13 25 31 40 49 52 58 67 73 85 91 100 109 112 118 127 139 142 151 160 169 172 181 190 199 202 211 220 229 232 241 250 259 262 271 280 289 292 301 310 319 322 331 340 349 352 361 370 379 382 391 400 409 412 421 430 439 442 453 462 468 477 483 492
a 1 7 13 25 31 40 49 52 58 67 73 85 91 100 109 112 118 130 139 142 151 160 169 172 181 190 199 202 211 220 229 232 241 250 259 262 271 280 289 292 301 310 319 322 331 340 349 352 361 370 379 382 391 400 409 412 421 430 439 442 453 462 468 477 483 492
a 1 7 13 25 31 40 49 52 58 67 73 85 91 100 109 112 121 130 139 142 151 160 169 172 181 190 199 202 211 220 229 232 241 250 259 262 271 280 289 292 301 310 319 322 331 340 349 352 361 370 379 382 391 400 409 412 421 430 439 442 453 462 468 477 483 492
a 1 7 13 25 31 40 49 52 58 67 73 82 91 100 109 112 121 130 139 142 151 160 169 172 181 190 199 202 211 220 229 232 241 250 259 262 271 280 289 292 301 310 319 322 331 340 349 352 361 370 379 382 391 400 409 412 421 430 439 442 453 462 468 477 483 492
a 1 7 13 25 31 40 49 52 58 67 79 82 91 100 109 112 121 130 139 142 151 160 169 172 181 190 199 202 211 220 229 232 241 250 259 262 271 280 289 292 301 310 319 322 331 340 349 352 361 370 379 382 391 400 409 412 421 430 439 442 453 462 468 477 483 492
a 1 7 13 25 31 40 49 52 58 70 79 82 91 100 109 112 121 130 139 142 151 160 169 172 181 190 199 202 211 220 229 232 241 250 259 262 271 280 289 292 301 310 319 322 331 340 349 352 361 370 379 382 391 400 409 412 421 430 439 442 453 462 468 477 483 492
a 1 7 13 25 31 40 49 52 61 70 79 82 91 100 109 112 121 130 139 142 151 160 169 172 181 190 199 202 211 220 229 232 241 250 259 262 271 280 289 292 301 310 319 322 331 340 349 352 361 370 379 382 391 400 409 412 421 430 439 442 453 462 468 477 483 492
a 1 7 13 22 31 40 49 52 61 70 79 82 91 100 109 112 121 130 139 142 151 160 169 172 181 190 199 202 211 220 229 232 241 250 259 262 271 280 289 292 301 310 319 322 331 340 349 352 361 370 379 382 391 400 409 412 421 430 439 442 453 462 468 477 483 492
a 1 7 19 22 31 40 49 52 61 70 79 82 91 100 109 112 121 130 139 142 151 160 169 172 181 190 199 202 211 220 229 232 241 250 259 262 271 280 289 292 301 310 319 322 331 340 349 352 361 370 379 382 391 400 409 412 421 430 439 442 453 462 468 477 483 492
a 1 10 19 22 31 40 49 52 61 70 79 82 91 100 109 112 121 130 139 142 151 160 169 172 181 190 199 202 211 220 229 232 241 250 259 262 271 280 289 292 301 310 319 322 331 340 349 352 361 370 379 382 391 400 409 412 421 430 439 442 453 462 468 477 483 492
a 4 10 19 22 31 40 49 52 61 70 79 82 91 100 109 112 121 130 139 142 151 160 169 172 181 190 199 202 211 220 229 232 241 250 259 262 271 280 289 292 301 310 319 322 331 340 349 352 361 370 379 382 391 400 409 412 421 430 439 442 453 462 468 477 483 492
a 4 10 19 22 28 40 49 52 61 70 79 82 91 100 109 112 121 130 139 142 151 160 169 172 181 190 199 202 211 220 229 232 241 250 259 262 271 280 289 292 301 310 319 322 331 340 349 352 361 370 379 382 391 400 409 412 421 430 439 442 453 462 468 477 483 492
a 4 10 19 22 28 37 49 52 61 70 79 82 91 100 109 112 121 130 139 142 151 160 169 172 181 190 199 202 211 220 229 232 241 250 259 262 271 280 289 292 301 310 319 322 331 340 349 352 361 370 379 382 391 400 409 412 421 430 439 442 453 462 468 477 483 492
a 4 10 19 22 28 37 43 52 61 70 79 82 91 100 109 112 121 130 139 142 151 160 169 172 181 190 199 202 211 220 229 232 241 250 259 262 271 280 289 292 301 310 319 322 331 340 349 352 361 370 379 382 391 400 409 412 421 430 439 442 453 462 468 477 483 492
a 4 10 19 22 28 37 43 55 61 70 79 82 91 100 109 112 121 130 139 142 151 160 169 172 181 190 199 202 211 220 229 232 241 250 259 262 271 280 289 292 301 310 319 322 331 340 349 352 361 370 379 382 391 400 409 412 421 430 439 442 453 462 468 477 483 492
a 4 10 19 22 28 37 43 55 61 70 79 82 88 100 109 112 121 130 139 142 151 160 169 172 181 190 199 202 211 220 229 232 241 250 259 262 271 280 289 292 301 310 319 322 331 340 349 352 361 370 379 382 391 400 409 412 421 430 439 442 453 462 468 477 483 492
a 4 10 19 22 28 37 43 55 61 70 79 82 88 97 109 112 121 130 139 142 151 160 169 172 181 190 199 202 211 220 229 232 241 250 259 262 271 280 289 292 301 310 319 322 331 340 349 352 361 370 379 382 391 400 409 412 421 430 439 442 453 462 468 477 483 492
a 4 10 19 22 28 37 43 55 61 70 79 82 88 97 103 112 121 130 139 142 151 160 169 172 181 190 199 202 211 220 229 232 241 250 259 262 271 280 289 292 301 310 319 322 331 340 349 352 361 370 379 382 391 400 409 412 421 430 439 442 453 462 468 477 483 492
a 4 10 19 22 28 37 43 55 61 70 79 82 88 97 103 115 121 130 139 142 151 160 169 172 181 190 199 202 211 220 229 232 241 250 259 262 271 280 289 292 301 310 319 322 331 340 349 352 361 370 379 382 391 400 409 412 421 430 439 442 453 462 468 477 483 492
a 4 10 19 22 28 37 43 55 61 70 79 82 88 97 103 115 121 130 139 142 148 160 169 172 181 190 199 202 211 220 229 232 241 250 259 262 271 280 289 292 301 310 319 322 331 340 349 352 361 370 379 382 391 400 409 412 421 430 439 442 453 462 468 477 483 492
a 4 10 19 22 28 37 43 55 61 70 79 82 88 97 103 115 121 130 139 142 148 157 169 172 181 190 199 202 211 220 229 232 241 250 259 262 271 280 289 292 301 310 319 322 331 340 349 352 361 370 379 382 391 400 409 412 421 430 439 442 453 462 468 477 483 492
a 4 10 19 22 28 37 43 55 61 70 79 82 88 97 103 115 121 130 139 142 148 157 163 172 181 190 199 202 211 220 229 232 241 250 259 262 271 280 289 292 301 310 319 322 331 340 349 352 361 370 379 382 391 400 409 412 421 430 439 442 453 462 468 477 483 492
a 4 10 19 22 28 37 43 55 61 70 79 82 88 97 103 115 121 130 139 142 148 157 163 175 181 190 199 202 211 220 229 232 241 250 259 262 271 280 289 292 301 310 319 322 331 340 349 352 361 370 379 382 391 400 409 412 421 430 439 442 453 462 468 477 483 492
a 4 10 19 22 28 37 43 55 61 70 79 82 88 97 103 115 121 130 139 142 148 157 163 175 181 190 199 202 208 220 229 232 241 250 259 262 271 280 289 292 301 310 319 322 331 340 349 352 361 370 379 382 391 400 409 412 421 430 439 442 453 462 468 477 483 492
a 4 10 19 22 28 37 43 55 61 70 79 82 88 97 103 115 121 130 139 142 148 157 163 175 181 190 199 202 208 217 229 232 241 250 259 262 271 280 289 292 301 310 319 322 331 340 349 352 361 370 379 382 391 400 409 412 421 430 439 442 453 462 468 477 483 492
a 4 10 19 22 28 37 43 55 61 70 79 82 88 97 103 115 121 130 139 142 148 157 163 175 181 190 199 202 208 217 223 232 241 250 259 262 271 280 289 292 301 310 319 322 331 340 349 352 361 370 379 382 391 400 409 412 421 430 439 442 453 462 468 477 483 492
a 4 10 19 22 28 37 43 55 61 70 79 82 88 97 103 115 121 130 139 142 148 157 163 175 181 190 199 202 208 217 223 235 241 250 259 262 271 280 289 292 301 310 319 322 331 340 349 352 361 370 379 382 391 400 409 412 421 430 439 442 453 462 468 477 483 492
a 4 10 19 22 28 37 43 55 61 70 79 82 88 97 103 115 121 130 139 142 148 157 163 175 181 190 199 202 208 217 223 235 241 250 259 262 268 280 289 292 301 310 319 322 331 340 349 352 361 370 379 382 391 400 409 412 421 430 439 442 453 462 468 477 483 492
a 4 10 19 22 28 37 43 55 61 70 79 82 88 97 103 115 121 130 139 142 148 157 163 175 181 190 199 202 208 217 223 235 241 250 259 262 268 277 289 292 301 310 319 322 331 340 349 352 361 370 379 382 391 400 409 412 421 430 439 442 453 462 468 477 483 492
a 4 10 19 22 28 37 43 55 61 70 79 82 88 97 103 115 121 130 139 142 148 157 163 175 181 190 199 202 208 217 223 235 241 250 259 262 268 277 283 292 301 310 319 322 331 340 349 352 361 370 379 382 391 400 409 412 421 430 439 442 453 462 468 477 483 492
a 4 10 19 22 28 37 43 55 61 70 79 82 88 97 103 115 121 130 139 142 148 157 163 175 181 190 199 202 208 217 223 235 241 250 259 262 268 277 283 295 301 310 319 322 331 340 349 352 361 370 379 382 391 400 409 412 421 430 439 442 453 462 468 477 483 492
a 4 10 19 22 28 37 43 55 61 70 79 82 88 97 103 115 121 130 139 142 148 157 163 175 181 190 199 202 208 217 223 235 241 250 259 262 268 277 283 295 301 310 319 322 328 340 349 352 361 370 379 382 391 400 409 412 421 430 439 442 453 462 468 477 483 492
a 4 10 19 22 28 37 43 55 61 70 79 82 88 97 103 115 121 130 139 142 148 157 163 175 181 190 199 202 208 217 223 235 241 250 259 262 268 277 283 295 301 310 319 322 328 337 349 352 361 370 379 382 391 400 409 412 421 430 439 442 453 462 468 477 483 492
a 4 10 19 22 28 37 43 55 61 70 79 82 88 97 103 115 121 130 139 142 148 157 163 175 181 190 199 202 208 217 223 235 241 250 259 262 268 277 283 295 301 310 319 322 328 337 343 352 361 370 379 382 391 400 409 412 421 430 439 442 453 462 468 477 483 492
a 4 10 19 22 28 37 43 55 61 70 79 82 88 97 103 115 121 130 139 142 148 157 163 175 181 190 199 202 208 217 223 235 241 250 259 262 268 277 283 295 301 310 319 322 328 337 343 355 361 370 379 382 391 400 409 412 421 430 439 442 453 462 468 477 483 492
a 4 10 19 22 28 37 43 55 61 70 79 82 88 97 103 115 121 130 139 142 148 157 163 175 181 190 199 202 208 217 223 235 241 250 259 262 268 277 283 295 301 310 319 322 328 337 343 355 361 370 379 382 388 400 409 412 421 430 439 442 453 462 468 477 483 492
a 4 10 19 22 28 37 43 55 61 70 79 82 88 97 103 115 121 130 139 142 148 157 163 175 181 190 199 202 208 217 223 235 241 250 259 262 268 277 283 295 301 310 319 322 328 337 343 355 361 370 379 382 388 397 409 412 421 430 439 442 453 462 468 477 483 492
a 4 10 19 22 28 37 43 55 61 70 79 82 88 97 103 115 121 130 139 142 148 157 163 175 181 190 199 202 208 217 223 235 241 250 259 262 268 277 283 295 301 310 319 322 328 337 343 355 361 370 379 382 388 397 403 412 421 430 439 442 453 462 468 477 483 492
a 4 10 19 22 28 37 43 55 61 70 79 82 88 97 103 115 121 130 139 142 148 157 163 175 181 190 199 202 208 217 223 235 241 250 259 262 268 277 283 295 301 310 319 322 328 337 343 355 361 370 379 382 388 397 403 415 421 430 439 442 453 462 468 477 483 492
a 4 10 19 22 28 37 43 55 61 70 79 82 88 97 103 115 121 130 139 142 148 157 163 175 181 190 199 202 208 217 223 235 241 250 259 262 268 277 283 295 301 310 319 322 328 337 343 355 361 370 379 382 388 397 403 415 421 430 439 442 448 462 468 477 483 492
a 4 10 19 22 28 37 43 55 61 70 79 82 88 97 103 115 121 130 139 142 148 157 163 175 181 190 199 202 208 217 223 235 241 250 259 262 268 277 283 295 301 310 319 322 328 337 343 355 361 370 379 382 388 397 403 415 421 430 439 442 448 457 468 477 483 492
a 4 10 19 22 28 37 43 55 61 70 79 82 88 97 103 115 121 130 139 142 148 157 163 175 181 190 199 202 208 217 223 235 241 250 259 262 268 277 283 295 301 310 319 322 328 337 343 355 361 370 379 382 388 397 403 415 421 430 439 442 448 457 463 477 483 492
a 4 10 19 22 28 37 43 55 61 70 79 82 88 97 103 115 121 130 139 142 148 157 163 175 181 190 199 202 208 217 223 235 241 250 259 262 268 277 283 295 301 310 319 322 328 337 343 355 361 370 379 382 388 397 403 415 421 430 439 442 448 457 463 474 483 492
a 4 10 19 22 28 37 43 55 61 70 79 82 88 97 103 115 121 130 139 142 148 157 163 175 181 190 199 202 208 217 223 235 241 250 259 262 268 277 283 295 301 310 319 322 328 337 343 355 361 370 379 382 388 397 403 415 421 430 439 442 448 457 471 474 483 492
a 4 10 19 22 28 37 43 55 61 70 79 82 88 97 103 115 121 130 139 142 148 157 163 175 181 190 199 202 208 217 223 235 241 250 259 262 268 277 283 295 301 310 319 322 328 337 343 355 361 370 379 382 388 397 403 415 421 430 439 442 448 460 471 474 483 492
a 4 10 19 22 28 37 43 55 61 70 79 82 88 97 103 115 121 130 139 142 148 157 163 175 181 190 199 202 208 217 223 235 241 250 259 262 268 277 283 295 301 310 319 322 328 337 343 355 361 370 379 382 388 397 403 415 421 430 439 442 451 460 471 474 483 492
a 4 10 19 22 28 37 43 55 61 70 79 82 88 97 103 115 121 130 139 142 148 157 163 175 181 190 199 202 208 217 223 235 241 250 259 262 268 277 283 295 301 310 319 322 328 337 343 355 361 370 379 382 388 397 403 412 421 430 439 442 451 460 471 474 483 492
a 4 10 19 22 28 37 43 55 61 70 79 82 88 97 103 115 121 130 139 142 148 157 163 175 181 190 199 202 208 217 223 235 241 250 259 262 268 277 283 295 301 310 319 322 328 337 343 355 361 370 379 382 388 397 409 412 421 430 439 442 451 460 471 474 483 492
a 4 10 19 22 28 37 43 55 61 70 79 82 88 97 103 115 121 130 139 142 148 157 163 175 181 190 199 202 208 217 223 235 241 250 259 262 268 277 283 295 301 310 319 322 328 337 343 355 361 370 379 382 388 400 409 412 421 430 439 442 451 460 471 474 483 492
a 4 10 19 22 28 37 43 55 61 70 79 82 88 97 103 115 121 130 139 142 148 157 163 175 181 190 199 202 208 217 223 235 241 250 259 262 268 277 283 295 301 310 319 322 328 337 343 355 361 370 379 382 391 400 409 412 421 430 439 442 451 460 471 474 483 492
a 4 10 19 22 28 37 43 55 61 70 79 82 88 97 103 115 121 130 139 142 148 157 163 175 181 190 199 202 208 217 223 235 241 250 259 262 268 277 283 295 301 310 319 322 328 337 343 352 361 370 379 382 391 400 409 412 421 430 439 442 451 460 471 474 483 492
a 4 10 19 22 28 37 43 55 61 70 79 82 88 97 103 115 121 130 139 142 148 157 163 175 181 190 199 202 208 217 223 235 241 250 259 262 268 277 283 295 301 310 319 322 328 337 349 352 361 370 379 382 391 400 409 412 421 430 439 442 451 460 471 474 483 492
a 4 10 19 22 28 37 43 55 61 70 79 82 88 97 103 115 121 130 139 142 148 157 163 175 181 190 199 202 208 217 223 235 241 250 259 262 268 277 283 295 301 310 319 322 328 340 349 352 361 370 379 382 391 400 409 412 421 430 439 442 451 460 471 474 483 492
a 4 10 19 22 28 37 43 55 61 70 79 82 88 97 103 115 121 130 139 142 148 157 163 175 181 190 199 202 208 217 223 235 241 250 259 262 268 277 283 295 301 310 319 322 331 340 349 352 361 370 379 382 391 400 409 412 421 430 439 442 451 460 471 474 483 492
a 4 10 19 22 28 37 43 55 61 70 79 82 88 97 103 115 121 130 139 142 148 157 163 175 181 190 199 202 208 217 223 235 241 250 259 262 268 277 283 292 301 310 319 322 331 340 349 352 361 370 379 382 391 400 409 412 421 430 439 442 451 460 471 474 483 492
a 4 10 19 22 28 37 43 55 61 70 79 82 88 97 103 115 121 130 139 142 148 157 163 175 181 190 199 202 208 217 223 235 241 250 259 262 268 277 289 292 301 310 319 322 331 340 349 352 361 370 379 382 391 400 409 412 421 430 439 442 451 460 471 474 483 492
a 4 10 19 22 28 37 43 55 61 70 79 82 88 97 103 115 121 130 139 142 148 157 163 175 181 190 199 202 208 217 223 235 241 250 259 262 268 280 289 292 301 310 319 322 331 340 349 352 361 370 379 382 391 400 409 412 421 430 439 442 451 460 471 474 483 492
a 4 10 19 22 28 37 43 55 61 70 79 82 88 97 103 115 121 130 139 142 148 157 163 175 181 190 199 202 208 217 223 235 241 250 259 262 271 280 289 292 301 310 319 322 331 340 349 352 361 370 379 382 391 400 409 412 421 430 439 442 451 460 471 474 483 492
a 4 10 19 22 28 37 43 55 61 70 79 82 88 97 103 115 121 130 139 142 148 157 163 175 181 190 199 202 208 217 223 232 241 250 259 262 271 280 289 292 301 310 319 322 331 340 349 352 361 370 379 382 391 400 409 412 421 430 439 442 451 460 471 474 483 492
a 4 10 19 22 28 37 43 55 61 70 79 82 88 97 103 115 121 130 139 142 148 157 163 175 181 190 199 202 208 217 229 232 241 250 259 262 271 280 289 292 301 310 319 322 331 340 349 352 361 370 379 382 391 400 409 412 421 430 439 442 451 460 471 474 483 492
a 4 10 19 22 28 37 43 55 61 70 79 82 88 97 103 115 121 130 139 142 148 157 163 175 181 190 199 202 208 220 229 232 241 250 259 262 271 280 289 292 301 310 319 322 331 340 349 352 361 370 379 382 391 400 409 412 421 430 439 442 451 460 471 474 483 492
a 4 10 19 22 28 37 43 55 61 70 79 82 88 97 103 115 121 130 139 142 148 157 163 175 181 190 199 202 211 220 229 232 241 250 259 262 271 280 289 292 301 310 319 322 331 340 349 352 361 370 379 382 391 400 409 412 421 430 439 442 451 460 471 474 483 492
a 4 10 19 22 28 37 43 55 61 70 79 82 88 97 103 115 121 130 139 142 148 157 163 172 181 190 199 202 211 220 229 232 241 250 259 262 271 280 289 292 301 310 319 322 331 340 349 352 361 370 379 382 391 400 409 412 421 430 439 442 451 460 471 474 483 492
a 4 10 19 22 28 37 43 55 61 70 79 82 88 97 103 115 121 130 139 142 148 157 169 172 181 190 199 202 211 220 229 232 241 250 259 262 271 280 289 292 301 310 319 322 331 340 349 352 361 370 379 382 391 400 409 412 421 430 439 442 451 460 471 474 483 492
a 4 10 19 22 28 37 43 55 61 70 79 82 88 97 103 115 121 130 139 142 148 160 169 172 181 190 199 202 211 220 229 232 241 250 259 262 271 280 289 292 301 310 319 322 331 340 349 352 361 370 379 382 391 400 409 412 421 430 439 442 451 460 471 474 483 492
a 4 10 19 22 28 37 43 55 61 70 79 82 88 97 103 115 121 130 139 142 151 160 169 172 181 190 199 202 211 220 229 232 241 250 259 262 271 280 289 292 301 310 319 322 331 340 349 352 361 370 379 382 391 400 409 412 421 430 439 442 451 460 471 474 483 492
a 4 10 19 22 28 37 43 55 61 70 79 82 88 97 103 112 121 130 139 142 151 160 169 172 181 190 199 202 211 220 229 232 241 250 259 262 271 280 289 292 301 310 319 322 331 340 349 352 361 370 379 382 391 400 409 412 421 430 439 442 451 460 471 474 483 492
a 4 10 19 22 28 37 43 55 61 70 79 82 88 97 109 112 121 130 139 142 151 160 169 172 181 190 199 202 211 220 229 232 241 250 259 262 271 280 289 292 301 310 319 322 331 340 349 352 361 370 379 382 391 400 409 412 421 430 439 442 451 460 471 474 483 492
a 4 10 19 22 28 37 43 55 61 70 79 82 88 100 109 112 121 130 139 142 151 160 169 172 181 190 199 202 211 220 229 232 241 250 259 262 271 280 289 292 301 310 319 322 331 340 349 352 361 370 379 382 391 400 409 412 421 430 439 442 451 460 471 474 483 492
a 4 10 19 22 28 37 43 55 61 70 79 82 91 100 109 112 121 130 139 142 151 160 169 172 181 190 199 202 211 220 229 232 241 250 259 262 271 280 289 292 301 310 319 322 331 340 349 352 361 370 379 382 391 400 409 412 421 430 439 442 451 460 471 474 483 492
a 4 10 19 22 28 37 43 52 61 70 79 82 91 100 109 112 121 130 139 142 151 160 169 172 181 190 199 202 211 220 229 232 241 250 259 262 271 280 289 292 301 310 319 322 331 340 349 352 361 370 379 382 391 400 409 412 421 430 439 442 451 460 471 474 483 492
a 4 10 19 22 28 37 49 52 61 70 79 82 91 100 109 112 121 130 139 142 151 160 169 172 181 190 199 202 211 220 229 232 241 250 259 262 271 280 289 292 301 310 319 322 331 340 349 352 361 370 379 382 391 400 409 412 421 430 439 442 451 460 471 474 483 492
a 4 10 19 22 28 40 49 52 61 70 79 82 91 100 109 112 121 130 139 142 151 160 169 172 181 190 199 202 211 220 229 232 241 250 259 262 271 280 289 292 301 310 319 322 331 340 349 352 361 370 379 382 391 400 409 412 421 430 439 442 451 460 471 474 483 492
a 4 10 19 22 31 40 49 52 61 70 79 82 91 100 109 112 121 130 139 142 151 160 169 172 181 190 199 202 211 220 229 232 241 250 259 262 271 280 289 292 301 310 319 322 331 340 349 352 361 370 379 382 391 400 409 412 421 430 439 442 451 460 471 474 483 492
a 1 10 19 22 31 40 49 52 61 70 79 82 91 100 109 112 121 130 139 142 151 160 169 172 181 190 199 202 211 220 229 232 241 250 259 262 271 280 289 292 301 310 319 322 331 340 349 352 361 370 379 382 391 400 409 412 421 430 439 442 451 460 471 474 483 492
a 1 7 19 22 31 40 49 52 61 70 79 82 91 100 109 112 121 130 139 142 151 160 169 172 181 190 199 202 211 220 229 232 241 250 259 262 271 280 289 292 301 310 319 322 331 340 349 352 361 370 379 382 391 400 409 412 421 430 439 442 451 460 471 474 483 492
a 1 7 13 22 31 40 49 52 61 70 79 82 91 100 109 112 121 130 139 142 151 160 169 172 181 190 199 202 211 220 229 232 241 250 259 262 271 280 289 292 301 310 319 322 331 340 349 352 361 370 379 382 391 400 409 412 421 430 439 442 451 460 471 474 483 492
a 1 7 13 25 31 40 49 52 61 70 79 82 91 100 109 112 121 130 139 142 151 160 169 172 181 190 199 202 211 220 229 232 241 250 259 262 271 280 289 292 301 310 319 322 331 340 349 352 361 370 379 382 391 400 409 412 421 430 439 442 451 460 471 474 483 492
a 1 7 13 25 31 40 49 52 58 70 79 82 91 100 109 112 121 130 139 142 151 160 169 172 181 190 199 202 211 220 229 232 241 250 259 262 271 280 289 292 301 310 319 322 331 340 349 352 361 370 379 382 391 400 409 412 421 430 439 442 451 460 471 474 483 492
a 1 7 13 25 31 40 49 52 58 67 79 82 91 100 109 112 121 130 139 142 151 160 169 172 181 190 199 202 211 220 229 232 241 250 259 262 271 280 289 292 301 310 319 322 331 340 349 352 361 370 379 382 391 400 409 412 421 430 439 442 451 460 471 474 483 492
a 1 7 13 25 31 40 49 52 58 67 73 82 91 100 109 112 121 130 139 142 151 160 169 172 181 190 199 202 211 220 229 232 241 250 259 262 271 280 289 292 301 310 319 322 331 340 349 352 361 370 379 382 391 400 409 412 421 430 439 442 451 460 471 474 483 492
a 1 7 13 25 31 40 49 52 58 67 73 85 91 100 109 112 121 130 139 142 151 160 169 172 181 190 199 202 211 220 229 232 241 250 259 262 271 280 289 292 301 310 319 322 331 340 349 352 361 370 379 382 391 400 409 412 421 430 439 442 451 460 471 474 483 492
a 1 7 13 25 31 40 49 52 58 67 73 85 91 100 109 112 118 130 139 142 151 160 169 172 181 190 199 202 211 220 229 232 241 250 259 262 271 280 289 292 301 310 319 322 331 340 349 352 361 370 379 382 391 400 409 412 421 430 439 442 451 460 471 474 483 492
a 1 7 13 25 31 40 49 52 58 67 73 85 91 100 109 112 118 127 139 142 151 160 169 172 181 190 199 202 211 220 229 232 241 250 259 262 271 280 289 292 301 310 319 322 331 340 349 352 361 370 379 382 391 400 409 412 421 430 439 442 451 460 471 474 483 492
a 1 7 13 25 31 40 49 52 58 67 73 85 91 100 109 112 118 127 133 142 151 160 169 172 181 190 199 202 211 220 229 232 241 250 259 262 271 280 289 292 301 310 319 322 331 340 349 352 361 370 379 382 391 400 409 412 421 430 439 442 451 460 471 474 483 492
a 1 7 13 25 31 40 49 52 58 67 73 85 91 100 109 112 118 127 133 145 151 160 169 172 181 190 199 202 211 220 229 232 241 250 259 262 271 280 289 292 301 310 319 322 331 340 349 352 361 370 379 382 391 400 409 412 421 430 439 442 451 460 471 474 483 492
a 1 7 13 25 31 40 49 52 58 67 73 85 91 100 109 112 118 127 133 145 151 160 169 172 178 190 199 202 211 220 229 232 241 250 259 262 271 280 289 292 301 310 319 322 331 340 349 352 361 370 379 382 391 400 409 412 421 430 439 442 451 460 471 474 483 492
a 1 7 13 25 31 40 49 52 58 67 73 85 91 100 109 112 118 127 133 145 151 160 169 172 178 187 199 202 211 220 229 232 241 250 259 262 271 280 289 292 301 310 319 322 331 340 349 352 361 370 379 382 391 400 409 412 421 430 439 442 451 460 471 474 483 492
a 1 7 13 25 31 40 49 52 58 67 73 85 91 100 109 112 118 127 133 145 151 160 169 172 178 187 193 202 211 220 229 232 241 250 259 262 271 280 289 292 301 310 319 322 331 340 349 352 361 370 379 382 391 400 409 412 421 430 439 442 451 460 471 474 483 492
a 1 7 13 25 31 40 49 52 58 67 73 85 91 100 109 112 118 127 133 145 151 160 169 172 178 187 193 205 211 220 229 232 241 250 259 262 271 280 289 292 301 310 319 322 331 340 349 352 361 370 379 382 391 400 409 412 421 430 439 442 451 460 471 474 483 492
a 1 7 13 25 31 40 49 52 58 67 73 85 91 100 109 112 118 127 133 145 151 160 169 172 178 187 193 205 211 220 229 232 238 250 259 262 271 280 289 292 301 310 319 322 331 340 349 352 361 370 379 382 391 400 409 412 421 430 439 442 451 460 471 474 483 492
a 1 7 13 25 31 40 49 52 58 67 73 85 91 100 109 112 118 127 133 145 151 160 169 172 178 187 193 205 211 220 229 232 238 247 259 262 271 280 289 292 301 310 319 322 331 340 349 352 361 370 379 382 391 400 409 412 421 430 439 442 451 460 471 474 483 492
a 1 7 13 25 31 40 49 52 58 67 73 85 91 100 109 112 118 127 133 145 151 160 169 172 178 187 193 205 211 220 229 232 238 247 253 262 271 280 289 292 301 310 319 322 331 340 349 352 361 370 379 382 391 400 409 412 421 430 439 442 451 460 471 474 483 492
a 1 7 13 25 31 40 49 52 58 67 73 85 91 100 109 112 118 127 133 145 151 160 169 172 178 187 193 205 211 220 229 232 238 247 253 265 271 280 289 292 301 310 319 322 331 340 349 352 361 370 379 382 391 400 409 412 421 430 439 442 451 460 471 474 483 492
a 1 7 13 25 31 40 49 52 58 67 73 85 91 100 109 112 118 127 133 145 151 160 169 172 178 187 193 205 211 220 229 232 238 247 253 265 271 280 289 292 298 310 319 322 331 340 349 352 361 370 379 382 391 400 409 412 421 430 439 442 451 460 471 474 483 492
a 1 7 13 25 31 40 49 52 58 67 73 85 91 100 109 112 118 127 133 145 151 160 169 172 178 187 193 205 211 220 229 232 238 247 253 265 271 280 289 292 298 307 319 322 331 340 349 352 361 370 379 382 391 400 409 412 421 430 439 442 451 460 471 474 483 492
a 1 7 13 25 31 40 49 52 58 67 73 85 91 100 109 112 118 127 133 145 151 160 169 172 178 187 193 205 211 220 229 232 238 247 253 265 271 280 289 292 298 307 313 322 331 340 349 352 361 370 379 382 391 400 409 412 421 430 439 442 451 460 471 474 483 492
a 1 7 13 25 31 40 49 52 58 67 73 85 91 100 109 112 118 127 133 145 151 160 169 172 178 187 193 205 211 220 229 232 238 247 253 265 271 280 289 292 298 307 313 325 331 340 349 352 361 370 379 382 391 400 409 412 421 430 439 442 451 460 471 474 483 492
a 1 7 13 25 31 40 49 52 58 67 73 85 91 100 109 112 118 127 133 145 151 160 169 172 178 187 193 205 211 220 229 232 238 247 253 265 271 280 289 292 298 307 313 325 331 340 349 352 358 370 379 382 391 400 409 412 421 430 439 442 451 460 471 474 483 492
a 1 7 13 25 31 40 49 52 58 67 73 85 91 100 109 112 118 127 133 145 151 160 169 172 178 187 193 205 211 220 229 232 238 247 253 265 271 280 289 292 298 307 313 325 331 340 349 352 358 367 379 382 391 400 409 412 421 430 439 442 451 460 471 474 483 492
a 1 7 13 25 31 40 49 52 58 67 73 85 91 100 109 112 118 127 133 145 151 160 169 172 178 187 193 205 211 220 229 232 238 247 253 265 271 280 289 292 298 307 313 325 331 340 349 352 358 367 373 382 391 400 409 412 421 430 439 442 451 460 471 474 483 492
a 1 7 13 25 31 40 49 52 58 67 73 85 91 100 109 112 118 127 133 145 151 160 169 172 178 187 193 205 211 220 229 232 238 247 253 265 271 280 289 292 298 307 313 325 331 340 349 352 358 367 373 385 391 400 409 412 421 430 439 442 451 460 471 474 483 492
a 1 7 13 25 31 40 49 52 58 67 73 85 91 100 109 112 118 127 133 145 151 160 169 172 178 187 193 205 211 220 229 232 238 247 253 265 271 280 289 292 298 307 313 325 331 340 349 352 358 367 373 385 391 400 409 412 418 430 439 442 451 460 471 474 483 492
a 1 7 13 25 31 40 49 52 58 67 73 85 91 100 109 112 118 127 133 145 151 160 169 172 178 187 193 205 211 220 229 232 238 247 253 265 271 280 289 292 298 307 313 325 331 340 349 352 358 367 373 385 391 400 409 412 418 427 439 442 451 460 471 474 483 492
a 1 7 13 25 31 40 49 52 58 67 73 85 91 100 109 112 118 127 133 145 151 160 169 172 178 187 193 205 211 220 229 232 238 247 253 265 271 280 289 292 298 307 313 325 331 340 349 352 358 367 373 385 391 400 409 412 418 427 433 442 451 460 471 474 483 492
a 1 7 13 25 31 40 49 52 58 67 73 85 91 100 109 112 118 127 133 145 151 160 169 172 178 187 193 205 211 220 229 232 238 247 253 265 271 280 289 292 298 307 313 325 331 340 349 352 358 367 373 385 391 400 409 412 418 427 433 445 451 460 471 474 483 492
a 1 7 13 25 31 40 49 52 58 67 73 85 91 100 109 112 118 127 133 145 151 160 169 172 178 187 193 205 211 220 229 232 238 247 253 265 271 280 289 292 298 307 313 325 331 340 349 352 358 367 373 385 391 400 409 412 418 427 433 445 451 460 471 474 478 492
a 1 7 13 25 31 40 49 52 58 67 73 85 91 100 109 112 118 127 133 145 151 160 169 172 178 187 193 205 211 220 229 232 238 247 253 265 271 280 289 292 298 307 313 325 331 340 349 352 358 367 373 385 391 400 409 412 418 427 433 445 451 460 471 474 478 489
a 1 7 13 25 31 40 49 52 58 67 73 85 91 100 109 112 118 127 133 145 151 160 169 172 178 187 193 205 211 220 229 232 238 247 253 265 271 280 289 292 298 307 313 325 331 340 349 352 358 367 373 385 391 400 409 412 418 427 433 445 451 460 471 474 486 489
a 1 7 13 25 31 40 49 52 58 67 73 85 91 100 109 112 118 127 133 145 151 160 169 172 178 187 193 205 211 220 229 232 238 247 253 265 271 280 289 292 298 307 313 325 331 340 349 352 358 367 373 385 391 400 409 412 418 427 433 444 451 460 471 474 486 489
a 1 7 13 25 31 40 49 52 58 67 73 85 91 100 109 112 118 127 133 145 151 160 169 172 178 187 193 205 211 220 229 232 238 247 253 265 271 280 289 292 298 307 313 325 331 340 349 352 358 367 373 385 391 400 409 412 418 427 441 444 451 460 471 474 486 489
a 1 7 13 25 31 40 49 52 58 67 73 85 91 100 109 112 118 127 133 145 151 160 169 172 178 187 193 205 211 220 229 232 238 247 253 265 271 280 289 292 298 307 313 325 331 340 349 352 358 367 373 385 391 400 409 412 418 430 441 444 451 460 471 474 486 489
a 1 7 13 25 31 40 49 52 58 67 73 85 91 100 109 112 118 127 133 145 151 160 169 172 178 187 193 205 211 220 229 232 238 247 253 265 271 280 289 292 298 307 313 325 331 340 349 352 358 367 373 385 391 400 409 412 421 430 441 444 451 460 471 474 486 489
a 1 7 13 25 31 40 49 52 58 67 73 85 91 100 109 112 118 127 133 145 151 160 169 172 178 187 193 205 211 220 229 232 238 247 253 265 271 280 289 292 298 307 313 325 331 340 349 352 358 367 373 382 391 400 409 412 421 430 441 444 451 460 471 474 486 489
a 1 7 13 25 31 40 49 52 58 67 73 85 91 100 109 112 118 127 133 145 151 160 169 172 178 187 193 205 211 220 229 232 238 247 253 265 271 280 289 292 298 307 313 325 331 340 349 352 358 367 379 382 391 400 409 412 421 430 441 444 451 460 471 474 486 489
a 1 7 13 25 31 40 49 52 58 67 73 85 91 100 109 112 118 127 133 145 151 160 169 172 178 187 193 205 211 220 229 232 238 247 253 265 271 280 289 292 298 307 313 325 331 340 349 352 358 370 379 382 391 400 409 412 421 430 441 444 451 460 471 474 486 489
a 1 7 13 25 31 40 49 52 58 67 73 85 91 100 109 112 118 127 133 145 151 160 169 172 178 187 193 205 211 220 229 232 238 247 253 265 271 280 289 292 298 307 313 325 331 340 349 352 361 370 379 382 391 400 409 412 421 430 441 444 451 460 471 474 486 489
a 1 7 13 25 31 40 49 52 58 67 73 85 91 100 109 112 118 127 133 145 151 160 169 172 178 187 193 205 211 220 229 232 238 247 253 265 271 280 289 292 298 307 313 322 331 340 349 352 361 370 379 382 391 400 409 412 421 430 441 444 451 460 471 474 486 489
a 1 7 13 25 31 40 49 52 58 67 73 85 91 100 109 112 118 127 133 145 151 160 169 172 178 187 193 205 211 220 229 232 238 247 253 265 271 280 289 292 298 307 319 322 331 340 349 352 361 370 379 382 391 400 409 412 421 430 441 444 451 460 471 474 486 489
a 1 7 13 25 31 40 49 52 58 67 73 85 91 100 109 112 118 127 133 145 151 160 169 172 178 187 193 205 211 220 229 232 238 247 253 265 271 280 289 292 298 310 319 322 331 340 349 352 361 370 379 382 391 400 409 412 421 430 441 444 451 460 471 474 486 489
a 1 7 13 25 31 40 49 52 58 67 73 85 91 100 109 112 118 127 133 145 151 160 169 172 178 187 193 205 211 220 229 232 238 247 253 265 271 280 289 292 301 310 319 322 331 340 349 352 361 370 379 382 391 400 409 412 421 430 441 444 451 460 471 474 486 489
a 1 7 13 25 31 40 49 52 58 67 73 85 91 100 109 112 118 127 133 145 151 160 169 172 178 187 193 205 211 220 229 232 238 247 253 262 271 280 289 292 301 310 319 322 331 340 349 352 361 370 379 382 391 400 409 412 421 430 441 444 451 460 471 474 486 489
a 1 7 13 25 31 40 49 52 58 67 73 85 91 100 109 112 118 127 133 145 151 160 169 172 178 187 193 205 211 220 229 232 238 247 259 262 271 280 289 292 301 310 319 322 331 340 349 352 361 370 379 382 391 400 409 412 421 430 441 444 451 460 471 474 486 489
a 1 7 13 25 31 40 49 52 58 67 73 85 91 100 109 112 118 127 133 145 151 160 169 172 178 187 193 205 211 220 229 232 238 250 259 262 271 280 289 292 301 310 319 322 331 340 349 352 361 370 379 382 391 400 409 412 421 430 441 444 451 460 471 474 486 489
a 1 7 13 25 31 40 49 52 58 67 73 85 91 100 109 112 118 127 133 145 151 160 169 172 178 187 193 205 211 220 229 232 241 250 259 262 271 280 289 292 301 310 319 322 331 340 349 352 361 370 379 382 391 400 409 412 421 430 441 444 451 460 471 474 486 489
a 1 7 13 25 31 40 49 52 58 67 73 85 91 100 109 112 118 127 133 145 151 160 169 172 178 187 193 202 211 220 229 232 241 250 259 262 271 280 289 292 301 310 319 322 331 340 349 352 361 370 379 382 391 400 409 412 421 430 441 444 451 460 471 474 486 489
a 1 7 13 25 31 40 49 52 58 67 73 85 91 100 109 112 118 127 133 145 151 160 169 172 178 187 199 202 211 220 229 232 241 250 259 262 271 280 289 292 301 310 319 322 331 340 349 352 361 370 379 382 391 400 409 412 421 430 441 444 451 460 471 474 486 489
a 1 7 13 25 31 40 49 52 58 67 73 85 91 100 109 112 118 127 133 145 151 160 169 172 178 190 199 202 211 220 229 232 241 250 259 262 271 280 289 292 301 310 319 322 331 340 349 352 361 370 379 382 391 400 409 412 421 430 441 444 451 460 471 474 486 489
a 1 7 13 25 31 40 49 52 58 67 73 85 91 100 109 112 118 127 133 145 151 160 169 172 181 190 199 202 211 220 229 232 241 250 259 262 271 280 289 292 301 310 319 322 331 340 349 352 361 370 379 382 391 400 409 412 421 430 441 444 451 460 471 474 486 489
a 1 7 13 25 31 40 49 52 58 67 73 85 91 100 109 112 118 127 133 142 151 160 169 172 181 190 199 202 211 220 229 232 241 250 259 262 271 280 289 292 301 310 319 322 331 340 349 352 361 370 379 382 391 400 409 412 421 430 441 444 451 460 471 474 486 489
a 1 7 13 25 31 40 49 52 58 67 73 85 91 100 109 112 118 127 139 142 151 160 169 172 181 190 199 202 211 220 229 232 241 250 259 262 271 280 289 292 301 310 319 322 331 340 349 352 361 370 379 382 391 400 409 412 421 430 441 444 451 460 471 474 486 489
a 1 7 13 25 31 40 49 52 58 67 73 85 91 100 109 112 118 130 139 142 151 160 169 172 181 190 199 202 211 220 229 232 241 250 259 262 271 280 289 292 301 310 319 322 331 340 349 352 361 370 379 382 391 400 409 412 421 430 441 444 451 460 471 474 486 489
a 1 7 13 25 31 40 49 52 58 67 73 85 91 100 109 112 121 130 139 142 151 160 169 172 181 190 199 202 211 220 229 232 241 250 259 262 271 280 289 292 301 310 319 322 331 340 349 352 361 370 379 382 391 400 409 412 421 430 441 444 451 460 471 474 486 489
a 1 7 13 25 31 40 49 52 58 67 73 82 91 100 109 112 121 130 139 142 151 160 169 172 181 190 199 202 211 220 229 232 241 250 259 262 271 280 289 292 301 310 319 322 331 340 349 352 361 370 379 382 391 400 409 412 421 430 441 444 451 460 471 474 486 489
a 1 7 13 25 31 40 49 52 58 67 79 82 91 100 109 112 121 130 139 142 151 160 169 172 181 190 199 202 211 220 229 232 241 250 259 262 271 280 289 292 301 310 319 322 331 340 349 352 361 370 379 382 391 400 409 412 421 430 441 444 451 460 471 474 486 489
a 1 7 13 25 31 40 49 52 58 70 79 82 91 100 109 112 121 130 139 142 151 160 169 172 181 190 199 202 211 220 229 232 241 250 259 262 271 280 289 292 301 310 319 322 331 340 349 352 361 370 379 382 391 400 409 412 421 430 441 444 451 460 471 474 486 489
a 1 7 13 25 31 40 49 52 61 70 79 82 91 100 109 112 121 130 139 142 151 160 169 172 181 190 199 202 211 220 229 232 241 250 259 262 271 280 289 292 301 310 319 322 331 340 349 352 361 370 379 382 391 400 409 412 421 430 441 444 451 460 471 474 486 489
a 1 7 13 22 31 40 49 52 61 70 79 82 91 100 109 112 121 130 139 142 151 160 169 172 181 190 199 202 211 220 229 232 241 250 259 262 271 280 289 292 301 310 319 322 331 340 349 352 361 370 379 382 391 400 409 412 421 430 441 444 451 460 471 474 486 489
a 1 7 19 22 31 40 49 52 61 70 79 82 91 100 109 112 121 130 139 142 151 160 169 172 181 190 199 202 211 220 229 232 241 250 259 262 271 280 289 292 301 310 319 322 331 340 349 352 361 370 379 382 391 400 409 412 421 430 441 444 451 460 471 474 486 489
a 1 10 19 22 31 40 49 52 61 70 79 82 91 100 109 112 121 130 139 142 151 160 169 172 181 190 199 202 211 220 229 232 241 250 259 262 271 280 289 292 301 310 319 322 331 340 349 352 361 370 379 382 391 400 409 412 421 430 441 444 451 460 471 474 486 489
a 4 10 19 22 31 40 49 52 61 70 79 82 91 100 109 112 121 130 139 142 151 160 169 172 181 190 199 202 211 220 229 232 241 250 259 262 271 280 289 292 301 310 319 322 331 340 349 352 361 370 379 382 391 400 409 412 421 430 441 444 451 460 471 474 486 489
a 4 10 19 22 28 40 49 52 61 70 79 82 91 100 109 112 121 130 139 142 151 160 169 172 181 190 199 202 211 220 229 232 241 250 259 262 271 280 289 292 301 310 319 322 331 340 349 352 361 370 379 382 391 400 409 412 421 430 441 444 451 460 471 474 486 489
a 4 10 19 22 28 37 49 52 61 70 79 82 91 100 109 112 121 130 139 142 151 160 169 172 181 190 199 202 211 220 229 232 241 250 259 262 271 280 289 292 301 310 319 322 331 340 349 352 361 370 379 382 391 400 409 412 421 430 441 444 451 460 471 474 486 489
a 4 10 19 22 28 37 43 52 61 70 79 82 91 100 109 112 121 130 139 142 151 160 169 172 181 190 199 202 211 220 229 232 241 250 259 262 271 280 289 292 301 310 319 322 331 340 349 352 361 370 379 382 391 400 409 412 421 430 441 444 451 460 471 474 486 489
a 4 10 19 22 28 37 43 55 61 70 79 82 91 100 109 112 121 130 139 142 151 160 169 172 181 190 199 202 211 220 229 232 241 250 259 262 271 280 289 292 301 310 319 322 331 340 349 352 361 370 379 382 391 400 409 412 421 430 441 444 451 460 471 474 486 489
a 4 10 19 22 28 37 43 55 61 70 79 82 88 100 109 112 121 130 139 142 151 160 169 172 181 190 199 202 211 220 229 232 241 250 259 262 271 280 289 292 301 310 319 322 331 340 349 352 361 370 379 382 391 400 409 412 421 430 441 444 451 460 471 474 486 489
a 4 10 19 22 28 37 43 55 61 70 79 82 88 97 109 112 121 130 139 142 151 160 169 172 181 190 199 202 211 220 229 232 241 250 259 262 271 280 289 292 301 310 319 322 331 340 349 352 361 370 379 382 391 400 409 412 421 430 441 444 451 460 471 474 486 489
a 4 10 19 22 28 37 43 55 61 70 79 82 88 97 103 112 121 130 139 142 151 160 169 172 181 190 199 202 211 220 229 232 241 250 259 262 271 280 289 292 301 310 319 322 331 340 349 352 361 370 379 382 391 400 409 412 421 430 441 444 451 460 471 474 486 489
a 4 10 19 22 28 37 43 55 61 70 79 82 88 97 103 115 121 130 139 142 151 160 169 172 181 190 199 202 211 220 229 232 241 250 259 262 271 280 289 292 301 310 319 322 331 340 349 352 361 370 379 382 391 400 409 412 421 430 441 444 451 460 471 474 486 489
a 4 10 19 22 28 37 43 55 61 70 79 82 88 97 103 115 121 130 139 142 148 160 169 172 181 190 199 202 211 220 229 232 241 250 259 262 271 280 289 292 301 310 319 322 331 340 349 352 361 370 379 382 391 400 409 412 421 430 441 444 451 460 471 474 486 489
a 4 10 19 22 28 37 43 55 61 70 79 82 88 97 103 115 121 130 139 142 148 157 169 172 181 190 199 202 211 220 229 232 241 250 259 262 271 280 289 292 301 310 319 322 331 340 349 352 361 370 379 382 391 400 409 412 421 430 441 444 451 460 471 474 486 489
a 4 10 19 22 28 37 43 55 61 70 79 82 88 97 103 115 121 130 139 142 148 157 163 172 181 190 199 202 211 220 229 232 241 250 259 262 271 280 289 292 301 310 319 322 331 340 349 352 361 370 379 382 391 400 409 412 421 430 441 444 451 460 471 474 486 489
a 4 10 19 22 28 37 43 55 61 70 79 82 88 97 103 115 121 130 139 142 148 157 163 175 181 190 199 202 211 220 229 232 241 250 259 262 271 280 289 292 301 310 319 322 331 340 349 352 361 370 379 382 391 400 409 412 421 430 441 444 451 460 471 474 486 489
a 4 10 19 22 28 37 43 55 61 70 79 82 88 97 103 115 121 130 139 142 148 157 163 175 181 190 199 202 208 220 229 232 241 250 259 262 271 280 289 292 301 310 319 322 331 340 349 352 361 370 379 382 391 400 409 412 421 430 441 444 451 460 471 474 486 489
a 4 10 19 22 28 37 43 55 61 70 79 82 88 97 103 115 121 130 139 142 148 157 163 175 181 190 199 202 208 217 229 232 241 250 259 262 271 280 289 292 301 310 319 322 331 340 349 352 361 370 379 382 391 400 409 412 421 430 441 444 451 460 471 474 486 489
a 4 10 19 22 28 37 43 55 61 70 79 82 88 97 103 115 121 130 139 142 148 157 163 175 181 190 199 202 208 217 223 232 241 250 259 262 271 280 289 292 301 310 319 322 331 340 349 352 361 370 379 382 391 400 409 412 421 430 441 444 451 460 471 474 486 489
a 4 10 19 22 28 37 43 55 61 70 79 82 88 97 103 115 121 130 139 142 148 157 163 175 181 190 199 202 208 217 223 235 241 250 259 262 271 280 289 292 301 310 319 322 331 340 349 352 361 370 379 382 391 400 409 412 421 430 441 444 451 460 471 474 486 489
a 4 10 19 22 28 37 43 55 61 70 79 82 88 97 103 115 121 130 139 142 148 157 163 175 181 190 199 202 208 217 223 235 241 250 259 262 268 280 289 292 301 310 319 322 331 340 349 352 361 370 379 382 391 400 409 412 421 430 441 444 451 460 471 474 486 489
a 4 10 19 22 28 37 43 55 61 70 79 82 88 97 103 115 121 130 139 142 148 157 163 175 181 190 199 202 208 217 223 235 241 250 259 262 268 277 289 292 301 310 319 322 331 340 349 352 361 370 379 382 391 400 409 412 421 430 441 444 451 460 471 474 486 489
a 4 10 19 22 28 37 43 55 61 70 79 82 88 97 103 115 121 130 139 142 148 157 163 175 181 190 199 202 208 217 223 235 241 250 259 262 268 277 283 292 301 310 319 322 331 340 349 352 361 370 379 382 391 400 409 412 421 430 441 444 451 460 471 474 486 489
a 4 10 19 22 28 37 43 55 61 70 79 82 88 97 103 115 121 130 139 142 148 157 163 175 181 190 199 202 208 217 223 235 241 250 259 262 268 277 283 295 301 310 319 322 331 340 349 352 361 370 379 382 391 400 409 412 421 430 441 444 451 460 471 474 486 489
a 4 10 19 22 28 37 43 55 61 70 79 82 88 97 103 115 121 130 139 142 148 157 163 175 181 190 199 202 208 217 223 235 241 250 259 262 268 277 283 295 301 310 319 322 328 340 349 352 361 370 379 382 391 400 409 412 421 430 441 444 451 460 471 474 486 489
a 4 10 19 22 28 37 43 55 61 70 79 82 88 97 103 115 121 130 139 142 148 157 163 175 181 190 199 202 208 217 223 235 241 250 259 262 268 277 283 295 301 310 319 322 328 337 349 352 361 370 379 382 391 400 409 412 421 430 441 444 451 460 471 474 486 489
a 4 10 19 22 28 37 43 55 61 70 79 82 88 97 103 115 121 130 139 142 148 157 163 175 181 190 199 202 208 217 223 235 241 250 259 262 268 277 283 295 301 310 319 322 328 337 343 352 361 370 379 382 391 400 409 412 421 430 441 444 451 460 471 474 486 489
a 4 10 19 22 28 37 43 55 61 70 79 82 88 97 103 115 121 130 139 142 148 157 163 175 181 190 199 202 208 217 223 235 241 250 259 262 268 277 283 295 301 310 319 322 328 337 343 355 361 370 379 382 391 400 409 412 421 430 441 444 451 460 471 474 486 489
a 4 10 19 22 28 37 43 55 61 70 79 82 88 97 103 115 121 130 139 142 148 157 163 175 181 190 199 202 208 217 223 235 241 250 259 262 268 277 283 295 301 310 319 322 328 337 343 355 361 370 379 382 388 400 409 412 421 430 441 444 451 460 471 474 486 489
a 4 10 19 22 28 37 43 55 61 70 79 82 88 97 103 115 121 130 139 142 148 157 163 175 181 190 199 202 208 217 223 235 241 250 259 262 268 277 283 295 301 310 319 322 328 337 343 355 361 370 379 382 388 397 409 412 421 430 441 444 451 460 471 474 486 489
a 4 10 19 22 28 37 43 55 61 70 79 82 88 97 103 115 121 130 139 142 148 157 163 175 181 190 199 202 208 217 223 235 241 250 259 262 268 277 283 295 301 310 319 322 328 337 343 355 361 370 379 382 388 397 403 412 421 430 441 444 451 460 471 474 486 489
a 4 10 19 22 28 37 43 55 61 70 79 82 88 97 103 115 121 130 139 142 148 157 163 175 181 190 199 202 208 217 223 235 241 250 259 262 268 277 283 295 301 310 319 322 328 337 343 355 361 370 379 382 388 397 403 415 421 430 441 444 451 460 471 474 486 489
a 4 10 19 22 28 37 43 55 61 70 79 82 88 97 103 115 121 130 139 142 148 157 163 175 181 190 199 202 208 217 223 235 241 250 259 262 268 277 283 295 301 310 319 322 328 337 343 355 361 370 379 382 388 397 403 415 421 430 441 444 448 460 471 474 486 489
a 4 10 19 22 28 37 43 55 61 70 79 82 88 97 103 115 121 130 139 142 148 157 163 175 181 190 199 202 208 217 223 235 241 250 259 262 268 277 283 295 301 310 319 322 328 337 343 355 361 370 379 382 388 397 403 415 421 430 441 444 448 459 471 474 486 489
a 4 10 19 22 28 37 43 55 61 70 79 82 88 97 103 115 121 130 139 142 148 157 163 175 181 190 199 202 208 217 223 235 241 250 259 262 268 277 283 295 301 310 319 322 328 337 343 355 361 370 379 382 388 397 403 415 421 430 441 444 456 459 471 474 486 489
a 4 10 19 22 28 37 43 55 61 70 79 82 88 97 103 115 121 130 139 142 148 157 163 175 181 190 199 202 208 217 223 235 241 250 259 262 268 277 283 295 301 310 319 322 328 337 343 355 361 370 379 382 388 397 403 414 421 430 441 444 456 459 471 474 486 489
a 4 10 19 22 28 37 43 55 61 70 79 82 88 97 103 115 121 130 139 142 148 157 163 175 181 190 199 202 208 217 223 235 241 250 259 262 268 277 283 295 301 310 319 322 328 337 343 355 361 370 379 382 388 397 411 414 421 430 441 444 456 459 471 474 486 489
a 4 10 19 22 28 37 43 55 61 70 79 82 88 97 103 115 121 130 139 142 148 157 163 175 181 190 199 202 208 217 223 235 241 250 259 262 268 277 283 295 301 310 319 322 328 337 343 355 361 370 379 382 388 400 411 414 421 430 441 444 456 459 471 474 486 489
a 4 10 19 22 28 37 43 55 61 70 79 82 88 97 103 115 121 130 139 142 148 157 163 175 181 190 199 202 208 217 223 235 241 250 259 262 268 277 283 295 301 310 319 322 328 337 343 355 361 370 379 382 391 400 411 414 421 430 441 444 456 459 471 474 486 489
a 4 10 19 22 28 37 43 55 61 70 79 82 88 97 103 115 121 130 139 142 148 157 163 175 181 190 199 202 208 217 223 235 241 250 259 262 268 277 283 295 301 310 319 322 328 337 343 352 361 370 379 382 391 400 411 414 421 430 441 444 456 459 471 474 486 489
a 4 10 19 22 28 37 43 55 61 70 79 82 88 97 103 115 121 130 139 142 148 157 163 175 181 190 199 202 208 217 223 235 241 250 259 262 268 277 283 295 301 310 319 322 328 337 349 352 361 370 379 382 391 400 411 414 421 430 441 444 456 459 471 474 486 489
a 4 10 19 22 28 37 43 55 61 70 79 82 88 97 103 115 121 130 139 142 148 157 163 175 181 190 199 202 208 217 223 235 241 250 259 262 268 277 283 295 301 310 319 322 328 340 349 352 361 370 379 382 391 400 411 414 421 430 441 444 456 459 471 474 486 489
a 4 10 19 22 28 37 43 55 61 70 79 82 88 97 103 115 121 130 139 142 148 157 163 175 181 190 199 202 208 217 223 235 241 250 259 262 268 277 283 295 301 310 319 322 331 340 349 352 361 370 379 382 391 400 411 414 421 430 441 444 456 459 471 474 486 489
a 4 10 19 22 28 37 43 55 61 70 79 82 88 97 103 115 121 130 139 142 148 157 163 175 181 190 199 202 208 217 223 235 241 250 259 262 268 277 283 292 301 310 319 322 331 340 349 352 361 370 379 382 391 400 411 414 421 430 441 444 456 459 471 474 486 489
a 4 10 19 22 28 37 43 55 61 70 79 82 88 97 103 115 121 130 139 142 148 157 163 175 181 190 199 202 208 217 223 235 241 250 259 262 268 277 289 292 301 310 319 322 331 340 349 352 361 370 379 382 391 400 411 414 421 430 441 444 456 459 471 474 486 489
a 4 10 19 22 28 37 43 55 61 70 79 82 88 97 103 115 121 130 139 142 148 157 163 175 181 190 199 202 208 217 223 235 241 250 259 262 268 280 289 292 301 310 319 322 331 340 349 352 361 370 379 382 391 400 411 414 421 430 441 444 456 459 471 474 486 489
a 4 10 19 22 28 37 43 55 61 70 79 82 88 97 103 115 121 130 139 142 148 157 163 175 181 190 199 202 208 217 223 235 241 250 259 262 271 280 289 292 301 310 319 322 331 340 349 352 361 370 379 382 391 400 411 414 421 430 441 444 456 459 471 474 486 489
a 4 10 19 22 28 37 43 55 61 70 79 82 88 97 103 115 121 130 139 142 148 157 163 175 181 190 199 202 208 217 223 232 241 250 259 262 271 280 289 292 301 310 319 322 331 340 349 352 361 370 379 382 391 400 411 414 421 430 441 444 456 459 471 474 486 489
a 4 10 19 22 28 37 43 55 61 70 79 82 88 97 103 115 121 130 139 142 148 157 163 175 181 190 199 202 208 217 229 232 241 250 259 262 271 280 289 292 301 310 319 322 331 340 349 352 361 370 379 382 391 400 411 414 421 430 441 444 456 459 471 474 486 489
a 4 10 19 22 28 37 43 55 61 70 79 82 88 97 103 115 121 130 139 142 148 157 163 175 181 190 199 202 208 220 229 232 241 250 259 262 271 280 289 292 301 310 319 322 331 340 349 352 361 370 379 382 391 400 411 414 421 430 441 444 456 459 471 474 486 489
a 4 10 19 22 28 37 43 55 61 70 79 82 88 97 103 115 121 130 139 142 148 157 163 175 181 190 199 202 211 220 229 232 241 250 259 262 271 280 289 292 301 310 319 322 331 340 349 352 361 370 379 382 391 400 411 414 421 430 441 444 456 459 471 474 486 489
a 4 10 19 22 28 37 43 55 61 70 79 82 88 97 103 115 121 130 139 142 148 157 163 172 181 190 199 202 211 220 229 232 241 250 259 262 271 280 289 292 301 310 319 322 331 340 349 352 361 370 379 382 391 400 411 414 421 430 441 444 456 459 471 474 486 489
a 4 10 19 22 28 37 43 55 61 70 79 82 88 97 103 115 121 130 139 142 148 157 169 172 181 190 199 202 211 220 229 232 241 250 259 262 271 280 289 292 301 310 319 322 331 340 349 352 361 370 379 382 391 400 411 414 421 430 441 444 456 459 471 474 486 489
a 4 10 19 22 28 37 43 55 61 70 79 82 88 97 103 115 121 130 139 142 148 160 169 172 181 190 199 202 211 220 229 232 241 250 259 262 271 280 289 292 301 310 319 322 331 340 349 352 361 370 379 382 391 400 411 414 421 430 441 444 456 459 471 474 486 489
a 4 10 19 22 28 37 43 55 61 70 79 82 88 97 103 115 121 130 139 142 151 160 169 172 181 190 199 202 211 220 229 232 241 250 259 262 271 280 289 292 301 310 319 322 331 340 349 352 361 370 379 382 391 400 411 414 421 430 441 444 456 459 471 474 486 489
a 4 10 19 22 28 37 43 55 61 70 79 82 88 97 103 112 121 130 139 142 151 160 169 172 181 190 199 202 211 220 229 232 241 250 259 262 271 280 289 292 301 310 319 322 331 340 349 352 361 370 379 382 391 400 411 414 421 430 441 444 456 459 471 474 486 489
a 4 10 19 22 28 37 43 55 61 70 79 82 88 97 109 112 121 130 139 142 151 160 169 172 181 190 199 202 211 220 229 232 241 250 259 262 271 280 289 292 301 310 319 322 331 340 349 352 361 370 379 382 391 400 411 414 421 430 441 444 456 459 471 474 486 489
a 4 10 19 22 28 37 43 55 61 70 79 82 88 100 109 112 121 130 139 142 151 160 169 172 181 190 199 202 211 220 229 232 241 250 259 262 271 280 289 292 301 310 319 322 331 340 349 352 361 370 379 382 391 400 411 414 421 430 441 444 456 459 471 474 486 489
a 4 10 19 22 28 37 43 55 61 70 79 82 91 100 109 112 121 130 139 142 151 160 169 172 181 190 199 202 211 220 229 232 241 250 259 262 271 280 289 292 301 310 319 322 331 340 349 352 361 370 379 382 391 400 411 414 421 430 441 444 456 459 471 474 486 489
a 4 10 19 22 28 37 43 52 61 70 79 82 91 100 109 112 121 130 139 142 151 160 169 172 181 190 199 202 211 220 229 232 241 250 259 262 271 280 289 292 301 310 319 322 331 340 349 352 361 370 379 382 391 400 411 414 421 430 441 444 456 459 471 474 486 489
a 4 10 19 22 28 37 49 52 61 70 79 82 91 100 109 112 121 130 139 142 151 160 169 172 181 190 199 202 211 220 229 232 241 250 259 262 271 280 289 292 301 310 319 322 331 340 349 352 361 370 379 382 391 400 411 414 421 430 441 444 456 459 471 474 486 489
a 4 10 19 22 28 40 49 52 61 70 79 82 91 100 109 112 121 130 139 142 151 160 169 172 181 190 199 202 211 220 229 232 241 250 259 262 271 280 289 292 301 310 319 322 331 340 349 352 361 370 379 382 391 400 411 414 421 430 441 444 456 459 471 474 486 489
a 4 10 19 22 31 40 49 52 61 70 79 82 91 100 109 112 121 130 139 142 151 160 169 172 181 190 199 202 211 220 229 232 241 250 259 262 271 280 289 292 301 310 319 322 331 340 349 352 361 370 379 382 391 400 411 414 421 430 441 444 456 459 471 474 486 489
a 1 10 19 22 31 40 49 52 61 70 79 82 91 100 109 112 121 130 139 142 151 160 169 172 181 190 199 202 211 220 229 232 241 250 259 262 271 280 289 292 301 310 319 322 331 340 349 352 361 370 379 382 391 400 411 414 421 430 441 444 456 459 471 474 486 489
a 1 7 19 22 31 40 49 52 61 70 79 82 91 100 109 112 121 130 139 142 151 160 169 172 181 190 199 202 211 220 229 232 241 250 259 262 271 280 289 292 301 310 319 322 331 340 349 352 361 370 379 382 391 400 411 414 421 430 441 444 456 459 471 474 486 489
a 1 7 13 22 31 40 49 52 61 70 79 82 91 100 109 112 121 130 139 142 151 160 169 172 181 190 199 202 211 220 229 232 241 250 259 262 271 280 289 292 301 310 319 322 331 340 349 352 361 370 379 382 391 400 411 414 421 430 441 444 456 459 471 474 486 489
a 1 7 13 25 31 40 49 52 61 70 79 82 91 100 109 112 121 130 139 142 151 160 169 172 181 190 199 202 211 220 229 232 241 250 259 262 271 280 289 292 301 310 319 322 331 340 349 352 361 370 379 382 391 400 411 414 421 430 441 444 456 459 471 474 486 489
a 1 7 13 25 31 40 49 52 58 70 79 82 91 100 109 112 121 130 139 142 151 160 169 172 181 190 199 202 211 220 229 232 241 250 259 262 271 280 289 292 301 310 319 322 331 340 349 352 361 370 379 382 391 400 411 414 421 430 441 444 456 459 471 474 486 489
a 1 7 13 25 31 40 49 52 58 67 79 82 91 100 109 112 121 130 139 142 151 160 169 172 181 190 199 202 211 220 229 232 241 250 259 262 271 280 289 292 301 310 319 322 331 340 349 352 361 370 379 382 391 400 411 414 421 430 441 444 456 459 471 474 486 489
a 1 7 13 25 31 40 49 52 58 67 73 82 91 100 109 112 121 130 139 142 151 160 169 172 181 190 199 202 211 220 229 232 241 250 259 262 271 280 289 292 301 310 319 322 331 340 349 352 361 370 379 382 391 400 411 414 421 430 441 444 456 459 471 474 486 489
a 1 7 13 25 31 40 49 52 58 67 73 85 91 100 109 112 121 130 139 142 151 160 169 172 181 190 199 202 211 220 229 232 241 250 259 262 271 280 289 292 301 310 319 322 331 340 349 352 361 370 379 382 391 400 411 414 421 430 441 444 456 459 471 474 486 489
a 1 7 13 25 31 40 49 52 58 67 73 85 91 100 109 112 118 130 139 142 151 160 169 172 181 190 199 202 211 220 229 232 241 250 259 262 271 280 289 292 301 310 319 322 331 340 349 352 361 370 379 382 391 400 411 414 421 430 441 444 456 459 471 474 486 489
a 1 7 13 25 31 40 49 52 58 67 73 85 91 100 109 112 118 127 139 142 151 160 169 172 181 190 199 202 211 220 229 232 241 250 259 262 271 280 289 292 301 310 319 322 331 340 349 352 361 370 379 382 391 400 411 414 421 430 441 444 456 459 471 474 486 489
a 1 7 13 25 31 40 49 52 58 67 73 85 91 100 109 112 118 127 133 142 151 160 169 172 181 190 199 202 211 220 229 232 241 250 259 262 271 280 289 292 301 310 319 322 331 340 349 352 361 370 379 382 391 400 411 414 421 430 441 444 456 459 471 474 486 489
a 1 7 13 25 31 40 49 52 58 67 73 85 91 100 109 112 118 127 133 145 151 160 169 172 181 190 199 202 211 220 229 232 241 250 259 262 271 280 289 292 301 310 319 322 331 340 349 352 361 370 379 382 391 400 411 414 421 430 441 444 456 459 471 474 486 489
a 1 7 13 25 31 40 49 52 58 67 73 85 91 100 109 112 118 127 133 145 151 160 169 172 178 190 199 202 211 220 229 232 241 250 259 262 271 280 289 292 301 310 319 322 331 340 349 352 361 370 379 382 391 400 411 414 421 430 441 444 456 459 471 474 486 489
a 1 7 13 25 31 40 49 52 58 67 73 85 91 100 109 112 118 127 133 145 151 160 169 172 178 187 199 202 211 220 229 232 241 250 259 262 271 280 289 292 301 310 319 322 331 340 349 352 361 370 379 382 391 400 411 414 421 430 441 444 456 459 471 474 486 489
a 1 7 13 25 31 40 49 52 58 67 73 85 91 100 109 112 118 127 133 145 151 160 169 172 178 187 193 202 211 220 229 232 241 250 259 262 271 280 289 292 301 310 319 322 331 340 349 352 361 370 379 382 391 400 411 414 421 430 441 444 456 459 471 474 486 489
a 1 7 13 25 31 40 49 52 58 67 73 85 91 100 109 112 118 127 133 145 151 160 169 172 178 187 193 205 211 220 229 232 241 250 259 262 271 280 289 292 301 310 319 322 331 340 349 352 361 370 379 382 391 400 411 414 421 430 441 444 456 459 471 474 486 489
a 1 7 13 25 31 40 49 52 58 67 73 85 91 100 109 112 118 127 133 145 151 160 169 172 178 187 193 205 211 220 229 232 238 250 259 262 271 280 289 292 301 310 319 322 331 340 349 352 361 370 379 382 391 400 411 414 421 430 441 444 456 459 471 474 486 489
a 1 7 13 25 31 40 49 52 58 67 73 85 91 100 109 112 118 127 133 145 151 160 169 172 178 187 193 205 211 220 229 232 238 247 259 262 271 280 289 292 301 310 319 322 331 340 349 352 361 370 379 382 391 400 411 414 421 430 441 444 456 459 471 474 486 489
a 1 7 13 25 31 40 49 52 58 67 73 85 91 100 109 112 118 127 133 145 151 160 169 172 178 187 193 205 211 220 229 232 238 247 253 262 271 280 289 292 301 310 319 322 331 340 349 352 361 370 379 382 391 400 411 414 421 430 441 444 456 459 471 474 486 489
a 1 7 13 25 31 40 49 52 58 67 73 85 91 100 109 112 118 127 133 145 151 160 169 172 178 187 193 205 211 220 229 232 238 247 253 265 271 280 289 292 301 310 319 322 331 340 349 352 361 370 379 382 391 400 411 414 421 430 441 444 456 459 471 474 486 489
a 1 7 13 25 31 40 49 52 58 67 73 85 91 100 109 112 118 127 133 145 151 160 169 172 178 187 193 205 211 220 229 232 238 247 253 265 271 280 289 292 298 310 319 322 331 340 349 352 361 370 379 382 391 400 411 414 421 430 441 444 456 459 471 474 486 489
a 1 7 13 25 31 40 49 52 58 67 73 85 91 100 109 112 118 127 133 145 151 160 169 172 178 187 193 205 211 220 229 232 238 247 253 265 271 280 289 292 298 307 319 322 331 340 349 352 361 370 379 382 391 400 411 414 421 430 441 444 456 459 471 474 486 489
a 1 7 13 25 31 40 49 52 58 67 73 85 91 100 109 112 118 127 133 145 151 160 169 172 178 187 193 205 211 220 229 232 238 247 253 265 271 280 289 292 298 307 313 322 331 340 349 352 361 370 379 382 391 400 411 414 421 430 441 444 456 459 471 474 486 489
a 1 7 13 25 31 40 49 52 58 67 73 85 91 100 109 112 118 127 133 145 151 160 169 172 178 187 193 205 211 220 229 232 238 247 253 265 271 280 289 292 298 307 313 325 331 340 349 352 361 370 379 382 391 400 411 414 421 430 441 444 456 459 471 474 486 489
a 1 7 13 25 31 40 49 52 58 67 73 85 91 100 109 112 118 127 133 145 151 160 169 172 178 187 193 205 211 220 229 232 238 247 253 265 271 280 289 292 298 307 313 325 331 340 349 352 358 370 379 382 391 400 411 414 421 430 441 444 456 459 471 474 486 489
a 1 7 13 25 31 40 49 52 58 67 73 85 91 100 109 112 118 127 133 145 151 160 169 172 178 187 193 205 211 220 229 232 238 247 253 265 271 280 289 292 298 307 313 325 331 340 349 352 358 367 379 382 391 400 411 414 421 430 441 444 456 459 471 474 486 489
a 1 7 13 25 31 40 49 52 58 67 73 85 91 100 109 112 118 127 133 145 151 160 169 172 178 187 193 205 211 220 229 232 238 247 253 265 271 280 289 292 298 307 313 325 331 340 349 352 358 367 373 382 391 400 411 414 421 430 441 444 456 459 471 474 486 489
a 1 7 13 25 31 40 49 52 58 67 73 85 91 100 109 112 118 127 133 145 151 160 169 172 178 187 193 205 211 220 229 232 238 247 253 265 271 280 289 292 298 307 313 325 331 340 349 352 358 367 373 385 391 400 411 414 421 430 441 444 456 459 471 474 486 489
a 1 7 13 25 31 40 49 52 58 67 73 85 91 100 109 112 118 127 133 145 151 160 169 172 178 187 193 205 211 220 229 232 238 247 253 265 271 280 289 292 298 307 313 325 331 340 349 352 358 367 373 385 391 400 411 414 418 430 441 444 456 459 471 474 486 489
a 1 7 13 25 31 40 49 52 58 67 73 85 91 100 109 112 118 127 133 145 151 160 169 172 178 187 193 205 211 220 229 232 238 247 253 265 271 280 289 292 298 307 313 325 331 340 349 352 358 367 373 385 391 400 411 414 418 429 441 444 456 459 471 474 486 489
a 1 7 13 25 31 40 49 52 58 67 73 85 91 100 109 112 118 127 133 145 151 160 169 172 178 187 193 205 211 220 229 232 238 247 253 265 271 280 289 292 298 307 313 325 331 340 349 352 358 367 373 385 391 400 411 414 426 429 441 444 456 459 471 474 486 489
a 1 7 13 25 31 40 49 52 58 67 73 85 91 100 109 112 118 127 133 145 151 160 169 172 178 187 193 205 211 220 229 232 238 247 253 265 271 280 289 292 298 307 313 325 331 340 349 352 358 367 373 384 391 400 411 414 426 429 441 444 456 459 471 474 486 489
a 1 7 13 25 31 40 49 52 58 67 73 85 91 100 109 112 118 127 133 145 151 160 169 172 178 187 193 205 211 220 229 232 238 247 253 265 271 280 289 292 298 307 313 325 331 340 349 352 358 367 381 384 391 400 411 414 426 429 441 444 456 459 471 474 486 489
a 1 7 13 25 31 40 49 52 58 67 73 85 91 100 109 112 118 127 133 145 151 160 169 172 178 187 193 205 211 220 229 232 238 247 253 265 271 280 289 292 298 307 313 325 331 340 349 352 358 370 381 384 391 400 411 414 426 429 441 444 456 459 471 474 486 489
a 1 7 13 25 31 40 49 52 58 67 73 85 91 100 109 112 118 127 133 145 151 160 169 172 178 187 193 205 211 220 229 232 238 247 253 265 271 280 289 292 298 307 313 325 331 340 349 352 361 370 381 384 391 400 411 414 426 429 441 444 456 459 471 474 486 489
a 1 7 13 25 31 40 49 52 58 67 73 85 91 100 109 112 118 127 133 145 151 160 169 172 178 187 193 205 211 220 229 232 238 247 253 265 271 280 289 292 298 307 313 322 331 340 349 352 361 370 381 384 391 400 411 414 426 429 441 444 456 459 471 474 486 489
a 1 7 13 25 31 40 49 52 58 67 73 85 91 100 109 112 118 127 133 145 151 160 169 172 178 187 193 205 211 220 229 232 238 247 253 265 271 280 289 292 298 307 319 322 331 340 349 352 361 370 381 384 391 400 411 414 426 429 441 444 456 459 471 474 486 489
a 1 7 13 25 31 40 49 52 58 67 73 85 91 100 109 112 118 127 133 145 151 160 169 172 178 187 193 205 211 220 229 232 238 247 253 265 271 280 289 292 298 310 319 322 331 340 349 352 361 370 381 384 391 400 411 414 426 429 441 444 456 459 471 474 486 489
a 1 7 13 25 31 40 49 52 58 67 73 85 91 100 109 112 118 127 133 145 151 160 169 172 178 187 193 205 211 220 229 232 238 247 253 265 271 280 289 292 301 310 319 322 331 340 349 352 361 370 381 384 391 400 411 414 426 429 441 444 456 459 471 474 486 489
a 1 7 13 25 31 40 49 52 58 67 73 85 91 100 109 112 118 127 133 145 151 160 169 172 178 187 193 205 211 220 229 232 238 247 253 262 271 280 289 292 301 310 319 322 331 340 349 352 361 370 381 384 391 400 411 414 426 429 441 444 456 459 471 474 486 489
a 1 7 13 25 31 40 49 52 58 67 73 85 91 100 109 112 118 127 133 145 151 160 169 172 178 187 193 205 211 220 229 232 238 247 259 262 271 280 289 292 301 310 319 322 331 340 349 352 361 370 381 384 391 400 411 414 426 429 441 444 456 459 471 474 486 489
a 1 7 13 25 31 40 49 52 58 67 73 85 91 100 109 112 118 127 133 145 151 160 169 172 178 187 193 205 211 220 229 232 238 250 259 262 271 280 289 292 301 310 319 322 331 340 349 352 361 370 381 384 391 400 411 414 426 429 441 444 456 459 471 474 486 489
a 1 7 13 25 31 40 49 52 58 67 73 85 91 100 109 112 118 127 133 145 151 160 169 172 178 187 193 205 211 220 229 232 241 250 259 262 271 280 289 292 301 310 319 322 331 340 349 352 361 370 381 384 391 400 411 414 426 429 441 444 456 459 471 474 486 489
a 1 7 13 25 31 40 49 52 58 67 73 85 91 100 109 112 118 127 133 145 151 160 169 172 178 187 193 202 211 220 229 232 241 250 259 262 271 280 289 292 301 310 319 322 331 340 349 352 361 370 381 384 391 400 411 414 426 429 441 444 456 459 471 474 486 489
a 1 7 13 25 31 40 49 52 58 67 73 85 91 100 109 112 118 127 133 145 151 160 169 172 178 187 199 202 211 220 229 232 241 250 259 262 271 280 289 292 301 310 319 322 331 340 349 352 361 370 381 384 391 400 411 414 426 429 441 444 456 459 471 474 486 489
a 1 7 13 25 31 40 49 52 58 67 73 85 91 100 109 112 118 127 133 145 151 160 169 172 178 190 199 202 211 220 229 232 241 250 259 262 271 280 289 292 301 310 319 322 331 340 349 352 361 370 381 384 391 400 411 414 426 429 441 444 456 459 471 474 486 489
a 1 7 13 25 31 40 49 52 58 67 73 85 91 100 109 112 118 127 133 145 151 160 169 172 181 190 199 202 211 220 229 232 241 250 259 262 271 280 289 292 301 310 319 322 331 340 349 352 361 370 381 384 391 400 411 414 426 429 441 444 456 459 471 474 486 489
a 1 7 13 25 31 40 49 52 58 67 73 85 91 100 109 112 118 127 133 142 151 160 169 172 181 190 199 202 211 220 229 232 241 250 259 262 271 280 289 292 301 310 319 322 331 340 349 352 361 370 381 384 391 400 411 414 426 429 441 444 456 459 471 474 486 489
a 1 7 13 25 31 40 49 52 58 67 73 85 91 100 109 112 118 127 139 142 151 160 169 172 181 190 199 202 211 220 229 232 241 250 259 262 271 280 289 292 301 310 319 322 331 340 349 352 361 370 381 384 391 400 411 414 426 429 441 444 456 459 471 474 486 489
a 1 7 13 25 31 40 49 52 58 67 73 85 91 100 109 112 118 130 139 142 151 160 169 172 181 190 199 202 211 220 229 232 241 250 259 262 271 280 289 292 301 310 319 322 331 340 349 352 361 370 381 384 391 400 411 414 426 429 441 444 456 459 471 474 486 489
a 1 7 13 25 31 40 49 52 58 67 73 85 91 100 109 112 121 130 139 142 151 160 169 172 181 190 199 202 211 220 229 232 241 250 259 262 271 280 289 292 301 310 319 322 331 340 349 352 361 370 381 384 391 400 411 414 426 429 441 444 456 459 471 474 486 489
a 1 7 13 25 31 40 49 52 58 67 73 82 91 100 109 112 121 130 139 142 151 160 169 172 181 190 199 202 211 220 229 232 241 250 259 262 271 280 289 292 301 310 319 322 331 340 349 352 361 370 381 384 391 400 411 414 426 429 441 444 456 459 471 474 486 489
a 1 7 13 25 31 40 49 52 58 67 79 82 91 100 109 112 121 130 139 142 151 160 169 172 181 190 199 202 211 220 229 232 241 250 259 262 271 280 289 292 301 310 319 322 331 340 349 352 361 370 381 384 391 400 411 414 426 429 441 444 456 459 471 474 486 489
a 1 7 13 25 31 40 49 52 58 70 79 82 91 100 109 112 121 130 139 142 151 160 169 172 181 190 199 202 211 220 229 232 241 250 259 262 271 280 289 292 301 310 319 322 331 340 349 352 361 370 381 384 391 400 411 414 426 429 441 444 456 459 471 474 486 489
a 1 7 13 25 31 40 49 52 61 70 79 82 91 100 109 112 121 130 139 142 151 160 169 172 181 190 199 202 211 220 229 232 241 250 259 262 271 280 289 292 301 310 319 322 331 340 349 352 361 370 381 384 391 400 411 414 426 429 441 444 456 459 471 474 486 489
a 1 7 13 22 31 40 49 52 61 70 79 82 91 100 109 112 121 130 139 142 151 160 169 172 181 190 199 202 211 220 229 232 241 250 259 262 271 280 289 292 301 310 319 322 331 340 349 352 361 370 381 384 391 400 411 414 426 429 441 444 456 459 471 474 486 489
a 1 7 19 22 31 40 49 52 61 70 79 82 91 100 109 112 121 130 139 142 151 160 169 172 181 190 199 202 211 220 229 232 241 250 259 262 271 280 289 292 301 310 319 322 331 340 349 352 361 370 381 384 391 400 411 414 426 429 441 444 456 459 471 474 486 489
a 1 10 19 22 31 40 49 52 61 70 79 82 91 100 109 112 121 130 139 142 151 160 169 172 181 190 199 202 211 220 229 232 241 250 259 262 271 280 289 292 301 310 319 322 331 340 349 352 361 370 381 384 391 400 411 414 426 429 441 444 456 459 471 474 486 489
a 4 10 19 22 31 40 49 52 61 70 79 82 91 100 109 112 121 130 139 142 151 160 169 172 181 190 199 202 211 220 229 232 241 250 259 262 271 280 289 292 301 310 319 322 331 340 349 352 361 370 381 384 391 400 411 414 426 429 441 444 456 459 471 474 486 489
a 4 10 19 22 28 40 49 52 61 70 79 82 91 100 109 112 121 130 139 142 151 160 169 172 181 190 199 202 211 220 229 232 241 250 259 262 271 280 289 292 301 310 319 322 331 340 349 352 361 370 381 384 391 400 411 414 426 429 441 444 456 459 471 474 486 489
a 4 10 19 22 28 37 49 52 61 70 79 82 91 100 109 112 121 130 139 142 151 160 169 172 181 190 199 202 211 220 229 232 241 250 259 262 271 280 289 292 301 310 319 322 331 340 349 352 361 370 381 384 391 400 411 414 426 429 441 444 456 459 471 474 486 489
a 4 10 19 22 28 37 43 52 61 70 79 82 91 100 109 112 121 130 139 142 151 160 169 172 181 190 199 202 211 220 229 232 241 250 259 262 271 280 289 292 301 310 319 322 331 340 349 352 361 370 381 384 391 400 411 414 426 429 441 444 456 459 471 474 486 489
a 4 10 19 22 28 37 43 55 61 70 79 82 91 100 109 112 121 130 139 142 151 160 169 172 181 190 199 202 211 220 229 232 241 250 259 262 271 280 289 292 301 310 319 322 331 340 349 352 361 370 381 384 391 400 411 414 426 429 441 444 456 459 471 474 486 489
a 4 10 19 22 28 37 43 55 61 70 79 82 88 100 109 112 121 130 139 142 151 160 169 172 181 190 199 202 211 220 229 232 241 250 259 262 271 280 289 292 301 310 319 322 331 340 349 352 361 370 381 384 391 400 411 414 426 429 441 444 456 459 471 474 486 489
a 4 10 19 22 28 37 43 55 61 70 79 82 88 97 109 112 121 130 139 142 151 160 169 172 181 190 199 202 211 220 229 232 241 250 259 262 271 280 289 292 301 310 319 322 331 340 349 352 361 370 381 384 391 400 411 414 426 429 441 444 456 459 471 474 486 489
a 4 10 19 22 28 37 43 55 61 70 79 82 88 97 103 112 121 130 139 142 151 160 169 172 181 190 199 202 211 220 229 232 241 250 259 262 271 280 289 292 301 310 319 322 331 340 349 352 361 370 381 384 391 400 411 414 426 429 441 444 456 459 471 474 486 489
a 4 10 19 22 28 37 43 55 61 70 79 82 88 97 103 115 121 130 139 142 151 160 169 172 181 190 199 202 211 220 229 232 241 250 259 262 271 280 289 292 301 310 319 322 331 340 349 352 361 370 381 384 391 400 411 414 426 429 441 444 456 459 471 474 486 489
a 4 10 19 22 28 37 43 55 61 70 79 82 88 97 103 115 121 130 139 142 148 160 169 172 181 190 199 202 211 220 229 232 241 250 259 262 271 280 289 292 301 310 319 322 331 340 349 352 361 370 381 384 391 400 411 414 426 429 441 444 456 459 471 474 486 489
a 4 10 19 22 28 37 43 55 61 70 79 82 88 97 103 115 121 130 139 142 148 157 169 172 181 190 199 202 211 220 229 232 241 250 259 262 271 280 289 292 301 310 319 322 331 340 349 352 361 370 381 384 391 400 411 414 426 429 441 444 456 459 471 474 486 489
a 4 10 19 22 28 37 43 55 61 70 79 82 88 97 103 115 121 130 139 142 148 157 163 172 181 190 199 202 211 220 229 232 241 250 259 262 271 280 289 292 301 310 319 322 331 340 349 352 361 370 381 384 391 400 411 414 426 429 441 444 456 459 471 474 486 489
a 4 10 19 22 28 37 43 55 61 70 79 82 88 97 103 115 121 130 139 142 148 157 163 175 181 190 199 202 211 220 229 232 241 250 259 262 271 280 289 292 301 310 319 322 331 340 349 352 361 370 381 384 391 400 411 414 426 429 441 444 456 459 471 474 486 489
a 4 10 19 22 28 37 43 55 61 70 79 82 88 97 103 115 121 130 139 142 148 157 163 175 181 190 199 202 208 220 229 232 241 250 259 262 271 280 289 292 301 310 319 322 331 340 349 352 361 370 381 384 391 400 411 414 426 429 441 444 456 459 471 474 486 489
a 4 10 19 22 28 37 43 55 61 70 79 82 88 97 103 115 121 130 139 142 148 157 163 175 181 190 199 202 208 217 229 232 241 250 259 262 271 280 289 292 301 310 319 322 331 340 349 352 361 370 381 384 391 400 411 414 426 429 441 444 456 459 471 474 486 489
a 4 10 19 22 28 37 43 55 61 70 79 82 88 97 103 115 121 130 139 142 148 157 163 175 181 190 199 202 208 217 223 232 241 250 259 262 271 280 289 292 301 310 319 322 331 340 349 352 361 370 381 384 391 400 411 414 426 429 441 444 456 459 471 474 486 489
a 4 10 19 22 28 37 43 55 61 70 79 82 88 97 103 115 121 130 139 142 148 157 163 175 181 190 199 202 208 217 223 235 241 250 259 262 271 280 289 292 301 310 319 322 331 340 349 352 361 370 381 384 391 400 411 414 426 429 441 444 456 459 471 474 486 489
a 4 10 19 22 28 37 43 55 61 70 79 82 88 97 103 115 121 130 139 142 148 157 163 175 181 190 199 202 208 217 223 235 241 250 259 262 268 280 289 292 301 310 319 322 331 340 349 352 361 370 381 384 391 400 411 414 426 429 441 444 456 459 471 474 486 489
a 4 10 19 22 28 37 43 55 61 70 79 82 88 97 103 115 121 130 139 142 148 157 163 175 181 190 199 202 208 217 223 235 241 250 259 262 268 277 289 292 301 310 319 322 331 340 349 352 361 370 381 384 391 400 411 414 426 429 441 444 456 459 471 474 486 489
a 4 10 19 22 28 37 43 55 61 70 79 82 88 97 103 115 121 130 139 142 148 157 163 175 181 190 199 202 208 217 223 235 241 250 259 262 268 277 283 292 301 310 319 322 331 340 349 352 361 370 381 384 391 400 411 414 426 429 441 444 456 459 471 474 486 489
a 4 10 19 22 28 37 43 55 61 70 79 82 88 97 103 115 121 130 139 142 148 157 163 175 181 190 199 202 208 217 223 235 241 250 259 262 268 277 283 295 301 310 319 322 331 340 349 352 361 370 381 384 391 400 411 414 426 429 441 444 456 459 471 474 486 489
a 4 10 19 22 28 37 43 55 61 70 79 82 88 97 103 115 121 130 139 142 148 157 163 175 181 190 199 202 208 217 223 235 241 250 259 262 268 277 283 295 301 310 319 322 328 340 349 352 361 370 381 384 391 400 411 414 426 429 441 444 456 459 471 474 486 489
a 4 10 19 22 28 37 43 55 61 70 79 82 88 97 103 115 121 130 139 142 148 157 163 175 181 190 199 202 208 217 223 235 241 250 259 262 268 277 283 295 301 310 319 322 328 337 349 352 361 370 381 384 391 400 411 414 426 429 441 444 456 459 471 474 486 489
a 4 10 19 22 28 37 43 55 61 70 79 82 88 97 103 115 121 130 139 142 148 157 163 175 181 190 199 202 208 217 223 235 241 250 259 262 268 277 283 295 301 310 319 322 328 337 343 352 361 370 381 384 391 400 411 414 426 429 441 444 456 459 471 474 486 489
a 4 10 19 22 28 37 43 55 61 70 79 82 88 97 103 115 121 130 139 142 148 157 163 175 181 190 199 202 208 217 223 235 241 250 259 262 268 277 283 295 301 310 319 322 328 337 343 355 361 370 381 384 391 400 411 414 426 429 441 444 456 459 471 474 486 489
a 4 10 19 22 28 37 43 55 61 70 79 82 88 97 103 115 121 130 139 142 148 157 163 175 181 190 199 202 208 217 223 235 241 250 259 262 268 277 283 295 301 310 319 322 328 337 343 355 361 370 381 384 388 400 411 414 426 429 441 444 456 459 471 474 486 489
a 4 10 19 22 28 37 43 55 61 70 79 82 88 97 103 115 121 130 139 142 148 157 163 175 181 190 199 202 208 217 223 235 241 250 259 262 268 277 283 295 301 310 319 322 328 337 343 355 361 370 381 384 388 399 411 414 426 429 441 444 456 459 471 474 486 489
a 4 10 19 22 28 37 43 55 61 70 79 82 88 97 103 115 121 130 139 142 148 157 163 175 181 190 199 202 208 217 223 235 241 250 259 262 268 277 283 295 301 310 319 322 328 337 343 355 361 370 381 384 396 399 411 414 426 429 441 444 456 459 471 474 486 489
a 4 10 19 22 28 37 43 55 61 70 79 82 88 97 103 115 121 130 139 142 148 157 163 175 181 190 199 202 208 217 223 235 241 250 259 262 268 277 283 295 301 310 319 322 328 337 343 354 361 370 381 384 396 399 411 414 426 429 441 444 456 459 471 474 486 489
a 4 10 19 22 28 37 43 55 61 70 79 82 88 97 103 115 121 130 139 142 148 157 163 175 181 190 199 202 208 217 223 235 241 250 259 262 268 277 283 295 301 310 319 322 328 337 351 354 361 370 381 384 396 399 411 414 426 429 441 444 456 459 471 474 486 489
a 4 10 19 22 28 37 43 55 61 70 79 82 88 97 103 115 121 130 139 142 148 157 163 175 181 190 199 202 208 217 223 235 241 250 259 262 268 277 283 295 301 310 319 322 328 340 351 354 361 370 381 384 396 399 411 414 426 429 441 444 456 459 471 474 486 489
a 4 10 19 22 28 37 43 55 61 70 79 82 88 97 103 115 121 130 139 142 148 157 163 175 181 190 199 202 208 217 223 235 241 250 259 262 268 277 283 295 301 310 319 322 331 340 351 354 361 370 381 384 396 399 411 414 426 429 441 444 456 459 471 474 486 489
a 4 10 19 22 28 37 43 55 61 70 79 82 88 97 103 115 121 130 139 142 148 157 163 175 181 190 199 202 208 217 223 235 241 250 259 262 268 277 283 292 301 310 319 322 331 340 351 354 361 370 381 384 396 399 411 414 426 429 441 444 456 459 471 474 486 489
a 4 10 19 22 28 37 43 55 61 70 79 82 88 97 103 115 121 130 139 142 148 157 163 175 181 190 199 202 208 217 223 235 241 250 259 262 268 277 289 292 301 310 319 322 331 340 351 354 361 370 381 384 396 399 411 414 426 429 441 444 456 459 471 474 486 489
a 4 10 19 22 28 37 43 55 61 70 79 82 88 97 103 115 121 130 139 142 148 157 163 175 181 190 199 202 208 217 223 235 241 250 259 262 268 280 289 292 301 310 319 322 331 340 351 354 361 370 381 384 396 399 411 414 426 429 441 444 456 459 471 474 486 489
a 4 10 19 22 28 37 43 55 61 70 79 82 88 97 103 115 121 130 139 142 148 157 163 175 181 190 199 202 208 217 223 235 241 250 259 262 271 280 289 292 301 310 319 322 331 340 351 354 361 370 381 384 396 399 411 414 426 429 441 444 456 459 471 474 486 489
a 4 10 19 22 28 37 43 55 61 70 79 82 88 97 103 115 121 130 139 142 148 157 163 175 181 190 199 202 208 217 223 232 241 250 259 262 271 280 289 292 301 310 319 322 331 340 351 354 361 370 381 384 396 399 411 414 426 429 441 444 456 459 471 474 486 489
a 4 10 19 22 28 37 43 55 61 70 79 82 88 97 103 115 121 130 139 142 148 157 163 175 181 190 199 202 208 217 229 232 241 250 259 262 271 280 289 292 301 310 319 322 331 340 351 354 361 370 381 384 396 399 411 414 426 429 441 444 456 459 471 474 486 489
a 4 10 19 22 28 37 43 55 61 70 79 82 88 97 103 115 121 130 139 142 148 157 163 175 181 190 199 202 208 220 229 232 241 250 259 262 271 280 289 292 301 310 319 322 331 340 351 354 361 370 381 384 396 399 411 414 426 429 441 444 456 459 471 474 486 489
a 4 10 19 22 28 37 43 55 61 70 79 82 88 97 103 115 121 130 139 142 148 157 163 175 181 190 199 202 211 220 229 232 241 250 259 262 271 280 289 292 301 310 319 322 331 340 351 354 361 370 381 384 396 399 411 414 426 429 441 444 456 459 471 474 486 489
a 4 10 19 22 28 37 43 55 61 70 79 82 88 97 103 115 121 130 139 142 148 157 163 172 181 190 199 202 211 220 229 232 241 250 259 262 271 280 289 292 301 310 319 322 331 340 351 354 361 370 381 384 396 399 411 414 426 429 441 444 456 459 471 474 486 489
a 4 10 19 22 28 37 43 55 61 70 79 82 88 97 103 115 121 130 139 142 148 157 169 172 181 190 199 202 211 220 229 232 241 250 259 262 271 280 289 292 301 310 319 322 331 340 351 354 361 370 381 384 396 399 411 414 426 429 441 444 456 459 471 474 486 489
a 4 10 19 22 28 37 43 55 61 70 79 82 88 97 103 115 121 130 139 142 148 160 169 172 181 190 199 202 211 220 229 232 241 250 259 262 271 280 289 292 301 310 319 322 331 340 351 354 361 370 381 384 396 399 411 414 426 429 441 444 456 459 471 474 486 489
a 4 10 19 22 28 37 43 55 61 70 79 82 88 97 103 115 121 130 139 142 151 160 169 172 181 190 199 202 211 220 229 232 241 250 259 262 271 280 289 292 301 310 319 322 331 340 351 354 361 370 381 384 396 399 411 414 426 429 441 444 456 459 471 474 486 489
a 4 10 19 22 28 37 43 55 61 70 79 82 88 97 103 112 121 130 139 142 151 160 169 172 181 190 199 202 211 220 229 232 241 250 259 262 271 280 289 292 301 310 319 322 331 340 351 354 361 370 381 384 396 399 411 414 426 429 441 444 456 459 471 474 486 489
a 4 10 19 22 28 37 43 55 61 70 79 82 88 97 109 112 121 130 139 142 151 160 169 172 181 190 199 202 211 220 229 232 241 250 259 262 271 280 289 292 301 310 319 322 331 340 351 354 361 370 381 384 396 399 411 414 426 429 441 444 456 459 471 474 486 489
a 4 10 19 22 28 37 43 55 61 70 79 82 88 100 109 112 121 130 139 142 151 160 169 172 181 190 199 202 211 220 229 232 241 250 259 262 271 280 289 292 301 310 319 322 331 340 351 354 361 370 381 384 396 399 411 414 426 429 441 444 456 459 471 474 486 489
a 4 10 19 22 28 37 43 55 61 70 79 82 91 100 109 112 121 130 139 142 151 160 169 172 181 190 199 202 211 220 229 232 241 250 259 262 271 280 289 292 301 310 319 322 331 340 351 354 361 370 381 384 396 399 411 414 426 429 441 444 456 459 471 474 486 489
a 4 10 19 22 28 37 43 52 61 70 79 82 91 100 109 112 121 130 139 142 151 160 169 172 181 190 199 202 211 220 229 232 241 250 259 262 271 280 289 292 301 310 319 322 331 340 351 354 361 370 381 384 396 399 411 414 426 429 441 444 456 459 471 474 486 489
a 4 10 19 22 28 37 49 52 61 70 79 82 91 100 109 112 121 130 139 142 151 160 169 172 181 190 199 202 211 220 229 232 241 250 259 262 271 280 289 292 301 310 319 322 331 340 351 354 361 370 381 384 396 399 411 414 426 429 441 444 456 459 471 474 486 489
a 4 10 19 22 28 40 49 52 61 70 79 82 91 100 109 112 121 130 139 142 151 160 169 172 181 190 199 202 211 220 229 232 241 250 259 262 271 280 289 292 301 310 319 322 331 340 351 354 361 370 381 384 396 399 411 414 426 429 441 444 456 459 471 474 486 489
a 4 10 19 22 31 40 49 52 61 70 79 82 91 100 109 112 121 130 139 142 151 160 169 172 181 190 199 202 211 220 229 232 241 250 259 262 271 280 289 292 301 310 319 322 331 340 351 354 361 370 381 384 396 399 411 414 426 429 441 444 456 459 471 474 486 489
a 1 10 19 22 31 40 49 52 61 70 79 82 91 100 109 112 121 130 139 142 151 160 169 172 181 190 199 202 211 220 229 232 241 250 259 262 271 280 289 292 301 310 319 322 331 340 351 354 361 370 381 384 396 399 411 414 426 429 441 444 456 459 471 474 486 489
a 1 7 19 22 31 40 49 52 61 70 79 82 91 100 109 112 121 130 139 142 151 160 169 172 181 190 199 202 211 220 229 232 241 250 259 262 271 280 289 292 301 310 319 322 331 340 351 354 361 370 381 384 396 399 411 414 426 429 441 444 456 459 471 474 486 489
a 1 7 13 22 31 40 49 52 61 70 79 82 91 100 109 112 121 130 139 142 151 160 169 172 181 190 199 202 211 220 229 232 241 250 259 262 271 280 289 292 301 310 319 322 331 340 351 354 361 370 381 384 396 399 411 414 426 429 441 444 456 459 471 474 486 489
a 1 7 13 25 31 40 49 52 61 70 79 82 91 100 109 112 121 130 139 142 151 160 169 172 181 190 199 202 211 220 229 232 241 250 259 262 271 280 289 292 301 310 319 322 331 340 351 354 361 370 381 384 396 399 411 414 426 429 441 444 456 459 471 474 486 489
a 1 7 13 25 31 40 49 52 58 70 79 82 91 100 109 112 121 130 139 142 151 160 169 172 181 190 199 202 211 220 229 232 241 250 259 262 271 280 289 292 301 310 319 322 331 340 351 354 361 370 381 384 396 399 411 414 426 429 441 444 456 459 471 474 486 489
a 1 7 13 25 31 40 49 52 58 67 79 82 91 100 109 112 121 130 139 142 151 160 169 172 181 190 199 202 211 220 229 232 241 250 259 262 271 280 289 292 301 310 319 322 331 340 351 354 361 370 381 384 396 399 411 414 426 429 441 444 456 459 471 474 486 489
a 1 7 13 25 31 40 49 52 58 67 73 82 91 100 109 112 121 130 139 142 151 160 169 172 181 190 199 202 211 220 229 232 241 250 259 262 271 280 289 292 301 310 319 322 331 340 351 354 361 370 381 384 396 399 411 414 426 429 441 444 456 459 471 474 486 489
a 1 7 13 25 31 40 49 52 58 67 73 85 91 100 109 112 121 130 139 142 151 160 169 172 181 190 199 202 211 220 229 232 241 250 259 262 271 280 289 292 301 310 319 322 331 340 351 354 361 370 381 384 396 399 411 414 426 429 441 444 456 459 471 474 486 489
a 1 7 13 25 31 40 49 52 58 67 73 85 91 100 109 112 118 130 139 142 151 160 169 172 181 190 199 202 211 220 229 232 241 250 259 262 271 280 289 292 301 310 319 322 331 340 351 354 361 370 381 384 396 399 411 414 426 429 441 444 456 459 471 474 486 489
a 1 7 13 25 31 40 49 52 58 67 73 85 91 100 109 112 118 127 139 142 151 160 169 172 181 190 199 202 211 220 229 232 241 250 259 262 271 280 289 292 301 310 319 322 331 340 351 354 361 370 381 384 396 399 411 414 426 429 441 444 456 459 471 474 486 489
a 1 7 13 25 31 40 49 52 58 67 73 85 91 100 109 112 118 127 133 142 151 160 169 172 181 190 199 202 211 220 229 232 241 250 259 262 271 280 289 292 301 310 319 322 331 340 351 354 361 370 381 384 396 399 411 414 426 429 441 444 456 459 471 474 486 489
a 1 7 13 25 31 40 49 52 58 67 73 85 91 100 109 112 118 127 133 145 151 160 169 172 181 190 199 202 211 220 229 232 241 250 259 262 271 280 289 292 301 310 319 322 331 340 351 354 361 370 381 384 396 399 411 414 426 429 441 444 456 459 471 474 486 489
a 1 7 13 25 31 40 49 52 58 67 73 85 91 100 109 112 118 127 133 145 151 160 169 172 178 190 199 202 211 220 229 232 241 250 259 262 271 280 289 292 301 310 319 322 331 340 351 354 361 370 381 384 396 399 411 414 426 429 441 444 456 459 471 474 486 489
a 1 7 13 25 31 40 49 52 58 67 73 85 91 100 109 112 118 127 133 145 151 160 169 172 178 187 199 202 211 220 229 232 241 250 259 262 271 280 289 292 301 310 319 322 331 340 351 354 361 370 381 384 396 399 411 414 426 429 441 444 456 459 471 474 486 489
a 1 7 13 25 31 40 49 52 58 67 73 85 91 100 109 112 118 127 133 145 151 160 169 172 178 187 193 202 211 220 229 232 241 250 259 262 271 280 289 292 301 310 319 322 331 340 351 354 361 370 381 384 396 399 411 414 426 429 441 444 456 459 471 474 486 489
a 1 7 13 25 31 40 49 52 58 67 73 85 91 100 109 112 118 127 133 145 151 160 169 172 178 187 193 205 211 220 229 232 241 250 259 262 271 280 289 292 301 310 319 322 331 340 351 354 361 370 381 384 396 399 411 414 426 429 441 444 456 459 471 474 486 489
a 1 7 13 25 31 40 49 52 58 67 73 85 91 100 109 112 118 127 133 145 151 160 169 172 178 187 193 205 211 220 229 232 238 250 259 262 271 280 289 292 301 310 319 322 331 340 351 354 361 370 381 384 396 399 411 414 426 429 441 444 456 459 471 474 486 489
a 1 7 13 25 31 40 49 52 58 67 73 85 91 100 109 112 118 127 133 145 151 160 169 172 178 187 193 205 211 220 229 232 238 247 259 262 271 280 289 292 301 310 319 322 331 340 351 354 361 370 381 384 396 399 411 414 426 429 441 444 456 459 471 474 486 489
a 1 7 13 25 31 40 49 52 58 67 73 85 91 100 109 112 118 127 133 145 151 160 169 172 178 187 193 205 211 220 229 232 238 247 253 262 271 280 289 292 301 310 319 322 331 340 351 354 361 370 381 384 396 399 411 414 426 429 441 444 456 459 471 474 486 489
a 1 7 13 25 31 40 49 52 58 67 73 85 91 100 109 112 118 127 133 145 151 160 169 172 178 187 193 205 211 220 229 232 238 247 253 265 271 280 289 292 301 310 319 322 331 340 351 354 361 370 381 384 396 399 411 414 426 429 441 444 456 459 471 474 486 489
a 1 7 13 25 31 40 49 52 58 67 73 85 91 100 109 112 118 127 133 145 151 160 169 172 178 187 193 205 211 220 229 232 238 247 253 265 271 280 289 292 298 310 319 322 331 340 351 354 361 370 381 384 396 399 411 414 426 429 441 444 456 459 471 474 486 489
a 1 7 13 25 31 40 49 52 58 67 73 85 91 100 109 112 118 127 133 145 151 160 169 172 178 187 193 205 211 220 229 232 238 247 253 265 271 280 289 292 298 307 319 322 331 340 351 354 361 370 381 384 396 399 411 414 426 429 441 444 456 459 471 474 486 489
a 1 7 13 25 31 40 49 52 58 67 73 85 91 100 109 112 118 127 133 145 151 160 169 172 178 187 193 205 211 220 229 232 238 247 253 265 271 280 289 292 298 307 313 322 331 340 351 354 361 370 381 384 396 399 411 414 426 429 441 444 456 459 471 474 486 489
a 1 7 13 25 31 40 49 52 58 67 73 85 91 100 109 112 118 127 133 145 151 160 169 172 178 187 193 205 211 220 229 232 238 247 253 265 271 280 289 292 298 307 313 325 331 340 351 354 361 370 381 384 396 399 411 414 426 429 441 444 456 459 471 474 486 489
a 1 7 13 25 31 40 49 52 58 67 73 85 91 100 109 112 118 127 133 145 151 160 169 172 178 187 193 205 211 220 229 232 238 247 253 265 271 280 289 292 298 307 313 325 331 340 351 354 358 370 381 384 396 399 411 414 426 429 441 444 456 459 471 474 486 489
a 1 7 13 25 31 40 49 52 58 67 73 85 91 100 109 112 118 127 133 145 151 160 169 172 178 187 193 205 211 220 229 232 238 247 253 265 271 280 289 292 298 307 313 325 331 340 351 354 358 369 381 384 396 399 411 414 426 429 441 444 456 459 471 474 486 489
a 1 7 13 25 31 40 49 52 58 67 73 85 91 100 109 112 118 127 133 145 151 160 169 172 178 187 193 205 211 220 229 232 238 247 253 265 271 280 289 292 298 307 313 325 331 340 351 354 366 369 381 384 396 399 411 414 426 429 441 444 456 459 471 474 486 489
a 1 7 13 25 31 40 49 52 58 67 73 85 91 100 109 112 118 127 133 145 151 160 169 172 178 187 193 205 211 220 229 232 238 247 253 265 271 280 289 292 298 307 313 324 331 340 351 354 366 369 381 384 396 399 411 414 426 429 441 444 456 459 471 474 486 489
a 1 7 13 25 31 40 49 52 58 67 73 85 91 100 109 112 118 127 133 145 151 160 169 172 178 187 193 205 211 220 229 232 238 247 253 265 271 280 289 292 298 307 321 324 331 340 351 354 366 369 381 384 396 399 411 414 426 429 441 444 456 459 471 474 486 489
a 1 7 13 25 31 40 49 52 58 67 73 85 91 100 109 112 118 127 133 145 151 160 169 172 178 187 193 205 211 220 229 232 238 247 253 265 271 280 289 292 298 310 321 324 331 340 351 354 366 369 381 384 396 399 411 414 426 429 441 444 456 459 471 474 486 489
a 1 7 13 25 31 40 49 52 58 67 73 85 91 100 109 112 118 127 133 145 151 160 169 172 178 187 193 205 211 220 229 232 238 247 253 265 271 280 289 292 301 310 321 324 331 340 351 354 366 369 381 384 396 399 411 414 426 429 441 444 456 459 471 474 486 489
a 1 7 13 25 31 40 49 52 58 67 73 85 91 100 109 112 118 127 133 145 151 160 169 172 178 187 193 205 211 220 229 232 238 247 253 262 271 280 289 292 301 310 321 324 331 340 351 354 366 369 381 384 396 399 411 414 426 429 441 444 456 459 471 474 486 489
a 1 7 13 25 31 40 49 52 58 67 73 85 91 100 109 112 118 127 133 145 151 160 169 172 178 187 193 205 211 220 229 232 238 247 259 262 271 280 289 292 301 310 321 324 331 340 351 354 366 369 381 384 396 399 411 414 426 429 441 444 456 459 471 474 486 489
a 1 7 13 25 31 40 49 52 58 67 73 85 91 100 109 112 118 127 133 145 151 160 169 172 178 187 193 205 211 220 229 232 238 250 259 262 271 280 289 292 301 310 321 324 331 340 351 354 366 369 381 384 396 399 411 414 426 429 441 444 456 459 471 474 486 489
a 1 7 13 25 31 40 49 52 58 67 73 85 91 100 109 112 118 127 133 145 151 160 169 172 178 187 193 205 211 220 229 232 241 250 259 262 271 280 289 292 301 310 321 324 331 340 351 354 366 369 381 384 396 399 411 414 426 429 441 444 456 459 471 474 486 489
a 1 7 13 25 31 40 49 52 58 67 73 85 91 100 109 112 118 127 133 145 151 160 169 172 178 187 193 202 211 220 229 232 241 250 259 262 271 280 289 292 301 310 321 324 331 340 351 354 366 369 381 384 396 399 411 414 426 429 441 444 456 459 471 474 486 489
a 1 7 13 25 31 40 49 52 58 67 73 85 91 100 109 112 118 127 133 145 151 160 169 172 178 187 199 202 211 220 229 232 241 250 259 262 271 280 289 292 301 310 321 324 331 340 351 354 366 369 381 384 396 399 411 414 426 429 441 444 456 459 471 474 486 489
a 1 7 13 25 31 40 49 52 58 67 73 85 91 100 109 112 118 127 133 145 151 160 169 172 178 190 199 202 211 220 229 232 241 250 259 262 271 280 289 292 301 310 321 324 331 340 351 354 366 369 381 384 396 399 411 414 426 429 441 444 456 459 471 474 486 489
a 1 7 13 25 31 40 49 52 58 67 73 85 91 100 109 112 118 127 133 145 151 160 169 172 181 190 199 202 211 220 229 232 241 250 259 262 271 280 289 292 301 310 321 324 331 340 351 354 366 369 381 384 396 399 411 414 426 429 441 444 456 459 471 474 486 489
a 1 7 13 25 31 40 49 52 58 67 73 85 91 100 109 112 118 127 133 142 151 160 169 172 181 190 199 202 211 220 229 232 241 250 259 262 271 280 289 292 301 310 321 324 331 340 351 354 366 369 381 384 396 399 411 414 426 429 441 444 456 459 471 474 486 489
a 1 7 13 25 31 40 49 52 58 67 73 85 91 100 109 112 118 127 139 142 151 160 169 172 181 190 199 202 211 220 229 232 241 250 259 262 271 280 289 292 301 310 321 324 331 340 351 354 366 369 381 384 396 399 411 414 426 429 441 444 456 459 471 474 486 489
a 1 7 13 25 31 40 49 52 58 67 73 85 91 100 109 112 118 130 139 142 151 160 169 172 181 190 199 202 211 220 229 232 241 250 259 262 271 280 289 292 301 310 321 324 331 340 351 354 366 369 381 384 396 399 411 414 426 429 441 444 456 459 471 474 486 489
a 1 7 13 25 31 40 49 52 58 67 73 85 91 100 109 112 121 130 139 142 151 160 169 172 181 190 199 202 211 220 229 232 241 250 259 262 271 280 289 292 301 310 321 324 331 340 351 354 366 369 381 384 396 399 411 414 426 429 441 444 456 459 471 474 486 489
a 1 7 13 25 31 40 49 52 58 67 73 82 91 100 109 112 121 130 139 142 151 160 169 172 181 190 199 202 211 220 229 232 241 250 259 262 271 280 289 292 301 310 321 324 331 340 351 354 366 369 381 384 396 399 411 414 426 429 441 444 456 459 471 474 486 489
a 1 7 13 25 31 40 49 52 58 67 79 82 91 100 109 112 121 130 139 142 151 160 169 172 181 190 199 202 211 220 229 232 241 250 259 262 271 280 289 292 301 310 321 324 331 340 351 354 366 369 381 384 396 399 411 414 426 429 441 444 456 459 471 474 486 489
a 1 7 13 25 31 40 49 52 58 70 79 82 91 100 109 112 121 130 139 142 151 160 169 172 181 190 199 202 211 220 229 232 241 250 259 262 271 280 289 292 301 310 321 324 331 340 351 354 366 369 381 384 396 399 411 414 426 429 441 444 456 459 471 474 486 489
a 1 7 13 25 31 40 49 52 61 70 79 82 91 100 109 112 121 130 139 142 151 160 169 172 181 190 199 202 211 220 229 232 241 250 259 262 271 280 289 292 301 310 321 324 331 340 351 354 366 369 381 384 396 399 411 414 426 429 441 444 456 459 471 474 486 489
a 1 7 13 22 31 40 49 52 61 70 79 82 91 100 109 112 121 130 139 142 151 160 169 172 181 190 199 202 211 220 229 232 241 250 259 262 271 280 289 292 301 310 321 324 331 340 351 354 366 369 381 384 396 399 411 414 426 429 441 444 456 459 471 474 486 489
a 1 7 19 22 31 40 49 52 61 70 79 82 91 100 109 112 121 130 139 142 151 160 169 172 181 190 199 202 211 220 229 232 241 250 259 262 271 280 289 292 301 310 321 324 331 340 351 354 366 369 381 384 396 399 411 414 426 429 441 444 456 459 471 474 486 489
a 1 10 19 22 31 40 49 52 61 70 79 82 91 100 109 112 121 130 139 142 151 160 169 172 181 190 199 202 211 220 229 232 241 250 259 262 271 280 289 292 301 310 321 324 331 340 351 354 366 369 381 384 396 399 411 414 426 429 441 444 456 459 471 474 486 489
a 4 10 19 22 31 40 49 52 61 70 79 82 91 100 109 112 121 130 139 142 151 160 169 172 181 190 199 202 211 220 229 232 241 250 259 262 271 280 289 292 301 310 321 324 331 340 351 354 366 369 381 384 396 399 411 414 426 429 441 444 456 459 471 474 486 489
a 4 10 19 22 28 40 49 52 61 70 79 82 91 100 109 112 121 130 139 142 151 160 169 172 181 190 199 202 211 220 229 232 241 250 259 262 271 280 289 292 301 310 321 324 331 340 351 354 366 369 381 384 396 399 411 414 426 429 441 444 456 459 471 474 486 489
a 4 10 19 22 28 37 49 52 61 70 79 82 91 100 109 112 121 130 139 142 151 160 169 172 181 190 199 202 211 220 229 232 241 250 259 262 271 280 289 292 301 310 321 324 331 340 351 354 366 369 381 384 396 399 411 414 426 429 441 444 456 459 471 474 486 489
a 4 10 19 22 28 37 43 52 61 70 79 82 91 100 109 112 121 130 139 142 151 160 169 172 181 190 199 202 211 220 229 232 241 250 259 262 271 280 289 292 301 310 321 324 331 340 351 354 366 369 381 384 396 399 411 414 426 429 441 444 456 459 471 474 486 489
a 4 10 19 22 28 37 43 55 61 70 79 82 91 100 109 112 121 130 139 142 151 160 169 172 181 190 199 202 211 220 229 232 241 250 259 262 271 280 289 292 301 310 321 324 331 340 351 354 366 369 381 384 396 399 411 414 426 429 441 444 456 459 471 474 486 489
a 4 10 19 22 28 37 43 55 61 70 79 82 88 100 109 112 121 130 139 142 151 160 169 172 181 190 199 202 211 220 229 232 241 250 259 262 271 280 289 292 301 310 321 324 331 340 351 354 366 369 381 384 396 399 411 414 426 429 441 444 456 459 471 474 486 489
a 4 10 19 22 28 37 43 55 61 70 79 82 88 97 109 112 121 130 139 142 151 160 169 172 181 190 199 202 211 220 229 232 241 250 259 262 271 280 289 292 301 310 321 324 331 340 351 354 366 369 381 384 396 399 411 414 426 429 441 444 456 459 471 474 486 489
a 4 10 19 22 28 37 43 55 61 70 79 82 88 97 103 112 121 130 139 142 151 160 169 172 181 190 199 202 211 220 229 232 241 250 259 262 271 280 289 292 301 310 321 324 331 340 351 354 366 369 381 384 396 399 411 414 426 429 441 444 456 459 471 474 486 489
a 4 10 19 22 28 37 43 55 61 70 79 82 88 97 103 115 121 130 139 142 151 160 169 172 181 190 199 202 211 220 229 232 241 250 259 262 271 280 289 292 301 310 321 324 331 340 351 354 366 369 381 384 396 399 411 414 426 429 441 444 456 459 471 474 486 489
a 4 10 19 22 28 37 43 55 61 70 79 82 88 97 103 115 121 130 139 142 148 160 169 172 181 190 199 202 211 220 229 232 241 250 259 262 271 280 289 292 301 310 321 324 331 340 351 354 366 369 381 384 396 399 411 414 426 429 441 444 456 459 471 474 486 489
a 4 10 19 22 28 37 43 55 61 70 79 82 88 97 103 115 121 130 139 142 148 157 169 172 181 190 199 202 211 220 229 232 241 250 259 262 271 280 289 292 301 310 321 324 331 340 351 354 366 369 381 384 396 399 411 414 426 429 441 444 456 459 471 474 486 489
a 4 10 19 22 28 37 43 55 61 70 79 82 88 97 103 115 121 130 139 142 148 157 163 172 181 190 199 202 211 220 229 232 241 250 259 262 271 280 289 292 301 310 321 324 331 340 351 354 366 369 381 384 396 399 411 414 426 429 441 444 456 459 471 474 486 489
a 4 10 19 22 28 37 43 55 61 70 79 82 88 97 103 115 121 130 139 142 148 157 163 175 181 190 199 202 211 220 229 232 241 250 259 262 271 280 289 292 301 310 321 324 331 340 351 354 366 369 381 384 396 399 411 414 426 429 441 444 456 459 471 474 486 489
a 4 10 19 22 28 37 43 55 61 70 79 82 88 97 103 115 121 130 139 142 148 157 163 175 181 190 199 202 208 220 229 232 241 250 259 262 271 280 289 292 301 310 321 324 331 340 351 354 366 369 381 384 396 399 411 414 426 429 441 444 456 459 471 474 486 489
a 4 10 19 22 28 37 43 55 61 70 79 82 88 97 103 115 121 130 139 142 148 157 163 175 181 190 199 202 208 217 229 232 241 250 259 262 271 280 289 292 301 310 321 324 331 340 351 354 366 369 381 384 396 399 411 414 426 429 441 444 456 459 471 474 486 489
a 4 10 19 22 28 37 43 55 61 70 79 82 88 97 103 115 121 130 139 142 148 157 163 175 181 190 199 202 208 217 223 232 241 250 259 262 271 280 289 292 301 310 321 324 331 340 351 354 366 369 381 384 396 399 411 414 426 429 441 444 456 459 471 474 486 489
a 4 10 19 22 28 37 43 55 61 70 79 82 88 97 103 115 121 130 139 142 148 157 163 175 181 190 199 202 208 217 223 235 241 250 259 262 271 280 289 292 301 310 321 324 331 340 351 354 366 369 381 384 396 399 411 414 426 429 441 444 456 459 471 474 486 489
a 4 10 19 22 28 37 43 55 61 70 79 82 88 97 103 115 121 130 139 142 148 157 163 175 181 190 199 202 208 217 223 235 241 250 259 262 268 280 289 292 301 310 321 324 331 340 351 354 366 369 381 384 396 399 411 414 426 429 441 444 456 459 471 474 486 489
a 4 10 19 22 28 37 43 55 61 70 79 82 88 97 103 115 121 130 139 142 148 157 163 175 181 190 199 202 208 217 223 235 241 250 259 262 268 277 289 292 301 310 321 324 331 340 351 354 366 369 381 384 396 399 411 414 426 429 441 444 456 459 471 474 486 489
a 4 10 19 22 28 37 43 55 61 70 79 82 88 97 103 115 121 130 139 142 148 157 163 175 181 190 199 202 208 217 223 235 241 250 259 262 268 277 283 292 301 310 321 324 331 340 351 354 366 369 381 384 396 399 411 414 426 429 441 444 456 459 471 474 486 489
a 4 10 19 22 28 37 43 55 61 70 79 82 88 97 103 115 121 130 139 142 148 157 163 175 181 190 199 202 208 217 223 235 241 250 259 262 268 277 283 295 301 310 321 324 331 340 351 354 366 369 381 384 396 399 411 414 426 429 441 444 456 459 471 474 486 489
a 4 10 19 22 28 37 43 55 61 70 79 82 88 97 103 115 121 130 139 142 148 157 163 175 181 190 199 202 208 217 223 235 241 250 259 262 268 277 283 295 301 310 321 324 328 340 351 354 366 369 381 384 396 399 411 414 426 429 441 444 456 459 471 474 486 489
a 4 10 19 22 28 37 43 55 61 70 79 82 88 97 103 115 121 130 139 142 148 157 163 175 181 190 199 202 208 217 223 235 241 250 259 262 268 277 283 295 301 310 321 324 328 339 351 354 366 369 381 384 396 399 411 414 426 429 441 444 456 459 471 474 486 489
a 4 10 19 22 28 37 43 55 61 70 79 82 88 97 103 115 121 130 139 142 148 157 163 175 181 190 199 202 208 217 223 235 241 250 259 262 268 277 283 295 301 310 321 324 336 339 351 354 366 369 381 384 396 399 411 414 426 429 441 444 456 459 471 474 486 489
a 4 10 19 22 28 37 43 55 61 70 79 82 88 97 103 115 121 130 139 142 148 157 163 175 181 190 199 202 208 217 223 235 241 250 259 262 268 277 283 294 301 310 321 324 336 339 351 354 366 369 381 384 396 399 411 414 426 429 441 444 456 459 471 474 486 489
a 4 10 19 22 28 37 43 55 61 70 79 82 88 97 103 115 121 130 139 142 148 157 163 175 181 190 199 202 208 217 223 235 241 250 259 262 268 277 291 294 301 310 321 324 336 339 351 354 366 369 381 384 396 399 411 414 426 429 441 444 456 459 471 474 486 489
a 4 10 19 22 28 37 43 55 61 70 79 82 88 97 103 115 121 130 139 142 148 157 163 175 181 190 199 202 208 217 223 235 241 250 259 262 268 280 291 294 301 310 321 324 336 339 351 354 366 369 381 384 396 399 411 414 426 429 441 444 456 459 471 474 486 489
a 4 10 19 22 28 37 43 55 61 70 79 82 88 97 103 115 121 130 139 142 148 157 163 175 181 190 199 202 208 217 223 235 241 250 259 262 271 280 291 294 301 310 321 324 336 339 351 354 366 369 381 384 396 399 411 414 426 429 441 444 456 459 471 474 486 489
a 4 10 19 22 28 37 43 55 61 70 79 82 88 97 103 115 121 130 139 142 148 157 163 175 181 190 199 202 208 217 223 232 241 250 259 262 271 280 291 294 301 310 321 324 336 339 351 354 366 369 381 384 396 399 411 414 426 429 441 444 456 459 471 474 486 489
a 4 10 19 22 28 37 43 55 61 70 79 82 88 97 103 115 121 130 139 142 148 157 163 175 181 190 199 202 208 217 229 232 241 250 259 262 271 280 291 294 301 310 321 324 336 339 351 354 366 369 381 384 396 399 411 414 426 429 441 444 456 459 471 474 486 489
a 4 10 19 22 28 37 43 55 61 70 79 82 88 97 103 115 121 130 139 142 148 157 163 175 181 190 199 202 208 220 229 232 241 250 259 262 271 280 291 294 301 310 321 324 336 339 351 354 366 369 381 384 396 399 411 414 426 429 441 444 456 459 471 474 486 489
a 4 10 19 22 28 37 43 55 61 70 79 82 88 97 103 115 121 130 139 142 148 157 163 175 181 190 199 202 211 220 229 232 241 250 259 262 271 280 291 294 301 310 321 324 336 339 351 354 366 369 381 384 396 399 411 414 426 429 441 444 456 459 471 474 486 489
a 4 10 19 22 28 37 43 55 61 70 79 82 88 97 103 115 121 130 139 142 148 157 163 172 181 190 199 202 211 220 229 232 241 250 259 262 271 280 291 294 301 310 321 324 336 339 351 354 366 369 381 384 396 399 411 414 426 429 441 444 456 459 471 474 486 489
a 4 10 19 22 28 37 43 55 61 70 79 82 88 97 103 115 121 130 139 142 148 157 169 172 181 190 199 202 211 220 229 232 241 250 259 262 271 280 291 294 301 310 321 324 336 339 351 354 366 369 381 384 396 399 411 414 426 429 441 444 456 459 471 474 486 489
a 4 10 19 22 28 37 43 55 61 70 79 82 88 97 103 115 121 130 139 142 148 160 169 172 181 190 199 202 211 220 229 232 241 250 259 262 271 280 291 294 301 310 321 324 336 339 351 354 366 369 381 384 396 399 411 414 426 429 441 444 456 459 471 474 486 489
a 4 10 19 22 28 37 43 55 61 70 79 82 88 97 103 115 121 130 139 142 151 160 169 172 181 190 199 202 211 220 229 232 241 250 259 262 271 280 291 294 301 310 321 324 336 339 351 354 366 369 381 384 396 399 411 414 426 429 441 444 456 459 471 474 486 489
a 4 10 19 22 28 37 43 55 61 70 79 82 88 97 103 112 121 130 139 142 151 160 169 172 181 190 199 202 211 220 229 232 241 250 259 262 271 280 291 294 301 310 321 324 336 339 351 354 366 369 381 384 396 399 411 414 426 429 441 444 456 459 471 474 486 489
a 4 10 19 22 28 37 43 55 61 70 79 82 88 97 109 112 121 130 139 142 151 160 169 172 181 190 199 202 211 220 229 232 241 250 259 262 271 280 291 294 301 310 321 324 336 339 351 354 366 369 381 384 396 399 411 414 426 429 441 444 456 459 471 474 486 489
a 4 10 19 22 28 37 43 55 61 70 79 82 88 100 109 112 121 130 139 142 151 160 169 172 181 190 199 202 211 220 229 232 241 250 259 262 271 280 291 294 301 310 321 324 336 339 351 354 366 369 381 384 396 399 411 414 426 429 441 444 456 459 471 474 486 489
a 4 10 19 22 28 37 43 55 61 70 79 82 91 100 109 112 121 130 139 142 151 160 169 172 181 190 199 202 211 220 229 232 241 250 259 262 271 280 291 294 301 310 321 324 336 339 351 354 366 369 381 384 396 399 411 414 426 429 441 444 456 459 471 474 486 489
a 4 10 19 22 28 37 43 52 61 70 79 82 91 100 109 112 121 130 139 142 151 160 169 172 181 190 199 202 211 220 229 232 241 250 259 262 271 280 291 294 301 310 321 324 336 339 351 354 366 369 381 384 396 399 411 414 426 429 441 444 456 459 471 474 486 489
a 4 10 19 22 28 37 49 52 61 70 79 82 91 100 109 112 121 130 139 142 151 160 169 172 181 190 199 202 211 220 229 232 241 250 259 262 271 280 291 294 301 310 321 324 336 339 351 354 366 369 381 384 396 399 411 414 426 429 441 444 456 459 471 474 486 489
a 4 10 19 22 28 40 49 52 61 70 79 82 91 100 109 112 121 130 139 142 151 160 169 172 181 190 199 202 211 220 229 232 241 250 259 262 271 280 291 294 301 310 321 324 336 339 351 354 366 369 381 384 396 399 411 414 426 429 441 444 456 459 471 474 486 489
a 4 10 19 22 31 40 49 52 61 70 79 82 91 100 109 112 121 130 139 142 151 160 169 172 181 190 199 202 211 220 229 232 241 250 259 262 271 280 291 294 301 310 321 324 336 339 351 354 366 369 381 384 396 399 411 414 426 429 441 444 456 459 471 474 486 489
a 1 10 19 22 31 40 49 52 61 70 79 82 91 100 109 112 121 130 139 142 151 160 169 172 181 190 199 202 211 220 229 232 241 250 259 262 271 280 291 294 301 310 321 324 336 339 351 354 366 369 381 384 396 399 411 414 426 429 441 444 456 459 471 474 486 489
a 1 7 19 22 31 40 49 52 61 70 79 82 91 100 109 112 121 130 139 142 151 160 169 172 181 190 199 202 211 220 229 232 241 250 259 262 271 280 291 294 301 310 321 324 336 339 351 354 366 369 381 384 396 399 411 414 426 429 441 444 456 459 471 474 486 489
a 1 7 13 22 31 40 49 52 61 70 79 82 91 100 109 112 121 130 139 142 151 160 169 172 181 190 199 202 211 220 229 232 241 250 259 262 271 280 291 294 301 310 321 324 336 339 351 354 366 369 381 384 396 399 411 414 426 429 441 444 456 459 471 474 486 489
a 1 7 13 25 31 40 49 52 61 70 79 82 91 100 109 112 121 130 139 142 151 160 169 172 181 190 199 202 211 220 229 232 241 250 259 262 271 280 291 294 301 310 321 324 336 339 351 354 366 369 381 384 396 399 411 414 426 429 441 444 456 459 471 474 486 489
a 1 7 13 25 31 40 49 52 58 70 79 82 91 100 109 112 121 130 139 142 151 160 169 172 181 190 199 202 211 220 229 232 241 250 259 262 271 280 291 294 301 310 321 324 336 339 351 354 366 369 381 384 396 399 411 414 426 429 441 444 456 459 471 474 486 489
a 1 7 13 25 31 40 49 52 58 67 79 82 91 100 109 112 121 130 139 142 151 160 169 172 181 190 199 202 211 220 229 232 241 250 259 262 271 280 291 294 301 310 321 324 336 339 351 354 366 369 381 384 396 399 411 414 426 429 441 444 456 459 471 474 486 489
a 1 7 13 25 31 40 49 52 58 67 73 82 91 100 109 112 121 130 139 142 151 160 169 172 181 190 199 202 211 220 229 232 241 250 259 262 271 280 291 294 301 310 321 324 336 339 351 354 366 369 381 384 396 399 411 414 426 429 441 444 456 459 471 474 486 489
a 1 7 13 25 31 40 49 52 58 67 73 85 91 100 109 112 121 130 139 142 151 160 169 172 181 190 199 202 211 220 229 232 241 250 259 262 271 280 291 294 301 310 321 324 336 339 351 354 366 369 381 384 396 399 411 414 426 429 441 444 456 459 471 474 486 489
a 1 7 13 25 31 40 49 52 58 67 73 85 91 100 109 112 118 130 139 142 151 160 169 172 181 190 199 202 211 220 229 232 241 250 259 262 271 280 291 294 301 310 321 324 336 339 351 354 366 369 381 384 396 399 411 414 426 429 441 444 456 459 471 474 486 489
a 1 7 13 25 31 40 49 52 58 67 73 85 91 100 109 112 118 127 139 142 151 160 169 172 181 190 199 202 211 220 229 232 241 250 259 262 271 280 291 294 301 310 321 324 336 339 351 354 366 369 381 384 396 399 411 414 426 429 441 444 456 459 471 474 486 489
a 1 7 13 25 31 40 49 52 58 67 73 85 91 100 109 112 118 127 133 142 151 160 169 172 181 190 199 202 211 220 229 232 241 250 259 262 271 280 291 294 301 310 321 324 336 339 351 354 366 369 381 384 396 399 411 414 426 429 441 444 456 459 471 474 486 489
a 1 7 13 25 31 40 49 52 58 67 73 85 91 100 109 112 118 127 133 145 151 160 169 172 181 190 199 202 211 220 229 232 241 250 259 262 271 280 291 294 301 310 321 324 336 339 351 354 366 369 381 384 396 399 411 414 426 429 441 444 456 459 471 474 486 489
a 1 7 13 25 31 40 49 52 58 67 73 85 91 100 109 112 118 127 133 145 151 160 169 172 178 190 199 202 211 220 229 232 241 250 259 262 271 280 291 294 301 310 321 324 336 339 351 354 366 369 381 384 396 399 411 414 426 429 441 444 456 459 471 474 486 489
a 1 7 13 25 31 40 49 52 58 67 73 85 91 100 109 112 118 127 133 145 151 160 169 172 178 187 199 202 211 220 229 232 241 250 259 262 271 280 291 294 301 310 321 324 336 339 351 354 366 369 381 384 396 399 411 414 426 429 441 444 456 459 471 474 486 489
a 1 7 13 25 31 40 49 52 58 67 73 85 91 100 109 112 118 127 133 145 151 160 169 172 178 187 193 202 211 220 229 232 241 250 259 262 271 280 291 294 301 310 321 324 336 339 351 354 366 369 381 384 396 399 411 414 426 429 441 444 456 459 471 474 486 489
a 1 7 13 25 31 40 49 52 58 67 73 85 91 100 109 112 118 127 133 145 151 160 169 172 178 187 193 205 211 220 229 232 241 250 259 262 271 280 291 294 301 310 321 324 336 339 351 354 366 369 381 384 396 399 411 414 426 429 441 444 456 459 471 474 486 489
a 1 7 13 25 31 40 49 52 58 67 73 85 91 100 109 112 118 127 133 145 151 160 169 172 178 187 193 205 211 220 229 232 238 250 259 262 271 280 291 294 301 310 321 324 336 339 351 354 366 369 381 384 396 399 411 414 426 429 441 444 456 459 471 474 486 489
a 1 7 13 25 31 40 49 52 58 67 73 85 91 100 109 112 118 127 133 145 151 160 169 172 178 187 193 205 211 220 229 232 238 247 259 262 271 280 291 294 301 310 321 324 336 339 351 354 366 369 381 384 396 399 411 414 426 429 441 444 456 459 471 474 486 489
a 1 7 13 25 31 40 49 52 58 67 73 85 91 100 109 112 118 127 133 145 151 160 169 172 178 187 193 205 211 220 229 232 238 247 253 262 271 280 291 294 301 310 321 324 336 339 351 354 366 369 381 384 396 399 411 414 426 429 441 444 456 459 471 474 486 489
a 1 7 13 25 31 40 49 52 58 67 73 85 91 100 109 112 118 127 133 145 151 160 169 172 178 187 193 205 211 220 229 232 238 247 253 265 271 280 291 294 301 310 321 324 336 339 351 354 366 369 381 384 396 399 411 414 426 429 441 444 456 459 471 474 486 489
a 1 7 13 25 31 40 49 52 58 67 73 85 91 100 109 112 118 127 133 145 151 160 169 172 178 187 193 205 211 220 229 232 238 247 253 265 271 280 291 294 298 310 321 324 336 339 351 354 366 369 381 384 396 399 411 414 426 429 441 444 456 459 471 474 486 489
a 1 7 13 25 31 40 49 52 58 67 73 85 91 100 109 112 118 127 133 145 151 160 169 172 178 187 193 205 211 220 229 232 238 247 253 265 271 280 291 294 298 309 321 324 336 339 351 354 366 369 381 384 396 399 411 414 426 429 441 444 456 459 471 474 486 489
a 1 7 13 25 31 40 49 52 58 67 73 85 91 100 109 112 118 127 133 145 151 160 169 172 178 187 193 205 211 220 229 232 238 247 253 265 271 280 291 294 306 309 321 324 336 339 351 354 366 369 381 384 396 399 411 414 426 429 441 444 456 459 471 474 486 489
a 1 7 13 25 31 40 49 52 58 67 73 85 91 100 109 112 118 127 133 145 151 160 169 172 178 187 193 205 211 220 229 232 238 247 253 264 271 280 291 294 306 309 321 324 336 339 351 354 366 369 381 384 396 399 411 414 426 429 441 444 456 459 471 474 486 489
a 1 7 13 25 31 40 49 52 58 67 73 85 91 100 109 112 118 127 133 145 151 160 169 172 178 187 193 205 211 220 229 232 238 247 261 264 271 280 291 294 306 309 321 324 336 339 351 354 366 369 381 384 396 399 411 414 426 429 441 444 456 459 471 474 486 489
a 1 7 13 25 31 40 49 52 58 67 73 85 91 100 109 112 118 127 133 145 151 160 169 172 178 187 193 205 211 220 229 232 238 250 261 264 271 280 291 294 306 309 321 324 336 339 351 354 366 369 381 384 396 399 411 414 426 429 441 444 456 459 471 474 486 489
a 1 7 13 25 31 40 49 52 58 67 73 85 91 100 109 112 118 127 133 145 151 160 169 172 178 187 193 205 211 220 229 232 241 250 261 264 271 280 291 294 306 309 321 324 336 339 351 354 366 369 381 384 396 399 411 414 426 429 441 444 456 459 471 474 486 489
a 1 7 13 25 31 40 49 52 58 67 73 85 91 100 109 112 118 127 133 145 151 160 169 172 178 187 193 202 211 220 229 232 241 250 261 264 271 280 291 294 306 309 321 324 336 339 351 354 366 369 381 384 396 399 411 414 426 429 441 444 456 459 471 474 486 489
a 1 7 13 25 31 40 49 52 58 67 73 85 91 100 109 112 118 127 133 145 151 160 169 172 178 187 199 202 211 220 229 232 241 250 261 264 271 280 291 294 306 309 321 324 336 339 351 354 366 369 381 384 396 399 411 414 426 429 441 444 456 459 471 474 486 489
a 1 7 13 25 31 40 49 52 58 67 73 85 91 100 109 112 118 127 133 145 151 160 169 172 178 190 199 202 211 220 229 232 241 250 261 264 271 280 291 294 306 309 321 324 336 339 351 354 366 369 381 384 396 399 411 414 426 429 441 444 456 459 471 474 486 489
a 1 7 13 25 31 40 49 52 58 67 73 85 91 100 109 112 118 127 133 145 151 160 169 172 181 190 199 202 211 220 229 232 241 250 261 264 271 280 291 294 306 309 321 324 336 339 351 354 366 369 381 384 396 399 411 414 426 429 441 444 456 459 471 474 486 489
a 1 7 13 25 31 40 49 52 58 67 73 85 91 100 109 112 118 127 133 142 151 160 169 172 181 190 199 202 211 220 229 232 241 250 261 264 271 280 291 294 306 309 321 324 336 339 351 354 366 369 381 384 396 399 411 414 426 429 441 444 456 459 471 474 486 489
a 1 7 13 25 31 40 49 52 58 67 73 85 91 100 109 112 118 127 139 142 151 160 169 172 181 190 199 202 211 220 229 232 241 250 261 264 271 280 291 294 306 309 321 324 336 339 351 354 366 369 381 384 396 399 411 414 426 429 441 444 456 459 471 474 486 489
a 1 7 13 25 31 40 49 52 58 67 73 85 91 100 109 112 118 130 139 142 151 160 169 172 181 190 199 202 211 220 229 232 241 250 261 264 271 280 291 294 306 309 321 324 336 339 351 354 366 369 381 384 396 399 411 414 426 429 441 444 456 459 471 474 486 489
a 1 7 13 25 31 40 49 52 58 67 73 85 91 100 109 112 121 130 139 142 151 160 169 172 181 190 199 202 211 220 229 232 241 250 261 264 271 280 291 294 306 309 321 324 336 339 351 354 366 369 381 384 396 399 411 414 426 429 441 444 456 459 471 474 486 489
a 1 7 13 25 31 40 49 52 58 67 73 82 91 100 109 112 121 130 139 142 151 160 169 172 181 190 199 202 211 220 229 232 241 250 261 264 271 280 291 294 306 309 321 324 336 339 351 354 366 369 381 384 396 399 411 414 426 429 441 444 456 459 471 474 486 489
a 1 7 13 25 31 40 49 52 58 67 79 82 91 100 109 112 121 130 139 142 151 160 169 172 181 190 199 202 211 220 229 232 241 250 261 264 271 280 291 294 306 309 321 324 336 339 351 354 366 369 381 384 396 399 411 414 426 429 441 444 456 459 471 474 486 489
a 1 7 13 25 31 40 49 52 58 70 79 82 91 100 109 112 121 130 139 142 151 160 169 172 181 190 199 202 211 220 229 232 241 250 261 264 271 280 291 294 306 309 321 324 336 339 351 354 366 369 381 384 396 399 411 414 426 429 441 444 456 459 471 474 486 489
a 1 7 13 25 31 40 49 52 61 70 79 82 91 100 109 112 121 130 139 142 151 160 169 172 181 190 199 202 211 220 229 232 241 250 261 264 271 280 291 294 306 309 321 324 336 339 351 354 366 369 381 384 396 399 411 414 426 429 441 444 456 459 471 474 486 489
a 1 7 13 22 31 40 49 52 61 70 79 82 91 100 109 112 121 130 139 142 151 160 169 172 181 190 199 202 211 220 229 232 241 250 261 264 271 280 291 294 306 309 321 324 336 339 351 354 366 369 381 384 396 399 411 414 426 429 441 444 456 459 471 474 486 489
a 1 7 19 22 31 40 49 52 61 70 79 82 91 100 109 112 121 130 139 142 151 160 169 172 181 190 199 202 211 220 229 232 241 250 261 264 271 280 291 294 306 309 321 324 336 339 351 354 366 369 381 384 396 399 411 414 426 429 441 444 456 459 471 474 486 489
a 1 10 19 22 31 40 49 52 61 70 79 82 91 100 109 112 121 130 139 142 151 160 169 172 181 190 199 202 211 220 229 232 241 250 261 264 271 280 291 294 306 309 321 324 336 339 351 354 366 369 381 384 396 399 411 414 426 429 441 444 456 459 471 474 486 489
a 4 10 19 22 31 40 49 52 61 70 79 82 91 100 109 112 121 130 139 142 151 160 169 172 181 190 199 202 211 220 229 232 241 250 261 264 271 280 291 294 306 309 321 324 336 339 351 354 366 369 381 384 396 399 411 414 426 429 441 444 456 459 471 474 486 489
a 4 10 19 22 28 40 49 52 61 70 79 82 91 100 109 112 121 130 139 142 151 160 169 172 181 190 199 202 211 220 229 232 241 250 261 264 271 280 291 294 306 309 321 324 336 339 351 354 366 369 381 384 396 399 411 414 426 429 441 444 456 459 471 474 486 489
a 4 10 19 22 28 37 49 52 61 70 79 82 91 100 109 112 121 130 139 142 151 160 169 172 181 190 199 202 211 220 229 232 241 250 261 264 271 280 291 294 306 309 321 324 336 339 351 354 366 369 381 384 396 399 411 414 426 429 441 444 456 459 471 474 486 489
a 4 10 19 22 28 37 43 52 61 70 79 82 91 100 109 112 121 130 139 142 151 160 169 172 181 190 199 202 211 220 229 232 241 250 261 264 271 280 291 294 306 309 321 324 336 339 351 354 366 369 381 384 396 399 411 414 426 429 441 444 456 459 471 474 486 489
a 4 10 19 22 28 37 43 55 61 70 79 82 91 100 109 112 121 130 139 142 151 160 169 172 181 190 199 202 211 220 229 232 241 250 261 264 271 280 291 294 306 309 321 324 336 339 351 354 366 369 381 384 396 399 411 414 426 429 441 444 456 459 471 474 486 489
a 4 10 19 22 28 37 43 55 61 70 79 82 88 100 109 112 121 130 139 142 151 160 169 172 181 190 199 202 211 220 229 232 241 250 261 264 271 280 291 294 306 309 321 324 336 339 351 354 366 369 381 384 396 399 411 414 426 429 441 444 456 459 471 474 486 489
a 4 10 19 22 28 37 43 55 61 70 79 82 88 97 109 112 121 130 139 142 151 160 169 172 181 190 199 202 211 220 229 232 241 250 261 264 271 280 291 294 306 309 321 324 336 339 351 354 366 369 381 384 396 399 411 414 426 429 441 444 456 459 471 474 486 489
a 4 10 19 22 28 37 43 55 61 70 79 82 88 97 103 112 121 130 139 142 151 160 169 172 181 190 199 202 211 220 229 232 241 250 261 264 271 280 291 294 306 309 321 324 336 339 351 354 366 369 381 384 396 399 411 414 426 429 441 444 456 459 471 474 486 489
a 4 10 19 22 28 37 43 55 61 70 79 82 88 97 103 115 121 130 139 142 151 160 169 172 181 190 199 202 211 220 229 232 241 250 261 264 271 280 291 294 306 309 321 324 336 339 351 354 366 369 381 384 396 399 411 414 426 429 441 444 456 459 471 474 486 489
a 4 10 19 22 28 37 43 55 61 70 79 82 88 97 103 115 121 130 139 142 148 160 169 172 181 190 199 202 211 220 229 232 241 250 261 264 271 280 291 294 306 309 321 324 336 339 351 354 366 369 381 384 396 399 411 414 426 429 441 444 456 459 471 474 486 489
a 4 10 19 22 28 37 43 55 61 70 79 82 88 97 103 115 121 130 139 142 148 157 169 172 181 190 199 202 211 220 229 232 241 250 261 264 271 280 291 294 306 309 321 324 336 339 351 354 366 369 381 384 396 399 411 414 426 429 441 444 456 459 471 474 486 489
a 4 10 19 22 28 37 43 55 61 70 79 82 88 97 103 115 121 130 139 142 148 157 163 172 181 190 199 202 211 220 229 232 241 250 261 264 271 280 291 294 306 309 321 324 336 339 351 354 366 369 381 384 396 399 411 414 426 429 441 444 456 459 471 474 486 489
a 4 10 19 22 28 37 43 55 61 70 79 82 88 97 103 115 121 130 139 142 148 157 163 175 181 190 199 202 211 220 229 232 241 250 261 264 271 280 291 294 306 309 321 324 336 339 351 354 366 369 381 384 396 399 411 414 426 429 441 444 456 459 471 474 486 489
a 4 10 19 22 28 37 43 55 61 70 79 82 88 97 103 115 121 130 139 142 148 157 163 175 181 190 199 202 208 220 229 232 241 250 261 264 271 280 291 294 306 309 321 324 336 339 351 354 366 369 381 384 396 399 411 414 426 429 441 444 456 459 471 474 486 489
a 4 10 19 22 28 37 43 55 61 70 79 82 88 97 103 115 121 130 139 142 148 157 163 175 181 190 199 202 208 217 229 232 241 250 261 264 271 280 291 294 306 309 321 324 336 339 351 354 366 369 381 384 396 399 411 414 426 429 441 444 456 459 471 474 486 489
a 4 10 19 22 28 37 43 55 61 70 79 82 88 97 103 115 121 130 139 142 148 157 163 175 181 190 199 202 208 217 223 232 241 250 261 264 271 280 291 294 306 309 321 324 336 339 351 354 366 369 381 384 396 399 411 414 426 429 441 444 456 459 471 474 486 489
a 4 10 19 22 28 37 43 55 61 70 79 82 88 97 103 115 121 130 139 142 148 157 163 175 181 190 199 202 208 217 223 235 241 250 261 264 271 280 291 294 306 309 321 324 336 339 351 354 366 369 381 384 396 399 411 414 426 429 441 444 456 459 471 474 486 489
a 4 10 19 22 28 37 43 55 61 70 79 82 88 97 103 115 121 130 139 142 148 157 163 175 181 190 199 202 208 217 223 235 241 250 261 264 268 280 291 294 306 309 321 324 336 339 351 354 366 369 381 384 396 399 411 414 426 429 441 444 456 459 471 474 486 489
a 4 10 19 22 28 37 43 55 61 70 79 82 88 97 103 115 121 130 139 142 148 157 163 175 181 190 199 202 208 217 223 235 241 250 261 264 268 279 291 294 306 309 321 324 336 339 351 354 366 369 381 384 396 399 411 414 426 429 441 444 456 459 471 474 486 489
a 4 10 19 22 28 37 43 55 61 70 79 82 88 97 103 115 121 130 139 142 148 157 163 175 181 190 199 202 208 217 223 235 241 250 261 264 276 279 291 294 306 309 321 324 336 339 351 354 366 369 381 384 396 399 411 414 426 429 441 444 456 459 471 474 486 489
a 4 10 19 22 28 37 43 55 61 70 79 82 88 97 103 115 121 130 139 142 148 157 163 175 181 190 199 202 208 217 223 234 241 250 261 264 276 279 291 294 306 309 321 324 336 339 351 354 366 369 381 384 396 399 411 414 426 429 441 444 456 459 471 474 486 489
a 4 10 19 22 28 37 43 55 61 70 79 82 88 97 103 115 121 130 139 142 148 157 163 175 181 190 199 202 208 217 231 234 241 250 261 264 276 279 291 294 306 309 321 324 336 339 351 354 366 369 381 384 396 399 411 414 426 429 441 444 456 459 471 474 486 489
a 4 10 19 22 28 37 43 55 61 70 79 82 88 97 103 115 121 130 139 142 148 157 163 175 181 190 199 202 208 220 231 234 241 250 261 264 276 279 291 294 306 309 321 324 336 339 351 354 366 369 381 384 396 399 411 414 426 429 441 444 456 459 471 474 486 489
a 4 10 19 22 28 37 43 55 61 70 79 82 88 97 103 115 121 130 139 142 148 157 163 175 181 190 199 202 211 220 231 234 241 250 261 264 276 279 291 294 306 309 321 324 336 339 351 354 366 369 381 384 396 399 411 414 426 429 441 444 456 459 471 474 486 489
a 4 10 19 22 28 37 43 55 61 70 79 82 88 97 103 115 121 130 139 142 148 157 163 172 181 190 199 202 211 220 231 234 241 250 261 264 276 279 291 294 306 309 321 324 336 339 351 354 366 369 381 384 396 399 411 414 426 429 441 444 456 459 471 474 486 489
a 4 10 19 22 28 37 43 55 61 70 79 82 88 97 103 115 121 130 139 142 148 157 169 172 181 190 199 202 211 220 231 234 241 250 261 264 276 279 291 294 306 309 321 324 336 339 351 354 366 369 381 384 396 399 411 414 426 429 441 444 456 459 471 474 486 489
a 4 10 19 22 28 37 43 55 61 70 79 82 88 97 103 115 121 130 139 142 148 160 169 172 181 190 199 202 211 220 231 234 241 250 261 264 276 279 291 294 306 309 321 324 336 339 351 354 366 369 381 384 396 399 411 414 426 429 441 444 456 459 471 474 486 489
a 4 10 19 22 28 37 43 55 61 70 79 82 88 97 103 115 121 130 139 142 151 160 169 172 181 190 199 202 211 220 231 234 241 250 261 264 276 279 291 294 306 309 321 324 336 339 351 354 366 369 381 384 396 399 411 414 426 429 441 444 456 459 471 474 486 489
a 4 10 19 22 28 37 43 55 61 70 79 82 88 97 103 112 121 130 139 142 151 160 169 172 181 190 199 202 211 220 231 234 241 250 261 264 276 279 291 294 306 309 321 324 336 339 351 354 366 369 381 384 396 399 411 414 426 429 441 444 456 459 471 474 486 489
a 4 10 19 22 28 37 43 55 61 70 79 82 88 97 109 112 121 130 139 142 151 160 169 172 181 190 199 202 211 220 231 234 241 250 261 264 276 279 291 294 306 309 321 324 336 339 351 354 366 369 381 384 396 399 411 414 426 429 441 444 456 459 471 474 486 489
a 4 10 19 22 28 37 43 55 61 70 79 82 88 100 109 112 121 130 139 142 151 160 169 172 181 190 199 202 211 220 231 234 241 250 261 264 276 279 291 294 306 309 321 324 336 339 351 354 366 369 381 384 396 399 411 414 426 429 441 444 456 459 471 474 486 489
a 4 10 19 22 28 37 43 55 61 70 79 82 91 100 109 112 121 130 139 142 151 160 169 172 181 190 199 202 211 220 231 234 241 250 261 264 276 279 291 294 306 309 321 324 336 339 351 354 366 369 381 384 396 399 411 414 426 429 441 444 456 459 471 474 486 489
a 4 10 19 22 28 37 43 52 61 70 79 82 91 100 109 112 121 130 139 142 151 160 169 172 181 190 199 202 211 220 231 234 241 250 261 264 276 279 291 294 306 309 321 324 336 339 351 354 366 369 381 384 396 399 411 414 426 429 441 444 456 459 471 474 486 489
a 4 10 19 22 28 37 49 52 61 70 79 82 91 100 109 112 121 130 139 142 151 160 169 172 181 190 199 202 211 220 231 234 241 250 261 264 276 279 291 294 306 309 321 324 336 339 351 354 366 369 381 384 396 399 411 414 426 429 441 444 456 459 471 474 486 489
a 4 10 19 22 28 40 49 52 61 70 79 82 91 100 109 112 121 130 139 142 151 160 169 172 181 190 199 202 211 220 231 234 241 250 261 264 276 279 291 294 306 309 321 324 336 339 351 354 366 369 381 384 396 399 411 414 426 429 441 444 456 459 471 474 486 489
a 4 10 19 22 31 40 49 52 61 70 79 82 91 100 109 112 121 130 139 142 151 160 169 172 181 190 199 202 211 220 231 234 241 250 261 264 276 279 291 294 306 309 321 324 336 339 351 354 366 369 381 384 396 399 411 414 426 429 441 444 456 459 471 474 486 489
a 1 10 19 22 31 40 49 52 61 70 79 82 91 100 109 112 121 130 139 142 151 160 169 172 181 190 199 202 211 220 231 234 241 250 261 264 276 279 291 294 306 309 321 324 336 339 351 354 366 369 381 384 396 399 411 414 426 429 441 444 456 459 471 474 486 489
a 1 7 19 22 31 40 49 52 61 70 79 82 91 100 109 112 121 130 139 142 151 160 169 172 181 190 199 202 211 220 231 234 241 250 261 264 276 279 291 294 306 309 321 324 336 339 351 354 366 369 381 384 396 399 411 414 426 429 441 444 456 459 471 474 486 489
a 1 7 13 22 31 40 49 52 61 70 79 82 91 100 109 112 121 130 139 142 151 160 169 172 181 190 199 202 211 220 231 234 241 250 261 264 276 279 291 294 306 309 321 324 336 339 351 354 366 369 381 384 396 399 411 414 426 429 441 444 456 459 471 474 486 489
a 1 7 13 25 31 40 49 52 61 70 79 82 91 100 109 112 121 130 139 142 151 160 169 172 181 190 199 202 211 220 231 234 241 250 261 264 276 279 291 294 306 309 321 324 336 339 351 354 366 369 381 384 396 399 411 414 426 429 441 444 456 459 471 474 486 489
a 1 7 13 25 31 40 49 52 58 70 79 82 91 100 109 112 121 130 139 142 151 160 169 172 181 190 199 202 211 220 231 234 241 250 261 264 276 279 291 294 306 309 321 324 336 339 351 354 366 369 381 384 396 399 411 414 426 429 441 444 456 459 471 474 486 489
a 1 7 13 25 31 40 49 52 58 67 79 82 91 100 109 112 121 130 139 142 151 160 169 172 181 190 199 202 211 220 231 234 241 250 261 264 276 279 291 294 306 309 321 324 336 339 351 354 366 369 381 384 396 399 411 414 426 429 441 444 456 459 471 474 486 489
a 1 7 13 25 31 40 49 52 58 67 73 82 91 100 109 112 121 130 139 142 151 160 169 172 181 190 199 202 211 220 231 234 241 250 261 264 276 279 291 294 306 309 321 324 336 339 351 354 366 369 381 384 396 399 411 414 426 429 441 444 456 459 471 474 486 489
a 1 7 13 25 31 40 49 52 58 67 73 85 91 100 109 112 121 130 139 142 151 160 169 172 181 190 199 202 211 220 231 234 241 250 261 264 276 279 291 294 306 309 321 324 336 339 351 354 366 369 381 384 396 399 411 414 426 429 441 444 456 459 471 474 486 489
a 1 7 13 25 31 40 49 52 58 67 73 85 91 100 109 112 118 130 139 142 151 160 169 172 181 190 199 202 211 220 231 234 241 250 261 264 276 279 291 294 306 309 321 324 336 339 351 354 366 369 381 384 396 399 411 414 426 429 441 444 456 459 471 474 486 489
a 1 7 13 25 31 40 49 52 58 67 73 85 91 100 109 112 118 127 139 142 151 160 169 172 181 190 199 202 211 220 231 234 241 250 261 264 276 279 291 294 306 309 321 324 336 339 351 354 366 369 381 384 396 399 411 414 426 429 441 444 456 459 471 474 486 489
a 1 7 13 25 31 40 49 52 58 67 73 85 91 100 109 112 118 127 133 142 151 160 169 172 181 190 199 202 211 220 231 234 241 250 261 264 276 279 291 294 306 309 321 324 336 339 351 354 366 369 381 384 396 399 411 414 426 429 441 444 456 459 471 474 486 489
a 1 7 13 25 31 40 49 52 58 67 73 85 91 100 109 112 118 127 133 145 151 160 169 172 181 190 199 202 211 220 231 234 241 250 261 264 276 279 291 294 306 309 321 324 336 339 351 354 366 369 381 384 396 399 411 414 426 429 441 444 456 459 471 474 486 489
a 1 7 13 25 31 40 49 52 58 67 73 85 91 100 109 112 118 127 133 145 151 160 169 172 178 190 199 202 211 220 231 234 241 250 261 264 276 279 291 294 306 309 321 324 336 339 351 354 366 369 381 384 396 399 411 414 426 429 441 444 456 459 471 474 486 489
a 1 7 13 25 31 40 49 52 58 67 73 85 91 100 109 112 118 127 133 145 151 160 169 172 178 187 199 202 211 220 231 234 241 250 261 264 276 279 291 294 306 309 321 324 336 339 351 354 366 369 381 384 396 399 411 414 426 429 441 444 456 459 471 474 486 489
a 1 7 13 25 31 40 49 52 58 67 73 85 91 100 109 112 118 127 133 145 151 160 169 172 178 187 193 202 211 220 231 234 241 250 261 264 276 279 291 294 306 309 321 324 336 339 351 354 366 369 381 384 396 399 411 414 426 429 441 444 456 459 471 474 486 489
a 1 7 13 25 31 40 49 52 58 67 73 85 91 100 109 112 118 127 133 145 151 160 169 172 178 187 193 205 211 220 231 234 241 250 261 264 276 279 291 294 306 309 321 324 336 339 351 354 366 369 381 384 396 399 411 414 426 429 441 444 456 459 471 474 486 489
a 1 7 13 25 31 40 49 52 58 67 73 85 91 100 109 112 118 127 133 145 151 160 169 172 178 187 193 205 211 220 231 234 238 250 261 264 276 279 291 294 306 309 321 324 336 339 351 354 366 369 381 384 396 399 411 414 426 429 441 444 456 459 471 474 486 489
a 1 7 13 25 31 40 49 52 58 67 73 85 91 100 109 112 118 127 133 145 151 160 169 172 178 187 193 205 211 220 231 234 238 249 261 264 276 279 291 294 306 309 321 324 336 339 351 354 366 369 381 384 396 399 411 414 426 429 441 444 456 459 471 474 486 489
a 1 7 13 25 31 40 49 52 58 67 73 85 91 100 109 112 118 127 133 145 151 160 169 172 178 187 193 205 211 220 231 234 246 249 261 264 276 279 291 294 306 309 321 324 336 339 351 354 366 369 381 384 396 399 411 414 426 429 441 444 456 459 471 474 486 489
a 1 7 13 25 31 40 49 52 58 67 73 85 91 100 109 112 118 127 133 145 151 160 169 172 178 187 193 204 211 220 231 234 246 249 261 264 276 279 291 294 306 309 321 324 336 339 351 354 366 369 381 384 396 399 411 414 426 429 441 444 456 459 471 474 486 489
a 1 7 13 25 31 40 49 52 58 67 73 85 91 100 109 112 118 127 133 145 151 160 169 172 178 187 201 204 211 220 231 234 246 249 261 264 276 279 291 294 306 309 321 324 336 339 351 354 366 369 381 384 396 399 411 414 426 429 441 444 456 459 471 474 486 489
a 1 7 13 25 31 40 49 52 58 67 73 85 91 100 109 112 118 127 133 145 151 160 169 172 178 190 201 204 211 220 231 234 246 249 261 264 276 279 291 294 306 309 321 324 336 339 351 354 366 369 381 384 396 399 411 414 426 429 441 444 456 459 471 474 486 489
a 1 7 13 25 31 40 49 52 58 67 73 85 91 100 109 112 118 127 133 145 151 160 169 172 181 190 201 204 211 220 231 234 246 249 261 264 276 279 291 294 306 309 321 324 336 339 351 354 366 369 381 384 396 399 411 414 426 429 441 444 456 459 471 474 486 489
a 1 7 13 25 31 40 49 52 58 67 73 85 91 100 109 112 118 127 133 142 151 160 169 172 181 190 201 204 211 220 231 234 246 249 261 264 276 279 291 294 306 309 321 324 336 339 351 354 366 369 381 384 396 399 411 414 426 429 441 444 456 459 471 474 486 489
a 1 7 13 25 31 40 49 52 58 67 73 85 91 100 109 112 118 127 139 142 151 160 169 172 181 190 201 204 211 220 231 234 246 249 261 264 276 279 291 294 306 309 321 324 336 339 351 354 366 369 381 384 396 399 411 414 426 429 441 444 456 459 471 474 486 489
a 1 7 13 25 31 40 49 52 58 67 73 85 91 100 109 112 118 130 139 142 151 160 169 172 181 190 201 204 211 220 231 234 246 249 261 264 276 279 291 294 306 309 321 324 336 339 351 354 366 369 381 384 396 399 411 414 426 429 441 444 456 459 471 474 486 489
a 1 7 13 25 31 40 49 52 58 67 73 85 91 100 109 112 121 130 139 142 151 160 169 172 181 190 201 204 211 220 231 234 246 249 261 264 276 279 291 294 306 309 321 324 336 339 351 354 366 369 381 384 396 399 411 414 426 429 441 444 456 459 471 474 486 489
a 1 7 13 25 31 40 49 52 58 67 73 82 91 100 109 112 121 130 139 142 151 160 169 172 181 190 201 204 211 220 231 234 246 249 261 264 276 279 291 294 306 309 321 324 336 339 351 354 366 369 381 384 396 399 411 414 426 429 441 444 456 459 471 474 486 489
a 1 7 13 25 31 40 49 52 58 67 79 82 91 100 109 112 121 130 139 142 151 160 169 172 181 190 201 204 211 220 231 234 246 249 261 264 276 279 291 294 306 309 321 324 336 339 351 354 366 369 381 384 396 399 411 414 426 429 441 444 456 459 471 474 486 489
a 1 7 13 25 31 40 49 52 58 70 79 82 91 100 109 112 121 130 139 142 151 160 169 172 181 190 201 204 211 220 231 234 246 249 261 264 276 279 291 294 306 309 321 324 336 339 351 354 366 369 381 384 396 399 411 414 426 429 441 444 456 459 471 474 486 489
a 1 7 13 25 31 40 49 52 61 70 79 82 91 100 109 112 121 130 139 142 151 160 169 172 181 190 201 204 211 220 231 234 246 249 261 264 276 279 291 294 306 309 321 324 336 339 351 354 366 369 381 384 396 399 411 414 426 429 441 444 456 459 471 474 486 489
a 1 7 13 22 31 40 49 52 61 70 79 82 91 100 109 112 121 130 139 142 151 160 169 172 181 190 201 204 211 220 231 234 246 249 261 264 276 279 291 294 306 309 321 324 336 339 351 354 366 369 381 384 396 399 411 414 426 429 441 444 456 459 471 474 486 489
a 1 7 19 22 31 40 49 52 61 70 79 82 91 100 109 112 121 130 139 142 151 160 169 172 181 190 201 204 211 220 231 234 246 249 261 264 276 279 291 294 306 309 321 324 336 339 351 354 366 369 381 384 396 399 411 414 426 429 441 444 456 459 471 474 486 489
a 1 10 19 22 31 40 49 52 61 70 79 82 91 100 109 112 121 130 139 142 151 160 169 172 181 190 201 204 211 220 231 234 246 249 261 264 276 279 291 294 306 309 321 324 336 339 351 354 366 369 381 384 396 399 411 414 426 429 441 444 456 459 471 474 486 489
a 4 10 19 22 31 40 49 52 61 70 79 82 91 100 109 112 121 130 139 142 151 160 169 172 181 190 201 204 211 220 231 234 246 249 261 264 276 279 291 294 306 309 321 324 336 339 351 354 366 369 381 384 396 399 411 414 426 429 441 444 456 459 471 474 486 489
a 4 10 19 22 28 40 49 52 61 70 79 82 91 100 109 112 121 130 139 142 151 160 169 172 181 190 201 204 211 220 231 234 246 249 261 264 276 279 291 294 306 309 321 324 336 339 351 354 366 369 381 384 396 399 411 414 426 429 441 444 456 459 471 474 486 489
a 4 10 19 22 28 37 49 52 61 70 79 82 91 100 109 112 121 130 139 142 151 160 169 172 181 190 201 204 211 220 231 234 246 249 261 264 276 279 291 294 306 309 321 324 336 339 351 354 366 369 381 384 396 399 411 414 426 429 441 444 456 459 471 474 486 489
a 4 10 19 22 28 37 43 52 61 70 79 82 91 100 109 112 121 130 139 142 151 160 169 172 181 190 201 204 211 220 231 234 246 249 261 264 276 279 291 294 306 309 321 324 336 339 351 354 366 369 381 384 396 399 411 414 426 429 441 444 456 459 471 474 486 489
a 4 10 19 22 28 37 43 55 61 70 79 82 91 100 109 112 121 130 139 142 151 160 169 172 181 190 201 204 211 220 231 234 246 249 261 264 276 279 291 294 306 309 321 324 336 339 351 354 366 369 381 384 396 399 411 414 426 429 441 444 456 459 471 474 486 489
a 4 10 19 22 28 37 43 55 61 70 79 82 88 100 109 112 121 130 139 142 151 160 169 172 181 190 201 204 211 220 231 234 246 249 261 264 276 279 291 294 306 309 321 324 336 339 351 354 366 369 381 384 396 399 411 414 426 429 441 444 456 459 471 474 486 489
a 4 10 19 22 28 37 43 55 61 70 79 82 88 97 109 112 121 130 139 142 151 160 169 172 181 190 201 204 211 220 231 234 246 249 261 264 276 279 291 294 306 309 321 324 336 339 351 354 366 369 381 384 396 399 411 414 426 429 441 444 456 459 471 474 486 489
a 4 10 19 22 28 37 43 55 61 70 79 82 88 97 103 112 121 130 139 142 151 160 169 172 181 190 201 204 211 220 231 234 246 249 261 264 276 279 291 294 306 309 321 324 336 339 351 354 366 369 381 384 396 399 411 414 426 429 441 444 456 459 471 474 486 489
a 4 10 19 22 28 37 43 55 61 70 79 82 88 97 103 115 121 130 139 142 151 160 169 172 181 190 201 204 211 220 231 234 246 249 261 264 276 279 291 294 306 309 321 324 336 339 351 354 366 369 381 384 396 399 411 414 426 429 441 444 456 459 471 474 486 489
a 4 10 19 22 28 37 43 55 61 70 79 82 88 97 103 115 121 130 139 142 148 160 169 172 181 190 201 204 211 220 231 234 246 249 261 264 276 279 291 294 306 309 321 324 336 339 351 354 366 369 381 384 396 399 411 414 426 429 441 444 456 459 471 474 486 489
a 4 10 19 22 28 37 43 55 61 70 79 82 88 97 103 115 121 130 139 142 148 157 169 172 181 190 201 204 211 220 231 234 246 249 261 264 276 279 291 294 306 309 321 324 336 339 351 354 366 369 381 384 396 399 411 414 426 429 441 444 456 459 471 474 486 489
a 4 10 19 22 28 37 43 55 61 70 79 82 88 97 103 115 121 130 139 142 148 157 163 172 181 190 201 204 211 220 231 234 246 249 261 264 276 279 291 294 306 309 321 324 336 339 351 354 366 369 381 384 396 399 411 414 426 429 441 444 456 459 471 474 486 489
a 4 10 19 22 28 37 43 55 61 70 79 82 88 97 103 115 121 130 139 142 148 157 163 175 181 190 201 204 211 220 231 234 246 249 261 264 276 279 291 294 306 309 321 324 336 339 351 354 366 369 381 384 396 399 411 414 426 429 441 444 456 459 471 474 486 489
a 4 10 19 22 28 37 43 55 61 70 79 82 88 97 103 115 121 130 139 142 148 157 163 175 181 190 201 204 208 220 231 234 246 249 261 264 276 279 291 294 306 309 321 324 336 339 351 354 366 369 381 384 396 399 411 414 426 429 441 444 456 459 471 474 486 489
a 4 10 19 22 28 37 43 55 61 70 79 82 88 97 103 115 121 130 139 142 148 157 163 175 181 190 201 204 208 219 231 234 246 249 261 264 276 279 291 294 306 309 321 324 336 339 351 354 366 369 381 384 396 399 411 414 426 429 441 444 456 459 471 474 486 489
a 4 10 19 22 28 37 43 55 61 70 79 82 88 97 103 115 121 130 139 142 148 157 163 175 181 190 201 204 216 219 231 234 246 249 261 264 276 279 291 294 306 309 321 324 336 339 351 354 366 369 381 384 396 399 411 414 426 429 441 444 456 459 471 474 486 489
a 4 10 19 22 28 37 43 55 61 70 79 82 88 97 103 115 121 130 139 142 148 157 163 174 181 190 201 204 216 219 231 234 246 249 261 264 276 279 291 294 306 309 321 324 336 339 351 354 366 369 381 384 396 399 411 414 426 429 441 444 456 459 471 474 486 489
a 4 10 19 22 28 37 43 55 61 70 79 82 88 97 103 115 121 130 139 142 148 157 171 174 181 190 201 204 216 219 231 234 246 249 261 264 276 279 291 294 306 309 321 324 336 339 351 354 366 369 381 384 396 399 411 414 426 429 441 444 456 459 471 474 486 489
a 4 10 19 22 28 37 43 55 61 70 79 82 88 97 103 115 121 130 139 142 148 160 171 174 181 190 201 204 216 219 231 234 246 249 261 264 276 279 291 294 306 309 321 324 336 339 351 354 366 369 381 384 396 399 411 414 426 429 441 444 456 459 471 474 486 489
a 4 10 19 22 28 37 43 55 61 70 79 82 88 97 103 115 121 130 139 142 151 160 171 174 181 190 201 204 216 219 231 234 246 249 261 264 276 279 291 294 306 309 321 324 336 339 351 354 366 369 381 384 396 399 411 414 426 429 441 444 456 459 471 474 486 489
a 4 10 19 22 28 37 43 55 61 70 79 82 88 97 103 112 121 130 139 142 151 160 171 174 181 190 201 204 216 219 231 234 246 249 261 264 276 279 291 294 306 309 321 324 336 339 351 354 366 369 381 384 396 399 411 414 426 429 441 444 456 459 471 474 486 489
a 4 10 19 22 28 37 43 55 61 70 79 82 88 97 109 112 121 130 139 142 151 160 171 174 181 190 201 204 216 219 231 234 246 249 261 264 276 279 291 294 306 309 321 324 336 339 351 354 366 369 381 384 396 399 411 414 426 429 441 444 456 459 471 474 486 489
a 4 10 19 22 28 37 43 55 61 70 79 82 88 100 109 112 121 130 139 142 151 160 171 174 181 190 201 204 216 219 231 234 246 249 261 264 276 279 291 294 306 309 321 324 336 339 351 354 366 369 381 384 396 399 411 414 426 429 441 444 456 459 471 474 486 489
a 4 10 19 22 28 37 43 55 61 70 79 82 91 100 109 112 121 130 139 142 151 160 171 174 181 190 201 204 216 219 231 234 246 249 261 264 276 279 291 294 306 309 321 324 336 339 351 354 366 369 381 384 396 399 411 414 426 429 441 444 456 459 471 474 486 489
a 4 10 19 22 28 37 43 52 61 70 79 82 91 100 109 112 121 130 139 142 151 160 171 174 181 190 201 204 216 219 231 234 246 249 261 264 276 279 291 294 306 309 321 324 336 339 351 354 366 369 381 384 396 399 411 414 426 429 441 444 456 459 471 474 486 489
a 4 10 19 22 28 37 49 52 61 70 79 82 91 100 109 112 121 130 139 142 151 160 171 174 181 190 201 204 216 219 231 234 246 249 261 264 276 279 291 294 306 309 321 324 336 339 351 354 366 369 381 384 396 399 411 414 426 429 441 444 456 459 471 474 486 489
a 4 10 19 22 28 40 49 52 61 70 79 82 91 100 109 112 121 130 139 142 151 160 171 174 181 190 201 204 216 219 231 234 246 249 261 264 276 279 291 294 306 309 321 324 336 339 351 354 366 369 381 384 396 399 411 414 426 429 441 444 456 459 471 474 486 489
a 4 10 19 22 31 40 49 52 61 70 79 82 91 100 109 112 121 130 139 142 151 160 171 174 181 190 201 204 216 219 231 234 246 249 261 264 276 279 291 294 306 309 321 324 336 339 351 354 366 369 381 384 396 399 411 414 426 429 441 444 456 459 471 474 486 489
a 1 10 19 22 31 40 49 52 61 70 79 82 91 100 109 112 121 130 139 142 151 160 171 174 181 190 201 204 216 219 231 234 246 249 261 264 276 279 291 294 306 309 321 324 336 339 351 354 366 369 381 384 396 399 411 414 426 429 441 444 456 459 471 474 486 489
a 1 7 19 22 31 40 49 52 61 70 79 82 91 100 109 112 121 130 139 142 151 160 171 174 181 190 201 204 216 219 231 234 246 249 261 264 276 279 291 294 306 309 321 324 336 339 351 354 366 369 381 384 396 399 411 414 426 429 441 444 456 459 471 474 486 489
a 1 7 13 22 31 40 49 52 61 70 79 82 91 100 109 112 121 130 139 142 151 160 171 174 181 190 201 204 216 219 231 234 246 249 261 264 276 279 291 294 306 309 321 324 336 339 351 354 366 369 381 384 396 399 411 414 426 429 441 444 456 459 471 474 486 489
a 1 7 13 25 31 40 49 52 61 70 79 82 91 100 109 112 121 130 139 142 151 160 171 174 181 190 201 204 216 219 231 234 246 249 261 264 276 279 291 294 306 309 321 324 336 339 351 354 366 369 381 384 396 399 411 414 426 429 441 444 456 459 471 474 486 489
a 1 7 13 25 31 40 49 52 58 70 79 82 91 100 109 112 121 130 139 142 151 160 171 174 181 190 201 204 216 219 231 234 246 249 261 264 276 279 291 294 306 309 321 324 336 339 351 354 366 369 381 384 396 399 411 414 426 429 441 444 456 459 471 474 486 489
a 1 7 13 25 31 40 49 52 58 67 79 82 91 100 109 112 121 130 139 142 151 160 171 174 181 190 201 204 216 219 231 234 246 249 261 264 276 279 291 294 306 309 321 324 336 339 351 354 366 369 381 384 396 399 411 414 426 429 441 444 456 459 471 474 486 489
a 1 7 13 25 31 40 49 52 58 67 73 82 91 100 109 112 121 130 139 142 151 160 171 174 181 190 201 204 216 219 231 234 246 249 261 264 276 279 291 294 306 309 321 324 336 339 351 354 366 369 381 384 396 399 411 414 426 429 441 444 456 459 471 474 486 489
a 1 7 13 25 31 40 49 52 58 67 73 85 91 100 109 112 121 130 139 142 151 160 171 174 181 190 201 204 216 219 231 234 246 249 261 264 276 279 291 294 306 309 321 324 336 339 351 354 366 369 381 384 396 399 411 414 426 429 441 444 456 459 471 474 486 489
a 1 7 13 25 31 40 49 52 58 67 73 85 91 100 109 112 118 130 139 142 151 160 171 174 181 190 201 204 216 219 231 234 246 249 261 264 276 279 291 294 306 309 321 324 336 339 351 354 366 369 381 384 396 399 411 414 426 429 441 444 456 459 471 474 486 489
a 1 7 13 25 31 40 49 52 58 67 73 85 91 100 109 112 118 127 139 142 151 160 171 174 181 190 201 204 216 219 231 234 246 249 261 264 276 279 291 294 306 309 321 324 336 339 351 354 366 369 381 384 396 399 411 414 426 429 441 444 456 459 471 474 486 489
a 1 7 13 25 31 40 49 52 58 67 73 85 91 100 109 112 118 127 133 142 151 160 171 174 181 190 201 204 216 219 231 234 246 249 261 264 276 279 291 294 306 309 321 324 336 339 351 354 366 369 381 384 396 399 411 414 426 429 441 444 456 459 471 474 486 489
a 1 7 13 25 31 40 49 52 58 67 73 85 91 100 109 112 118 127 133 145 151 160 171 174 181 190 201 204 216 219 231 234 246 249 261 264 276 279 291 294 306 309 321 324 336 339 351 354 366 369 381 384 396 399 411 414 426 429 441 444 456 459 471 474 486 489
a 1 7 13 25 31 40 49 52 58 67 73 85 91 100 109 112 118 127 133 145 151 160 171 174 178 190 201 204 216 219 231 234 246 249 261 264 276 279 291 294 306 309 321 324 336 339 351 354 366 369 381 384 396 399 411 414 426 429 441 444 456 459 471 474 486 489
a 1 7 13 25 31 40 49 52 58 67 73 85 91 100 109 112 118 127 133 145 151 160 171 174 178 189 201 204 216 219 231 234 246 249 261 264 276 279 291 294 306 309 321 324 336 339 351 354 366 369 381 384 396 399 411 414 426 429 441 444 456 459 471 474 486 489
a 1 7 13 25 31 40 49 52 58 67 73 85 91 100 109 112 118 127 133 145 151 160 171 174 186 189 201 204 216 219 231 234 246 249 261 264 276 279 291 294 306 309 321 324 336 339 351 354 366 369 381 384 396 399 411 414 426 429 441 444 456 459 471 474 486 489
a 1 7 13 25 31 40 49 52 58 67 73 85 91 100 109 112 118 127 133 144 151 160 171 174 186 189 201 204 216 219 231 234 246 249 261 264 276 279 291 294 306 309 321 324 336 339 351 354 366 369 381 384 396 399 411 414 426 429 441 444 456 459 471 474 486 489
a 1 7 13 25 31 40 49 52 58 67 73 85 91 100 109 112 118 127 141 144 151 160 171 174 186 189 201 204 216 219 231 234 246 249 261 264 276 279 291 294 306 309 321 324 336 339 351 354 366 369 381 384 396 399 411 414 426 429 441 444 456 459 471 474 486 489
a 1 7 13 25 31 40 49 52 58 67 73 85 91 100 109 112 118 130 141 144 151 160 171 174 186 189 201 204 216 219 231 234 246 249 261 264 276 279 291 294 306 309 321 324 336 339 351 354 366 369 381 384 396 399 411 414 426 429 441 444 456 459 471 474 486 489
a 1 7 13 25 31 40 49 52 58 67 73 85 91 100 109 112 121 130 141 144 151 160 171 174 186 189 201 204 216 219 231 234 246 249 261 264 276 279 291 294 306 309 321 324 336 339 351 354 366 369 381 384 396 399 411 414 426 429 441 444 456 459 471 474 486 489
a 1 7 13 25 31 40 49 52 58 67 73 82 91 100 109 112 121 130 141 144 151 160 171 174 186 189 201 204 216 219 231 234 246 249 261 264 276 279 291 294 306 309 321 324 336 339 351 354 366 369 381 384 396 399 411 414 426 429 441 444 456 459 471 474 486 489
a 1 7 13 25 31 40 49 52 58 67 79 82 91 100 109 112 121 130 141 144 151 160 171 174 186 189 201 204 216 219 231 234 246 249 261 264 276 279 291 294 306 309 321 324 336 339 351 354 366 369 381 384 396 399 411 414 426 429 441 444 456 459 471 474 486 489
a 1 7 13 25 31 40 49 52 58 70 79 82 91 100 109 112 121 130 141 144 151 160 171 174 186 189 201 204 216 219 231 234 246 249 261 264 276 279 291 294 306 309 321 324 336 339 351 354 366 369 381 384 396 399 411 414 426 429 441 444 456 459 471 474 486 489
a 1 7 13 25 31 40 49 52 61 70 79 82 91 100 109 112 121 130 141 144 151 160 171 174 186 189 201 204 216 219 231 234 246 249 261 264 276 279 291 294 306 309 321 324 336 339 351 354 366 369 381 384 396 399 411 414 426 429 441 444 456 459 471 474 486 489
a 1 7 13 22 31 40 49 52 61 70 79 82 91 100 109 112 121 130 141 144 151 160 171 174 186 189 201 204 216 219 231 234 246 249 261 264 276 279 291 294 306 309 321 324 336 339 351 354 366 369 381 384 396 399 411 414 426 429 441 444 456 459 471 474 486 489
a 1 7 19 22 31 40 49 52 61 70 79 82 91 100 109 112 121 130 141 144 151 160 171 174 186 189 201 204 216 219 231 234 246 249 261 264 276 279 291 294 306 309 321 324 336 339 351 354 366 369 381 384 396 399 411 414 426 429 441 444 456 459 471 474 486 489
a 1 10 19 22 31 40 49 52 61 70 79 82 91 100 109 112 121 130 141 144 151 160 171 174 186 189 201 204 216 219 231 234 246 249 261 264 276 279 291 294 306 309 321 324 336 339 351 354 366 369 381 384 396 399 411 414 426 429 441 444 456 459 471 474 486 489
a 4 10 19 22 31 40 49 52 61 70 79 82 91 100 109 112 121 130 141 144 151 160 171 174 186 189 201 204 216 219 231 234 246 249 261 264 276 279 291 294 306 309 321 324 336 339 351 354 366 369 381 384 396 399 411 414 426 429 441 444 456 459 471 474 486 489
a 4 10 19 22 28 40 49 52 61 70 79 82 91 100 109 112 121 130 141 144 151 160 171 174 186 189 201 204 216 219 231 234 246 249 261 264 276 279 291 294 306 309 321 324 336 339 351 354 366 369 381 384 396 399 411 414 426 429 441 444 456 459 471 474 486 489
a 4 10 19 22 28 37 49 52 61 70 79 82 91 100 109 112 121 130 141 144 151 160 171 174 186 189 201 204 216 219 231 234 246 249 261 264 276 279 291 294 306 309 321 324 336 339 351 354 366 369 381 384 396 399 411 414 426 429 441 444 456 459 471 474 486 489
a 4 10 19 22 28 37 43 52 61 70 79 82 91 100 109 112 121 130 141 144 151 160 171 174 186 189 201 204 216 219 231 234 246 249 261 264 276 279 291 294 306 309 321 324 336 339 351 354 366 369 381 384 396 399 411 414 426 429 441 444 456 459 471 474 486 489
a 4 10 19 22 28 37 43 55 61 70 79 82 91 100 109 112 121 130 141 144 151 160 171 174 186 189 201 204 216 219 231 234 246 249 261 264 276 279 291 294 306 309 321 324 336 339 351 354 366 369 381 384 396 399 411 414 426 429 441 444 456 459 471 474 486 489
a 4 10 19 22 28 37 43 55 61 70 79 82 88 100 109 112 121 130 141 144 151 160 171 174 186 189 201 204 216 219 231 234 246 249 261 264 276 279 291 294 306 309 321 324 336 339 351 354 366 369 381 384 396 399 411 414 426 429 441 444 456 459 471 474 486 489
a 4 10 19 22 28 37 43 55 61 70 79 82 88 97 109 112 121 130 141 144 151 160 171 174 186 189 201 204 216 219 231 234 246 249 261 264 276 279 291 294 306 309 321 324 336 339 351 354 366 369 381 384 396 399 411 414 426 429 441 444 456 459 471 474 486 489
a 4 10 19 22 28 37 43 55 61 70 79 82 88 97 103 112 121 130 141 144 151 160 171 174 186 189 201 204 216 219 231 234 246 249 261 264 276 279 291 294 306 309 321 324 336 339 351 354 366 369 381 384 396 399 411 414 426 429 441 444 456 459 471 474 486 489
a 4 10 19 22 28 37 43 55 61 70 79 82 88 97 103 115 121 130 141 144 151 160 171 174 186 189 201 204 216 219 231 234 246 249 261 264 276 279 291 294 306 309 321 324 336 339 351 354 366 369 381 384 396 399 411 414 426 429 441 444 456 459 471 474 486 489
a 4 10 19 22 28 37 43 55 61 70 79 82 88 97 103 115 121 130 141 144 148 160 171 174 186 189 201 204 216 219 231 234 246 249 261 264 276 279 291 294 306 309 321 324 336 339 351 354 366 369 381 384 396 399 411 414 426 429 441 444 456 459 471 474 486 489
a 4 10 19 22 28 37 43 55 61 70 79 82 88 97 103 115 121 130 141 144 148 159 171 174 186 189 201 204 216 219 231 234 246 249 261 264 276 279 291 294 306 309 321 324 336 339 351 354 366 369 381 384 396 399 411 414 426 429 441 444 456 459 471 474 486 489
a 4 10 19 22 28 37 43 55 61 70 79 82 88 97 103 115 121 130 141 144 156 159 171 174 186 189 201 204 216 219 231 234 246 249 261 264 276 279 291 294 306 309 321 324 336 339 351 354 366 369 381 384 396 399 411 414 426 429 441 444 456 459 471 474 486 489
a 4 10 19 22 28 37 43 55 61 70 79 82 88 97 103 114 121 130 141 144 156 159 171 174 186 189 201 204 216 219 231 234 246 249 261 264 276 279 291 294 306 309 321 324 336 339 351 354 366 369 381 384 396 399 411 414 426 429 441 444 456 459 471 474 486 489
a 4 10 19 22 28 37 43 55 61 70 79 82 88 97 111 114 121 130 141 144 156 159 171 174 186 189 201 204 216 219 231 234 246 249 261 264 276 279 291 294 306 309 321 324 336 339 351 354 366 369 381 384 396 399 411 414 426 429 441 444 456 459 471 474 486 489
a 4 10 19 22 28 37 43 55 61 70 79 82 88 100 111 114 121 130 141 144 156 159 171 174 186 189 201 204 216 219 231 234 246 249 261 264 276 279 291 294 306 309 321 324 336 339 351 354 366 369 381 384 396 399 411 414 426 429 441 444 456 459 471 474 486 489
a 4 10 19 22 28 37 43 55 61 70 79 82 91 100 111 114 121 130 141 144 156 159 171 174 186 189 201 204 216 219 231 234 246 249 261 264 276 279 291 294 306 309 321 324 336 339 351 354 366 369 381 384 396 399 411 414 426 429 441 444 456 459 471 474 486 489
a 4 10 19 22 28 37 43 52 61 70 79 82 91 100 111 114 121 130 141 144 156 159 171 174 186 189 201 204 216 219 231 234 246 249 261 264 276 279 291 294 306 309 321 324 336 339 351 354 366 369 381 384 396 399 411 414 426 429 441 444 456 459 471 474 486 489
a 4 10 19 22 28 37 49 52 61 70 79 82 91 100 111 114 121 130 141 144 156 159 171 174 186 189 201 204 216 219 231 234 246 249 261 264 276 279 291 294 306 309 321 324 336 339 351 354 366 369 381 384 396 399 411 414 426 429 441 444 456 459 471 474 486 489
a 4 10 19 22 28 40 49 52 61 70 79 82 91 100 111 114 121 130 141 144 156 159 171 174 186 189 201 204 216 219 231 234 246 249 261 264 276 279 291 294 306 309 321 324 336 339 351 354 366 369 381 384 396 399 411 414 426 429 441 444 456 459 471 474 486 489
a 4 10 19 22 31 40 49 52 61 70 79 82 91 100 111 114 121 130 141 144 156 159 171 174 186 189 201 204 216 219 231 234 246 249 261 264 276 279 291 294 306 309 321 324 336 339 351 354 366 369 381 384 396 399 411 414 426 429 441 444 456 459 471 474 486 489
a 1 10 19 22 31 40 49 52 61 70 79 82 91 100 111 114 121 130 141 144 156 159 171 174 186 189 201 204 216 219 231 234 246 249 261 264 276 279 291 294 306 309 321 324 336 339 351 354 366 369 381 384 396 399 411 414 426 429 441 444 456 459 471 474 486 489
a 1 7 19 22 31 40 49 52 61 70 79 82 91 100 111 114 121 130 141 144 156 159 171 174 186 189 201 204 216 219 231 234 246 249 261 264 276 279 291 294 306 309 321 324 336 339 351 354 366 369 381 384 396 399 411 414 426 429 441 444 456 459 471 474 486 489
a 1 7 13 22 31 40 49 52 61 70 79 82 91 100 111 114 121 130 141 144 156 159 171 174 186 189 201 204 216 219 231 234 246 249 261 264 276 279 291 294 306 309 321 324 336 339 351 354 366 369 381 384 396 399 411 414 426 429 441 444 456 459 471 474 486 489
a 1 7 13 25 31 40 49 52 61 70 79 82 91 100 111 114 121 130 141 144 156 159 171 174 186 189 201 204 216 219 231 234 246 249 261 264 276 279 291 294 306 309 321 324 336 339 351 354 366 369 381 384 396 399 411 414 426 429 441 444 456 459 471 474 486 489
a 1 7 13 25 31 40 49 52 58 70 79 82 91 100 111 114 121 130 141 144 156 159 171 174 186 189 201 204 216 219 231 234 246 249 261 264 276 279 291 294 306 309 321 324 336 339 351 354 366 369 381 384 396 399 411 414 426 429 441 444 456 459 471 474 486 489
a 1 7 13 25 31 40 49 52 58 67 79 82 91 100 111 114 121 130 141 144 156 159 171 174 186 189 201 204 216 219 231 234 246 249 261 264 276 279 291 294 306 309 321 324 336 339 351 354 366 369 381 384 396 399 411 414 426 429 441 444 456 459 471 474 486 489
a 1 7 13 25 31 40 49 52 58 67 73 82 91 100 111 114 121 130 141 144 156 159 171 174 186 189 201 204 216 219 231 234 246 249 261 264 276 279 291 294 306 309 321 324 336 339 351 354 366 369 381 384 396 399 411 414 426 429 441 444 456 459 471 474 486 489
a 1 7 13 25 31 40 49 52 58 67 73 85 91 100 111 114 121 130 141 144 156 159 171 174 186 189 201 204 216 219 231 234 246 249 261 264 276 279 291 294 306 309 321 324 336 339 351 354 366 369 381 384 396 399 411 414 426 429 441 444 456 459 471 474 486 489
a 1 7 13 25 31 40 49 52 58 67 73 85 91 100 111 114 118 130 141 144 156 159 171 174 186 189 201 204 216 219 231 234 246 249 261 264 276 279 291 294 306 309 321 324 336 339 351 354 366 369 381 384 396 399 411 414 426 429 441 444 456 459 471 474 486 489
a 1 7 13 25 31 40 49 52 58 67 73 85 91 100 111 114 118 129 141 144 156 159 171 174 186 189 201 204 216 219 231 234 246 249 261 264 276 279 291 294 306 309 321 324 336 339 351 354 366 369 381 384 396 399 411 414 426 429 441 444 456 459 471 474 486 489
a 1 7 13 25 31 40 49 52 58 67 73 85 91 100 111 114 126 129 141 144 156 159 171 174 186 189 201 204 216 219 231 234 246 249 261 264 276 279 291 294 306 309 321 324 336 339 351 354 366 369 381 384 396 399 411 414 426 429 441 444 456 459 471 474 486 489
a 1 7 13 25 31 40 49 52 58 67 73 84 91 100 111 114 126 129 141 144 156 159 171 174 186 189 201 204 216 219 231 234 246 249 261 264 276 279 291 294 306 309 321 324 336 339 351 354 366 369 381 384 396 399 411 414 426 429 441 444 456 459 471 474 486 489
a 1 7 13 25 31 40 49 52 58 67 81 84 91 100 111 114 126 129 141 144 156 159 171 174 186 189 201 204 216 219 231 234 246 249 261 264 276 279 291 294 306 309 321 324 336 339 351 354 366 369 381 384 396 399 411 414 426 429 441 444 456 459 471 474 486 489
a 1 7 13 25 31 40 49 52 58 70 81 84 91 100 111 114 126 129 141 144 156 159 171 174 186 189 201 204 216 219 231 234 246 249 261 264 276 279 291 294 306 309 321 324 336 339 351 354 366 369 381 384 396 399 411 414 426 429 441 444 456 459 471 474 486 489
a 1 7 13 25 31 40 49 52 61 70 81 84 91 100 111 114 126 129 141 144 156 159 171 174 186 189 201 204 216 219 231 234 246 249 261 264 276 279 291 294 306 309 321 324 336 339 351 354 366 369 381 384 396 399 411 414 426 429 441 444 456 459 471 474 486 489
a 1 7 13 22 31 40 49 52 61 70 81 84 91 100 111 114 126 129 141 144 156 159 171 174 186 189 201 204 216 219 231 234 246 249 261 264 276 279 291 294 306 309 321 324 336 339 351 354 366 369 381 384 396 399 411 414 426 429 441 444 456 459 471 474 486 489
a 1 7 19 22 31 40 49 52 61 70 81 84 91 100 111 114 126 129 141 144 156 159 171 174 186 189 201 204 216 219 231 234 246 249 261 264 276 279 291 294 306 309 321 324 336 339 351 354 366 369 381 384 396 399 411 414 426 429 441 444 456 459 471 474 486 489
a 1 10 19 22 31 40 49 52 61 70 81 84 91 100 111 114 126 129 141 144 156 159 171 174 186 189 201 204 216 219 231 234 246 249 261 264 276 279 291 294 306 309 321 324 336 339 351 354 366 369 381 384 396 399 411 414 426 429 441 444 456 459 471 474 486 489
a 4 10 19 22 31 40 49 52 61 70 81 84 91 100 111 114 126 129 141 144 156 159 171 174 186 189 201 204 216 219 231 234 246 249 261 264 276 279 291 294 306 309 321 324 336 339 351 354 366 369 381 384 396 399 411 414 426 429 441 444 456 459 471 474 486 489
a 4 10 19 22 28 40 49 52 61 70 81 84 91 100 111 114 126 129 141 144 156 159 171 174 186 189 201 204 216 219 231 234 246 249 261 264 276 279 291 294 306 309 321 324 336 339 351 354 366 369 381 384 396 399 411 414 426 429 441 444 456 459 471 474 486 489
a 4 10 19 22 28 37 49 52 61 70 81 84 91 100 111 114 126 129 141 144 156 159 171 174 186 189 201 204 216 219 231 234 246 249 261 264 276 279 291 294 306 309 321 324 336 339 351 354 366 369 381 384 396 399 411 414 426 429 441 444 456 459 471 474 486 489
a 4 10 19 22 28 37 43 52 61 70 81 84 91 100 111 114 126 129 141 144 156 159 171 174 186 189 201 204 216 219 231 234 246 249 261 264 276 279 291 294 306 309 321 324 336 339 351 354 366 369 381 384 396 399 411 414 426 429 441 444 456 459 471 474 486 489
a 4 10 19 22 28 37 43 55 61 70 81 84 91 100 111 114 126 129 141 144 156 159 171 174 186 189 201 204 216 219 231 234 246 249 261 264 276 279 291 294 306 309 321 324 336 339 351 354 366 369 381 384 396 399 411 414 426 429 441 444 456 459 471 474 486 489
a 4 10 19 22 28 37 43 55 61 70 81 84 88 100 111 114 126 129 141 144 156 159 171 174 186 189 201 204 216 219 231 234 246 249 261 264 276 279 291 294 306 309 321 324 336 339 351 354 366 369 381 384 396 399 411 414 426 429 441 444 456 459 471 474 486 489
a 4 10 19 22 28 37 43 55 61 70 81 84 88 99 111 114 126 129 141 144 156 159 171 174 186 189 201 204 216 219 231 234 246 249 261 264 276 279 291 294 306 309 321 324 336 339 351 354 366 369 381 384 396 399 411 414 426 429 441 444 456 459 471 474 486 489
a 4 10 19 22 28 37 43 55 61 70 81 84 96 99 111 114 126 129 141 144 156 159 171 174 186 189 201 204 216 219 231 234 246 249 261 264 276 279 291 294 306 309 321 324 336 339 351 354 366 369 381 384 396 399 411 414 426 429 441 444 456 459 471 474 486 489
a 4 10 19 22 28 37 43 54 61 70 81 84 96 99 111 114 126 129 141 144 156 159 171 174 186 189 201 204 216 219 231 234 246 249 261 264 276 279 291 294 306 309 321 324 336 339 351 354 366 369 381 384 396 399 411 414 426 429 441 444 456 459 471 474 486 489
a 4 10 19 22 28 37 51 54 61 70 81 84 96 99 111 114 126 129 141 144 156 159 171 174 186 189 201 204 216 219 231 234 246 249 261 264 276 279 291 294 306 309 321 324 336 339 351 354 366 369 381 384 396 399 411 414 426 429 441 444 456 459 471 474 486 489
a 4 10 19 22 28 40 51 54 61 70 81 84 96 99 111 114 126 129 141 144 156 159 171 174 186 189 201 204 216 219 231 234 246 249 261 264 276 279 291 294 306 309 321 324 336 339 351 354 366 369 381 384 396 399 411 414 426 429 441 444 456 459 471 474 486 489
a 4 10 19 22 31 40 51 54 61 70 81 84 96 99 111 114 126 129 141 144 156 159 171 174 186 189 201 204 216 219 231 234 246 249 261 264 276 279 291 294 306 309 321 324 336 339 351 354 366 369 381 384 396 399 411 414 426 429 441 444 456 459 471 474 486 489
a 1 10 19 22 31 40 51 54 61 70 81 84 96 99 111 114 126 129 141 144 156 159 171 174 186 189 201 204 216 219 231 234 246 249 261 264 276 279 291 294 306 309 321 324 336 339 351 354 366 369 381 384 396 399 411 414 426 429 441 444 456 459 471 474 486 489
a 1 7 19 22 31 40 51 54 61 70 81 84 96 99 111 114 126 129 141 144 156 159 171 174 186 189 201 204 216 219 231 234 246 249 261 264 276 279 291 294 306 309 321 324 336 339 351 354 366 369 381 384 396 399 411 414 426 429 441 444 456 459 471 474 486 489
a 1 7 13 22 31 40 51 54 61 70 81 84 96 99 111 114 126 129 141 144 156 159 171 174 186 189 201 204 216 219 231 234 246 249 261 264 276 279 291 294 306 309 321 324 336 339 351 354 366 369 381 384 396 399 411 414 426 429 441 444 456 459 471 474 486 489
a 1 7 13 25 31 40 51 54 61 70 81 84 96 99 111 114 126 129 141 144 156 159 171 174 186 189 201 204 216 219 231 234 246 249 261 264 276 279 291 294 306 309 321 324 336 339 351 354 366 369 381 384 396 399 411 414 426 429 441 444 456 459 471 474 486 489
a 1 7 13 25 31 40 51 54 58 70 81 84 96 99 111 114 126 129 141 144 156 159 171 174 186 189 201 204 216 219 231 234 246 249 261 264 276 279 291 294 306 309 321 324 336 339 351 354 366 369 381 384 396 399 411 414 426 429 441 444 456 459 471 474 486 489
a 1 7 13 25 31 40 51 54 58 69 81 84 96 99 111 114 126 129 141 144 156 159 171 174 186 189 201 204 216 219 231 234 246 249 261 264 276 279 291 294 306 309 321 324 336 339 351 354 366 369 381 384 396 399 411 414 426 429 441 444 456 459 471 474 486 489
a 1 7 13 25 31 40 51 54 66 69 81 84 96 99 111 114 126 129 141 144 156 159 171 174 186 189 201 204 216 219 231 234 246 249 261 264 276 279 291 294 306 309 321 324 336 339 351 354 366 369 381 384 396 399 411 414 426 429 441 444 456 459 471 474 486 489
a 1 7 13 24 31 40 51 54 66 69 81 84 96 99 111 114 126 129 141 144 156 159 171 174 186 189 201 204 216 219 231 234 246 249 261 264 276 279 291 294 306 309 321 324 336 339 351 354 366 369 381 384 396 399 411 414 426 429 441 444 456 459 471 474 486 489
a 1 7 21 24 31 40 51 54 66 69 81 84 96 99 111 114 126 129 141 144 156 159 171 174 186 189 201 204 216 219 231 234 246 249 261 264 276 279 291 294 306 309 321 324 336 339 351 354 366 369 381 384 396 399 411 414 426 429 441 444 456 459 471 474 486 489
a 1 10 21 24 31 40 51 54 66 69 81 84 96 99 111 114 126 129 141 144 156 159 171 174 186 189 201 204 216 219 231 234 246 249 261 264 276 279 291 294 306 309 321 324 336 339 351 354 366 369 381 384 396 399 411 414 426 429 441 444 456 459 471 474 486 489
a 4 10 21 24 31 40 51 54 66 69 81 84 96 99 111 114 126 129 141 144 156 159 171 174 186 189 201 204 216 219 231 234 246 249 261 264 276 279 291 294 306 309 321 324 336 339 351 354 366 369 381 384 396 399 411 414 426 429 441 444 456 459 471 474 486 489
a 4 10 21 24 28 40 51 54 66 69 81 84 96 99 111 114 126 129 141 144 156 159 171 174 186 189 201 204 216 219 231 234 246 249 261 264 276 279 291 294 306 309 321 324 336 339 351 354 366 369 381 384 396 399 411 414 426 429 441 444 456 459 471 474 486 489
a 4 10 21 24 28 39 51 54 66 69 81 84 96 99 111 114 126 129 141 144 156 159 171 174 186 189 201 204 216 219 231 234 246 249 261 264 276 279 291 294 306 309 321 324 336 339 351 354 366 369 381 384 396 399 411 414 426 429 441 444 456 459 471 474 486 489
a 4 10 21 24 36 39 51 54 66 69 81 84 96 99 111 114 126 129 141 144 156 159 171 174 186 189 201 204 216 219 231 234 246 249 261 264 276 279 291 294 306 309 321 324 336 339 351 354 366 369 381 384 396 399 411 414 426 429 441 444 456 459 471 474 486 489
a 3 10 21 24 36 39 51 54 66 69 81 84 96 99 111 114 126 129 141 144 156 159 171 174 186 189 201 204 216 219 231 234 246 249 261 264 276 279 291 294 306 309 321 324 336 339 351 354 366 369 381 384 396 399 411 414 426 429 441 444 456 459 471 474 486 489
a 3 9 21 24 36 39 51 54 66 69 81 84 96 99 111 114 126 129 141 144 156 159 171 174 186 189 201 204 216 219 231 234 246 249 261 264 276 279 291 294 306 309 321 324 336 339 351 354 366 369 381 384 396 399 411 414 426 429 441 444 456 459 471 474 486 489
Reconfiguration time = 89.500103
	Command being timed: "timeout 0.5h ../ddreconf/ddreconf ../instances_pwwt_col/suzuki_instance_2_16_2_3.pwwt.col --st --stfile=../benchmark_instances/2023result/docs/solver/benchmark/hand_made_wide/square_wider/suzuki_instance_2_16_2_3_01.dat --tj --indset"
	User time (seconds): 89.65
	System time (seconds): 0.64
	Percent of CPU this job got: 99%
	Elapsed (wall clock) time (h:mm:ss or m:ss): 1:30.61
	Average shared text size (kbytes): 0
	Average unshared data size (kbytes): 0
	Average stack size (kbytes): 0
	Average total size (kbytes): 0
	Maximum resident set size (kbytes): 1131676
	Average resident set size (kbytes): 0
	Major (requiring I/O) page faults: 0
	Minor (reclaiming a frame) page faults: 55268
	Voluntary context switches: 3
	Involuntary context switches: 75
	Swaps: 0
	File system inputs: 0
	File system outputs: 784
	Socket messages sent: 0
	Socket messages received: 0
	Signals delivered: 0
	Page size (bytes): 4096
	Exit status: 0
