Input graph file parsed. # of vertices = 552, # of edges = 3009
s 6 12 18 27 33 42 48 57 63 72 78 87 93 102 108 117 123 132 138 147 153 162 168 177 183 192 198 207 213 222 228 237 243 252 258 267 273 282 288 297 303 312 318 327 333 342 348 357 363 372 378 387 393 402 408 417 423 432 438 447 453 462 468 477 483 492 498 507 513 522 528 537 543 552
t 3 9 21 24 36 39 51 54 66 69 81 84 96 99 111 114 126 129 141 144 156 159 171 174 186 189 201 204 216 219 231 234 246 249 261 264 276 279 291 294 306 309 321 324 336 339 351 354 366 369 381 384 396 399 411 414 426 429 441 444 456 459 471 474 486 489 501 504 516 519 531 534 546 549
Solution space ZDD construction start
Solution space ZDD construction end
Solution space ZDD construction time = 1.434145
Solution space ZDD size = 1506
# of elements in the solution space = 42536202928921970451593051591547721633403543472584072487958
Start searching a reconfiguration sequence from s to t
Step 1 time = 0.001062, # ZDD nodes = 351, # elems = 205
Step 2 time = 0.002145, # ZDD nodes = 627, # elems = 20665
Step 3 time = 0.002864, # ZDD nodes = 897, # elems = 1365582
Step 4 time = 0.002819, # ZDD nodes = 1158, # elems = 66540522
Step 5 time = 0.003548, # ZDD nodes = 1420, # elems = 2549765469
Step 6 time = 0.003183, # ZDD nodes = 1682, # elems = 80023487577
Step 7 time = 0.003365, # ZDD nodes = 1936, # elems = 2115431812977
Step 8 time = 0.002894, # ZDD nodes = 2176, # elems = 48075527057433
Step 9 time = 0.003035, # ZDD nodes = 2407, # elems = 954011819271349
Step 10 time = 0.002517, # ZDD nodes = 2634, # elems = 16734095862448966
Step 11 time = 0.003317, # ZDD nodes = 2858, # elems = 262029718433601343
Step 12 time = 0.003400, # ZDD nodes = 3089, # elems = 3692460773074018641
Step 13 time = 0.002977, # ZDD nodes = 3328, # elems = 47144883287301669204
Step 14 time = 0.002979, # ZDD nodes = 3560, # elems = 548517322764966850692
Step 15 time = 0.003466, # ZDD nodes = 3778, # elems = 5843961533155200230604
Step 16 time = 0.002916, # ZDD nodes = 3990, # elems = 57255709004388096976983
Step 17 time = 0.004559, # ZDD nodes = 4198, # elems = 517748748234679049266560
Step 18 time = 0.003075, # ZDD nodes = 4403, # elems = 4335145518466988353757323
Step 19 time = 0.003330, # ZDD nodes = 4605, # elems = 33705495608421356097323596
Step 20 time = 0.003160, # ZDD nodes = 4804, # elems = 243947040390399114447433075
Step 21 time = 0.003809, # ZDD nodes = 5001, # elems = 1647217029194638534162414683
Step 22 time = 0.003547, # ZDD nodes = 5207, # elems = 10397347666363899696166212735
Step 23 time = 0.004283, # ZDD nodes = 5404, # elems = 61457295808132124121320737896
Step 24 time = 0.003969, # ZDD nodes = 5603, # elems = 340709051297843894051426909358
Step 25 time = 0.003878, # ZDD nodes = 5797, # elems = 1774026332281091280604904316999
Step 26 time = 0.003720, # ZDD nodes = 5985, # elems = 8686476695284938432071618707206
Step 27 time = 0.003840, # ZDD nodes = 6164, # elems = 40042033327266743614804756574038
Step 28 time = 0.004328, # ZDD nodes = 6340, # elems = 173942281706928928277638963416466
Step 29 time = 0.004732, # ZDD nodes = 6513, # elems = 712671127508748276302456323662136
Step 30 time = 0.004933, # ZDD nodes = 6683, # elems = 2756139309918182518258174112236719
Step 31 time = 0.004063, # ZDD nodes = 6847, # elems = 10067747007518615039554963501156137
Step 32 time = 0.004500, # ZDD nodes = 7005, # elems = 34756399619954760442070960536076580
Step 33 time = 0.004274, # ZDD nodes = 7153, # elems = 113455262981438201090543668989336735
Step 34 time = 0.004601, # ZDD nodes = 7313, # elems = 350335484497957636195590804912140811
Step 35 time = 0.004464, # ZDD nodes = 7467, # elems = 1023679448004182105231964925894593897
Step 36 time = 0.005121, # ZDD nodes = 7621, # elems = 2831299094050265275781240371752157741
Step 37 time = 0.004458, # ZDD nodes = 7787, # elems = 7413854892863385118129089751459831819
Step 38 time = 0.005381, # ZDD nodes = 7942, # elems = 18382702144759218563852732911966540888
Step 39 time = 0.006112, # ZDD nodes = 8099, # elems = 43164895276797714015837908737741311183
Step 40 time = 0.006130, # ZDD nodes = 8251, # elems = 95993049247117863276720371181220539582
Step 41 time = 0.005767, # ZDD nodes = 8403, # elems = 202188180651759297866803464553056093186
Step 42 time = 0.005450, # ZDD nodes = 8552, # elems = 403358977828894927309141049734916562735
Step 43 time = 0.005480, # ZDD nodes = 8695, # elems = 762190703087392515144129138070985847270
Step 44 time = 0.005210, # ZDD nodes = 8835, # elems = 1364277019673143668775940069094718587480
Step 45 time = 0.005324, # ZDD nodes = 8966, # elems = 2313510140542930050285010316698213500538
Step 46 time = 0.006723, # ZDD nodes = 9081, # elems = 3717817449400757733191859744337054244602
Step 47 time = 0.006204, # ZDD nodes = 9184, # elems = 5664435295872074118310202934861391816321
Step 48 time = 0.006231, # ZDD nodes = 9279, # elems = 8188584157920193623699385873679593677108
Step 49 time = 0.005265, # ZDD nodes = 9365, # elems = 11244934304344897468150909123966922849079
Step 50 time = 0.006076, # ZDD nodes = 9445, # elems = 14694582214585829738299355562933874770075
Step 51 time = 0.005646, # ZDD nodes = 9519, # elems = 18318018759434642418560462265104078265447
Step 52 time = 0.005328, # ZDD nodes = 9593, # elems = 21855505767592908144809657533955483615454
Step 53 time = 0.005186, # ZDD nodes = 9685, # elems = 25063393127456711695894070012499707891514
Step 54 time = 0.005391, # ZDD nodes = 9777, # elems = 27765182572162479971782923160221759976285
Step 55 time = 0.005823, # ZDD nodes = 9869, # elems = 29876806205619670511096297885476111589839
Step 56 time = 0.005991, # ZDD nodes = 9976, # elems = 31398641289454457444346685991921687244037
Step 57 time = 0.006004, # ZDD nodes = 10090, # elems = 32385811359935280279987989124506595135273
Step 58 time = 0.006504, # ZDD nodes = 10212, # elems = 32921106218741738137632192309468959470488
Step 59 time = 0.007523, # ZDD nodes = 10328, # elems = 33111330848238219925682180679108357227052
Step 60 time = 0.007020, # ZDD nodes = 10431, # elems = 33108259520336418991797592750931211857070
Step 61 time = 0.008785, # ZDD nodes = 10525, # elems = 33131765684726112697786262169155770844937
Step 62 time = 0.007066, # ZDD nodes = 10613, # elems = 33462082345174082832564697969197160271871
Step 63 time = 0.007163, # ZDD nodes = 10692, # elems = 34380664248186880073878335344051379606505
Step 64 time = 0.006988, # ZDD nodes = 10774, # elems = 36070124234923688153052692567984194673728
Step 65 time = 0.008032, # ZDD nodes = 10835, # elems = 38515402221486309251599759893618763446163
Step 66 time = 0.006646, # ZDD nodes = 10890, # elems = 41460299447245118765826904318472894709663
Step 67 time = 0.007714, # ZDD nodes = 10934, # elems = 44455556415791005647462316340643369025914
Step 68 time = 0.006555, # ZDD nodes = 10975, # elems = 46993717886203056488030638488146409125208
Step 69 time = 0.007280, # ZDD nodes = 11013, # elems = 48683059656036449710536481700211960399879
Step 70 time = 0.007187, # ZDD nodes = 11048, # elems = 49391151717020055202241127396507596674863
Step 71 time = 0.006458, # ZDD nodes = 11076, # elems = 49300371656458749627648796211488397761188
Step 72 time = 0.006674, # ZDD nodes = 11094, # elems = 48856567433371911922514044435833613322395
Step 73 time = 0.006646, # ZDD nodes = 11103, # elems = 48636921163519319135150956337611736898499
Step 74 time = 0.007530, # ZDD nodes = 11102, # elems = 49190576753043396520244381579042259658234
Step 75 time = 0.006978, # ZDD nodes = 11104, # elems = 50904413673265613434135961966427023261868
Step 76 time = 0.007882, # ZDD nodes = 11147, # elems = 53923209451453925997355651777717483167129
Step 77 time = 0.008353, # ZDD nodes = 11177, # elems = 58126993486333768168034807873906502831081
Step 78 time = 0.008089, # ZDD nodes = 11202, # elems = 63155094519695711663418150479108581595115
Step 79 time = 0.007386, # ZDD nodes = 11244, # elems = 68468733287259120145382182053092899316289
Step 80 time = 0.007024, # ZDD nodes = 11290, # elems = 73450301161010546359529314119400073551596
Step 81 time = 0.007757, # ZDD nodes = 11343, # elems = 77533226854947847895615228880498955562280
Step 82 time = 0.007399, # ZDD nodes = 11403, # elems = 80338334483259668553007998301801986762315
Step 83 time = 0.008218, # ZDD nodes = 11477, # elems = 81773558377432788012769643214239918454681
Step 84 time = 0.008074, # ZDD nodes = 11548, # elems = 82053205858127986062170940845216787618531
Step 85 time = 0.008404, # ZDD nodes = 11614, # elems = 81620283560069168625235075572651558755904
Step 86 time = 0.008614, # ZDD nodes = 11680, # elems = 81000240480495959168183878264660990776117
Step 87 time = 0.007761, # ZDD nodes = 11746, # elems = 80650959874967520182263937711651508706632
Step 88 time = 0.007469, # ZDD nodes = 11812, # elems = 80877712601181114328437939049342988264406
Step 89 time = 0.007299, # ZDD nodes = 11880, # elems = 81847331427948873943595555851254256224483
Step 90 time = 0.008857, # ZDD nodes = 11952, # elems = 83680470025399604706806815615978105332564
Step 91 time = 0.008910, # ZDD nodes = 12033, # elems = 86554738942063514223862881930562206109485
Step 92 time = 0.008661, # ZDD nodes = 12113, # elems = 90740540433682579782885548177909958229926
Step 93 time = 0.008444, # ZDD nodes = 12190, # elems = 96523357795873171177296768342142011479721
Step 94 time = 0.007776, # ZDD nodes = 12261, # elems = 104027604089807379576979292739730468753608
Step 95 time = 0.008468, # ZDD nodes = 12325, # elems = 113019364032994280796596435566158556367178
Step 96 time = 0.008656, # ZDD nodes = 12378, # elems = 122796738192242155002184354635982432850742
Step 97 time = 0.009005, # ZDD nodes = 12435, # elems = 132255845903306603978734321379362718384019
Step 98 time = 0.010380, # ZDD nodes = 12506, # elems = 140149199874208586819420830139853947570043
Step 99 time = 0.008200, # ZDD nodes = 12574, # elems = 145459458644375281288434012014438240880219
Step 100 time = 0.008925, # ZDD nodes = 12624, # elems = 147741794594517734459999143434152041322214
Step 101 time = 0.007762, # ZDD nodes = 12671, # elems = 147283880625231147526922135911120396978827
Step 102 time = 0.008685, # ZDD nodes = 12716, # elems = 145004805352707720420886804799627518556730
Step 103 time = 0.008878, # ZDD nodes = 12776, # elems = 142131621951883005617334294211386300027714
Step 104 time = 0.008291, # ZDD nodes = 12839, # elems = 139794537976811899638340295801606994314388
Step 105 time = 0.008586, # ZDD nodes = 12908, # elems = 138714137160070728062595958782155250464835
Step 106 time = 0.008684, # ZDD nodes = 12995, # elems = 139100284159726744603372078661392936075968
Step 107 time = 0.008938, # ZDD nodes = 13088, # elems = 140774710631949210772473210656257763668995
Step 108 time = 0.008409, # ZDD nodes = 13191, # elems = 143427645392516771999020223144355622832148
Step 109 time = 0.009974, # ZDD nodes = 13298, # elems = 146873922244854635810104576557972282741006
Step 110 time = 0.010239, # ZDD nodes = 13402, # elems = 151198928412293924225942286088957207373847
Step 111 time = 0.010338, # ZDD nodes = 13501, # elems = 156752994179206579053138704179886159551728
Step 112 time = 0.009904, # ZDD nodes = 13600, # elems = 164020557755609905240314705206091036554487
Step 113 time = 0.009921, # ZDD nodes = 13699, # elems = 173425991573902655188106786339187049244160
Step 114 time = 0.011544, # ZDD nodes = 13798, # elems = 185138026850485567703924214139011429956907
Step 115 time = 0.009910, # ZDD nodes = 13888, # elems = 198918461022895359614870356737016636089282
Step 116 time = 0.010639, # ZDD nodes = 13965, # elems = 214049270554064696566458434058548690285271
Step 117 time = 0.011756, # ZDD nodes = 14036, # elems = 229369573592503066212521549054332733036253
Step 118 time = 0.010155, # ZDD nodes = 14102, # elems = 243445477867793848780537023786771066651435
Step 119 time = 0.010001, # ZDD nodes = 14162, # elems = 254864264606030691483369850549175640160059
Step 120 time = 0.010965, # ZDD nodes = 14226, # elems = 262590212780479197352086605237914708089456
Step 121 time = 0.009742, # ZDD nodes = 14307, # elems = 266268930501932535514988439540689955381567
Step 122 time = 0.010823, # ZDD nodes = 14397, # elems = 266357653713918881919706011827120907156666
Step 123 time = 0.010324, # ZDD nodes = 14487, # elems = 264011034540768699940676346825814216482081
Step 124 time = 0.010156, # ZDD nodes = 14577, # elems = 260749064942404935315215946794253445506354
Step 125 time = 0.009433, # ZDD nodes = 14667, # elems = 258027916793872811917565694066844832519661
Step 126 time = 0.009955, # ZDD nodes = 14762, # elems = 256874758955443630771621106519576388471300
Step 127 time = 0.009869, # ZDD nodes = 14854, # elems = 257712656846455742965850788534346825770866
Step 128 time = 0.009506, # ZDD nodes = 14943, # elems = 260412301537153536150044147515003115532885
Step 129 time = 0.009685, # ZDD nodes = 15029, # elems = 264511774302941887395622339627557476600319
Step 130 time = 0.010282, # ZDD nodes = 15107, # elems = 269489455641472334383450941929303385609252
Step 131 time = 0.010355, # ZDD nodes = 15182, # elems = 274977767149989425421628210540646340281859
Step 132 time = 0.010424, # ZDD nodes = 15254, # elems = 280855180492995206429208864546051568166748
Step 133 time = 0.011632, # ZDD nodes = 15326, # elems = 287220940181030899784568526131595992950133
Step 134 time = 0.011527, # ZDD nodes = 15416, # elems = 294309577030720226247505267934351001581763
Step 135 time = 0.011303, # ZDD nodes = 15523, # elems = 302418523870785410537841335701777297111572
Step 136 time = 0.010632, # ZDD nodes = 15643, # elems = 311895195124082142677141491891685237273310
Step 137 time = 0.012775, # ZDD nodes = 15781, # elems = 323171596400473180943261342327006296604154
Step 138 time = 0.012606, # ZDD nodes = 15922, # elems = 336775743403339672247148660112096825947339
Step 139 time = 0.012440, # ZDD nodes = 16068, # elems = 353230505787990677591998931910538544102781
Step 140 time = 0.012705, # ZDD nodes = 16214, # elems = 372799894329232415351442584742442117346631
Step 141 time = 0.012716, # ZDD nodes = 16357, # elems = 395149563426073359604173023256799460565555
Step 142 time = 0.014645, # ZDD nodes = 16497, # elems = 419094712116537315770218457545708064542956
Step 143 time = 0.013102, # ZDD nodes = 16619, # elems = 442635744025908629445779333580259706197689
Step 144 time = 0.012569, # ZDD nodes = 16738, # elems = 463382410513465592328035892603511713448449
Step 145 time = 0.012262, # ZDD nodes = 16854, # elems = 479269807629880639879418855525709481187883
Step 146 time = 0.015215, # ZDD nodes = 16956, # elems = 489279761552431299633687541014070265972352
Step 147 time = 0.011624, # ZDD nodes = 17058, # elems = 493822467431502676930517347181356557735762
Step 148 time = 0.012484, # ZDD nodes = 17160, # elems = 494565057811272245561722076079336291715230
Step 149 time = 0.015559, # ZDD nodes = 17261, # elems = 493760939346808788613490256218921840987316
Step 150 time = 0.012776, # ZDD nodes = 17356, # elems = 493390210528604251299367167018992985187368
Step 151 time = 0.013953, # ZDD nodes = 17455, # elems = 494517902019175109713597910345066018740227
Step 152 time = 0.012163, # ZDD nodes = 17568, # elems = 497155075551940432420139964256376544379239
Step 153 time = 0.012790, # ZDD nodes = 17667, # elems = 500638359783615519846119726963644939620504
Step 154 time = 0.012749, # ZDD nodes = 17760, # elems = 504280160610936197813372239333756091653941
Step 155 time = 0.012235, # ZDD nodes = 17844, # elems = 507926725189005219019442521414173965143908
Step 156 time = 0.012788, # ZDD nodes = 17898, # elems = 512143451085580353637898412374384222025999
Step 157 time = 0.012351, # ZDD nodes = 17967, # elems = 517963884095758773832827610807218889446453
Step 158 time = 0.014094, # ZDD nodes = 18039, # elems = 526365097735357517987391029571886407676179
Step 159 time = 0.012737, # ZDD nodes = 18111, # elems = 537754595857200054901346425373010159261009
Step 160 time = 0.012856, # ZDD nodes = 18183, # elems = 551727366931029427865911718103926568139353
Step 161 time = 0.012821, # ZDD nodes = 18267, # elems = 567208158499865542157529706142297388709119
Step 162 time = 0.012981, # ZDD nodes = 18348, # elems = 582912746052849737793726090936686426500956
Step 163 time = 0.013713, # ZDD nodes = 18422, # elems = 597925999439387287257445335743064457728330
Step 164 time = 0.016332, # ZDD nodes = 18508, # elems = 612155547765807908591488298782705297734330
Step 165 time = 0.013522, # ZDD nodes = 18592, # elems = 626482013973428601766084067669436975045774
Step 166 time = 0.013332, # ZDD nodes = 18670, # elems = 642551546520319446561783652601816682962991
Step 167 time = 0.014109, # ZDD nodes = 18745, # elems = 662284469099631831914951480559928893983604
Step 168 time = 0.012367, # ZDD nodes = 18823, # elems = 687255942953717314779308425589161708534134
Step 169 time = 0.013526, # ZDD nodes = 18919, # elems = 718124111525749899796926364558766524371534
Step 170 time = 0.013116, # ZDD nodes = 19026, # elems = 754254926839401960119339296533604378212945
Step 171 time = 0.014895, # ZDD nodes = 19146, # elems = 793647715485105739299075957436226178280437
Step 172 time = 0.013437, # ZDD nodes = 19287, # elems = 833212502451236180379492164291045250214341
Step 173 time = 0.014732, # ZDD nodes = 19441, # elems = 869379227543768940002971042105245557084208
Step 174 time = 0.016942, # ZDD nodes = 19606, # elems = 898922146686633482564388705602152428007272
Step 175 time = 0.016219, # ZDD nodes = 19774, # elems = 919782158390269531964014659218739994821777
Step 176 time = 0.014824, # ZDD nodes = 19935, # elems = 931620503070178682329623102946351365380751
Step 177 time = 0.015167, # ZDD nodes = 20093, # elems = 935892224007493378083906459552009018624333
Step 178 time = 0.016489, # ZDD nodes = 20248, # elems = 935390557868399375051268600706993325393565
Step 179 time = 0.015137, # ZDD nodes = 20400, # elems = 933419332514754290181073789828851176983464
Step 180 time = 0.015405, # ZDD nodes = 20532, # elems = 932897580390647938237284947465608525834545
Step 181 time = 0.015467, # ZDD nodes = 20658, # elems = 935712265591071653977075484454234594594057
Step 182 time = 0.117603, # ZDD nodes = 20775, # elems = 942508483846716179303224929947309980294143
Step 183 time = 0.018392, # ZDD nodes = 20859, # elems = 952912530056043019937087752718766196684746
Step 184 time = 0.018032, # ZDD nodes = 20940, # elems = 966019531067003416119337568236948723074960
Step 185 time = 0.016790, # ZDD nodes = 21018, # elems = 980911225695611020344418292886649208272725
Step 186 time = 0.015678, # ZDD nodes = 21096, # elems = 997008818489258632749258043147969010190804
Step 187 time = 0.017122, # ZDD nodes = 21171, # elems = 1014170511895729989483935260934192022380235
Step 188 time = 0.017490, # ZDD nodes = 21243, # elems = 1032558569467319477780072816050294494261372
Step 189 time = 0.016400, # ZDD nodes = 21305, # elems = 1052384390487107595061256606003444428270641
Step 190 time = 0.015823, # ZDD nodes = 21369, # elems = 1073670597404853813002947031110040478711075
Step 191 time = 0.015228, # ZDD nodes = 21452, # elems = 1096142631096536219760298874752506337455183
Step 192 time = 0.016623, # ZDD nodes = 21532, # elems = 1119291229278728215277436650585362140260235
Step 193 time = 0.018101, # ZDD nodes = 21624, # elems = 1142562046704308521510515793159776944948955
Step 194 time = 0.015811, # ZDD nodes = 21698, # elems = 1165572237552254498601562465689106890907845
Step 195 time = 0.016090, # ZDD nodes = 21772, # elems = 1188259317430752502248933494257392888670257
Step 196 time = 0.015665, # ZDD nodes = 21864, # elems = 1210932406755944096780831647173937442798499
Step 197 time = 0.015383, # ZDD nodes = 21942, # elems = 1234273184925774330710033087644306332884763
Step 198 time = 0.015244, # ZDD nodes = 22026, # elems = 1259357916315412311631305182897019503306499
Step 199 time = 0.018004, # ZDD nodes = 22110, # elems = 1287707537228347480171740214128458257964772
Step 200 time = 0.016975, # ZDD nodes = 22212, # elems = 1321254669650303539538752450464810902628711
Step 201 time = 0.019844, # ZDD nodes = 22311, # elems = 1362042869596763585829633159066030485906559
Step 202 time = 0.015699, # ZDD nodes = 22416, # elems = 1411544667155140972387036830375796439233683
Step 203 time = 0.016843, # ZDD nodes = 22536, # elems = 1469717841758283254974942411925755949031465
Step 204 time = 0.016373, # ZDD nodes = 22656, # elems = 1534200647301936537405478140606361870861602
Step 205 time = 0.016562, # ZDD nodes = 22776, # elems = 1600176898837630891852065631008751380977835
Step 206 time = 0.015450, # ZDD nodes = 22896, # elems = 1661263598036080615453842740275071795533814
Step 207 time = 0.017307, # ZDD nodes = 22994, # elems = 1711306034280878068760697281919063048083973
Step 208 time = 0.016923, # ZDD nodes = 23104, # elems = 1746437268939778250209466007141128473239507
Step 209 time = 0.016046, # ZDD nodes = 23226, # elems = 1766493179861601770731221622400626815285675
Step 210 time = 0.016386, # ZDD nodes = 23354, # elems = 1775078822363050750543737943362711410637594
Step 211 time = 0.019967, # ZDD nodes = 23483, # elems = 1778193078220140801726207242046324226190364
Step 212 time = 0.019229, # ZDD nodes = 23619, # elems = 1782015855627827372767369497042560262379746
Step 213 time = 0.018911, # ZDD nodes = 23759, # elems = 1790857412912621335322555331499067889673566
Step 214 time = 0.018101, # ZDD nodes = 23873, # elems = 1806146395607506659046628461095794748185079
Step 215 time = 0.022043, # ZDD nodes = 23984, # elems = 1826775268812409593887962437224177211178017
Step 216 time = 0.019734, # ZDD nodes = 24104, # elems = 1850449054825736370314157204574414140621609
Step 217 time = 0.021804, # ZDD nodes = 24209, # elems = 1875252037155363835571649144320868935818926
Step 218 time = 0.022381, # ZDD nodes = 24274, # elems = 1900649777192520430693510758522276792956421
Step 219 time = 0.024274, # ZDD nodes = 24348, # elems = 1927527252271430784813887824792310062137516
Step 220 time = 0.022097, # ZDD nodes = 24420, # elems = 1957392657163642194518091576389019081384147
Step 221 time = 0.021124, # ZDD nodes = 24483, # elems = 1991277196907777346654027581130801454080528
Step 222 time = 0.019873, # ZDD nodes = 24537, # elems = 2028957500357693196993611247501631103191902
Step 223 time = 0.019282, # ZDD nodes = 24588, # elems = 2068904257352951081749873932176805414684582
Step 224 time = 0.018430, # ZDD nodes = 24633, # elems = 2108951957244078721559979458521137022750776
Step 225 time = 0.022822, # ZDD nodes = 24669, # elems = 2147302302240687437784421609395626787740703
Step 226 time = 0.018671, # ZDD nodes = 24705, # elems = 2183310989088911051444002206005686545415050
Step 227 time = 0.019856, # ZDD nodes = 24753, # elems = 2217645782601299545214322760636963363987224
Step 228 time = 0.018599, # ZDD nodes = 24807, # elems = 2251766744036907551926479046420863802982271
Step 229 time = 0.017765, # ZDD nodes = 24867, # elems = 2287064768138029672058218857825273797069208
Step 230 time = 0.019015, # ZDD nodes = 24945, # elems = 2324182022146827316400613378215690121029541
Step 231 time = 0.018475, # ZDD nodes = 25026, # elems = 2362918611203310710813111964877910735957724
Step 232 time = 0.017387, # ZDD nodes = 25101, # elems = 2402775650843494439132808794844172808673507
Step 233 time = 0.018010, # ZDD nodes = 25176, # elems = 2443807368181303677109460304489137565056013
Step 234 time = 0.019280, # ZDD nodes = 25251, # elems = 2487274847145153519263721572661099342026667
Step 235 time = 0.017733, # ZDD nodes = 25326, # elems = 2535706110881578086170105477611793738371803
Step 236 time = 0.018681, # ZDD nodes = 25401, # elems = 2592286748028050549919042526927353043774452
Step 237 time = 0.019889, # ZDD nodes = 25484, # elems = 2659832594670618137660267830611106491383052
Step 238 time = 0.018478, # ZDD nodes = 25586, # elems = 2739752021209916242973301953509631485719729
Step 239 time = 0.019254, # ZDD nodes = 25715, # elems = 2831343639508145330884896352966991188203498
Step 240 time = 0.020619, # ZDD nodes = 25871, # elems = 2931591862238840902572912532939744041514938
Step 241 time = 0.021445, # ZDD nodes = 26030, # elems = 3035462089063364927681859125986722361000425
Step 242 time = 0.019738, # ZDD nodes = 26170, # elems = 3136632078757416463829854075922790902238060
Step 243 time = 0.020948, # ZDD nodes = 26319, # elems = 3228581922676330211005691980185538852091457
Step 244 time = 0.019874, # ZDD nodes = 26471, # elems = 3305906519065615758663773911815222970375092
Step 245 time = 0.023827, # ZDD nodes = 26632, # elems = 3365580279489152576246124577201321300844073
Step 246 time = 0.019199, # ZDD nodes = 26791, # elems = 3407781272771220408293044317529103618265990
Step 247 time = 0.022996, # ZDD nodes = 26950, # elems = 3435912590917761205590523077814178693355696
Step 248 time = 0.019421, # ZDD nodes = 27087, # elems = 3455706444665171745300315537271342652623521
Step 249 time = 0.020635, # ZDD nodes = 27185, # elems = 3473667479214641221951834929214324663246080
Step 250 time = 0.019575, # ZDD nodes = 27280, # elems = 3495402463720131389395269748690111421656533
Step 251 time = 0.022963, # ZDD nodes = 27384, # elems = 3524422918236454360486488763292650297860618
Step 252 time = 0.020706, # ZDD nodes = 27491, # elems = 3561777462687786278771439183691726855626714
Step 253 time = 0.019879, # ZDD nodes = 27556, # elems = 3606510390622147215835085065293935616284118
Step 254 time = 0.020067, # ZDD nodes = 27633, # elems = 3656640840278358711753927632609322602846409
Step 255 time = 0.023005, # ZDD nodes = 27717, # elems = 3710229340269588493181337201043687690626840
Step 256 time = 0.024329, # ZDD nodes = 27786, # elems = 3766145906418341528065010442001663334848794
Step 257 time = 0.021715, # ZDD nodes = 27855, # elems = 3824308704926715100754458747152211718517774
Step 258 time = 0.021273, # ZDD nodes = 27924, # elems = 3885360649440616531501138315002884344970517
Step 259 time = 0.021245, # ZDD nodes = 27978, # elems = 3949955391637598142686800516710239028596553
Step 260 time = 0.021454, # ZDD nodes = 28026, # elems = 4017990982125934309919486698512375789833397
Step 261 time = 0.022266, # ZDD nodes = 28074, # elems = 4088186040636413324901803222903254136253507
Step 262 time = 0.021045, # ZDD nodes = 28128, # elems = 4158271657527085478015591352169861323544122
Step 263 time = 0.022231, # ZDD nodes = 28182, # elems = 4225784966441552104169073337124519569374321
Step 264 time = 0.022338, # ZDD nodes = 28238, # elems = 4289127196289178993085362872228237034160104
Step 265 time = 0.022290, # ZDD nodes = 28298, # elems = 4348377527298258520780622758049879706938145
Step 266 time = 0.021317, # ZDD nodes = 28382, # elems = 4405452715049722179147422558332173302230197
Step 267 time = 0.022440, # ZDD nodes = 28487, # elems = 4463526299472697950817718252439071992576014
Step 268 time = 0.027466, # ZDD nodes = 28607, # elems = 4525982010597122987347408407566073292537893
Step 269 time = 0.022206, # ZDD nodes = 28730, # elems = 4595367025505152147791051421366035892025052
Step 270 time = 0.021576, # ZDD nodes = 28853, # elems = 4672743400285667683442326427984107175077083
Step 271 time = 0.022174, # ZDD nodes = 28976, # elems = 4757588329933922200318416705139359401748417
Step 272 time = 0.027674, # ZDD nodes = 29099, # elems = 4848142268869507461703401414030948330611025
Step 273 time = 0.024270, # ZDD nodes = 29216, # elems = 4941994717881784593939495294151575621853554
Step 274 time = 0.023175, # ZDD nodes = 29342, # elems = 5036751969624862447980969579675021938593461
Step 275 time = 0.023220, # ZDD nodes = 29474, # elems = 5130745644656390379480245951081221829289570
Step 276 time = 0.024243, # ZDD nodes = 29612, # elems = 5223773946368357483535494835209760763449819
Step 277 time = 0.022713, # ZDD nodes = 29753, # elems = 5317750959438020335213064206044267826165629
Step 278 time = 0.023517, # ZDD nodes = 29909, # elems = 5416940749682307630913872476419163935013769
Step 279 time = 0.023624, # ZDD nodes = 30059, # elems = 5527350068173312478850556427085540516272781
Step 280 time = 0.026066, # ZDD nodes = 30197, # elems = 5655025365703408836189604994082036270897357
Step 281 time = 0.024514, # ZDD nodes = 30303, # elems = 5803488681585861188571582242638858616053443
Step 282 time = 0.022689, # ZDD nodes = 30400, # elems = 5971169893988888178964528505739496191981576
Step 283 time = 0.026043, # ZDD nodes = 30489, # elems = 6150084019234939500544650145866631588361925
Step 284 time = 0.023135, # ZDD nodes = 30566, # elems = 6326805692382876713527032855812741487001521
Step 285 time = 0.023197, # ZDD nodes = 30617, # elems = 6485920591343041436182817892832207167116985
Step 286 time = 0.022583, # ZDD nodes = 30680, # elems = 6614916591686531846444092945790451455204205
Step 287 time = 0.023738, # ZDD nodes = 30734, # elems = 6708559399716862630183828775428171551033495
Step 288 time = 0.026442, # ZDD nodes = 30746, # elems = 6770775642973625653476874794137527282116072
Step 289 time = 0.024026, # ZDD nodes = 30755, # elems = 6813088768245201297128505691793597781166617
Step 290 time = 0.025923, # ZDD nodes = 30770, # elems = 6850254925521857077483626147556198225774683
Step 291 time = 0.022999, # ZDD nodes = 30779, # elems = 6895076912829619243538183140577406727050279
Step 292 time = 0.021934, # ZDD nodes = 30769, # elems = 6954697040741487976959778050013171819780251
Step 293 time = 0.027239, # ZDD nodes = 30793, # elems = 7029812340515470000854939942595815775865979
Step 294 time = 0.023193, # ZDD nodes = 30823, # elems = 7116716904643588422969918277225903684499013
Step 295 time = 0.023227, # ZDD nodes = 30856, # elems = 7210718213748412941433164282056696251315899
Step 296 time = 0.022079, # ZDD nodes = 30874, # elems = 7309005147756718003546636833330039062107119
Step 297 time = 0.023467, # ZDD nodes = 30883, # elems = 7411625644884527150211788861549237717402925
Step 298 time = 0.022565, # ZDD nodes = 30907, # elems = 7520434538725391080878482669583394714538904
Step 299 time = 0.023012, # ZDD nodes = 30946, # elems = 7636983147222348180041566183334103704621352
Step 300 time = 0.026830, # ZDD nodes = 31000, # elems = 7760765455958680830701088586922874016540296
Step 301 time = 0.027171, # ZDD nodes = 31099, # elems = 7888861528152645905272123101461362572670986
Step 302 time = 0.025777, # ZDD nodes = 31232, # elems = 8017122043581600578982177432178633764960513
Step 303 time = 0.028311, # ZDD nodes = 31382, # elems = 8142146070420271438064270698162984568496933
Step 304 time = 0.026704, # ZDD nodes = 31553, # elems = 8262885674414888500488988978778679457443657
Step 305 time = 0.025230, # ZDD nodes = 31727, # elems = 8380955306913344030485017844622906403621402
Step 306 time = 0.026055, # ZDD nodes = 31901, # elems = 8499474891756398908649129993582303881697904
Step 307 time = 0.031565, # ZDD nodes = 32075, # elems = 8621122074618467071188919279474204831308702
Step 308 time = 0.030324, # ZDD nodes = 32246, # elems = 8746547462589460846541474890420395965117208
Step 309 time = 0.030058, # ZDD nodes = 32414, # elems = 8874133765862725875407730321513370317931296
Step 310 time = 0.026178, # ZDD nodes = 32582, # elems = 9001315626370081654332821603092167787943085
Step 311 time = 0.027435, # ZDD nodes = 32750, # elems = 9126724610829806069636397472436045554172703
Step 312 time = 0.033798, # ZDD nodes = 32915, # elems = 9251837027582228947362042407749924256714523
Step 313 time = 0.028102, # ZDD nodes = 33068, # elems = 9380975002080603192539628044536789888294008
Step 314 time = 0.033074, # ZDD nodes = 33206, # elems = 9519416363618691419165658555330955914946299
Step 315 time = 0.033930, # ZDD nodes = 33334, # elems = 9670520959575810769987630558233711682996827
Step 316 time = 0.029726, # ZDD nodes = 33462, # elems = 9833490273593919517656566818313339666537625
Step 317 time = 0.035865, # ZDD nodes = 33620, # elems = 10003170223663441873763476724752993918222140
Step 318 time = 0.029796, # ZDD nodes = 33784, # elems = 10172249307558620037984679807604783873674716
Step 319 time = 0.031852, # ZDD nodes = 33948, # elems = 10334891927031553876457377585120187981561913
Step 320 time = 0.030154, # ZDD nodes = 34073, # elems = 10490044917654177206642843936501002682038419
Step 321 time = 0.028787, # ZDD nodes = 34192, # elems = 10642813710882002507547416988522468604984761
Step 322 time = 0.029933, # ZDD nodes = 34308, # elems = 10803281090798703680078542293729991894595262
Step 323 time = 0.031528, # ZDD nodes = 34403, # elems = 10983326588623191575423566844697940700444514
Step 324 time = 0.026908, # ZDD nodes = 34489, # elems = 11192749046178926788480339924554450415619025
Step 325 time = 0.027576, # ZDD nodes = 34590, # elems = 11436023569600093406090019900317706385859067
Step 326 time = 0.028771, # ZDD nodes = 34700, # elems = 11710538703815892372055289633547551923243629
Step 327 time = 0.031160, # ZDD nodes = 34816, # elems = 12006587958655376964728747335039301763433332
Step 328 time = 0.025980, # ZDD nodes = 34924, # elems = 12309017286513661836083358574019236011100089
Step 329 time = 0.027148, # ZDD nodes = 35023, # elems = 12600227224275781472043229523816151823407330
Step 330 time = 0.027233, # ZDD nodes = 35113, # elems = 12863996703168384916690043901278728379345127
Step 331 time = 0.026003, # ZDD nodes = 35170, # elems = 13089263218769555370666778316361313103972019
Step 332 time = 0.031113, # ZDD nodes = 35218, # elems = 13272758560779159166282752073475220191683125
Step 333 time = 0.031626, # ZDD nodes = 35260, # elems = 13419566175272820343556848770351680844586047
Step 334 time = 0.034374, # ZDD nodes = 35284, # elems = 13541333261759689101470299933228872601229232
Step 335 time = 0.031801, # ZDD nodes = 35275, # elems = 13652765324274134338800664627168905890833929
Step 336 time = 0.032125, # ZDD nodes = 35266, # elems = 13767671089944887444061392153076652489676301
Step 337 time = 0.034784, # ZDD nodes = 35293, # elems = 13895872780301140715019324200893064489958087
Step 338 time = 0.033140, # ZDD nodes = 35332, # elems = 14041792641484773710749959862550784111638532
Step 339 time = 0.031266, # ZDD nodes = 35344, # elems = 14204820819938266970087302453161408215171922
Step 340 time = 0.030997, # ZDD nodes = 35359, # elems = 14381023982689257536891817670799852780105223
Step 341 time = 0.032009, # ZDD nodes = 35374, # elems = 14565501231227848551549739790236155183786348
Step 342 time = 0.037780, # ZDD nodes = 35392, # elems = 14754645845685480712928721623831245362543846
Step 343 time = 0.040304, # ZDD nodes = 35413, # elems = 14947619806267019687832312019766960071788696
Step 344 time = 0.033803, # ZDD nodes = 35470, # elems = 15146519319374770438709416230967567833710439
Step 345 time = 0.032450, # ZDD nodes = 35539, # elems = 15355106898310430000909783567570049984788931
Step 346 time = 0.032906, # ZDD nodes = 35611, # elems = 15576586223339778427989289552671161208829107
Step 347 time = 0.046501, # ZDD nodes = 35677, # elems = 15811436730886720124591706613580473046937675
Step 348 time = 0.035947, # ZDD nodes = 35743, # elems = 16056433115506262679096109222220534482487373
Step 349 time = 0.036773, # ZDD nodes = 35818, # elems = 16305465300675103281722730767535704311841967
Step 350 time = 0.030935, # ZDD nodes = 35893, # elems = 16551854233625058233131037554765527807357138
Step 351 time = 0.030867, # ZDD nodes = 35962, # elems = 16791044037845261991028908457896634172106456
Step 352 time = 0.038405, # ZDD nodes = 36039, # elems = 17022334411037425080361946306131363559125041
Step 353 time = 0.038861, # ZDD nodes = 36123, # elems = 17248836400793161685646724352587390370818047
Step 354 time = 0.041130, # ZDD nodes = 36213, # elems = 17475782925775064921405166938377551328974159
Step 355 time = 0.035211, # ZDD nodes = 36305, # elems = 17708153367697955814810474326113951313570778
Step 356 time = 0.032710, # ZDD nodes = 36434, # elems = 17948827191636271429086037848601283783828262
Step 357 time = 0.032972, # ZDD nodes = 36584, # elems = 18198065966294100470171014465886492810603955
Step 358 time = 0.040430, # ZDD nodes = 36752, # elems = 18454322165958955373389085016968412208160727
Step 359 time = 0.036460, # ZDD nodes = 36923, # elems = 18715667479603499538507770200467241077323592
Step 360 time = 0.033217, # ZDD nodes = 37094, # elems = 18980911468288587028640290665427102408279200
Step 361 time = 0.032348, # ZDD nodes = 37256, # elems = 19249823122491271510805753092417808620223844
Step 362 time = 0.031630, # ZDD nodes = 37409, # elems = 19522518584653063330935917236963294037219001
Step 363 time = 0.032103, # ZDD nodes = 37547, # elems = 19798619592011245081134964575052493899847232
Step 364 time = 0.034347, # ZDD nodes = 37691, # elems = 20076895828922947299441634766714391999564981
Step 365 time = 0.033178, # ZDD nodes = 37853, # elems = 20355743034410431621614648935094457049659032
Step 366 time = 0.032591, # ZDD nodes = 38012, # elems = 20634275689151819146719266015739487083710268
Step 367 time = 0.033275, # ZDD nodes = 38159, # elems = 20913409915928084834756316383796139601034675
Step 368 time = 0.034615, # ZDD nodes = 38309, # elems = 21196338149205193774178221697856924814274451
Step 369 time = 0.032265, # ZDD nodes = 38459, # elems = 21488220405479531096611243481265473906076510
Step 370 time = 0.032692, # ZDD nodes = 38609, # elems = 21795426024774542121701795334365528160631452
Step 371 time = 0.235668, # ZDD nodes = 38743, # elems = 22124859600962725036613181724891379344259058
Step 372 time = 0.034811, # ZDD nodes = 38895, # elems = 22483598697424857089578105817909182430537643
Step 373 time = 0.042720, # ZDD nodes = 39047, # elems = 22878452726532123445987363459109369127110211
Step 374 time = 0.033871, # ZDD nodes = 39199, # elems = 23314645329401809906383116089317604946173101
Step 375 time = 0.035235, # ZDD nodes = 39331, # elems = 23793134497728461565356890149810893352622881
Step 376 time = 0.034444, # ZDD nodes = 39457, # elems = 24307166117634157645244383661539423122622302
Step 377 time = 0.035589, # ZDD nodes = 39574, # elems = 24839896979290556435467935844579662767440008
Step 378 time = 0.034612, # ZDD nodes = 39664, # elems = 25365335005327006270791138899674095573902265
Step 379 time = 0.038526, # ZDD nodes = 39757, # elems = 25853752848616746765796123087267523794141170
Step 380 time = 0.036035, # ZDD nodes = 39871, # elems = 26280412893334824271923894092529006240046737
Step 381 time = 0.038203, # ZDD nodes = 39982, # elems = 26634168016056764298558786102113830092856290
Step 382 time = 0.043761, # ZDD nodes = 40066, # elems = 26921810066961346984988409306173045964975909
Step 383 time = 0.043291, # ZDD nodes = 40165, # elems = 27165661876362605772700303789748745087978363
Step 384 time = 0.034293, # ZDD nodes = 40261, # elems = 27395151882059906050701781091106687721353921
Step 385 time = 0.034014, # ZDD nodes = 40348, # elems = 27636174431988341929538796387893809608621867
Step 386 time = 0.034395, # ZDD nodes = 40399, # elems = 27903137765404763067189322875753463630446357
Step 387 time = 0.033535, # ZDD nodes = 40432, # elems = 28197099763002349402362778613402095592749617
Step 388 time = 0.037092, # ZDD nodes = 40447, # elems = 28510180777474856117498390414579029823735043
Step 389 time = 0.034102, # ZDD nodes = 40444, # elems = 28833339767432755051843339917861054377981172
Step 390 time = 0.038930, # ZDD nodes = 40427, # elems = 29163224729480023753823914571167433546783301
Step 391 time = 0.036372, # ZDD nodes = 40411, # elems = 29504705062682617702435468591421163169233726
Step 392 time = 0.033745, # ZDD nodes = 40419, # elems = 29868181636546466139141991755746828722934442
Step 393 time = 0.047833, # ZDD nodes = 40454, # elems = 30263471740297063090013097785997540379939722
Step 394 time = 0.034805, # ZDD nodes = 40498, # elems = 30693671339787993872675633761237081701781764
Step 395 time = 0.034476, # ZDD nodes = 40524, # elems = 31152241405904686549537425196173063895483848
Step 396 time = 0.033244, # ZDD nodes = 40559, # elems = 31624828281774977884165855036723936056580674
Step 397 time = 0.035366, # ZDD nodes = 40597, # elems = 32094891996347079932856693371770127875120080
Step 398 time = 0.040904, # ZDD nodes = 40618, # elems = 32550281347378083193960697893676165792332101
Step 399 time = 0.041467, # ZDD nodes = 40657, # elems = 32987452613990033770085056331419862176427760
Step 400 time = 0.037899, # ZDD nodes = 40699, # elems = 33411352551492360666477616509532309842869271
Step 401 time = 0.032024, # ZDD nodes = 40729, # elems = 33831395447063463814292759938252360544772057
Step 402 time = 0.038063, # ZDD nodes = 40756, # elems = 34256105174871732831815946629113429129066674
Step 403 time = 0.033764, # ZDD nodes = 40831, # elems = 34689592024201098394072160335943298685373637
Step 404 time = 0.039143, # ZDD nodes = 40939, # elems = 35131702438582101364381911965406757741425675
Step 405 time = 0.032651, # ZDD nodes = 41077, # elems = 35581227120090733632439959260347920040001475
Step 406 time = 0.033752, # ZDD nodes = 41215, # elems = 36039530710855663014948083311950252184673421
Step 407 time = 0.034515, # ZDD nodes = 41365, # elems = 36511693401796196632854475032780119592967827
Step 408 time = 0.040227, # ZDD nodes = 41528, # elems = 37003949240736534340473690561704385748327833
Step 409 time = 0.037171, # ZDD nodes = 41693, # elems = 37518807415242603820996603543671910932013341
Step 410 time = 0.034952, # ZDD nodes = 41861, # elems = 38051069063634413463706537249513612973384586
Step 411 time = 0.036765, # ZDD nodes = 42029, # elems = 38587773597676201454272880768465360138943624
Step 412 time = 0.036751, # ZDD nodes = 42197, # elems = 39112942092538542356047949850545807711591547
Step 413 time = 0.039122, # ZDD nodes = 42365, # elems = 39615095937864087798240460704673748951873313
Step 414 time = 0.040154, # ZDD nodes = 42515, # elems = 40093650615164147952497852905081755731327454
Step 415 time = 0.036195, # ZDD nodes = 42677, # elems = 40560567803668406515371614088988539753543375
Step 416 time = 0.037662, # ZDD nodes = 42836, # elems = 41035988601749829280096421692410487780324557
Step 417 time = 0.043771, # ZDD nodes = 43001, # elems = 41539695787953710113995357919521888804627393
Step 418 time = 0.040485, # ZDD nodes = 43163, # elems = 42082479622347719829101066864351969783408628
Step 419 time = 0.046844, # ZDD nodes = 43325, # elems = 42661644332904578268431890618539829643525061
Step 420 time = 0.037086, # ZDD nodes = 43487, # elems = 43262930825554799066828675015221904593927728
Step 421 time = 0.037276, # ZDD nodes = 43649, # elems = 43868062131766347036159041179917378626435115
Step 422 time = 0.044599, # ZDD nodes = 43792, # elems = 44464470134262762150956218434287131466022600
Step 423 time = 0.047974, # ZDD nodes = 43950, # elems = 45052791074450109020053341126506924223022530
Step 424 time = 0.041993, # ZDD nodes = 44117, # elems = 45648797660900116879690828600315166571611733
Step 425 time = 0.042746, # ZDD nodes = 44284, # elems = 46278926591975442580969879490244046427225523
Step 426 time = 0.046782, # ZDD nodes = 44439, # elems = 46971205708755017667893989144887267523706403
Step 427 time = 0.048339, # ZDD nodes = 44604, # elems = 47745009968192456440687792132347722052612144
Step 428 time = 0.040456, # ZDD nodes = 44754, # elems = 48603170579812378850108438491654442500250859
Step 429 time = 0.043692, # ZDD nodes = 44877, # elems = 49528817306842478445836317022673456428099670
Step 430 time = 0.037695, # ZDD nodes = 44988, # elems = 50487689455469265150663386464075861169130627
Step 431 time = 0.041202, # ZDD nodes = 45107, # elems = 51435162100068766840675950462902818296730872
Step 432 time = 0.042434, # ZDD nodes = 45220, # elems = 52326171681759253430360600128256140476294015
Step 433 time = 0.042104, # ZDD nodes = 45298, # elems = 53125583875028498642348284988926510520600742
Step 434 time = 0.037172, # ZDD nodes = 45364, # elems = 53816348996447006035240914544583777956918872
Step 435 time = 0.042517, # ZDD nodes = 45427, # elems = 54403210290171808862264054310967385750983455
Step 436 time = 0.038722, # ZDD nodes = 45499, # elems = 54910889508755613486519265595304671140774941
Step 437 time = 0.044866, # ZDD nodes = 45529, # elems = 55377338493277156375465819137399877420155138
Step 438 time = 0.041797, # ZDD nodes = 45529, # elems = 55844186842793837122099304527627841421138006
Step 439 time = 0.042334, # ZDD nodes = 45532, # elems = 56347253240694188841835860966256479034672866
Step 440 time = 0.041621, # ZDD nodes = 45523, # elems = 56909648642275355936598111333931681259125026
Step 441 time = 0.039667, # ZDD nodes = 45496, # elems = 57538892372922730790846054734768810122568599
Step 442 time = 0.043261, # ZDD nodes = 45472, # elems = 58228200916716263170047397629832902790811520
Step 443 time = 0.038224, # ZDD nodes = 45442, # elems = 58961139049892502664039759856836794881764635
Step 444 time = 0.041710, # ZDD nodes = 45409, # elems = 59718193453861668646799674439635967353634190
Step 445 time = 0.042794, # ZDD nodes = 45370, # elems = 60483399387006623272777010532505623256065537
Step 446 time = 0.038204, # ZDD nodes = 45343, # elems = 61248967545879445932538763846336394998772996
Step 447 time = 0.036868, # ZDD nodes = 45322, # elems = 62016254906779822534822771951389599396760579
Step 448 time = 0.040268, # ZDD nodes = 45307, # elems = 62792675194149146106538121153576757391701822
Step 449 time = 0.038188, # ZDD nodes = 45313, # elems = 63585977687690652416927755533560309764075215
Step 450 time = 0.039726, # ZDD nodes = 45340, # elems = 64398807352603517794954968835600043599181088
Step 451 time = 0.038294, # ZDD nodes = 45409, # elems = 65226535827897413059814553214447135487783511
Step 452 time = 0.042417, # ZDD nodes = 45481, # elems = 66059669527543727743983626019994707533466384
Step 453 time = 0.039973, # ZDD nodes = 45562, # elems = 66889507260668991214079392820451937377711684
Step 454 time = 0.037655, # ZDD nodes = 45643, # elems = 67713716211763729581943130656488591921496230
Step 455 time = 0.037930, # ZDD nodes = 45736, # elems = 68538442891384032891108523456456287386108748
Step 456 time = 0.038050, # ZDD nodes = 45835, # elems = 69375599252972163273538440496871954277634431
Step 457 time = 0.037882, # ZDD nodes = 45940, # elems = 70236842719401451613948652884745169596800973
Step 458 time = 0.038216, # ZDD nodes = 46063, # elems = 71127707892173664590510737649521930949702418
Step 459 time = 0.041177, # ZDD nodes = 46183, # elems = 72045155354541293772537871109373286843328388
Step 460 time = 0.039062, # ZDD nodes = 46303, # elems = 72979665653970323071028200871264730466969110
Step 461 time = 0.040217, # ZDD nodes = 46420, # elems = 73920330832144237263701735456056806890800560
Step 462 time = 0.040519, # ZDD nodes = 46537, # elems = 74859843356430308251393476154953249524090979
Step 463 time = 0.039779, # ZDD nodes = 46672, # elems = 75796691832537625213881861038858409707775720
Step 464 time = 0.043911, # ZDD nodes = 46822, # elems = 76733804651838453193037207725540200106838106
Step 465 time = 0.045843, # ZDD nodes = 46980, # elems = 77675027375732671309704301060802864906124123
Step 466 time = 0.043884, # ZDD nodes = 47178, # elems = 78621904192889779347508841423667224883962052
Step 467 time = 0.043228, # ZDD nodes = 47404, # elems = 79572774475758842268470211598551314664207831
Step 468 time = 0.043455, # ZDD nodes = 47665, # elems = 80524647121810206443798725885961777890283922
Step 469 time = 0.050290, # ZDD nodes = 47920, # elems = 81476645449916456465761044742794523760405988
Step 470 time = 0.051775, # ZDD nodes = 48166, # elems = 82432900664763088828414690244648726182926486
Step 471 time = 0.044025, # ZDD nodes = 48397, # elems = 83403007745496428188607966422078647077037054
Step 472 time = 0.048583, # ZDD nodes = 48616, # elems = 84399385711963830228427617371417924654212122
Step 473 time = 0.052570, # ZDD nodes = 48810, # elems = 85432519603040642873922051991979410916583594
Step 474 time = 0.046014, # ZDD nodes = 49013, # elems = 86506314157448681839110981762695417930165307
Step 475 time = 0.057223, # ZDD nodes = 49213, # elems = 87615973547805223588313299885551423975862737
Step 476 time = 0.049495, # ZDD nodes = 49410, # elems = 88749720027560561894290270896317087858618787
Step 477 time = 0.047091, # ZDD nodes = 49585, # elems = 89893765437351982534530511308588259095447609
Step 478 time = 0.059191, # ZDD nodes = 49757, # elems = 91038306952313188478850752285429383059806280
Step 479 time = 0.048891, # ZDD nodes = 49950, # elems = 92181949793113914472657201093204448064311664
Step 480 time = 0.051466, # ZDD nodes = 50155, # elems = 93333091050815592223483606265230991899158570
Step 481 time = 0.047717, # ZDD nodes = 50338, # elems = 94508564888737594122410149535842380314875278
Step 482 time = 0.046055, # ZDD nodes = 50518, # elems = 95730864223589067565433454269971537304363637
Step 483 time = 0.052858, # ZDD nodes = 50689, # elems = 97024757609820819440813649729371815607552592
Step 484 time = 0.043742, # ZDD nodes = 50812, # elems = 98412759913900414470475091641809234686514225
Step 485 time = 0.059434, # ZDD nodes = 50917, # elems = 99908348273927853285161562685107562998480771
Step 486 time = 0.053604, # ZDD nodes = 51016, # elems = 101507262743141057679352822050797643968828988
Step 487 time = 0.056936, # ZDD nodes = 51091, # elems = 103180131874497653662545712391550082602057657
Step 488 time = 0.046257, # ZDD nodes = 51133, # elems = 104871697263427661452445668303789796302872693
Step 489 time = 0.046574, # ZDD nodes = 51157, # elems = 106510670199240059767654716233441750400517704
Step 490 time = 0.056369, # ZDD nodes = 51169, # elems = 108029381140889658001529225122751056156415130
Step 491 time = 0.045035, # ZDD nodes = 51172, # elems = 109386374786427101650955913703258558586700918
Step 492 time = 0.043027, # ZDD nodes = 51133, # elems = 110581882836691437973919408725838133937137492
Step 493 time = 0.043035, # ZDD nodes = 51088, # elems = 111658279518656813873991452363493206441046201
Step 494 time = 0.055104, # ZDD nodes = 51058, # elems = 112684482484055176304292953548181434438320207
Step 495 time = 0.058114, # ZDD nodes = 51028, # elems = 113731064544254515226144822694829428921381219
Step 496 time = 0.048649, # ZDD nodes = 50968, # elems = 114847194084726805708396935195225761182725771
Step 497 time = 0.049206, # ZDD nodes = 50926, # elems = 116049121682200157032589109664377718026217749
Step 498 time = 0.047954, # ZDD nodes = 50908, # elems = 117323824987813880874887055270044449117657587
Step 499 time = 0.045187, # ZDD nodes = 50893, # elems = 118644105049669237563916310797492482499390317
Step 500 time = 0.044257, # ZDD nodes = 50881, # elems = 119986624882404524144471532911001545949624141
Step 501 time = 0.054131, # ZDD nodes = 50869, # elems = 121344100549959704618580050473552826165733921
Step 502 time = 0.053386, # ZDD nodes = 50869, # elems = 122726689929435466304117916872148526641273342
Step 503 time = 0.053704, # ZDD nodes = 50875, # elems = 124153352147917418307742116284048565758420805
Step 504 time = 0.046639, # ZDD nodes = 50887, # elems = 125638769225089362275103623855279012317614357
Step 505 time = 0.048768, # ZDD nodes = 50934, # elems = 127183174313762378444149951491400532727270633
Step 506 time = 0.044943, # ZDD nodes = 51000, # elems = 128770444759353797189460603484994732465282964
Step 507 time = 0.044059, # ZDD nodes = 51075, # elems = 130375167474355470308032111716439148189352999
Step 508 time = 0.044545, # ZDD nodes = 51165, # elems = 131974471205080673437167271611038624522866086
Step 509 time = 0.049897, # ZDD nodes = 51252, # elems = 133557888115194058381307592647466582029898606
Step 510 time = 0.055981, # ZDD nodes = 51339, # elems = 135129831556501065870576514366052847934517802
Step 511 time = 0.050043, # ZDD nodes = 51426, # elems = 136703779335275598579240788021179779739172589
Step 512 time = 0.045613, # ZDD nodes = 51507, # elems = 138292294349588719045622185396390145198378823
Step 513 time = 0.046221, # ZDD nodes = 51606, # elems = 139899492674618723573900575842377620383384387
Step 514 time = 0.053645, # ZDD nodes = 51735, # elems = 141520862851841914225701464740885815827923416
Step 515 time = 0.054915, # ZDD nodes = 51885, # elems = 143150432303677990609236541712494638868062246
Step 516 time = 0.049146, # ZDD nodes = 52041, # elems = 144790235557725774149253421658894980875843126
Step 517 time = 0.046871, # ZDD nodes = 52185, # elems = 146455127827446230004366140945546512020522708
Step 518 time = 0.056810, # ZDD nodes = 52328, # elems = 148168578129735298877683405263168357424784841
Step 519 time = 0.053145, # ZDD nodes = 52471, # elems = 149950709120508618707016595467316150140275949
Step 520 time = 0.047095, # ZDD nodes = 52612, # elems = 151805088406577536476811942947533393759509221
Step 521 time = 0.071016, # ZDD nodes = 52759, # elems = 153712323861480991119942521554851630680395401
Step 522 time = 0.057222, # ZDD nodes = 52900, # elems = 155635256095862474401933534861894074741982905
Step 523 time = 0.046976, # ZDD nodes = 53038, # elems = 157534218354383512876562514864759276256232091
Step 524 time = 0.047108, # ZDD nodes = 53164, # elems = 159385024218698918155095699036161290627517580
Step 525 time = 0.054573, # ZDD nodes = 53296, # elems = 161190385194607195947923181237505666782918642
Step 526 time = 0.052428, # ZDD nodes = 53452, # elems = 162978560713861080509182033158904980646292313
Step 527 time = 0.052985, # ZDD nodes = 53617, # elems = 164789614604473134076038615844052910016400913
Step 528 time = 0.052656, # ZDD nodes = 53770, # elems = 166656193183187339810154261120169749871782867
Step 529 time = 0.049873, # ZDD nodes = 53953, # elems = 168588719470456785350453077482556554711476769
Step 530 time = 0.054332, # ZDD nodes = 54161, # elems = 170572630498676531117794160245413183144278853
Step 531 time = 0.049190, # ZDD nodes = 54371, # elems = 172578869216606536791540275547795571039997271
Step 532 time = 0.052590, # ZDD nodes = 54557, # elems = 174581678117062948709048971513541977454247243
Step 533 time = 0.065335, # ZDD nodes = 54755, # elems = 176573771368713777300167818599788283123006666
Step 534 time = 0.067344, # ZDD nodes = 54959, # elems = 178570482427759985018675992493165354829873489
Step 535 time = 0.057265, # ZDD nodes = 55166, # elems = 180600748586207177169881755546550240980497957
Step 536 time = 0.068198, # ZDD nodes = 55354, # elems = 182690314296118666329760319262045810989655450
Step 537 time = 0.056264, # ZDD nodes = 55539, # elems = 184847012149263757743221385523706460101412096
Step 538 time = 0.059179, # ZDD nodes = 55721, # elems = 187056802354751976598769963625165304539162633
Step 539 time = 0.056566, # ZDD nodes = 55894, # elems = 189293089261417026692609211065212262124395097
Step 540 time = 0.056627, # ZDD nodes = 56047, # elems = 191534295790235774682564139857206234402257023
Step 541 time = 0.056881, # ZDD nodes = 56194, # elems = 193780127047333781469010772193785291526006843
Step 542 time = 0.051954, # ZDD nodes = 56332, # elems = 196057831429473416378577686578307044900940019
Step 543 time = 0.054638, # ZDD nodes = 56437, # elems = 198415185922179596417752792284707352721725639
Step 544 time = 0.053213, # ZDD nodes = 56539, # elems = 200903484122068983581035807303438306134334134
Step 545 time = 0.060982, # ZDD nodes = 56647, # elems = 203557912460655109784598922229810603143494324
Step 546 time = 0.061584, # ZDD nodes = 56746, # elems = 206382799362157469562096162857616511930771356
Step 547 time = 0.053862, # ZDD nodes = 56818, # elems = 209346297310734244234560957347909187987355668
Step 548 time = 0.056641, # ZDD nodes = 56901, # elems = 212385356591262889848708232433214575076662388
Step 549 time = 0.054001, # ZDD nodes = 56985, # elems = 215419041744017832019941784386881713306568964
Step 550 time = 0.064407, # ZDD nodes = 57066, # elems = 218366596191493780636830898144264498165374648
Step 551 time = 0.054472, # ZDD nodes = 57141, # elems = 221165711066040627805140337721776908318011148
Step 552 time = 0.056039, # ZDD nodes = 57231, # elems = 223786144690726365794558831566415203524506391
Step 553 time = 0.059822, # ZDD nodes = 57333, # elems = 226234783297774995058117773329317873379477577
Step 554 time = 0.061092, # ZDD nodes = 57426, # elems = 228550835840713067787194370236048257945619763
Step 555 time = 0.057505, # ZDD nodes = 57486, # elems = 230793347272678147541098665023511200620970898
Step 556 time = 0.055873, # ZDD nodes = 57540, # elems = 233025801129550379851547202463272794731313298
Step 557 time = 0.058556, # ZDD nodes = 57591, # elems = 235302775798633653363685519312645320922618374
Step 558 time = 0.060184, # ZDD nodes = 57639, # elems = 237661562063447376495221191959626515437997935
Step 559 time = 0.055673, # ZDD nodes = 57678, # elems = 240119080192722019358635508788296858064854585
Step 560 time = 0.063094, # ZDD nodes = 57705, # elems = 242673158847623329317848549603237140784207193
Step 561 time = 0.055297, # ZDD nodes = 57744, # elems = 245307497687824286474829737940211492491131733
Step 562 time = 0.055754, # ZDD nodes = 57798, # elems = 248000003055381974503823654866439232937559994
Step 563 time = 0.058384, # ZDD nodes = 57852, # elems = 250733168727526514936691918796984256837034189
Step 564 time = 0.055285, # ZDD nodes = 57896, # elems = 253502987184085683134429250867218749993730847
Step 565 time = 0.056306, # ZDD nodes = 57934, # elems = 256321596809418269915095500522476712263932152
Step 566 time = 0.058689, # ZDD nodes = 57969, # elems = 259210650116980210523875154328686782260833235
Step 567 time = 0.055541, # ZDD nodes = 58004, # elems = 262187238641310717917889844988233974135088353
Step 568 time = 0.057273, # ZDD nodes = 58057, # elems = 265249374606217658427924999080904786321063633
Step 569 time = 0.068525, # ZDD nodes = 58113, # elems = 268369742438367405769712391652790834891478939
Step 570 time = 0.076785, # ZDD nodes = 58175, # elems = 271502813664134422944029255362698123998542020
Step 571 time = 0.058468, # ZDD nodes = 58237, # elems = 274603153533971187043426547105640308499566949
Step 572 time = 0.057599, # ZDD nodes = 58291, # elems = 277646146454919355377881948944700687399203623
Step 573 time = 0.057317, # ZDD nodes = 58348, # elems = 280640502655408785292288940733933349952749620
Step 574 time = 0.064957, # ZDD nodes = 58405, # elems = 283625969890755773696009062441557944350794141
Step 575 time = 0.065936, # ZDD nodes = 58447, # elems = 286657302221080388732137565320008776873877123
Step 576 time = 0.053893, # ZDD nodes = 58480, # elems = 289782394466117754130024538884736731845670173
Step 577 time = 0.054052, # ZDD nodes = 58513, # elems = 293024904989890975928533441287626897312340147
Step 578 time = 0.063458, # ZDD nodes = 58531, # elems = 296378700345773071394152523101655334564770289
Step 579 time = 0.468217, # ZDD nodes = 58549, # elems = 299815095687997447593536636144673020379119931
Step 580 time = 0.055622, # ZDD nodes = 58576, # elems = 303297728739684004565493795726985286260162236
Step 581 time = 0.058176, # ZDD nodes = 58630, # elems = 306797067426472177562450553588306358289966136
Step 582 time = 0.067213, # ZDD nodes = 58708, # elems = 310298060816238801618148718017666324607350158
Step 583 time = 0.055390, # ZDD nodes = 58780, # elems = 313799030983979471514366525413881725002854947
Step 584 time = 0.057615, # ZDD nodes = 58867, # elems = 317304851253852211048866907629064058650699824
Step 585 time = 0.079317, # ZDD nodes = 58972, # elems = 320820086880266336260483952252147707170434583
Step 586 time = 0.070251, # ZDD nodes = 59089, # elems = 324346816015922328483825501593334868986068502
Step 587 time = 0.065923, # ZDD nodes = 59212, # elems = 327888038735761506645196152229259725520492520
Step 588 time = 0.058384, # ZDD nodes = 59356, # elems = 331453270891256911729739309140445547308398806
Step 589 time = 0.057125, # ZDD nodes = 59503, # elems = 335060847028977284483313451048352612359820268
Step 590 time = 0.055201, # ZDD nodes = 59641, # elems = 338733173863998395067027331862865506927149380
Step 591 time = 0.060480, # ZDD nodes = 59761, # elems = 342485918214584376102634389762778536576104868
Step 592 time = 0.058152, # ZDD nodes = 59892, # elems = 346316981243477113381508597560449837309672879
Step 593 time = 0.080773, # ZDD nodes = 60066, # elems = 350202749952429656795935759745919747839812317
Step 594 time = 0.057502, # ZDD nodes = 60264, # elems = 354105949412506954486672576402868974037614758
Step 595 time = 0.056971, # ZDD nodes = 60468, # elems = 357992899419160572799243731590548084442046894
Step 596 time = 0.066817, # ZDD nodes = 60690, # elems = 361851917375950700947058280383691190620609195
Step 597 time = 0.068962, # ZDD nodes = 60916, # elems = 365702873165277888760401198190241511259116102
Step 598 time = 0.066238, # ZDD nodes = 61156, # elems = 369591903349864861541761448069366004707668437
Step 599 time = 0.059766, # ZDD nodes = 61389, # elems = 373572941417924087523325255175957863821717204
Step 600 time = 0.062875, # ZDD nodes = 61631, # elems = 377684665573692387114117546153435616105306872
Step 601 time = 0.062151, # ZDD nodes = 61882, # elems = 381933819199361169902405533386313793864576466
Step 602 time = 0.072803, # ZDD nodes = 62151, # elems = 386292526776095139500479197174619434492940485
Step 603 time = 0.066197, # ZDD nodes = 62397, # elems = 390710342958221434553258451183396650247772590
Step 604 time = 0.060042, # ZDD nodes = 62655, # elems = 395135191216086798883556398689623081612126286
Step 605 time = 0.061536, # ZDD nodes = 62913, # elems = 399534330374127782439193952688071655841691214
Step 606 time = 0.063667, # ZDD nodes = 63141, # elems = 403907947892670122602819619155399378178711433
Step 607 time = 0.064036, # ZDD nodes = 63366, # elems = 408292245311219940817346102178468723091947663
Step 608 time = 0.062124, # ZDD nodes = 63600, # elems = 412753009769024980674482312000011755063480108
Step 609 time = 0.062743, # ZDD nodes = 63819, # elems = 417372450243583825758007016734138024265787672
Step 610 time = 0.062877, # ZDD nodes = 63993, # elems = 422231464871352797847389299897222094506709244
Step 611 time = 0.062956, # ZDD nodes = 64143, # elems = 427388491205532964036894229559960057103524354
Step 612 time = 0.073332, # ZDD nodes = 64272, # elems = 432857056049138853348269293392909807911826960
Step 613 time = 0.073513, # ZDD nodes = 64379, # elems = 438587607077617335616158340544239277386781883
Step 614 time = 0.065473, # ZDD nodes = 64447, # elems = 444462697414900250773302194390791319982979311
Step 615 time = 0.069778, # ZDD nodes = 64501, # elems = 450313961982729747051895474977231992065771515
Step 616 time = 0.074592, # ZDD nodes = 64564, # elems = 455962125282658894336793642421507169746989661
Step 617 time = 0.065594, # ZDD nodes = 64636, # elems = 461269666919181617090249736612740935743053775
Step 618 time = 0.064249, # ZDD nodes = 64678, # elems = 466186217664798457281688544778780017009721360
Step 619 time = 0.067807, # ZDD nodes = 64726, # elems = 470766165382972292117278742705739326536793169
Step 620 time = 0.066134, # ZDD nodes = 64759, # elems = 475148630369331276210163923848314995415950891
Step 621 time = 0.064972, # ZDD nodes = 64789, # elems = 479507227116374409637614078585055287138585012
Step 622 time = 0.073137, # ZDD nodes = 64807, # elems = 483991472253052083616203359706104119522002813
Step 623 time = 0.067401, # ZDD nodes = 64816, # elems = 488685064133204919378552892216991237228289690
Step 624 time = 0.064419, # ZDD nodes = 64822, # elems = 493596745645193434933175835571062984993425988
Step 625 time = 0.082888, # ZDD nodes = 64819, # elems = 498682755901263334834887008407869236852539521
Step 626 time = 0.070276, # ZDD nodes = 64810, # elems = 503885322172237165606606522664769469866905895
Step 627 time = 0.069002, # ZDD nodes = 64789, # elems = 509166496753569319757347763066101072654293372
Step 628 time = 0.065826, # ZDD nodes = 64762, # elems = 514522289393027235092324917138911259874134365
Step 629 time = 0.063567, # ZDD nodes = 64732, # elems = 519974124375971735124889475278798096394733723
Step 630 time = 0.062965, # ZDD nodes = 64702, # elems = 525546293617617219111352282713598316007250710
Step 631 time = 0.079526, # ZDD nodes = 64675, # elems = 531243805388159191987611131702114206820169639
Step 632 time = 0.067551, # ZDD nodes = 64669, # elems = 537043052322952687531732021011685351174946814
Step 633 time = 0.063432, # ZDD nodes = 64672, # elems = 542899928672091358681322060686230286380826545
Step 634 time = 0.071087, # ZDD nodes = 64672, # elems = 548770516030169306799709075776529639401304746
Step 635 time = 0.067420, # ZDD nodes = 64672, # elems = 554632757826708804393444410575233992389462893
Step 636 time = 0.070228, # ZDD nodes = 64672, # elems = 560496922627368095694938730874043331340134462
Step 637 time = 0.061713, # ZDD nodes = 64672, # elems = 566398650312434070557699561652360879518979519
Step 638 time = 0.072348, # ZDD nodes = 64675, # elems = 572378147156362966680913272192838504159739871
Step 639 time = 0.071289, # ZDD nodes = 64689, # elems = 578457415655820227701191954038963213896920396
Step 640 time = 0.064574, # ZDD nodes = 64740, # elems = 584629237828848733721822381543683079430232188
Step 641 time = 0.067226, # ZDD nodes = 64797, # elems = 590865177887870646179340833860132682668649316
Step 642 time = 0.088475, # ZDD nodes = 64884, # elems = 597138256530497694099285706356451967316919830
Step 643 time = 0.062762, # ZDD nodes = 65028, # elems = 603446060977023061071579804255465826234307337
Step 644 time = 0.078082, # ZDD nodes = 65187, # elems = 609818552768131246591071880612372501052146833
Step 645 time = 0.075457, # ZDD nodes = 65349, # elems = 616303570885742684864971843534714292687504700
Step 646 time = 0.062397, # ZDD nodes = 65511, # elems = 622937169894530890183827169622966983245124533
Step 647 time = 0.065817, # ZDD nodes = 65673, # elems = 629716585006383068424230039963528244505357344
Step 648 time = 0.063060, # ZDD nodes = 65829, # elems = 636593508375593611384710897590197699840439487
Step 649 time = 0.064744, # ZDD nodes = 65985, # elems = 643493866205152243796729754944984496077559807
Step 650 time = 0.067335, # ZDD nodes = 66138, # elems = 650354242127914763562587869398032896318621686
Step 651 time = 0.083665, # ZDD nodes = 66291, # elems = 657154576358214247757701622771654874947207199
Step 652 time = 0.070658, # ZDD nodes = 66471, # elems = 663928490959265808672196302979429620522125574
Step 653 time = 0.065847, # ZDD nodes = 66681, # elems = 670745480226035341679935226490079372601006082
Step 654 time = 0.076924, # ZDD nodes = 66882, # elems = 677675287133960921147475413785510800662915712
Step 655 time = 0.074436, # ZDD nodes = 67086, # elems = 684754482098653871760019960277792986745483616
Step 656 time = 0.067817, # ZDD nodes = 67302, # elems = 691973253793165606779791072503091725663824009
Step 657 time = 0.069570, # ZDD nodes = 67524, # elems = 699288421223035137754964949955524748941063642
Step 658 time = 0.071090, # ZDD nodes = 67731, # elems = 706653872185530114827800492303755443342067336
Step 659 time = 0.075309, # ZDD nodes = 67956, # elems = 714050288878821649376543730154913400356093676
Step 660 time = 0.078137, # ZDD nodes = 68175, # elems = 721496962092015405792663852411259798496278536
Step 661 time = 0.067625, # ZDD nodes = 68385, # elems = 729038899222145398006380740025359944641718425
Step 662 time = 0.068159, # ZDD nodes = 68577, # elems = 736716634642592148231520510686410878395866379
Step 663 time = 0.067593, # ZDD nodes = 68759, # elems = 744536549996707382597990479446657686341578573
Step 664 time = 0.069667, # ZDD nodes = 68953, # elems = 752460191663422369966836967981836299186506935
Step 665 time = 0.068345, # ZDD nodes = 69159, # elems = 760420949432008724230444146886956815181475350
Step 666 time = 0.079139, # ZDD nodes = 69353, # elems = 768360508627344432711502902366039643243327113
Step 667 time = 0.068262, # ZDD nodes = 69565, # elems = 776264716155279264253927528539558306227314158
Step 668 time = 0.068685, # ZDD nodes = 69765, # elems = 784176999546870457773070784362299950631366303
Step 669 time = 0.069384, # ZDD nodes = 69968, # elems = 792179228532380833375555102324354132399825389
Step 670 time = 0.071942, # ZDD nodes = 70159, # elems = 800348833059708303355794248348532315005543073
Step 671 time = 0.082721, # ZDD nodes = 70345, # elems = 808715993134898240581034259572946876615912165
Step 672 time = 0.074415, # ZDD nodes = 70543, # elems = 817246334052615449081804506524042286938819129
Step 673 time = 0.077477, # ZDD nodes = 70720, # elems = 825861193941599455831282794223134258895701378
Step 674 time = 0.070086, # ZDD nodes = 70876, # elems = 834486840645488897194158274338696751787650359
Step 675 time = 0.070099, # ZDD nodes = 71017, # elems = 843108121981989858641407394547570250984913331
Step 676 time = 0.075552, # ZDD nodes = 71149, # elems = 851799718858706949398625445294573257208847490
Step 677 time = 0.075105, # ZDD nodes = 71236, # elems = 860719629051841178351264046665536526799130506
Step 678 time = 0.076355, # ZDD nodes = 71326, # elems = 870067109629087981518685165250128357232645568
Step 679 time = 0.080807, # ZDD nodes = 71437, # elems = 880021293674907833340531978634447058912483217
Step 680 time = 0.077527, # ZDD nodes = 71533, # elems = 890681443526157559333737136033098438311364747
Step 681 time = 0.072577, # ZDD nodes = 71599, # elems = 902026209436731214787924870027160821943436425
Step 682 time = 0.069902, # ZDD nodes = 71638, # elems = 913902095129960407060538255277032986325344068
Step 683 time = 0.077621, # ZDD nodes = 71665, # elems = 926044402287265100310240929332908604743519708
Step 684 time = 0.070160, # ZDD nodes = 71683, # elems = 938127641617089357475798559446939802936278476
Step 685 time = 0.082384, # ZDD nodes = 71668, # elems = 949835504544112634463061450908766704603301752
Step 686 time = 0.071320, # ZDD nodes = 71638, # elems = 960933484402646789155159099608603852242886714
Step 687 time = 0.087245, # ZDD nodes = 71610, # elems = 971323511130580317614197833783001077664679583
Step 688 time = 0.076320, # ZDD nodes = 71598, # elems = 981063347152835629837856310772409713263186396
Step 689 time = 0.081875, # ZDD nodes = 71571, # elems = 990344490898900163218642117522670433453574983
Step 690 time = 0.078928, # ZDD nodes = 71550, # elems = 999436600611523838935615798659061574663741586
Step 691 time = 0.072685, # ZDD nodes = 71538, # elems = 1008617202988565319297717657460839288071900145
Step 692 time = 0.070408, # ZDD nodes = 71532, # elems = 1018108081153908594836398120429697520805200747
Step 693 time = 0.083059, # ZDD nodes = 71532, # elems = 1028034679487740773129974470166142504467008797
Step 694 time = 0.080927, # ZDD nodes = 71550, # elems = 1038416215248197767816595323402912275069833697
Step 695 time = 0.082236, # ZDD nodes = 71577, # elems = 1049185778048863758061727046383129174057523267
Step 696 time = 0.082544, # ZDD nodes = 71607, # elems = 1060232684247273923791194665473787203047072099
Step 697 time = 0.073836, # ZDD nodes = 71655, # elems = 1071453403447428665538963350928793185490081305
Step 698 time = 0.072628, # ZDD nodes = 71718, # elems = 1082793443320920665650617148740567876316297746
Step 699 time = 0.089461, # ZDD nodes = 71808, # elems = 1094263740127595170167194532131403673529065230
Step 700 time = 0.072849, # ZDD nodes = 71916, # elems = 1105923983857193193818159626026378905976234669
Step 701 time = 0.070366, # ZDD nodes = 72045, # elems = 1117840242716526765211838650933699700088206325
Step 702 time = 0.109996, # ZDD nodes = 72171, # elems = 1130038105130914583278594791936925092018085482
Step 703 time = 0.081836, # ZDD nodes = 72294, # elems = 1142476510194625376785576426053066785332037745
Step 704 time = 0.076008, # ZDD nodes = 72417, # elems = 1155057508119414540410528388162990643700466642
Step 705 time = 0.093101, # ZDD nodes = 72540, # elems = 1167668062904186187665505184392267423630033990
Step 706 time = 0.072106, # ZDD nodes = 72666, # elems = 1180232559332597862768542284559250204886836630
Step 707 time = 0.082046, # ZDD nodes = 72813, # elems = 1192748986250798940218299429336029540308986824
Step 708 time = 0.071642, # ZDD nodes = 72969, # elems = 1205290835859352632979028657143358397336159087
Step 709 time = 0.071952, # ZDD nodes = 73131, # elems = 1217975021900536824693816887101671586379347416
Step 710 time = 0.071842, # ZDD nodes = 73296, # elems = 1230913183798272971374862902172375000368340826
Step 711 time = 0.077063, # ZDD nodes = 73464, # elems = 1244170602992574352637300377712455215506599068
Step 712 time = 0.078460, # ZDD nodes = 73638, # elems = 1257750847775536959352175980725672911107636362
Step 713 time = 0.075576, # ZDD nodes = 73797, # elems = 1271609493768513530088288186004564354873107210
Step 714 time = 0.097299, # ZDD nodes = 73941, # elems = 1285685198569360445164159225839703231548520764
Step 715 time = 0.099740, # ZDD nodes = 74082, # elems = 1299928898477518092599744882859046566428726604
Step 716 time = 0.094945, # ZDD nodes = 74216, # elems = 1314315520237244125562271283830754397102186907
Step 717 time = 0.093563, # ZDD nodes = 74350, # elems = 1328834944710538107395402345203770752647104561
Step 718 time = 0.084437, # ZDD nodes = 74497, # elems = 1343472716464714221349610744574190939801636299
Step 719 time = 0.074149, # ZDD nodes = 74638, # elems = 1358197851863198610404989967741428211811598413
Step 720 time = 0.090974, # ZDD nodes = 74770, # elems = 1372970585232678839136465205721666638115569449
Step 721 time = 0.082515, # ZDD nodes = 74899, # elems = 1387769258171880281768119762868336634884476263
Step 722 time = 0.102627, # ZDD nodes = 75031, # elems = 1402620857510483883751868750779086713700066657
Step 723 time = 0.096313, # ZDD nodes = 75157, # elems = 1417613436923344093564733905580457820879408197
Step 724 time = 0.091581, # ZDD nodes = 75283, # elems = 1432876033686600442398175255619882051154893469
Step 725 time = 0.096881, # ZDD nodes = 75382, # elems = 1448529778747351269126620146403109330358733154
Step 726 time = 0.076950, # ZDD nodes = 75475, # elems = 1464632483270707545897946312409524388873676729
Step 727 time = 0.076710, # ZDD nodes = 75586, # elems = 1481146431353339153749647732057252590159076261
Step 728 time = 0.082144, # ZDD nodes = 75697, # elems = 1497949652849438467571084783885702161956899637
Step 729 time = 0.077012, # ZDD nodes = 75784, # elems = 1514888684035214800771854789230443493534539095
Step 730 time = 0.098729, # ZDD nodes = 75862, # elems = 1531847868352812538848832169448877753980338661
Step 731 time = 0.087781, # ZDD nodes = 75946, # elems = 1548800040026338093178612311563208755326731680
Step 732 time = 0.095063, # ZDD nodes = 76033, # elems = 1565812652989387110543759316707142322848683723
Step 733 time = 0.079062, # ZDD nodes = 76117, # elems = 1583007396909859400056819919642433480275808054
Step 734 time = 0.085447, # ZDD nodes = 76234, # elems = 1600496405937514874164301461375421106003927354
Step 735 time = 0.099062, # ZDD nodes = 76375, # elems = 1618329904693605695669306556688162904783591892
Step 736 time = 0.097167, # ZDD nodes = 76516, # elems = 1636482143838432075892037962515311075756760645
Step 737 time = 0.093989, # ZDD nodes = 76633, # elems = 1654879915864434709892263451328584293956730524
Step 738 time = 0.078324, # ZDD nodes = 76767, # elems = 1673454138514695292392263083918404797601589395
Step 739 time = 0.096490, # ZDD nodes = 76929, # elems = 1692183487120817432571160615484240653715151699
Step 740 time = 0.091688, # ZDD nodes = 77112, # elems = 1711105768677552291082277121246751135003818996
Step 741 time = 0.080116, # ZDD nodes = 77331, # elems = 1730292846024983525289974031315038309951562339
Step 742 time = 0.083188, # ZDD nodes = 77550, # elems = 1749806274666336192489315934580207902149714381
Step 743 time = 0.079572, # ZDD nodes = 77766, # elems = 1769661277814944258382501150147797927903855470
Step 744 time = 0.082722, # ZDD nodes = 77970, # elems = 1789820813015196637093839523446962826412995327
Step 745 time = 0.082641, # ZDD nodes = 78165, # elems = 1810223085086449649621615666569048120406430567
Step 746 time = 0.094254, # ZDD nodes = 78327, # elems = 1830825781242729545772910641664103498224638291
Step 747 time = 0.089217, # ZDD nodes = 78480, # elems = 1851640450668288534107926021455086864055762447
Step 748 time = 0.085438, # ZDD nodes = 78627, # elems = 1872736705466088915451842750903782072485863492
Step 749 time = 0.086355, # ZDD nodes = 78765, # elems = 1894214168394167382093562967146661999189287734
Step 750 time = 0.105840, # ZDD nodes = 78870, # elems = 1916158581908737811189533043334165974956867413
Step 751 time = 0.085660, # ZDD nodes = 78966, # elems = 1938605495429179009373463484928120035060264827
Step 752 time = 0.115570, # ZDD nodes = 79077, # elems = 1961526748434966524046051358241944412906444916
Step 753 time = 0.107181, # ZDD nodes = 79191, # elems = 1984838574177269187143606473467165776950913712
Step 754 time = 0.084998, # ZDD nodes = 79275, # elems = 2008418310859379761514910110014130799771854208
Step 755 time = 0.087648, # ZDD nodes = 79350, # elems = 2032118033217856208586110929965824404254939705
Step 756 time = 0.101005, # ZDD nodes = 79419, # elems = 2055775200460173915245092928813625655773693858
Step 757 time = 0.109308, # ZDD nodes = 79476, # elems = 2079230723074934260742576983415259290765318586
Step 758 time = 0.092410, # ZDD nodes = 79521, # elems = 2102362912784500376166089451864270514494471312
Step 759 time = 0.086815, # ZDD nodes = 79569, # elems = 2125131574529383468794268896795499114794965655
Step 760 time = 0.118049, # ZDD nodes = 79617, # elems = 2147611207495427177882793225974550981815740074
Step 761 time = 0.094343, # ZDD nodes = 79680, # elems = 2169989288061103204486822407377324004269159763
Step 762 time = 0.086541, # ZDD nodes = 79749, # elems = 2192519811246320231341060742726071891868284986
Step 763 time = 0.086724, # ZDD nodes = 79821, # elems = 2215445916065781560839614432432688255094266524
Step 764 time = 0.093349, # ZDD nodes = 79899, # elems = 2238923663515940769667585804524205062257468991
Step 765 time = 0.091620, # ZDD nodes = 79977, # elems = 2262980515232954081491133641316439167963086353
Step 766 time = 0.100533, # ZDD nodes = 80058, # elems = 2287526311166439188466001269997578461102220873
Step 767 time = 0.094111, # ZDD nodes = 80124, # elems = 2312410793695528477102992570159600688811741760
Step 768 time = 0.110852, # ZDD nodes = 80175, # elems = 2337501830625172541456552915656104055247750844
Step 769 time = 0.097431, # ZDD nodes = 80211, # elems = 2362750484549538411595137258207719566380858636
Step 770 time = 0.130613, # ZDD nodes = 80252, # elems = 2388215120572708386716732418811674012283546383
Step 771 time = 0.085919, # ZDD nodes = 80314, # elems = 2414033999496033501834337952557336231802317149
Step 772 time = 0.092037, # ZDD nodes = 80388, # elems = 2440357927969385095127086505907572821023029046
Step 773 time = 0.088641, # ZDD nodes = 80477, # elems = 2467273089118239986235255785436172317883508283
Step 774 time = 0.103059, # ZDD nodes = 80566, # elems = 2494750726310304688615480247011660716266167314
Step 775 time = 0.096279, # ZDD nodes = 80637, # elems = 2522649896276756868808706829761235125737982919
Step 776 time = 0.095083, # ZDD nodes = 80705, # elems = 2550774514356514792482348889534049863378271109
Step 777 time = 0.085251, # ZDD nodes = 80770, # elems = 2578957786563666220848803471473023146773226052
Step 778 time = 0.087975, # ZDD nodes = 80812, # elems = 2607131574507238445027912802724027525384974654
Step 779 time = 0.101088, # ZDD nodes = 80854, # elems = 2635345633052829364573946005156815434708008704
Step 780 time = 0.085498, # ZDD nodes = 80896, # elems = 2663729124773556606739546934770893024493842162
Step 781 time = 0.114214, # ZDD nodes = 80935, # elems = 2692418766549982727575398274058476286375552619
Step 782 time = 0.090453, # ZDD nodes = 80971, # elems = 2721495308834362979591258177104946608612792716
Step 783 time = 0.083938, # ZDD nodes = 81013, # elems = 2750962163960839705211141509380340062732882489
Step 784 time = 0.084088, # ZDD nodes = 81055, # elems = 2780771934248251270574723648675714129158305702
Step 785 time = 0.084791, # ZDD nodes = 81100, # elems = 2810876437592490504318853765715003687660395263
Step 786 time = 0.097179, # ZDD nodes = 81166, # elems = 2841263068251691173120017894698699451498561982
Step 787 time = 0.087251, # ZDD nodes = 81226, # elems = 2871952727252700737100885402473443585045549215
Step 788 time = 0.086259, # ZDD nodes = 81289, # elems = 2902963111711032259981080513249247350204665967
Step 789 time = 0.083845, # ZDD nodes = 81334, # elems = 2934266556410901134552226759446645140125043638
Step 790 time = 0.084694, # ZDD nodes = 81381, # elems = 2965777081639995135935793022382919340986833538
Step 791 time = 0.084614, # ZDD nodes = 81453, # elems = 2997383099830094222027510366755141264413456138
Step 792 time = 0.097495, # ZDD nodes = 81534, # elems = 3029011832011978370597994254187994273239025008
Step 793 time = 0.093498, # ZDD nodes = 81633, # elems = 3060688157592847052804502201725798953312431030
Step 794 time = 0.090694, # ZDD nodes = 81726, # elems = 3092549251583891430255605616690225220025962569
Step 795 time = 0.093125, # ZDD nodes = 81828, # elems = 3124798463081993998664464026188304915483665499
Step 796 time = 0.094158, # ZDD nodes = 81933, # elems = 3157615381045179466083381401813041254050999100
Step 797 time = 0.105370, # ZDD nodes = 82065, # elems = 3191065592941459994065632446248896791799039696
Step 798 time = 0.097630, # ZDD nodes = 82209, # elems = 3225058270939849626865536574874740717526284878
Step 799 time = 0.094251, # ZDD nodes = 82377, # elems = 3259378275808831738656032494917899979782446872
Step 800 time = 0.089698, # ZDD nodes = 82569, # elems = 3293781585039612457652459871735345775744658928
Step 801 time = 0.092781, # ZDD nodes = 82761, # elems = 3328108168754898995296013535834578839805260092
Step 802 time = 0.091437, # ZDD nodes = 82935, # elems = 3362354552013592207623221904429965543870497344
Step 803 time = 0.112084, # ZDD nodes = 83100, # elems = 3396667510585872720525479897827946514670053921
Step 804 time = 0.094832, # ZDD nodes = 83268, # elems = 3431261922897204415204508323149524539558124580
Step 805 time = 0.089815, # ZDD nodes = 83469, # elems = 3466307453777010802525553703324404625803799060
Step 806 time = 0.093886, # ZDD nodes = 83682, # elems = 3501846272892242812656980293491601953821827854
Step 807 time = 0.127191, # ZDD nodes = 83907, # elems = 3537785834721590737292959641661468124192716353
Step 808 time = 0.105969, # ZDD nodes = 84132, # elems = 3573966549119140724128178154983519063534945469
Step 809 time = 0.095858, # ZDD nodes = 84354, # elems = 3610260287423504303850598158361405366708437639
Step 810 time = 0.111500, # ZDD nodes = 84561, # elems = 3646638828279035624035128205765515574711430226
Step 811 time = 0.141082, # ZDD nodes = 84774, # elems = 3683171723487557331103496107858692163407840777
Step 812 time = 0.094456, # ZDD nodes = 84993, # elems = 3719958007628088925212029745854845747927248786
Step 813 time = 0.097924, # ZDD nodes = 85227, # elems = 3757038041688758855482119091268966492551530057
Step 814 time = 0.138689, # ZDD nodes = 85443, # elems = 3794344741051487588965883140280845491583700502
Step 815 time = 0.105253, # ZDD nodes = 85671, # elems = 3831729379037006405323420836178822196855604747
Step 816 time = 0.095813, # ZDD nodes = 85887, # elems = 3869050749372796673911019464022176379091724236
Step 817 time = 0.104440, # ZDD nodes = 86091, # elems = 3906275801006495331361684103838141324474914742
Step 818 time = 0.093308, # ZDD nodes = 86262, # elems = 3943529143077333164647114490256637174271633148
Step 819 time = 0.102306, # ZDD nodes = 86424, # elems = 3981054714205116258569859493579524884733171120
Step 820 time = 0.125148, # ZDD nodes = 86586, # elems = 4019101579360380525648800795699232979514002950
Step 821 time = 0.093569, # ZDD nodes = 86751, # elems = 4057790548265669754945539951982380778492260928
Step 822 time = 0.095461, # ZDD nodes = 86880, # elems = 4097033550111380692219409086782438108615518331
Step 823 time = 0.096104, # ZDD nodes = 86991, # elems = 4136553251986206770049279508224760712824908741
Step 824 time = 0.095938, # ZDD nodes = 87099, # elems = 4175998093384164734379110892455544827487738657
Step 825 time = 0.125562, # ZDD nodes = 87186, # elems = 4215095915189760305045815851861676583055735429
Step 826 time = 0.115261, # ZDD nodes = 87219, # elems = 4253767001895204079738109996504673957197689170
Step 827 time = 0.116256, # ZDD nodes = 87239, # elems = 4292138565034454639363758661761215354556553025
Step 828 time = 0.100285, # ZDD nodes = 87250, # elems = 4330456976820928704161673263573087802496344159
Step 829 time = 0.105551, # ZDD nodes = 87253, # elems = 4368950690796997383915413630960449307587944300
Step 830 time = 0.098487, # ZDD nodes = 87244, # elems = 4407722233500889011793349027257891600076041572
Step 831 time = 0.108144, # ZDD nodes = 87226, # elems = 4446726765132532850712801567800304429318060978
Step 832 time = 0.095264, # ZDD nodes = 87208, # elems = 4485840876478752836670963888700155592365002088
Step 833 time = 0.093411, # ZDD nodes = 87193, # elems = 4524971748073466135425400532910957519033989252
Step 834 time = 0.105955, # ZDD nodes = 87172, # elems = 4564135559028183408531251559972384282910579941
Step 835 time = 0.896939, # ZDD nodes = 87151, # elems = 4603456628508898672374810640639495286306681154
Step 836 time = 0.114464, # ZDD nodes = 87127, # elems = 4643090027485863822795281380221133089430250562
Step 837 time = 0.115978, # ZDD nodes = 87103, # elems = 4683118248010830750906740274022902684963797601
Step 838 time = 0.091106, # ZDD nodes = 87094, # elems = 4723488102389691594958302457486025158572692811
Step 839 time = 0.107552, # ZDD nodes = 87076, # elems = 4764029228647982614512631891072965958724411910
Step 840 time = 0.102209, # ZDD nodes = 87052, # elems = 4804546486220120928697981038919878455614649868
Step 841 time = 0.091722, # ZDD nodes = 87040, # elems = 4844934033418536050980666825688820306800572947
Step 842 time = 0.091774, # ZDD nodes = 87028, # elems = 4885243923231275544377134553765230870757367591
Step 843 time = 0.111079, # ZDD nodes = 87010, # elems = 4925665107954113328150302194693174145651291001
Step 844 time = 0.093971, # ZDD nodes = 86989, # elems = 4966417967390437233286046809739039045793448077
Step 845 time = 0.099849, # ZDD nodes = 86964, # elems = 5007618503952898055228430658879810305361149567
Step 846 time = 0.089746, # ZDD nodes = 86940, # elems = 5049187842424318939547912016357806809050604290
Step 847 time = 0.126963, # ZDD nodes = 86925, # elems = 5090863074497477056119771987439369390008528942
Step 848 time = 0.106419, # ZDD nodes = 86946, # elems = 5132312840777501892483188201496376530549222246
Step 849 time = 0.090846, # ZDD nodes = 86985, # elems = 5173302052408101399431486460629681649580725102
Step 850 time = 0.091377, # ZDD nodes = 87027, # elems = 5213817737447236110757340335160023790007609165
Step 851 time = 0.090234, # ZDD nodes = 87069, # elems = 5254083541878480368422129210043229896208261069
Step 852 time = 0.095569, # ZDD nodes = 87111, # elems = 5294449118888680095660879783844155238321480752
Step 853 time = 0.089979, # ZDD nodes = 87165, # elems = 5335210871037013150743792722492495263128490707
Step 854 time = 0.093978, # ZDD nodes = 87225, # elems = 5376461104509649613380035100333802698412654673
Step 855 time = 0.086998, # ZDD nodes = 87285, # elems = 5418048160908149138361288463747426367317231590
Step 856 time = 0.093650, # ZDD nodes = 87363, # elems = 5459667258148908681980213443351287516608727498
Step 857 time = 0.097636, # ZDD nodes = 87444, # elems = 5501026823711772485782732095359040898128111957
Step 858 time = 0.098836, # ZDD nodes = 87531, # elems = 5541992928119120324282133580240002708797189115
Step 859 time = 0.089356, # ZDD nodes = 87639, # elems = 5582630866194795861097838135281538993514796704
Step 860 time = 0.087752, # ZDD nodes = 87759, # elems = 5623127454604357268379777277439731796816158479
Step 861 time = 0.093509, # ZDD nodes = 87879, # elems = 5663649608040912473288377105048681190015932386
Step 862 time = 0.088005, # ZDD nodes = 87990, # elems = 5704230152771269903497867548045191483106932344
Step 863 time = 0.087536, # ZDD nodes = 88101, # elems = 5744750824088182550480499997161999990573568149
Step 864 time = 0.087866, # ZDD nodes = 88212, # elems = 5785029853577206988110724752480798529253297417
Step 865 time = 0.103664, # ZDD nodes = 88323, # elems = 5824956208602311030474178301150129641745893303
Step 866 time = 0.103766, # ZDD nodes = 88416, # elems = 5864583499525230039693963723230173961160158457
Step 867 time = 0.093707, # ZDD nodes = 88515, # elems = 5904120577180621538835069649335492086472002352
Step 868 time = 0.088275, # ZDD nodes = 88641, # elems = 5943818036226204476856899412726669646756676265
Step 869 time = 0.089097, # ZDD nodes = 88809, # elems = 5983813452422124681744652196077877684776682364
Step 870 time = 0.089975, # ZDD nodes = 88974, # elems = 6024026450471552766922851282551104111587992271
Step 871 time = 0.091696, # ZDD nodes = 89160, # elems = 6064170885008099030707634763276895757277193662
Step 872 time = 0.089047, # ZDD nodes = 89349, # elems = 6103887160967109903835747629713666415693978801
Step 873 time = 0.093784, # ZDD nodes = 89535, # elems = 6142927656908913719733151937902418680878160131
Step 874 time = 0.110346, # ZDD nodes = 89706, # elems = 6181292671758676409993469444456504865046999034
Step 875 time = 0.089694, # ZDD nodes = 89871, # elems = 6219236449532423326740544471258095224687740989
Step 876 time = 0.090574, # ZDD nodes = 90036, # elems = 6257133171432531918446380323502947084224473410
Step 877 time = 0.090314, # ZDD nodes = 90219, # elems = 6295272731842159065999883155492622054519080549
Step 878 time = 0.090713, # ZDD nodes = 90411, # elems = 6333699348920625159174161751464650296356762532
Step 879 time = 0.090733, # ZDD nodes = 90618, # elems = 6372185307940410666654349189181462573940593193
Step 880 time = 0.095924, # ZDD nodes = 90834, # elems = 6410356363627319922924170461968992806922797569
Step 881 time = 0.091219, # ZDD nodes = 91029, # elems = 6447897382048505118867768065099629342777747674
Step 882 time = 0.089988, # ZDD nodes = 91176, # elems = 6484719495576676896208443035651081927451164613
Step 883 time = 0.094884, # ZDD nodes = 91299, # elems = 6520992951786985765787418680055535332243203382
Step 884 time = 0.095015, # ZDD nodes = 91401, # elems = 6557029505063263793064892064908696449940681326
Step 885 time = 0.088665, # ZDD nodes = 91481, # elems = 6593086611395181953081506004811705287392709997
Step 886 time = 0.099576, # ZDD nodes = 91525, # elems = 6629210356635119140443135095559369795733555782
Step 887 time = 0.089314, # ZDD nodes = 91566, # elems = 6665209236151179342642967500846646074467884881
Step 888 time = 0.087604, # ZDD nodes = 91604, # elems = 6700772104186564455000282055545762195077928606
Step 889 time = 0.087819, # ZDD nodes = 91630, # elems = 6735658071865043588390800191764164012185220734
Step 890 time = 0.086476, # ZDD nodes = 91605, # elems = 6769844378045809524977249939890396780300699602
Step 891 time = 0.086251, # ZDD nodes = 91571, # elems = 6803543674566490609449191672591837677858096362
Step 892 time = 0.096082, # ZDD nodes = 91549, # elems = 6837078459509995819309850746855547377447308903
Step 893 time = 0.116188, # ZDD nodes = 91504, # elems = 6870683411894752612885864068338867744371245894
Step 894 time = 0.124529, # ZDD nodes = 91447, # elems = 6904349754319984867202097181309247649012764916
Step 895 time = 0.093606, # ZDD nodes = 91378, # elems = 6937805056949653886192671448423806600839826839
Step 896 time = 0.082098, # ZDD nodes = 91291, # elems = 6970647292057554915265246829672023759485474204
Step 897 time = 0.082650, # ZDD nodes = 91195, # elems = 7002563984301674417493056444218139406760719000
Step 898 time = 0.081444, # ZDD nodes = 91099, # elems = 7033515496706059844783781448991161620948821184
Step 899 time = 0.102889, # ZDD nodes = 90988, # elems = 7063776458956428932095495354172811360615327279
Step 900 time = 0.086234, # ZDD nodes = 90877, # elems = 7093805058936342503500428508123693495464204267
Step 901 time = 0.092814, # ZDD nodes = 90774, # elems = 7124006088601551139329596510861826335329676421
Step 902 time = 0.081372, # ZDD nodes = 90675, # elems = 7154516312980763569307913069028364354905364442
Step 903 time = 0.078739, # ZDD nodes = 90585, # elems = 7185131897286516635180028589203664753885197297
Step 904 time = 0.078557, # ZDD nodes = 90513, # elems = 7215419303651266813623801822507594649852393752
Step 905 time = 0.086271, # ZDD nodes = 90450, # elems = 7244947389715405473623487446379860228971728846
Step 906 time = 0.082600, # ZDD nodes = 90417, # elems = 7273510166779824338718168511471776156121915395
Step 907 time = 0.077634, # ZDD nodes = 90378, # elems = 7301216760821730434653734886424079163654214727
Step 908 time = 0.077735, # ZDD nodes = 90345, # elems = 7328402815895099227185306861083890327332257169
Step 909 time = 0.078200, # ZDD nodes = 90324, # elems = 7355420120750240137128506118824984170754639841
Step 910 time = 0.076488, # ZDD nodes = 90321, # elems = 7382428899504120572701843335547223333135968104
Step 911 time = 0.103137, # ZDD nodes = 90360, # elems = 7409311252517844471225842251310607659600039865
Step 912 time = 0.076498, # ZDD nodes = 90408, # elems = 7435750080117759318916314494953034797653442248
Step 913 time = 0.076174, # ZDD nodes = 90459, # elems = 7461421034941861787531920012216343978251490226
Step 914 time = 0.078049, # ZDD nodes = 90525, # elems = 7486182173881064866556706938779977708394825692
Step 915 time = 0.076024, # ZDD nodes = 90594, # elems = 7510150931318114574050581653856827735226953237
Step 916 time = 0.086393, # ZDD nodes = 90663, # elems = 7533625343429111734051427441920993486848852570
Step 917 time = 0.092796, # ZDD nodes = 90732, # elems = 7556897054494220381331780650769955405680500826
Step 918 time = 0.096663, # ZDD nodes = 90792, # elems = 7580066496596636980365234763981782318685115334
Step 919 time = 0.089052, # ZDD nodes = 90852, # elems = 7602970100527671270397561732470082923132087597
Step 920 time = 0.079550, # ZDD nodes = 90912, # elems = 7625265412493727211401384053524058950415902188
Step 921 time = 0.075327, # ZDD nodes = 90972, # elems = 7646628566692454535264595504251184534548697563
Step 922 time = 0.075702, # ZDD nodes = 91038, # elems = 7666951289910417198266123542975037821189158012
Step 923 time = 0.077676, # ZDD nodes = 91104, # elems = 7686420276111432775039990412938413235434182184
Step 924 time = 0.077823, # ZDD nodes = 91176, # elems = 7705425408924614729854146148391403515007299256
Step 925 time = 0.081023, # ZDD nodes = 91248, # elems = 7724341632207700196662566546624356896744775151
Step 926 time = 0.078345, # ZDD nodes = 91338, # elems = 7743306148542092357147434493802056886817700895
Step 927 time = 0.075535, # ZDD nodes = 91431, # elems = 7762120834807070647173288193099129873128910818
Step 928 time = 0.080514, # ZDD nodes = 91545, # elems = 7780341377776525469071801907381091400171775337
Step 929 time = 0.075387, # ZDD nodes = 91668, # elems = 7797508011562569858121198705119646887077605674
Step 930 time = 0.089779, # ZDD nodes = 91794, # elems = 7813389982217452670430127378068087368317635351
Step 931 time = 0.097186, # ZDD nodes = 91908, # elems = 7828106006629129527177613948972073893159702656
Step 932 time = 0.076277, # ZDD nodes = 92019, # elems = 7842053057309366076272238328288801684610226297
Step 933 time = 0.080478, # ZDD nodes = 92130, # elems = 7855685473916640829619342174091188565024091170
Step 934 time = 0.074871, # ZDD nodes = 92223, # elems = 7869270929096479571682155834027312151713092104
Step 935 time = 0.075423, # ZDD nodes = 92316, # elems = 7882759681245201323342077461562449252120626817
Step 936 time = 0.090619, # ZDD nodes = 92409, # elems = 7895835143853605518657070933258419475813534787
Step 937 time = 0.075501, # ZDD nodes = 92505, # elems = 7908109319818182129132439307103486503306514246
Step 938 time = 0.076059, # ZDD nodes = 92604, # elems = 7919346547568345254377888500003833809904032687
Step 939 time = 0.075813, # ZDD nodes = 92736, # elems = 7929587210179181398876578373223380666099393752
Step 940 time = 0.075152, # ZDD nodes = 92883, # elems = 7939104191679163681314961898785696925029758159
Step 941 time = 0.074939, # ZDD nodes = 93024, # elems = 7948222709760356165254297327310413427554949052
Step 942 time = 0.074855, # ZDD nodes = 93138, # elems = 7957112289641814512109763603374508955541519207
Step 943 time = 0.074868, # ZDD nodes = 93255, # elems = 7965674087776280701056213240426767675904956292
Step 944 time = 0.085437, # ZDD nodes = 93360, # elems = 7973590675634630683336093866738937318451968848
Step 945 time = 0.077327, # ZDD nodes = 93441, # elems = 7980511054654115354581482721047982764609890322
Step 946 time = 0.077089, # ZDD nodes = 93476, # elems = 7986263900294612142136848483802322984298614274
Step 947 time = 0.074148, # ZDD nodes = 93502, # elems = 7990972529893626835417996682802954467406113031
Step 948 time = 0.073800, # ZDD nodes = 93529, # elems = 7994999372219248137301944772475753673805327803
Step 949 time = 0.084025, # ZDD nodes = 93559, # elems = 7998746637971993537834846683288029475278556221
Step 950 time = 0.073944, # ZDD nodes = 93553, # elems = 8002425908959491743826920417225005017694034778
Step 951 time = 0.103938, # ZDD nodes = 93535, # elems = 8005930707167328227740900064130942396456640299
Step 952 time = 0.075812, # ZDD nodes = 93502, # elems = 8008888704616069131005082825736913539028175132
Step 953 time = 0.073380, # ZDD nodes = 93445, # elems = 8010866470657775582014511881729916271602290140
Step 954 time = 0.078264, # ZDD nodes = 93352, # elems = 8011609972997916872217361993014819073717185714
Step 955 time = 0.083062, # ZDD nodes = 93244, # elems = 8011182221635749245343737826900489876650358141
Step 956 time = 0.072930, # ZDD nodes = 93124, # elems = 8009919625490251019016799010789306361915706419
Step 957 time = 0.073000, # ZDD nodes = 92998, # elems = 8008234841881023087108360704595840370149446502
Step 958 time = 0.083036, # ZDD nodes = 92860, # elems = 8006382093314471388291702481663362845627066025
Step 959 time = 0.075153, # ZDD nodes = 92725, # elems = 8004319709490104197334705181157862262539257461
Step 960 time = 0.075165, # ZDD nodes = 92589, # elems = 8001745616299841881392368290918708320986931660
Step 961 time = 0.072610, # ZDD nodes = 92454, # elems = 7998281012969953078319453460773202803794731834
Step 962 time = 0.072458, # ZDD nodes = 92334, # elems = 7993693702311416347852800468594226793927258685
Step 963 time = 0.072456, # ZDD nodes = 92235, # elems = 7988032547276360526691507293785162581325843853
Step 964 time = 0.072268, # ZDD nodes = 92142, # elems = 7981598076574441488954789210003753924726322308
Step 965 time = 0.082199, # ZDD nodes = 92049, # elems = 7974768818947744081727753886954206887798525536
Step 966 time = 0.071739, # ZDD nodes = 91956, # elems = 7967784107740967857057628278508367850810884369
Step 967 time = 0.071270, # ZDD nodes = 91857, # elems = 7960607531833219689060826549280715628347987402
Step 968 time = 0.077741, # ZDD nodes = 91758, # elems = 7952949401035236066915489827303899955813401635
Step 969 time = 0.070501, # ZDD nodes = 91659, # elems = 7944436716792072325964327905703569827905419350
Step 970 time = 0.075615, # ZDD nodes = 91560, # elems = 7934834198388679741458379144800592919304933465
Step 971 time = 0.069659, # ZDD nodes = 91461, # elems = 7924188159110302111820232476536995366858788310
Step 972 time = 0.072097, # ZDD nodes = 91362, # elems = 7912806653618691385515696957097567988714548026
Step 973 time = 0.069300, # ZDD nodes = 91266, # elems = 7901082606353732420258032910344575984517924968
Step 974 time = 0.079354, # ZDD nodes = 91188, # elems = 7889258974164948249562472930474580645694597791
Step 975 time = 0.068907, # ZDD nodes = 91122, # elems = 7877272673238947121765509521883498120477811678
Step 976 time = 0.068569, # ZDD nodes = 91065, # elems = 7864772722322690078618984484612991025686262307
Step 977 time = 0.068191, # ZDD nodes = 91020, # elems = 7851308470481441267423840080755370126417297887
Step 978 time = 0.067928, # ZDD nodes = 90996, # elems = 7836582899580885392979004009998888786229074546
Step 979 time = 0.067920, # ZDD nodes = 90972, # elems = 7820624981860089922273060908048101342750356149
Step 980 time = 0.072733, # ZDD nodes = 90948, # elems = 7803780338526008603349648462789712710481662141
Step 981 time = 0.067599, # ZDD nodes = 90921, # elems = 7786524506696488555525453039371381076193655738
Step 982 time = 0.067613, # ZDD nodes = 90918, # elems = 7769205371209803507319033714752358546147533207
Step 983 time = 0.067487, # ZDD nodes = 90945, # elems = 7751860856259611377629647788701718980229554699
Step 984 time = 0.067651, # ZDD nodes = 90984, # elems = 7734212633509085700571684126034434131261095670
Step 985 time = 0.072854, # ZDD nodes = 91023, # elems = 7715834097335846921325018460541409109052402301
Step 986 time = 0.067290, # ZDD nodes = 91059, # elems = 7696392162416221790136473417677376047880612799
Step 987 time = 0.067036, # ZDD nodes = 91095, # elems = 7675824840071155366997352750396501019379136768
Step 988 time = 0.072238, # ZDD nodes = 91125, # elems = 7654358958523500748379980208641393609856358630
Step 989 time = 0.069596, # ZDD nodes = 91155, # elems = 7632366395389729207145632089903597594717815019
Step 990 time = 0.067068, # ZDD nodes = 91185, # elems = 7610147537064757798554225954313493823863529939
Step 991 time = 0.067103, # ZDD nodes = 91215, # elems = 7587767858595404282751534460592221246551368364
Step 992 time = 0.069501, # ZDD nodes = 91251, # elems = 7565039034790604660285541304733011308709143369
Step 993 time = 0.067247, # ZDD nodes = 91308, # elems = 7541650719018720161804998621736469761041789362
Step 994 time = 0.068453, # ZDD nodes = 91353, # elems = 7517371895095649965674696200592480187060872300
Step 995 time = 0.067011, # ZDD nodes = 91401, # elems = 7492201131931999362040957735225843176323704380
Step 996 time = 0.067312, # ZDD nodes = 91449, # elems = 7466375287439651248417829028271968075886541397
Step 997 time = 0.077275, # ZDD nodes = 91494, # elems = 7440228988718753023679675839370226881282845767
Step 998 time = 0.066967, # ZDD nodes = 91518, # elems = 7413985998119936884149621772896038850274817529
Step 999 time = 0.066770, # ZDD nodes = 91554, # elems = 7387607168618682633575850998174450759588549838
Step 1000 time = 0.066607, # ZDD nodes = 91596, # elems = 7360790430809556147652630049962423309993676928
Step 1001 time = 0.066647, # ZDD nodes = 91644, # elems = 7333130397914302942967757469047919771484997960
Step 1002 time = 0.066571, # ZDD nodes = 91689, # elems = 7304349754417299918436034850385901302719320808
Step 1003 time = 0.066321, # ZDD nodes = 91725, # elems = 7274469167769258103023946009567553171694634377
Step 1004 time = 0.066275, # ZDD nodes = 91746, # elems = 7243815001519193749271111932903032138477848646
Step 1005 time = 0.065949, # ZDD nodes = 91743, # elems = 7212856107900470542548783822649737969670276551
Step 1006 time = 0.067127, # ZDD nodes = 91704, # elems = 7181959146954253310381963638161904546195867770
Step 1007 time = 0.066433, # ZDD nodes = 91647, # elems = 7151199154246170156545759361409383533593090536
Step 1008 time = 0.065010, # ZDD nodes = 91580, # elems = 7120330706815420749751004265321812782713953838
Step 1009 time = 0.064631, # ZDD nodes = 91519, # elems = 7088933550155060855703283982812693778498219943
Step 1010 time = 0.064286, # ZDD nodes = 91443, # elems = 7056648762696942303228439407220915567471726443
Step 1011 time = 0.063943, # ZDD nodes = 91355, # elems = 7023373324465250344720587931614379017838510746
Step 1012 time = 0.063247, # ZDD nodes = 91258, # elems = 6989307526292896540107265583671677509088593889
Step 1013 time = 0.062309, # ZDD nodes = 91134, # elems = 6954833710733287448095481104182268615988023347
Step 1014 time = 0.082804, # ZDD nodes = 90974, # elems = 6920298677249317850256990413113680606970795473
Step 1015 time = 0.061738, # ZDD nodes = 90805, # elems = 6885823889978936568781905549530802263478730785
Step 1016 time = 0.060955, # ZDD nodes = 90610, # elems = 6851249229813868334069826438380938433826606180
Step 1017 time = 0.060647, # ZDD nodes = 90418, # elems = 6816238688151036606866184781378167884326102278
Step 1018 time = 0.060200, # ZDD nodes = 90244, # elems = 6780484385883143818158644509208141859116275773
Step 1019 time = 0.062072, # ZDD nodes = 90067, # elems = 6743890353732784293332249298361787664969108396
Step 1020 time = 0.059254, # ZDD nodes = 89895, # elems = 6706630096832258230581750221205079996615081383
Step 1021 time = 0.058718, # ZDD nodes = 89769, # elems = 6669045168357267101258873081902557290735780148
Step 1022 time = 0.058042, # ZDD nodes = 89646, # elems = 6631444676453891784217870888394973354547402461
Step 1023 time = 0.057824, # ZDD nodes = 89544, # elems = 6593924111633328607350330462944292070113593556
Step 1024 time = 0.067862, # ZDD nodes = 89442, # elems = 6556310874745665432106060487740239816942888072
Step 1025 time = 0.057003, # ZDD nodes = 89325, # elems = 6518269211895012805298687984323350774434206167
Step 1026 time = 0.056743, # ZDD nodes = 89208, # elems = 6479503129213065378179008544839133339014952970
Step 1027 time = 0.061628, # ZDD nodes = 89082, # elems = 6439937954140069318599167675730580024327204851
Step 1028 time = 0.056311, # ZDD nodes = 88947, # elems = 6399773566688164689780476932090022830467966792
Step 1029 time = 0.056112, # ZDD nodes = 88824, # elems = 6359377694031918512939472469975137480074034948
Step 1030 time = 0.066587, # ZDD nodes = 88707, # elems = 6319081496382630170837304032844804383027776146
Step 1031 time = 0.056129, # ZDD nodes = 88584, # elems = 6278996186483145430241733068324673539621257689
Step 1032 time = 0.077535, # ZDD nodes = 88461, # elems = 6238955627960101146259440684106359360966480819
Step 1033 time = 0.065527, # ZDD nodes = 88341, # elems = 6198615598930786189015253648121733674355029519
Step 1034 time = 0.065214, # ZDD nodes = 88233, # elems = 6157650713045806907889286109712536961298832976
Step 1035 time = 0.055135, # ZDD nodes = 88134, # elems = 6115936505170625767275141330732166324488517491
Step 1036 time = 0.070343, # ZDD nodes = 88038, # elems = 6073615580789296407737590868772249149318988636
Step 1037 time = 0.065271, # ZDD nodes = 87942, # elems = 6031014312937460996889648528472116583110965034
Step 1038 time = 0.054357, # ZDD nodes = 87846, # elems = 5988460742800281462428868815934648732710981946
Step 1039 time = 0.053861, # ZDD nodes = 87750, # elems = 5946107686132131671197712262795816885976261734
Step 1040 time = 0.053910, # ZDD nodes = 87654, # elems = 5903859230269295453454712631851637750829790350
Step 1041 time = 0.053426, # ZDD nodes = 87546, # elems = 5861439149929747171001288675891637036605976906
Step 1042 time = 0.053200, # ZDD nodes = 87444, # elems = 5818560140046125147058955796893446714914466774
Step 1043 time = 0.053194, # ZDD nodes = 87348, # elems = 5775096548516723955963355098935881172398821831
Step 1044 time = 0.063431, # ZDD nodes = 87264, # elems = 5731161352260128857624717373887860133707640125
Step 1045 time = 0.052842, # ZDD nodes = 87207, # elems = 5687042538653502879916395117684321098848515009
Step 1046 time = 0.052964, # ZDD nodes = 87171, # elems = 5643035248314208184578400309054690278647211029
Step 1047 time = 0.052733, # ZDD nodes = 87147, # elems = 5599267619694312969873437972054725043851917546
Step 1048 time = 0.055050, # ZDD nodes = 87117, # elems = 5555623595171083334003398376294319201853179951
Step 1049 time = 0.052596, # ZDD nodes = 87099, # elems = 5511810336122877626865886914324406434661988010
Step 1050 time = 0.073359, # ZDD nodes = 87069, # elems = 5467532654445035841486690746595052882550632137
Step 1051 time = 0.054071, # ZDD nodes = 87045, # elems = 5422672221246034426037642807618824132641823929
Step 1052 time = 0.057078, # ZDD nodes = 87039, # elems = 5377364979474151971914130617535954095043405195
Step 1053 time = 0.056949, # ZDD nodes = 87033, # elems = 5331930080203718765034917745058755235469506350
Step 1054 time = 0.057020, # ZDD nodes = 87018, # elems = 5286691851057572690526672092849983045690029765
Step 1055 time = 0.056871, # ZDD nodes = 87003, # elems = 5241799189925876833416070735328184145155883182
Step 1056 time = 0.056805, # ZDD nodes = 87003, # elems = 5197147037180843526911416398215364878119884360
Step 1057 time = 0.057752, # ZDD nodes = 87027, # elems = 5152443614952765889905992666208303185718125043
Step 1058 time = 0.054915, # ZDD nodes = 87036, # elems = 5107382468964192686911561058411335130257908078
Step 1059 time = 0.054783, # ZDD nodes = 87045, # elems = 5061819853183939193832449697284920947419798808
Step 1060 time = 0.054513, # ZDD nodes = 87054, # elems = 5015858132703082299712779059038966306658647545
Step 1061 time = 0.054581, # ZDD nodes = 87048, # elems = 4969791771558270534620469135092010521251971486
Step 1062 time = 0.054411, # ZDD nodes = 87006, # elems = 4923949891109016802652671064873367886196759667
Step 1063 time = 0.054610, # ZDD nodes = 86955, # elems = 4878524623773740557528666633755585634582615191
Step 1064 time = 0.054281, # ZDD nodes = 86904, # elems = 4833478934045226966006805390393347905131093869
Step 1065 time = 0.064361, # ZDD nodes = 86856, # elems = 4788581196456467359686041185099370726398897362
Step 1066 time = 0.058776, # ZDD nodes = 86796, # elems = 4743543187360297118267969266611658188630159156
Step 1067 time = 0.074113, # ZDD nodes = 86718, # elems = 4698181970936518566330688205772262030945816854
Step 1068 time = 0.052206, # ZDD nodes = 86619, # elems = 4652514919020850976817522869321926717326214047
Step 1069 time = 0.051117, # ZDD nodes = 86496, # elems = 4606736618604246179135095933580296904814798822
Step 1070 time = 0.050893, # ZDD nodes = 86343, # elems = 4561094500971287160073839111750437014014424917
Step 1071 time = 0.050828, # ZDD nodes = 86163, # elems = 4515738297995595231921121922015615936854926603
Step 1072 time = 0.050687, # ZDD nodes = 85965, # elems = 4470633195845483237150245167654563090740479120
Step 1073 time = 0.050699, # ZDD nodes = 85757, # elems = 4425588323413136548325900794118060001752938047
Step 1074 time = 0.050482, # ZDD nodes = 85555, # elems = 4380382873756880334862657720137267455245484286
Step 1075 time = 0.050194, # ZDD nodes = 85357, # elems = 4334913200943040955955328639087959813429321774
Step 1076 time = 0.059784, # ZDD nodes = 85153, # elems = 4289271341194917157031272612757238878455759170
Step 1077 time = 0.050294, # ZDD nodes = 84940, # elems = 4243706195483041581150666227285551388571894387
Step 1078 time = 0.050034, # ZDD nodes = 84724, # elems = 4198488487408333388737248151805642173944634488
Step 1079 time = 0.049668, # ZDD nodes = 84499, # elems = 4153758060813879165763780963996693299897862662
Step 1080 time = 0.049698, # ZDD nodes = 84262, # elems = 4109443128746471759828017126244628753544228776
Step 1081 time = 0.049564, # ZDD nodes = 84043, # elems = 4065299285741949337177507710095283367101374133
Step 1082 time = 0.049344, # ZDD nodes = 83818, # elems = 4021046564792674634606739329960331217900777533
Step 1083 time = 0.049626, # ZDD nodes = 83589, # elems = 3976526751036034877590760652104508764644044372
Step 1084 time = 0.059094, # ZDD nodes = 83361, # elems = 3931792504674533593657180534679605876843364439
Step 1085 time = 0.059836, # ZDD nodes = 83130, # elems = 3887079230361828309341009861719916885920891293
Step 1086 time = 0.049511, # ZDD nodes = 82911, # elems = 3842676701519809582380630202665134236209688230
Step 1087 time = 0.049232, # ZDD nodes = 82701, # elems = 3798773012569537114501383284116090127314516587
Step 1088 time = 0.049089, # ZDD nodes = 82503, # elems = 3755357726817704536320786404828622129792159783
Step 1089 time = 0.049125, # ZDD nodes = 82314, # elems = 3712236658993826696043187783768205779224090789
Step 1090 time = 0.060131, # ZDD nodes = 82149, # elems = 3669147697134248697927583029361688059416656301
Step 1091 time = 0.049088, # ZDD nodes = 81993, # elems = 3625911144021819681325536991409263114387077039
Step 1092 time = 0.049078, # ZDD nodes = 81831, # elems = 3582529961024610644202733807478907529659748791
Step 1093 time = 0.048982, # ZDD nodes = 81663, # elems = 3539184507862183262018822462260022637466419888
Step 1094 time = 0.048713, # ZDD nodes = 81480, # elems = 3496126688147830247088957899127792501206255118
Step 1095 time = 0.048655, # ZDD nodes = 81294, # elems = 3453535956428746870772636598125800753679226006
Step 1096 time = 0.069330, # ZDD nodes = 81114, # elems = 3411420958626112231955549188466098673655498258
Step 1097 time = 0.048430, # ZDD nodes = 80955, # elems = 3369622865512090489518674908203041331768778848
Step 1098 time = 0.048046, # ZDD nodes = 80808, # elems = 3327916316473350622400685853071652984537653366
Step 1099 time = 0.047887, # ZDD nodes = 80664, # elems = 3286147010042393196325975692197609908312713402
Step 1100 time = 0.047713, # ZDD nodes = 80520, # elems = 3244324421324873790207526492262667268031229252
Step 1101 time = 0.047296, # ZDD nodes = 80370, # elems = 3202615615351665989245188278223816007777428915
Step 1102 time = 0.046978, # ZDD nodes = 80226, # elems = 3161245454447304402283607545203409699361407356
Step 1103 time = 0.046644, # ZDD nodes = 80076, # elems = 3120364068620238955145387374515939884459878530
Step 1104 time = 0.046254, # ZDD nodes = 79926, # elems = 3079960563891784614666088511615958649985510655
Step 1105 time = 0.046011, # ZDD nodes = 79785, # elems = 3039872629667277725274792341800180712128316508
Step 1106 time = 0.045963, # ZDD nodes = 79629, # elems = 2999884495724032848093679258939387756454174700
Step 1107 time = 0.045745, # ZDD nodes = 79479, # elems = 2959855148713197114204865871134976079389128224
Step 1108 time = 0.045652, # ZDD nodes = 79341, # elems = 2919802954638666684285783852928521782307681861
Step 1109 time = 0.045992, # ZDD nodes = 79206, # elems = 2879899199070599926714488268977401700422498220
Step 1110 time = 0.045651, # ZDD nodes = 79053, # elems = 2840375553770853638015042394117429622353315000
Step 1111 time = 0.045016, # ZDD nodes = 78900, # elems = 2801398691876522766880452212238541715718268992
Step 1112 time = 0.045349, # ZDD nodes = 78753, # elems = 2762982096569745625739926825872121922230177209
Step 1113 time = 0.045253, # ZDD nodes = 78615, # elems = 2724982807307787212312479961450428866122577165
Step 1114 time = 0.044851, # ZDD nodes = 78486, # elems = 2687183575633125186178615004191914485696036943
Step 1115 time = 0.045276, # ZDD nodes = 78354, # elems = 2649414342337275890829962205656446975595032275
Step 1116 time = 0.044951, # ZDD nodes = 78219, # elems = 2611645359951090237811581511336102412751772632
Step 1117 time = 0.044470, # ZDD nodes = 78075, # elems = 2573999971793883937709704104970437108420223887
Step 1118 time = 0.044498, # ZDD nodes = 77898, # elems = 2536680681232240399162203997984103902175542128
Step 1119 time = 0.044305, # ZDD nodes = 77712, # elems = 2499851907437250937550278861008587138334774444
Step 1120 time = 0.048918, # ZDD nodes = 77520, # elems = 2463547343287400341097257010606494511604154257
Step 1121 time = 0.044527, # ZDD nodes = 77319, # elems = 2427655028153595963567589764418789852873087473
Step 1122 time = 0.044162, # ZDD nodes = 77097, # elems = 2391988018773812043895454325002175687356950770
Step 1123 time = 0.043358, # ZDD nodes = 76878, # elems = 2356398483808282133377817642925659411798763084
Step 1124 time = 0.043842, # ZDD nodes = 76683, # elems = 2320867180390752559314240132409004133903517380
Step 1125 time = 0.048743, # ZDD nodes = 76503, # elems = 2285515179225007082684867857924359664104998322
Step 1126 time = 0.043518, # ZDD nodes = 76344, # elems = 2250532154565821425436358116842733657212608741
Step 1127 time = 0.054288, # ZDD nodes = 76188, # elems = 2216065584264078508781578930304941541352903243
Step 1128 time = 0.043590, # ZDD nodes = 76032, # elems = 2182136847935413067621417897601458131440572166
Step 1129 time = 0.043096, # ZDD nodes = 75870, # elems = 2148632359191158838072267617080843764816255384
Step 1130 time = 0.043500, # ZDD nodes = 75714, # elems = 2115373234726827897240452101161967943270906400
Step 1131 time = 0.042913, # ZDD nodes = 75558, # elems = 2082221729597796425167690567123767663432899994
Step 1132 time = 0.052807, # ZDD nodes = 75399, # elems = 2049162314450833959432670138371413250859965423
Step 1133 time = 0.043057, # ZDD nodes = 75234, # elems = 2016311403217711124606311927484372687300254674
Step 1134 time = 0.042603, # ZDD nodes = 75075, # elems = 1983851909497746774116740369906403323296195504
Step 1135 time = 0.042272, # ZDD nodes = 74907, # elems = 1951930936192399256439353966814163314592219656
Step 1136 time = 0.047281, # ZDD nodes = 74730, # elems = 1920577532589200855903778968382866034384545187
Step 1137 time = 0.041868, # ZDD nodes = 74541, # elems = 1889685076882447502095704467438407575707982783
Step 1138 time = 0.041298, # ZDD nodes = 74355, # elems = 1859067622840004825926881399351805320556998456
Step 1139 time = 0.041066, # ZDD nodes = 74156, # elems = 1828559349228295463057230215203663301539171406
Step 1140 time = 0.040392, # ZDD nodes = 73951, # elems = 1798102349775445939287857009420105047366417320
Step 1141 time = 0.039966, # ZDD nodes = 73740, # elems = 1767774687746664141610551964277720234536792095
Step 1142 time = 0.039572, # ZDD nodes = 73523, # elems = 1737744444160934972625132808439994632408155752
Step 1143 time = 0.038965, # ZDD nodes = 73303, # elems = 1708176505539329537139308225094736532798602359
Step 1144 time = 0.038518, # ZDD nodes = 73065, # elems = 1679144336755736687686043088148234246657365486
Step 1145 time = 0.038137, # ZDD nodes = 72824, # elems = 1650595760246930546449701300427928147929292982
Step 1146 time = 0.037889, # ZDD nodes = 72581, # elems = 1622390937665648370232544651723572425328277580
Step 1147 time = 0.037451, # ZDD nodes = 72327, # elems = 1594388545624205146688656130993342020404334518
Step 1148 time = 0.037060, # ZDD nodes = 72093, # elems = 1566527979839307149294197610770731405377318166
Step 1149 time = 0.036653, # ZDD nodes = 71868, # elems = 1538859574550126444143481020705108525623338256
Step 1150 time = 0.036272, # ZDD nodes = 71646, # elems = 1511507754189675733572116233265342340203239044
Step 1151 time = 0.035998, # ZDD nodes = 71409, # elems = 1484591894890358522339213708241381427218443094
Step 1152 time = 0.035736, # ZDD nodes = 71184, # elems = 1458153172617376709054994083630198117459330616
Step 1153 time = 0.035526, # ZDD nodes = 70953, # elems = 1432130778443503414192283747028795192787347435
Step 1154 time = 0.040382, # ZDD nodes = 70734, # elems = 1406400650352314441967521137330820841818979150
Step 1155 time = 0.035252, # ZDD nodes = 70551, # elems = 1380851886854355376271025649614536141149572252
Step 1156 time = 0.034932, # ZDD nodes = 70371, # elems = 1355454107259454057623078892661830133783968770
Step 1157 time = 0.039645, # ZDD nodes = 70212, # elems = 1330276526074335429489530085890992167567759219
Step 1158 time = 0.039197, # ZDD nodes = 70026, # elems = 1305449216813027246484299391621442962552205710
Step 1159 time = 0.034292, # ZDD nodes = 69825, # elems = 1281089550907730628155201878619795600698464504
Step 1160 time = 0.034091, # ZDD nodes = 69627, # elems = 1257235275718733133915081028615713349414192713
Step 1161 time = 0.033847, # ZDD nodes = 69423, # elems = 1233821914070963733838077048857518409934577917
Step 1162 time = 0.033647, # ZDD nodes = 69192, # elems = 1210717432154502176342418232273157884573662396
Step 1163 time = 0.033359, # ZDD nodes = 68973, # elems = 1187794307166608369085720754442205588116838624
Step 1164 time = 0.033128, # ZDD nodes = 68757, # elems = 1164998024293371870349231972085558156577532110
Step 1165 time = 0.032999, # ZDD nodes = 68511, # elems = 1142374127263266579575978690034435872126068950
Step 1166 time = 0.033015, # ZDD nodes = 68232, # elems = 1120039640114731937173388982743968586428614204
Step 1167 time = 0.032727, # ZDD nodes = 67938, # elems = 1098115085578641477388701837238838967609132747
Step 1168 time = 0.032266, # ZDD nodes = 67641, # elems = 1076655381061974388802576989809369761338100658
Step 1169 time = 0.032216, # ZDD nodes = 67353, # elems = 1055619454233504220198320419058356290094067459
Step 1170 time = 0.031924, # ZDD nodes = 67083, # elems = 1034896120264373607155698635861777095233105545
Step 1171 time = 0.031640, # ZDD nodes = 66813, # elems = 1014369907947548118266936167834554750340549962
Step 1172 time = 0.031604, # ZDD nodes = 66534, # elems = 993987216975287046717491318463742717348681011
Step 1173 time = 0.031535, # ZDD nodes = 66261, # elems = 973784621530902770413839719475526825383068811
Step 1174 time = 0.031259, # ZDD nodes = 66009, # elems = 953864181693549714196486212963197797880830638
Step 1175 time = 0.041227, # ZDD nodes = 65769, # elems = 934331172838119000209792806068315769593866721
Step 1176 time = 0.031210, # ZDD nodes = 65532, # elems = 915231434598606239662855719939812213858970993
Step 1177 time = 0.030741, # ZDD nodes = 65295, # elems = 896525602845774056879696035396830768978608751
Step 1178 time = 0.030591, # ZDD nodes = 65058, # elems = 878114292369103122124459754031217613539122987
Step 1179 time = 0.030310, # ZDD nodes = 64812, # elems = 859896933772499141584092158356713178815437559
Step 1180 time = 0.030050, # ZDD nodes = 64566, # elems = 841828559180637166626346374279490867896642909
Step 1181 time = 0.029869, # ZDD nodes = 64320, # elems = 823942804671911520732661299314932978677259872
Step 1182 time = 0.029633, # ZDD nodes = 64074, # elems = 806329739653794675449997064429430759361710202
Step 1183 time = 0.029411, # ZDD nodes = 63828, # elems = 789081951142762109787335815668731477439339540
Step 1184 time = 0.029324, # ZDD nodes = 63588, # elems = 772239858730244961167626311194794286335475703
Step 1185 time = 0.029187, # ZDD nodes = 63357, # elems = 755767571112109087543985529912452022375451998
Step 1186 time = 0.029157, # ZDD nodes = 63144, # elems = 739572292477559513853388102796437771572158952
Step 1187 time = 0.028836, # ZDD nodes = 62931, # elems = 723555096177755850144663475287205702641802458
Step 1188 time = 0.028819, # ZDD nodes = 62718, # elems = 707664583065597712598576114659069387381019646
Step 1189 time = 0.028839, # ZDD nodes = 62505, # elems = 691924615293640225265135967901037515238952054
Step 1190 time = 0.028595, # ZDD nodes = 62292, # elems = 676420912699574325928264344529345149464489604
Step 1191 time = 0.028425, # ZDD nodes = 62079, # elems = 661253093326597411606844950387618111903924605
Step 1192 time = 0.028446, # ZDD nodes = 61866, # elems = 646478785973309482563689183224312327677352641
Step 1193 time = 0.028310, # ZDD nodes = 61650, # elems = 632081778387091177551649827328883357152091577
Step 1194 time = 0.028206, # ZDD nodes = 61455, # elems = 617981781950239747536107866579869232192728675
Step 1195 time = 0.028161, # ZDD nodes = 61284, # elems = 604079045016692128767789753538819517159330622
Step 1196 time = 0.027975, # ZDD nodes = 61122, # elems = 590308116970914346855744487314072746963001350
Step 1197 time = 0.038133, # ZDD nodes = 60966, # elems = 576670678645115057355139807826255855788751907
Step 1198 time = 0.027889, # ZDD nodes = 60828, # elems = 563229031402624509484199653540069464075967185
Step 1199 time = 0.027623, # ZDD nodes = 60702, # elems = 550064787950306617542566405272457875819433754
Step 1200 time = 0.027566, # ZDD nodes = 60567, # elems = 537228616636508927067596850066550609472813085
Step 1201 time = 0.027358, # ZDD nodes = 60429, # elems = 524711485715436901335122957237922215520319161
Step 1202 time = 0.046475, # ZDD nodes = 60279, # elems = 512452742050699723808454510039630174282004347
Step 1203 time = 0.027381, # ZDD nodes = 60114, # elems = 500377780700053161906212792915740983648002223
Step 1204 time = 0.032262, # ZDD nodes = 59934, # elems = 488442318537207665085695018586178985764435860
Step 1205 time = 0.027250, # ZDD nodes = 59730, # elems = 476657681400749371445463071964555295434678078
Step 1206 time = 0.027114, # ZDD nodes = 59478, # elems = 465082366633897275413855481765236284070478720
Step 1207 time = 0.026882, # ZDD nodes = 59193, # elems = 453785044319291633562195695764924899999468285
Step 1208 time = 0.026671, # ZDD nodes = 58889, # elems = 442801568809485023227134216438314648297010528
Step 1209 time = 0.026224, # ZDD nodes = 58570, # elems = 432111304914588698046573672065289992198657292
Step 1210 time = 0.025753, # ZDD nodes = 58222, # elems = 421645428451312561108032687123618947078583135
Step 1211 time = 0.033996, # ZDD nodes = 57859, # elems = 411322040876909326154723039548677546246440655
Step 1212 time = 0.025501, # ZDD nodes = 57484, # elems = 401089353747971905029601489791878369902995282
Step 1213 time = 0.025217, # ZDD nodes = 57100, # elems = 390953384553545621959072258570740518300590188
Step 1214 time = 0.024902, # ZDD nodes = 56715, # elems = 380973831726511689057478820873051017976364408
Step 1215 time = 0.024766, # ZDD nodes = 56328, # elems = 371229915124504537530596193605821512144980634
Step 1216 time = 0.024571, # ZDD nodes = 55953, # elems = 361776091882334821095685574978459232521721894
Step 1217 time = 0.024313, # ZDD nodes = 55602, # elems = 352612760549918889271681484855020231709380119
Step 1218 time = 0.024127, # ZDD nodes = 55275, # elems = 343687261952029005150807780193711299330497976
Step 1219 time = 0.023999, # ZDD nodes = 54948, # elems = 334923671770145330010048928997824075663025358
Step 1220 time = 0.023770, # ZDD nodes = 54612, # elems = 326264569922389538985846266857639550515969194
Step 1221 time = 0.023734, # ZDD nodes = 54267, # elems = 317700876522558551713452980098909123746727260
Step 1222 time = 0.023642, # ZDD nodes = 53913, # elems = 309272529812233105151550231680531168877658698
Step 1223 time = 0.023735, # ZDD nodes = 53550, # elems = 301041093023691879332391177108824477800531758
Step 1224 time = 0.023829, # ZDD nodes = 53178, # elems = 293052411710336997995201037621533699392709736
Step 1225 time = 0.023503, # ZDD nodes = 52809, # elems = 285311197008578143315139575629066834122792703
Step 1226 time = 0.023588, # ZDD nodes = 52446, # elems = 277780216189933750733771235696666521483540526
Step 1227 time = 0.023497, # ZDD nodes = 52086, # elems = 270402732120957700218609648348696575016572049
Step 1228 time = 0.023020, # ZDD nodes = 51729, # elems = 263134564978084976793039670997421630644912724
Step 1229 time = 0.023148, # ZDD nodes = 51378, # elems = 255966843240279891234738625078120781998116936
Step 1230 time = 0.023078, # ZDD nodes = 51027, # elems = 248926536901209131716029241886969768475478587
Step 1231 time = 0.022600, # ZDD nodes = 50676, # elems = 242056296419003049967739300230109755352379450
Step 1232 time = 0.023075, # ZDD nodes = 50322, # elems = 235387113802524336192945210035841141076397949
Step 1233 time = 0.023327, # ZDD nodes = 49974, # elems = 228919348212034313336931652866379205203406151
Step 1234 time = 0.022757, # ZDD nodes = 49668, # elems = 222621743730985399759160192092669056254765562
Step 1235 time = 0.022868, # ZDD nodes = 49368, # elems = 216448856529893001570770476809167376312761349
Step 1236 time = 0.022957, # ZDD nodes = 49062, # elems = 210367315413165820117375086669290291982486813
Step 1237 time = 0.022234, # ZDD nodes = 48774, # elems = 204375205586993999808824612123615902921577706
Step 1238 time = 0.022347, # ZDD nodes = 48483, # elems = 198502550173851535134141808287258241272383418
Step 1239 time = 0.022376, # ZDD nodes = 48201, # elems = 192792859147883993868502822498258050566514399
Step 1240 time = 0.021770, # ZDD nodes = 47922, # elems = 187276767179989950904779268880436855566175078
Step 1241 time = 0.021818, # ZDD nodes = 47643, # elems = 181952412380551148684982981688986681853419822
Step 1242 time = 0.021742, # ZDD nodes = 47346, # elems = 176783699109512031890594702303511712250946936
Step 1243 time = 0.021160, # ZDD nodes = 47043, # elems = 171718528733269718770403036683515868529809053
Step 1244 time = 0.021307, # ZDD nodes = 46740, # elems = 166717033909619995794301937532361711063234107
Step 1245 time = 0.021272, # ZDD nodes = 46428, # elems = 161772500614791637969830557791294432720973922
Step 1246 time = 0.020756, # ZDD nodes = 46083, # elems = 156912295134521417484342224233899894055678533
Step 1247 time = 0.020613, # ZDD nodes = 45729, # elems = 152179443552957920859492650682367064371316502
Step 1248 time = 0.020521, # ZDD nodes = 45375, # elems = 147606710313313813912871306595208249783426173
Step 1249 time = 0.020039, # ZDD nodes = 45030, # elems = 143197845099981932935511855476893883130350113
Step 1250 time = 0.019905, # ZDD nodes = 44688, # elems = 138926042516788976090686302137999742073881264
Step 1251 time = 0.019832, # ZDD nodes = 44352, # elems = 134750062228220463530304069684076158968641815
Step 1252 time = 0.019455, # ZDD nodes = 44016, # elems = 130637862079087850741632989866222984756908221
Step 1253 time = 0.019357, # ZDD nodes = 43677, # elems = 126583247242625291915405435697680050276974339
Step 1254 time = 0.019260, # ZDD nodes = 43341, # elems = 122606740279795843021700314726915949912976093
Step 1255 time = 0.018929, # ZDD nodes = 43008, # elems = 118742112410465744674858870339442509467177174
Step 1256 time = 0.018936, # ZDD nodes = 42696, # elems = 115016854705176848480321496491424667857886116
Step 1257 time = 0.018873, # ZDD nodes = 42387, # elems = 111436618820969349743887784298395045534091156
Step 1258 time = 0.018482, # ZDD nodes = 42081, # elems = 107981780013677790441416936473351585467460596
Step 1259 time = 0.018428, # ZDD nodes = 41775, # elems = 104618261485721346898612745829701116453542372
Step 1260 time = 0.018359, # ZDD nodes = 41469, # elems = 101316195660709104906485563001972821724643954
Step 1261 time = 0.017973, # ZDD nodes = 41169, # elems = 98065303733567846022311483405612929501668531
Step 1262 time = 0.017999, # ZDD nodes = 40884, # elems = 94878816761011243777877902426562465047053702
Step 1263 time = 0.017852, # ZDD nodes = 40611, # elems = 91784587251713982267759752780372154173102658
Step 1264 time = 0.017601, # ZDD nodes = 40341, # elems = 88808008631904728760935525973882595856661933
Step 1265 time = 0.017532, # ZDD nodes = 40083, # elems = 85955591373755353209445533286165832698910721
Step 1266 time = 0.017441, # ZDD nodes = 39846, # elems = 83209027120052073989967934877687142344733783
Step 1267 time = 0.017177, # ZDD nodes = 39609, # elems = 80534090373261293304689197410299520159819210
Step 1268 time = 0.017311, # ZDD nodes = 39369, # elems = 77898977924412662285733931016973464869417299
Step 1269 time = 0.017037, # ZDD nodes = 39129, # elems = 75290814775644159659973077843989540006595607
Step 1270 time = 0.016670, # ZDD nodes = 38880, # elems = 72721267879442697417199726438186549132786536
Step 1271 time = 0.016755, # ZDD nodes = 38616, # elems = 70218858577621271826171714630687612254802681
Step 1272 time = 0.016453, # ZDD nodes = 38355, # elems = 67812226335901159786718046334457872770670947
Step 1273 time = 0.016172, # ZDD nodes = 38085, # elems = 65513592903652244485707084078395558323310247
Step 1274 time = 0.016195, # ZDD nodes = 37806, # elems = 63312299369134718751684521907025238011367271
Step 1275 time = 0.015917, # ZDD nodes = 37524, # elems = 61182078659791873584474660355202873147149203
Step 1276 time = 0.015725, # ZDD nodes = 37230, # elems = 59096591041469001040084596969360812942938455
Step 1277 time = 0.015668, # ZDD nodes = 36921, # elems = 57043353545500338856925422332770649780957870
Step 1278 time = 0.015336, # ZDD nodes = 36578, # elems = 55028698121510296374039683499225950605721811
Step 1279 time = 0.015076, # ZDD nodes = 36238, # elems = 53071870130409683829884599165007417302115838
Step 1280 time = 0.015005, # ZDD nodes = 35905, # elems = 51191819771024784679840727299409440456054827
Step 1281 time = 0.014616, # ZDD nodes = 35566, # elems = 49394472793420435484669761471781544930906666
Step 1282 time = 0.014371, # ZDD nodes = 35214, # elems = 47668410340361290649733444325571184091990890
Step 1283 time = 0.014176, # ZDD nodes = 34845, # elems = 45991317924462401208067459337738800236705492
Step 1284 time = 0.013773, # ZDD nodes = 34479, # elems = 44342559364029184041363373644687778558142589
Step 1285 time = 0.013526, # ZDD nodes = 34122, # elems = 42714438236868302489588521473019364729412069
Step 1286 time = 0.013341, # ZDD nodes = 33756, # elems = 41116359609108179579519660200307727333588048
Step 1287 time = 0.013136, # ZDD nodes = 33390, # elems = 39569529418183667466152306134067094108098544
Step 1288 time = 0.012908, # ZDD nodes = 33030, # elems = 38094471351477799366524087414773453175711531
Step 1289 time = 0.012755, # ZDD nodes = 32667, # elems = 36698463974429152408860679004762777580371853
Step 1290 time = 0.012536, # ZDD nodes = 32316, # elems = 35370785571126299141275997940858505526774790
Step 1291 time = 0.012297, # ZDD nodes = 31965, # elems = 34088473394481073962075543797134838757401862
Step 1292 time = 0.012154, # ZDD nodes = 31593, # elems = 32828612209799951546283650718537846910234458
Step 1293 time = 0.012016, # ZDD nodes = 31221, # elems = 31580110227152179726196172443781829299794151
Step 1294 time = 0.011847, # ZDD nodes = 30849, # elems = 30348809466050953038643238536333376217799779
Step 1295 time = 0.011677, # ZDD nodes = 30462, # elems = 29153083999051525694518448173438560731160378
Step 1296 time = 0.011510, # ZDD nodes = 30084, # elems = 28012329403929718081700756600168541722645847
Step 1297 time = 0.011308, # ZDD nodes = 29718, # elems = 26935482922069003020071084921586720246667296
Step 1298 time = 0.011177, # ZDD nodes = 29397, # elems = 25916515773523958427043429419400624146311997
Step 1299 time = 0.015860, # ZDD nodes = 29088, # elems = 24938539926558512914485919128038443982389197
Step 1300 time = 0.020415, # ZDD nodes = 28794, # elems = 23982971929672041606817971227919758551064406
Step 1301 time = 0.010785, # ZDD nodes = 28491, # elems = 23038623841724534535939049724007737637227409
Step 1302 time = 0.015500, # ZDD nodes = 28194, # elems = 22106446135892792685617590152141217898601996
Step 1303 time = 0.010541, # ZDD nodes = 27915, # elems = 21197657684809401225440595963880061613134475
Step 1304 time = 0.010458, # ZDD nodes = 27621, # elems = 20326510224367283216411090178851624450793138
Step 1305 time = 0.010344, # ZDD nodes = 27336, # elems = 19502240150567468725707008727442936571888934
Step 1306 time = 0.010244, # ZDD nodes = 27069, # elems = 18724702560744084704558534653822867438794951
Step 1307 time = 0.010137, # ZDD nodes = 26781, # elems = 17985175449842910681957077573700811574912193
Step 1308 time = 0.010022, # ZDD nodes = 26493, # elems = 17271205231237502006983644312532334038159065
Step 1309 time = 0.009908, # ZDD nodes = 26211, # elems = 16573112645648574198169710986303482387647840
Step 1310 time = 0.009826, # ZDD nodes = 25917, # elems = 15888778942155724816040192852786930006037750
Step 1311 time = 0.009721, # ZDD nodes = 25626, # elems = 15223572525728515141161559360020495839815890
Step 1312 time = 0.009606, # ZDD nodes = 25347, # elems = 14585331950233010854817840580895876156464441
Step 1313 time = 0.009529, # ZDD nodes = 25059, # elems = 13978013833424490534332639176904021525376951
Step 1314 time = 0.009392, # ZDD nodes = 24777, # elems = 13398265070843084977925671272275398661439621
Step 1315 time = 0.009244, # ZDD nodes = 24486, # elems = 12836824079737072876422008499337653408528864
Step 1316 time = 0.009100, # ZDD nodes = 24174, # elems = 12283885802244110808003211258691100595329609
Step 1317 time = 0.008966, # ZDD nodes = 23853, # elems = 11735433041742543853905683450687154388816659
Step 1318 time = 0.008827, # ZDD nodes = 23499, # elems = 11196434549394006073741828479140335268825769
Step 1319 time = 0.008700, # ZDD nodes = 23127, # elems = 10678360344429209619014992989579013478705115
Step 1320 time = 0.008496, # ZDD nodes = 22758, # elems = 10192549263208316460415923482350484460714330
Step 1321 time = 0.008319, # ZDD nodes = 22407, # elems = 9743877667926426862002760404822834252088428
Step 1322 time = 0.008220, # ZDD nodes = 22098, # elems = 9328275059768562578925249243557605307733606
Step 1323 time = 0.008058, # ZDD nodes = 21801, # elems = 8934810816974315938332986041686993065645151
Step 1324 time = 0.007937, # ZDD nodes = 21507, # elems = 8551037705925913962154161763588263269626230
Step 1325 time = 0.007798, # ZDD nodes = 21204, # elems = 8169013812460178788172544813771270195317754
Step 1326 time = 0.012464, # ZDD nodes = 20901, # elems = 7788735149050390962154264296529840007962266
Step 1327 time = 0.007577, # ZDD nodes = 20610, # elems = 7416999344861642250829651210723115105164542
Step 1328 time = 0.011548, # ZDD nodes = 20331, # elems = 7062796537959536991261145662081706507496760
Step 1329 time = 0.009760, # ZDD nodes = 20070, # elems = 6732294981611079984463535071253579089292079
Step 1330 time = 0.007184, # ZDD nodes = 19857, # elems = 6425887728803131784212782813298704008818026
Step 1331 time = 0.007162, # ZDD nodes = 19647, # elems = 6138266435279317917781401406013496463448412
Step 1332 time = 0.007062, # ZDD nodes = 19428, # elems = 5861376567407135372020274465008584740391789
Step 1333 time = 0.006927, # ZDD nodes = 19212, # elems = 5588820960851803218963415861893448400509797
Step 1334 time = 0.006844, # ZDD nodes = 19014, # elems = 5319160028354000300426734599378741597269895
Step 1335 time = 0.006842, # ZDD nodes = 18822, # elems = 5056174666152554668173420985801991673465831
Step 1336 time = 0.006773, # ZDD nodes = 18639, # elems = 4806236266093167839753934004424550328334661
Step 1337 time = 0.006704, # ZDD nodes = 18468, # elems = 4574414484039035657342867691083269148371179
Step 1338 time = 0.006644, # ZDD nodes = 18300, # elems = 4361218123893880572194313455517899873672370
Step 1339 time = 0.006587, # ZDD nodes = 18114, # elems = 4161705446047122906765987690251223876799038
Step 1340 time = 0.006493, # ZDD nodes = 17913, # elems = 3967851406541263973288079109647437522346804
Step 1341 time = 0.006420, # ZDD nodes = 17688, # elems = 3772999944673952402802260718336643483986936
Step 1342 time = 0.006255, # ZDD nodes = 17415, # elems = 3575525726531619013631415897010268414761848
Step 1343 time = 0.006167, # ZDD nodes = 17118, # elems = 3379426777067905981301716269351056716179246
Step 1344 time = 0.006000, # ZDD nodes = 16806, # elems = 3191750948381650711953685142740595885567493
Step 1345 time = 0.005831, # ZDD nodes = 16485, # elems = 3018471510441796558047575461346994640051893
Step 1346 time = 0.005699, # ZDD nodes = 16167, # elems = 2861092301503166844292900790561337677737119
Step 1347 time = 0.015605, # ZDD nodes = 15831, # elems = 2716027183340999518089261180124475065310868
Step 1348 time = 0.005394, # ZDD nodes = 15480, # elems = 2577200832336412652516318049998425365584106
Step 1349 time = 0.005241, # ZDD nodes = 15114, # elems = 2439951491828371074091378142063757625499985
Step 1350 time = 0.014325, # ZDD nodes = 14745, # elems = 2303462439748172102924489015439567712504332
Step 1351 time = 0.004801, # ZDD nodes = 14369, # elems = 2170516226308809811264780282310312419804980
Step 1352 time = 0.004580, # ZDD nodes = 13999, # elems = 2045389552766297272225898028987947086478805
Step 1353 time = 0.004317, # ZDD nodes = 13650, # elems = 1931341940608794010257619347267733192088892
Step 1354 time = 0.004091, # ZDD nodes = 13338, # elems = 1828855069546970369848043791351381250472462
Step 1355 time = 0.003867, # ZDD nodes = 13029, # elems = 1735429954332904428136363580995734231653949
Step 1356 time = 0.003723, # ZDD nodes = 12720, # elems = 1647058927857948775629758824934757331435299
Step 1357 time = 0.003566, # ZDD nodes = 12405, # elems = 1560426530617873803908387832286016009785824
Step 1358 time = 0.003433, # ZDD nodes = 12108, # elems = 1474468701245372945886430569185089005325812
Step 1359 time = 0.003301, # ZDD nodes = 11823, # elems = 1390532547919635384437017429114296222896499
Step 1360 time = 0.003237, # ZDD nodes = 11532, # elems = 1311196310798182138436537045957018142624489
Step 1361 time = 0.003094, # ZDD nodes = 11247, # elems = 1238341359055410623279296602302424902532333
Step 1362 time = 0.003022, # ZDD nodes = 10989, # elems = 1171564614566662787256719454224741070527259
Step 1363 time = 0.002946, # ZDD nodes = 10734, # elems = 1108126038208885858341791131898549549375001
Step 1364 time = 0.002833, # ZDD nodes = 10473, # elems = 1044635961929749198474157342994316297965417
Step 1365 time = 0.002715, # ZDD nodes = 10203, # elems = 979255189718803518394009869679692752659908
Step 1366 time = 0.002619, # ZDD nodes = 9909, # elems = 912846041125430454880310717294881585838031
Step 1367 time = 0.002481, # ZDD nodes = 9600, # elems = 848472153203746286261326027549373128949376
Step 1368 time = 0.002381, # ZDD nodes = 9291, # elems = 789706687820375180172994530777141446265030
Step 1369 time = 0.002274, # ZDD nodes = 8991, # elems = 738704734204185562978727267364035163395694
Step 1370 time = 0.002175, # ZDD nodes = 8721, # elems = 695091600013946006329706511970601061776256
Step 1371 time = 0.002082, # ZDD nodes = 8463, # elems = 656318039142349828067011668983773493669079
Step 1372 time = 0.002009, # ZDD nodes = 8217, # elems = 619166117526797461456829903521267809806364
Step 1373 time = 0.001925, # ZDD nodes = 7968, # elems = 581360511870049139761914184328027722992393
Step 1374 time = 0.001980, # ZDD nodes = 7725, # elems = 542471988575575136892195721066595190098193
Step 1375 time = 0.001900, # ZDD nodes = 7485, # elems = 503945384019790581859403469780770879681658
Step 1376 time = 0.001853, # ZDD nodes = 7245, # elems = 468340082089797379450943354150164087168875
Step 1377 time = 0.001786, # ZDD nodes = 7017, # elems = 437980067425852365020791980149240608660122
Step 1378 time = 0.001736, # ZDD nodes = 6828, # elems = 413600937329896892491844752286407520429331
Step 1379 time = 0.001672, # ZDD nodes = 6636, # elems = 393779955785469418182470729702929305879429
Step 1380 time = 0.001623, # ZDD nodes = 6444, # elems = 375478019165558102525338264610351260966875
Step 1381 time = 0.001557, # ZDD nodes = 6237, # elems = 355386358900598184035405982650157653135358
Step 1382 time = 0.001495, # ZDD nodes = 6030, # elems = 331475391475586092489911204900310215157188
Step 1383 time = 0.001438, # ZDD nodes = 5841, # elems = 304025122368465876887618692558744496187354
Step 1384 time = 0.001388, # ZDD nodes = 5667, # elems = 275463549840193356750764517562664117609631
Step 1385 time = 0.001371, # ZDD nodes = 5496, # elems = 248969476123358539467208148457495248614401
Step 1386 time = 0.001325, # ZDD nodes = 5334, # elems = 226741380144353404250277829753893326918931
Step 1387 time = 0.001281, # ZDD nodes = 5184, # elems = 209071432716876267252920716329646278904350
Step 1388 time = 0.001250, # ZDD nodes = 5016, # elems = 194635234288479244289813549571491970551550
Step 1389 time = 0.001208, # ZDD nodes = 4839, # elems = 181583856580109632377802196703199936441020
Step 1390 time = 0.001161, # ZDD nodes = 4656, # elems = 168720838820335256903048239311288876381891
Step 1391 time = 0.001103, # ZDD nodes = 4467, # elems = 156097275419324039913117730851138774723951
Step 1392 time = 0.001068, # ZDD nodes = 4284, # elems = 144668347989381857463898281752492116672959
Step 1393 time = 0.001016, # ZDD nodes = 4107, # elems = 135293943012739492903515418619581099163244
Step 1394 time = 0.000991, # ZDD nodes = 3972, # elems = 127879373626109566881916177310888052784683
Step 1395 time = 0.000965, # ZDD nodes = 3852, # elems = 121266905376877655226076092627128411516286
Step 1396 time = 0.000932, # ZDD nodes = 3735, # elems = 113855782835378104898161862861060205351798
Step 1397 time = 0.000917, # ZDD nodes = 3618, # elems = 104509763642162363697537918314471401369743
Step 1398 time = 0.000892, # ZDD nodes = 3513, # elems = 93231889131168998412749857407325093876656
Step 1399 time = 0.000862, # ZDD nodes = 3411, # elems = 81192667357554413728713658702750844980974
Step 1400 time = 0.000828, # ZDD nodes = 3309, # elems = 70081457946394508456224391209582105486005
Step 1401 time = 0.000809, # ZDD nodes = 3210, # elems = 61263414324913961747116332368586473118426
Step 1402 time = 0.000778, # ZDD nodes = 3114, # elems = 55286584868842508897306317457113541915844
Step 1403 time = 0.000751, # ZDD nodes = 3018, # elems = 51826560624733025795263848345766585847859
Step 1404 time = 0.000734, # ZDD nodes = 2925, # elems = 49860845122439358131958736242953299057404
Step 1405 time = 0.000712, # ZDD nodes = 2832, # elems = 48011308576598941791095483782730214776586
Step 1406 time = 0.000687, # ZDD nodes = 2754, # elems = 45076218570286086392023301957013336016542
t found
a YES
a 6 12 18 27 33 42 48 57 63 72 78 87 93 102 108 117 123 132 138 147 153 162 168 177 183 192 198 207 213 222 228 237 243 252 258 267 273 282 288 297 303 312 318 327 333 342 348 357 363 372 378 387 393 402 408 417 423 432 438 447 453 462 468 477 483 492 498 507 513 522 528 537 543 552
a 1 12 18 27 33 42 48 57 63 72 78 87 93 102 108 117 123 132 138 147 153 162 168 177 183 192 198 207 213 222 228 237 243 252 258 267 273 282 288 297 303 312 318 327 333 342 348 357 363 372 378 387 393 402 408 417 423 432 438 447 453 462 468 477 483 492 498 507 513 522 528 537 543 552
a 1 7 18 27 33 42 48 57 63 72 78 87 93 102 108 117 123 132 138 147 153 162 168 177 183 192 198 207 213 222 228 237 243 252 258 267 273 282 288 297 303 312 318 327 333 342 348 357 363 372 378 387 393 402 408 417 423 432 438 447 453 462 468 477 483 492 498 507 513 522 528 537 543 552
a 1 7 13 27 33 42 48 57 63 72 78 87 93 102 108 117 123 132 138 147 153 162 168 177 183 192 198 207 213 222 228 237 243 252 258 267 273 282 288 297 303 312 318 327 333 342 348 357 363 372 378 387 393 402 408 417 423 432 438 447 453 462 468 477 483 492 498 507 513 522 528 537 543 552
a 1 7 13 22 33 42 48 57 63 72 78 87 93 102 108 117 123 132 138 147 153 162 168 177 183 192 198 207 213 222 228 237 243 252 258 267 273 282 288 297 303 312 318 327 333 342 348 357 363 372 378 387 393 402 408 417 423 432 438 447 453 462 468 477 483 492 498 507 513 522 528 537 543 552
a 1 7 19 22 33 42 48 57 63 72 78 87 93 102 108 117 123 132 138 147 153 162 168 177 183 192 198 207 213 222 228 237 243 252 258 267 273 282 288 297 303 312 318 327 333 342 348 357 363 372 378 387 393 402 408 417 423 432 438 447 453 462 468 477 483 492 498 507 513 522 528 537 543 552
a 1 10 19 22 33 42 48 57 63 72 78 87 93 102 108 117 123 132 138 147 153 162 168 177 183 192 198 207 213 222 228 237 243 252 258 267 273 282 288 297 303 312 318 327 333 342 348 357 363 372 378 387 393 402 408 417 423 432 438 447 453 462 468 477 483 492 498 507 513 522 528 537 543 552
a 4 10 19 22 33 42 48 57 63 72 78 87 93 102 108 117 123 132 138 147 153 162 168 177 183 192 198 207 213 222 228 237 243 252 258 267 273 282 288 297 303 312 318 327 333 342 348 357 363 372 378 387 393 402 408 417 423 432 438 447 453 462 468 477 483 492 498 507 513 522 528 537 543 552
a 4 10 19 22 28 42 48 57 63 72 78 87 93 102 108 117 123 132 138 147 153 162 168 177 183 192 198 207 213 222 228 237 243 252 258 267 273 282 288 297 303 312 318 327 333 342 348 357 363 372 378 387 393 402 408 417 423 432 438 447 453 462 468 477 483 492 498 507 513 522 528 537 543 552
a 4 10 19 22 28 37 48 57 63 72 78 87 93 102 108 117 123 132 138 147 153 162 168 177 183 192 198 207 213 222 228 237 243 252 258 267 273 282 288 297 303 312 318 327 333 342 348 357 363 372 378 387 393 402 408 417 423 432 438 447 453 462 468 477 483 492 498 507 513 522 528 537 543 552
a 4 10 19 22 28 37 43 57 63 72 78 87 93 102 108 117 123 132 138 147 153 162 168 177 183 192 198 207 213 222 228 237 243 252 258 267 273 282 288 297 303 312 318 327 333 342 348 357 363 372 378 387 393 402 408 417 423 432 438 447 453 462 468 477 483 492 498 507 513 522 528 537 543 552
a 4 10 19 22 28 37 43 52 63 72 78 87 93 102 108 117 123 132 138 147 153 162 168 177 183 192 198 207 213 222 228 237 243 252 258 267 273 282 288 297 303 312 318 327 333 342 348 357 363 372 378 387 393 402 408 417 423 432 438 447 453 462 468 477 483 492 498 507 513 522 528 537 543 552
a 4 10 19 22 28 37 49 52 63 72 78 87 93 102 108 117 123 132 138 147 153 162 168 177 183 192 198 207 213 222 228 237 243 252 258 267 273 282 288 297 303 312 318 327 333 342 348 357 363 372 378 387 393 402 408 417 423 432 438 447 453 462 468 477 483 492 498 507 513 522 528 537 543 552
a 4 10 19 22 28 40 49 52 63 72 78 87 93 102 108 117 123 132 138 147 153 162 168 177 183 192 198 207 213 222 228 237 243 252 258 267 273 282 288 297 303 312 318 327 333 342 348 357 363 372 378 387 393 402 408 417 423 432 438 447 453 462 468 477 483 492 498 507 513 522 528 537 543 552
a 4 10 19 22 31 40 49 52 63 72 78 87 93 102 108 117 123 132 138 147 153 162 168 177 183 192 198 207 213 222 228 237 243 252 258 267 273 282 288 297 303 312 318 327 333 342 348 357 363 372 378 387 393 402 408 417 423 432 438 447 453 462 468 477 483 492 498 507 513 522 528 537 543 552
a 1 10 19 22 31 40 49 52 63 72 78 87 93 102 108 117 123 132 138 147 153 162 168 177 183 192 198 207 213 222 228 237 243 252 258 267 273 282 288 297 303 312 318 327 333 342 348 357 363 372 378 387 393 402 408 417 423 432 438 447 453 462 468 477 483 492 498 507 513 522 528 537 543 552
a 1 7 19 22 31 40 49 52 63 72 78 87 93 102 108 117 123 132 138 147 153 162 168 177 183 192 198 207 213 222 228 237 243 252 258 267 273 282 288 297 303 312 318 327 333 342 348 357 363 372 378 387 393 402 408 417 423 432 438 447 453 462 468 477 483 492 498 507 513 522 528 537 543 552
a 1 7 13 22 31 40 49 52 63 72 78 87 93 102 108 117 123 132 138 147 153 162 168 177 183 192 198 207 213 222 228 237 243 252 258 267 273 282 288 297 303 312 318 327 333 342 348 357 363 372 378 387 393 402 408 417 423 432 438 447 453 462 468 477 483 492 498 507 513 522 528 537 543 552
a 1 7 13 25 31 40 49 52 63 72 78 87 93 102 108 117 123 132 138 147 153 162 168 177 183 192 198 207 213 222 228 237 243 252 258 267 273 282 288 297 303 312 318 327 333 342 348 357 363 372 378 387 393 402 408 417 423 432 438 447 453 462 468 477 483 492 498 507 513 522 528 537 543 552
a 1 7 13 25 31 40 49 52 58 72 78 87 93 102 108 117 123 132 138 147 153 162 168 177 183 192 198 207 213 222 228 237 243 252 258 267 273 282 288 297 303 312 318 327 333 342 348 357 363 372 378 387 393 402 408 417 423 432 438 447 453 462 468 477 483 492 498 507 513 522 528 537 543 552
a 1 7 13 25 31 40 49 52 58 67 78 87 93 102 108 117 123 132 138 147 153 162 168 177 183 192 198 207 213 222 228 237 243 252 258 267 273 282 288 297 303 312 318 327 333 342 348 357 363 372 378 387 393 402 408 417 423 432 438 447 453 462 468 477 483 492 498 507 513 522 528 537 543 552
a 1 7 13 25 31 40 49 52 58 67 73 87 93 102 108 117 123 132 138 147 153 162 168 177 183 192 198 207 213 222 228 237 243 252 258 267 273 282 288 297 303 312 318 327 333 342 348 357 363 372 378 387 393 402 408 417 423 432 438 447 453 462 468 477 483 492 498 507 513 522 528 537 543 552
a 1 7 13 25 31 40 49 52 58 67 73 82 93 102 108 117 123 132 138 147 153 162 168 177 183 192 198 207 213 222 228 237 243 252 258 267 273 282 288 297 303 312 318 327 333 342 348 357 363 372 378 387 393 402 408 417 423 432 438 447 453 462 468 477 483 492 498 507 513 522 528 537 543 552
a 1 7 13 25 31 40 49 52 58 67 79 82 93 102 108 117 123 132 138 147 153 162 168 177 183 192 198 207 213 222 228 237 243 252 258 267 273 282 288 297 303 312 318 327 333 342 348 357 363 372 378 387 393 402 408 417 423 432 438 447 453 462 468 477 483 492 498 507 513 522 528 537 543 552
a 1 7 13 25 31 40 49 52 58 70 79 82 93 102 108 117 123 132 138 147 153 162 168 177 183 192 198 207 213 222 228 237 243 252 258 267 273 282 288 297 303 312 318 327 333 342 348 357 363 372 378 387 393 402 408 417 423 432 438 447 453 462 468 477 483 492 498 507 513 522 528 537 543 552
a 1 7 13 25 31 40 49 52 61 70 79 82 93 102 108 117 123 132 138 147 153 162 168 177 183 192 198 207 213 222 228 237 243 252 258 267 273 282 288 297 303 312 318 327 333 342 348 357 363 372 378 387 393 402 408 417 423 432 438 447 453 462 468 477 483 492 498 507 513 522 528 537 543 552
a 1 7 13 22 31 40 49 52 61 70 79 82 93 102 108 117 123 132 138 147 153 162 168 177 183 192 198 207 213 222 228 237 243 252 258 267 273 282 288 297 303 312 318 327 333 342 348 357 363 372 378 387 393 402 408 417 423 432 438 447 453 462 468 477 483 492 498 507 513 522 528 537 543 552
a 1 7 19 22 31 40 49 52 61 70 79 82 93 102 108 117 123 132 138 147 153 162 168 177 183 192 198 207 213 222 228 237 243 252 258 267 273 282 288 297 303 312 318 327 333 342 348 357 363 372 378 387 393 402 408 417 423 432 438 447 453 462 468 477 483 492 498 507 513 522 528 537 543 552
a 1 10 19 22 31 40 49 52 61 70 79 82 93 102 108 117 123 132 138 147 153 162 168 177 183 192 198 207 213 222 228 237 243 252 258 267 273 282 288 297 303 312 318 327 333 342 348 357 363 372 378 387 393 402 408 417 423 432 438 447 453 462 468 477 483 492 498 507 513 522 528 537 543 552
a 4 10 19 22 31 40 49 52 61 70 79 82 93 102 108 117 123 132 138 147 153 162 168 177 183 192 198 207 213 222 228 237 243 252 258 267 273 282 288 297 303 312 318 327 333 342 348 357 363 372 378 387 393 402 408 417 423 432 438 447 453 462 468 477 483 492 498 507 513 522 528 537 543 552
a 4 10 19 22 28 40 49 52 61 70 79 82 93 102 108 117 123 132 138 147 153 162 168 177 183 192 198 207 213 222 228 237 243 252 258 267 273 282 288 297 303 312 318 327 333 342 348 357 363 372 378 387 393 402 408 417 423 432 438 447 453 462 468 477 483 492 498 507 513 522 528 537 543 552
a 4 10 19 22 28 37 49 52 61 70 79 82 93 102 108 117 123 132 138 147 153 162 168 177 183 192 198 207 213 222 228 237 243 252 258 267 273 282 288 297 303 312 318 327 333 342 348 357 363 372 378 387 393 402 408 417 423 432 438 447 453 462 468 477 483 492 498 507 513 522 528 537 543 552
a 4 10 19 22 28 37 43 52 61 70 79 82 93 102 108 117 123 132 138 147 153 162 168 177 183 192 198 207 213 222 228 237 243 252 258 267 273 282 288 297 303 312 318 327 333 342 348 357 363 372 378 387 393 402 408 417 423 432 438 447 453 462 468 477 483 492 498 507 513 522 528 537 543 552
a 4 10 19 22 28 37 43 55 61 70 79 82 93 102 108 117 123 132 138 147 153 162 168 177 183 192 198 207 213 222 228 237 243 252 258 267 273 282 288 297 303 312 318 327 333 342 348 357 363 372 378 387 393 402 408 417 423 432 438 447 453 462 468 477 483 492 498 507 513 522 528 537 543 552
a 4 10 19 22 28 37 43 55 61 70 79 82 88 102 108 117 123 132 138 147 153 162 168 177 183 192 198 207 213 222 228 237 243 252 258 267 273 282 288 297 303 312 318 327 333 342 348 357 363 372 378 387 393 402 408 417 423 432 438 447 453 462 468 477 483 492 498 507 513 522 528 537 543 552
a 4 10 19 22 28 37 43 55 61 70 79 82 88 97 108 117 123 132 138 147 153 162 168 177 183 192 198 207 213 222 228 237 243 252 258 267 273 282 288 297 303 312 318 327 333 342 348 357 363 372 378 387 393 402 408 417 423 432 438 447 453 462 468 477 483 492 498 507 513 522 528 537 543 552
a 4 10 19 22 28 37 43 55 61 70 79 82 88 97 103 117 123 132 138 147 153 162 168 177 183 192 198 207 213 222 228 237 243 252 258 267 273 282 288 297 303 312 318 327 333 342 348 357 363 372 378 387 393 402 408 417 423 432 438 447 453 462 468 477 483 492 498 507 513 522 528 537 543 552
a 4 10 19 22 28 37 43 55 61 70 79 82 88 97 103 112 123 132 138 147 153 162 168 177 183 192 198 207 213 222 228 237 243 252 258 267 273 282 288 297 303 312 318 327 333 342 348 357 363 372 378 387 393 402 408 417 423 432 438 447 453 462 468 477 483 492 498 507 513 522 528 537 543 552
a 4 10 19 22 28 37 43 55 61 70 79 82 88 97 109 112 123 132 138 147 153 162 168 177 183 192 198 207 213 222 228 237 243 252 258 267 273 282 288 297 303 312 318 327 333 342 348 357 363 372 378 387 393 402 408 417 423 432 438 447 453 462 468 477 483 492 498 507 513 522 528 537 543 552
a 4 10 19 22 28 37 43 55 61 70 79 82 88 100 109 112 123 132 138 147 153 162 168 177 183 192 198 207 213 222 228 237 243 252 258 267 273 282 288 297 303 312 318 327 333 342 348 357 363 372 378 387 393 402 408 417 423 432 438 447 453 462 468 477 483 492 498 507 513 522 528 537 543 552
a 4 10 19 22 28 37 43 55 61 70 79 82 91 100 109 112 123 132 138 147 153 162 168 177 183 192 198 207 213 222 228 237 243 252 258 267 273 282 288 297 303 312 318 327 333 342 348 357 363 372 378 387 393 402 408 417 423 432 438 447 453 462 468 477 483 492 498 507 513 522 528 537 543 552
a 4 10 19 22 28 37 43 52 61 70 79 82 91 100 109 112 123 132 138 147 153 162 168 177 183 192 198 207 213 222 228 237 243 252 258 267 273 282 288 297 303 312 318 327 333 342 348 357 363 372 378 387 393 402 408 417 423 432 438 447 453 462 468 477 483 492 498 507 513 522 528 537 543 552
a 4 10 19 22 28 37 49 52 61 70 79 82 91 100 109 112 123 132 138 147 153 162 168 177 183 192 198 207 213 222 228 237 243 252 258 267 273 282 288 297 303 312 318 327 333 342 348 357 363 372 378 387 393 402 408 417 423 432 438 447 453 462 468 477 483 492 498 507 513 522 528 537 543 552
a 4 10 19 22 28 40 49 52 61 70 79 82 91 100 109 112 123 132 138 147 153 162 168 177 183 192 198 207 213 222 228 237 243 252 258 267 273 282 288 297 303 312 318 327 333 342 348 357 363 372 378 387 393 402 408 417 423 432 438 447 453 462 468 477 483 492 498 507 513 522 528 537 543 552
a 4 10 19 22 31 40 49 52 61 70 79 82 91 100 109 112 123 132 138 147 153 162 168 177 183 192 198 207 213 222 228 237 243 252 258 267 273 282 288 297 303 312 318 327 333 342 348 357 363 372 378 387 393 402 408 417 423 432 438 447 453 462 468 477 483 492 498 507 513 522 528 537 543 552
a 1 10 19 22 31 40 49 52 61 70 79 82 91 100 109 112 123 132 138 147 153 162 168 177 183 192 198 207 213 222 228 237 243 252 258 267 273 282 288 297 303 312 318 327 333 342 348 357 363 372 378 387 393 402 408 417 423 432 438 447 453 462 468 477 483 492 498 507 513 522 528 537 543 552
a 1 7 19 22 31 40 49 52 61 70 79 82 91 100 109 112 123 132 138 147 153 162 168 177 183 192 198 207 213 222 228 237 243 252 258 267 273 282 288 297 303 312 318 327 333 342 348 357 363 372 378 387 393 402 408 417 423 432 438 447 453 462 468 477 483 492 498 507 513 522 528 537 543 552
a 1 7 13 22 31 40 49 52 61 70 79 82 91 100 109 112 123 132 138 147 153 162 168 177 183 192 198 207 213 222 228 237 243 252 258 267 273 282 288 297 303 312 318 327 333 342 348 357 363 372 378 387 393 402 408 417 423 432 438 447 453 462 468 477 483 492 498 507 513 522 528 537 543 552
a 1 7 13 25 31 40 49 52 61 70 79 82 91 100 109 112 123 132 138 147 153 162 168 177 183 192 198 207 213 222 228 237 243 252 258 267 273 282 288 297 303 312 318 327 333 342 348 357 363 372 378 387 393 402 408 417 423 432 438 447 453 462 468 477 483 492 498 507 513 522 528 537 543 552
a 1 7 13 25 31 40 49 52 58 70 79 82 91 100 109 112 123 132 138 147 153 162 168 177 183 192 198 207 213 222 228 237 243 252 258 267 273 282 288 297 303 312 318 327 333 342 348 357 363 372 378 387 393 402 408 417 423 432 438 447 453 462 468 477 483 492 498 507 513 522 528 537 543 552
a 1 7 13 25 31 40 49 52 58 67 79 82 91 100 109 112 123 132 138 147 153 162 168 177 183 192 198 207 213 222 228 237 243 252 258 267 273 282 288 297 303 312 318 327 333 342 348 357 363 372 378 387 393 402 408 417 423 432 438 447 453 462 468 477 483 492 498 507 513 522 528 537 543 552
a 1 7 13 25 31 40 49 52 58 67 73 82 91 100 109 112 123 132 138 147 153 162 168 177 183 192 198 207 213 222 228 237 243 252 258 267 273 282 288 297 303 312 318 327 333 342 348 357 363 372 378 387 393 402 408 417 423 432 438 447 453 462 468 477 483 492 498 507 513 522 528 537 543 552
a 1 7 13 25 31 40 49 52 58 67 73 85 91 100 109 112 123 132 138 147 153 162 168 177 183 192 198 207 213 222 228 237 243 252 258 267 273 282 288 297 303 312 318 327 333 342 348 357 363 372 378 387 393 402 408 417 423 432 438 447 453 462 468 477 483 492 498 507 513 522 528 537 543 552
a 1 7 13 25 31 40 49 52 58 67 73 85 91 100 109 112 118 132 138 147 153 162 168 177 183 192 198 207 213 222 228 237 243 252 258 267 273 282 288 297 303 312 318 327 333 342 348 357 363 372 378 387 393 402 408 417 423 432 438 447 453 462 468 477 483 492 498 507 513 522 528 537 543 552
a 1 7 13 25 31 40 49 52 58 67 73 85 91 100 109 112 118 127 138 147 153 162 168 177 183 192 198 207 213 222 228 237 243 252 258 267 273 282 288 297 303 312 318 327 333 342 348 357 363 372 378 387 393 402 408 417 423 432 438 447 453 462 468 477 483 492 498 507 513 522 528 537 543 552
a 1 7 13 25 31 40 49 52 58 67 73 85 91 100 109 112 118 127 133 147 153 162 168 177 183 192 198 207 213 222 228 237 243 252 258 267 273 282 288 297 303 312 318 327 333 342 348 357 363 372 378 387 393 402 408 417 423 432 438 447 453 462 468 477 483 492 498 507 513 522 528 537 543 552
a 1 7 13 25 31 40 49 52 58 67 73 85 91 100 109 112 118 127 133 142 153 162 168 177 183 192 198 207 213 222 228 237 243 252 258 267 273 282 288 297 303 312 318 327 333 342 348 357 363 372 378 387 393 402 408 417 423 432 438 447 453 462 468 477 483 492 498 507 513 522 528 537 543 552
a 1 7 13 25 31 40 49 52 58 67 73 85 91 100 109 112 118 127 139 142 153 162 168 177 183 192 198 207 213 222 228 237 243 252 258 267 273 282 288 297 303 312 318 327 333 342 348 357 363 372 378 387 393 402 408 417 423 432 438 447 453 462 468 477 483 492 498 507 513 522 528 537 543 552
a 1 7 13 25 31 40 49 52 58 67 73 85 91 100 109 112 118 130 139 142 153 162 168 177 183 192 198 207 213 222 228 237 243 252 258 267 273 282 288 297 303 312 318 327 333 342 348 357 363 372 378 387 393 402 408 417 423 432 438 447 453 462 468 477 483 492 498 507 513 522 528 537 543 552
a 1 7 13 25 31 40 49 52 58 67 73 85 91 100 109 112 121 130 139 142 153 162 168 177 183 192 198 207 213 222 228 237 243 252 258 267 273 282 288 297 303 312 318 327 333 342 348 357 363 372 378 387 393 402 408 417 423 432 438 447 453 462 468 477 483 492 498 507 513 522 528 537 543 552
a 1 7 13 25 31 40 49 52 58 67 73 82 91 100 109 112 121 130 139 142 153 162 168 177 183 192 198 207 213 222 228 237 243 252 258 267 273 282 288 297 303 312 318 327 333 342 348 357 363 372 378 387 393 402 408 417 423 432 438 447 453 462 468 477 483 492 498 507 513 522 528 537 543 552
a 1 7 13 25 31 40 49 52 58 67 79 82 91 100 109 112 121 130 139 142 153 162 168 177 183 192 198 207 213 222 228 237 243 252 258 267 273 282 288 297 303 312 318 327 333 342 348 357 363 372 378 387 393 402 408 417 423 432 438 447 453 462 468 477 483 492 498 507 513 522 528 537 543 552
a 1 7 13 25 31 40 49 52 58 70 79 82 91 100 109 112 121 130 139 142 153 162 168 177 183 192 198 207 213 222 228 237 243 252 258 267 273 282 288 297 303 312 318 327 333 342 348 357 363 372 378 387 393 402 408 417 423 432 438 447 453 462 468 477 483 492 498 507 513 522 528 537 543 552
a 1 7 13 25 31 40 49 52 61 70 79 82 91 100 109 112 121 130 139 142 153 162 168 177 183 192 198 207 213 222 228 237 243 252 258 267 273 282 288 297 303 312 318 327 333 342 348 357 363 372 378 387 393 402 408 417 423 432 438 447 453 462 468 477 483 492 498 507 513 522 528 537 543 552
a 1 7 13 22 31 40 49 52 61 70 79 82 91 100 109 112 121 130 139 142 153 162 168 177 183 192 198 207 213 222 228 237 243 252 258 267 273 282 288 297 303 312 318 327 333 342 348 357 363 372 378 387 393 402 408 417 423 432 438 447 453 462 468 477 483 492 498 507 513 522 528 537 543 552
a 1 7 19 22 31 40 49 52 61 70 79 82 91 100 109 112 121 130 139 142 153 162 168 177 183 192 198 207 213 222 228 237 243 252 258 267 273 282 288 297 303 312 318 327 333 342 348 357 363 372 378 387 393 402 408 417 423 432 438 447 453 462 468 477 483 492 498 507 513 522 528 537 543 552
a 1 10 19 22 31 40 49 52 61 70 79 82 91 100 109 112 121 130 139 142 153 162 168 177 183 192 198 207 213 222 228 237 243 252 258 267 273 282 288 297 303 312 318 327 333 342 348 357 363 372 378 387 393 402 408 417 423 432 438 447 453 462 468 477 483 492 498 507 513 522 528 537 543 552
a 4 10 19 22 31 40 49 52 61 70 79 82 91 100 109 112 121 130 139 142 153 162 168 177 183 192 198 207 213 222 228 237 243 252 258 267 273 282 288 297 303 312 318 327 333 342 348 357 363 372 378 387 393 402 408 417 423 432 438 447 453 462 468 477 483 492 498 507 513 522 528 537 543 552
a 4 10 19 22 28 40 49 52 61 70 79 82 91 100 109 112 121 130 139 142 153 162 168 177 183 192 198 207 213 222 228 237 243 252 258 267 273 282 288 297 303 312 318 327 333 342 348 357 363 372 378 387 393 402 408 417 423 432 438 447 453 462 468 477 483 492 498 507 513 522 528 537 543 552
a 4 10 19 22 28 37 49 52 61 70 79 82 91 100 109 112 121 130 139 142 153 162 168 177 183 192 198 207 213 222 228 237 243 252 258 267 273 282 288 297 303 312 318 327 333 342 348 357 363 372 378 387 393 402 408 417 423 432 438 447 453 462 468 477 483 492 498 507 513 522 528 537 543 552
a 4 10 19 22 28 37 43 52 61 70 79 82 91 100 109 112 121 130 139 142 153 162 168 177 183 192 198 207 213 222 228 237 243 252 258 267 273 282 288 297 303 312 318 327 333 342 348 357 363 372 378 387 393 402 408 417 423 432 438 447 453 462 468 477 483 492 498 507 513 522 528 537 543 552
a 4 10 19 22 28 37 43 55 61 70 79 82 91 100 109 112 121 130 139 142 153 162 168 177 183 192 198 207 213 222 228 237 243 252 258 267 273 282 288 297 303 312 318 327 333 342 348 357 363 372 378 387 393 402 408 417 423 432 438 447 453 462 468 477 483 492 498 507 513 522 528 537 543 552
a 4 10 19 22 28 37 43 55 61 70 79 82 88 100 109 112 121 130 139 142 153 162 168 177 183 192 198 207 213 222 228 237 243 252 258 267 273 282 288 297 303 312 318 327 333 342 348 357 363 372 378 387 393 402 408 417 423 432 438 447 453 462 468 477 483 492 498 507 513 522 528 537 543 552
a 4 10 19 22 28 37 43 55 61 70 79 82 88 97 109 112 121 130 139 142 153 162 168 177 183 192 198 207 213 222 228 237 243 252 258 267 273 282 288 297 303 312 318 327 333 342 348 357 363 372 378 387 393 402 408 417 423 432 438 447 453 462 468 477 483 492 498 507 513 522 528 537 543 552
a 4 10 19 22 28 37 43 55 61 70 79 82 88 97 103 112 121 130 139 142 153 162 168 177 183 192 198 207 213 222 228 237 243 252 258 267 273 282 288 297 303 312 318 327 333 342 348 357 363 372 378 387 393 402 408 417 423 432 438 447 453 462 468 477 483 492 498 507 513 522 528 537 543 552
a 4 10 19 22 28 37 43 55 61 70 79 82 88 97 103 115 121 130 139 142 153 162 168 177 183 192 198 207 213 222 228 237 243 252 258 267 273 282 288 297 303 312 318 327 333 342 348 357 363 372 378 387 393 402 408 417 423 432 438 447 453 462 468 477 483 492 498 507 513 522 528 537 543 552
a 4 10 19 22 28 37 43 55 61 70 79 82 88 97 103 115 121 130 139 142 148 162 168 177 183 192 198 207 213 222 228 237 243 252 258 267 273 282 288 297 303 312 318 327 333 342 348 357 363 372 378 387 393 402 408 417 423 432 438 447 453 462 468 477 483 492 498 507 513 522 528 537 543 552
a 4 10 19 22 28 37 43 55 61 70 79 82 88 97 103 115 121 130 139 142 148 157 168 177 183 192 198 207 213 222 228 237 243 252 258 267 273 282 288 297 303 312 318 327 333 342 348 357 363 372 378 387 393 402 408 417 423 432 438 447 453 462 468 477 483 492 498 507 513 522 528 537 543 552
a 4 10 19 22 28 37 43 55 61 70 79 82 88 97 103 115 121 130 139 142 148 157 163 177 183 192 198 207 213 222 228 237 243 252 258 267 273 282 288 297 303 312 318 327 333 342 348 357 363 372 378 387 393 402 408 417 423 432 438 447 453 462 468 477 483 492 498 507 513 522 528 537 543 552
a 4 10 19 22 28 37 43 55 61 70 79 82 88 97 103 115 121 130 139 142 148 157 163 172 183 192 198 207 213 222 228 237 243 252 258 267 273 282 288 297 303 312 318 327 333 342 348 357 363 372 378 387 393 402 408 417 423 432 438 447 453 462 468 477 483 492 498 507 513 522 528 537 543 552
a 4 10 19 22 28 37 43 55 61 70 79 82 88 97 103 115 121 130 139 142 148 157 169 172 183 192 198 207 213 222 228 237 243 252 258 267 273 282 288 297 303 312 318 327 333 342 348 357 363 372 378 387 393 402 408 417 423 432 438 447 453 462 468 477 483 492 498 507 513 522 528 537 543 552
a 4 10 19 22 28 37 43 55 61 70 79 82 88 97 103 115 121 130 139 142 148 160 169 172 183 192 198 207 213 222 228 237 243 252 258 267 273 282 288 297 303 312 318 327 333 342 348 357 363 372 378 387 393 402 408 417 423 432 438 447 453 462 468 477 483 492 498 507 513 522 528 537 543 552
a 4 10 19 22 28 37 43 55 61 70 79 82 88 97 103 115 121 130 139 142 151 160 169 172 183 192 198 207 213 222 228 237 243 252 258 267 273 282 288 297 303 312 318 327 333 342 348 357 363 372 378 387 393 402 408 417 423 432 438 447 453 462 468 477 483 492 498 507 513 522 528 537 543 552
a 4 10 19 22 28 37 43 55 61 70 79 82 88 97 103 112 121 130 139 142 151 160 169 172 183 192 198 207 213 222 228 237 243 252 258 267 273 282 288 297 303 312 318 327 333 342 348 357 363 372 378 387 393 402 408 417 423 432 438 447 453 462 468 477 483 492 498 507 513 522 528 537 543 552
a 4 10 19 22 28 37 43 55 61 70 79 82 88 97 109 112 121 130 139 142 151 160 169 172 183 192 198 207 213 222 228 237 243 252 258 267 273 282 288 297 303 312 318 327 333 342 348 357 363 372 378 387 393 402 408 417 423 432 438 447 453 462 468 477 483 492 498 507 513 522 528 537 543 552
a 4 10 19 22 28 37 43 55 61 70 79 82 88 100 109 112 121 130 139 142 151 160 169 172 183 192 198 207 213 222 228 237 243 252 258 267 273 282 288 297 303 312 318 327 333 342 348 357 363 372 378 387 393 402 408 417 423 432 438 447 453 462 468 477 483 492 498 507 513 522 528 537 543 552
a 4 10 19 22 28 37 43 55 61 70 79 82 91 100 109 112 121 130 139 142 151 160 169 172 183 192 198 207 213 222 228 237 243 252 258 267 273 282 288 297 303 312 318 327 333 342 348 357 363 372 378 387 393 402 408 417 423 432 438 447 453 462 468 477 483 492 498 507 513 522 528 537 543 552
a 4 10 19 22 28 37 43 52 61 70 79 82 91 100 109 112 121 130 139 142 151 160 169 172 183 192 198 207 213 222 228 237 243 252 258 267 273 282 288 297 303 312 318 327 333 342 348 357 363 372 378 387 393 402 408 417 423 432 438 447 453 462 468 477 483 492 498 507 513 522 528 537 543 552
a 4 10 19 22 28 37 49 52 61 70 79 82 91 100 109 112 121 130 139 142 151 160 169 172 183 192 198 207 213 222 228 237 243 252 258 267 273 282 288 297 303 312 318 327 333 342 348 357 363 372 378 387 393 402 408 417 423 432 438 447 453 462 468 477 483 492 498 507 513 522 528 537 543 552
a 4 10 19 22 28 40 49 52 61 70 79 82 91 100 109 112 121 130 139 142 151 160 169 172 183 192 198 207 213 222 228 237 243 252 258 267 273 282 288 297 303 312 318 327 333 342 348 357 363 372 378 387 393 402 408 417 423 432 438 447 453 462 468 477 483 492 498 507 513 522 528 537 543 552
a 4 10 19 22 31 40 49 52 61 70 79 82 91 100 109 112 121 130 139 142 151 160 169 172 183 192 198 207 213 222 228 237 243 252 258 267 273 282 288 297 303 312 318 327 333 342 348 357 363 372 378 387 393 402 408 417 423 432 438 447 453 462 468 477 483 492 498 507 513 522 528 537 543 552
a 1 10 19 22 31 40 49 52 61 70 79 82 91 100 109 112 121 130 139 142 151 160 169 172 183 192 198 207 213 222 228 237 243 252 258 267 273 282 288 297 303 312 318 327 333 342 348 357 363 372 378 387 393 402 408 417 423 432 438 447 453 462 468 477 483 492 498 507 513 522 528 537 543 552
a 1 7 19 22 31 40 49 52 61 70 79 82 91 100 109 112 121 130 139 142 151 160 169 172 183 192 198 207 213 222 228 237 243 252 258 267 273 282 288 297 303 312 318 327 333 342 348 357 363 372 378 387 393 402 408 417 423 432 438 447 453 462 468 477 483 492 498 507 513 522 528 537 543 552
a 1 7 13 22 31 40 49 52 61 70 79 82 91 100 109 112 121 130 139 142 151 160 169 172 183 192 198 207 213 222 228 237 243 252 258 267 273 282 288 297 303 312 318 327 333 342 348 357 363 372 378 387 393 402 408 417 423 432 438 447 453 462 468 477 483 492 498 507 513 522 528 537 543 552
a 1 7 13 25 31 40 49 52 61 70 79 82 91 100 109 112 121 130 139 142 151 160 169 172 183 192 198 207 213 222 228 237 243 252 258 267 273 282 288 297 303 312 318 327 333 342 348 357 363 372 378 387 393 402 408 417 423 432 438 447 453 462 468 477 483 492 498 507 513 522 528 537 543 552
a 1 7 13 25 31 40 49 52 58 70 79 82 91 100 109 112 121 130 139 142 151 160 169 172 183 192 198 207 213 222 228 237 243 252 258 267 273 282 288 297 303 312 318 327 333 342 348 357 363 372 378 387 393 402 408 417 423 432 438 447 453 462 468 477 483 492 498 507 513 522 528 537 543 552
a 1 7 13 25 31 40 49 52 58 67 79 82 91 100 109 112 121 130 139 142 151 160 169 172 183 192 198 207 213 222 228 237 243 252 258 267 273 282 288 297 303 312 318 327 333 342 348 357 363 372 378 387 393 402 408 417 423 432 438 447 453 462 468 477 483 492 498 507 513 522 528 537 543 552
a 1 7 13 25 31 40 49 52 58 67 73 82 91 100 109 112 121 130 139 142 151 160 169 172 183 192 198 207 213 222 228 237 243 252 258 267 273 282 288 297 303 312 318 327 333 342 348 357 363 372 378 387 393 402 408 417 423 432 438 447 453 462 468 477 483 492 498 507 513 522 528 537 543 552
a 1 7 13 25 31 40 49 52 58 67 73 85 91 100 109 112 121 130 139 142 151 160 169 172 183 192 198 207 213 222 228 237 243 252 258 267 273 282 288 297 303 312 318 327 333 342 348 357 363 372 378 387 393 402 408 417 423 432 438 447 453 462 468 477 483 492 498 507 513 522 528 537 543 552
a 1 7 13 25 31 40 49 52 58 67 73 85 91 100 109 112 118 130 139 142 151 160 169 172 183 192 198 207 213 222 228 237 243 252 258 267 273 282 288 297 303 312 318 327 333 342 348 357 363 372 378 387 393 402 408 417 423 432 438 447 453 462 468 477 483 492 498 507 513 522 528 537 543 552
a 1 7 13 25 31 40 49 52 58 67 73 85 91 100 109 112 118 127 139 142 151 160 169 172 183 192 198 207 213 222 228 237 243 252 258 267 273 282 288 297 303 312 318 327 333 342 348 357 363 372 378 387 393 402 408 417 423 432 438 447 453 462 468 477 483 492 498 507 513 522 528 537 543 552
a 1 7 13 25 31 40 49 52 58 67 73 85 91 100 109 112 118 127 133 142 151 160 169 172 183 192 198 207 213 222 228 237 243 252 258 267 273 282 288 297 303 312 318 327 333 342 348 357 363 372 378 387 393 402 408 417 423 432 438 447 453 462 468 477 483 492 498 507 513 522 528 537 543 552
a 1 7 13 25 31 40 49 52 58 67 73 85 91 100 109 112 118 127 133 145 151 160 169 172 183 192 198 207 213 222 228 237 243 252 258 267 273 282 288 297 303 312 318 327 333 342 348 357 363 372 378 387 393 402 408 417 423 432 438 447 453 462 468 477 483 492 498 507 513 522 528 537 543 552
a 1 7 13 25 31 40 49 52 58 67 73 85 91 100 109 112 118 127 133 145 151 160 169 172 178 192 198 207 213 222 228 237 243 252 258 267 273 282 288 297 303 312 318 327 333 342 348 357 363 372 378 387 393 402 408 417 423 432 438 447 453 462 468 477 483 492 498 507 513 522 528 537 543 552
a 1 7 13 25 31 40 49 52 58 67 73 85 91 100 109 112 118 127 133 145 151 160 169 172 178 187 198 207 213 222 228 237 243 252 258 267 273 282 288 297 303 312 318 327 333 342 348 357 363 372 378 387 393 402 408 417 423 432 438 447 453 462 468 477 483 492 498 507 513 522 528 537 543 552
a 1 7 13 25 31 40 49 52 58 67 73 85 91 100 109 112 118 127 133 145 151 160 169 172 178 187 193 207 213 222 228 237 243 252 258 267 273 282 288 297 303 312 318 327 333 342 348 357 363 372 378 387 393 402 408 417 423 432 438 447 453 462 468 477 483 492 498 507 513 522 528 537 543 552
a 1 7 13 25 31 40 49 52 58 67 73 85 91 100 109 112 118 127 133 145 151 160 169 172 178 187 193 202 213 222 228 237 243 252 258 267 273 282 288 297 303 312 318 327 333 342 348 357 363 372 378 387 393 402 408 417 423 432 438 447 453 462 468 477 483 492 498 507 513 522 528 537 543 552
a 1 7 13 25 31 40 49 52 58 67 73 85 91 100 109 112 118 127 133 145 151 160 169 172 178 187 199 202 213 222 228 237 243 252 258 267 273 282 288 297 303 312 318 327 333 342 348 357 363 372 378 387 393 402 408 417 423 432 438 447 453 462 468 477 483 492 498 507 513 522 528 537 543 552
a 1 7 13 25 31 40 49 52 58 67 73 85 91 100 109 112 118 127 133 145 151 160 169 172 178 190 199 202 213 222 228 237 243 252 258 267 273 282 288 297 303 312 318 327 333 342 348 357 363 372 378 387 393 402 408 417 423 432 438 447 453 462 468 477 483 492 498 507 513 522 528 537 543 552
a 1 7 13 25 31 40 49 52 58 67 73 85 91 100 109 112 118 127 133 145 151 160 169 172 181 190 199 202 213 222 228 237 243 252 258 267 273 282 288 297 303 312 318 327 333 342 348 357 363 372 378 387 393 402 408 417 423 432 438 447 453 462 468 477 483 492 498 507 513 522 528 537 543 552
a 1 7 13 25 31 40 49 52 58 67 73 85 91 100 109 112 118 127 133 142 151 160 169 172 181 190 199 202 213 222 228 237 243 252 258 267 273 282 288 297 303 312 318 327 333 342 348 357 363 372 378 387 393 402 408 417 423 432 438 447 453 462 468 477 483 492 498 507 513 522 528 537 543 552
a 1 7 13 25 31 40 49 52 58 67 73 85 91 100 109 112 118 127 139 142 151 160 169 172 181 190 199 202 213 222 228 237 243 252 258 267 273 282 288 297 303 312 318 327 333 342 348 357 363 372 378 387 393 402 408 417 423 432 438 447 453 462 468 477 483 492 498 507 513 522 528 537 543 552
a 1 7 13 25 31 40 49 52 58 67 73 85 91 100 109 112 118 130 139 142 151 160 169 172 181 190 199 202 213 222 228 237 243 252 258 267 273 282 288 297 303 312 318 327 333 342 348 357 363 372 378 387 393 402 408 417 423 432 438 447 453 462 468 477 483 492 498 507 513 522 528 537 543 552
a 1 7 13 25 31 40 49 52 58 67 73 85 91 100 109 112 121 130 139 142 151 160 169 172 181 190 199 202 213 222 228 237 243 252 258 267 273 282 288 297 303 312 318 327 333 342 348 357 363 372 378 387 393 402 408 417 423 432 438 447 453 462 468 477 483 492 498 507 513 522 528 537 543 552
a 1 7 13 25 31 40 49 52 58 67 73 82 91 100 109 112 121 130 139 142 151 160 169 172 181 190 199 202 213 222 228 237 243 252 258 267 273 282 288 297 303 312 318 327 333 342 348 357 363 372 378 387 393 402 408 417 423 432 438 447 453 462 468 477 483 492 498 507 513 522 528 537 543 552
a 1 7 13 25 31 40 49 52 58 67 79 82 91 100 109 112 121 130 139 142 151 160 169 172 181 190 199 202 213 222 228 237 243 252 258 267 273 282 288 297 303 312 318 327 333 342 348 357 363 372 378 387 393 402 408 417 423 432 438 447 453 462 468 477 483 492 498 507 513 522 528 537 543 552
a 1 7 13 25 31 40 49 52 58 70 79 82 91 100 109 112 121 130 139 142 151 160 169 172 181 190 199 202 213 222 228 237 243 252 258 267 273 282 288 297 303 312 318 327 333 342 348 357 363 372 378 387 393 402 408 417 423 432 438 447 453 462 468 477 483 492 498 507 513 522 528 537 543 552
a 1 7 13 25 31 40 49 52 61 70 79 82 91 100 109 112 121 130 139 142 151 160 169 172 181 190 199 202 213 222 228 237 243 252 258 267 273 282 288 297 303 312 318 327 333 342 348 357 363 372 378 387 393 402 408 417 423 432 438 447 453 462 468 477 483 492 498 507 513 522 528 537 543 552
a 1 7 13 22 31 40 49 52 61 70 79 82 91 100 109 112 121 130 139 142 151 160 169 172 181 190 199 202 213 222 228 237 243 252 258 267 273 282 288 297 303 312 318 327 333 342 348 357 363 372 378 387 393 402 408 417 423 432 438 447 453 462 468 477 483 492 498 507 513 522 528 537 543 552
a 1 7 19 22 31 40 49 52 61 70 79 82 91 100 109 112 121 130 139 142 151 160 169 172 181 190 199 202 213 222 228 237 243 252 258 267 273 282 288 297 303 312 318 327 333 342 348 357 363 372 378 387 393 402 408 417 423 432 438 447 453 462 468 477 483 492 498 507 513 522 528 537 543 552
a 1 10 19 22 31 40 49 52 61 70 79 82 91 100 109 112 121 130 139 142 151 160 169 172 181 190 199 202 213 222 228 237 243 252 258 267 273 282 288 297 303 312 318 327 333 342 348 357 363 372 378 387 393 402 408 417 423 432 438 447 453 462 468 477 483 492 498 507 513 522 528 537 543 552
a 4 10 19 22 31 40 49 52 61 70 79 82 91 100 109 112 121 130 139 142 151 160 169 172 181 190 199 202 213 222 228 237 243 252 258 267 273 282 288 297 303 312 318 327 333 342 348 357 363 372 378 387 393 402 408 417 423 432 438 447 453 462 468 477 483 492 498 507 513 522 528 537 543 552
a 4 10 19 22 28 40 49 52 61 70 79 82 91 100 109 112 121 130 139 142 151 160 169 172 181 190 199 202 213 222 228 237 243 252 258 267 273 282 288 297 303 312 318 327 333 342 348 357 363 372 378 387 393 402 408 417 423 432 438 447 453 462 468 477 483 492 498 507 513 522 528 537 543 552
a 4 10 19 22 28 37 49 52 61 70 79 82 91 100 109 112 121 130 139 142 151 160 169 172 181 190 199 202 213 222 228 237 243 252 258 267 273 282 288 297 303 312 318 327 333 342 348 357 363 372 378 387 393 402 408 417 423 432 438 447 453 462 468 477 483 492 498 507 513 522 528 537 543 552
a 4 10 19 22 28 37 43 52 61 70 79 82 91 100 109 112 121 130 139 142 151 160 169 172 181 190 199 202 213 222 228 237 243 252 258 267 273 282 288 297 303 312 318 327 333 342 348 357 363 372 378 387 393 402 408 417 423 432 438 447 453 462 468 477 483 492 498 507 513 522 528 537 543 552
a 4 10 19 22 28 37 43 55 61 70 79 82 91 100 109 112 121 130 139 142 151 160 169 172 181 190 199 202 213 222 228 237 243 252 258 267 273 282 288 297 303 312 318 327 333 342 348 357 363 372 378 387 393 402 408 417 423 432 438 447 453 462 468 477 483 492 498 507 513 522 528 537 543 552
a 4 10 19 22 28 37 43 55 61 70 79 82 88 100 109 112 121 130 139 142 151 160 169 172 181 190 199 202 213 222 228 237 243 252 258 267 273 282 288 297 303 312 318 327 333 342 348 357 363 372 378 387 393 402 408 417 423 432 438 447 453 462 468 477 483 492 498 507 513 522 528 537 543 552
a 4 10 19 22 28 37 43 55 61 70 79 82 88 97 109 112 121 130 139 142 151 160 169 172 181 190 199 202 213 222 228 237 243 252 258 267 273 282 288 297 303 312 318 327 333 342 348 357 363 372 378 387 393 402 408 417 423 432 438 447 453 462 468 477 483 492 498 507 513 522 528 537 543 552
a 4 10 19 22 28 37 43 55 61 70 79 82 88 97 103 112 121 130 139 142 151 160 169 172 181 190 199 202 213 222 228 237 243 252 258 267 273 282 288 297 303 312 318 327 333 342 348 357 363 372 378 387 393 402 408 417 423 432 438 447 453 462 468 477 483 492 498 507 513 522 528 537 543 552
a 4 10 19 22 28 37 43 55 61 70 79 82 88 97 103 115 121 130 139 142 151 160 169 172 181 190 199 202 213 222 228 237 243 252 258 267 273 282 288 297 303 312 318 327 333 342 348 357 363 372 378 387 393 402 408 417 423 432 438 447 453 462 468 477 483 492 498 507 513 522 528 537 543 552
a 4 10 19 22 28 37 43 55 61 70 79 82 88 97 103 115 121 130 139 142 148 160 169 172 181 190 199 202 213 222 228 237 243 252 258 267 273 282 288 297 303 312 318 327 333 342 348 357 363 372 378 387 393 402 408 417 423 432 438 447 453 462 468 477 483 492 498 507 513 522 528 537 543 552
a 4 10 19 22 28 37 43 55 61 70 79 82 88 97 103 115 121 130 139 142 148 157 169 172 181 190 199 202 213 222 228 237 243 252 258 267 273 282 288 297 303 312 318 327 333 342 348 357 363 372 378 387 393 402 408 417 423 432 438 447 453 462 468 477 483 492 498 507 513 522 528 537 543 552
a 4 10 19 22 28 37 43 55 61 70 79 82 88 97 103 115 121 130 139 142 148 157 163 172 181 190 199 202 213 222 228 237 243 252 258 267 273 282 288 297 303 312 318 327 333 342 348 357 363 372 378 387 393 402 408 417 423 432 438 447 453 462 468 477 483 492 498 507 513 522 528 537 543 552
a 4 10 19 22 28 37 43 55 61 70 79 82 88 97 103 115 121 130 139 142 148 157 163 175 181 190 199 202 213 222 228 237 243 252 258 267 273 282 288 297 303 312 318 327 333 342 348 357 363 372 378 387 393 402 408 417 423 432 438 447 453 462 468 477 483 492 498 507 513 522 528 537 543 552
a 4 10 19 22 28 37 43 55 61 70 79 82 88 97 103 115 121 130 139 142 148 157 163 175 181 190 199 202 208 222 228 237 243 252 258 267 273 282 288 297 303 312 318 327 333 342 348 357 363 372 378 387 393 402 408 417 423 432 438 447 453 462 468 477 483 492 498 507 513 522 528 537 543 552
a 4 10 19 22 28 37 43 55 61 70 79 82 88 97 103 115 121 130 139 142 148 157 163 175 181 190 199 202 208 217 228 237 243 252 258 267 273 282 288 297 303 312 318 327 333 342 348 357 363 372 378 387 393 402 408 417 423 432 438 447 453 462 468 477 483 492 498 507 513 522 528 537 543 552
a 4 10 19 22 28 37 43 55 61 70 79 82 88 97 103 115 121 130 139 142 148 157 163 175 181 190 199 202 208 217 223 237 243 252 258 267 273 282 288 297 303 312 318 327 333 342 348 357 363 372 378 387 393 402 408 417 423 432 438 447 453 462 468 477 483 492 498 507 513 522 528 537 543 552
a 4 10 19 22 28 37 43 55 61 70 79 82 88 97 103 115 121 130 139 142 148 157 163 175 181 190 199 202 208 217 223 232 243 252 258 267 273 282 288 297 303 312 318 327 333 342 348 357 363 372 378 387 393 402 408 417 423 432 438 447 453 462 468 477 483 492 498 507 513 522 528 537 543 552
a 4 10 19 22 28 37 43 55 61 70 79 82 88 97 103 115 121 130 139 142 148 157 163 175 181 190 199 202 208 217 229 232 243 252 258 267 273 282 288 297 303 312 318 327 333 342 348 357 363 372 378 387 393 402 408 417 423 432 438 447 453 462 468 477 483 492 498 507 513 522 528 537 543 552
a 4 10 19 22 28 37 43 55 61 70 79 82 88 97 103 115 121 130 139 142 148 157 163 175 181 190 199 202 208 220 229 232 243 252 258 267 273 282 288 297 303 312 318 327 333 342 348 357 363 372 378 387 393 402 408 417 423 432 438 447 453 462 468 477 483 492 498 507 513 522 528 537 543 552
a 4 10 19 22 28 37 43 55 61 70 79 82 88 97 103 115 121 130 139 142 148 157 163 175 181 190 199 202 211 220 229 232 243 252 258 267 273 282 288 297 303 312 318 327 333 342 348 357 363 372 378 387 393 402 408 417 423 432 438 447 453 462 468 477 483 492 498 507 513 522 528 537 543 552
a 4 10 19 22 28 37 43 55 61 70 79 82 88 97 103 115 121 130 139 142 148 157 163 172 181 190 199 202 211 220 229 232 243 252 258 267 273 282 288 297 303 312 318 327 333 342 348 357 363 372 378 387 393 402 408 417 423 432 438 447 453 462 468 477 483 492 498 507 513 522 528 537 543 552
a 4 10 19 22 28 37 43 55 61 70 79 82 88 97 103 115 121 130 139 142 148 157 169 172 181 190 199 202 211 220 229 232 243 252 258 267 273 282 288 297 303 312 318 327 333 342 348 357 363 372 378 387 393 402 408 417 423 432 438 447 453 462 468 477 483 492 498 507 513 522 528 537 543 552
a 4 10 19 22 28 37 43 55 61 70 79 82 88 97 103 115 121 130 139 142 148 160 169 172 181 190 199 202 211 220 229 232 243 252 258 267 273 282 288 297 303 312 318 327 333 342 348 357 363 372 378 387 393 402 408 417 423 432 438 447 453 462 468 477 483 492 498 507 513 522 528 537 543 552
a 4 10 19 22 28 37 43 55 61 70 79 82 88 97 103 115 121 130 139 142 151 160 169 172 181 190 199 202 211 220 229 232 243 252 258 267 273 282 288 297 303 312 318 327 333 342 348 357 363 372 378 387 393 402 408 417 423 432 438 447 453 462 468 477 483 492 498 507 513 522 528 537 543 552
a 4 10 19 22 28 37 43 55 61 70 79 82 88 97 103 112 121 130 139 142 151 160 169 172 181 190 199 202 211 220 229 232 243 252 258 267 273 282 288 297 303 312 318 327 333 342 348 357 363 372 378 387 393 402 408 417 423 432 438 447 453 462 468 477 483 492 498 507 513 522 528 537 543 552
a 4 10 19 22 28 37 43 55 61 70 79 82 88 97 109 112 121 130 139 142 151 160 169 172 181 190 199 202 211 220 229 232 243 252 258 267 273 282 288 297 303 312 318 327 333 342 348 357 363 372 378 387 393 402 408 417 423 432 438 447 453 462 468 477 483 492 498 507 513 522 528 537 543 552
a 4 10 19 22 28 37 43 55 61 70 79 82 88 100 109 112 121 130 139 142 151 160 169 172 181 190 199 202 211 220 229 232 243 252 258 267 273 282 288 297 303 312 318 327 333 342 348 357 363 372 378 387 393 402 408 417 423 432 438 447 453 462 468 477 483 492 498 507 513 522 528 537 543 552
a 4 10 19 22 28 37 43 55 61 70 79 82 91 100 109 112 121 130 139 142 151 160 169 172 181 190 199 202 211 220 229 232 243 252 258 267 273 282 288 297 303 312 318 327 333 342 348 357 363 372 378 387 393 402 408 417 423 432 438 447 453 462 468 477 483 492 498 507 513 522 528 537 543 552
a 4 10 19 22 28 37 43 52 61 70 79 82 91 100 109 112 121 130 139 142 151 160 169 172 181 190 199 202 211 220 229 232 243 252 258 267 273 282 288 297 303 312 318 327 333 342 348 357 363 372 378 387 393 402 408 417 423 432 438 447 453 462 468 477 483 492 498 507 513 522 528 537 543 552
a 4 10 19 22 28 37 49 52 61 70 79 82 91 100 109 112 121 130 139 142 151 160 169 172 181 190 199 202 211 220 229 232 243 252 258 267 273 282 288 297 303 312 318 327 333 342 348 357 363 372 378 387 393 402 408 417 423 432 438 447 453 462 468 477 483 492 498 507 513 522 528 537 543 552
a 4 10 19 22 28 40 49 52 61 70 79 82 91 100 109 112 121 130 139 142 151 160 169 172 181 190 199 202 211 220 229 232 243 252 258 267 273 282 288 297 303 312 318 327 333 342 348 357 363 372 378 387 393 402 408 417 423 432 438 447 453 462 468 477 483 492 498 507 513 522 528 537 543 552
a 4 10 19 22 31 40 49 52 61 70 79 82 91 100 109 112 121 130 139 142 151 160 169 172 181 190 199 202 211 220 229 232 243 252 258 267 273 282 288 297 303 312 318 327 333 342 348 357 363 372 378 387 393 402 408 417 423 432 438 447 453 462 468 477 483 492 498 507 513 522 528 537 543 552
a 1 10 19 22 31 40 49 52 61 70 79 82 91 100 109 112 121 130 139 142 151 160 169 172 181 190 199 202 211 220 229 232 243 252 258 267 273 282 288 297 303 312 318 327 333 342 348 357 363 372 378 387 393 402 408 417 423 432 438 447 453 462 468 477 483 492 498 507 513 522 528 537 543 552
a 1 7 19 22 31 40 49 52 61 70 79 82 91 100 109 112 121 130 139 142 151 160 169 172 181 190 199 202 211 220 229 232 243 252 258 267 273 282 288 297 303 312 318 327 333 342 348 357 363 372 378 387 393 402 408 417 423 432 438 447 453 462 468 477 483 492 498 507 513 522 528 537 543 552
a 1 7 13 22 31 40 49 52 61 70 79 82 91 100 109 112 121 130 139 142 151 160 169 172 181 190 199 202 211 220 229 232 243 252 258 267 273 282 288 297 303 312 318 327 333 342 348 357 363 372 378 387 393 402 408 417 423 432 438 447 453 462 468 477 483 492 498 507 513 522 528 537 543 552
a 1 7 13 25 31 40 49 52 61 70 79 82 91 100 109 112 121 130 139 142 151 160 169 172 181 190 199 202 211 220 229 232 243 252 258 267 273 282 288 297 303 312 318 327 333 342 348 357 363 372 378 387 393 402 408 417 423 432 438 447 453 462 468 477 483 492 498 507 513 522 528 537 543 552
a 1 7 13 25 31 40 49 52 58 70 79 82 91 100 109 112 121 130 139 142 151 160 169 172 181 190 199 202 211 220 229 232 243 252 258 267 273 282 288 297 303 312 318 327 333 342 348 357 363 372 378 387 393 402 408 417 423 432 438 447 453 462 468 477 483 492 498 507 513 522 528 537 543 552
a 1 7 13 25 31 40 49 52 58 67 79 82 91 100 109 112 121 130 139 142 151 160 169 172 181 190 199 202 211 220 229 232 243 252 258 267 273 282 288 297 303 312 318 327 333 342 348 357 363 372 378 387 393 402 408 417 423 432 438 447 453 462 468 477 483 492 498 507 513 522 528 537 543 552
a 1 7 13 25 31 40 49 52 58 67 73 82 91 100 109 112 121 130 139 142 151 160 169 172 181 190 199 202 211 220 229 232 243 252 258 267 273 282 288 297 303 312 318 327 333 342 348 357 363 372 378 387 393 402 408 417 423 432 438 447 453 462 468 477 483 492 498 507 513 522 528 537 543 552
a 1 7 13 25 31 40 49 52 58 67 73 85 91 100 109 112 121 130 139 142 151 160 169 172 181 190 199 202 211 220 229 232 243 252 258 267 273 282 288 297 303 312 318 327 333 342 348 357 363 372 378 387 393 402 408 417 423 432 438 447 453 462 468 477 483 492 498 507 513 522 528 537 543 552
a 1 7 13 25 31 40 49 52 58 67 73 85 91 100 109 112 118 130 139 142 151 160 169 172 181 190 199 202 211 220 229 232 243 252 258 267 273 282 288 297 303 312 318 327 333 342 348 357 363 372 378 387 393 402 408 417 423 432 438 447 453 462 468 477 483 492 498 507 513 522 528 537 543 552
a 1 7 13 25 31 40 49 52 58 67 73 85 91 100 109 112 118 127 139 142 151 160 169 172 181 190 199 202 211 220 229 232 243 252 258 267 273 282 288 297 303 312 318 327 333 342 348 357 363 372 378 387 393 402 408 417 423 432 438 447 453 462 468 477 483 492 498 507 513 522 528 537 543 552
a 1 7 13 25 31 40 49 52 58 67 73 85 91 100 109 112 118 127 133 142 151 160 169 172 181 190 199 202 211 220 229 232 243 252 258 267 273 282 288 297 303 312 318 327 333 342 348 357 363 372 378 387 393 402 408 417 423 432 438 447 453 462 468 477 483 492 498 507 513 522 528 537 543 552
a 1 7 13 25 31 40 49 52 58 67 73 85 91 100 109 112 118 127 133 145 151 160 169 172 181 190 199 202 211 220 229 232 243 252 258 267 273 282 288 297 303 312 318 327 333 342 348 357 363 372 378 387 393 402 408 417 423 432 438 447 453 462 468 477 483 492 498 507 513 522 528 537 543 552
a 1 7 13 25 31 40 49 52 58 67 73 85 91 100 109 112 118 127 133 145 151 160 169 172 178 190 199 202 211 220 229 232 243 252 258 267 273 282 288 297 303 312 318 327 333 342 348 357 363 372 378 387 393 402 408 417 423 432 438 447 453 462 468 477 483 492 498 507 513 522 528 537 543 552
a 1 7 13 25 31 40 49 52 58 67 73 85 91 100 109 112 118 127 133 145 151 160 169 172 178 187 199 202 211 220 229 232 243 252 258 267 273 282 288 297 303 312 318 327 333 342 348 357 363 372 378 387 393 402 408 417 423 432 438 447 453 462 468 477 483 492 498 507 513 522 528 537 543 552
a 1 7 13 25 31 40 49 52 58 67 73 85 91 100 109 112 118 127 133 145 151 160 169 172 178 187 193 202 211 220 229 232 243 252 258 267 273 282 288 297 303 312 318 327 333 342 348 357 363 372 378 387 393 402 408 417 423 432 438 447 453 462 468 477 483 492 498 507 513 522 528 537 543 552
a 1 7 13 25 31 40 49 52 58 67 73 85 91 100 109 112 118 127 133 145 151 160 169 172 178 187 193 205 211 220 229 232 243 252 258 267 273 282 288 297 303 312 318 327 333 342 348 357 363 372 378 387 393 402 408 417 423 432 438 447 453 462 468 477 483 492 498 507 513 522 528 537 543 552
a 1 7 13 25 31 40 49 52 58 67 73 85 91 100 109 112 118 127 133 145 151 160 169 172 178 187 193 205 211 220 229 232 238 252 258 267 273 282 288 297 303 312 318 327 333 342 348 357 363 372 378 387 393 402 408 417 423 432 438 447 453 462 468 477 483 492 498 507 513 522 528 537 543 552
a 1 7 13 25 31 40 49 52 58 67 73 85 91 100 109 112 118 127 133 145 151 160 169 172 178 187 193 205 211 220 229 232 238 247 258 267 273 282 288 297 303 312 318 327 333 342 348 357 363 372 378 387 393 402 408 417 423 432 438 447 453 462 468 477 483 492 498 507 513 522 528 537 543 552
a 1 7 13 25 31 40 49 52 58 67 73 85 91 100 109 112 118 127 133 145 151 160 169 172 178 187 193 205 211 220 229 232 238 247 253 267 273 282 288 297 303 312 318 327 333 342 348 357 363 372 378 387 393 402 408 417 423 432 438 447 453 462 468 477 483 492 498 507 513 522 528 537 543 552
a 1 7 13 25 31 40 49 52 58 67 73 85 91 100 109 112 118 127 133 145 151 160 169 172 178 187 193 205 211 220 229 232 238 247 253 262 273 282 288 297 303 312 318 327 333 342 348 357 363 372 378 387 393 402 408 417 423 432 438 447 453 462 468 477 483 492 498 507 513 522 528 537 543 552
a 1 7 13 25 31 40 49 52 58 67 73 85 91 100 109 112 118 127 133 145 151 160 169 172 178 187 193 205 211 220 229 232 238 247 259 262 273 282 288 297 303 312 318 327 333 342 348 357 363 372 378 387 393 402 408 417 423 432 438 447 453 462 468 477 483 492 498 507 513 522 528 537 543 552
a 1 7 13 25 31 40 49 52 58 67 73 85 91 100 109 112 118 127 133 145 151 160 169 172 178 187 193 205 211 220 229 232 238 250 259 262 273 282 288 297 303 312 318 327 333 342 348 357 363 372 378 387 393 402 408 417 423 432 438 447 453 462 468 477 483 492 498 507 513 522 528 537 543 552
a 1 7 13 25 31 40 49 52 58 67 73 85 91 100 109 112 118 127 133 145 151 160 169 172 178 187 193 205 211 220 229 232 241 250 259 262 273 282 288 297 303 312 318 327 333 342 348 357 363 372 378 387 393 402 408 417 423 432 438 447 453 462 468 477 483 492 498 507 513 522 528 537 543 552
a 1 7 13 25 31 40 49 52 58 67 73 85 91 100 109 112 118 127 133 145 151 160 169 172 178 187 193 202 211 220 229 232 241 250 259 262 273 282 288 297 303 312 318 327 333 342 348 357 363 372 378 387 393 402 408 417 423 432 438 447 453 462 468 477 483 492 498 507 513 522 528 537 543 552
a 1 7 13 25 31 40 49 52 58 67 73 85 91 100 109 112 118 127 133 145 151 160 169 172 178 187 199 202 211 220 229 232 241 250 259 262 273 282 288 297 303 312 318 327 333 342 348 357 363 372 378 387 393 402 408 417 423 432 438 447 453 462 468 477 483 492 498 507 513 522 528 537 543 552
a 1 7 13 25 31 40 49 52 58 67 73 85 91 100 109 112 118 127 133 145 151 160 169 172 178 190 199 202 211 220 229 232 241 250 259 262 273 282 288 297 303 312 318 327 333 342 348 357 363 372 378 387 393 402 408 417 423 432 438 447 453 462 468 477 483 492 498 507 513 522 528 537 543 552
a 1 7 13 25 31 40 49 52 58 67 73 85 91 100 109 112 118 127 133 145 151 160 169 172 181 190 199 202 211 220 229 232 241 250 259 262 273 282 288 297 303 312 318 327 333 342 348 357 363 372 378 387 393 402 408 417 423 432 438 447 453 462 468 477 483 492 498 507 513 522 528 537 543 552
a 1 7 13 25 31 40 49 52 58 67 73 85 91 100 109 112 118 127 133 142 151 160 169 172 181 190 199 202 211 220 229 232 241 250 259 262 273 282 288 297 303 312 318 327 333 342 348 357 363 372 378 387 393 402 408 417 423 432 438 447 453 462 468 477 483 492 498 507 513 522 528 537 543 552
a 1 7 13 25 31 40 49 52 58 67 73 85 91 100 109 112 118 127 139 142 151 160 169 172 181 190 199 202 211 220 229 232 241 250 259 262 273 282 288 297 303 312 318 327 333 342 348 357 363 372 378 387 393 402 408 417 423 432 438 447 453 462 468 477 483 492 498 507 513 522 528 537 543 552
a 1 7 13 25 31 40 49 52 58 67 73 85 91 100 109 112 118 130 139 142 151 160 169 172 181 190 199 202 211 220 229 232 241 250 259 262 273 282 288 297 303 312 318 327 333 342 348 357 363 372 378 387 393 402 408 417 423 432 438 447 453 462 468 477 483 492 498 507 513 522 528 537 543 552
a 1 7 13 25 31 40 49 52 58 67 73 85 91 100 109 112 121 130 139 142 151 160 169 172 181 190 199 202 211 220 229 232 241 250 259 262 273 282 288 297 303 312 318 327 333 342 348 357 363 372 378 387 393 402 408 417 423 432 438 447 453 462 468 477 483 492 498 507 513 522 528 537 543 552
a 1 7 13 25 31 40 49 52 58 67 73 82 91 100 109 112 121 130 139 142 151 160 169 172 181 190 199 202 211 220 229 232 241 250 259 262 273 282 288 297 303 312 318 327 333 342 348 357 363 372 378 387 393 402 408 417 423 432 438 447 453 462 468 477 483 492 498 507 513 522 528 537 543 552
a 1 7 13 25 31 40 49 52 58 67 79 82 91 100 109 112 121 130 139 142 151 160 169 172 181 190 199 202 211 220 229 232 241 250 259 262 273 282 288 297 303 312 318 327 333 342 348 357 363 372 378 387 393 402 408 417 423 432 438 447 453 462 468 477 483 492 498 507 513 522 528 537 543 552
a 1 7 13 25 31 40 49 52 58 70 79 82 91 100 109 112 121 130 139 142 151 160 169 172 181 190 199 202 211 220 229 232 241 250 259 262 273 282 288 297 303 312 318 327 333 342 348 357 363 372 378 387 393 402 408 417 423 432 438 447 453 462 468 477 483 492 498 507 513 522 528 537 543 552
a 1 7 13 25 31 40 49 52 61 70 79 82 91 100 109 112 121 130 139 142 151 160 169 172 181 190 199 202 211 220 229 232 241 250 259 262 273 282 288 297 303 312 318 327 333 342 348 357 363 372 378 387 393 402 408 417 423 432 438 447 453 462 468 477 483 492 498 507 513 522 528 537 543 552
a 1 7 13 22 31 40 49 52 61 70 79 82 91 100 109 112 121 130 139 142 151 160 169 172 181 190 199 202 211 220 229 232 241 250 259 262 273 282 288 297 303 312 318 327 333 342 348 357 363 372 378 387 393 402 408 417 423 432 438 447 453 462 468 477 483 492 498 507 513 522 528 537 543 552
a 1 7 19 22 31 40 49 52 61 70 79 82 91 100 109 112 121 130 139 142 151 160 169 172 181 190 199 202 211 220 229 232 241 250 259 262 273 282 288 297 303 312 318 327 333 342 348 357 363 372 378 387 393 402 408 417 423 432 438 447 453 462 468 477 483 492 498 507 513 522 528 537 543 552
a 1 10 19 22 31 40 49 52 61 70 79 82 91 100 109 112 121 130 139 142 151 160 169 172 181 190 199 202 211 220 229 232 241 250 259 262 273 282 288 297 303 312 318 327 333 342 348 357 363 372 378 387 393 402 408 417 423 432 438 447 453 462 468 477 483 492 498 507 513 522 528 537 543 552
a 4 10 19 22 31 40 49 52 61 70 79 82 91 100 109 112 121 130 139 142 151 160 169 172 181 190 199 202 211 220 229 232 241 250 259 262 273 282 288 297 303 312 318 327 333 342 348 357 363 372 378 387 393 402 408 417 423 432 438 447 453 462 468 477 483 492 498 507 513 522 528 537 543 552
a 4 10 19 22 28 40 49 52 61 70 79 82 91 100 109 112 121 130 139 142 151 160 169 172 181 190 199 202 211 220 229 232 241 250 259 262 273 282 288 297 303 312 318 327 333 342 348 357 363 372 378 387 393 402 408 417 423 432 438 447 453 462 468 477 483 492 498 507 513 522 528 537 543 552
a 4 10 19 22 28 37 49 52 61 70 79 82 91 100 109 112 121 130 139 142 151 160 169 172 181 190 199 202 211 220 229 232 241 250 259 262 273 282 288 297 303 312 318 327 333 342 348 357 363 372 378 387 393 402 408 417 423 432 438 447 453 462 468 477 483 492 498 507 513 522 528 537 543 552
a 4 10 19 22 28 37 43 52 61 70 79 82 91 100 109 112 121 130 139 142 151 160 169 172 181 190 199 202 211 220 229 232 241 250 259 262 273 282 288 297 303 312 318 327 333 342 348 357 363 372 378 387 393 402 408 417 423 432 438 447 453 462 468 477 483 492 498 507 513 522 528 537 543 552
a 4 10 19 22 28 37 43 55 61 70 79 82 91 100 109 112 121 130 139 142 151 160 169 172 181 190 199 202 211 220 229 232 241 250 259 262 273 282 288 297 303 312 318 327 333 342 348 357 363 372 378 387 393 402 408 417 423 432 438 447 453 462 468 477 483 492 498 507 513 522 528 537 543 552
a 4 10 19 22 28 37 43 55 61 70 79 82 88 100 109 112 121 130 139 142 151 160 169 172 181 190 199 202 211 220 229 232 241 250 259 262 273 282 288 297 303 312 318 327 333 342 348 357 363 372 378 387 393 402 408 417 423 432 438 447 453 462 468 477 483 492 498 507 513 522 528 537 543 552
a 4 10 19 22 28 37 43 55 61 70 79 82 88 97 109 112 121 130 139 142 151 160 169 172 181 190 199 202 211 220 229 232 241 250 259 262 273 282 288 297 303 312 318 327 333 342 348 357 363 372 378 387 393 402 408 417 423 432 438 447 453 462 468 477 483 492 498 507 513 522 528 537 543 552
a 4 10 19 22 28 37 43 55 61 70 79 82 88 97 103 112 121 130 139 142 151 160 169 172 181 190 199 202 211 220 229 232 241 250 259 262 273 282 288 297 303 312 318 327 333 342 348 357 363 372 378 387 393 402 408 417 423 432 438 447 453 462 468 477 483 492 498 507 513 522 528 537 543 552
a 4 10 19 22 28 37 43 55 61 70 79 82 88 97 103 115 121 130 139 142 151 160 169 172 181 190 199 202 211 220 229 232 241 250 259 262 273 282 288 297 303 312 318 327 333 342 348 357 363 372 378 387 393 402 408 417 423 432 438 447 453 462 468 477 483 492 498 507 513 522 528 537 543 552
a 4 10 19 22 28 37 43 55 61 70 79 82 88 97 103 115 121 130 139 142 148 160 169 172 181 190 199 202 211 220 229 232 241 250 259 262 273 282 288 297 303 312 318 327 333 342 348 357 363 372 378 387 393 402 408 417 423 432 438 447 453 462 468 477 483 492 498 507 513 522 528 537 543 552
a 4 10 19 22 28 37 43 55 61 70 79 82 88 97 103 115 121 130 139 142 148 157 169 172 181 190 199 202 211 220 229 232 241 250 259 262 273 282 288 297 303 312 318 327 333 342 348 357 363 372 378 387 393 402 408 417 423 432 438 447 453 462 468 477 483 492 498 507 513 522 528 537 543 552
a 4 10 19 22 28 37 43 55 61 70 79 82 88 97 103 115 121 130 139 142 148 157 163 172 181 190 199 202 211 220 229 232 241 250 259 262 273 282 288 297 303 312 318 327 333 342 348 357 363 372 378 387 393 402 408 417 423 432 438 447 453 462 468 477 483 492 498 507 513 522 528 537 543 552
a 4 10 19 22 28 37 43 55 61 70 79 82 88 97 103 115 121 130 139 142 148 157 163 175 181 190 199 202 211 220 229 232 241 250 259 262 273 282 288 297 303 312 318 327 333 342 348 357 363 372 378 387 393 402 408 417 423 432 438 447 453 462 468 477 483 492 498 507 513 522 528 537 543 552
a 4 10 19 22 28 37 43 55 61 70 79 82 88 97 103 115 121 130 139 142 148 157 163 175 181 190 199 202 208 220 229 232 241 250 259 262 273 282 288 297 303 312 318 327 333 342 348 357 363 372 378 387 393 402 408 417 423 432 438 447 453 462 468 477 483 492 498 507 513 522 528 537 543 552
a 4 10 19 22 28 37 43 55 61 70 79 82 88 97 103 115 121 130 139 142 148 157 163 175 181 190 199 202 208 217 229 232 241 250 259 262 273 282 288 297 303 312 318 327 333 342 348 357 363 372 378 387 393 402 408 417 423 432 438 447 453 462 468 477 483 492 498 507 513 522 528 537 543 552
a 4 10 19 22 28 37 43 55 61 70 79 82 88 97 103 115 121 130 139 142 148 157 163 175 181 190 199 202 208 217 223 232 241 250 259 262 273 282 288 297 303 312 318 327 333 342 348 357 363 372 378 387 393 402 408 417 423 432 438 447 453 462 468 477 483 492 498 507 513 522 528 537 543 552
a 4 10 19 22 28 37 43 55 61 70 79 82 88 97 103 115 121 130 139 142 148 157 163 175 181 190 199 202 208 217 223 235 241 250 259 262 273 282 288 297 303 312 318 327 333 342 348 357 363 372 378 387 393 402 408 417 423 432 438 447 453 462 468 477 483 492 498 507 513 522 528 537 543 552
a 4 10 19 22 28 37 43 55 61 70 79 82 88 97 103 115 121 130 139 142 148 157 163 175 181 190 199 202 208 217 223 235 241 250 259 262 268 282 288 297 303 312 318 327 333 342 348 357 363 372 378 387 393 402 408 417 423 432 438 447 453 462 468 477 483 492 498 507 513 522 528 537 543 552
a 4 10 19 22 28 37 43 55 61 70 79 82 88 97 103 115 121 130 139 142 148 157 163 175 181 190 199 202 208 217 223 235 241 250 259 262 268 277 288 297 303 312 318 327 333 342 348 357 363 372 378 387 393 402 408 417 423 432 438 447 453 462 468 477 483 492 498 507 513 522 528 537 543 552
a 4 10 19 22 28 37 43 55 61 70 79 82 88 97 103 115 121 130 139 142 148 157 163 175 181 190 199 202 208 217 223 235 241 250 259 262 268 277 283 297 303 312 318 327 333 342 348 357 363 372 378 387 393 402 408 417 423 432 438 447 453 462 468 477 483 492 498 507 513 522 528 537 543 552
a 4 10 19 22 28 37 43 55 61 70 79 82 88 97 103 115 121 130 139 142 148 157 163 175 181 190 199 202 208 217 223 235 241 250 259 262 268 277 283 292 303 312 318 327 333 342 348 357 363 372 378 387 393 402 408 417 423 432 438 447 453 462 468 477 483 492 498 507 513 522 528 537 543 552
a 4 10 19 22 28 37 43 55 61 70 79 82 88 97 103 115 121 130 139 142 148 157 163 175 181 190 199 202 208 217 223 235 241 250 259 262 268 277 289 292 303 312 318 327 333 342 348 357 363 372 378 387 393 402 408 417 423 432 438 447 453 462 468 477 483 492 498 507 513 522 528 537 543 552
a 4 10 19 22 28 37 43 55 61 70 79 82 88 97 103 115 121 130 139 142 148 157 163 175 181 190 199 202 208 217 223 235 241 250 259 262 268 280 289 292 303 312 318 327 333 342 348 357 363 372 378 387 393 402 408 417 423 432 438 447 453 462 468 477 483 492 498 507 513 522 528 537 543 552
a 4 10 19 22 28 37 43 55 61 70 79 82 88 97 103 115 121 130 139 142 148 157 163 175 181 190 199 202 208 217 223 235 241 250 259 262 271 280 289 292 303 312 318 327 333 342 348 357 363 372 378 387 393 402 408 417 423 432 438 447 453 462 468 477 483 492 498 507 513 522 528 537 543 552
a 4 10 19 22 28 37 43 55 61 70 79 82 88 97 103 115 121 130 139 142 148 157 163 175 181 190 199 202 208 217 223 232 241 250 259 262 271 280 289 292 303 312 318 327 333 342 348 357 363 372 378 387 393 402 408 417 423 432 438 447 453 462 468 477 483 492 498 507 513 522 528 537 543 552
a 4 10 19 22 28 37 43 55 61 70 79 82 88 97 103 115 121 130 139 142 148 157 163 175 181 190 199 202 208 217 229 232 241 250 259 262 271 280 289 292 303 312 318 327 333 342 348 357 363 372 378 387 393 402 408 417 423 432 438 447 453 462 468 477 483 492 498 507 513 522 528 537 543 552
a 4 10 19 22 28 37 43 55 61 70 79 82 88 97 103 115 121 130 139 142 148 157 163 175 181 190 199 202 208 220 229 232 241 250 259 262 271 280 289 292 303 312 318 327 333 342 348 357 363 372 378 387 393 402 408 417 423 432 438 447 453 462 468 477 483 492 498 507 513 522 528 537 543 552
a 4 10 19 22 28 37 43 55 61 70 79 82 88 97 103 115 121 130 139 142 148 157 163 175 181 190 199 202 211 220 229 232 241 250 259 262 271 280 289 292 303 312 318 327 333 342 348 357 363 372 378 387 393 402 408 417 423 432 438 447 453 462 468 477 483 492 498 507 513 522 528 537 543 552
a 4 10 19 22 28 37 43 55 61 70 79 82 88 97 103 115 121 130 139 142 148 157 163 172 181 190 199 202 211 220 229 232 241 250 259 262 271 280 289 292 303 312 318 327 333 342 348 357 363 372 378 387 393 402 408 417 423 432 438 447 453 462 468 477 483 492 498 507 513 522 528 537 543 552
a 4 10 19 22 28 37 43 55 61 70 79 82 88 97 103 115 121 130 139 142 148 157 169 172 181 190 199 202 211 220 229 232 241 250 259 262 271 280 289 292 303 312 318 327 333 342 348 357 363 372 378 387 393 402 408 417 423 432 438 447 453 462 468 477 483 492 498 507 513 522 528 537 543 552
a 4 10 19 22 28 37 43 55 61 70 79 82 88 97 103 115 121 130 139 142 148 160 169 172 181 190 199 202 211 220 229 232 241 250 259 262 271 280 289 292 303 312 318 327 333 342 348 357 363 372 378 387 393 402 408 417 423 432 438 447 453 462 468 477 483 492 498 507 513 522 528 537 543 552
a 4 10 19 22 28 37 43 55 61 70 79 82 88 97 103 115 121 130 139 142 151 160 169 172 181 190 199 202 211 220 229 232 241 250 259 262 271 280 289 292 303 312 318 327 333 342 348 357 363 372 378 387 393 402 408 417 423 432 438 447 453 462 468 477 483 492 498 507 513 522 528 537 543 552
a 4 10 19 22 28 37 43 55 61 70 79 82 88 97 103 112 121 130 139 142 151 160 169 172 181 190 199 202 211 220 229 232 241 250 259 262 271 280 289 292 303 312 318 327 333 342 348 357 363 372 378 387 393 402 408 417 423 432 438 447 453 462 468 477 483 492 498 507 513 522 528 537 543 552
a 4 10 19 22 28 37 43 55 61 70 79 82 88 97 109 112 121 130 139 142 151 160 169 172 181 190 199 202 211 220 229 232 241 250 259 262 271 280 289 292 303 312 318 327 333 342 348 357 363 372 378 387 393 402 408 417 423 432 438 447 453 462 468 477 483 492 498 507 513 522 528 537 543 552
a 4 10 19 22 28 37 43 55 61 70 79 82 88 100 109 112 121 130 139 142 151 160 169 172 181 190 199 202 211 220 229 232 241 250 259 262 271 280 289 292 303 312 318 327 333 342 348 357 363 372 378 387 393 402 408 417 423 432 438 447 453 462 468 477 483 492 498 507 513 522 528 537 543 552
a 4 10 19 22 28 37 43 55 61 70 79 82 91 100 109 112 121 130 139 142 151 160 169 172 181 190 199 202 211 220 229 232 241 250 259 262 271 280 289 292 303 312 318 327 333 342 348 357 363 372 378 387 393 402 408 417 423 432 438 447 453 462 468 477 483 492 498 507 513 522 528 537 543 552
a 4 10 19 22 28 37 43 52 61 70 79 82 91 100 109 112 121 130 139 142 151 160 169 172 181 190 199 202 211 220 229 232 241 250 259 262 271 280 289 292 303 312 318 327 333 342 348 357 363 372 378 387 393 402 408 417 423 432 438 447 453 462 468 477 483 492 498 507 513 522 528 537 543 552
a 4 10 19 22 28 37 49 52 61 70 79 82 91 100 109 112 121 130 139 142 151 160 169 172 181 190 199 202 211 220 229 232 241 250 259 262 271 280 289 292 303 312 318 327 333 342 348 357 363 372 378 387 393 402 408 417 423 432 438 447 453 462 468 477 483 492 498 507 513 522 528 537 543 552
a 4 10 19 22 28 40 49 52 61 70 79 82 91 100 109 112 121 130 139 142 151 160 169 172 181 190 199 202 211 220 229 232 241 250 259 262 271 280 289 292 303 312 318 327 333 342 348 357 363 372 378 387 393 402 408 417 423 432 438 447 453 462 468 477 483 492 498 507 513 522 528 537 543 552
a 4 10 19 22 31 40 49 52 61 70 79 82 91 100 109 112 121 130 139 142 151 160 169 172 181 190 199 202 211 220 229 232 241 250 259 262 271 280 289 292 303 312 318 327 333 342 348 357 363 372 378 387 393 402 408 417 423 432 438 447 453 462 468 477 483 492 498 507 513 522 528 537 543 552
a 1 10 19 22 31 40 49 52 61 70 79 82 91 100 109 112 121 130 139 142 151 160 169 172 181 190 199 202 211 220 229 232 241 250 259 262 271 280 289 292 303 312 318 327 333 342 348 357 363 372 378 387 393 402 408 417 423 432 438 447 453 462 468 477 483 492 498 507 513 522 528 537 543 552
a 1 7 19 22 31 40 49 52 61 70 79 82 91 100 109 112 121 130 139 142 151 160 169 172 181 190 199 202 211 220 229 232 241 250 259 262 271 280 289 292 303 312 318 327 333 342 348 357 363 372 378 387 393 402 408 417 423 432 438 447 453 462 468 477 483 492 498 507 513 522 528 537 543 552
a 1 7 13 22 31 40 49 52 61 70 79 82 91 100 109 112 121 130 139 142 151 160 169 172 181 190 199 202 211 220 229 232 241 250 259 262 271 280 289 292 303 312 318 327 333 342 348 357 363 372 378 387 393 402 408 417 423 432 438 447 453 462 468 477 483 492 498 507 513 522 528 537 543 552
a 1 7 13 25 31 40 49 52 61 70 79 82 91 100 109 112 121 130 139 142 151 160 169 172 181 190 199 202 211 220 229 232 241 250 259 262 271 280 289 292 303 312 318 327 333 342 348 357 363 372 378 387 393 402 408 417 423 432 438 447 453 462 468 477 483 492 498 507 513 522 528 537 543 552
a 1 7 13 25 31 40 49 52 58 70 79 82 91 100 109 112 121 130 139 142 151 160 169 172 181 190 199 202 211 220 229 232 241 250 259 262 271 280 289 292 303 312 318 327 333 342 348 357 363 372 378 387 393 402 408 417 423 432 438 447 453 462 468 477 483 492 498 507 513 522 528 537 543 552
a 1 7 13 25 31 40 49 52 58 67 79 82 91 100 109 112 121 130 139 142 151 160 169 172 181 190 199 202 211 220 229 232 241 250 259 262 271 280 289 292 303 312 318 327 333 342 348 357 363 372 378 387 393 402 408 417 423 432 438 447 453 462 468 477 483 492 498 507 513 522 528 537 543 552
a 1 7 13 25 31 40 49 52 58 67 73 82 91 100 109 112 121 130 139 142 151 160 169 172 181 190 199 202 211 220 229 232 241 250 259 262 271 280 289 292 303 312 318 327 333 342 348 357 363 372 378 387 393 402 408 417 423 432 438 447 453 462 468 477 483 492 498 507 513 522 528 537 543 552
a 1 7 13 25 31 40 49 52 58 67 73 85 91 100 109 112 121 130 139 142 151 160 169 172 181 190 199 202 211 220 229 232 241 250 259 262 271 280 289 292 303 312 318 327 333 342 348 357 363 372 378 387 393 402 408 417 423 432 438 447 453 462 468 477 483 492 498 507 513 522 528 537 543 552
a 1 7 13 25 31 40 49 52 58 67 73 85 91 100 109 112 118 130 139 142 151 160 169 172 181 190 199 202 211 220 229 232 241 250 259 262 271 280 289 292 303 312 318 327 333 342 348 357 363 372 378 387 393 402 408 417 423 432 438 447 453 462 468 477 483 492 498 507 513 522 528 537 543 552
a 1 7 13 25 31 40 49 52 58 67 73 85 91 100 109 112 118 127 139 142 151 160 169 172 181 190 199 202 211 220 229 232 241 250 259 262 271 280 289 292 303 312 318 327 333 342 348 357 363 372 378 387 393 402 408 417 423 432 438 447 453 462 468 477 483 492 498 507 513 522 528 537 543 552
a 1 7 13 25 31 40 49 52 58 67 73 85 91 100 109 112 118 127 133 142 151 160 169 172 181 190 199 202 211 220 229 232 241 250 259 262 271 280 289 292 303 312 318 327 333 342 348 357 363 372 378 387 393 402 408 417 423 432 438 447 453 462 468 477 483 492 498 507 513 522 528 537 543 552
a 1 7 13 25 31 40 49 52 58 67 73 85 91 100 109 112 118 127 133 145 151 160 169 172 181 190 199 202 211 220 229 232 241 250 259 262 271 280 289 292 303 312 318 327 333 342 348 357 363 372 378 387 393 402 408 417 423 432 438 447 453 462 468 477 483 492 498 507 513 522 528 537 543 552
a 1 7 13 25 31 40 49 52 58 67 73 85 91 100 109 112 118 127 133 145 151 160 169 172 178 190 199 202 211 220 229 232 241 250 259 262 271 280 289 292 303 312 318 327 333 342 348 357 363 372 378 387 393 402 408 417 423 432 438 447 453 462 468 477 483 492 498 507 513 522 528 537 543 552
a 1 7 13 25 31 40 49 52 58 67 73 85 91 100 109 112 118 127 133 145 151 160 169 172 178 187 199 202 211 220 229 232 241 250 259 262 271 280 289 292 303 312 318 327 333 342 348 357 363 372 378 387 393 402 408 417 423 432 438 447 453 462 468 477 483 492 498 507 513 522 528 537 543 552
a 1 7 13 25 31 40 49 52 58 67 73 85 91 100 109 112 118 127 133 145 151 160 169 172 178 187 193 202 211 220 229 232 241 250 259 262 271 280 289 292 303 312 318 327 333 342 348 357 363 372 378 387 393 402 408 417 423 432 438 447 453 462 468 477 483 492 498 507 513 522 528 537 543 552
a 1 7 13 25 31 40 49 52 58 67 73 85 91 100 109 112 118 127 133 145 151 160 169 172 178 187 193 205 211 220 229 232 241 250 259 262 271 280 289 292 303 312 318 327 333 342 348 357 363 372 378 387 393 402 408 417 423 432 438 447 453 462 468 477 483 492 498 507 513 522 528 537 543 552
a 1 7 13 25 31 40 49 52 58 67 73 85 91 100 109 112 118 127 133 145 151 160 169 172 178 187 193 205 211 220 229 232 238 250 259 262 271 280 289 292 303 312 318 327 333 342 348 357 363 372 378 387 393 402 408 417 423 432 438 447 453 462 468 477 483 492 498 507 513 522 528 537 543 552
a 1 7 13 25 31 40 49 52 58 67 73 85 91 100 109 112 118 127 133 145 151 160 169 172 178 187 193 205 211 220 229 232 238 247 259 262 271 280 289 292 303 312 318 327 333 342 348 357 363 372 378 387 393 402 408 417 423 432 438 447 453 462 468 477 483 492 498 507 513 522 528 537 543 552
a 1 7 13 25 31 40 49 52 58 67 73 85 91 100 109 112 118 127 133 145 151 160 169 172 178 187 193 205 211 220 229 232 238 247 253 262 271 280 289 292 303 312 318 327 333 342 348 357 363 372 378 387 393 402 408 417 423 432 438 447 453 462 468 477 483 492 498 507 513 522 528 537 543 552
a 1 7 13 25 31 40 49 52 58 67 73 85 91 100 109 112 118 127 133 145 151 160 169 172 178 187 193 205 211 220 229 232 238 247 253 265 271 280 289 292 303 312 318 327 333 342 348 357 363 372 378 387 393 402 408 417 423 432 438 447 453 462 468 477 483 492 498 507 513 522 528 537 543 552
a 1 7 13 25 31 40 49 52 58 67 73 85 91 100 109 112 118 127 133 145 151 160 169 172 178 187 193 205 211 220 229 232 238 247 253 265 271 280 289 292 298 312 318 327 333 342 348 357 363 372 378 387 393 402 408 417 423 432 438 447 453 462 468 477 483 492 498 507 513 522 528 537 543 552
a 1 7 13 25 31 40 49 52 58 67 73 85 91 100 109 112 118 127 133 145 151 160 169 172 178 187 193 205 211 220 229 232 238 247 253 265 271 280 289 292 298 307 318 327 333 342 348 357 363 372 378 387 393 402 408 417 423 432 438 447 453 462 468 477 483 492 498 507 513 522 528 537 543 552
a 1 7 13 25 31 40 49 52 58 67 73 85 91 100 109 112 118 127 133 145 151 160 169 172 178 187 193 205 211 220 229 232 238 247 253 265 271 280 289 292 298 307 313 327 333 342 348 357 363 372 378 387 393 402 408 417 423 432 438 447 453 462 468 477 483 492 498 507 513 522 528 537 543 552
a 1 7 13 25 31 40 49 52 58 67 73 85 91 100 109 112 118 127 133 145 151 160 169 172 178 187 193 205 211 220 229 232 238 247 253 265 271 280 289 292 298 307 313 322 333 342 348 357 363 372 378 387 393 402 408 417 423 432 438 447 453 462 468 477 483 492 498 507 513 522 528 537 543 552
a 1 7 13 25 31 40 49 52 58 67 73 85 91 100 109 112 118 127 133 145 151 160 169 172 178 187 193 205 211 220 229 232 238 247 253 265 271 280 289 292 298 307 319 322 333 342 348 357 363 372 378 387 393 402 408 417 423 432 438 447 453 462 468 477 483 492 498 507 513 522 528 537 543 552
a 1 7 13 25 31 40 49 52 58 67 73 85 91 100 109 112 118 127 133 145 151 160 169 172 178 187 193 205 211 220 229 232 238 247 253 265 271 280 289 292 298 310 319 322 333 342 348 357 363 372 378 387 393 402 408 417 423 432 438 447 453 462 468 477 483 492 498 507 513 522 528 537 543 552
a 1 7 13 25 31 40 49 52 58 67 73 85 91 100 109 112 118 127 133 145 151 160 169 172 178 187 193 205 211 220 229 232 238 247 253 265 271 280 289 292 301 310 319 322 333 342 348 357 363 372 378 387 393 402 408 417 423 432 438 447 453 462 468 477 483 492 498 507 513 522 528 537 543 552
a 1 7 13 25 31 40 49 52 58 67 73 85 91 100 109 112 118 127 133 145 151 160 169 172 178 187 193 205 211 220 229 232 238 247 253 262 271 280 289 292 301 310 319 322 333 342 348 357 363 372 378 387 393 402 408 417 423 432 438 447 453 462 468 477 483 492 498 507 513 522 528 537 543 552
a 1 7 13 25 31 40 49 52 58 67 73 85 91 100 109 112 118 127 133 145 151 160 169 172 178 187 193 205 211 220 229 232 238 247 259 262 271 280 289 292 301 310 319 322 333 342 348 357 363 372 378 387 393 402 408 417 423 432 438 447 453 462 468 477 483 492 498 507 513 522 528 537 543 552
a 1 7 13 25 31 40 49 52 58 67 73 85 91 100 109 112 118 127 133 145 151 160 169 172 178 187 193 205 211 220 229 232 238 250 259 262 271 280 289 292 301 310 319 322 333 342 348 357 363 372 378 387 393 402 408 417 423 432 438 447 453 462 468 477 483 492 498 507 513 522 528 537 543 552
a 1 7 13 25 31 40 49 52 58 67 73 85 91 100 109 112 118 127 133 145 151 160 169 172 178 187 193 205 211 220 229 232 241 250 259 262 271 280 289 292 301 310 319 322 333 342 348 357 363 372 378 387 393 402 408 417 423 432 438 447 453 462 468 477 483 492 498 507 513 522 528 537 543 552
a 1 7 13 25 31 40 49 52 58 67 73 85 91 100 109 112 118 127 133 145 151 160 169 172 178 187 193 202 211 220 229 232 241 250 259 262 271 280 289 292 301 310 319 322 333 342 348 357 363 372 378 387 393 402 408 417 423 432 438 447 453 462 468 477 483 492 498 507 513 522 528 537 543 552
a 1 7 13 25 31 40 49 52 58 67 73 85 91 100 109 112 118 127 133 145 151 160 169 172 178 187 199 202 211 220 229 232 241 250 259 262 271 280 289 292 301 310 319 322 333 342 348 357 363 372 378 387 393 402 408 417 423 432 438 447 453 462 468 477 483 492 498 507 513 522 528 537 543 552
a 1 7 13 25 31 40 49 52 58 67 73 85 91 100 109 112 118 127 133 145 151 160 169 172 178 190 199 202 211 220 229 232 241 250 259 262 271 280 289 292 301 310 319 322 333 342 348 357 363 372 378 387 393 402 408 417 423 432 438 447 453 462 468 477 483 492 498 507 513 522 528 537 543 552
a 1 7 13 25 31 40 49 52 58 67 73 85 91 100 109 112 118 127 133 145 151 160 169 172 181 190 199 202 211 220 229 232 241 250 259 262 271 280 289 292 301 310 319 322 333 342 348 357 363 372 378 387 393 402 408 417 423 432 438 447 453 462 468 477 483 492 498 507 513 522 528 537 543 552
a 1 7 13 25 31 40 49 52 58 67 73 85 91 100 109 112 118 127 133 142 151 160 169 172 181 190 199 202 211 220 229 232 241 250 259 262 271 280 289 292 301 310 319 322 333 342 348 357 363 372 378 387 393 402 408 417 423 432 438 447 453 462 468 477 483 492 498 507 513 522 528 537 543 552
a 1 7 13 25 31 40 49 52 58 67 73 85 91 100 109 112 118 127 139 142 151 160 169 172 181 190 199 202 211 220 229 232 241 250 259 262 271 280 289 292 301 310 319 322 333 342 348 357 363 372 378 387 393 402 408 417 423 432 438 447 453 462 468 477 483 492 498 507 513 522 528 537 543 552
a 1 7 13 25 31 40 49 52 58 67 73 85 91 100 109 112 118 130 139 142 151 160 169 172 181 190 199 202 211 220 229 232 241 250 259 262 271 280 289 292 301 310 319 322 333 342 348 357 363 372 378 387 393 402 408 417 423 432 438 447 453 462 468 477 483 492 498 507 513 522 528 537 543 552
a 1 7 13 25 31 40 49 52 58 67 73 85 91 100 109 112 121 130 139 142 151 160 169 172 181 190 199 202 211 220 229 232 241 250 259 262 271 280 289 292 301 310 319 322 333 342 348 357 363 372 378 387 393 402 408 417 423 432 438 447 453 462 468 477 483 492 498 507 513 522 528 537 543 552
a 1 7 13 25 31 40 49 52 58 67 73 82 91 100 109 112 121 130 139 142 151 160 169 172 181 190 199 202 211 220 229 232 241 250 259 262 271 280 289 292 301 310 319 322 333 342 348 357 363 372 378 387 393 402 408 417 423 432 438 447 453 462 468 477 483 492 498 507 513 522 528 537 543 552
a 1 7 13 25 31 40 49 52 58 67 79 82 91 100 109 112 121 130 139 142 151 160 169 172 181 190 199 202 211 220 229 232 241 250 259 262 271 280 289 292 301 310 319 322 333 342 348 357 363 372 378 387 393 402 408 417 423 432 438 447 453 462 468 477 483 492 498 507 513 522 528 537 543 552
a 1 7 13 25 31 40 49 52 58 70 79 82 91 100 109 112 121 130 139 142 151 160 169 172 181 190 199 202 211 220 229 232 241 250 259 262 271 280 289 292 301 310 319 322 333 342 348 357 363 372 378 387 393 402 408 417 423 432 438 447 453 462 468 477 483 492 498 507 513 522 528 537 543 552
a 1 7 13 25 31 40 49 52 61 70 79 82 91 100 109 112 121 130 139 142 151 160 169 172 181 190 199 202 211 220 229 232 241 250 259 262 271 280 289 292 301 310 319 322 333 342 348 357 363 372 378 387 393 402 408 417 423 432 438 447 453 462 468 477 483 492 498 507 513 522 528 537 543 552
a 1 7 13 22 31 40 49 52 61 70 79 82 91 100 109 112 121 130 139 142 151 160 169 172 181 190 199 202 211 220 229 232 241 250 259 262 271 280 289 292 301 310 319 322 333 342 348 357 363 372 378 387 393 402 408 417 423 432 438 447 453 462 468 477 483 492 498 507 513 522 528 537 543 552
a 1 7 19 22 31 40 49 52 61 70 79 82 91 100 109 112 121 130 139 142 151 160 169 172 181 190 199 202 211 220 229 232 241 250 259 262 271 280 289 292 301 310 319 322 333 342 348 357 363 372 378 387 393 402 408 417 423 432 438 447 453 462 468 477 483 492 498 507 513 522 528 537 543 552
a 1 10 19 22 31 40 49 52 61 70 79 82 91 100 109 112 121 130 139 142 151 160 169 172 181 190 199 202 211 220 229 232 241 250 259 262 271 280 289 292 301 310 319 322 333 342 348 357 363 372 378 387 393 402 408 417 423 432 438 447 453 462 468 477 483 492 498 507 513 522 528 537 543 552
a 4 10 19 22 31 40 49 52 61 70 79 82 91 100 109 112 121 130 139 142 151 160 169 172 181 190 199 202 211 220 229 232 241 250 259 262 271 280 289 292 301 310 319 322 333 342 348 357 363 372 378 387 393 402 408 417 423 432 438 447 453 462 468 477 483 492 498 507 513 522 528 537 543 552
a 4 10 19 22 28 40 49 52 61 70 79 82 91 100 109 112 121 130 139 142 151 160 169 172 181 190 199 202 211 220 229 232 241 250 259 262 271 280 289 292 301 310 319 322 333 342 348 357 363 372 378 387 393 402 408 417 423 432 438 447 453 462 468 477 483 492 498 507 513 522 528 537 543 552
a 4 10 19 22 28 37 49 52 61 70 79 82 91 100 109 112 121 130 139 142 151 160 169 172 181 190 199 202 211 220 229 232 241 250 259 262 271 280 289 292 301 310 319 322 333 342 348 357 363 372 378 387 393 402 408 417 423 432 438 447 453 462 468 477 483 492 498 507 513 522 528 537 543 552
a 4 10 19 22 28 37 43 52 61 70 79 82 91 100 109 112 121 130 139 142 151 160 169 172 181 190 199 202 211 220 229 232 241 250 259 262 271 280 289 292 301 310 319 322 333 342 348 357 363 372 378 387 393 402 408 417 423 432 438 447 453 462 468 477 483 492 498 507 513 522 528 537 543 552
a 4 10 19 22 28 37 43 55 61 70 79 82 91 100 109 112 121 130 139 142 151 160 169 172 181 190 199 202 211 220 229 232 241 250 259 262 271 280 289 292 301 310 319 322 333 342 348 357 363 372 378 387 393 402 408 417 423 432 438 447 453 462 468 477 483 492 498 507 513 522 528 537 543 552
a 4 10 19 22 28 37 43 55 61 70 79 82 88 100 109 112 121 130 139 142 151 160 169 172 181 190 199 202 211 220 229 232 241 250 259 262 271 280 289 292 301 310 319 322 333 342 348 357 363 372 378 387 393 402 408 417 423 432 438 447 453 462 468 477 483 492 498 507 513 522 528 537 543 552
a 4 10 19 22 28 37 43 55 61 70 79 82 88 97 109 112 121 130 139 142 151 160 169 172 181 190 199 202 211 220 229 232 241 250 259 262 271 280 289 292 301 310 319 322 333 342 348 357 363 372 378 387 393 402 408 417 423 432 438 447 453 462 468 477 483 492 498 507 513 522 528 537 543 552
a 4 10 19 22 28 37 43 55 61 70 79 82 88 97 103 112 121 130 139 142 151 160 169 172 181 190 199 202 211 220 229 232 241 250 259 262 271 280 289 292 301 310 319 322 333 342 348 357 363 372 378 387 393 402 408 417 423 432 438 447 453 462 468 477 483 492 498 507 513 522 528 537 543 552
a 4 10 19 22 28 37 43 55 61 70 79 82 88 97 103 115 121 130 139 142 151 160 169 172 181 190 199 202 211 220 229 232 241 250 259 262 271 280 289 292 301 310 319 322 333 342 348 357 363 372 378 387 393 402 408 417 423 432 438 447 453 462 468 477 483 492 498 507 513 522 528 537 543 552
a 4 10 19 22 28 37 43 55 61 70 79 82 88 97 103 115 121 130 139 142 148 160 169 172 181 190 199 202 211 220 229 232 241 250 259 262 271 280 289 292 301 310 319 322 333 342 348 357 363 372 378 387 393 402 408 417 423 432 438 447 453 462 468 477 483 492 498 507 513 522 528 537 543 552
a 4 10 19 22 28 37 43 55 61 70 79 82 88 97 103 115 121 130 139 142 148 157 169 172 181 190 199 202 211 220 229 232 241 250 259 262 271 280 289 292 301 310 319 322 333 342 348 357 363 372 378 387 393 402 408 417 423 432 438 447 453 462 468 477 483 492 498 507 513 522 528 537 543 552
a 4 10 19 22 28 37 43 55 61 70 79 82 88 97 103 115 121 130 139 142 148 157 163 172 181 190 199 202 211 220 229 232 241 250 259 262 271 280 289 292 301 310 319 322 333 342 348 357 363 372 378 387 393 402 408 417 423 432 438 447 453 462 468 477 483 492 498 507 513 522 528 537 543 552
a 4 10 19 22 28 37 43 55 61 70 79 82 88 97 103 115 121 130 139 142 148 157 163 175 181 190 199 202 211 220 229 232 241 250 259 262 271 280 289 292 301 310 319 322 333 342 348 357 363 372 378 387 393 402 408 417 423 432 438 447 453 462 468 477 483 492 498 507 513 522 528 537 543 552
a 4 10 19 22 28 37 43 55 61 70 79 82 88 97 103 115 121 130 139 142 148 157 163 175 181 190 199 202 208 220 229 232 241 250 259 262 271 280 289 292 301 310 319 322 333 342 348 357 363 372 378 387 393 402 408 417 423 432 438 447 453 462 468 477 483 492 498 507 513 522 528 537 543 552
a 4 10 19 22 28 37 43 55 61 70 79 82 88 97 103 115 121 130 139 142 148 157 163 175 181 190 199 202 208 217 229 232 241 250 259 262 271 280 289 292 301 310 319 322 333 342 348 357 363 372 378 387 393 402 408 417 423 432 438 447 453 462 468 477 483 492 498 507 513 522 528 537 543 552
a 4 10 19 22 28 37 43 55 61 70 79 82 88 97 103 115 121 130 139 142 148 157 163 175 181 190 199 202 208 217 223 232 241 250 259 262 271 280 289 292 301 310 319 322 333 342 348 357 363 372 378 387 393 402 408 417 423 432 438 447 453 462 468 477 483 492 498 507 513 522 528 537 543 552
a 4 10 19 22 28 37 43 55 61 70 79 82 88 97 103 115 121 130 139 142 148 157 163 175 181 190 199 202 208 217 223 235 241 250 259 262 271 280 289 292 301 310 319 322 333 342 348 357 363 372 378 387 393 402 408 417 423 432 438 447 453 462 468 477 483 492 498 507 513 522 528 537 543 552
a 4 10 19 22 28 37 43 55 61 70 79 82 88 97 103 115 121 130 139 142 148 157 163 175 181 190 199 202 208 217 223 235 241 250 259 262 268 280 289 292 301 310 319 322 333 342 348 357 363 372 378 387 393 402 408 417 423 432 438 447 453 462 468 477 483 492 498 507 513 522 528 537 543 552
a 4 10 19 22 28 37 43 55 61 70 79 82 88 97 103 115 121 130 139 142 148 157 163 175 181 190 199 202 208 217 223 235 241 250 259 262 268 277 289 292 301 310 319 322 333 342 348 357 363 372 378 387 393 402 408 417 423 432 438 447 453 462 468 477 483 492 498 507 513 522 528 537 543 552
a 4 10 19 22 28 37 43 55 61 70 79 82 88 97 103 115 121 130 139 142 148 157 163 175 181 190 199 202 208 217 223 235 241 250 259 262 268 277 283 292 301 310 319 322 333 342 348 357 363 372 378 387 393 402 408 417 423 432 438 447 453 462 468 477 483 492 498 507 513 522 528 537 543 552
a 4 10 19 22 28 37 43 55 61 70 79 82 88 97 103 115 121 130 139 142 148 157 163 175 181 190 199 202 208 217 223 235 241 250 259 262 268 277 283 295 301 310 319 322 333 342 348 357 363 372 378 387 393 402 408 417 423 432 438 447 453 462 468 477 483 492 498 507 513 522 528 537 543 552
a 4 10 19 22 28 37 43 55 61 70 79 82 88 97 103 115 121 130 139 142 148 157 163 175 181 190 199 202 208 217 223 235 241 250 259 262 268 277 283 295 301 310 319 322 328 342 348 357 363 372 378 387 393 402 408 417 423 432 438 447 453 462 468 477 483 492 498 507 513 522 528 537 543 552
a 4 10 19 22 28 37 43 55 61 70 79 82 88 97 103 115 121 130 139 142 148 157 163 175 181 190 199 202 208 217 223 235 241 250 259 262 268 277 283 295 301 310 319 322 328 337 348 357 363 372 378 387 393 402 408 417 423 432 438 447 453 462 468 477 483 492 498 507 513 522 528 537 543 552
a 4 10 19 22 28 37 43 55 61 70 79 82 88 97 103 115 121 130 139 142 148 157 163 175 181 190 199 202 208 217 223 235 241 250 259 262 268 277 283 295 301 310 319 322 328 337 343 357 363 372 378 387 393 402 408 417 423 432 438 447 453 462 468 477 483 492 498 507 513 522 528 537 543 552
a 4 10 19 22 28 37 43 55 61 70 79 82 88 97 103 115 121 130 139 142 148 157 163 175 181 190 199 202 208 217 223 235 241 250 259 262 268 277 283 295 301 310 319 322 328 337 343 352 363 372 378 387 393 402 408 417 423 432 438 447 453 462 468 477 483 492 498 507 513 522 528 537 543 552
a 4 10 19 22 28 37 43 55 61 70 79 82 88 97 103 115 121 130 139 142 148 157 163 175 181 190 199 202 208 217 223 235 241 250 259 262 268 277 283 295 301 310 319 322 328 337 349 352 363 372 378 387 393 402 408 417 423 432 438 447 453 462 468 477 483 492 498 507 513 522 528 537 543 552
a 4 10 19 22 28 37 43 55 61 70 79 82 88 97 103 115 121 130 139 142 148 157 163 175 181 190 199 202 208 217 223 235 241 250 259 262 268 277 283 295 301 310 319 322 328 340 349 352 363 372 378 387 393 402 408 417 423 432 438 447 453 462 468 477 483 492 498 507 513 522 528 537 543 552
a 4 10 19 22 28 37 43 55 61 70 79 82 88 97 103 115 121 130 139 142 148 157 163 175 181 190 199 202 208 217 223 235 241 250 259 262 268 277 283 295 301 310 319 322 331 340 349 352 363 372 378 387 393 402 408 417 423 432 438 447 453 462 468 477 483 492 498 507 513 522 528 537 543 552
a 4 10 19 22 28 37 43 55 61 70 79 82 88 97 103 115 121 130 139 142 148 157 163 175 181 190 199 202 208 217 223 235 241 250 259 262 268 277 283 292 301 310 319 322 331 340 349 352 363 372 378 387 393 402 408 417 423 432 438 447 453 462 468 477 483 492 498 507 513 522 528 537 543 552
a 4 10 19 22 28 37 43 55 61 70 79 82 88 97 103 115 121 130 139 142 148 157 163 175 181 190 199 202 208 217 223 235 241 250 259 262 268 277 289 292 301 310 319 322 331 340 349 352 363 372 378 387 393 402 408 417 423 432 438 447 453 462 468 477 483 492 498 507 513 522 528 537 543 552
a 4 10 19 22 28 37 43 55 61 70 79 82 88 97 103 115 121 130 139 142 148 157 163 175 181 190 199 202 208 217 223 235 241 250 259 262 268 280 289 292 301 310 319 322 331 340 349 352 363 372 378 387 393 402 408 417 423 432 438 447 453 462 468 477 483 492 498 507 513 522 528 537 543 552
a 4 10 19 22 28 37 43 55 61 70 79 82 88 97 103 115 121 130 139 142 148 157 163 175 181 190 199 202 208 217 223 235 241 250 259 262 271 280 289 292 301 310 319 322 331 340 349 352 363 372 378 387 393 402 408 417 423 432 438 447 453 462 468 477 483 492 498 507 513 522 528 537 543 552
a 4 10 19 22 28 37 43 55 61 70 79 82 88 97 103 115 121 130 139 142 148 157 163 175 181 190 199 202 208 217 223 232 241 250 259 262 271 280 289 292 301 310 319 322 331 340 349 352 363 372 378 387 393 402 408 417 423 432 438 447 453 462 468 477 483 492 498 507 513 522 528 537 543 552
a 4 10 19 22 28 37 43 55 61 70 79 82 88 97 103 115 121 130 139 142 148 157 163 175 181 190 199 202 208 217 229 232 241 250 259 262 271 280 289 292 301 310 319 322 331 340 349 352 363 372 378 387 393 402 408 417 423 432 438 447 453 462 468 477 483 492 498 507 513 522 528 537 543 552
a 4 10 19 22 28 37 43 55 61 70 79 82 88 97 103 115 121 130 139 142 148 157 163 175 181 190 199 202 208 220 229 232 241 250 259 262 271 280 289 292 301 310 319 322 331 340 349 352 363 372 378 387 393 402 408 417 423 432 438 447 453 462 468 477 483 492 498 507 513 522 528 537 543 552
a 4 10 19 22 28 37 43 55 61 70 79 82 88 97 103 115 121 130 139 142 148 157 163 175 181 190 199 202 211 220 229 232 241 250 259 262 271 280 289 292 301 310 319 322 331 340 349 352 363 372 378 387 393 402 408 417 423 432 438 447 453 462 468 477 483 492 498 507 513 522 528 537 543 552
a 4 10 19 22 28 37 43 55 61 70 79 82 88 97 103 115 121 130 139 142 148 157 163 172 181 190 199 202 211 220 229 232 241 250 259 262 271 280 289 292 301 310 319 322 331 340 349 352 363 372 378 387 393 402 408 417 423 432 438 447 453 462 468 477 483 492 498 507 513 522 528 537 543 552
a 4 10 19 22 28 37 43 55 61 70 79 82 88 97 103 115 121 130 139 142 148 157 169 172 181 190 199 202 211 220 229 232 241 250 259 262 271 280 289 292 301 310 319 322 331 340 349 352 363 372 378 387 393 402 408 417 423 432 438 447 453 462 468 477 483 492 498 507 513 522 528 537 543 552
a 4 10 19 22 28 37 43 55 61 70 79 82 88 97 103 115 121 130 139 142 148 160 169 172 181 190 199 202 211 220 229 232 241 250 259 262 271 280 289 292 301 310 319 322 331 340 349 352 363 372 378 387 393 402 408 417 423 432 438 447 453 462 468 477 483 492 498 507 513 522 528 537 543 552
a 4 10 19 22 28 37 43 55 61 70 79 82 88 97 103 115 121 130 139 142 151 160 169 172 181 190 199 202 211 220 229 232 241 250 259 262 271 280 289 292 301 310 319 322 331 340 349 352 363 372 378 387 393 402 408 417 423 432 438 447 453 462 468 477 483 492 498 507 513 522 528 537 543 552
a 4 10 19 22 28 37 43 55 61 70 79 82 88 97 103 112 121 130 139 142 151 160 169 172 181 190 199 202 211 220 229 232 241 250 259 262 271 280 289 292 301 310 319 322 331 340 349 352 363 372 378 387 393 402 408 417 423 432 438 447 453 462 468 477 483 492 498 507 513 522 528 537 543 552
a 4 10 19 22 28 37 43 55 61 70 79 82 88 97 109 112 121 130 139 142 151 160 169 172 181 190 199 202 211 220 229 232 241 250 259 262 271 280 289 292 301 310 319 322 331 340 349 352 363 372 378 387 393 402 408 417 423 432 438 447 453 462 468 477 483 492 498 507 513 522 528 537 543 552
a 4 10 19 22 28 37 43 55 61 70 79 82 88 100 109 112 121 130 139 142 151 160 169 172 181 190 199 202 211 220 229 232 241 250 259 262 271 280 289 292 301 310 319 322 331 340 349 352 363 372 378 387 393 402 408 417 423 432 438 447 453 462 468 477 483 492 498 507 513 522 528 537 543 552
a 4 10 19 22 28 37 43 55 61 70 79 82 91 100 109 112 121 130 139 142 151 160 169 172 181 190 199 202 211 220 229 232 241 250 259 262 271 280 289 292 301 310 319 322 331 340 349 352 363 372 378 387 393 402 408 417 423 432 438 447 453 462 468 477 483 492 498 507 513 522 528 537 543 552
a 4 10 19 22 28 37 43 52 61 70 79 82 91 100 109 112 121 130 139 142 151 160 169 172 181 190 199 202 211 220 229 232 241 250 259 262 271 280 289 292 301 310 319 322 331 340 349 352 363 372 378 387 393 402 408 417 423 432 438 447 453 462 468 477 483 492 498 507 513 522 528 537 543 552
a 4 10 19 22 28 37 49 52 61 70 79 82 91 100 109 112 121 130 139 142 151 160 169 172 181 190 199 202 211 220 229 232 241 250 259 262 271 280 289 292 301 310 319 322 331 340 349 352 363 372 378 387 393 402 408 417 423 432 438 447 453 462 468 477 483 492 498 507 513 522 528 537 543 552
a 4 10 19 22 28 40 49 52 61 70 79 82 91 100 109 112 121 130 139 142 151 160 169 172 181 190 199 202 211 220 229 232 241 250 259 262 271 280 289 292 301 310 319 322 331 340 349 352 363 372 378 387 393 402 408 417 423 432 438 447 453 462 468 477 483 492 498 507 513 522 528 537 543 552
a 4 10 19 22 31 40 49 52 61 70 79 82 91 100 109 112 121 130 139 142 151 160 169 172 181 190 199 202 211 220 229 232 241 250 259 262 271 280 289 292 301 310 319 322 331 340 349 352 363 372 378 387 393 402 408 417 423 432 438 447 453 462 468 477 483 492 498 507 513 522 528 537 543 552
a 1 10 19 22 31 40 49 52 61 70 79 82 91 100 109 112 121 130 139 142 151 160 169 172 181 190 199 202 211 220 229 232 241 250 259 262 271 280 289 292 301 310 319 322 331 340 349 352 363 372 378 387 393 402 408 417 423 432 438 447 453 462 468 477 483 492 498 507 513 522 528 537 543 552
a 1 7 19 22 31 40 49 52 61 70 79 82 91 100 109 112 121 130 139 142 151 160 169 172 181 190 199 202 211 220 229 232 241 250 259 262 271 280 289 292 301 310 319 322 331 340 349 352 363 372 378 387 393 402 408 417 423 432 438 447 453 462 468 477 483 492 498 507 513 522 528 537 543 552
a 1 7 13 22 31 40 49 52 61 70 79 82 91 100 109 112 121 130 139 142 151 160 169 172 181 190 199 202 211 220 229 232 241 250 259 262 271 280 289 292 301 310 319 322 331 340 349 352 363 372 378 387 393 402 408 417 423 432 438 447 453 462 468 477 483 492 498 507 513 522 528 537 543 552
a 1 7 13 25 31 40 49 52 61 70 79 82 91 100 109 112 121 130 139 142 151 160 169 172 181 190 199 202 211 220 229 232 241 250 259 262 271 280 289 292 301 310 319 322 331 340 349 352 363 372 378 387 393 402 408 417 423 432 438 447 453 462 468 477 483 492 498 507 513 522 528 537 543 552
a 1 7 13 25 31 40 49 52 58 70 79 82 91 100 109 112 121 130 139 142 151 160 169 172 181 190 199 202 211 220 229 232 241 250 259 262 271 280 289 292 301 310 319 322 331 340 349 352 363 372 378 387 393 402 408 417 423 432 438 447 453 462 468 477 483 492 498 507 513 522 528 537 543 552
a 1 7 13 25 31 40 49 52 58 67 79 82 91 100 109 112 121 130 139 142 151 160 169 172 181 190 199 202 211 220 229 232 241 250 259 262 271 280 289 292 301 310 319 322 331 340 349 352 363 372 378 387 393 402 408 417 423 432 438 447 453 462 468 477 483 492 498 507 513 522 528 537 543 552
a 1 7 13 25 31 40 49 52 58 67 73 82 91 100 109 112 121 130 139 142 151 160 169 172 181 190 199 202 211 220 229 232 241 250 259 262 271 280 289 292 301 310 319 322 331 340 349 352 363 372 378 387 393 402 408 417 423 432 438 447 453 462 468 477 483 492 498 507 513 522 528 537 543 552
a 1 7 13 25 31 40 49 52 58 67 73 85 91 100 109 112 121 130 139 142 151 160 169 172 181 190 199 202 211 220 229 232 241 250 259 262 271 280 289 292 301 310 319 322 331 340 349 352 363 372 378 387 393 402 408 417 423 432 438 447 453 462 468 477 483 492 498 507 513 522 528 537 543 552
a 1 7 13 25 31 40 49 52 58 67 73 85 91 100 109 112 118 130 139 142 151 160 169 172 181 190 199 202 211 220 229 232 241 250 259 262 271 280 289 292 301 310 319 322 331 340 349 352 363 372 378 387 393 402 408 417 423 432 438 447 453 462 468 477 483 492 498 507 513 522 528 537 543 552
a 1 7 13 25 31 40 49 52 58 67 73 85 91 100 109 112 118 127 139 142 151 160 169 172 181 190 199 202 211 220 229 232 241 250 259 262 271 280 289 292 301 310 319 322 331 340 349 352 363 372 378 387 393 402 408 417 423 432 438 447 453 462 468 477 483 492 498 507 513 522 528 537 543 552
a 1 7 13 25 31 40 49 52 58 67 73 85 91 100 109 112 118 127 133 142 151 160 169 172 181 190 199 202 211 220 229 232 241 250 259 262 271 280 289 292 301 310 319 322 331 340 349 352 363 372 378 387 393 402 408 417 423 432 438 447 453 462 468 477 483 492 498 507 513 522 528 537 543 552
a 1 7 13 25 31 40 49 52 58 67 73 85 91 100 109 112 118 127 133 145 151 160 169 172 181 190 199 202 211 220 229 232 241 250 259 262 271 280 289 292 301 310 319 322 331 340 349 352 363 372 378 387 393 402 408 417 423 432 438 447 453 462 468 477 483 492 498 507 513 522 528 537 543 552
a 1 7 13 25 31 40 49 52 58 67 73 85 91 100 109 112 118 127 133 145 151 160 169 172 178 190 199 202 211 220 229 232 241 250 259 262 271 280 289 292 301 310 319 322 331 340 349 352 363 372 378 387 393 402 408 417 423 432 438 447 453 462 468 477 483 492 498 507 513 522 528 537 543 552
a 1 7 13 25 31 40 49 52 58 67 73 85 91 100 109 112 118 127 133 145 151 160 169 172 178 187 199 202 211 220 229 232 241 250 259 262 271 280 289 292 301 310 319 322 331 340 349 352 363 372 378 387 393 402 408 417 423 432 438 447 453 462 468 477 483 492 498 507 513 522 528 537 543 552
a 1 7 13 25 31 40 49 52 58 67 73 85 91 100 109 112 118 127 133 145 151 160 169 172 178 187 193 202 211 220 229 232 241 250 259 262 271 280 289 292 301 310 319 322 331 340 349 352 363 372 378 387 393 402 408 417 423 432 438 447 453 462 468 477 483 492 498 507 513 522 528 537 543 552
a 1 7 13 25 31 40 49 52 58 67 73 85 91 100 109 112 118 127 133 145 151 160 169 172 178 187 193 205 211 220 229 232 241 250 259 262 271 280 289 292 301 310 319 322 331 340 349 352 363 372 378 387 393 402 408 417 423 432 438 447 453 462 468 477 483 492 498 507 513 522 528 537 543 552
a 1 7 13 25 31 40 49 52 58 67 73 85 91 100 109 112 118 127 133 145 151 160 169 172 178 187 193 205 211 220 229 232 238 250 259 262 271 280 289 292 301 310 319 322 331 340 349 352 363 372 378 387 393 402 408 417 423 432 438 447 453 462 468 477 483 492 498 507 513 522 528 537 543 552
a 1 7 13 25 31 40 49 52 58 67 73 85 91 100 109 112 118 127 133 145 151 160 169 172 178 187 193 205 211 220 229 232 238 247 259 262 271 280 289 292 301 310 319 322 331 340 349 352 363 372 378 387 393 402 408 417 423 432 438 447 453 462 468 477 483 492 498 507 513 522 528 537 543 552
a 1 7 13 25 31 40 49 52 58 67 73 85 91 100 109 112 118 127 133 145 151 160 169 172 178 187 193 205 211 220 229 232 238 247 253 262 271 280 289 292 301 310 319 322 331 340 349 352 363 372 378 387 393 402 408 417 423 432 438 447 453 462 468 477 483 492 498 507 513 522 528 537 543 552
a 1 7 13 25 31 40 49 52 58 67 73 85 91 100 109 112 118 127 133 145 151 160 169 172 178 187 193 205 211 220 229 232 238 247 253 265 271 280 289 292 301 310 319 322 331 340 349 352 363 372 378 387 393 402 408 417 423 432 438 447 453 462 468 477 483 492 498 507 513 522 528 537 543 552
a 1 7 13 25 31 40 49 52 58 67 73 85 91 100 109 112 118 127 133 145 151 160 169 172 178 187 193 205 211 220 229 232 238 247 253 265 271 280 289 292 298 310 319 322 331 340 349 352 363 372 378 387 393 402 408 417 423 432 438 447 453 462 468 477 483 492 498 507 513 522 528 537 543 552
a 1 7 13 25 31 40 49 52 58 67 73 85 91 100 109 112 118 127 133 145 151 160 169 172 178 187 193 205 211 220 229 232 238 247 253 265 271 280 289 292 298 307 319 322 331 340 349 352 363 372 378 387 393 402 408 417 423 432 438 447 453 462 468 477 483 492 498 507 513 522 528 537 543 552
a 1 7 13 25 31 40 49 52 58 67 73 85 91 100 109 112 118 127 133 145 151 160 169 172 178 187 193 205 211 220 229 232 238 247 253 265 271 280 289 292 298 307 313 322 331 340 349 352 363 372 378 387 393 402 408 417 423 432 438 447 453 462 468 477 483 492 498 507 513 522 528 537 543 552
a 1 7 13 25 31 40 49 52 58 67 73 85 91 100 109 112 118 127 133 145 151 160 169 172 178 187 193 205 211 220 229 232 238 247 253 265 271 280 289 292 298 307 313 325 331 340 349 352 363 372 378 387 393 402 408 417 423 432 438 447 453 462 468 477 483 492 498 507 513 522 528 537 543 552
a 1 7 13 25 31 40 49 52 58 67 73 85 91 100 109 112 118 127 133 145 151 160 169 172 178 187 193 205 211 220 229 232 238 247 253 265 271 280 289 292 298 307 313 325 331 340 349 352 358 372 378 387 393 402 408 417 423 432 438 447 453 462 468 477 483 492 498 507 513 522 528 537 543 552
a 1 7 13 25 31 40 49 52 58 67 73 85 91 100 109 112 118 127 133 145 151 160 169 172 178 187 193 205 211 220 229 232 238 247 253 265 271 280 289 292 298 307 313 325 331 340 349 352 358 367 378 387 393 402 408 417 423 432 438 447 453 462 468 477 483 492 498 507 513 522 528 537 543 552
a 1 7 13 25 31 40 49 52 58 67 73 85 91 100 109 112 118 127 133 145 151 160 169 172 178 187 193 205 211 220 229 232 238 247 253 265 271 280 289 292 298 307 313 325 331 340 349 352 358 367 373 387 393 402 408 417 423 432 438 447 453 462 468 477 483 492 498 507 513 522 528 537 543 552
a 1 7 13 25 31 40 49 52 58 67 73 85 91 100 109 112 118 127 133 145 151 160 169 172 178 187 193 205 211 220 229 232 238 247 253 265 271 280 289 292 298 307 313 325 331 340 349 352 358 367 373 382 393 402 408 417 423 432 438 447 453 462 468 477 483 492 498 507 513 522 528 537 543 552
a 1 7 13 25 31 40 49 52 58 67 73 85 91 100 109 112 118 127 133 145 151 160 169 172 178 187 193 205 211 220 229 232 238 247 253 265 271 280 289 292 298 307 313 325 331 340 349 352 358 367 379 382 393 402 408 417 423 432 438 447 453 462 468 477 483 492 498 507 513 522 528 537 543 552
a 1 7 13 25 31 40 49 52 58 67 73 85 91 100 109 112 118 127 133 145 151 160 169 172 178 187 193 205 211 220 229 232 238 247 253 265 271 280 289 292 298 307 313 325 331 340 349 352 358 370 379 382 393 402 408 417 423 432 438 447 453 462 468 477 483 492 498 507 513 522 528 537 543 552
a 1 7 13 25 31 40 49 52 58 67 73 85 91 100 109 112 118 127 133 145 151 160 169 172 178 187 193 205 211 220 229 232 238 247 253 265 271 280 289 292 298 307 313 325 331 340 349 352 361 370 379 382 393 402 408 417 423 432 438 447 453 462 468 477 483 492 498 507 513 522 528 537 543 552
a 1 7 13 25 31 40 49 52 58 67 73 85 91 100 109 112 118 127 133 145 151 160 169 172 178 187 193 205 211 220 229 232 238 247 253 265 271 280 289 292 298 307 313 322 331 340 349 352 361 370 379 382 393 402 408 417 423 432 438 447 453 462 468 477 483 492 498 507 513 522 528 537 543 552
a 1 7 13 25 31 40 49 52 58 67 73 85 91 100 109 112 118 127 133 145 151 160 169 172 178 187 193 205 211 220 229 232 238 247 253 265 271 280 289 292 298 307 319 322 331 340 349 352 361 370 379 382 393 402 408 417 423 432 438 447 453 462 468 477 483 492 498 507 513 522 528 537 543 552
a 1 7 13 25 31 40 49 52 58 67 73 85 91 100 109 112 118 127 133 145 151 160 169 172 178 187 193 205 211 220 229 232 238 247 253 265 271 280 289 292 298 310 319 322 331 340 349 352 361 370 379 382 393 402 408 417 423 432 438 447 453 462 468 477 483 492 498 507 513 522 528 537 543 552
a 1 7 13 25 31 40 49 52 58 67 73 85 91 100 109 112 118 127 133 145 151 160 169 172 178 187 193 205 211 220 229 232 238 247 253 265 271 280 289 292 301 310 319 322 331 340 349 352 361 370 379 382 393 402 408 417 423 432 438 447 453 462 468 477 483 492 498 507 513 522 528 537 543 552
a 1 7 13 25 31 40 49 52 58 67 73 85 91 100 109 112 118 127 133 145 151 160 169 172 178 187 193 205 211 220 229 232 238 247 253 262 271 280 289 292 301 310 319 322 331 340 349 352 361 370 379 382 393 402 408 417 423 432 438 447 453 462 468 477 483 492 498 507 513 522 528 537 543 552
a 1 7 13 25 31 40 49 52 58 67 73 85 91 100 109 112 118 127 133 145 151 160 169 172 178 187 193 205 211 220 229 232 238 247 259 262 271 280 289 292 301 310 319 322 331 340 349 352 361 370 379 382 393 402 408 417 423 432 438 447 453 462 468 477 483 492 498 507 513 522 528 537 543 552
a 1 7 13 25 31 40 49 52 58 67 73 85 91 100 109 112 118 127 133 145 151 160 169 172 178 187 193 205 211 220 229 232 238 250 259 262 271 280 289 292 301 310 319 322 331 340 349 352 361 370 379 382 393 402 408 417 423 432 438 447 453 462 468 477 483 492 498 507 513 522 528 537 543 552
a 1 7 13 25 31 40 49 52 58 67 73 85 91 100 109 112 118 127 133 145 151 160 169 172 178 187 193 205 211 220 229 232 241 250 259 262 271 280 289 292 301 310 319 322 331 340 349 352 361 370 379 382 393 402 408 417 423 432 438 447 453 462 468 477 483 492 498 507 513 522 528 537 543 552
a 1 7 13 25 31 40 49 52 58 67 73 85 91 100 109 112 118 127 133 145 151 160 169 172 178 187 193 202 211 220 229 232 241 250 259 262 271 280 289 292 301 310 319 322 331 340 349 352 361 370 379 382 393 402 408 417 423 432 438 447 453 462 468 477 483 492 498 507 513 522 528 537 543 552
a 1 7 13 25 31 40 49 52 58 67 73 85 91 100 109 112 118 127 133 145 151 160 169 172 178 187 199 202 211 220 229 232 241 250 259 262 271 280 289 292 301 310 319 322 331 340 349 352 361 370 379 382 393 402 408 417 423 432 438 447 453 462 468 477 483 492 498 507 513 522 528 537 543 552
a 1 7 13 25 31 40 49 52 58 67 73 85 91 100 109 112 118 127 133 145 151 160 169 172 178 190 199 202 211 220 229 232 241 250 259 262 271 280 289 292 301 310 319 322 331 340 349 352 361 370 379 382 393 402 408 417 423 432 438 447 453 462 468 477 483 492 498 507 513 522 528 537 543 552
a 1 7 13 25 31 40 49 52 58 67 73 85 91 100 109 112 118 127 133 145 151 160 169 172 181 190 199 202 211 220 229 232 241 250 259 262 271 280 289 292 301 310 319 322 331 340 349 352 361 370 379 382 393 402 408 417 423 432 438 447 453 462 468 477 483 492 498 507 513 522 528 537 543 552
a 1 7 13 25 31 40 49 52 58 67 73 85 91 100 109 112 118 127 133 142 151 160 169 172 181 190 199 202 211 220 229 232 241 250 259 262 271 280 289 292 301 310 319 322 331 340 349 352 361 370 379 382 393 402 408 417 423 432 438 447 453 462 468 477 483 492 498 507 513 522 528 537 543 552
a 1 7 13 25 31 40 49 52 58 67 73 85 91 100 109 112 118 127 139 142 151 160 169 172 181 190 199 202 211 220 229 232 241 250 259 262 271 280 289 292 301 310 319 322 331 340 349 352 361 370 379 382 393 402 408 417 423 432 438 447 453 462 468 477 483 492 498 507 513 522 528 537 543 552
a 1 7 13 25 31 40 49 52 58 67 73 85 91 100 109 112 118 130 139 142 151 160 169 172 181 190 199 202 211 220 229 232 241 250 259 262 271 280 289 292 301 310 319 322 331 340 349 352 361 370 379 382 393 402 408 417 423 432 438 447 453 462 468 477 483 492 498 507 513 522 528 537 543 552
a 1 7 13 25 31 40 49 52 58 67 73 85 91 100 109 112 121 130 139 142 151 160 169 172 181 190 199 202 211 220 229 232 241 250 259 262 271 280 289 292 301 310 319 322 331 340 349 352 361 370 379 382 393 402 408 417 423 432 438 447 453 462 468 477 483 492 498 507 513 522 528 537 543 552
a 1 7 13 25 31 40 49 52 58 67 73 82 91 100 109 112 121 130 139 142 151 160 169 172 181 190 199 202 211 220 229 232 241 250 259 262 271 280 289 292 301 310 319 322 331 340 349 352 361 370 379 382 393 402 408 417 423 432 438 447 453 462 468 477 483 492 498 507 513 522 528 537 543 552
a 1 7 13 25 31 40 49 52 58 67 79 82 91 100 109 112 121 130 139 142 151 160 169 172 181 190 199 202 211 220 229 232 241 250 259 262 271 280 289 292 301 310 319 322 331 340 349 352 361 370 379 382 393 402 408 417 423 432 438 447 453 462 468 477 483 492 498 507 513 522 528 537 543 552
a 1 7 13 25 31 40 49 52 58 70 79 82 91 100 109 112 121 130 139 142 151 160 169 172 181 190 199 202 211 220 229 232 241 250 259 262 271 280 289 292 301 310 319 322 331 340 349 352 361 370 379 382 393 402 408 417 423 432 438 447 453 462 468 477 483 492 498 507 513 522 528 537 543 552
a 1 7 13 25 31 40 49 52 61 70 79 82 91 100 109 112 121 130 139 142 151 160 169 172 181 190 199 202 211 220 229 232 241 250 259 262 271 280 289 292 301 310 319 322 331 340 349 352 361 370 379 382 393 402 408 417 423 432 438 447 453 462 468 477 483 492 498 507 513 522 528 537 543 552
a 1 7 13 22 31 40 49 52 61 70 79 82 91 100 109 112 121 130 139 142 151 160 169 172 181 190 199 202 211 220 229 232 241 250 259 262 271 280 289 292 301 310 319 322 331 340 349 352 361 370 379 382 393 402 408 417 423 432 438 447 453 462 468 477 483 492 498 507 513 522 528 537 543 552
a 1 7 19 22 31 40 49 52 61 70 79 82 91 100 109 112 121 130 139 142 151 160 169 172 181 190 199 202 211 220 229 232 241 250 259 262 271 280 289 292 301 310 319 322 331 340 349 352 361 370 379 382 393 402 408 417 423 432 438 447 453 462 468 477 483 492 498 507 513 522 528 537 543 552
a 1 10 19 22 31 40 49 52 61 70 79 82 91 100 109 112 121 130 139 142 151 160 169 172 181 190 199 202 211 220 229 232 241 250 259 262 271 280 289 292 301 310 319 322 331 340 349 352 361 370 379 382 393 402 408 417 423 432 438 447 453 462 468 477 483 492 498 507 513 522 528 537 543 552
a 4 10 19 22 31 40 49 52 61 70 79 82 91 100 109 112 121 130 139 142 151 160 169 172 181 190 199 202 211 220 229 232 241 250 259 262 271 280 289 292 301 310 319 322 331 340 349 352 361 370 379 382 393 402 408 417 423 432 438 447 453 462 468 477 483 492 498 507 513 522 528 537 543 552
a 4 10 19 22 28 40 49 52 61 70 79 82 91 100 109 112 121 130 139 142 151 160 169 172 181 190 199 202 211 220 229 232 241 250 259 262 271 280 289 292 301 310 319 322 331 340 349 352 361 370 379 382 393 402 408 417 423 432 438 447 453 462 468 477 483 492 498 507 513 522 528 537 543 552
a 4 10 19 22 28 37 49 52 61 70 79 82 91 100 109 112 121 130 139 142 151 160 169 172 181 190 199 202 211 220 229 232 241 250 259 262 271 280 289 292 301 310 319 322 331 340 349 352 361 370 379 382 393 402 408 417 423 432 438 447 453 462 468 477 483 492 498 507 513 522 528 537 543 552
a 4 10 19 22 28 37 43 52 61 70 79 82 91 100 109 112 121 130 139 142 151 160 169 172 181 190 199 202 211 220 229 232 241 250 259 262 271 280 289 292 301 310 319 322 331 340 349 352 361 370 379 382 393 402 408 417 423 432 438 447 453 462 468 477 483 492 498 507 513 522 528 537 543 552
a 4 10 19 22 28 37 43 55 61 70 79 82 91 100 109 112 121 130 139 142 151 160 169 172 181 190 199 202 211 220 229 232 241 250 259 262 271 280 289 292 301 310 319 322 331 340 349 352 361 370 379 382 393 402 408 417 423 432 438 447 453 462 468 477 483 492 498 507 513 522 528 537 543 552
a 4 10 19 22 28 37 43 55 61 70 79 82 88 100 109 112 121 130 139 142 151 160 169 172 181 190 199 202 211 220 229 232 241 250 259 262 271 280 289 292 301 310 319 322 331 340 349 352 361 370 379 382 393 402 408 417 423 432 438 447 453 462 468 477 483 492 498 507 513 522 528 537 543 552
a 4 10 19 22 28 37 43 55 61 70 79 82 88 97 109 112 121 130 139 142 151 160 169 172 181 190 199 202 211 220 229 232 241 250 259 262 271 280 289 292 301 310 319 322 331 340 349 352 361 370 379 382 393 402 408 417 423 432 438 447 453 462 468 477 483 492 498 507 513 522 528 537 543 552
a 4 10 19 22 28 37 43 55 61 70 79 82 88 97 103 112 121 130 139 142 151 160 169 172 181 190 199 202 211 220 229 232 241 250 259 262 271 280 289 292 301 310 319 322 331 340 349 352 361 370 379 382 393 402 408 417 423 432 438 447 453 462 468 477 483 492 498 507 513 522 528 537 543 552
a 4 10 19 22 28 37 43 55 61 70 79 82 88 97 103 115 121 130 139 142 151 160 169 172 181 190 199 202 211 220 229 232 241 250 259 262 271 280 289 292 301 310 319 322 331 340 349 352 361 370 379 382 393 402 408 417 423 432 438 447 453 462 468 477 483 492 498 507 513 522 528 537 543 552
a 4 10 19 22 28 37 43 55 61 70 79 82 88 97 103 115 121 130 139 142 148 160 169 172 181 190 199 202 211 220 229 232 241 250 259 262 271 280 289 292 301 310 319 322 331 340 349 352 361 370 379 382 393 402 408 417 423 432 438 447 453 462 468 477 483 492 498 507 513 522 528 537 543 552
a 4 10 19 22 28 37 43 55 61 70 79 82 88 97 103 115 121 130 139 142 148 157 169 172 181 190 199 202 211 220 229 232 241 250 259 262 271 280 289 292 301 310 319 322 331 340 349 352 361 370 379 382 393 402 408 417 423 432 438 447 453 462 468 477 483 492 498 507 513 522 528 537 543 552
a 4 10 19 22 28 37 43 55 61 70 79 82 88 97 103 115 121 130 139 142 148 157 163 172 181 190 199 202 211 220 229 232 241 250 259 262 271 280 289 292 301 310 319 322 331 340 349 352 361 370 379 382 393 402 408 417 423 432 438 447 453 462 468 477 483 492 498 507 513 522 528 537 543 552
a 4 10 19 22 28 37 43 55 61 70 79 82 88 97 103 115 121 130 139 142 148 157 163 175 181 190 199 202 211 220 229 232 241 250 259 262 271 280 289 292 301 310 319 322 331 340 349 352 361 370 379 382 393 402 408 417 423 432 438 447 453 462 468 477 483 492 498 507 513 522 528 537 543 552
a 4 10 19 22 28 37 43 55 61 70 79 82 88 97 103 115 121 130 139 142 148 157 163 175 181 190 199 202 208 220 229 232 241 250 259 262 271 280 289 292 301 310 319 322 331 340 349 352 361 370 379 382 393 402 408 417 423 432 438 447 453 462 468 477 483 492 498 507 513 522 528 537 543 552
a 4 10 19 22 28 37 43 55 61 70 79 82 88 97 103 115 121 130 139 142 148 157 163 175 181 190 199 202 208 217 229 232 241 250 259 262 271 280 289 292 301 310 319 322 331 340 349 352 361 370 379 382 393 402 408 417 423 432 438 447 453 462 468 477 483 492 498 507 513 522 528 537 543 552
a 4 10 19 22 28 37 43 55 61 70 79 82 88 97 103 115 121 130 139 142 148 157 163 175 181 190 199 202 208 217 223 232 241 250 259 262 271 280 289 292 301 310 319 322 331 340 349 352 361 370 379 382 393 402 408 417 423 432 438 447 453 462 468 477 483 492 498 507 513 522 528 537 543 552
a 4 10 19 22 28 37 43 55 61 70 79 82 88 97 103 115 121 130 139 142 148 157 163 175 181 190 199 202 208 217 223 235 241 250 259 262 271 280 289 292 301 310 319 322 331 340 349 352 361 370 379 382 393 402 408 417 423 432 438 447 453 462 468 477 483 492 498 507 513 522 528 537 543 552
a 4 10 19 22 28 37 43 55 61 70 79 82 88 97 103 115 121 130 139 142 148 157 163 175 181 190 199 202 208 217 223 235 241 250 259 262 268 280 289 292 301 310 319 322 331 340 349 352 361 370 379 382 393 402 408 417 423 432 438 447 453 462 468 477 483 492 498 507 513 522 528 537 543 552
a 4 10 19 22 28 37 43 55 61 70 79 82 88 97 103 115 121 130 139 142 148 157 163 175 181 190 199 202 208 217 223 235 241 250 259 262 268 277 289 292 301 310 319 322 331 340 349 352 361 370 379 382 393 402 408 417 423 432 438 447 453 462 468 477 483 492 498 507 513 522 528 537 543 552
a 4 10 19 22 28 37 43 55 61 70 79 82 88 97 103 115 121 130 139 142 148 157 163 175 181 190 199 202 208 217 223 235 241 250 259 262 268 277 283 292 301 310 319 322 331 340 349 352 361 370 379 382 393 402 408 417 423 432 438 447 453 462 468 477 483 492 498 507 513 522 528 537 543 552
a 4 10 19 22 28 37 43 55 61 70 79 82 88 97 103 115 121 130 139 142 148 157 163 175 181 190 199 202 208 217 223 235 241 250 259 262 268 277 283 295 301 310 319 322 331 340 349 352 361 370 379 382 393 402 408 417 423 432 438 447 453 462 468 477 483 492 498 507 513 522 528 537 543 552
a 4 10 19 22 28 37 43 55 61 70 79 82 88 97 103 115 121 130 139 142 148 157 163 175 181 190 199 202 208 217 223 235 241 250 259 262 268 277 283 295 301 310 319 322 328 340 349 352 361 370 379 382 393 402 408 417 423 432 438 447 453 462 468 477 483 492 498 507 513 522 528 537 543 552
a 4 10 19 22 28 37 43 55 61 70 79 82 88 97 103 115 121 130 139 142 148 157 163 175 181 190 199 202 208 217 223 235 241 250 259 262 268 277 283 295 301 310 319 322 328 337 349 352 361 370 379 382 393 402 408 417 423 432 438 447 453 462 468 477 483 492 498 507 513 522 528 537 543 552
a 4 10 19 22 28 37 43 55 61 70 79 82 88 97 103 115 121 130 139 142 148 157 163 175 181 190 199 202 208 217 223 235 241 250 259 262 268 277 283 295 301 310 319 322 328 337 343 352 361 370 379 382 393 402 408 417 423 432 438 447 453 462 468 477 483 492 498 507 513 522 528 537 543 552
a 4 10 19 22 28 37 43 55 61 70 79 82 88 97 103 115 121 130 139 142 148 157 163 175 181 190 199 202 208 217 223 235 241 250 259 262 268 277 283 295 301 310 319 322 328 337 343 355 361 370 379 382 393 402 408 417 423 432 438 447 453 462 468 477 483 492 498 507 513 522 528 537 543 552
a 4 10 19 22 28 37 43 55 61 70 79 82 88 97 103 115 121 130 139 142 148 157 163 175 181 190 199 202 208 217 223 235 241 250 259 262 268 277 283 295 301 310 319 322 328 337 343 355 361 370 379 382 388 402 408 417 423 432 438 447 453 462 468 477 483 492 498 507 513 522 528 537 543 552
a 4 10 19 22 28 37 43 55 61 70 79 82 88 97 103 115 121 130 139 142 148 157 163 175 181 190 199 202 208 217 223 235 241 250 259 262 268 277 283 295 301 310 319 322 328 337 343 355 361 370 379 382 388 397 408 417 423 432 438 447 453 462 468 477 483 492 498 507 513 522 528 537 543 552
a 4 10 19 22 28 37 43 55 61 70 79 82 88 97 103 115 121 130 139 142 148 157 163 175 181 190 199 202 208 217 223 235 241 250 259 262 268 277 283 295 301 310 319 322 328 337 343 355 361 370 379 382 388 397 403 417 423 432 438 447 453 462 468 477 483 492 498 507 513 522 528 537 543 552
a 4 10 19 22 28 37 43 55 61 70 79 82 88 97 103 115 121 130 139 142 148 157 163 175 181 190 199 202 208 217 223 235 241 250 259 262 268 277 283 295 301 310 319 322 328 337 343 355 361 370 379 382 388 397 403 412 423 432 438 447 453 462 468 477 483 492 498 507 513 522 528 537 543 552
a 4 10 19 22 28 37 43 55 61 70 79 82 88 97 103 115 121 130 139 142 148 157 163 175 181 190 199 202 208 217 223 235 241 250 259 262 268 277 283 295 301 310 319 322 328 337 343 355 361 370 379 382 388 397 409 412 423 432 438 447 453 462 468 477 483 492 498 507 513 522 528 537 543 552
a 4 10 19 22 28 37 43 55 61 70 79 82 88 97 103 115 121 130 139 142 148 157 163 175 181 190 199 202 208 217 223 235 241 250 259 262 268 277 283 295 301 310 319 322 328 337 343 355 361 370 379 382 388 400 409 412 423 432 438 447 453 462 468 477 483 492 498 507 513 522 528 537 543 552
a 4 10 19 22 28 37 43 55 61 70 79 82 88 97 103 115 121 130 139 142 148 157 163 175 181 190 199 202 208 217 223 235 241 250 259 262 268 277 283 295 301 310 319 322 328 337 343 355 361 370 379 382 391 400 409 412 423 432 438 447 453 462 468 477 483 492 498 507 513 522 528 537 543 552
a 4 10 19 22 28 37 43 55 61 70 79 82 88 97 103 115 121 130 139 142 148 157 163 175 181 190 199 202 208 217 223 235 241 250 259 262 268 277 283 295 301 310 319 322 328 337 343 352 361 370 379 382 391 400 409 412 423 432 438 447 453 462 468 477 483 492 498 507 513 522 528 537 543 552
a 4 10 19 22 28 37 43 55 61 70 79 82 88 97 103 115 121 130 139 142 148 157 163 175 181 190 199 202 208 217 223 235 241 250 259 262 268 277 283 295 301 310 319 322 328 337 349 352 361 370 379 382 391 400 409 412 423 432 438 447 453 462 468 477 483 492 498 507 513 522 528 537 543 552
a 4 10 19 22 28 37 43 55 61 70 79 82 88 97 103 115 121 130 139 142 148 157 163 175 181 190 199 202 208 217 223 235 241 250 259 262 268 277 283 295 301 310 319 322 328 340 349 352 361 370 379 382 391 400 409 412 423 432 438 447 453 462 468 477 483 492 498 507 513 522 528 537 543 552
a 4 10 19 22 28 37 43 55 61 70 79 82 88 97 103 115 121 130 139 142 148 157 163 175 181 190 199 202 208 217 223 235 241 250 259 262 268 277 283 295 301 310 319 322 331 340 349 352 361 370 379 382 391 400 409 412 423 432 438 447 453 462 468 477 483 492 498 507 513 522 528 537 543 552
a 4 10 19 22 28 37 43 55 61 70 79 82 88 97 103 115 121 130 139 142 148 157 163 175 181 190 199 202 208 217 223 235 241 250 259 262 268 277 283 292 301 310 319 322 331 340 349 352 361 370 379 382 391 400 409 412 423 432 438 447 453 462 468 477 483 492 498 507 513 522 528 537 543 552
a 4 10 19 22 28 37 43 55 61 70 79 82 88 97 103 115 121 130 139 142 148 157 163 175 181 190 199 202 208 217 223 235 241 250 259 262 268 277 289 292 301 310 319 322 331 340 349 352 361 370 379 382 391 400 409 412 423 432 438 447 453 462 468 477 483 492 498 507 513 522 528 537 543 552
a 4 10 19 22 28 37 43 55 61 70 79 82 88 97 103 115 121 130 139 142 148 157 163 175 181 190 199 202 208 217 223 235 241 250 259 262 268 280 289 292 301 310 319 322 331 340 349 352 361 370 379 382 391 400 409 412 423 432 438 447 453 462 468 477 483 492 498 507 513 522 528 537 543 552
a 4 10 19 22 28 37 43 55 61 70 79 82 88 97 103 115 121 130 139 142 148 157 163 175 181 190 199 202 208 217 223 235 241 250 259 262 271 280 289 292 301 310 319 322 331 340 349 352 361 370 379 382 391 400 409 412 423 432 438 447 453 462 468 477 483 492 498 507 513 522 528 537 543 552
a 4 10 19 22 28 37 43 55 61 70 79 82 88 97 103 115 121 130 139 142 148 157 163 175 181 190 199 202 208 217 223 232 241 250 259 262 271 280 289 292 301 310 319 322 331 340 349 352 361 370 379 382 391 400 409 412 423 432 438 447 453 462 468 477 483 492 498 507 513 522 528 537 543 552
a 4 10 19 22 28 37 43 55 61 70 79 82 88 97 103 115 121 130 139 142 148 157 163 175 181 190 199 202 208 217 229 232 241 250 259 262 271 280 289 292 301 310 319 322 331 340 349 352 361 370 379 382 391 400 409 412 423 432 438 447 453 462 468 477 483 492 498 507 513 522 528 537 543 552
a 4 10 19 22 28 37 43 55 61 70 79 82 88 97 103 115 121 130 139 142 148 157 163 175 181 190 199 202 208 220 229 232 241 250 259 262 271 280 289 292 301 310 319 322 331 340 349 352 361 370 379 382 391 400 409 412 423 432 438 447 453 462 468 477 483 492 498 507 513 522 528 537 543 552
a 4 10 19 22 28 37 43 55 61 70 79 82 88 97 103 115 121 130 139 142 148 157 163 175 181 190 199 202 211 220 229 232 241 250 259 262 271 280 289 292 301 310 319 322 331 340 349 352 361 370 379 382 391 400 409 412 423 432 438 447 453 462 468 477 483 492 498 507 513 522 528 537 543 552
a 4 10 19 22 28 37 43 55 61 70 79 82 88 97 103 115 121 130 139 142 148 157 163 172 181 190 199 202 211 220 229 232 241 250 259 262 271 280 289 292 301 310 319 322 331 340 349 352 361 370 379 382 391 400 409 412 423 432 438 447 453 462 468 477 483 492 498 507 513 522 528 537 543 552
a 4 10 19 22 28 37 43 55 61 70 79 82 88 97 103 115 121 130 139 142 148 157 169 172 181 190 199 202 211 220 229 232 241 250 259 262 271 280 289 292 301 310 319 322 331 340 349 352 361 370 379 382 391 400 409 412 423 432 438 447 453 462 468 477 483 492 498 507 513 522 528 537 543 552
a 4 10 19 22 28 37 43 55 61 70 79 82 88 97 103 115 121 130 139 142 148 160 169 172 181 190 199 202 211 220 229 232 241 250 259 262 271 280 289 292 301 310 319 322 331 340 349 352 361 370 379 382 391 400 409 412 423 432 438 447 453 462 468 477 483 492 498 507 513 522 528 537 543 552
a 4 10 19 22 28 37 43 55 61 70 79 82 88 97 103 115 121 130 139 142 151 160 169 172 181 190 199 202 211 220 229 232 241 250 259 262 271 280 289 292 301 310 319 322 331 340 349 352 361 370 379 382 391 400 409 412 423 432 438 447 453 462 468 477 483 492 498 507 513 522 528 537 543 552
a 4 10 19 22 28 37 43 55 61 70 79 82 88 97 103 112 121 130 139 142 151 160 169 172 181 190 199 202 211 220 229 232 241 250 259 262 271 280 289 292 301 310 319 322 331 340 349 352 361 370 379 382 391 400 409 412 423 432 438 447 453 462 468 477 483 492 498 507 513 522 528 537 543 552
a 4 10 19 22 28 37 43 55 61 70 79 82 88 97 109 112 121 130 139 142 151 160 169 172 181 190 199 202 211 220 229 232 241 250 259 262 271 280 289 292 301 310 319 322 331 340 349 352 361 370 379 382 391 400 409 412 423 432 438 447 453 462 468 477 483 492 498 507 513 522 528 537 543 552
a 4 10 19 22 28 37 43 55 61 70 79 82 88 100 109 112 121 130 139 142 151 160 169 172 181 190 199 202 211 220 229 232 241 250 259 262 271 280 289 292 301 310 319 322 331 340 349 352 361 370 379 382 391 400 409 412 423 432 438 447 453 462 468 477 483 492 498 507 513 522 528 537 543 552
a 4 10 19 22 28 37 43 55 61 70 79 82 91 100 109 112 121 130 139 142 151 160 169 172 181 190 199 202 211 220 229 232 241 250 259 262 271 280 289 292 301 310 319 322 331 340 349 352 361 370 379 382 391 400 409 412 423 432 438 447 453 462 468 477 483 492 498 507 513 522 528 537 543 552
a 4 10 19 22 28 37 43 52 61 70 79 82 91 100 109 112 121 130 139 142 151 160 169 172 181 190 199 202 211 220 229 232 241 250 259 262 271 280 289 292 301 310 319 322 331 340 349 352 361 370 379 382 391 400 409 412 423 432 438 447 453 462 468 477 483 492 498 507 513 522 528 537 543 552
a 4 10 19 22 28 37 49 52 61 70 79 82 91 100 109 112 121 130 139 142 151 160 169 172 181 190 199 202 211 220 229 232 241 250 259 262 271 280 289 292 301 310 319 322 331 340 349 352 361 370 379 382 391 400 409 412 423 432 438 447 453 462 468 477 483 492 498 507 513 522 528 537 543 552
a 4 10 19 22 28 40 49 52 61 70 79 82 91 100 109 112 121 130 139 142 151 160 169 172 181 190 199 202 211 220 229 232 241 250 259 262 271 280 289 292 301 310 319 322 331 340 349 352 361 370 379 382 391 400 409 412 423 432 438 447 453 462 468 477 483 492 498 507 513 522 528 537 543 552
a 4 10 19 22 31 40 49 52 61 70 79 82 91 100 109 112 121 130 139 142 151 160 169 172 181 190 199 202 211 220 229 232 241 250 259 262 271 280 289 292 301 310 319 322 331 340 349 352 361 370 379 382 391 400 409 412 423 432 438 447 453 462 468 477 483 492 498 507 513 522 528 537 543 552
a 1 10 19 22 31 40 49 52 61 70 79 82 91 100 109 112 121 130 139 142 151 160 169 172 181 190 199 202 211 220 229 232 241 250 259 262 271 280 289 292 301 310 319 322 331 340 349 352 361 370 379 382 391 400 409 412 423 432 438 447 453 462 468 477 483 492 498 507 513 522 528 537 543 552
a 1 7 19 22 31 40 49 52 61 70 79 82 91 100 109 112 121 130 139 142 151 160 169 172 181 190 199 202 211 220 229 232 241 250 259 262 271 280 289 292 301 310 319 322 331 340 349 352 361 370 379 382 391 400 409 412 423 432 438 447 453 462 468 477 483 492 498 507 513 522 528 537 543 552
a 1 7 13 22 31 40 49 52 61 70 79 82 91 100 109 112 121 130 139 142 151 160 169 172 181 190 199 202 211 220 229 232 241 250 259 262 271 280 289 292 301 310 319 322 331 340 349 352 361 370 379 382 391 400 409 412 423 432 438 447 453 462 468 477 483 492 498 507 513 522 528 537 543 552
a 1 7 13 25 31 40 49 52 61 70 79 82 91 100 109 112 121 130 139 142 151 160 169 172 181 190 199 202 211 220 229 232 241 250 259 262 271 280 289 292 301 310 319 322 331 340 349 352 361 370 379 382 391 400 409 412 423 432 438 447 453 462 468 477 483 492 498 507 513 522 528 537 543 552
a 1 7 13 25 31 40 49 52 58 70 79 82 91 100 109 112 121 130 139 142 151 160 169 172 181 190 199 202 211 220 229 232 241 250 259 262 271 280 289 292 301 310 319 322 331 340 349 352 361 370 379 382 391 400 409 412 423 432 438 447 453 462 468 477 483 492 498 507 513 522 528 537 543 552
a 1 7 13 25 31 40 49 52 58 67 79 82 91 100 109 112 121 130 139 142 151 160 169 172 181 190 199 202 211 220 229 232 241 250 259 262 271 280 289 292 301 310 319 322 331 340 349 352 361 370 379 382 391 400 409 412 423 432 438 447 453 462 468 477 483 492 498 507 513 522 528 537 543 552
a 1 7 13 25 31 40 49 52 58 67 73 82 91 100 109 112 121 130 139 142 151 160 169 172 181 190 199 202 211 220 229 232 241 250 259 262 271 280 289 292 301 310 319 322 331 340 349 352 361 370 379 382 391 400 409 412 423 432 438 447 453 462 468 477 483 492 498 507 513 522 528 537 543 552
a 1 7 13 25 31 40 49 52 58 67 73 85 91 100 109 112 121 130 139 142 151 160 169 172 181 190 199 202 211 220 229 232 241 250 259 262 271 280 289 292 301 310 319 322 331 340 349 352 361 370 379 382 391 400 409 412 423 432 438 447 453 462 468 477 483 492 498 507 513 522 528 537 543 552
a 1 7 13 25 31 40 49 52 58 67 73 85 91 100 109 112 118 130 139 142 151 160 169 172 181 190 199 202 211 220 229 232 241 250 259 262 271 280 289 292 301 310 319 322 331 340 349 352 361 370 379 382 391 400 409 412 423 432 438 447 453 462 468 477 483 492 498 507 513 522 528 537 543 552
a 1 7 13 25 31 40 49 52 58 67 73 85 91 100 109 112 118 127 139 142 151 160 169 172 181 190 199 202 211 220 229 232 241 250 259 262 271 280 289 292 301 310 319 322 331 340 349 352 361 370 379 382 391 400 409 412 423 432 438 447 453 462 468 477 483 492 498 507 513 522 528 537 543 552
a 1 7 13 25 31 40 49 52 58 67 73 85 91 100 109 112 118 127 133 142 151 160 169 172 181 190 199 202 211 220 229 232 241 250 259 262 271 280 289 292 301 310 319 322 331 340 349 352 361 370 379 382 391 400 409 412 423 432 438 447 453 462 468 477 483 492 498 507 513 522 528 537 543 552
a 1 7 13 25 31 40 49 52 58 67 73 85 91 100 109 112 118 127 133 145 151 160 169 172 181 190 199 202 211 220 229 232 241 250 259 262 271 280 289 292 301 310 319 322 331 340 349 352 361 370 379 382 391 400 409 412 423 432 438 447 453 462 468 477 483 492 498 507 513 522 528 537 543 552
a 1 7 13 25 31 40 49 52 58 67 73 85 91 100 109 112 118 127 133 145 151 160 169 172 178 190 199 202 211 220 229 232 241 250 259 262 271 280 289 292 301 310 319 322 331 340 349 352 361 370 379 382 391 400 409 412 423 432 438 447 453 462 468 477 483 492 498 507 513 522 528 537 543 552
a 1 7 13 25 31 40 49 52 58 67 73 85 91 100 109 112 118 127 133 145 151 160 169 172 178 187 199 202 211 220 229 232 241 250 259 262 271 280 289 292 301 310 319 322 331 340 349 352 361 370 379 382 391 400 409 412 423 432 438 447 453 462 468 477 483 492 498 507 513 522 528 537 543 552
a 1 7 13 25 31 40 49 52 58 67 73 85 91 100 109 112 118 127 133 145 151 160 169 172 178 187 193 202 211 220 229 232 241 250 259 262 271 280 289 292 301 310 319 322 331 340 349 352 361 370 379 382 391 400 409 412 423 432 438 447 453 462 468 477 483 492 498 507 513 522 528 537 543 552
a 1 7 13 25 31 40 49 52 58 67 73 85 91 100 109 112 118 127 133 145 151 160 169 172 178 187 193 205 211 220 229 232 241 250 259 262 271 280 289 292 301 310 319 322 331 340 349 352 361 370 379 382 391 400 409 412 423 432 438 447 453 462 468 477 483 492 498 507 513 522 528 537 543 552
a 1 7 13 25 31 40 49 52 58 67 73 85 91 100 109 112 118 127 133 145 151 160 169 172 178 187 193 205 211 220 229 232 238 250 259 262 271 280 289 292 301 310 319 322 331 340 349 352 361 370 379 382 391 400 409 412 423 432 438 447 453 462 468 477 483 492 498 507 513 522 528 537 543 552
a 1 7 13 25 31 40 49 52 58 67 73 85 91 100 109 112 118 127 133 145 151 160 169 172 178 187 193 205 211 220 229 232 238 247 259 262 271 280 289 292 301 310 319 322 331 340 349 352 361 370 379 382 391 400 409 412 423 432 438 447 453 462 468 477 483 492 498 507 513 522 528 537 543 552
a 1 7 13 25 31 40 49 52 58 67 73 85 91 100 109 112 118 127 133 145 151 160 169 172 178 187 193 205 211 220 229 232 238 247 253 262 271 280 289 292 301 310 319 322 331 340 349 352 361 370 379 382 391 400 409 412 423 432 438 447 453 462 468 477 483 492 498 507 513 522 528 537 543 552
a 1 7 13 25 31 40 49 52 58 67 73 85 91 100 109 112 118 127 133 145 151 160 169 172 178 187 193 205 211 220 229 232 238 247 253 265 271 280 289 292 301 310 319 322 331 340 349 352 361 370 379 382 391 400 409 412 423 432 438 447 453 462 468 477 483 492 498 507 513 522 528 537 543 552
a 1 7 13 25 31 40 49 52 58 67 73 85 91 100 109 112 118 127 133 145 151 160 169 172 178 187 193 205 211 220 229 232 238 247 253 265 271 280 289 292 298 310 319 322 331 340 349 352 361 370 379 382 391 400 409 412 423 432 438 447 453 462 468 477 483 492 498 507 513 522 528 537 543 552
a 1 7 13 25 31 40 49 52 58 67 73 85 91 100 109 112 118 127 133 145 151 160 169 172 178 187 193 205 211 220 229 232 238 247 253 265 271 280 289 292 298 307 319 322 331 340 349 352 361 370 379 382 391 400 409 412 423 432 438 447 453 462 468 477 483 492 498 507 513 522 528 537 543 552
a 1 7 13 25 31 40 49 52 58 67 73 85 91 100 109 112 118 127 133 145 151 160 169 172 178 187 193 205 211 220 229 232 238 247 253 265 271 280 289 292 298 307 313 322 331 340 349 352 361 370 379 382 391 400 409 412 423 432 438 447 453 462 468 477 483 492 498 507 513 522 528 537 543 552
a 1 7 13 25 31 40 49 52 58 67 73 85 91 100 109 112 118 127 133 145 151 160 169 172 178 187 193 205 211 220 229 232 238 247 253 265 271 280 289 292 298 307 313 325 331 340 349 352 361 370 379 382 391 400 409 412 423 432 438 447 453 462 468 477 483 492 498 507 513 522 528 537 543 552
a 1 7 13 25 31 40 49 52 58 67 73 85 91 100 109 112 118 127 133 145 151 160 169 172 178 187 193 205 211 220 229 232 238 247 253 265 271 280 289 292 298 307 313 325 331 340 349 352 358 370 379 382 391 400 409 412 423 432 438 447 453 462 468 477 483 492 498 507 513 522 528 537 543 552
a 1 7 13 25 31 40 49 52 58 67 73 85 91 100 109 112 118 127 133 145 151 160 169 172 178 187 193 205 211 220 229 232 238 247 253 265 271 280 289 292 298 307 313 325 331 340 349 352 358 367 379 382 391 400 409 412 423 432 438 447 453 462 468 477 483 492 498 507 513 522 528 537 543 552
a 1 7 13 25 31 40 49 52 58 67 73 85 91 100 109 112 118 127 133 145 151 160 169 172 178 187 193 205 211 220 229 232 238 247 253 265 271 280 289 292 298 307 313 325 331 340 349 352 358 367 373 382 391 400 409 412 423 432 438 447 453 462 468 477 483 492 498 507 513 522 528 537 543 552
a 1 7 13 25 31 40 49 52 58 67 73 85 91 100 109 112 118 127 133 145 151 160 169 172 178 187 193 205 211 220 229 232 238 247 253 265 271 280 289 292 298 307 313 325 331 340 349 352 358 367 373 385 391 400 409 412 423 432 438 447 453 462 468 477 483 492 498 507 513 522 528 537 543 552
a 1 7 13 25 31 40 49 52 58 67 73 85 91 100 109 112 118 127 133 145 151 160 169 172 178 187 193 205 211 220 229 232 238 247 253 265 271 280 289 292 298 307 313 325 331 340 349 352 358 367 373 385 391 400 409 412 418 432 438 447 453 462 468 477 483 492 498 507 513 522 528 537 543 552
a 1 7 13 25 31 40 49 52 58 67 73 85 91 100 109 112 118 127 133 145 151 160 169 172 178 187 193 205 211 220 229 232 238 247 253 265 271 280 289 292 298 307 313 325 331 340 349 352 358 367 373 385 391 400 409 412 418 427 438 447 453 462 468 477 483 492 498 507 513 522 528 537 543 552
a 1 7 13 25 31 40 49 52 58 67 73 85 91 100 109 112 118 127 133 145 151 160 169 172 178 187 193 205 211 220 229 232 238 247 253 265 271 280 289 292 298 307 313 325 331 340 349 352 358 367 373 385 391 400 409 412 418 427 433 447 453 462 468 477 483 492 498 507 513 522 528 537 543 552
a 1 7 13 25 31 40 49 52 58 67 73 85 91 100 109 112 118 127 133 145 151 160 169 172 178 187 193 205 211 220 229 232 238 247 253 265 271 280 289 292 298 307 313 325 331 340 349 352 358 367 373 385 391 400 409 412 418 427 433 442 453 462 468 477 483 492 498 507 513 522 528 537 543 552
a 1 7 13 25 31 40 49 52 58 67 73 85 91 100 109 112 118 127 133 145 151 160 169 172 178 187 193 205 211 220 229 232 238 247 253 265 271 280 289 292 298 307 313 325 331 340 349 352 358 367 373 385 391 400 409 412 418 427 439 442 453 462 468 477 483 492 498 507 513 522 528 537 543 552
a 1 7 13 25 31 40 49 52 58 67 73 85 91 100 109 112 118 127 133 145 151 160 169 172 178 187 193 205 211 220 229 232 238 247 253 265 271 280 289 292 298 307 313 325 331 340 349 352 358 367 373 385 391 400 409 412 418 430 439 442 453 462 468 477 483 492 498 507 513 522 528 537 543 552
a 1 7 13 25 31 40 49 52 58 67 73 85 91 100 109 112 118 127 133 145 151 160 169 172 178 187 193 205 211 220 229 232 238 247 253 265 271 280 289 292 298 307 313 325 331 340 349 352 358 367 373 385 391 400 409 412 421 430 439 442 453 462 468 477 483 492 498 507 513 522 528 537 543 552
a 1 7 13 25 31 40 49 52 58 67 73 85 91 100 109 112 118 127 133 145 151 160 169 172 178 187 193 205 211 220 229 232 238 247 253 265 271 280 289 292 298 307 313 325 331 340 349 352 358 367 373 382 391 400 409 412 421 430 439 442 453 462 468 477 483 492 498 507 513 522 528 537 543 552
a 1 7 13 25 31 40 49 52 58 67 73 85 91 100 109 112 118 127 133 145 151 160 169 172 178 187 193 205 211 220 229 232 238 247 253 265 271 280 289 292 298 307 313 325 331 340 349 352 358 367 379 382 391 400 409 412 421 430 439 442 453 462 468 477 483 492 498 507 513 522 528 537 543 552
a 1 7 13 25 31 40 49 52 58 67 73 85 91 100 109 112 118 127 133 145 151 160 169 172 178 187 193 205 211 220 229 232 238 247 253 265 271 280 289 292 298 307 313 325 331 340 349 352 358 370 379 382 391 400 409 412 421 430 439 442 453 462 468 477 483 492 498 507 513 522 528 537 543 552
a 1 7 13 25 31 40 49 52 58 67 73 85 91 100 109 112 118 127 133 145 151 160 169 172 178 187 193 205 211 220 229 232 238 247 253 265 271 280 289 292 298 307 313 325 331 340 349 352 361 370 379 382 391 400 409 412 421 430 439 442 453 462 468 477 483 492 498 507 513 522 528 537 543 552
a 1 7 13 25 31 40 49 52 58 67 73 85 91 100 109 112 118 127 133 145 151 160 169 172 178 187 193 205 211 220 229 232 238 247 253 265 271 280 289 292 298 307 313 322 331 340 349 352 361 370 379 382 391 400 409 412 421 430 439 442 453 462 468 477 483 492 498 507 513 522 528 537 543 552
a 1 7 13 25 31 40 49 52 58 67 73 85 91 100 109 112 118 127 133 145 151 160 169 172 178 187 193 205 211 220 229 232 238 247 253 265 271 280 289 292 298 307 319 322 331 340 349 352 361 370 379 382 391 400 409 412 421 430 439 442 453 462 468 477 483 492 498 507 513 522 528 537 543 552
a 1 7 13 25 31 40 49 52 58 67 73 85 91 100 109 112 118 127 133 145 151 160 169 172 178 187 193 205 211 220 229 232 238 247 253 265 271 280 289 292 298 310 319 322 331 340 349 352 361 370 379 382 391 400 409 412 421 430 439 442 453 462 468 477 483 492 498 507 513 522 528 537 543 552
a 1 7 13 25 31 40 49 52 58 67 73 85 91 100 109 112 118 127 133 145 151 160 169 172 178 187 193 205 211 220 229 232 238 247 253 265 271 280 289 292 301 310 319 322 331 340 349 352 361 370 379 382 391 400 409 412 421 430 439 442 453 462 468 477 483 492 498 507 513 522 528 537 543 552
a 1 7 13 25 31 40 49 52 58 67 73 85 91 100 109 112 118 127 133 145 151 160 169 172 178 187 193 205 211 220 229 232 238 247 253 262 271 280 289 292 301 310 319 322 331 340 349 352 361 370 379 382 391 400 409 412 421 430 439 442 453 462 468 477 483 492 498 507 513 522 528 537 543 552
a 1 7 13 25 31 40 49 52 58 67 73 85 91 100 109 112 118 127 133 145 151 160 169 172 178 187 193 205 211 220 229 232 238 247 259 262 271 280 289 292 301 310 319 322 331 340 349 352 361 370 379 382 391 400 409 412 421 430 439 442 453 462 468 477 483 492 498 507 513 522 528 537 543 552
a 1 7 13 25 31 40 49 52 58 67 73 85 91 100 109 112 118 127 133 145 151 160 169 172 178 187 193 205 211 220 229 232 238 250 259 262 271 280 289 292 301 310 319 322 331 340 349 352 361 370 379 382 391 400 409 412 421 430 439 442 453 462 468 477 483 492 498 507 513 522 528 537 543 552
a 1 7 13 25 31 40 49 52 58 67 73 85 91 100 109 112 118 127 133 145 151 160 169 172 178 187 193 205 211 220 229 232 241 250 259 262 271 280 289 292 301 310 319 322 331 340 349 352 361 370 379 382 391 400 409 412 421 430 439 442 453 462 468 477 483 492 498 507 513 522 528 537 543 552
a 1 7 13 25 31 40 49 52 58 67 73 85 91 100 109 112 118 127 133 145 151 160 169 172 178 187 193 202 211 220 229 232 241 250 259 262 271 280 289 292 301 310 319 322 331 340 349 352 361 370 379 382 391 400 409 412 421 430 439 442 453 462 468 477 483 492 498 507 513 522 528 537 543 552
a 1 7 13 25 31 40 49 52 58 67 73 85 91 100 109 112 118 127 133 145 151 160 169 172 178 187 199 202 211 220 229 232 241 250 259 262 271 280 289 292 301 310 319 322 331 340 349 352 361 370 379 382 391 400 409 412 421 430 439 442 453 462 468 477 483 492 498 507 513 522 528 537 543 552
a 1 7 13 25 31 40 49 52 58 67 73 85 91 100 109 112 118 127 133 145 151 160 169 172 178 190 199 202 211 220 229 232 241 250 259 262 271 280 289 292 301 310 319 322 331 340 349 352 361 370 379 382 391 400 409 412 421 430 439 442 453 462 468 477 483 492 498 507 513 522 528 537 543 552
a 1 7 13 25 31 40 49 52 58 67 73 85 91 100 109 112 118 127 133 145 151 160 169 172 181 190 199 202 211 220 229 232 241 250 259 262 271 280 289 292 301 310 319 322 331 340 349 352 361 370 379 382 391 400 409 412 421 430 439 442 453 462 468 477 483 492 498 507 513 522 528 537 543 552
a 1 7 13 25 31 40 49 52 58 67 73 85 91 100 109 112 118 127 133 142 151 160 169 172 181 190 199 202 211 220 229 232 241 250 259 262 271 280 289 292 301 310 319 322 331 340 349 352 361 370 379 382 391 400 409 412 421 430 439 442 453 462 468 477 483 492 498 507 513 522 528 537 543 552
a 1 7 13 25 31 40 49 52 58 67 73 85 91 100 109 112 118 127 139 142 151 160 169 172 181 190 199 202 211 220 229 232 241 250 259 262 271 280 289 292 301 310 319 322 331 340 349 352 361 370 379 382 391 400 409 412 421 430 439 442 453 462 468 477 483 492 498 507 513 522 528 537 543 552
a 1 7 13 25 31 40 49 52 58 67 73 85 91 100 109 112 118 130 139 142 151 160 169 172 181 190 199 202 211 220 229 232 241 250 259 262 271 280 289 292 301 310 319 322 331 340 349 352 361 370 379 382 391 400 409 412 421 430 439 442 453 462 468 477 483 492 498 507 513 522 528 537 543 552
a 1 7 13 25 31 40 49 52 58 67 73 85 91 100 109 112 121 130 139 142 151 160 169 172 181 190 199 202 211 220 229 232 241 250 259 262 271 280 289 292 301 310 319 322 331 340 349 352 361 370 379 382 391 400 409 412 421 430 439 442 453 462 468 477 483 492 498 507 513 522 528 537 543 552
a 1 7 13 25 31 40 49 52 58 67 73 82 91 100 109 112 121 130 139 142 151 160 169 172 181 190 199 202 211 220 229 232 241 250 259 262 271 280 289 292 301 310 319 322 331 340 349 352 361 370 379 382 391 400 409 412 421 430 439 442 453 462 468 477 483 492 498 507 513 522 528 537 543 552
a 1 7 13 25 31 40 49 52 58 67 79 82 91 100 109 112 121 130 139 142 151 160 169 172 181 190 199 202 211 220 229 232 241 250 259 262 271 280 289 292 301 310 319 322 331 340 349 352 361 370 379 382 391 400 409 412 421 430 439 442 453 462 468 477 483 492 498 507 513 522 528 537 543 552
a 1 7 13 25 31 40 49 52 58 70 79 82 91 100 109 112 121 130 139 142 151 160 169 172 181 190 199 202 211 220 229 232 241 250 259 262 271 280 289 292 301 310 319 322 331 340 349 352 361 370 379 382 391 400 409 412 421 430 439 442 453 462 468 477 483 492 498 507 513 522 528 537 543 552
a 1 7 13 25 31 40 49 52 61 70 79 82 91 100 109 112 121 130 139 142 151 160 169 172 181 190 199 202 211 220 229 232 241 250 259 262 271 280 289 292 301 310 319 322 331 340 349 352 361 370 379 382 391 400 409 412 421 430 439 442 453 462 468 477 483 492 498 507 513 522 528 537 543 552
a 1 7 13 22 31 40 49 52 61 70 79 82 91 100 109 112 121 130 139 142 151 160 169 172 181 190 199 202 211 220 229 232 241 250 259 262 271 280 289 292 301 310 319 322 331 340 349 352 361 370 379 382 391 400 409 412 421 430 439 442 453 462 468 477 483 492 498 507 513 522 528 537 543 552
a 1 7 19 22 31 40 49 52 61 70 79 82 91 100 109 112 121 130 139 142 151 160 169 172 181 190 199 202 211 220 229 232 241 250 259 262 271 280 289 292 301 310 319 322 331 340 349 352 361 370 379 382 391 400 409 412 421 430 439 442 453 462 468 477 483 492 498 507 513 522 528 537 543 552
a 1 10 19 22 31 40 49 52 61 70 79 82 91 100 109 112 121 130 139 142 151 160 169 172 181 190 199 202 211 220 229 232 241 250 259 262 271 280 289 292 301 310 319 322 331 340 349 352 361 370 379 382 391 400 409 412 421 430 439 442 453 462 468 477 483 492 498 507 513 522 528 537 543 552
a 4 10 19 22 31 40 49 52 61 70 79 82 91 100 109 112 121 130 139 142 151 160 169 172 181 190 199 202 211 220 229 232 241 250 259 262 271 280 289 292 301 310 319 322 331 340 349 352 361 370 379 382 391 400 409 412 421 430 439 442 453 462 468 477 483 492 498 507 513 522 528 537 543 552
a 4 10 19 22 28 40 49 52 61 70 79 82 91 100 109 112 121 130 139 142 151 160 169 172 181 190 199 202 211 220 229 232 241 250 259 262 271 280 289 292 301 310 319 322 331 340 349 352 361 370 379 382 391 400 409 412 421 430 439 442 453 462 468 477 483 492 498 507 513 522 528 537 543 552
a 4 10 19 22 28 37 49 52 61 70 79 82 91 100 109 112 121 130 139 142 151 160 169 172 181 190 199 202 211 220 229 232 241 250 259 262 271 280 289 292 301 310 319 322 331 340 349 352 361 370 379 382 391 400 409 412 421 430 439 442 453 462 468 477 483 492 498 507 513 522 528 537 543 552
a 4 10 19 22 28 37 43 52 61 70 79 82 91 100 109 112 121 130 139 142 151 160 169 172 181 190 199 202 211 220 229 232 241 250 259 262 271 280 289 292 301 310 319 322 331 340 349 352 361 370 379 382 391 400 409 412 421 430 439 442 453 462 468 477 483 492 498 507 513 522 528 537 543 552
a 4 10 19 22 28 37 43 55 61 70 79 82 91 100 109 112 121 130 139 142 151 160 169 172 181 190 199 202 211 220 229 232 241 250 259 262 271 280 289 292 301 310 319 322 331 340 349 352 361 370 379 382 391 400 409 412 421 430 439 442 453 462 468 477 483 492 498 507 513 522 528 537 543 552
a 4 10 19 22 28 37 43 55 61 70 79 82 88 100 109 112 121 130 139 142 151 160 169 172 181 190 199 202 211 220 229 232 241 250 259 262 271 280 289 292 301 310 319 322 331 340 349 352 361 370 379 382 391 400 409 412 421 430 439 442 453 462 468 477 483 492 498 507 513 522 528 537 543 552
a 4 10 19 22 28 37 43 55 61 70 79 82 88 97 109 112 121 130 139 142 151 160 169 172 181 190 199 202 211 220 229 232 241 250 259 262 271 280 289 292 301 310 319 322 331 340 349 352 361 370 379 382 391 400 409 412 421 430 439 442 453 462 468 477 483 492 498 507 513 522 528 537 543 552
a 4 10 19 22 28 37 43 55 61 70 79 82 88 97 103 112 121 130 139 142 151 160 169 172 181 190 199 202 211 220 229 232 241 250 259 262 271 280 289 292 301 310 319 322 331 340 349 352 361 370 379 382 391 400 409 412 421 430 439 442 453 462 468 477 483 492 498 507 513 522 528 537 543 552
a 4 10 19 22 28 37 43 55 61 70 79 82 88 97 103 115 121 130 139 142 151 160 169 172 181 190 199 202 211 220 229 232 241 250 259 262 271 280 289 292 301 310 319 322 331 340 349 352 361 370 379 382 391 400 409 412 421 430 439 442 453 462 468 477 483 492 498 507 513 522 528 537 543 552
a 4 10 19 22 28 37 43 55 61 70 79 82 88 97 103 115 121 130 139 142 148 160 169 172 181 190 199 202 211 220 229 232 241 250 259 262 271 280 289 292 301 310 319 322 331 340 349 352 361 370 379 382 391 400 409 412 421 430 439 442 453 462 468 477 483 492 498 507 513 522 528 537 543 552
a 4 10 19 22 28 37 43 55 61 70 79 82 88 97 103 115 121 130 139 142 148 157 169 172 181 190 199 202 211 220 229 232 241 250 259 262 271 280 289 292 301 310 319 322 331 340 349 352 361 370 379 382 391 400 409 412 421 430 439 442 453 462 468 477 483 492 498 507 513 522 528 537 543 552
a 4 10 19 22 28 37 43 55 61 70 79 82 88 97 103 115 121 130 139 142 148 157 163 172 181 190 199 202 211 220 229 232 241 250 259 262 271 280 289 292 301 310 319 322 331 340 349 352 361 370 379 382 391 400 409 412 421 430 439 442 453 462 468 477 483 492 498 507 513 522 528 537 543 552
a 4 10 19 22 28 37 43 55 61 70 79 82 88 97 103 115 121 130 139 142 148 157 163 175 181 190 199 202 211 220 229 232 241 250 259 262 271 280 289 292 301 310 319 322 331 340 349 352 361 370 379 382 391 400 409 412 421 430 439 442 453 462 468 477 483 492 498 507 513 522 528 537 543 552
a 4 10 19 22 28 37 43 55 61 70 79 82 88 97 103 115 121 130 139 142 148 157 163 175 181 190 199 202 208 220 229 232 241 250 259 262 271 280 289 292 301 310 319 322 331 340 349 352 361 370 379 382 391 400 409 412 421 430 439 442 453 462 468 477 483 492 498 507 513 522 528 537 543 552
a 4 10 19 22 28 37 43 55 61 70 79 82 88 97 103 115 121 130 139 142 148 157 163 175 181 190 199 202 208 217 229 232 241 250 259 262 271 280 289 292 301 310 319 322 331 340 349 352 361 370 379 382 391 400 409 412 421 430 439 442 453 462 468 477 483 492 498 507 513 522 528 537 543 552
a 4 10 19 22 28 37 43 55 61 70 79 82 88 97 103 115 121 130 139 142 148 157 163 175 181 190 199 202 208 217 223 232 241 250 259 262 271 280 289 292 301 310 319 322 331 340 349 352 361 370 379 382 391 400 409 412 421 430 439 442 453 462 468 477 483 492 498 507 513 522 528 537 543 552
a 4 10 19 22 28 37 43 55 61 70 79 82 88 97 103 115 121 130 139 142 148 157 163 175 181 190 199 202 208 217 223 235 241 250 259 262 271 280 289 292 301 310 319 322 331 340 349 352 361 370 379 382 391 400 409 412 421 430 439 442 453 462 468 477 483 492 498 507 513 522 528 537 543 552
a 4 10 19 22 28 37 43 55 61 70 79 82 88 97 103 115 121 130 139 142 148 157 163 175 181 190 199 202 208 217 223 235 241 250 259 262 268 280 289 292 301 310 319 322 331 340 349 352 361 370 379 382 391 400 409 412 421 430 439 442 453 462 468 477 483 492 498 507 513 522 528 537 543 552
a 4 10 19 22 28 37 43 55 61 70 79 82 88 97 103 115 121 130 139 142 148 157 163 175 181 190 199 202 208 217 223 235 241 250 259 262 268 277 289 292 301 310 319 322 331 340 349 352 361 370 379 382 391 400 409 412 421 430 439 442 453 462 468 477 483 492 498 507 513 522 528 537 543 552
a 4 10 19 22 28 37 43 55 61 70 79 82 88 97 103 115 121 130 139 142 148 157 163 175 181 190 199 202 208 217 223 235 241 250 259 262 268 277 283 292 301 310 319 322 331 340 349 352 361 370 379 382 391 400 409 412 421 430 439 442 453 462 468 477 483 492 498 507 513 522 528 537 543 552
a 4 10 19 22 28 37 43 55 61 70 79 82 88 97 103 115 121 130 139 142 148 157 163 175 181 190 199 202 208 217 223 235 241 250 259 262 268 277 283 295 301 310 319 322 331 340 349 352 361 370 379 382 391 400 409 412 421 430 439 442 453 462 468 477 483 492 498 507 513 522 528 537 543 552
a 4 10 19 22 28 37 43 55 61 70 79 82 88 97 103 115 121 130 139 142 148 157 163 175 181 190 199 202 208 217 223 235 241 250 259 262 268 277 283 295 301 310 319 322 328 340 349 352 361 370 379 382 391 400 409 412 421 430 439 442 453 462 468 477 483 492 498 507 513 522 528 537 543 552
a 4 10 19 22 28 37 43 55 61 70 79 82 88 97 103 115 121 130 139 142 148 157 163 175 181 190 199 202 208 217 223 235 241 250 259 262 268 277 283 295 301 310 319 322 328 337 349 352 361 370 379 382 391 400 409 412 421 430 439 442 453 462 468 477 483 492 498 507 513 522 528 537 543 552
a 4 10 19 22 28 37 43 55 61 70 79 82 88 97 103 115 121 130 139 142 148 157 163 175 181 190 199 202 208 217 223 235 241 250 259 262 268 277 283 295 301 310 319 322 328 337 343 352 361 370 379 382 391 400 409 412 421 430 439 442 453 462 468 477 483 492 498 507 513 522 528 537 543 552
a 4 10 19 22 28 37 43 55 61 70 79 82 88 97 103 115 121 130 139 142 148 157 163 175 181 190 199 202 208 217 223 235 241 250 259 262 268 277 283 295 301 310 319 322 328 337 343 355 361 370 379 382 391 400 409 412 421 430 439 442 453 462 468 477 483 492 498 507 513 522 528 537 543 552
a 4 10 19 22 28 37 43 55 61 70 79 82 88 97 103 115 121 130 139 142 148 157 163 175 181 190 199 202 208 217 223 235 241 250 259 262 268 277 283 295 301 310 319 322 328 337 343 355 361 370 379 382 388 400 409 412 421 430 439 442 453 462 468 477 483 492 498 507 513 522 528 537 543 552
a 4 10 19 22 28 37 43 55 61 70 79 82 88 97 103 115 121 130 139 142 148 157 163 175 181 190 199 202 208 217 223 235 241 250 259 262 268 277 283 295 301 310 319 322 328 337 343 355 361 370 379 382 388 397 409 412 421 430 439 442 453 462 468 477 483 492 498 507 513 522 528 537 543 552
a 4 10 19 22 28 37 43 55 61 70 79 82 88 97 103 115 121 130 139 142 148 157 163 175 181 190 199 202 208 217 223 235 241 250 259 262 268 277 283 295 301 310 319 322 328 337 343 355 361 370 379 382 388 397 403 412 421 430 439 442 453 462 468 477 483 492 498 507 513 522 528 537 543 552
a 4 10 19 22 28 37 43 55 61 70 79 82 88 97 103 115 121 130 139 142 148 157 163 175 181 190 199 202 208 217 223 235 241 250 259 262 268 277 283 295 301 310 319 322 328 337 343 355 361 370 379 382 388 397 403 415 421 430 439 442 453 462 468 477 483 492 498 507 513 522 528 537 543 552
a 4 10 19 22 28 37 43 55 61 70 79 82 88 97 103 115 121 130 139 142 148 157 163 175 181 190 199 202 208 217 223 235 241 250 259 262 268 277 283 295 301 310 319 322 328 337 343 355 361 370 379 382 388 397 403 415 421 430 439 442 448 462 468 477 483 492 498 507 513 522 528 537 543 552
a 4 10 19 22 28 37 43 55 61 70 79 82 88 97 103 115 121 130 139 142 148 157 163 175 181 190 199 202 208 217 223 235 241 250 259 262 268 277 283 295 301 310 319 322 328 337 343 355 361 370 379 382 388 397 403 415 421 430 439 442 448 457 468 477 483 492 498 507 513 522 528 537 543 552
a 4 10 19 22 28 37 43 55 61 70 79 82 88 97 103 115 121 130 139 142 148 157 163 175 181 190 199 202 208 217 223 235 241 250 259 262 268 277 283 295 301 310 319 322 328 337 343 355 361 370 379 382 388 397 403 415 421 430 439 442 448 457 463 477 483 492 498 507 513 522 528 537 543 552
a 4 10 19 22 28 37 43 55 61 70 79 82 88 97 103 115 121 130 139 142 148 157 163 175 181 190 199 202 208 217 223 235 241 250 259 262 268 277 283 295 301 310 319 322 328 337 343 355 361 370 379 382 388 397 403 415 421 430 439 442 448 457 463 472 483 492 498 507 513 522 528 537 543 552
a 4 10 19 22 28 37 43 55 61 70 79 82 88 97 103 115 121 130 139 142 148 157 163 175 181 190 199 202 208 217 223 235 241 250 259 262 268 277 283 295 301 310 319 322 328 337 343 355 361 370 379 382 388 397 403 415 421 430 439 442 448 457 469 472 483 492 498 507 513 522 528 537 543 552
a 4 10 19 22 28 37 43 55 61 70 79 82 88 97 103 115 121 130 139 142 148 157 163 175 181 190 199 202 208 217 223 235 241 250 259 262 268 277 283 295 301 310 319 322 328 337 343 355 361 370 379 382 388 397 403 415 421 430 439 442 448 460 469 472 483 492 498 507 513 522 528 537 543 552
a 4 10 19 22 28 37 43 55 61 70 79 82 88 97 103 115 121 130 139 142 148 157 163 175 181 190 199 202 208 217 223 235 241 250 259 262 268 277 283 295 301 310 319 322 328 337 343 355 361 370 379 382 388 397 403 415 421 430 439 442 451 460 469 472 483 492 498 507 513 522 528 537 543 552
a 4 10 19 22 28 37 43 55 61 70 79 82 88 97 103 115 121 130 139 142 148 157 163 175 181 190 199 202 208 217 223 235 241 250 259 262 268 277 283 295 301 310 319 322 328 337 343 355 361 370 379 382 388 397 403 412 421 430 439 442 451 460 469 472 483 492 498 507 513 522 528 537 543 552
a 4 10 19 22 28 37 43 55 61 70 79 82 88 97 103 115 121 130 139 142 148 157 163 175 181 190 199 202 208 217 223 235 241 250 259 262 268 277 283 295 301 310 319 322 328 337 343 355 361 370 379 382 388 397 409 412 421 430 439 442 451 460 469 472 483 492 498 507 513 522 528 537 543 552
a 4 10 19 22 28 37 43 55 61 70 79 82 88 97 103 115 121 130 139 142 148 157 163 175 181 190 199 202 208 217 223 235 241 250 259 262 268 277 283 295 301 310 319 322 328 337 343 355 361 370 379 382 388 400 409 412 421 430 439 442 451 460 469 472 483 492 498 507 513 522 528 537 543 552
a 4 10 19 22 28 37 43 55 61 70 79 82 88 97 103 115 121 130 139 142 148 157 163 175 181 190 199 202 208 217 223 235 241 250 259 262 268 277 283 295 301 310 319 322 328 337 343 355 361 370 379 382 391 400 409 412 421 430 439 442 451 460 469 472 483 492 498 507 513 522 528 537 543 552
a 4 10 19 22 28 37 43 55 61 70 79 82 88 97 103 115 121 130 139 142 148 157 163 175 181 190 199 202 208 217 223 235 241 250 259 262 268 277 283 295 301 310 319 322 328 337 343 352 361 370 379 382 391 400 409 412 421 430 439 442 451 460 469 472 483 492 498 507 513 522 528 537 543 552
a 4 10 19 22 28 37 43 55 61 70 79 82 88 97 103 115 121 130 139 142 148 157 163 175 181 190 199 202 208 217 223 235 241 250 259 262 268 277 283 295 301 310 319 322 328 337 349 352 361 370 379 382 391 400 409 412 421 430 439 442 451 460 469 472 483 492 498 507 513 522 528 537 543 552
a 4 10 19 22 28 37 43 55 61 70 79 82 88 97 103 115 121 130 139 142 148 157 163 175 181 190 199 202 208 217 223 235 241 250 259 262 268 277 283 295 301 310 319 322 328 340 349 352 361 370 379 382 391 400 409 412 421 430 439 442 451 460 469 472 483 492 498 507 513 522 528 537 543 552
a 4 10 19 22 28 37 43 55 61 70 79 82 88 97 103 115 121 130 139 142 148 157 163 175 181 190 199 202 208 217 223 235 241 250 259 262 268 277 283 295 301 310 319 322 331 340 349 352 361 370 379 382 391 400 409 412 421 430 439 442 451 460 469 472 483 492 498 507 513 522 528 537 543 552
a 4 10 19 22 28 37 43 55 61 70 79 82 88 97 103 115 121 130 139 142 148 157 163 175 181 190 199 202 208 217 223 235 241 250 259 262 268 277 283 292 301 310 319 322 331 340 349 352 361 370 379 382 391 400 409 412 421 430 439 442 451 460 469 472 483 492 498 507 513 522 528 537 543 552
a 4 10 19 22 28 37 43 55 61 70 79 82 88 97 103 115 121 130 139 142 148 157 163 175 181 190 199 202 208 217 223 235 241 250 259 262 268 277 289 292 301 310 319 322 331 340 349 352 361 370 379 382 391 400 409 412 421 430 439 442 451 460 469 472 483 492 498 507 513 522 528 537 543 552
a 4 10 19 22 28 37 43 55 61 70 79 82 88 97 103 115 121 130 139 142 148 157 163 175 181 190 199 202 208 217 223 235 241 250 259 262 268 280 289 292 301 310 319 322 331 340 349 352 361 370 379 382 391 400 409 412 421 430 439 442 451 460 469 472 483 492 498 507 513 522 528 537 543 552
a 4 10 19 22 28 37 43 55 61 70 79 82 88 97 103 115 121 130 139 142 148 157 163 175 181 190 199 202 208 217 223 235 241 250 259 262 271 280 289 292 301 310 319 322 331 340 349 352 361 370 379 382 391 400 409 412 421 430 439 442 451 460 469 472 483 492 498 507 513 522 528 537 543 552
a 4 10 19 22 28 37 43 55 61 70 79 82 88 97 103 115 121 130 139 142 148 157 163 175 181 190 199 202 208 217 223 232 241 250 259 262 271 280 289 292 301 310 319 322 331 340 349 352 361 370 379 382 391 400 409 412 421 430 439 442 451 460 469 472 483 492 498 507 513 522 528 537 543 552
a 4 10 19 22 28 37 43 55 61 70 79 82 88 97 103 115 121 130 139 142 148 157 163 175 181 190 199 202 208 217 229 232 241 250 259 262 271 280 289 292 301 310 319 322 331 340 349 352 361 370 379 382 391 400 409 412 421 430 439 442 451 460 469 472 483 492 498 507 513 522 528 537 543 552
a 4 10 19 22 28 37 43 55 61 70 79 82 88 97 103 115 121 130 139 142 148 157 163 175 181 190 199 202 208 220 229 232 241 250 259 262 271 280 289 292 301 310 319 322 331 340 349 352 361 370 379 382 391 400 409 412 421 430 439 442 451 460 469 472 483 492 498 507 513 522 528 537 543 552
a 4 10 19 22 28 37 43 55 61 70 79 82 88 97 103 115 121 130 139 142 148 157 163 175 181 190 199 202 211 220 229 232 241 250 259 262 271 280 289 292 301 310 319 322 331 340 349 352 361 370 379 382 391 400 409 412 421 430 439 442 451 460 469 472 483 492 498 507 513 522 528 537 543 552
a 4 10 19 22 28 37 43 55 61 70 79 82 88 97 103 115 121 130 139 142 148 157 163 172 181 190 199 202 211 220 229 232 241 250 259 262 271 280 289 292 301 310 319 322 331 340 349 352 361 370 379 382 391 400 409 412 421 430 439 442 451 460 469 472 483 492 498 507 513 522 528 537 543 552
a 4 10 19 22 28 37 43 55 61 70 79 82 88 97 103 115 121 130 139 142 148 157 169 172 181 190 199 202 211 220 229 232 241 250 259 262 271 280 289 292 301 310 319 322 331 340 349 352 361 370 379 382 391 400 409 412 421 430 439 442 451 460 469 472 483 492 498 507 513 522 528 537 543 552
a 4 10 19 22 28 37 43 55 61 70 79 82 88 97 103 115 121 130 139 142 148 160 169 172 181 190 199 202 211 220 229 232 241 250 259 262 271 280 289 292 301 310 319 322 331 340 349 352 361 370 379 382 391 400 409 412 421 430 439 442 451 460 469 472 483 492 498 507 513 522 528 537 543 552
a 4 10 19 22 28 37 43 55 61 70 79 82 88 97 103 115 121 130 139 142 151 160 169 172 181 190 199 202 211 220 229 232 241 250 259 262 271 280 289 292 301 310 319 322 331 340 349 352 361 370 379 382 391 400 409 412 421 430 439 442 451 460 469 472 483 492 498 507 513 522 528 537 543 552
a 4 10 19 22 28 37 43 55 61 70 79 82 88 97 103 112 121 130 139 142 151 160 169 172 181 190 199 202 211 220 229 232 241 250 259 262 271 280 289 292 301 310 319 322 331 340 349 352 361 370 379 382 391 400 409 412 421 430 439 442 451 460 469 472 483 492 498 507 513 522 528 537 543 552
a 4 10 19 22 28 37 43 55 61 70 79 82 88 97 109 112 121 130 139 142 151 160 169 172 181 190 199 202 211 220 229 232 241 250 259 262 271 280 289 292 301 310 319 322 331 340 349 352 361 370 379 382 391 400 409 412 421 430 439 442 451 460 469 472 483 492 498 507 513 522 528 537 543 552
a 4 10 19 22 28 37 43 55 61 70 79 82 88 100 109 112 121 130 139 142 151 160 169 172 181 190 199 202 211 220 229 232 241 250 259 262 271 280 289 292 301 310 319 322 331 340 349 352 361 370 379 382 391 400 409 412 421 430 439 442 451 460 469 472 483 492 498 507 513 522 528 537 543 552
a 4 10 19 22 28 37 43 55 61 70 79 82 91 100 109 112 121 130 139 142 151 160 169 172 181 190 199 202 211 220 229 232 241 250 259 262 271 280 289 292 301 310 319 322 331 340 349 352 361 370 379 382 391 400 409 412 421 430 439 442 451 460 469 472 483 492 498 507 513 522 528 537 543 552
a 4 10 19 22 28 37 43 52 61 70 79 82 91 100 109 112 121 130 139 142 151 160 169 172 181 190 199 202 211 220 229 232 241 250 259 262 271 280 289 292 301 310 319 322 331 340 349 352 361 370 379 382 391 400 409 412 421 430 439 442 451 460 469 472 483 492 498 507 513 522 528 537 543 552
a 4 10 19 22 28 37 49 52 61 70 79 82 91 100 109 112 121 130 139 142 151 160 169 172 181 190 199 202 211 220 229 232 241 250 259 262 271 280 289 292 301 310 319 322 331 340 349 352 361 370 379 382 391 400 409 412 421 430 439 442 451 460 469 472 483 492 498 507 513 522 528 537 543 552
a 4 10 19 22 28 40 49 52 61 70 79 82 91 100 109 112 121 130 139 142 151 160 169 172 181 190 199 202 211 220 229 232 241 250 259 262 271 280 289 292 301 310 319 322 331 340 349 352 361 370 379 382 391 400 409 412 421 430 439 442 451 460 469 472 483 492 498 507 513 522 528 537 543 552
a 4 10 19 22 31 40 49 52 61 70 79 82 91 100 109 112 121 130 139 142 151 160 169 172 181 190 199 202 211 220 229 232 241 250 259 262 271 280 289 292 301 310 319 322 331 340 349 352 361 370 379 382 391 400 409 412 421 430 439 442 451 460 469 472 483 492 498 507 513 522 528 537 543 552
a 1 10 19 22 31 40 49 52 61 70 79 82 91 100 109 112 121 130 139 142 151 160 169 172 181 190 199 202 211 220 229 232 241 250 259 262 271 280 289 292 301 310 319 322 331 340 349 352 361 370 379 382 391 400 409 412 421 430 439 442 451 460 469 472 483 492 498 507 513 522 528 537 543 552
a 1 7 19 22 31 40 49 52 61 70 79 82 91 100 109 112 121 130 139 142 151 160 169 172 181 190 199 202 211 220 229 232 241 250 259 262 271 280 289 292 301 310 319 322 331 340 349 352 361 370 379 382 391 400 409 412 421 430 439 442 451 460 469 472 483 492 498 507 513 522 528 537 543 552
a 1 7 13 22 31 40 49 52 61 70 79 82 91 100 109 112 121 130 139 142 151 160 169 172 181 190 199 202 211 220 229 232 241 250 259 262 271 280 289 292 301 310 319 322 331 340 349 352 361 370 379 382 391 400 409 412 421 430 439 442 451 460 469 472 483 492 498 507 513 522 528 537 543 552
a 1 7 13 25 31 40 49 52 61 70 79 82 91 100 109 112 121 130 139 142 151 160 169 172 181 190 199 202 211 220 229 232 241 250 259 262 271 280 289 292 301 310 319 322 331 340 349 352 361 370 379 382 391 400 409 412 421 430 439 442 451 460 469 472 483 492 498 507 513 522 528 537 543 552
a 1 7 13 25 31 40 49 52 58 70 79 82 91 100 109 112 121 130 139 142 151 160 169 172 181 190 199 202 211 220 229 232 241 250 259 262 271 280 289 292 301 310 319 322 331 340 349 352 361 370 379 382 391 400 409 412 421 430 439 442 451 460 469 472 483 492 498 507 513 522 528 537 543 552
a 1 7 13 25 31 40 49 52 58 67 79 82 91 100 109 112 121 130 139 142 151 160 169 172 181 190 199 202 211 220 229 232 241 250 259 262 271 280 289 292 301 310 319 322 331 340 349 352 361 370 379 382 391 400 409 412 421 430 439 442 451 460 469 472 483 492 498 507 513 522 528 537 543 552
a 1 7 13 25 31 40 49 52 58 67 73 82 91 100 109 112 121 130 139 142 151 160 169 172 181 190 199 202 211 220 229 232 241 250 259 262 271 280 289 292 301 310 319 322 331 340 349 352 361 370 379 382 391 400 409 412 421 430 439 442 451 460 469 472 483 492 498 507 513 522 528 537 543 552
a 1 7 13 25 31 40 49 52 58 67 73 85 91 100 109 112 121 130 139 142 151 160 169 172 181 190 199 202 211 220 229 232 241 250 259 262 271 280 289 292 301 310 319 322 331 340 349 352 361 370 379 382 391 400 409 412 421 430 439 442 451 460 469 472 483 492 498 507 513 522 528 537 543 552
a 1 7 13 25 31 40 49 52 58 67 73 85 91 100 109 112 118 130 139 142 151 160 169 172 181 190 199 202 211 220 229 232 241 250 259 262 271 280 289 292 301 310 319 322 331 340 349 352 361 370 379 382 391 400 409 412 421 430 439 442 451 460 469 472 483 492 498 507 513 522 528 537 543 552
a 1 7 13 25 31 40 49 52 58 67 73 85 91 100 109 112 118 127 139 142 151 160 169 172 181 190 199 202 211 220 229 232 241 250 259 262 271 280 289 292 301 310 319 322 331 340 349 352 361 370 379 382 391 400 409 412 421 430 439 442 451 460 469 472 483 492 498 507 513 522 528 537 543 552
a 1 7 13 25 31 40 49 52 58 67 73 85 91 100 109 112 118 127 133 142 151 160 169 172 181 190 199 202 211 220 229 232 241 250 259 262 271 280 289 292 301 310 319 322 331 340 349 352 361 370 379 382 391 400 409 412 421 430 439 442 451 460 469 472 483 492 498 507 513 522 528 537 543 552
a 1 7 13 25 31 40 49 52 58 67 73 85 91 100 109 112 118 127 133 145 151 160 169 172 181 190 199 202 211 220 229 232 241 250 259 262 271 280 289 292 301 310 319 322 331 340 349 352 361 370 379 382 391 400 409 412 421 430 439 442 451 460 469 472 483 492 498 507 513 522 528 537 543 552
a 1 7 13 25 31 40 49 52 58 67 73 85 91 100 109 112 118 127 133 145 151 160 169 172 178 190 199 202 211 220 229 232 241 250 259 262 271 280 289 292 301 310 319 322 331 340 349 352 361 370 379 382 391 400 409 412 421 430 439 442 451 460 469 472 483 492 498 507 513 522 528 537 543 552
a 1 7 13 25 31 40 49 52 58 67 73 85 91 100 109 112 118 127 133 145 151 160 169 172 178 187 199 202 211 220 229 232 241 250 259 262 271 280 289 292 301 310 319 322 331 340 349 352 361 370 379 382 391 400 409 412 421 430 439 442 451 460 469 472 483 492 498 507 513 522 528 537 543 552
a 1 7 13 25 31 40 49 52 58 67 73 85 91 100 109 112 118 127 133 145 151 160 169 172 178 187 193 202 211 220 229 232 241 250 259 262 271 280 289 292 301 310 319 322 331 340 349 352 361 370 379 382 391 400 409 412 421 430 439 442 451 460 469 472 483 492 498 507 513 522 528 537 543 552
a 1 7 13 25 31 40 49 52 58 67 73 85 91 100 109 112 118 127 133 145 151 160 169 172 178 187 193 205 211 220 229 232 241 250 259 262 271 280 289 292 301 310 319 322 331 340 349 352 361 370 379 382 391 400 409 412 421 430 439 442 451 460 469 472 483 492 498 507 513 522 528 537 543 552
a 1 7 13 25 31 40 49 52 58 67 73 85 91 100 109 112 118 127 133 145 151 160 169 172 178 187 193 205 211 220 229 232 238 250 259 262 271 280 289 292 301 310 319 322 331 340 349 352 361 370 379 382 391 400 409 412 421 430 439 442 451 460 469 472 483 492 498 507 513 522 528 537 543 552
a 1 7 13 25 31 40 49 52 58 67 73 85 91 100 109 112 118 127 133 145 151 160 169 172 178 187 193 205 211 220 229 232 238 247 259 262 271 280 289 292 301 310 319 322 331 340 349 352 361 370 379 382 391 400 409 412 421 430 439 442 451 460 469 472 483 492 498 507 513 522 528 537 543 552
a 1 7 13 25 31 40 49 52 58 67 73 85 91 100 109 112 118 127 133 145 151 160 169 172 178 187 193 205 211 220 229 232 238 247 253 262 271 280 289 292 301 310 319 322 331 340 349 352 361 370 379 382 391 400 409 412 421 430 439 442 451 460 469 472 483 492 498 507 513 522 528 537 543 552
a 1 7 13 25 31 40 49 52 58 67 73 85 91 100 109 112 118 127 133 145 151 160 169 172 178 187 193 205 211 220 229 232 238 247 253 265 271 280 289 292 301 310 319 322 331 340 349 352 361 370 379 382 391 400 409 412 421 430 439 442 451 460 469 472 483 492 498 507 513 522 528 537 543 552
a 1 7 13 25 31 40 49 52 58 67 73 85 91 100 109 112 118 127 133 145 151 160 169 172 178 187 193 205 211 220 229 232 238 247 253 265 271 280 289 292 298 310 319 322 331 340 349 352 361 370 379 382 391 400 409 412 421 430 439 442 451 460 469 472 483 492 498 507 513 522 528 537 543 552
a 1 7 13 25 31 40 49 52 58 67 73 85 91 100 109 112 118 127 133 145 151 160 169 172 178 187 193 205 211 220 229 232 238 247 253 265 271 280 289 292 298 307 319 322 331 340 349 352 361 370 379 382 391 400 409 412 421 430 439 442 451 460 469 472 483 492 498 507 513 522 528 537 543 552
a 1 7 13 25 31 40 49 52 58 67 73 85 91 100 109 112 118 127 133 145 151 160 169 172 178 187 193 205 211 220 229 232 238 247 253 265 271 280 289 292 298 307 313 322 331 340 349 352 361 370 379 382 391 400 409 412 421 430 439 442 451 460 469 472 483 492 498 507 513 522 528 537 543 552
a 1 7 13 25 31 40 49 52 58 67 73 85 91 100 109 112 118 127 133 145 151 160 169 172 178 187 193 205 211 220 229 232 238 247 253 265 271 280 289 292 298 307 313 325 331 340 349 352 361 370 379 382 391 400 409 412 421 430 439 442 451 460 469 472 483 492 498 507 513 522 528 537 543 552
a 1 7 13 25 31 40 49 52 58 67 73 85 91 100 109 112 118 127 133 145 151 160 169 172 178 187 193 205 211 220 229 232 238 247 253 265 271 280 289 292 298 307 313 325 331 340 349 352 358 370 379 382 391 400 409 412 421 430 439 442 451 460 469 472 483 492 498 507 513 522 528 537 543 552
a 1 7 13 25 31 40 49 52 58 67 73 85 91 100 109 112 118 127 133 145 151 160 169 172 178 187 193 205 211 220 229 232 238 247 253 265 271 280 289 292 298 307 313 325 331 340 349 352 358 367 379 382 391 400 409 412 421 430 439 442 451 460 469 472 483 492 498 507 513 522 528 537 543 552
a 1 7 13 25 31 40 49 52 58 67 73 85 91 100 109 112 118 127 133 145 151 160 169 172 178 187 193 205 211 220 229 232 238 247 253 265 271 280 289 292 298 307 313 325 331 340 349 352 358 367 373 382 391 400 409 412 421 430 439 442 451 460 469 472 483 492 498 507 513 522 528 537 543 552
a 1 7 13 25 31 40 49 52 58 67 73 85 91 100 109 112 118 127 133 145 151 160 169 172 178 187 193 205 211 220 229 232 238 247 253 265 271 280 289 292 298 307 313 325 331 340 349 352 358 367 373 385 391 400 409 412 421 430 439 442 451 460 469 472 483 492 498 507 513 522 528 537 543 552
a 1 7 13 25 31 40 49 52 58 67 73 85 91 100 109 112 118 127 133 145 151 160 169 172 178 187 193 205 211 220 229 232 238 247 253 265 271 280 289 292 298 307 313 325 331 340 349 352 358 367 373 385 391 400 409 412 418 430 439 442 451 460 469 472 483 492 498 507 513 522 528 537 543 552
a 1 7 13 25 31 40 49 52 58 67 73 85 91 100 109 112 118 127 133 145 151 160 169 172 178 187 193 205 211 220 229 232 238 247 253 265 271 280 289 292 298 307 313 325 331 340 349 352 358 367 373 385 391 400 409 412 418 427 439 442 451 460 469 472 483 492 498 507 513 522 528 537 543 552
a 1 7 13 25 31 40 49 52 58 67 73 85 91 100 109 112 118 127 133 145 151 160 169 172 178 187 193 205 211 220 229 232 238 247 253 265 271 280 289 292 298 307 313 325 331 340 349 352 358 367 373 385 391 400 409 412 418 427 433 442 451 460 469 472 483 492 498 507 513 522 528 537 543 552
a 1 7 13 25 31 40 49 52 58 67 73 85 91 100 109 112 118 127 133 145 151 160 169 172 178 187 193 205 211 220 229 232 238 247 253 265 271 280 289 292 298 307 313 325 331 340 349 352 358 367 373 385 391 400 409 412 418 427 433 445 451 460 469 472 483 492 498 507 513 522 528 537 543 552
a 1 7 13 25 31 40 49 52 58 67 73 85 91 100 109 112 118 127 133 145 151 160 169 172 178 187 193 205 211 220 229 232 238 247 253 265 271 280 289 292 298 307 313 325 331 340 349 352 358 367 373 385 391 400 409 412 418 427 433 445 451 460 469 472 478 492 498 507 513 522 528 537 543 552
a 1 7 13 25 31 40 49 52 58 67 73 85 91 100 109 112 118 127 133 145 151 160 169 172 178 187 193 205 211 220 229 232 238 247 253 265 271 280 289 292 298 307 313 325 331 340 349 352 358 367 373 385 391 400 409 412 418 427 433 445 451 460 469 472 478 487 498 507 513 522 528 537 543 552
a 1 7 13 25 31 40 49 52 58 67 73 85 91 100 109 112 118 127 133 145 151 160 169 172 178 187 193 205 211 220 229 232 238 247 253 265 271 280 289 292 298 307 313 325 331 340 349 352 358 367 373 385 391 400 409 412 418 427 433 445 451 460 469 472 478 487 493 507 513 522 528 537 543 552
a 1 7 13 25 31 40 49 52 58 67 73 85 91 100 109 112 118 127 133 145 151 160 169 172 178 187 193 205 211 220 229 232 238 247 253 265 271 280 289 292 298 307 313 325 331 340 349 352 358 367 373 385 391 400 409 412 418 427 433 445 451 460 469 472 478 487 493 502 513 522 528 537 543 552
a 1 7 13 25 31 40 49 52 58 67 73 85 91 100 109 112 118 127 133 145 151 160 169 172 178 187 193 205 211 220 229 232 238 247 253 265 271 280 289 292 298 307 313 325 331 340 349 352 358 367 373 385 391 400 409 412 418 427 433 445 451 460 469 472 478 487 499 502 513 522 528 537 543 552
a 1 7 13 25 31 40 49 52 58 67 73 85 91 100 109 112 118 127 133 145 151 160 169 172 178 187 193 205 211 220 229 232 238 247 253 265 271 280 289 292 298 307 313 325 331 340 349 352 358 367 373 385 391 400 409 412 418 427 433 445 451 460 469 472 478 490 499 502 513 522 528 537 543 552
a 1 7 13 25 31 40 49 52 58 67 73 85 91 100 109 112 118 127 133 145 151 160 169 172 178 187 193 205 211 220 229 232 238 247 253 265 271 280 289 292 298 307 313 325 331 340 349 352 358 367 373 385 391 400 409 412 418 427 433 445 451 460 469 472 481 490 499 502 513 522 528 537 543 552
a 1 7 13 25 31 40 49 52 58 67 73 85 91 100 109 112 118 127 133 145 151 160 169 172 178 187 193 205 211 220 229 232 238 247 253 265 271 280 289 292 298 307 313 325 331 340 349 352 358 367 373 385 391 400 409 412 418 427 433 442 451 460 469 472 481 490 499 502 513 522 528 537 543 552
a 1 7 13 25 31 40 49 52 58 67 73 85 91 100 109 112 118 127 133 145 151 160 169 172 178 187 193 205 211 220 229 232 238 247 253 265 271 280 289 292 298 307 313 325 331 340 349 352 358 367 373 385 391 400 409 412 418 427 439 442 451 460 469 472 481 490 499 502 513 522 528 537 543 552
a 1 7 13 25 31 40 49 52 58 67 73 85 91 100 109 112 118 127 133 145 151 160 169 172 178 187 193 205 211 220 229 232 238 247 253 265 271 280 289 292 298 307 313 325 331 340 349 352 358 367 373 385 391 400 409 412 418 430 439 442 451 460 469 472 481 490 499 502 513 522 528 537 543 552
a 1 7 13 25 31 40 49 52 58 67 73 85 91 100 109 112 118 127 133 145 151 160 169 172 178 187 193 205 211 220 229 232 238 247 253 265 271 280 289 292 298 307 313 325 331 340 349 352 358 367 373 385 391 400 409 412 421 430 439 442 451 460 469 472 481 490 499 502 513 522 528 537 543 552
a 1 7 13 25 31 40 49 52 58 67 73 85 91 100 109 112 118 127 133 145 151 160 169 172 178 187 193 205 211 220 229 232 238 247 253 265 271 280 289 292 298 307 313 325 331 340 349 352 358 367 373 382 391 400 409 412 421 430 439 442 451 460 469 472 481 490 499 502 513 522 528 537 543 552
a 1 7 13 25 31 40 49 52 58 67 73 85 91 100 109 112 118 127 133 145 151 160 169 172 178 187 193 205 211 220 229 232 238 247 253 265 271 280 289 292 298 307 313 325 331 340 349 352 358 367 379 382 391 400 409 412 421 430 439 442 451 460 469 472 481 490 499 502 513 522 528 537 543 552
a 1 7 13 25 31 40 49 52 58 67 73 85 91 100 109 112 118 127 133 145 151 160 169 172 178 187 193 205 211 220 229 232 238 247 253 265 271 280 289 292 298 307 313 325 331 340 349 352 358 370 379 382 391 400 409 412 421 430 439 442 451 460 469 472 481 490 499 502 513 522 528 537 543 552
a 1 7 13 25 31 40 49 52 58 67 73 85 91 100 109 112 118 127 133 145 151 160 169 172 178 187 193 205 211 220 229 232 238 247 253 265 271 280 289 292 298 307 313 325 331 340 349 352 361 370 379 382 391 400 409 412 421 430 439 442 451 460 469 472 481 490 499 502 513 522 528 537 543 552
a 1 7 13 25 31 40 49 52 58 67 73 85 91 100 109 112 118 127 133 145 151 160 169 172 178 187 193 205 211 220 229 232 238 247 253 265 271 280 289 292 298 307 313 322 331 340 349 352 361 370 379 382 391 400 409 412 421 430 439 442 451 460 469 472 481 490 499 502 513 522 528 537 543 552
a 1 7 13 25 31 40 49 52 58 67 73 85 91 100 109 112 118 127 133 145 151 160 169 172 178 187 193 205 211 220 229 232 238 247 253 265 271 280 289 292 298 307 319 322 331 340 349 352 361 370 379 382 391 400 409 412 421 430 439 442 451 460 469 472 481 490 499 502 513 522 528 537 543 552
a 1 7 13 25 31 40 49 52 58 67 73 85 91 100 109 112 118 127 133 145 151 160 169 172 178 187 193 205 211 220 229 232 238 247 253 265 271 280 289 292 298 310 319 322 331 340 349 352 361 370 379 382 391 400 409 412 421 430 439 442 451 460 469 472 481 490 499 502 513 522 528 537 543 552
a 1 7 13 25 31 40 49 52 58 67 73 85 91 100 109 112 118 127 133 145 151 160 169 172 178 187 193 205 211 220 229 232 238 247 253 265 271 280 289 292 301 310 319 322 331 340 349 352 361 370 379 382 391 400 409 412 421 430 439 442 451 460 469 472 481 490 499 502 513 522 528 537 543 552
a 1 7 13 25 31 40 49 52 58 67 73 85 91 100 109 112 118 127 133 145 151 160 169 172 178 187 193 205 211 220 229 232 238 247 253 262 271 280 289 292 301 310 319 322 331 340 349 352 361 370 379 382 391 400 409 412 421 430 439 442 451 460 469 472 481 490 499 502 513 522 528 537 543 552
a 1 7 13 25 31 40 49 52 58 67 73 85 91 100 109 112 118 127 133 145 151 160 169 172 178 187 193 205 211 220 229 232 238 247 259 262 271 280 289 292 301 310 319 322 331 340 349 352 361 370 379 382 391 400 409 412 421 430 439 442 451 460 469 472 481 490 499 502 513 522 528 537 543 552
a 1 7 13 25 31 40 49 52 58 67 73 85 91 100 109 112 118 127 133 145 151 160 169 172 178 187 193 205 211 220 229 232 238 250 259 262 271 280 289 292 301 310 319 322 331 340 349 352 361 370 379 382 391 400 409 412 421 430 439 442 451 460 469 472 481 490 499 502 513 522 528 537 543 552
a 1 7 13 25 31 40 49 52 58 67 73 85 91 100 109 112 118 127 133 145 151 160 169 172 178 187 193 205 211 220 229 232 241 250 259 262 271 280 289 292 301 310 319 322 331 340 349 352 361 370 379 382 391 400 409 412 421 430 439 442 451 460 469 472 481 490 499 502 513 522 528 537 543 552
a 1 7 13 25 31 40 49 52 58 67 73 85 91 100 109 112 118 127 133 145 151 160 169 172 178 187 193 202 211 220 229 232 241 250 259 262 271 280 289 292 301 310 319 322 331 340 349 352 361 370 379 382 391 400 409 412 421 430 439 442 451 460 469 472 481 490 499 502 513 522 528 537 543 552
a 1 7 13 25 31 40 49 52 58 67 73 85 91 100 109 112 118 127 133 145 151 160 169 172 178 187 199 202 211 220 229 232 241 250 259 262 271 280 289 292 301 310 319 322 331 340 349 352 361 370 379 382 391 400 409 412 421 430 439 442 451 460 469 472 481 490 499 502 513 522 528 537 543 552
a 1 7 13 25 31 40 49 52 58 67 73 85 91 100 109 112 118 127 133 145 151 160 169 172 178 190 199 202 211 220 229 232 241 250 259 262 271 280 289 292 301 310 319 322 331 340 349 352 361 370 379 382 391 400 409 412 421 430 439 442 451 460 469 472 481 490 499 502 513 522 528 537 543 552
a 1 7 13 25 31 40 49 52 58 67 73 85 91 100 109 112 118 127 133 145 151 160 169 172 181 190 199 202 211 220 229 232 241 250 259 262 271 280 289 292 301 310 319 322 331 340 349 352 361 370 379 382 391 400 409 412 421 430 439 442 451 460 469 472 481 490 499 502 513 522 528 537 543 552
a 1 7 13 25 31 40 49 52 58 67 73 85 91 100 109 112 118 127 133 142 151 160 169 172 181 190 199 202 211 220 229 232 241 250 259 262 271 280 289 292 301 310 319 322 331 340 349 352 361 370 379 382 391 400 409 412 421 430 439 442 451 460 469 472 481 490 499 502 513 522 528 537 543 552
a 1 7 13 25 31 40 49 52 58 67 73 85 91 100 109 112 118 127 139 142 151 160 169 172 181 190 199 202 211 220 229 232 241 250 259 262 271 280 289 292 301 310 319 322 331 340 349 352 361 370 379 382 391 400 409 412 421 430 439 442 451 460 469 472 481 490 499 502 513 522 528 537 543 552
a 1 7 13 25 31 40 49 52 58 67 73 85 91 100 109 112 118 130 139 142 151 160 169 172 181 190 199 202 211 220 229 232 241 250 259 262 271 280 289 292 301 310 319 322 331 340 349 352 361 370 379 382 391 400 409 412 421 430 439 442 451 460 469 472 481 490 499 502 513 522 528 537 543 552
a 1 7 13 25 31 40 49 52 58 67 73 85 91 100 109 112 121 130 139 142 151 160 169 172 181 190 199 202 211 220 229 232 241 250 259 262 271 280 289 292 301 310 319 322 331 340 349 352 361 370 379 382 391 400 409 412 421 430 439 442 451 460 469 472 481 490 499 502 513 522 528 537 543 552
a 1 7 13 25 31 40 49 52 58 67 73 82 91 100 109 112 121 130 139 142 151 160 169 172 181 190 199 202 211 220 229 232 241 250 259 262 271 280 289 292 301 310 319 322 331 340 349 352 361 370 379 382 391 400 409 412 421 430 439 442 451 460 469 472 481 490 499 502 513 522 528 537 543 552
a 1 7 13 25 31 40 49 52 58 67 79 82 91 100 109 112 121 130 139 142 151 160 169 172 181 190 199 202 211 220 229 232 241 250 259 262 271 280 289 292 301 310 319 322 331 340 349 352 361 370 379 382 391 400 409 412 421 430 439 442 451 460 469 472 481 490 499 502 513 522 528 537 543 552
a 1 7 13 25 31 40 49 52 58 70 79 82 91 100 109 112 121 130 139 142 151 160 169 172 181 190 199 202 211 220 229 232 241 250 259 262 271 280 289 292 301 310 319 322 331 340 349 352 361 370 379 382 391 400 409 412 421 430 439 442 451 460 469 472 481 490 499 502 513 522 528 537 543 552
a 1 7 13 25 31 40 49 52 61 70 79 82 91 100 109 112 121 130 139 142 151 160 169 172 181 190 199 202 211 220 229 232 241 250 259 262 271 280 289 292 301 310 319 322 331 340 349 352 361 370 379 382 391 400 409 412 421 430 439 442 451 460 469 472 481 490 499 502 513 522 528 537 543 552
a 1 7 13 22 31 40 49 52 61 70 79 82 91 100 109 112 121 130 139 142 151 160 169 172 181 190 199 202 211 220 229 232 241 250 259 262 271 280 289 292 301 310 319 322 331 340 349 352 361 370 379 382 391 400 409 412 421 430 439 442 451 460 469 472 481 490 499 502 513 522 528 537 543 552
a 1 7 19 22 31 40 49 52 61 70 79 82 91 100 109 112 121 130 139 142 151 160 169 172 181 190 199 202 211 220 229 232 241 250 259 262 271 280 289 292 301 310 319 322 331 340 349 352 361 370 379 382 391 400 409 412 421 430 439 442 451 460 469 472 481 490 499 502 513 522 528 537 543 552
a 1 10 19 22 31 40 49 52 61 70 79 82 91 100 109 112 121 130 139 142 151 160 169 172 181 190 199 202 211 220 229 232 241 250 259 262 271 280 289 292 301 310 319 322 331 340 349 352 361 370 379 382 391 400 409 412 421 430 439 442 451 460 469 472 481 490 499 502 513 522 528 537 543 552
a 4 10 19 22 31 40 49 52 61 70 79 82 91 100 109 112 121 130 139 142 151 160 169 172 181 190 199 202 211 220 229 232 241 250 259 262 271 280 289 292 301 310 319 322 331 340 349 352 361 370 379 382 391 400 409 412 421 430 439 442 451 460 469 472 481 490 499 502 513 522 528 537 543 552
a 4 10 19 22 28 40 49 52 61 70 79 82 91 100 109 112 121 130 139 142 151 160 169 172 181 190 199 202 211 220 229 232 241 250 259 262 271 280 289 292 301 310 319 322 331 340 349 352 361 370 379 382 391 400 409 412 421 430 439 442 451 460 469 472 481 490 499 502 513 522 528 537 543 552
a 4 10 19 22 28 37 49 52 61 70 79 82 91 100 109 112 121 130 139 142 151 160 169 172 181 190 199 202 211 220 229 232 241 250 259 262 271 280 289 292 301 310 319 322 331 340 349 352 361 370 379 382 391 400 409 412 421 430 439 442 451 460 469 472 481 490 499 502 513 522 528 537 543 552
a 4 10 19 22 28 37 43 52 61 70 79 82 91 100 109 112 121 130 139 142 151 160 169 172 181 190 199 202 211 220 229 232 241 250 259 262 271 280 289 292 301 310 319 322 331 340 349 352 361 370 379 382 391 400 409 412 421 430 439 442 451 460 469 472 481 490 499 502 513 522 528 537 543 552
a 4 10 19 22 28 37 43 55 61 70 79 82 91 100 109 112 121 130 139 142 151 160 169 172 181 190 199 202 211 220 229 232 241 250 259 262 271 280 289 292 301 310 319 322 331 340 349 352 361 370 379 382 391 400 409 412 421 430 439 442 451 460 469 472 481 490 499 502 513 522 528 537 543 552
a 4 10 19 22 28 37 43 55 61 70 79 82 88 100 109 112 121 130 139 142 151 160 169 172 181 190 199 202 211 220 229 232 241 250 259 262 271 280 289 292 301 310 319 322 331 340 349 352 361 370 379 382 391 400 409 412 421 430 439 442 451 460 469 472 481 490 499 502 513 522 528 537 543 552
a 4 10 19 22 28 37 43 55 61 70 79 82 88 97 109 112 121 130 139 142 151 160 169 172 181 190 199 202 211 220 229 232 241 250 259 262 271 280 289 292 301 310 319 322 331 340 349 352 361 370 379 382 391 400 409 412 421 430 439 442 451 460 469 472 481 490 499 502 513 522 528 537 543 552
a 4 10 19 22 28 37 43 55 61 70 79 82 88 97 103 112 121 130 139 142 151 160 169 172 181 190 199 202 211 220 229 232 241 250 259 262 271 280 289 292 301 310 319 322 331 340 349 352 361 370 379 382 391 400 409 412 421 430 439 442 451 460 469 472 481 490 499 502 513 522 528 537 543 552
a 4 10 19 22 28 37 43 55 61 70 79 82 88 97 103 115 121 130 139 142 151 160 169 172 181 190 199 202 211 220 229 232 241 250 259 262 271 280 289 292 301 310 319 322 331 340 349 352 361 370 379 382 391 400 409 412 421 430 439 442 451 460 469 472 481 490 499 502 513 522 528 537 543 552
a 4 10 19 22 28 37 43 55 61 70 79 82 88 97 103 115 121 130 139 142 148 160 169 172 181 190 199 202 211 220 229 232 241 250 259 262 271 280 289 292 301 310 319 322 331 340 349 352 361 370 379 382 391 400 409 412 421 430 439 442 451 460 469 472 481 490 499 502 513 522 528 537 543 552
a 4 10 19 22 28 37 43 55 61 70 79 82 88 97 103 115 121 130 139 142 148 157 169 172 181 190 199 202 211 220 229 232 241 250 259 262 271 280 289 292 301 310 319 322 331 340 349 352 361 370 379 382 391 400 409 412 421 430 439 442 451 460 469 472 481 490 499 502 513 522 528 537 543 552
a 4 10 19 22 28 37 43 55 61 70 79 82 88 97 103 115 121 130 139 142 148 157 163 172 181 190 199 202 211 220 229 232 241 250 259 262 271 280 289 292 301 310 319 322 331 340 349 352 361 370 379 382 391 400 409 412 421 430 439 442 451 460 469 472 481 490 499 502 513 522 528 537 543 552
a 4 10 19 22 28 37 43 55 61 70 79 82 88 97 103 115 121 130 139 142 148 157 163 175 181 190 199 202 211 220 229 232 241 250 259 262 271 280 289 292 301 310 319 322 331 340 349 352 361 370 379 382 391 400 409 412 421 430 439 442 451 460 469 472 481 490 499 502 513 522 528 537 543 552
a 4 10 19 22 28 37 43 55 61 70 79 82 88 97 103 115 121 130 139 142 148 157 163 175 181 190 199 202 208 220 229 232 241 250 259 262 271 280 289 292 301 310 319 322 331 340 349 352 361 370 379 382 391 400 409 412 421 430 439 442 451 460 469 472 481 490 499 502 513 522 528 537 543 552
a 4 10 19 22 28 37 43 55 61 70 79 82 88 97 103 115 121 130 139 142 148 157 163 175 181 190 199 202 208 217 229 232 241 250 259 262 271 280 289 292 301 310 319 322 331 340 349 352 361 370 379 382 391 400 409 412 421 430 439 442 451 460 469 472 481 490 499 502 513 522 528 537 543 552
a 4 10 19 22 28 37 43 55 61 70 79 82 88 97 103 115 121 130 139 142 148 157 163 175 181 190 199 202 208 217 223 232 241 250 259 262 271 280 289 292 301 310 319 322 331 340 349 352 361 370 379 382 391 400 409 412 421 430 439 442 451 460 469 472 481 490 499 502 513 522 528 537 543 552
a 4 10 19 22 28 37 43 55 61 70 79 82 88 97 103 115 121 130 139 142 148 157 163 175 181 190 199 202 208 217 223 235 241 250 259 262 271 280 289 292 301 310 319 322 331 340 349 352 361 370 379 382 391 400 409 412 421 430 439 442 451 460 469 472 481 490 499 502 513 522 528 537 543 552
a 4 10 19 22 28 37 43 55 61 70 79 82 88 97 103 115 121 130 139 142 148 157 163 175 181 190 199 202 208 217 223 235 241 250 259 262 268 280 289 292 301 310 319 322 331 340 349 352 361 370 379 382 391 400 409 412 421 430 439 442 451 460 469 472 481 490 499 502 513 522 528 537 543 552
a 4 10 19 22 28 37 43 55 61 70 79 82 88 97 103 115 121 130 139 142 148 157 163 175 181 190 199 202 208 217 223 235 241 250 259 262 268 277 289 292 301 310 319 322 331 340 349 352 361 370 379 382 391 400 409 412 421 430 439 442 451 460 469 472 481 490 499 502 513 522 528 537 543 552
a 4 10 19 22 28 37 43 55 61 70 79 82 88 97 103 115 121 130 139 142 148 157 163 175 181 190 199 202 208 217 223 235 241 250 259 262 268 277 283 292 301 310 319 322 331 340 349 352 361 370 379 382 391 400 409 412 421 430 439 442 451 460 469 472 481 490 499 502 513 522 528 537 543 552
a 4 10 19 22 28 37 43 55 61 70 79 82 88 97 103 115 121 130 139 142 148 157 163 175 181 190 199 202 208 217 223 235 241 250 259 262 268 277 283 295 301 310 319 322 331 340 349 352 361 370 379 382 391 400 409 412 421 430 439 442 451 460 469 472 481 490 499 502 513 522 528 537 543 552
a 4 10 19 22 28 37 43 55 61 70 79 82 88 97 103 115 121 130 139 142 148 157 163 175 181 190 199 202 208 217 223 235 241 250 259 262 268 277 283 295 301 310 319 322 328 340 349 352 361 370 379 382 391 400 409 412 421 430 439 442 451 460 469 472 481 490 499 502 513 522 528 537 543 552
a 4 10 19 22 28 37 43 55 61 70 79 82 88 97 103 115 121 130 139 142 148 157 163 175 181 190 199 202 208 217 223 235 241 250 259 262 268 277 283 295 301 310 319 322 328 337 349 352 361 370 379 382 391 400 409 412 421 430 439 442 451 460 469 472 481 490 499 502 513 522 528 537 543 552
a 4 10 19 22 28 37 43 55 61 70 79 82 88 97 103 115 121 130 139 142 148 157 163 175 181 190 199 202 208 217 223 235 241 250 259 262 268 277 283 295 301 310 319 322 328 337 343 352 361 370 379 382 391 400 409 412 421 430 439 442 451 460 469 472 481 490 499 502 513 522 528 537 543 552
a 4 10 19 22 28 37 43 55 61 70 79 82 88 97 103 115 121 130 139 142 148 157 163 175 181 190 199 202 208 217 223 235 241 250 259 262 268 277 283 295 301 310 319 322 328 337 343 355 361 370 379 382 391 400 409 412 421 430 439 442 451 460 469 472 481 490 499 502 513 522 528 537 543 552
a 4 10 19 22 28 37 43 55 61 70 79 82 88 97 103 115 121 130 139 142 148 157 163 175 181 190 199 202 208 217 223 235 241 250 259 262 268 277 283 295 301 310 319 322 328 337 343 355 361 370 379 382 388 400 409 412 421 430 439 442 451 460 469 472 481 490 499 502 513 522 528 537 543 552
a 4 10 19 22 28 37 43 55 61 70 79 82 88 97 103 115 121 130 139 142 148 157 163 175 181 190 199 202 208 217 223 235 241 250 259 262 268 277 283 295 301 310 319 322 328 337 343 355 361 370 379 382 388 397 409 412 421 430 439 442 451 460 469 472 481 490 499 502 513 522 528 537 543 552
a 4 10 19 22 28 37 43 55 61 70 79 82 88 97 103 115 121 130 139 142 148 157 163 175 181 190 199 202 208 217 223 235 241 250 259 262 268 277 283 295 301 310 319 322 328 337 343 355 361 370 379 382 388 397 403 412 421 430 439 442 451 460 469 472 481 490 499 502 513 522 528 537 543 552
a 4 10 19 22 28 37 43 55 61 70 79 82 88 97 103 115 121 130 139 142 148 157 163 175 181 190 199 202 208 217 223 235 241 250 259 262 268 277 283 295 301 310 319 322 328 337 343 355 361 370 379 382 388 397 403 415 421 430 439 442 451 460 469 472 481 490 499 502 513 522 528 537 543 552
a 4 10 19 22 28 37 43 55 61 70 79 82 88 97 103 115 121 130 139 142 148 157 163 175 181 190 199 202 208 217 223 235 241 250 259 262 268 277 283 295 301 310 319 322 328 337 343 355 361 370 379 382 388 397 403 415 421 430 439 442 448 460 469 472 481 490 499 502 513 522 528 537 543 552
a 4 10 19 22 28 37 43 55 61 70 79 82 88 97 103 115 121 130 139 142 148 157 163 175 181 190 199 202 208 217 223 235 241 250 259 262 268 277 283 295 301 310 319 322 328 337 343 355 361 370 379 382 388 397 403 415 421 430 439 442 448 457 469 472 481 490 499 502 513 522 528 537 543 552
a 4 10 19 22 28 37 43 55 61 70 79 82 88 97 103 115 121 130 139 142 148 157 163 175 181 190 199 202 208 217 223 235 241 250 259 262 268 277 283 295 301 310 319 322 328 337 343 355 361 370 379 382 388 397 403 415 421 430 439 442 448 457 463 472 481 490 499 502 513 522 528 537 543 552
a 4 10 19 22 28 37 43 55 61 70 79 82 88 97 103 115 121 130 139 142 148 157 163 175 181 190 199 202 208 217 223 235 241 250 259 262 268 277 283 295 301 310 319 322 328 337 343 355 361 370 379 382 388 397 403 415 421 430 439 442 448 457 463 475 481 490 499 502 513 522 528 537 543 552
a 4 10 19 22 28 37 43 55 61 70 79 82 88 97 103 115 121 130 139 142 148 157 163 175 181 190 199 202 208 217 223 235 241 250 259 262 268 277 283 295 301 310 319 322 328 337 343 355 361 370 379 382 388 397 403 415 421 430 439 442 448 457 463 475 481 490 499 502 508 522 528 537 543 552
a 4 10 19 22 28 37 43 55 61 70 79 82 88 97 103 115 121 130 139 142 148 157 163 175 181 190 199 202 208 217 223 235 241 250 259 262 268 277 283 295 301 310 319 322 328 337 343 355 361 370 379 382 388 397 403 415 421 430 439 442 448 457 463 475 481 490 499 502 508 517 528 537 543 552
a 4 10 19 22 28 37 43 55 61 70 79 82 88 97 103 115 121 130 139 142 148 157 163 175 181 190 199 202 208 217 223 235 241 250 259 262 268 277 283 295 301 310 319 322 328 337 343 355 361 370 379 382 388 397 403 415 421 430 439 442 448 457 463 475 481 490 499 502 508 517 523 537 543 552
a 4 10 19 22 28 37 43 55 61 70 79 82 88 97 103 115 121 130 139 142 148 157 163 175 181 190 199 202 208 217 223 235 241 250 259 262 268 277 283 295 301 310 319 322 328 337 343 355 361 370 379 382 388 397 403 415 421 430 439 442 448 457 463 475 481 490 499 502 508 517 523 534 543 552
a 4 10 19 22 28 37 43 55 61 70 79 82 88 97 103 115 121 130 139 142 148 157 163 175 181 190 199 202 208 217 223 235 241 250 259 262 268 277 283 295 301 310 319 322 328 337 343 355 361 370 379 382 388 397 403 415 421 430 439 442 448 457 463 475 481 490 499 502 508 517 531 534 543 552
a 4 10 19 22 28 37 43 55 61 70 79 82 88 97 103 115 121 130 139 142 148 157 163 175 181 190 199 202 208 217 223 235 241 250 259 262 268 277 283 295 301 310 319 322 328 337 343 355 361 370 379 382 388 397 403 415 421 430 439 442 448 457 463 475 481 490 499 502 508 520 531 534 543 552
a 4 10 19 22 28 37 43 55 61 70 79 82 88 97 103 115 121 130 139 142 148 157 163 175 181 190 199 202 208 217 223 235 241 250 259 262 268 277 283 295 301 310 319 322 328 337 343 355 361 370 379 382 388 397 403 415 421 430 439 442 448 457 463 475 481 490 499 502 511 520 531 534 543 552
a 4 10 19 22 28 37 43 55 61 70 79 82 88 97 103 115 121 130 139 142 148 157 163 175 181 190 199 202 208 217 223 235 241 250 259 262 268 277 283 295 301 310 319 322 328 337 343 355 361 370 379 382 388 397 403 415 421 430 439 442 448 457 463 472 481 490 499 502 511 520 531 534 543 552
a 4 10 19 22 28 37 43 55 61 70 79 82 88 97 103 115 121 130 139 142 148 157 163 175 181 190 199 202 208 217 223 235 241 250 259 262 268 277 283 295 301 310 319 322 328 337 343 355 361 370 379 382 388 397 403 415 421 430 439 442 448 457 469 472 481 490 499 502 511 520 531 534 543 552
a 4 10 19 22 28 37 43 55 61 70 79 82 88 97 103 115 121 130 139 142 148 157 163 175 181 190 199 202 208 217 223 235 241 250 259 262 268 277 283 295 301 310 319 322 328 337 343 355 361 370 379 382 388 397 403 415 421 430 439 442 448 460 469 472 481 490 499 502 511 520 531 534 543 552
a 4 10 19 22 28 37 43 55 61 70 79 82 88 97 103 115 121 130 139 142 148 157 163 175 181 190 199 202 208 217 223 235 241 250 259 262 268 277 283 295 301 310 319 322 328 337 343 355 361 370 379 382 388 397 403 415 421 430 439 442 451 460 469 472 481 490 499 502 511 520 531 534 543 552
a 4 10 19 22 28 37 43 55 61 70 79 82 88 97 103 115 121 130 139 142 148 157 163 175 181 190 199 202 208 217 223 235 241 250 259 262 268 277 283 295 301 310 319 322 328 337 343 355 361 370 379 382 388 397 403 412 421 430 439 442 451 460 469 472 481 490 499 502 511 520 531 534 543 552
a 4 10 19 22 28 37 43 55 61 70 79 82 88 97 103 115 121 130 139 142 148 157 163 175 181 190 199 202 208 217 223 235 241 250 259 262 268 277 283 295 301 310 319 322 328 337 343 355 361 370 379 382 388 397 409 412 421 430 439 442 451 460 469 472 481 490 499 502 511 520 531 534 543 552
a 4 10 19 22 28 37 43 55 61 70 79 82 88 97 103 115 121 130 139 142 148 157 163 175 181 190 199 202 208 217 223 235 241 250 259 262 268 277 283 295 301 310 319 322 328 337 343 355 361 370 379 382 388 400 409 412 421 430 439 442 451 460 469 472 481 490 499 502 511 520 531 534 543 552
a 4 10 19 22 28 37 43 55 61 70 79 82 88 97 103 115 121 130 139 142 148 157 163 175 181 190 199 202 208 217 223 235 241 250 259 262 268 277 283 295 301 310 319 322 328 337 343 355 361 370 379 382 391 400 409 412 421 430 439 442 451 460 469 472 481 490 499 502 511 520 531 534 543 552
a 4 10 19 22 28 37 43 55 61 70 79 82 88 97 103 115 121 130 139 142 148 157 163 175 181 190 199 202 208 217 223 235 241 250 259 262 268 277 283 295 301 310 319 322 328 337 343 352 361 370 379 382 391 400 409 412 421 430 439 442 451 460 469 472 481 490 499 502 511 520 531 534 543 552
a 4 10 19 22 28 37 43 55 61 70 79 82 88 97 103 115 121 130 139 142 148 157 163 175 181 190 199 202 208 217 223 235 241 250 259 262 268 277 283 295 301 310 319 322 328 337 349 352 361 370 379 382 391 400 409 412 421 430 439 442 451 460 469 472 481 490 499 502 511 520 531 534 543 552
a 4 10 19 22 28 37 43 55 61 70 79 82 88 97 103 115 121 130 139 142 148 157 163 175 181 190 199 202 208 217 223 235 241 250 259 262 268 277 283 295 301 310 319 322 328 340 349 352 361 370 379 382 391 400 409 412 421 430 439 442 451 460 469 472 481 490 499 502 511 520 531 534 543 552
a 4 10 19 22 28 37 43 55 61 70 79 82 88 97 103 115 121 130 139 142 148 157 163 175 181 190 199 202 208 217 223 235 241 250 259 262 268 277 283 295 301 310 319 322 331 340 349 352 361 370 379 382 391 400 409 412 421 430 439 442 451 460 469 472 481 490 499 502 511 520 531 534 543 552
a 4 10 19 22 28 37 43 55 61 70 79 82 88 97 103 115 121 130 139 142 148 157 163 175 181 190 199 202 208 217 223 235 241 250 259 262 268 277 283 292 301 310 319 322 331 340 349 352 361 370 379 382 391 400 409 412 421 430 439 442 451 460 469 472 481 490 499 502 511 520 531 534 543 552
a 4 10 19 22 28 37 43 55 61 70 79 82 88 97 103 115 121 130 139 142 148 157 163 175 181 190 199 202 208 217 223 235 241 250 259 262 268 277 289 292 301 310 319 322 331 340 349 352 361 370 379 382 391 400 409 412 421 430 439 442 451 460 469 472 481 490 499 502 511 520 531 534 543 552
a 4 10 19 22 28 37 43 55 61 70 79 82 88 97 103 115 121 130 139 142 148 157 163 175 181 190 199 202 208 217 223 235 241 250 259 262 268 280 289 292 301 310 319 322 331 340 349 352 361 370 379 382 391 400 409 412 421 430 439 442 451 460 469 472 481 490 499 502 511 520 531 534 543 552
a 4 10 19 22 28 37 43 55 61 70 79 82 88 97 103 115 121 130 139 142 148 157 163 175 181 190 199 202 208 217 223 235 241 250 259 262 271 280 289 292 301 310 319 322 331 340 349 352 361 370 379 382 391 400 409 412 421 430 439 442 451 460 469 472 481 490 499 502 511 520 531 534 543 552
a 4 10 19 22 28 37 43 55 61 70 79 82 88 97 103 115 121 130 139 142 148 157 163 175 181 190 199 202 208 217 223 232 241 250 259 262 271 280 289 292 301 310 319 322 331 340 349 352 361 370 379 382 391 400 409 412 421 430 439 442 451 460 469 472 481 490 499 502 511 520 531 534 543 552
a 4 10 19 22 28 37 43 55 61 70 79 82 88 97 103 115 121 130 139 142 148 157 163 175 181 190 199 202 208 217 229 232 241 250 259 262 271 280 289 292 301 310 319 322 331 340 349 352 361 370 379 382 391 400 409 412 421 430 439 442 451 460 469 472 481 490 499 502 511 520 531 534 543 552
a 4 10 19 22 28 37 43 55 61 70 79 82 88 97 103 115 121 130 139 142 148 157 163 175 181 190 199 202 208 220 229 232 241 250 259 262 271 280 289 292 301 310 319 322 331 340 349 352 361 370 379 382 391 400 409 412 421 430 439 442 451 460 469 472 481 490 499 502 511 520 531 534 543 552
a 4 10 19 22 28 37 43 55 61 70 79 82 88 97 103 115 121 130 139 142 148 157 163 175 181 190 199 202 211 220 229 232 241 250 259 262 271 280 289 292 301 310 319 322 331 340 349 352 361 370 379 382 391 400 409 412 421 430 439 442 451 460 469 472 481 490 499 502 511 520 531 534 543 552
a 4 10 19 22 28 37 43 55 61 70 79 82 88 97 103 115 121 130 139 142 148 157 163 172 181 190 199 202 211 220 229 232 241 250 259 262 271 280 289 292 301 310 319 322 331 340 349 352 361 370 379 382 391 400 409 412 421 430 439 442 451 460 469 472 481 490 499 502 511 520 531 534 543 552
a 4 10 19 22 28 37 43 55 61 70 79 82 88 97 103 115 121 130 139 142 148 157 169 172 181 190 199 202 211 220 229 232 241 250 259 262 271 280 289 292 301 310 319 322 331 340 349 352 361 370 379 382 391 400 409 412 421 430 439 442 451 460 469 472 481 490 499 502 511 520 531 534 543 552
a 4 10 19 22 28 37 43 55 61 70 79 82 88 97 103 115 121 130 139 142 148 160 169 172 181 190 199 202 211 220 229 232 241 250 259 262 271 280 289 292 301 310 319 322 331 340 349 352 361 370 379 382 391 400 409 412 421 430 439 442 451 460 469 472 481 490 499 502 511 520 531 534 543 552
a 4 10 19 22 28 37 43 55 61 70 79 82 88 97 103 115 121 130 139 142 151 160 169 172 181 190 199 202 211 220 229 232 241 250 259 262 271 280 289 292 301 310 319 322 331 340 349 352 361 370 379 382 391 400 409 412 421 430 439 442 451 460 469 472 481 490 499 502 511 520 531 534 543 552
a 4 10 19 22 28 37 43 55 61 70 79 82 88 97 103 112 121 130 139 142 151 160 169 172 181 190 199 202 211 220 229 232 241 250 259 262 271 280 289 292 301 310 319 322 331 340 349 352 361 370 379 382 391 400 409 412 421 430 439 442 451 460 469 472 481 490 499 502 511 520 531 534 543 552
a 4 10 19 22 28 37 43 55 61 70 79 82 88 97 109 112 121 130 139 142 151 160 169 172 181 190 199 202 211 220 229 232 241 250 259 262 271 280 289 292 301 310 319 322 331 340 349 352 361 370 379 382 391 400 409 412 421 430 439 442 451 460 469 472 481 490 499 502 511 520 531 534 543 552
a 4 10 19 22 28 37 43 55 61 70 79 82 88 100 109 112 121 130 139 142 151 160 169 172 181 190 199 202 211 220 229 232 241 250 259 262 271 280 289 292 301 310 319 322 331 340 349 352 361 370 379 382 391 400 409 412 421 430 439 442 451 460 469 472 481 490 499 502 511 520 531 534 543 552
a 4 10 19 22 28 37 43 55 61 70 79 82 91 100 109 112 121 130 139 142 151 160 169 172 181 190 199 202 211 220 229 232 241 250 259 262 271 280 289 292 301 310 319 322 331 340 349 352 361 370 379 382 391 400 409 412 421 430 439 442 451 460 469 472 481 490 499 502 511 520 531 534 543 552
a 4 10 19 22 28 37 43 52 61 70 79 82 91 100 109 112 121 130 139 142 151 160 169 172 181 190 199 202 211 220 229 232 241 250 259 262 271 280 289 292 301 310 319 322 331 340 349 352 361 370 379 382 391 400 409 412 421 430 439 442 451 460 469 472 481 490 499 502 511 520 531 534 543 552
a 4 10 19 22 28 37 49 52 61 70 79 82 91 100 109 112 121 130 139 142 151 160 169 172 181 190 199 202 211 220 229 232 241 250 259 262 271 280 289 292 301 310 319 322 331 340 349 352 361 370 379 382 391 400 409 412 421 430 439 442 451 460 469 472 481 490 499 502 511 520 531 534 543 552
a 4 10 19 22 28 40 49 52 61 70 79 82 91 100 109 112 121 130 139 142 151 160 169 172 181 190 199 202 211 220 229 232 241 250 259 262 271 280 289 292 301 310 319 322 331 340 349 352 361 370 379 382 391 400 409 412 421 430 439 442 451 460 469 472 481 490 499 502 511 520 531 534 543 552
a 4 10 19 22 31 40 49 52 61 70 79 82 91 100 109 112 121 130 139 142 151 160 169 172 181 190 199 202 211 220 229 232 241 250 259 262 271 280 289 292 301 310 319 322 331 340 349 352 361 370 379 382 391 400 409 412 421 430 439 442 451 460 469 472 481 490 499 502 511 520 531 534 543 552
a 1 10 19 22 31 40 49 52 61 70 79 82 91 100 109 112 121 130 139 142 151 160 169 172 181 190 199 202 211 220 229 232 241 250 259 262 271 280 289 292 301 310 319 322 331 340 349 352 361 370 379 382 391 400 409 412 421 430 439 442 451 460 469 472 481 490 499 502 511 520 531 534 543 552
a 1 7 19 22 31 40 49 52 61 70 79 82 91 100 109 112 121 130 139 142 151 160 169 172 181 190 199 202 211 220 229 232 241 250 259 262 271 280 289 292 301 310 319 322 331 340 349 352 361 370 379 382 391 400 409 412 421 430 439 442 451 460 469 472 481 490 499 502 511 520 531 534 543 552
a 1 7 13 22 31 40 49 52 61 70 79 82 91 100 109 112 121 130 139 142 151 160 169 172 181 190 199 202 211 220 229 232 241 250 259 262 271 280 289 292 301 310 319 322 331 340 349 352 361 370 379 382 391 400 409 412 421 430 439 442 451 460 469 472 481 490 499 502 511 520 531 534 543 552
a 1 7 13 25 31 40 49 52 61 70 79 82 91 100 109 112 121 130 139 142 151 160 169 172 181 190 199 202 211 220 229 232 241 250 259 262 271 280 289 292 301 310 319 322 331 340 349 352 361 370 379 382 391 400 409 412 421 430 439 442 451 460 469 472 481 490 499 502 511 520 531 534 543 552
a 1 7 13 25 31 40 49 52 58 70 79 82 91 100 109 112 121 130 139 142 151 160 169 172 181 190 199 202 211 220 229 232 241 250 259 262 271 280 289 292 301 310 319 322 331 340 349 352 361 370 379 382 391 400 409 412 421 430 439 442 451 460 469 472 481 490 499 502 511 520 531 534 543 552
a 1 7 13 25 31 40 49 52 58 67 79 82 91 100 109 112 121 130 139 142 151 160 169 172 181 190 199 202 211 220 229 232 241 250 259 262 271 280 289 292 301 310 319 322 331 340 349 352 361 370 379 382 391 400 409 412 421 430 439 442 451 460 469 472 481 490 499 502 511 520 531 534 543 552
a 1 7 13 25 31 40 49 52 58 67 73 82 91 100 109 112 121 130 139 142 151 160 169 172 181 190 199 202 211 220 229 232 241 250 259 262 271 280 289 292 301 310 319 322 331 340 349 352 361 370 379 382 391 400 409 412 421 430 439 442 451 460 469 472 481 490 499 502 511 520 531 534 543 552
a 1 7 13 25 31 40 49 52 58 67 73 85 91 100 109 112 121 130 139 142 151 160 169 172 181 190 199 202 211 220 229 232 241 250 259 262 271 280 289 292 301 310 319 322 331 340 349 352 361 370 379 382 391 400 409 412 421 430 439 442 451 460 469 472 481 490 499 502 511 520 531 534 543 552
a 1 7 13 25 31 40 49 52 58 67 73 85 91 100 109 112 118 130 139 142 151 160 169 172 181 190 199 202 211 220 229 232 241 250 259 262 271 280 289 292 301 310 319 322 331 340 349 352 361 370 379 382 391 400 409 412 421 430 439 442 451 460 469 472 481 490 499 502 511 520 531 534 543 552
a 1 7 13 25 31 40 49 52 58 67 73 85 91 100 109 112 118 127 139 142 151 160 169 172 181 190 199 202 211 220 229 232 241 250 259 262 271 280 289 292 301 310 319 322 331 340 349 352 361 370 379 382 391 400 409 412 421 430 439 442 451 460 469 472 481 490 499 502 511 520 531 534 543 552
a 1 7 13 25 31 40 49 52 58 67 73 85 91 100 109 112 118 127 133 142 151 160 169 172 181 190 199 202 211 220 229 232 241 250 259 262 271 280 289 292 301 310 319 322 331 340 349 352 361 370 379 382 391 400 409 412 421 430 439 442 451 460 469 472 481 490 499 502 511 520 531 534 543 552
a 1 7 13 25 31 40 49 52 58 67 73 85 91 100 109 112 118 127 133 145 151 160 169 172 181 190 199 202 211 220 229 232 241 250 259 262 271 280 289 292 301 310 319 322 331 340 349 352 361 370 379 382 391 400 409 412 421 430 439 442 451 460 469 472 481 490 499 502 511 520 531 534 543 552
a 1 7 13 25 31 40 49 52 58 67 73 85 91 100 109 112 118 127 133 145 151 160 169 172 178 190 199 202 211 220 229 232 241 250 259 262 271 280 289 292 301 310 319 322 331 340 349 352 361 370 379 382 391 400 409 412 421 430 439 442 451 460 469 472 481 490 499 502 511 520 531 534 543 552
a 1 7 13 25 31 40 49 52 58 67 73 85 91 100 109 112 118 127 133 145 151 160 169 172 178 187 199 202 211 220 229 232 241 250 259 262 271 280 289 292 301 310 319 322 331 340 349 352 361 370 379 382 391 400 409 412 421 430 439 442 451 460 469 472 481 490 499 502 511 520 531 534 543 552
a 1 7 13 25 31 40 49 52 58 67 73 85 91 100 109 112 118 127 133 145 151 160 169 172 178 187 193 202 211 220 229 232 241 250 259 262 271 280 289 292 301 310 319 322 331 340 349 352 361 370 379 382 391 400 409 412 421 430 439 442 451 460 469 472 481 490 499 502 511 520 531 534 543 552
a 1 7 13 25 31 40 49 52 58 67 73 85 91 100 109 112 118 127 133 145 151 160 169 172 178 187 193 205 211 220 229 232 241 250 259 262 271 280 289 292 301 310 319 322 331 340 349 352 361 370 379 382 391 400 409 412 421 430 439 442 451 460 469 472 481 490 499 502 511 520 531 534 543 552
a 1 7 13 25 31 40 49 52 58 67 73 85 91 100 109 112 118 127 133 145 151 160 169 172 178 187 193 205 211 220 229 232 238 250 259 262 271 280 289 292 301 310 319 322 331 340 349 352 361 370 379 382 391 400 409 412 421 430 439 442 451 460 469 472 481 490 499 502 511 520 531 534 543 552
a 1 7 13 25 31 40 49 52 58 67 73 85 91 100 109 112 118 127 133 145 151 160 169 172 178 187 193 205 211 220 229 232 238 247 259 262 271 280 289 292 301 310 319 322 331 340 349 352 361 370 379 382 391 400 409 412 421 430 439 442 451 460 469 472 481 490 499 502 511 520 531 534 543 552
a 1 7 13 25 31 40 49 52 58 67 73 85 91 100 109 112 118 127 133 145 151 160 169 172 178 187 193 205 211 220 229 232 238 247 253 262 271 280 289 292 301 310 319 322 331 340 349 352 361 370 379 382 391 400 409 412 421 430 439 442 451 460 469 472 481 490 499 502 511 520 531 534 543 552
a 1 7 13 25 31 40 49 52 58 67 73 85 91 100 109 112 118 127 133 145 151 160 169 172 178 187 193 205 211 220 229 232 238 247 253 265 271 280 289 292 301 310 319 322 331 340 349 352 361 370 379 382 391 400 409 412 421 430 439 442 451 460 469 472 481 490 499 502 511 520 531 534 543 552
a 1 7 13 25 31 40 49 52 58 67 73 85 91 100 109 112 118 127 133 145 151 160 169 172 178 187 193 205 211 220 229 232 238 247 253 265 271 280 289 292 298 310 319 322 331 340 349 352 361 370 379 382 391 400 409 412 421 430 439 442 451 460 469 472 481 490 499 502 511 520 531 534 543 552
a 1 7 13 25 31 40 49 52 58 67 73 85 91 100 109 112 118 127 133 145 151 160 169 172 178 187 193 205 211 220 229 232 238 247 253 265 271 280 289 292 298 307 319 322 331 340 349 352 361 370 379 382 391 400 409 412 421 430 439 442 451 460 469 472 481 490 499 502 511 520 531 534 543 552
a 1 7 13 25 31 40 49 52 58 67 73 85 91 100 109 112 118 127 133 145 151 160 169 172 178 187 193 205 211 220 229 232 238 247 253 265 271 280 289 292 298 307 313 322 331 340 349 352 361 370 379 382 391 400 409 412 421 430 439 442 451 460 469 472 481 490 499 502 511 520 531 534 543 552
a 1 7 13 25 31 40 49 52 58 67 73 85 91 100 109 112 118 127 133 145 151 160 169 172 178 187 193 205 211 220 229 232 238 247 253 265 271 280 289 292 298 307 313 325 331 340 349 352 361 370 379 382 391 400 409 412 421 430 439 442 451 460 469 472 481 490 499 502 511 520 531 534 543 552
a 1 7 13 25 31 40 49 52 58 67 73 85 91 100 109 112 118 127 133 145 151 160 169 172 178 187 193 205 211 220 229 232 238 247 253 265 271 280 289 292 298 307 313 325 331 340 349 352 358 370 379 382 391 400 409 412 421 430 439 442 451 460 469 472 481 490 499 502 511 520 531 534 543 552
a 1 7 13 25 31 40 49 52 58 67 73 85 91 100 109 112 118 127 133 145 151 160 169 172 178 187 193 205 211 220 229 232 238 247 253 265 271 280 289 292 298 307 313 325 331 340 349 352 358 367 379 382 391 400 409 412 421 430 439 442 451 460 469 472 481 490 499 502 511 520 531 534 543 552
a 1 7 13 25 31 40 49 52 58 67 73 85 91 100 109 112 118 127 133 145 151 160 169 172 178 187 193 205 211 220 229 232 238 247 253 265 271 280 289 292 298 307 313 325 331 340 349 352 358 367 373 382 391 400 409 412 421 430 439 442 451 460 469 472 481 490 499 502 511 520 531 534 543 552
a 1 7 13 25 31 40 49 52 58 67 73 85 91 100 109 112 118 127 133 145 151 160 169 172 178 187 193 205 211 220 229 232 238 247 253 265 271 280 289 292 298 307 313 325 331 340 349 352 358 367 373 385 391 400 409 412 421 430 439 442 451 460 469 472 481 490 499 502 511 520 531 534 543 552
a 1 7 13 25 31 40 49 52 58 67 73 85 91 100 109 112 118 127 133 145 151 160 169 172 178 187 193 205 211 220 229 232 238 247 253 265 271 280 289 292 298 307 313 325 331 340 349 352 358 367 373 385 391 400 409 412 418 430 439 442 451 460 469 472 481 490 499 502 511 520 531 534 543 552
a 1 7 13 25 31 40 49 52 58 67 73 85 91 100 109 112 118 127 133 145 151 160 169 172 178 187 193 205 211 220 229 232 238 247 253 265 271 280 289 292 298 307 313 325 331 340 349 352 358 367 373 385 391 400 409 412 418 427 439 442 451 460 469 472 481 490 499 502 511 520 531 534 543 552
a 1 7 13 25 31 40 49 52 58 67 73 85 91 100 109 112 118 127 133 145 151 160 169 172 178 187 193 205 211 220 229 232 238 247 253 265 271 280 289 292 298 307 313 325 331 340 349 352 358 367 373 385 391 400 409 412 418 427 433 442 451 460 469 472 481 490 499 502 511 520 531 534 543 552
a 1 7 13 25 31 40 49 52 58 67 73 85 91 100 109 112 118 127 133 145 151 160 169 172 178 187 193 205 211 220 229 232 238 247 253 265 271 280 289 292 298 307 313 325 331 340 349 352 358 367 373 385 391 400 409 412 418 427 433 445 451 460 469 472 481 490 499 502 511 520 531 534 543 552
a 1 7 13 25 31 40 49 52 58 67 73 85 91 100 109 112 118 127 133 145 151 160 169 172 178 187 193 205 211 220 229 232 238 247 253 265 271 280 289 292 298 307 313 325 331 340 349 352 358 367 373 385 391 400 409 412 418 427 433 445 451 460 469 472 478 490 499 502 511 520 531 534 543 552
a 1 7 13 25 31 40 49 52 58 67 73 85 91 100 109 112 118 127 133 145 151 160 169 172 178 187 193 205 211 220 229 232 238 247 253 265 271 280 289 292 298 307 313 325 331 340 349 352 358 367 373 385 391 400 409 412 418 427 433 445 451 460 469 472 478 487 499 502 511 520 531 534 543 552
a 1 7 13 25 31 40 49 52 58 67 73 85 91 100 109 112 118 127 133 145 151 160 169 172 178 187 193 205 211 220 229 232 238 247 253 265 271 280 289 292 298 307 313 325 331 340 349 352 358 367 373 385 391 400 409 412 418 427 433 445 451 460 469 472 478 487 493 502 511 520 531 534 543 552
a 1 7 13 25 31 40 49 52 58 67 73 85 91 100 109 112 118 127 133 145 151 160 169 172 178 187 193 205 211 220 229 232 238 247 253 265 271 280 289 292 298 307 313 325 331 340 349 352 358 367 373 385 391 400 409 412 418 427 433 445 451 460 469 472 478 487 493 505 511 520 531 534 543 552
a 1 7 13 25 31 40 49 52 58 67 73 85 91 100 109 112 118 127 133 145 151 160 169 172 178 187 193 205 211 220 229 232 238 247 253 265 271 280 289 292 298 307 313 325 331 340 349 352 358 367 373 385 391 400 409 412 418 427 433 445 451 460 469 472 478 487 493 505 511 520 531 534 538 552
a 1 7 13 25 31 40 49 52 58 67 73 85 91 100 109 112 118 127 133 145 151 160 169 172 178 187 193 205 211 220 229 232 238 247 253 265 271 280 289 292 298 307 313 325 331 340 349 352 358 367 373 385 391 400 409 412 418 427 433 445 451 460 469 472 478 487 493 505 511 520 531 534 538 549
a 1 7 13 25 31 40 49 52 58 67 73 85 91 100 109 112 118 127 133 145 151 160 169 172 178 187 193 205 211 220 229 232 238 247 253 265 271 280 289 292 298 307 313 325 331 340 349 352 358 367 373 385 391 400 409 412 418 427 433 445 451 460 469 472 478 487 493 505 511 520 531 534 546 549
a 1 7 13 25 31 40 49 52 58 67 73 85 91 100 109 112 118 127 133 145 151 160 169 172 178 187 193 205 211 220 229 232 238 247 253 265 271 280 289 292 298 307 313 325 331 340 349 352 358 367 373 385 391 400 409 412 418 427 433 445 451 460 469 472 478 487 493 504 511 520 531 534 546 549
a 1 7 13 25 31 40 49 52 58 67 73 85 91 100 109 112 118 127 133 145 151 160 169 172 178 187 193 205 211 220 229 232 238 247 253 265 271 280 289 292 298 307 313 325 331 340 349 352 358 367 373 385 391 400 409 412 418 427 433 445 451 460 469 472 478 487 501 504 511 520 531 534 546 549
a 1 7 13 25 31 40 49 52 58 67 73 85 91 100 109 112 118 127 133 145 151 160 169 172 178 187 193 205 211 220 229 232 238 247 253 265 271 280 289 292 298 307 313 325 331 340 349 352 358 367 373 385 391 400 409 412 418 427 433 445 451 460 469 472 478 490 501 504 511 520 531 534 546 549
a 1 7 13 25 31 40 49 52 58 67 73 85 91 100 109 112 118 127 133 145 151 160 169 172 178 187 193 205 211 220 229 232 238 247 253 265 271 280 289 292 298 307 313 325 331 340 349 352 358 367 373 385 391 400 409 412 418 427 433 445 451 460 469 472 481 490 501 504 511 520 531 534 546 549
a 1 7 13 25 31 40 49 52 58 67 73 85 91 100 109 112 118 127 133 145 151 160 169 172 178 187 193 205 211 220 229 232 238 247 253 265 271 280 289 292 298 307 313 325 331 340 349 352 358 367 373 385 391 400 409 412 418 427 433 442 451 460 469 472 481 490 501 504 511 520 531 534 546 549
a 1 7 13 25 31 40 49 52 58 67 73 85 91 100 109 112 118 127 133 145 151 160 169 172 178 187 193 205 211 220 229 232 238 247 253 265 271 280 289 292 298 307 313 325 331 340 349 352 358 367 373 385 391 400 409 412 418 427 439 442 451 460 469 472 481 490 501 504 511 520 531 534 546 549
a 1 7 13 25 31 40 49 52 58 67 73 85 91 100 109 112 118 127 133 145 151 160 169 172 178 187 193 205 211 220 229 232 238 247 253 265 271 280 289 292 298 307 313 325 331 340 349 352 358 367 373 385 391 400 409 412 418 430 439 442 451 460 469 472 481 490 501 504 511 520 531 534 546 549
a 1 7 13 25 31 40 49 52 58 67 73 85 91 100 109 112 118 127 133 145 151 160 169 172 178 187 193 205 211 220 229 232 238 247 253 265 271 280 289 292 298 307 313 325 331 340 349 352 358 367 373 385 391 400 409 412 421 430 439 442 451 460 469 472 481 490 501 504 511 520 531 534 546 549
a 1 7 13 25 31 40 49 52 58 67 73 85 91 100 109 112 118 127 133 145 151 160 169 172 178 187 193 205 211 220 229 232 238 247 253 265 271 280 289 292 298 307 313 325 331 340 349 352 358 367 373 382 391 400 409 412 421 430 439 442 451 460 469 472 481 490 501 504 511 520 531 534 546 549
a 1 7 13 25 31 40 49 52 58 67 73 85 91 100 109 112 118 127 133 145 151 160 169 172 178 187 193 205 211 220 229 232 238 247 253 265 271 280 289 292 298 307 313 325 331 340 349 352 358 367 379 382 391 400 409 412 421 430 439 442 451 460 469 472 481 490 501 504 511 520 531 534 546 549
a 1 7 13 25 31 40 49 52 58 67 73 85 91 100 109 112 118 127 133 145 151 160 169 172 178 187 193 205 211 220 229 232 238 247 253 265 271 280 289 292 298 307 313 325 331 340 349 352 358 370 379 382 391 400 409 412 421 430 439 442 451 460 469 472 481 490 501 504 511 520 531 534 546 549
a 1 7 13 25 31 40 49 52 58 67 73 85 91 100 109 112 118 127 133 145 151 160 169 172 178 187 193 205 211 220 229 232 238 247 253 265 271 280 289 292 298 307 313 325 331 340 349 352 361 370 379 382 391 400 409 412 421 430 439 442 451 460 469 472 481 490 501 504 511 520 531 534 546 549
a 1 7 13 25 31 40 49 52 58 67 73 85 91 100 109 112 118 127 133 145 151 160 169 172 178 187 193 205 211 220 229 232 238 247 253 265 271 280 289 292 298 307 313 322 331 340 349 352 361 370 379 382 391 400 409 412 421 430 439 442 451 460 469 472 481 490 501 504 511 520 531 534 546 549
a 1 7 13 25 31 40 49 52 58 67 73 85 91 100 109 112 118 127 133 145 151 160 169 172 178 187 193 205 211 220 229 232 238 247 253 265 271 280 289 292 298 307 319 322 331 340 349 352 361 370 379 382 391 400 409 412 421 430 439 442 451 460 469 472 481 490 501 504 511 520 531 534 546 549
a 1 7 13 25 31 40 49 52 58 67 73 85 91 100 109 112 118 127 133 145 151 160 169 172 178 187 193 205 211 220 229 232 238 247 253 265 271 280 289 292 298 310 319 322 331 340 349 352 361 370 379 382 391 400 409 412 421 430 439 442 451 460 469 472 481 490 501 504 511 520 531 534 546 549
a 1 7 13 25 31 40 49 52 58 67 73 85 91 100 109 112 118 127 133 145 151 160 169 172 178 187 193 205 211 220 229 232 238 247 253 265 271 280 289 292 301 310 319 322 331 340 349 352 361 370 379 382 391 400 409 412 421 430 439 442 451 460 469 472 481 490 501 504 511 520 531 534 546 549
a 1 7 13 25 31 40 49 52 58 67 73 85 91 100 109 112 118 127 133 145 151 160 169 172 178 187 193 205 211 220 229 232 238 247 253 262 271 280 289 292 301 310 319 322 331 340 349 352 361 370 379 382 391 400 409 412 421 430 439 442 451 460 469 472 481 490 501 504 511 520 531 534 546 549
a 1 7 13 25 31 40 49 52 58 67 73 85 91 100 109 112 118 127 133 145 151 160 169 172 178 187 193 205 211 220 229 232 238 247 259 262 271 280 289 292 301 310 319 322 331 340 349 352 361 370 379 382 391 400 409 412 421 430 439 442 451 460 469 472 481 490 501 504 511 520 531 534 546 549
a 1 7 13 25 31 40 49 52 58 67 73 85 91 100 109 112 118 127 133 145 151 160 169 172 178 187 193 205 211 220 229 232 238 250 259 262 271 280 289 292 301 310 319 322 331 340 349 352 361 370 379 382 391 400 409 412 421 430 439 442 451 460 469 472 481 490 501 504 511 520 531 534 546 549
a 1 7 13 25 31 40 49 52 58 67 73 85 91 100 109 112 118 127 133 145 151 160 169 172 178 187 193 205 211 220 229 232 241 250 259 262 271 280 289 292 301 310 319 322 331 340 349 352 361 370 379 382 391 400 409 412 421 430 439 442 451 460 469 472 481 490 501 504 511 520 531 534 546 549
a 1 7 13 25 31 40 49 52 58 67 73 85 91 100 109 112 118 127 133 145 151 160 169 172 178 187 193 202 211 220 229 232 241 250 259 262 271 280 289 292 301 310 319 322 331 340 349 352 361 370 379 382 391 400 409 412 421 430 439 442 451 460 469 472 481 490 501 504 511 520 531 534 546 549
a 1 7 13 25 31 40 49 52 58 67 73 85 91 100 109 112 118 127 133 145 151 160 169 172 178 187 199 202 211 220 229 232 241 250 259 262 271 280 289 292 301 310 319 322 331 340 349 352 361 370 379 382 391 400 409 412 421 430 439 442 451 460 469 472 481 490 501 504 511 520 531 534 546 549
a 1 7 13 25 31 40 49 52 58 67 73 85 91 100 109 112 118 127 133 145 151 160 169 172 178 190 199 202 211 220 229 232 241 250 259 262 271 280 289 292 301 310 319 322 331 340 349 352 361 370 379 382 391 400 409 412 421 430 439 442 451 460 469 472 481 490 501 504 511 520 531 534 546 549
a 1 7 13 25 31 40 49 52 58 67 73 85 91 100 109 112 118 127 133 145 151 160 169 172 181 190 199 202 211 220 229 232 241 250 259 262 271 280 289 292 301 310 319 322 331 340 349 352 361 370 379 382 391 400 409 412 421 430 439 442 451 460 469 472 481 490 501 504 511 520 531 534 546 549
a 1 7 13 25 31 40 49 52 58 67 73 85 91 100 109 112 118 127 133 142 151 160 169 172 181 190 199 202 211 220 229 232 241 250 259 262 271 280 289 292 301 310 319 322 331 340 349 352 361 370 379 382 391 400 409 412 421 430 439 442 451 460 469 472 481 490 501 504 511 520 531 534 546 549
a 1 7 13 25 31 40 49 52 58 67 73 85 91 100 109 112 118 127 139 142 151 160 169 172 181 190 199 202 211 220 229 232 241 250 259 262 271 280 289 292 301 310 319 322 331 340 349 352 361 370 379 382 391 400 409 412 421 430 439 442 451 460 469 472 481 490 501 504 511 520 531 534 546 549
a 1 7 13 25 31 40 49 52 58 67 73 85 91 100 109 112 118 130 139 142 151 160 169 172 181 190 199 202 211 220 229 232 241 250 259 262 271 280 289 292 301 310 319 322 331 340 349 352 361 370 379 382 391 400 409 412 421 430 439 442 451 460 469 472 481 490 501 504 511 520 531 534 546 549
a 1 7 13 25 31 40 49 52 58 67 73 85 91 100 109 112 121 130 139 142 151 160 169 172 181 190 199 202 211 220 229 232 241 250 259 262 271 280 289 292 301 310 319 322 331 340 349 352 361 370 379 382 391 400 409 412 421 430 439 442 451 460 469 472 481 490 501 504 511 520 531 534 546 549
a 1 7 13 25 31 40 49 52 58 67 73 82 91 100 109 112 121 130 139 142 151 160 169 172 181 190 199 202 211 220 229 232 241 250 259 262 271 280 289 292 301 310 319 322 331 340 349 352 361 370 379 382 391 400 409 412 421 430 439 442 451 460 469 472 481 490 501 504 511 520 531 534 546 549
a 1 7 13 25 31 40 49 52 58 67 79 82 91 100 109 112 121 130 139 142 151 160 169 172 181 190 199 202 211 220 229 232 241 250 259 262 271 280 289 292 301 310 319 322 331 340 349 352 361 370 379 382 391 400 409 412 421 430 439 442 451 460 469 472 481 490 501 504 511 520 531 534 546 549
a 1 7 13 25 31 40 49 52 58 70 79 82 91 100 109 112 121 130 139 142 151 160 169 172 181 190 199 202 211 220 229 232 241 250 259 262 271 280 289 292 301 310 319 322 331 340 349 352 361 370 379 382 391 400 409 412 421 430 439 442 451 460 469 472 481 490 501 504 511 520 531 534 546 549
a 1 7 13 25 31 40 49 52 61 70 79 82 91 100 109 112 121 130 139 142 151 160 169 172 181 190 199 202 211 220 229 232 241 250 259 262 271 280 289 292 301 310 319 322 331 340 349 352 361 370 379 382 391 400 409 412 421 430 439 442 451 460 469 472 481 490 501 504 511 520 531 534 546 549
a 1 7 13 22 31 40 49 52 61 70 79 82 91 100 109 112 121 130 139 142 151 160 169 172 181 190 199 202 211 220 229 232 241 250 259 262 271 280 289 292 301 310 319 322 331 340 349 352 361 370 379 382 391 400 409 412 421 430 439 442 451 460 469 472 481 490 501 504 511 520 531 534 546 549
a 1 7 19 22 31 40 49 52 61 70 79 82 91 100 109 112 121 130 139 142 151 160 169 172 181 190 199 202 211 220 229 232 241 250 259 262 271 280 289 292 301 310 319 322 331 340 349 352 361 370 379 382 391 400 409 412 421 430 439 442 451 460 469 472 481 490 501 504 511 520 531 534 546 549
a 1 10 19 22 31 40 49 52 61 70 79 82 91 100 109 112 121 130 139 142 151 160 169 172 181 190 199 202 211 220 229 232 241 250 259 262 271 280 289 292 301 310 319 322 331 340 349 352 361 370 379 382 391 400 409 412 421 430 439 442 451 460 469 472 481 490 501 504 511 520 531 534 546 549
a 4 10 19 22 31 40 49 52 61 70 79 82 91 100 109 112 121 130 139 142 151 160 169 172 181 190 199 202 211 220 229 232 241 250 259 262 271 280 289 292 301 310 319 322 331 340 349 352 361 370 379 382 391 400 409 412 421 430 439 442 451 460 469 472 481 490 501 504 511 520 531 534 546 549
a 4 10 19 22 28 40 49 52 61 70 79 82 91 100 109 112 121 130 139 142 151 160 169 172 181 190 199 202 211 220 229 232 241 250 259 262 271 280 289 292 301 310 319 322 331 340 349 352 361 370 379 382 391 400 409 412 421 430 439 442 451 460 469 472 481 490 501 504 511 520 531 534 546 549
a 4 10 19 22 28 37 49 52 61 70 79 82 91 100 109 112 121 130 139 142 151 160 169 172 181 190 199 202 211 220 229 232 241 250 259 262 271 280 289 292 301 310 319 322 331 340 349 352 361 370 379 382 391 400 409 412 421 430 439 442 451 460 469 472 481 490 501 504 511 520 531 534 546 549
a 4 10 19 22 28 37 43 52 61 70 79 82 91 100 109 112 121 130 139 142 151 160 169 172 181 190 199 202 211 220 229 232 241 250 259 262 271 280 289 292 301 310 319 322 331 340 349 352 361 370 379 382 391 400 409 412 421 430 439 442 451 460 469 472 481 490 501 504 511 520 531 534 546 549
a 4 10 19 22 28 37 43 55 61 70 79 82 91 100 109 112 121 130 139 142 151 160 169 172 181 190 199 202 211 220 229 232 241 250 259 262 271 280 289 292 301 310 319 322 331 340 349 352 361 370 379 382 391 400 409 412 421 430 439 442 451 460 469 472 481 490 501 504 511 520 531 534 546 549
a 4 10 19 22 28 37 43 55 61 70 79 82 88 100 109 112 121 130 139 142 151 160 169 172 181 190 199 202 211 220 229 232 241 250 259 262 271 280 289 292 301 310 319 322 331 340 349 352 361 370 379 382 391 400 409 412 421 430 439 442 451 460 469 472 481 490 501 504 511 520 531 534 546 549
a 4 10 19 22 28 37 43 55 61 70 79 82 88 97 109 112 121 130 139 142 151 160 169 172 181 190 199 202 211 220 229 232 241 250 259 262 271 280 289 292 301 310 319 322 331 340 349 352 361 370 379 382 391 400 409 412 421 430 439 442 451 460 469 472 481 490 501 504 511 520 531 534 546 549
a 4 10 19 22 28 37 43 55 61 70 79 82 88 97 103 112 121 130 139 142 151 160 169 172 181 190 199 202 211 220 229 232 241 250 259 262 271 280 289 292 301 310 319 322 331 340 349 352 361 370 379 382 391 400 409 412 421 430 439 442 451 460 469 472 481 490 501 504 511 520 531 534 546 549
a 4 10 19 22 28 37 43 55 61 70 79 82 88 97 103 115 121 130 139 142 151 160 169 172 181 190 199 202 211 220 229 232 241 250 259 262 271 280 289 292 301 310 319 322 331 340 349 352 361 370 379 382 391 400 409 412 421 430 439 442 451 460 469 472 481 490 501 504 511 520 531 534 546 549
a 4 10 19 22 28 37 43 55 61 70 79 82 88 97 103 115 121 130 139 142 148 160 169 172 181 190 199 202 211 220 229 232 241 250 259 262 271 280 289 292 301 310 319 322 331 340 349 352 361 370 379 382 391 400 409 412 421 430 439 442 451 460 469 472 481 490 501 504 511 520 531 534 546 549
a 4 10 19 22 28 37 43 55 61 70 79 82 88 97 103 115 121 130 139 142 148 157 169 172 181 190 199 202 211 220 229 232 241 250 259 262 271 280 289 292 301 310 319 322 331 340 349 352 361 370 379 382 391 400 409 412 421 430 439 442 451 460 469 472 481 490 501 504 511 520 531 534 546 549
a 4 10 19 22 28 37 43 55 61 70 79 82 88 97 103 115 121 130 139 142 148 157 163 172 181 190 199 202 211 220 229 232 241 250 259 262 271 280 289 292 301 310 319 322 331 340 349 352 361 370 379 382 391 400 409 412 421 430 439 442 451 460 469 472 481 490 501 504 511 520 531 534 546 549
a 4 10 19 22 28 37 43 55 61 70 79 82 88 97 103 115 121 130 139 142 148 157 163 175 181 190 199 202 211 220 229 232 241 250 259 262 271 280 289 292 301 310 319 322 331 340 349 352 361 370 379 382 391 400 409 412 421 430 439 442 451 460 469 472 481 490 501 504 511 520 531 534 546 549
a 4 10 19 22 28 37 43 55 61 70 79 82 88 97 103 115 121 130 139 142 148 157 163 175 181 190 199 202 208 220 229 232 241 250 259 262 271 280 289 292 301 310 319 322 331 340 349 352 361 370 379 382 391 400 409 412 421 430 439 442 451 460 469 472 481 490 501 504 511 520 531 534 546 549
a 4 10 19 22 28 37 43 55 61 70 79 82 88 97 103 115 121 130 139 142 148 157 163 175 181 190 199 202 208 217 229 232 241 250 259 262 271 280 289 292 301 310 319 322 331 340 349 352 361 370 379 382 391 400 409 412 421 430 439 442 451 460 469 472 481 490 501 504 511 520 531 534 546 549
a 4 10 19 22 28 37 43 55 61 70 79 82 88 97 103 115 121 130 139 142 148 157 163 175 181 190 199 202 208 217 223 232 241 250 259 262 271 280 289 292 301 310 319 322 331 340 349 352 361 370 379 382 391 400 409 412 421 430 439 442 451 460 469 472 481 490 501 504 511 520 531 534 546 549
a 4 10 19 22 28 37 43 55 61 70 79 82 88 97 103 115 121 130 139 142 148 157 163 175 181 190 199 202 208 217 223 235 241 250 259 262 271 280 289 292 301 310 319 322 331 340 349 352 361 370 379 382 391 400 409 412 421 430 439 442 451 460 469 472 481 490 501 504 511 520 531 534 546 549
a 4 10 19 22 28 37 43 55 61 70 79 82 88 97 103 115 121 130 139 142 148 157 163 175 181 190 199 202 208 217 223 235 241 250 259 262 268 280 289 292 301 310 319 322 331 340 349 352 361 370 379 382 391 400 409 412 421 430 439 442 451 460 469 472 481 490 501 504 511 520 531 534 546 549
a 4 10 19 22 28 37 43 55 61 70 79 82 88 97 103 115 121 130 139 142 148 157 163 175 181 190 199 202 208 217 223 235 241 250 259 262 268 277 289 292 301 310 319 322 331 340 349 352 361 370 379 382 391 400 409 412 421 430 439 442 451 460 469 472 481 490 501 504 511 520 531 534 546 549
a 4 10 19 22 28 37 43 55 61 70 79 82 88 97 103 115 121 130 139 142 148 157 163 175 181 190 199 202 208 217 223 235 241 250 259 262 268 277 283 292 301 310 319 322 331 340 349 352 361 370 379 382 391 400 409 412 421 430 439 442 451 460 469 472 481 490 501 504 511 520 531 534 546 549
a 4 10 19 22 28 37 43 55 61 70 79 82 88 97 103 115 121 130 139 142 148 157 163 175 181 190 199 202 208 217 223 235 241 250 259 262 268 277 283 295 301 310 319 322 331 340 349 352 361 370 379 382 391 400 409 412 421 430 439 442 451 460 469 472 481 490 501 504 511 520 531 534 546 549
a 4 10 19 22 28 37 43 55 61 70 79 82 88 97 103 115 121 130 139 142 148 157 163 175 181 190 199 202 208 217 223 235 241 250 259 262 268 277 283 295 301 310 319 322 328 340 349 352 361 370 379 382 391 400 409 412 421 430 439 442 451 460 469 472 481 490 501 504 511 520 531 534 546 549
a 4 10 19 22 28 37 43 55 61 70 79 82 88 97 103 115 121 130 139 142 148 157 163 175 181 190 199 202 208 217 223 235 241 250 259 262 268 277 283 295 301 310 319 322 328 337 349 352 361 370 379 382 391 400 409 412 421 430 439 442 451 460 469 472 481 490 501 504 511 520 531 534 546 549
a 4 10 19 22 28 37 43 55 61 70 79 82 88 97 103 115 121 130 139 142 148 157 163 175 181 190 199 202 208 217 223 235 241 250 259 262 268 277 283 295 301 310 319 322 328 337 343 352 361 370 379 382 391 400 409 412 421 430 439 442 451 460 469 472 481 490 501 504 511 520 531 534 546 549
a 4 10 19 22 28 37 43 55 61 70 79 82 88 97 103 115 121 130 139 142 148 157 163 175 181 190 199 202 208 217 223 235 241 250 259 262 268 277 283 295 301 310 319 322 328 337 343 355 361 370 379 382 391 400 409 412 421 430 439 442 451 460 469 472 481 490 501 504 511 520 531 534 546 549
a 4 10 19 22 28 37 43 55 61 70 79 82 88 97 103 115 121 130 139 142 148 157 163 175 181 190 199 202 208 217 223 235 241 250 259 262 268 277 283 295 301 310 319 322 328 337 343 355 361 370 379 382 388 400 409 412 421 430 439 442 451 460 469 472 481 490 501 504 511 520 531 534 546 549
a 4 10 19 22 28 37 43 55 61 70 79 82 88 97 103 115 121 130 139 142 148 157 163 175 181 190 199 202 208 217 223 235 241 250 259 262 268 277 283 295 301 310 319 322 328 337 343 355 361 370 379 382 388 397 409 412 421 430 439 442 451 460 469 472 481 490 501 504 511 520 531 534 546 549
a 4 10 19 22 28 37 43 55 61 70 79 82 88 97 103 115 121 130 139 142 148 157 163 175 181 190 199 202 208 217 223 235 241 250 259 262 268 277 283 295 301 310 319 322 328 337 343 355 361 370 379 382 388 397 403 412 421 430 439 442 451 460 469 472 481 490 501 504 511 520 531 534 546 549
a 4 10 19 22 28 37 43 55 61 70 79 82 88 97 103 115 121 130 139 142 148 157 163 175 181 190 199 202 208 217 223 235 241 250 259 262 268 277 283 295 301 310 319 322 328 337 343 355 361 370 379 382 388 397 403 415 421 430 439 442 451 460 469 472 481 490 501 504 511 520 531 534 546 549
a 4 10 19 22 28 37 43 55 61 70 79 82 88 97 103 115 121 130 139 142 148 157 163 175 181 190 199 202 208 217 223 235 241 250 259 262 268 277 283 295 301 310 319 322 328 337 343 355 361 370 379 382 388 397 403 415 421 430 439 442 448 460 469 472 481 490 501 504 511 520 531 534 546 549
a 4 10 19 22 28 37 43 55 61 70 79 82 88 97 103 115 121 130 139 142 148 157 163 175 181 190 199 202 208 217 223 235 241 250 259 262 268 277 283 295 301 310 319 322 328 337 343 355 361 370 379 382 388 397 403 415 421 430 439 442 448 457 469 472 481 490 501 504 511 520 531 534 546 549
a 4 10 19 22 28 37 43 55 61 70 79 82 88 97 103 115 121 130 139 142 148 157 163 175 181 190 199 202 208 217 223 235 241 250 259 262 268 277 283 295 301 310 319 322 328 337 343 355 361 370 379 382 388 397 403 415 421 430 439 442 448 457 463 472 481 490 501 504 511 520 531 534 546 549
a 4 10 19 22 28 37 43 55 61 70 79 82 88 97 103 115 121 130 139 142 148 157 163 175 181 190 199 202 208 217 223 235 241 250 259 262 268 277 283 295 301 310 319 322 328 337 343 355 361 370 379 382 388 397 403 415 421 430 439 442 448 457 463 475 481 490 501 504 511 520 531 534 546 549
a 4 10 19 22 28 37 43 55 61 70 79 82 88 97 103 115 121 130 139 142 148 157 163 175 181 190 199 202 208 217 223 235 241 250 259 262 268 277 283 295 301 310 319 322 328 337 343 355 361 370 379 382 388 397 403 415 421 430 439 442 448 457 463 475 481 490 501 504 508 520 531 534 546 549
a 4 10 19 22 28 37 43 55 61 70 79 82 88 97 103 115 121 130 139 142 148 157 163 175 181 190 199 202 208 217 223 235 241 250 259 262 268 277 283 295 301 310 319 322 328 337 343 355 361 370 379 382 388 397 403 415 421 430 439 442 448 457 463 475 481 490 501 504 508 519 531 534 546 549
a 4 10 19 22 28 37 43 55 61 70 79 82 88 97 103 115 121 130 139 142 148 157 163 175 181 190 199 202 208 217 223 235 241 250 259 262 268 277 283 295 301 310 319 322 328 337 343 355 361 370 379 382 388 397 403 415 421 430 439 442 448 457 463 475 481 490 501 504 516 519 531 534 546 549
a 4 10 19 22 28 37 43 55 61 70 79 82 88 97 103 115 121 130 139 142 148 157 163 175 181 190 199 202 208 217 223 235 241 250 259 262 268 277 283 295 301 310 319 322 328 337 343 355 361 370 379 382 388 397 403 415 421 430 439 442 448 457 463 474 481 490 501 504 516 519 531 534 546 549
a 4 10 19 22 28 37 43 55 61 70 79 82 88 97 103 115 121 130 139 142 148 157 163 175 181 190 199 202 208 217 223 235 241 250 259 262 268 277 283 295 301 310 319 322 328 337 343 355 361 370 379 382 388 397 403 415 421 430 439 442 448 457 471 474 481 490 501 504 516 519 531 534 546 549
a 4 10 19 22 28 37 43 55 61 70 79 82 88 97 103 115 121 130 139 142 148 157 163 175 181 190 199 202 208 217 223 235 241 250 259 262 268 277 283 295 301 310 319 322 328 337 343 355 361 370 379 382 388 397 403 415 421 430 439 442 448 460 471 474 481 490 501 504 516 519 531 534 546 549
a 4 10 19 22 28 37 43 55 61 70 79 82 88 97 103 115 121 130 139 142 148 157 163 175 181 190 199 202 208 217 223 235 241 250 259 262 268 277 283 295 301 310 319 322 328 337 343 355 361 370 379 382 388 397 403 415 421 430 439 442 451 460 471 474 481 490 501 504 516 519 531 534 546 549
a 4 10 19 22 28 37 43 55 61 70 79 82 88 97 103 115 121 130 139 142 148 157 163 175 181 190 199 202 208 217 223 235 241 250 259 262 268 277 283 295 301 310 319 322 328 337 343 355 361 370 379 382 388 397 403 412 421 430 439 442 451 460 471 474 481 490 501 504 516 519 531 534 546 549
a 4 10 19 22 28 37 43 55 61 70 79 82 88 97 103 115 121 130 139 142 148 157 163 175 181 190 199 202 208 217 223 235 241 250 259 262 268 277 283 295 301 310 319 322 328 337 343 355 361 370 379 382 388 397 409 412 421 430 439 442 451 460 471 474 481 490 501 504 516 519 531 534 546 549
a 4 10 19 22 28 37 43 55 61 70 79 82 88 97 103 115 121 130 139 142 148 157 163 175 181 190 199 202 208 217 223 235 241 250 259 262 268 277 283 295 301 310 319 322 328 337 343 355 361 370 379 382 388 400 409 412 421 430 439 442 451 460 471 474 481 490 501 504 516 519 531 534 546 549
a 4 10 19 22 28 37 43 55 61 70 79 82 88 97 103 115 121 130 139 142 148 157 163 175 181 190 199 202 208 217 223 235 241 250 259 262 268 277 283 295 301 310 319 322 328 337 343 355 361 370 379 382 391 400 409 412 421 430 439 442 451 460 471 474 481 490 501 504 516 519 531 534 546 549
a 4 10 19 22 28 37 43 55 61 70 79 82 88 97 103 115 121 130 139 142 148 157 163 175 181 190 199 202 208 217 223 235 241 250 259 262 268 277 283 295 301 310 319 322 328 337 343 352 361 370 379 382 391 400 409 412 421 430 439 442 451 460 471 474 481 490 501 504 516 519 531 534 546 549
a 4 10 19 22 28 37 43 55 61 70 79 82 88 97 103 115 121 130 139 142 148 157 163 175 181 190 199 202 208 217 223 235 241 250 259 262 268 277 283 295 301 310 319 322 328 337 349 352 361 370 379 382 391 400 409 412 421 430 439 442 451 460 471 474 481 490 501 504 516 519 531 534 546 549
a 4 10 19 22 28 37 43 55 61 70 79 82 88 97 103 115 121 130 139 142 148 157 163 175 181 190 199 202 208 217 223 235 241 250 259 262 268 277 283 295 301 310 319 322 328 340 349 352 361 370 379 382 391 400 409 412 421 430 439 442 451 460 471 474 481 490 501 504 516 519 531 534 546 549
a 4 10 19 22 28 37 43 55 61 70 79 82 88 97 103 115 121 130 139 142 148 157 163 175 181 190 199 202 208 217 223 235 241 250 259 262 268 277 283 295 301 310 319 322 331 340 349 352 361 370 379 382 391 400 409 412 421 430 439 442 451 460 471 474 481 490 501 504 516 519 531 534 546 549
a 4 10 19 22 28 37 43 55 61 70 79 82 88 97 103 115 121 130 139 142 148 157 163 175 181 190 199 202 208 217 223 235 241 250 259 262 268 277 283 292 301 310 319 322 331 340 349 352 361 370 379 382 391 400 409 412 421 430 439 442 451 460 471 474 481 490 501 504 516 519 531 534 546 549
a 4 10 19 22 28 37 43 55 61 70 79 82 88 97 103 115 121 130 139 142 148 157 163 175 181 190 199 202 208 217 223 235 241 250 259 262 268 277 289 292 301 310 319 322 331 340 349 352 361 370 379 382 391 400 409 412 421 430 439 442 451 460 471 474 481 490 501 504 516 519 531 534 546 549
a 4 10 19 22 28 37 43 55 61 70 79 82 88 97 103 115 121 130 139 142 148 157 163 175 181 190 199 202 208 217 223 235 241 250 259 262 268 280 289 292 301 310 319 322 331 340 349 352 361 370 379 382 391 400 409 412 421 430 439 442 451 460 471 474 481 490 501 504 516 519 531 534 546 549
a 4 10 19 22 28 37 43 55 61 70 79 82 88 97 103 115 121 130 139 142 148 157 163 175 181 190 199 202 208 217 223 235 241 250 259 262 271 280 289 292 301 310 319 322 331 340 349 352 361 370 379 382 391 400 409 412 421 430 439 442 451 460 471 474 481 490 501 504 516 519 531 534 546 549
a 4 10 19 22 28 37 43 55 61 70 79 82 88 97 103 115 121 130 139 142 148 157 163 175 181 190 199 202 208 217 223 232 241 250 259 262 271 280 289 292 301 310 319 322 331 340 349 352 361 370 379 382 391 400 409 412 421 430 439 442 451 460 471 474 481 490 501 504 516 519 531 534 546 549
a 4 10 19 22 28 37 43 55 61 70 79 82 88 97 103 115 121 130 139 142 148 157 163 175 181 190 199 202 208 217 229 232 241 250 259 262 271 280 289 292 301 310 319 322 331 340 349 352 361 370 379 382 391 400 409 412 421 430 439 442 451 460 471 474 481 490 501 504 516 519 531 534 546 549
a 4 10 19 22 28 37 43 55 61 70 79 82 88 97 103 115 121 130 139 142 148 157 163 175 181 190 199 202 208 220 229 232 241 250 259 262 271 280 289 292 301 310 319 322 331 340 349 352 361 370 379 382 391 400 409 412 421 430 439 442 451 460 471 474 481 490 501 504 516 519 531 534 546 549
a 4 10 19 22 28 37 43 55 61 70 79 82 88 97 103 115 121 130 139 142 148 157 163 175 181 190 199 202 211 220 229 232 241 250 259 262 271 280 289 292 301 310 319 322 331 340 349 352 361 370 379 382 391 400 409 412 421 430 439 442 451 460 471 474 481 490 501 504 516 519 531 534 546 549
a 4 10 19 22 28 37 43 55 61 70 79 82 88 97 103 115 121 130 139 142 148 157 163 172 181 190 199 202 211 220 229 232 241 250 259 262 271 280 289 292 301 310 319 322 331 340 349 352 361 370 379 382 391 400 409 412 421 430 439 442 451 460 471 474 481 490 501 504 516 519 531 534 546 549
a 4 10 19 22 28 37 43 55 61 70 79 82 88 97 103 115 121 130 139 142 148 157 169 172 181 190 199 202 211 220 229 232 241 250 259 262 271 280 289 292 301 310 319 322 331 340 349 352 361 370 379 382 391 400 409 412 421 430 439 442 451 460 471 474 481 490 501 504 516 519 531 534 546 549
a 4 10 19 22 28 37 43 55 61 70 79 82 88 97 103 115 121 130 139 142 148 160 169 172 181 190 199 202 211 220 229 232 241 250 259 262 271 280 289 292 301 310 319 322 331 340 349 352 361 370 379 382 391 400 409 412 421 430 439 442 451 460 471 474 481 490 501 504 516 519 531 534 546 549
a 4 10 19 22 28 37 43 55 61 70 79 82 88 97 103 115 121 130 139 142 151 160 169 172 181 190 199 202 211 220 229 232 241 250 259 262 271 280 289 292 301 310 319 322 331 340 349 352 361 370 379 382 391 400 409 412 421 430 439 442 451 460 471 474 481 490 501 504 516 519 531 534 546 549
a 4 10 19 22 28 37 43 55 61 70 79 82 88 97 103 112 121 130 139 142 151 160 169 172 181 190 199 202 211 220 229 232 241 250 259 262 271 280 289 292 301 310 319 322 331 340 349 352 361 370 379 382 391 400 409 412 421 430 439 442 451 460 471 474 481 490 501 504 516 519 531 534 546 549
a 4 10 19 22 28 37 43 55 61 70 79 82 88 97 109 112 121 130 139 142 151 160 169 172 181 190 199 202 211 220 229 232 241 250 259 262 271 280 289 292 301 310 319 322 331 340 349 352 361 370 379 382 391 400 409 412 421 430 439 442 451 460 471 474 481 490 501 504 516 519 531 534 546 549
a 4 10 19 22 28 37 43 55 61 70 79 82 88 100 109 112 121 130 139 142 151 160 169 172 181 190 199 202 211 220 229 232 241 250 259 262 271 280 289 292 301 310 319 322 331 340 349 352 361 370 379 382 391 400 409 412 421 430 439 442 451 460 471 474 481 490 501 504 516 519 531 534 546 549
a 4 10 19 22 28 37 43 55 61 70 79 82 91 100 109 112 121 130 139 142 151 160 169 172 181 190 199 202 211 220 229 232 241 250 259 262 271 280 289 292 301 310 319 322 331 340 349 352 361 370 379 382 391 400 409 412 421 430 439 442 451 460 471 474 481 490 501 504 516 519 531 534 546 549
a 4 10 19 22 28 37 43 52 61 70 79 82 91 100 109 112 121 130 139 142 151 160 169 172 181 190 199 202 211 220 229 232 241 250 259 262 271 280 289 292 301 310 319 322 331 340 349 352 361 370 379 382 391 400 409 412 421 430 439 442 451 460 471 474 481 490 501 504 516 519 531 534 546 549
a 4 10 19 22 28 37 49 52 61 70 79 82 91 100 109 112 121 130 139 142 151 160 169 172 181 190 199 202 211 220 229 232 241 250 259 262 271 280 289 292 301 310 319 322 331 340 349 352 361 370 379 382 391 400 409 412 421 430 439 442 451 460 471 474 481 490 501 504 516 519 531 534 546 549
a 4 10 19 22 28 40 49 52 61 70 79 82 91 100 109 112 121 130 139 142 151 160 169 172 181 190 199 202 211 220 229 232 241 250 259 262 271 280 289 292 301 310 319 322 331 340 349 352 361 370 379 382 391 400 409 412 421 430 439 442 451 460 471 474 481 490 501 504 516 519 531 534 546 549
a 4 10 19 22 31 40 49 52 61 70 79 82 91 100 109 112 121 130 139 142 151 160 169 172 181 190 199 202 211 220 229 232 241 250 259 262 271 280 289 292 301 310 319 322 331 340 349 352 361 370 379 382 391 400 409 412 421 430 439 442 451 460 471 474 481 490 501 504 516 519 531 534 546 549
a 1 10 19 22 31 40 49 52 61 70 79 82 91 100 109 112 121 130 139 142 151 160 169 172 181 190 199 202 211 220 229 232 241 250 259 262 271 280 289 292 301 310 319 322 331 340 349 352 361 370 379 382 391 400 409 412 421 430 439 442 451 460 471 474 481 490 501 504 516 519 531 534 546 549
a 1 7 19 22 31 40 49 52 61 70 79 82 91 100 109 112 121 130 139 142 151 160 169 172 181 190 199 202 211 220 229 232 241 250 259 262 271 280 289 292 301 310 319 322 331 340 349 352 361 370 379 382 391 400 409 412 421 430 439 442 451 460 471 474 481 490 501 504 516 519 531 534 546 549
a 1 7 13 22 31 40 49 52 61 70 79 82 91 100 109 112 121 130 139 142 151 160 169 172 181 190 199 202 211 220 229 232 241 250 259 262 271 280 289 292 301 310 319 322 331 340 349 352 361 370 379 382 391 400 409 412 421 430 439 442 451 460 471 474 481 490 501 504 516 519 531 534 546 549
a 1 7 13 25 31 40 49 52 61 70 79 82 91 100 109 112 121 130 139 142 151 160 169 172 181 190 199 202 211 220 229 232 241 250 259 262 271 280 289 292 301 310 319 322 331 340 349 352 361 370 379 382 391 400 409 412 421 430 439 442 451 460 471 474 481 490 501 504 516 519 531 534 546 549
a 1 7 13 25 31 40 49 52 58 70 79 82 91 100 109 112 121 130 139 142 151 160 169 172 181 190 199 202 211 220 229 232 241 250 259 262 271 280 289 292 301 310 319 322 331 340 349 352 361 370 379 382 391 400 409 412 421 430 439 442 451 460 471 474 481 490 501 504 516 519 531 534 546 549
a 1 7 13 25 31 40 49 52 58 67 79 82 91 100 109 112 121 130 139 142 151 160 169 172 181 190 199 202 211 220 229 232 241 250 259 262 271 280 289 292 301 310 319 322 331 340 349 352 361 370 379 382 391 400 409 412 421 430 439 442 451 460 471 474 481 490 501 504 516 519 531 534 546 549
a 1 7 13 25 31 40 49 52 58 67 73 82 91 100 109 112 121 130 139 142 151 160 169 172 181 190 199 202 211 220 229 232 241 250 259 262 271 280 289 292 301 310 319 322 331 340 349 352 361 370 379 382 391 400 409 412 421 430 439 442 451 460 471 474 481 490 501 504 516 519 531 534 546 549
a 1 7 13 25 31 40 49 52 58 67 73 85 91 100 109 112 121 130 139 142 151 160 169 172 181 190 199 202 211 220 229 232 241 250 259 262 271 280 289 292 301 310 319 322 331 340 349 352 361 370 379 382 391 400 409 412 421 430 439 442 451 460 471 474 481 490 501 504 516 519 531 534 546 549
a 1 7 13 25 31 40 49 52 58 67 73 85 91 100 109 112 118 130 139 142 151 160 169 172 181 190 199 202 211 220 229 232 241 250 259 262 271 280 289 292 301 310 319 322 331 340 349 352 361 370 379 382 391 400 409 412 421 430 439 442 451 460 471 474 481 490 501 504 516 519 531 534 546 549
a 1 7 13 25 31 40 49 52 58 67 73 85 91 100 109 112 118 127 139 142 151 160 169 172 181 190 199 202 211 220 229 232 241 250 259 262 271 280 289 292 301 310 319 322 331 340 349 352 361 370 379 382 391 400 409 412 421 430 439 442 451 460 471 474 481 490 501 504 516 519 531 534 546 549
a 1 7 13 25 31 40 49 52 58 67 73 85 91 100 109 112 118 127 133 142 151 160 169 172 181 190 199 202 211 220 229 232 241 250 259 262 271 280 289 292 301 310 319 322 331 340 349 352 361 370 379 382 391 400 409 412 421 430 439 442 451 460 471 474 481 490 501 504 516 519 531 534 546 549
a 1 7 13 25 31 40 49 52 58 67 73 85 91 100 109 112 118 127 133 145 151 160 169 172 181 190 199 202 211 220 229 232 241 250 259 262 271 280 289 292 301 310 319 322 331 340 349 352 361 370 379 382 391 400 409 412 421 430 439 442 451 460 471 474 481 490 501 504 516 519 531 534 546 549
a 1 7 13 25 31 40 49 52 58 67 73 85 91 100 109 112 118 127 133 145 151 160 169 172 178 190 199 202 211 220 229 232 241 250 259 262 271 280 289 292 301 310 319 322 331 340 349 352 361 370 379 382 391 400 409 412 421 430 439 442 451 460 471 474 481 490 501 504 516 519 531 534 546 549
a 1 7 13 25 31 40 49 52 58 67 73 85 91 100 109 112 118 127 133 145 151 160 169 172 178 187 199 202 211 220 229 232 241 250 259 262 271 280 289 292 301 310 319 322 331 340 349 352 361 370 379 382 391 400 409 412 421 430 439 442 451 460 471 474 481 490 501 504 516 519 531 534 546 549
a 1 7 13 25 31 40 49 52 58 67 73 85 91 100 109 112 118 127 133 145 151 160 169 172 178 187 193 202 211 220 229 232 241 250 259 262 271 280 289 292 301 310 319 322 331 340 349 352 361 370 379 382 391 400 409 412 421 430 439 442 451 460 471 474 481 490 501 504 516 519 531 534 546 549
a 1 7 13 25 31 40 49 52 58 67 73 85 91 100 109 112 118 127 133 145 151 160 169 172 178 187 193 205 211 220 229 232 241 250 259 262 271 280 289 292 301 310 319 322 331 340 349 352 361 370 379 382 391 400 409 412 421 430 439 442 451 460 471 474 481 490 501 504 516 519 531 534 546 549
a 1 7 13 25 31 40 49 52 58 67 73 85 91 100 109 112 118 127 133 145 151 160 169 172 178 187 193 205 211 220 229 232 238 250 259 262 271 280 289 292 301 310 319 322 331 340 349 352 361 370 379 382 391 400 409 412 421 430 439 442 451 460 471 474 481 490 501 504 516 519 531 534 546 549
a 1 7 13 25 31 40 49 52 58 67 73 85 91 100 109 112 118 127 133 145 151 160 169 172 178 187 193 205 211 220 229 232 238 247 259 262 271 280 289 292 301 310 319 322 331 340 349 352 361 370 379 382 391 400 409 412 421 430 439 442 451 460 471 474 481 490 501 504 516 519 531 534 546 549
a 1 7 13 25 31 40 49 52 58 67 73 85 91 100 109 112 118 127 133 145 151 160 169 172 178 187 193 205 211 220 229 232 238 247 253 262 271 280 289 292 301 310 319 322 331 340 349 352 361 370 379 382 391 400 409 412 421 430 439 442 451 460 471 474 481 490 501 504 516 519 531 534 546 549
a 1 7 13 25 31 40 49 52 58 67 73 85 91 100 109 112 118 127 133 145 151 160 169 172 178 187 193 205 211 220 229 232 238 247 253 265 271 280 289 292 301 310 319 322 331 340 349 352 361 370 379 382 391 400 409 412 421 430 439 442 451 460 471 474 481 490 501 504 516 519 531 534 546 549
a 1 7 13 25 31 40 49 52 58 67 73 85 91 100 109 112 118 127 133 145 151 160 169 172 178 187 193 205 211 220 229 232 238 247 253 265 271 280 289 292 298 310 319 322 331 340 349 352 361 370 379 382 391 400 409 412 421 430 439 442 451 460 471 474 481 490 501 504 516 519 531 534 546 549
a 1 7 13 25 31 40 49 52 58 67 73 85 91 100 109 112 118 127 133 145 151 160 169 172 178 187 193 205 211 220 229 232 238 247 253 265 271 280 289 292 298 307 319 322 331 340 349 352 361 370 379 382 391 400 409 412 421 430 439 442 451 460 471 474 481 490 501 504 516 519 531 534 546 549
a 1 7 13 25 31 40 49 52 58 67 73 85 91 100 109 112 118 127 133 145 151 160 169 172 178 187 193 205 211 220 229 232 238 247 253 265 271 280 289 292 298 307 313 322 331 340 349 352 361 370 379 382 391 400 409 412 421 430 439 442 451 460 471 474 481 490 501 504 516 519 531 534 546 549
a 1 7 13 25 31 40 49 52 58 67 73 85 91 100 109 112 118 127 133 145 151 160 169 172 178 187 193 205 211 220 229 232 238 247 253 265 271 280 289 292 298 307 313 325 331 340 349 352 361 370 379 382 391 400 409 412 421 430 439 442 451 460 471 474 481 490 501 504 516 519 531 534 546 549
a 1 7 13 25 31 40 49 52 58 67 73 85 91 100 109 112 118 127 133 145 151 160 169 172 178 187 193 205 211 220 229 232 238 247 253 265 271 280 289 292 298 307 313 325 331 340 349 352 358 370 379 382 391 400 409 412 421 430 439 442 451 460 471 474 481 490 501 504 516 519 531 534 546 549
a 1 7 13 25 31 40 49 52 58 67 73 85 91 100 109 112 118 127 133 145 151 160 169 172 178 187 193 205 211 220 229 232 238 247 253 265 271 280 289 292 298 307 313 325 331 340 349 352 358 367 379 382 391 400 409 412 421 430 439 442 451 460 471 474 481 490 501 504 516 519 531 534 546 549
a 1 7 13 25 31 40 49 52 58 67 73 85 91 100 109 112 118 127 133 145 151 160 169 172 178 187 193 205 211 220 229 232 238 247 253 265 271 280 289 292 298 307 313 325 331 340 349 352 358 367 373 382 391 400 409 412 421 430 439 442 451 460 471 474 481 490 501 504 516 519 531 534 546 549
a 1 7 13 25 31 40 49 52 58 67 73 85 91 100 109 112 118 127 133 145 151 160 169 172 178 187 193 205 211 220 229 232 238 247 253 265 271 280 289 292 298 307 313 325 331 340 349 352 358 367 373 385 391 400 409 412 421 430 439 442 451 460 471 474 481 490 501 504 516 519 531 534 546 549
a 1 7 13 25 31 40 49 52 58 67 73 85 91 100 109 112 118 127 133 145 151 160 169 172 178 187 193 205 211 220 229 232 238 247 253 265 271 280 289 292 298 307 313 325 331 340 349 352 358 367 373 385 391 400 409 412 418 430 439 442 451 460 471 474 481 490 501 504 516 519 531 534 546 549
a 1 7 13 25 31 40 49 52 58 67 73 85 91 100 109 112 118 127 133 145 151 160 169 172 178 187 193 205 211 220 229 232 238 247 253 265 271 280 289 292 298 307 313 325 331 340 349 352 358 367 373 385 391 400 409 412 418 427 439 442 451 460 471 474 481 490 501 504 516 519 531 534 546 549
a 1 7 13 25 31 40 49 52 58 67 73 85 91 100 109 112 118 127 133 145 151 160 169 172 178 187 193 205 211 220 229 232 238 247 253 265 271 280 289 292 298 307 313 325 331 340 349 352 358 367 373 385 391 400 409 412 418 427 433 442 451 460 471 474 481 490 501 504 516 519 531 534 546 549
a 1 7 13 25 31 40 49 52 58 67 73 85 91 100 109 112 118 127 133 145 151 160 169 172 178 187 193 205 211 220 229 232 238 247 253 265 271 280 289 292 298 307 313 325 331 340 349 352 358 367 373 385 391 400 409 412 418 427 433 445 451 460 471 474 481 490 501 504 516 519 531 534 546 549
a 1 7 13 25 31 40 49 52 58 67 73 85 91 100 109 112 118 127 133 145 151 160 169 172 178 187 193 205 211 220 229 232 238 247 253 265 271 280 289 292 298 307 313 325 331 340 349 352 358 367 373 385 391 400 409 412 418 427 433 445 451 460 471 474 478 490 501 504 516 519 531 534 546 549
a 1 7 13 25 31 40 49 52 58 67 73 85 91 100 109 112 118 127 133 145 151 160 169 172 178 187 193 205 211 220 229 232 238 247 253 265 271 280 289 292 298 307 313 325 331 340 349 352 358 367 373 385 391 400 409 412 418 427 433 445 451 460 471 474 478 489 501 504 516 519 531 534 546 549
a 1 7 13 25 31 40 49 52 58 67 73 85 91 100 109 112 118 127 133 145 151 160 169 172 178 187 193 205 211 220 229 232 238 247 253 265 271 280 289 292 298 307 313 325 331 340 349 352 358 367 373 385 391 400 409 412 418 427 433 445 451 460 471 474 486 489 501 504 516 519 531 534 546 549
a 1 7 13 25 31 40 49 52 58 67 73 85 91 100 109 112 118 127 133 145 151 160 169 172 178 187 193 205 211 220 229 232 238 247 253 265 271 280 289 292 298 307 313 325 331 340 349 352 358 367 373 385 391 400 409 412 418 427 433 444 451 460 471 474 486 489 501 504 516 519 531 534 546 549
a 1 7 13 25 31 40 49 52 58 67 73 85 91 100 109 112 118 127 133 145 151 160 169 172 178 187 193 205 211 220 229 232 238 247 253 265 271 280 289 292 298 307 313 325 331 340 349 352 358 367 373 385 391 400 409 412 418 427 441 444 451 460 471 474 486 489 501 504 516 519 531 534 546 549
a 1 7 13 25 31 40 49 52 58 67 73 85 91 100 109 112 118 127 133 145 151 160 169 172 178 187 193 205 211 220 229 232 238 247 253 265 271 280 289 292 298 307 313 325 331 340 349 352 358 367 373 385 391 400 409 412 418 430 441 444 451 460 471 474 486 489 501 504 516 519 531 534 546 549
a 1 7 13 25 31 40 49 52 58 67 73 85 91 100 109 112 118 127 133 145 151 160 169 172 178 187 193 205 211 220 229 232 238 247 253 265 271 280 289 292 298 307 313 325 331 340 349 352 358 367 373 385 391 400 409 412 421 430 441 444 451 460 471 474 486 489 501 504 516 519 531 534 546 549
a 1 7 13 25 31 40 49 52 58 67 73 85 91 100 109 112 118 127 133 145 151 160 169 172 178 187 193 205 211 220 229 232 238 247 253 265 271 280 289 292 298 307 313 325 331 340 349 352 358 367 373 382 391 400 409 412 421 430 441 444 451 460 471 474 486 489 501 504 516 519 531 534 546 549
a 1 7 13 25 31 40 49 52 58 67 73 85 91 100 109 112 118 127 133 145 151 160 169 172 178 187 193 205 211 220 229 232 238 247 253 265 271 280 289 292 298 307 313 325 331 340 349 352 358 367 379 382 391 400 409 412 421 430 441 444 451 460 471 474 486 489 501 504 516 519 531 534 546 549
a 1 7 13 25 31 40 49 52 58 67 73 85 91 100 109 112 118 127 133 145 151 160 169 172 178 187 193 205 211 220 229 232 238 247 253 265 271 280 289 292 298 307 313 325 331 340 349 352 358 370 379 382 391 400 409 412 421 430 441 444 451 460 471 474 486 489 501 504 516 519 531 534 546 549
a 1 7 13 25 31 40 49 52 58 67 73 85 91 100 109 112 118 127 133 145 151 160 169 172 178 187 193 205 211 220 229 232 238 247 253 265 271 280 289 292 298 307 313 325 331 340 349 352 361 370 379 382 391 400 409 412 421 430 441 444 451 460 471 474 486 489 501 504 516 519 531 534 546 549
a 1 7 13 25 31 40 49 52 58 67 73 85 91 100 109 112 118 127 133 145 151 160 169 172 178 187 193 205 211 220 229 232 238 247 253 265 271 280 289 292 298 307 313 322 331 340 349 352 361 370 379 382 391 400 409 412 421 430 441 444 451 460 471 474 486 489 501 504 516 519 531 534 546 549
a 1 7 13 25 31 40 49 52 58 67 73 85 91 100 109 112 118 127 133 145 151 160 169 172 178 187 193 205 211 220 229 232 238 247 253 265 271 280 289 292 298 307 319 322 331 340 349 352 361 370 379 382 391 400 409 412 421 430 441 444 451 460 471 474 486 489 501 504 516 519 531 534 546 549
a 1 7 13 25 31 40 49 52 58 67 73 85 91 100 109 112 118 127 133 145 151 160 169 172 178 187 193 205 211 220 229 232 238 247 253 265 271 280 289 292 298 310 319 322 331 340 349 352 361 370 379 382 391 400 409 412 421 430 441 444 451 460 471 474 486 489 501 504 516 519 531 534 546 549
a 1 7 13 25 31 40 49 52 58 67 73 85 91 100 109 112 118 127 133 145 151 160 169 172 178 187 193 205 211 220 229 232 238 247 253 265 271 280 289 292 301 310 319 322 331 340 349 352 361 370 379 382 391 400 409 412 421 430 441 444 451 460 471 474 486 489 501 504 516 519 531 534 546 549
a 1 7 13 25 31 40 49 52 58 67 73 85 91 100 109 112 118 127 133 145 151 160 169 172 178 187 193 205 211 220 229 232 238 247 253 262 271 280 289 292 301 310 319 322 331 340 349 352 361 370 379 382 391 400 409 412 421 430 441 444 451 460 471 474 486 489 501 504 516 519 531 534 546 549
a 1 7 13 25 31 40 49 52 58 67 73 85 91 100 109 112 118 127 133 145 151 160 169 172 178 187 193 205 211 220 229 232 238 247 259 262 271 280 289 292 301 310 319 322 331 340 349 352 361 370 379 382 391 400 409 412 421 430 441 444 451 460 471 474 486 489 501 504 516 519 531 534 546 549
a 1 7 13 25 31 40 49 52 58 67 73 85 91 100 109 112 118 127 133 145 151 160 169 172 178 187 193 205 211 220 229 232 238 250 259 262 271 280 289 292 301 310 319 322 331 340 349 352 361 370 379 382 391 400 409 412 421 430 441 444 451 460 471 474 486 489 501 504 516 519 531 534 546 549
a 1 7 13 25 31 40 49 52 58 67 73 85 91 100 109 112 118 127 133 145 151 160 169 172 178 187 193 205 211 220 229 232 241 250 259 262 271 280 289 292 301 310 319 322 331 340 349 352 361 370 379 382 391 400 409 412 421 430 441 444 451 460 471 474 486 489 501 504 516 519 531 534 546 549
a 1 7 13 25 31 40 49 52 58 67 73 85 91 100 109 112 118 127 133 145 151 160 169 172 178 187 193 202 211 220 229 232 241 250 259 262 271 280 289 292 301 310 319 322 331 340 349 352 361 370 379 382 391 400 409 412 421 430 441 444 451 460 471 474 486 489 501 504 516 519 531 534 546 549
a 1 7 13 25 31 40 49 52 58 67 73 85 91 100 109 112 118 127 133 145 151 160 169 172 178 187 199 202 211 220 229 232 241 250 259 262 271 280 289 292 301 310 319 322 331 340 349 352 361 370 379 382 391 400 409 412 421 430 441 444 451 460 471 474 486 489 501 504 516 519 531 534 546 549
a 1 7 13 25 31 40 49 52 58 67 73 85 91 100 109 112 118 127 133 145 151 160 169 172 178 190 199 202 211 220 229 232 241 250 259 262 271 280 289 292 301 310 319 322 331 340 349 352 361 370 379 382 391 400 409 412 421 430 441 444 451 460 471 474 486 489 501 504 516 519 531 534 546 549
a 1 7 13 25 31 40 49 52 58 67 73 85 91 100 109 112 118 127 133 145 151 160 169 172 181 190 199 202 211 220 229 232 241 250 259 262 271 280 289 292 301 310 319 322 331 340 349 352 361 370 379 382 391 400 409 412 421 430 441 444 451 460 471 474 486 489 501 504 516 519 531 534 546 549
a 1 7 13 25 31 40 49 52 58 67 73 85 91 100 109 112 118 127 133 142 151 160 169 172 181 190 199 202 211 220 229 232 241 250 259 262 271 280 289 292 301 310 319 322 331 340 349 352 361 370 379 382 391 400 409 412 421 430 441 444 451 460 471 474 486 489 501 504 516 519 531 534 546 549
a 1 7 13 25 31 40 49 52 58 67 73 85 91 100 109 112 118 127 139 142 151 160 169 172 181 190 199 202 211 220 229 232 241 250 259 262 271 280 289 292 301 310 319 322 331 340 349 352 361 370 379 382 391 400 409 412 421 430 441 444 451 460 471 474 486 489 501 504 516 519 531 534 546 549
a 1 7 13 25 31 40 49 52 58 67 73 85 91 100 109 112 118 130 139 142 151 160 169 172 181 190 199 202 211 220 229 232 241 250 259 262 271 280 289 292 301 310 319 322 331 340 349 352 361 370 379 382 391 400 409 412 421 430 441 444 451 460 471 474 486 489 501 504 516 519 531 534 546 549
a 1 7 13 25 31 40 49 52 58 67 73 85 91 100 109 112 121 130 139 142 151 160 169 172 181 190 199 202 211 220 229 232 241 250 259 262 271 280 289 292 301 310 319 322 331 340 349 352 361 370 379 382 391 400 409 412 421 430 441 444 451 460 471 474 486 489 501 504 516 519 531 534 546 549
a 1 7 13 25 31 40 49 52 58 67 73 82 91 100 109 112 121 130 139 142 151 160 169 172 181 190 199 202 211 220 229 232 241 250 259 262 271 280 289 292 301 310 319 322 331 340 349 352 361 370 379 382 391 400 409 412 421 430 441 444 451 460 471 474 486 489 501 504 516 519 531 534 546 549
a 1 7 13 25 31 40 49 52 58 67 79 82 91 100 109 112 121 130 139 142 151 160 169 172 181 190 199 202 211 220 229 232 241 250 259 262 271 280 289 292 301 310 319 322 331 340 349 352 361 370 379 382 391 400 409 412 421 430 441 444 451 460 471 474 486 489 501 504 516 519 531 534 546 549
a 1 7 13 25 31 40 49 52 58 70 79 82 91 100 109 112 121 130 139 142 151 160 169 172 181 190 199 202 211 220 229 232 241 250 259 262 271 280 289 292 301 310 319 322 331 340 349 352 361 370 379 382 391 400 409 412 421 430 441 444 451 460 471 474 486 489 501 504 516 519 531 534 546 549
a 1 7 13 25 31 40 49 52 61 70 79 82 91 100 109 112 121 130 139 142 151 160 169 172 181 190 199 202 211 220 229 232 241 250 259 262 271 280 289 292 301 310 319 322 331 340 349 352 361 370 379 382 391 400 409 412 421 430 441 444 451 460 471 474 486 489 501 504 516 519 531 534 546 549
a 1 7 13 22 31 40 49 52 61 70 79 82 91 100 109 112 121 130 139 142 151 160 169 172 181 190 199 202 211 220 229 232 241 250 259 262 271 280 289 292 301 310 319 322 331 340 349 352 361 370 379 382 391 400 409 412 421 430 441 444 451 460 471 474 486 489 501 504 516 519 531 534 546 549
a 1 7 19 22 31 40 49 52 61 70 79 82 91 100 109 112 121 130 139 142 151 160 169 172 181 190 199 202 211 220 229 232 241 250 259 262 271 280 289 292 301 310 319 322 331 340 349 352 361 370 379 382 391 400 409 412 421 430 441 444 451 460 471 474 486 489 501 504 516 519 531 534 546 549
a 1 10 19 22 31 40 49 52 61 70 79 82 91 100 109 112 121 130 139 142 151 160 169 172 181 190 199 202 211 220 229 232 241 250 259 262 271 280 289 292 301 310 319 322 331 340 349 352 361 370 379 382 391 400 409 412 421 430 441 444 451 460 471 474 486 489 501 504 516 519 531 534 546 549
a 4 10 19 22 31 40 49 52 61 70 79 82 91 100 109 112 121 130 139 142 151 160 169 172 181 190 199 202 211 220 229 232 241 250 259 262 271 280 289 292 301 310 319 322 331 340 349 352 361 370 379 382 391 400 409 412 421 430 441 444 451 460 471 474 486 489 501 504 516 519 531 534 546 549
a 4 10 19 22 28 40 49 52 61 70 79 82 91 100 109 112 121 130 139 142 151 160 169 172 181 190 199 202 211 220 229 232 241 250 259 262 271 280 289 292 301 310 319 322 331 340 349 352 361 370 379 382 391 400 409 412 421 430 441 444 451 460 471 474 486 489 501 504 516 519 531 534 546 549
a 4 10 19 22 28 37 49 52 61 70 79 82 91 100 109 112 121 130 139 142 151 160 169 172 181 190 199 202 211 220 229 232 241 250 259 262 271 280 289 292 301 310 319 322 331 340 349 352 361 370 379 382 391 400 409 412 421 430 441 444 451 460 471 474 486 489 501 504 516 519 531 534 546 549
a 4 10 19 22 28 37 43 52 61 70 79 82 91 100 109 112 121 130 139 142 151 160 169 172 181 190 199 202 211 220 229 232 241 250 259 262 271 280 289 292 301 310 319 322 331 340 349 352 361 370 379 382 391 400 409 412 421 430 441 444 451 460 471 474 486 489 501 504 516 519 531 534 546 549
a 4 10 19 22 28 37 43 55 61 70 79 82 91 100 109 112 121 130 139 142 151 160 169 172 181 190 199 202 211 220 229 232 241 250 259 262 271 280 289 292 301 310 319 322 331 340 349 352 361 370 379 382 391 400 409 412 421 430 441 444 451 460 471 474 486 489 501 504 516 519 531 534 546 549
a 4 10 19 22 28 37 43 55 61 70 79 82 88 100 109 112 121 130 139 142 151 160 169 172 181 190 199 202 211 220 229 232 241 250 259 262 271 280 289 292 301 310 319 322 331 340 349 352 361 370 379 382 391 400 409 412 421 430 441 444 451 460 471 474 486 489 501 504 516 519 531 534 546 549
a 4 10 19 22 28 37 43 55 61 70 79 82 88 97 109 112 121 130 139 142 151 160 169 172 181 190 199 202 211 220 229 232 241 250 259 262 271 280 289 292 301 310 319 322 331 340 349 352 361 370 379 382 391 400 409 412 421 430 441 444 451 460 471 474 486 489 501 504 516 519 531 534 546 549
a 4 10 19 22 28 37 43 55 61 70 79 82 88 97 103 112 121 130 139 142 151 160 169 172 181 190 199 202 211 220 229 232 241 250 259 262 271 280 289 292 301 310 319 322 331 340 349 352 361 370 379 382 391 400 409 412 421 430 441 444 451 460 471 474 486 489 501 504 516 519 531 534 546 549
a 4 10 19 22 28 37 43 55 61 70 79 82 88 97 103 115 121 130 139 142 151 160 169 172 181 190 199 202 211 220 229 232 241 250 259 262 271 280 289 292 301 310 319 322 331 340 349 352 361 370 379 382 391 400 409 412 421 430 441 444 451 460 471 474 486 489 501 504 516 519 531 534 546 549
a 4 10 19 22 28 37 43 55 61 70 79 82 88 97 103 115 121 130 139 142 148 160 169 172 181 190 199 202 211 220 229 232 241 250 259 262 271 280 289 292 301 310 319 322 331 340 349 352 361 370 379 382 391 400 409 412 421 430 441 444 451 460 471 474 486 489 501 504 516 519 531 534 546 549
a 4 10 19 22 28 37 43 55 61 70 79 82 88 97 103 115 121 130 139 142 148 157 169 172 181 190 199 202 211 220 229 232 241 250 259 262 271 280 289 292 301 310 319 322 331 340 349 352 361 370 379 382 391 400 409 412 421 430 441 444 451 460 471 474 486 489 501 504 516 519 531 534 546 549
a 4 10 19 22 28 37 43 55 61 70 79 82 88 97 103 115 121 130 139 142 148 157 163 172 181 190 199 202 211 220 229 232 241 250 259 262 271 280 289 292 301 310 319 322 331 340 349 352 361 370 379 382 391 400 409 412 421 430 441 444 451 460 471 474 486 489 501 504 516 519 531 534 546 549
a 4 10 19 22 28 37 43 55 61 70 79 82 88 97 103 115 121 130 139 142 148 157 163 175 181 190 199 202 211 220 229 232 241 250 259 262 271 280 289 292 301 310 319 322 331 340 349 352 361 370 379 382 391 400 409 412 421 430 441 444 451 460 471 474 486 489 501 504 516 519 531 534 546 549
a 4 10 19 22 28 37 43 55 61 70 79 82 88 97 103 115 121 130 139 142 148 157 163 175 181 190 199 202 208 220 229 232 241 250 259 262 271 280 289 292 301 310 319 322 331 340 349 352 361 370 379 382 391 400 409 412 421 430 441 444 451 460 471 474 486 489 501 504 516 519 531 534 546 549
a 4 10 19 22 28 37 43 55 61 70 79 82 88 97 103 115 121 130 139 142 148 157 163 175 181 190 199 202 208 217 229 232 241 250 259 262 271 280 289 292 301 310 319 322 331 340 349 352 361 370 379 382 391 400 409 412 421 430 441 444 451 460 471 474 486 489 501 504 516 519 531 534 546 549
a 4 10 19 22 28 37 43 55 61 70 79 82 88 97 103 115 121 130 139 142 148 157 163 175 181 190 199 202 208 217 223 232 241 250 259 262 271 280 289 292 301 310 319 322 331 340 349 352 361 370 379 382 391 400 409 412 421 430 441 444 451 460 471 474 486 489 501 504 516 519 531 534 546 549
a 4 10 19 22 28 37 43 55 61 70 79 82 88 97 103 115 121 130 139 142 148 157 163 175 181 190 199 202 208 217 223 235 241 250 259 262 271 280 289 292 301 310 319 322 331 340 349 352 361 370 379 382 391 400 409 412 421 430 441 444 451 460 471 474 486 489 501 504 516 519 531 534 546 549
a 4 10 19 22 28 37 43 55 61 70 79 82 88 97 103 115 121 130 139 142 148 157 163 175 181 190 199 202 208 217 223 235 241 250 259 262 268 280 289 292 301 310 319 322 331 340 349 352 361 370 379 382 391 400 409 412 421 430 441 444 451 460 471 474 486 489 501 504 516 519 531 534 546 549
a 4 10 19 22 28 37 43 55 61 70 79 82 88 97 103 115 121 130 139 142 148 157 163 175 181 190 199 202 208 217 223 235 241 250 259 262 268 277 289 292 301 310 319 322 331 340 349 352 361 370 379 382 391 400 409 412 421 430 441 444 451 460 471 474 486 489 501 504 516 519 531 534 546 549
a 4 10 19 22 28 37 43 55 61 70 79 82 88 97 103 115 121 130 139 142 148 157 163 175 181 190 199 202 208 217 223 235 241 250 259 262 268 277 283 292 301 310 319 322 331 340 349 352 361 370 379 382 391 400 409 412 421 430 441 444 451 460 471 474 486 489 501 504 516 519 531 534 546 549
a 4 10 19 22 28 37 43 55 61 70 79 82 88 97 103 115 121 130 139 142 148 157 163 175 181 190 199 202 208 217 223 235 241 250 259 262 268 277 283 295 301 310 319 322 331 340 349 352 361 370 379 382 391 400 409 412 421 430 441 444 451 460 471 474 486 489 501 504 516 519 531 534 546 549
a 4 10 19 22 28 37 43 55 61 70 79 82 88 97 103 115 121 130 139 142 148 157 163 175 181 190 199 202 208 217 223 235 241 250 259 262 268 277 283 295 301 310 319 322 328 340 349 352 361 370 379 382 391 400 409 412 421 430 441 444 451 460 471 474 486 489 501 504 516 519 531 534 546 549
a 4 10 19 22 28 37 43 55 61 70 79 82 88 97 103 115 121 130 139 142 148 157 163 175 181 190 199 202 208 217 223 235 241 250 259 262 268 277 283 295 301 310 319 322 328 337 349 352 361 370 379 382 391 400 409 412 421 430 441 444 451 460 471 474 486 489 501 504 516 519 531 534 546 549
a 4 10 19 22 28 37 43 55 61 70 79 82 88 97 103 115 121 130 139 142 148 157 163 175 181 190 199 202 208 217 223 235 241 250 259 262 268 277 283 295 301 310 319 322 328 337 343 352 361 370 379 382 391 400 409 412 421 430 441 444 451 460 471 474 486 489 501 504 516 519 531 534 546 549
a 4 10 19 22 28 37 43 55 61 70 79 82 88 97 103 115 121 130 139 142 148 157 163 175 181 190 199 202 208 217 223 235 241 250 259 262 268 277 283 295 301 310 319 322 328 337 343 355 361 370 379 382 391 400 409 412 421 430 441 444 451 460 471 474 486 489 501 504 516 519 531 534 546 549
a 4 10 19 22 28 37 43 55 61 70 79 82 88 97 103 115 121 130 139 142 148 157 163 175 181 190 199 202 208 217 223 235 241 250 259 262 268 277 283 295 301 310 319 322 328 337 343 355 361 370 379 382 388 400 409 412 421 430 441 444 451 460 471 474 486 489 501 504 516 519 531 534 546 549
a 4 10 19 22 28 37 43 55 61 70 79 82 88 97 103 115 121 130 139 142 148 157 163 175 181 190 199 202 208 217 223 235 241 250 259 262 268 277 283 295 301 310 319 322 328 337 343 355 361 370 379 382 388 397 409 412 421 430 441 444 451 460 471 474 486 489 501 504 516 519 531 534 546 549
a 4 10 19 22 28 37 43 55 61 70 79 82 88 97 103 115 121 130 139 142 148 157 163 175 181 190 199 202 208 217 223 235 241 250 259 262 268 277 283 295 301 310 319 322 328 337 343 355 361 370 379 382 388 397 403 412 421 430 441 444 451 460 471 474 486 489 501 504 516 519 531 534 546 549
a 4 10 19 22 28 37 43 55 61 70 79 82 88 97 103 115 121 130 139 142 148 157 163 175 181 190 199 202 208 217 223 235 241 250 259 262 268 277 283 295 301 310 319 322 328 337 343 355 361 370 379 382 388 397 403 415 421 430 441 444 451 460 471 474 486 489 501 504 516 519 531 534 546 549
a 4 10 19 22 28 37 43 55 61 70 79 82 88 97 103 115 121 130 139 142 148 157 163 175 181 190 199 202 208 217 223 235 241 250 259 262 268 277 283 295 301 310 319 322 328 337 343 355 361 370 379 382 388 397 403 415 421 430 441 444 448 460 471 474 486 489 501 504 516 519 531 534 546 549
a 4 10 19 22 28 37 43 55 61 70 79 82 88 97 103 115 121 130 139 142 148 157 163 175 181 190 199 202 208 217 223 235 241 250 259 262 268 277 283 295 301 310 319 322 328 337 343 355 361 370 379 382 388 397 403 415 421 430 441 444 448 459 471 474 486 489 501 504 516 519 531 534 546 549
a 4 10 19 22 28 37 43 55 61 70 79 82 88 97 103 115 121 130 139 142 148 157 163 175 181 190 199 202 208 217 223 235 241 250 259 262 268 277 283 295 301 310 319 322 328 337 343 355 361 370 379 382 388 397 403 415 421 430 441 444 456 459 471 474 486 489 501 504 516 519 531 534 546 549
a 4 10 19 22 28 37 43 55 61 70 79 82 88 97 103 115 121 130 139 142 148 157 163 175 181 190 199 202 208 217 223 235 241 250 259 262 268 277 283 295 301 310 319 322 328 337 343 355 361 370 379 382 388 397 403 414 421 430 441 444 456 459 471 474 486 489 501 504 516 519 531 534 546 549
a 4 10 19 22 28 37 43 55 61 70 79 82 88 97 103 115 121 130 139 142 148 157 163 175 181 190 199 202 208 217 223 235 241 250 259 262 268 277 283 295 301 310 319 322 328 337 343 355 361 370 379 382 388 397 411 414 421 430 441 444 456 459 471 474 486 489 501 504 516 519 531 534 546 549
a 4 10 19 22 28 37 43 55 61 70 79 82 88 97 103 115 121 130 139 142 148 157 163 175 181 190 199 202 208 217 223 235 241 250 259 262 268 277 283 295 301 310 319 322 328 337 343 355 361 370 379 382 388 400 411 414 421 430 441 444 456 459 471 474 486 489 501 504 516 519 531 534 546 549
a 4 10 19 22 28 37 43 55 61 70 79 82 88 97 103 115 121 130 139 142 148 157 163 175 181 190 199 202 208 217 223 235 241 250 259 262 268 277 283 295 301 310 319 322 328 337 343 355 361 370 379 382 391 400 411 414 421 430 441 444 456 459 471 474 486 489 501 504 516 519 531 534 546 549
a 4 10 19 22 28 37 43 55 61 70 79 82 88 97 103 115 121 130 139 142 148 157 163 175 181 190 199 202 208 217 223 235 241 250 259 262 268 277 283 295 301 310 319 322 328 337 343 352 361 370 379 382 391 400 411 414 421 430 441 444 456 459 471 474 486 489 501 504 516 519 531 534 546 549
a 4 10 19 22 28 37 43 55 61 70 79 82 88 97 103 115 121 130 139 142 148 157 163 175 181 190 199 202 208 217 223 235 241 250 259 262 268 277 283 295 301 310 319 322 328 337 349 352 361 370 379 382 391 400 411 414 421 430 441 444 456 459 471 474 486 489 501 504 516 519 531 534 546 549
a 4 10 19 22 28 37 43 55 61 70 79 82 88 97 103 115 121 130 139 142 148 157 163 175 181 190 199 202 208 217 223 235 241 250 259 262 268 277 283 295 301 310 319 322 328 340 349 352 361 370 379 382 391 400 411 414 421 430 441 444 456 459 471 474 486 489 501 504 516 519 531 534 546 549
a 4 10 19 22 28 37 43 55 61 70 79 82 88 97 103 115 121 130 139 142 148 157 163 175 181 190 199 202 208 217 223 235 241 250 259 262 268 277 283 295 301 310 319 322 331 340 349 352 361 370 379 382 391 400 411 414 421 430 441 444 456 459 471 474 486 489 501 504 516 519 531 534 546 549
a 4 10 19 22 28 37 43 55 61 70 79 82 88 97 103 115 121 130 139 142 148 157 163 175 181 190 199 202 208 217 223 235 241 250 259 262 268 277 283 292 301 310 319 322 331 340 349 352 361 370 379 382 391 400 411 414 421 430 441 444 456 459 471 474 486 489 501 504 516 519 531 534 546 549
a 4 10 19 22 28 37 43 55 61 70 79 82 88 97 103 115 121 130 139 142 148 157 163 175 181 190 199 202 208 217 223 235 241 250 259 262 268 277 289 292 301 310 319 322 331 340 349 352 361 370 379 382 391 400 411 414 421 430 441 444 456 459 471 474 486 489 501 504 516 519 531 534 546 549
a 4 10 19 22 28 37 43 55 61 70 79 82 88 97 103 115 121 130 139 142 148 157 163 175 181 190 199 202 208 217 223 235 241 250 259 262 268 280 289 292 301 310 319 322 331 340 349 352 361 370 379 382 391 400 411 414 421 430 441 444 456 459 471 474 486 489 501 504 516 519 531 534 546 549
a 4 10 19 22 28 37 43 55 61 70 79 82 88 97 103 115 121 130 139 142 148 157 163 175 181 190 199 202 208 217 223 235 241 250 259 262 271 280 289 292 301 310 319 322 331 340 349 352 361 370 379 382 391 400 411 414 421 430 441 444 456 459 471 474 486 489 501 504 516 519 531 534 546 549
a 4 10 19 22 28 37 43 55 61 70 79 82 88 97 103 115 121 130 139 142 148 157 163 175 181 190 199 202 208 217 223 232 241 250 259 262 271 280 289 292 301 310 319 322 331 340 349 352 361 370 379 382 391 400 411 414 421 430 441 444 456 459 471 474 486 489 501 504 516 519 531 534 546 549
a 4 10 19 22 28 37 43 55 61 70 79 82 88 97 103 115 121 130 139 142 148 157 163 175 181 190 199 202 208 217 229 232 241 250 259 262 271 280 289 292 301 310 319 322 331 340 349 352 361 370 379 382 391 400 411 414 421 430 441 444 456 459 471 474 486 489 501 504 516 519 531 534 546 549
a 4 10 19 22 28 37 43 55 61 70 79 82 88 97 103 115 121 130 139 142 148 157 163 175 181 190 199 202 208 220 229 232 241 250 259 262 271 280 289 292 301 310 319 322 331 340 349 352 361 370 379 382 391 400 411 414 421 430 441 444 456 459 471 474 486 489 501 504 516 519 531 534 546 549
a 4 10 19 22 28 37 43 55 61 70 79 82 88 97 103 115 121 130 139 142 148 157 163 175 181 190 199 202 211 220 229 232 241 250 259 262 271 280 289 292 301 310 319 322 331 340 349 352 361 370 379 382 391 400 411 414 421 430 441 444 456 459 471 474 486 489 501 504 516 519 531 534 546 549
a 4 10 19 22 28 37 43 55 61 70 79 82 88 97 103 115 121 130 139 142 148 157 163 172 181 190 199 202 211 220 229 232 241 250 259 262 271 280 289 292 301 310 319 322 331 340 349 352 361 370 379 382 391 400 411 414 421 430 441 444 456 459 471 474 486 489 501 504 516 519 531 534 546 549
a 4 10 19 22 28 37 43 55 61 70 79 82 88 97 103 115 121 130 139 142 148 157 169 172 181 190 199 202 211 220 229 232 241 250 259 262 271 280 289 292 301 310 319 322 331 340 349 352 361 370 379 382 391 400 411 414 421 430 441 444 456 459 471 474 486 489 501 504 516 519 531 534 546 549
a 4 10 19 22 28 37 43 55 61 70 79 82 88 97 103 115 121 130 139 142 148 160 169 172 181 190 199 202 211 220 229 232 241 250 259 262 271 280 289 292 301 310 319 322 331 340 349 352 361 370 379 382 391 400 411 414 421 430 441 444 456 459 471 474 486 489 501 504 516 519 531 534 546 549
a 4 10 19 22 28 37 43 55 61 70 79 82 88 97 103 115 121 130 139 142 151 160 169 172 181 190 199 202 211 220 229 232 241 250 259 262 271 280 289 292 301 310 319 322 331 340 349 352 361 370 379 382 391 400 411 414 421 430 441 444 456 459 471 474 486 489 501 504 516 519 531 534 546 549
a 4 10 19 22 28 37 43 55 61 70 79 82 88 97 103 112 121 130 139 142 151 160 169 172 181 190 199 202 211 220 229 232 241 250 259 262 271 280 289 292 301 310 319 322 331 340 349 352 361 370 379 382 391 400 411 414 421 430 441 444 456 459 471 474 486 489 501 504 516 519 531 534 546 549
a 4 10 19 22 28 37 43 55 61 70 79 82 88 97 109 112 121 130 139 142 151 160 169 172 181 190 199 202 211 220 229 232 241 250 259 262 271 280 289 292 301 310 319 322 331 340 349 352 361 370 379 382 391 400 411 414 421 430 441 444 456 459 471 474 486 489 501 504 516 519 531 534 546 549
a 4 10 19 22 28 37 43 55 61 70 79 82 88 100 109 112 121 130 139 142 151 160 169 172 181 190 199 202 211 220 229 232 241 250 259 262 271 280 289 292 301 310 319 322 331 340 349 352 361 370 379 382 391 400 411 414 421 430 441 444 456 459 471 474 486 489 501 504 516 519 531 534 546 549
a 4 10 19 22 28 37 43 55 61 70 79 82 91 100 109 112 121 130 139 142 151 160 169 172 181 190 199 202 211 220 229 232 241 250 259 262 271 280 289 292 301 310 319 322 331 340 349 352 361 370 379 382 391 400 411 414 421 430 441 444 456 459 471 474 486 489 501 504 516 519 531 534 546 549
a 4 10 19 22 28 37 43 52 61 70 79 82 91 100 109 112 121 130 139 142 151 160 169 172 181 190 199 202 211 220 229 232 241 250 259 262 271 280 289 292 301 310 319 322 331 340 349 352 361 370 379 382 391 400 411 414 421 430 441 444 456 459 471 474 486 489 501 504 516 519 531 534 546 549
a 4 10 19 22 28 37 49 52 61 70 79 82 91 100 109 112 121 130 139 142 151 160 169 172 181 190 199 202 211 220 229 232 241 250 259 262 271 280 289 292 301 310 319 322 331 340 349 352 361 370 379 382 391 400 411 414 421 430 441 444 456 459 471 474 486 489 501 504 516 519 531 534 546 549
a 4 10 19 22 28 40 49 52 61 70 79 82 91 100 109 112 121 130 139 142 151 160 169 172 181 190 199 202 211 220 229 232 241 250 259 262 271 280 289 292 301 310 319 322 331 340 349 352 361 370 379 382 391 400 411 414 421 430 441 444 456 459 471 474 486 489 501 504 516 519 531 534 546 549
a 4 10 19 22 31 40 49 52 61 70 79 82 91 100 109 112 121 130 139 142 151 160 169 172 181 190 199 202 211 220 229 232 241 250 259 262 271 280 289 292 301 310 319 322 331 340 349 352 361 370 379 382 391 400 411 414 421 430 441 444 456 459 471 474 486 489 501 504 516 519 531 534 546 549
a 1 10 19 22 31 40 49 52 61 70 79 82 91 100 109 112 121 130 139 142 151 160 169 172 181 190 199 202 211 220 229 232 241 250 259 262 271 280 289 292 301 310 319 322 331 340 349 352 361 370 379 382 391 400 411 414 421 430 441 444 456 459 471 474 486 489 501 504 516 519 531 534 546 549
a 1 7 19 22 31 40 49 52 61 70 79 82 91 100 109 112 121 130 139 142 151 160 169 172 181 190 199 202 211 220 229 232 241 250 259 262 271 280 289 292 301 310 319 322 331 340 349 352 361 370 379 382 391 400 411 414 421 430 441 444 456 459 471 474 486 489 501 504 516 519 531 534 546 549
a 1 7 13 22 31 40 49 52 61 70 79 82 91 100 109 112 121 130 139 142 151 160 169 172 181 190 199 202 211 220 229 232 241 250 259 262 271 280 289 292 301 310 319 322 331 340 349 352 361 370 379 382 391 400 411 414 421 430 441 444 456 459 471 474 486 489 501 504 516 519 531 534 546 549
a 1 7 13 25 31 40 49 52 61 70 79 82 91 100 109 112 121 130 139 142 151 160 169 172 181 190 199 202 211 220 229 232 241 250 259 262 271 280 289 292 301 310 319 322 331 340 349 352 361 370 379 382 391 400 411 414 421 430 441 444 456 459 471 474 486 489 501 504 516 519 531 534 546 549
a 1 7 13 25 31 40 49 52 58 70 79 82 91 100 109 112 121 130 139 142 151 160 169 172 181 190 199 202 211 220 229 232 241 250 259 262 271 280 289 292 301 310 319 322 331 340 349 352 361 370 379 382 391 400 411 414 421 430 441 444 456 459 471 474 486 489 501 504 516 519 531 534 546 549
a 1 7 13 25 31 40 49 52 58 67 79 82 91 100 109 112 121 130 139 142 151 160 169 172 181 190 199 202 211 220 229 232 241 250 259 262 271 280 289 292 301 310 319 322 331 340 349 352 361 370 379 382 391 400 411 414 421 430 441 444 456 459 471 474 486 489 501 504 516 519 531 534 546 549
a 1 7 13 25 31 40 49 52 58 67 73 82 91 100 109 112 121 130 139 142 151 160 169 172 181 190 199 202 211 220 229 232 241 250 259 262 271 280 289 292 301 310 319 322 331 340 349 352 361 370 379 382 391 400 411 414 421 430 441 444 456 459 471 474 486 489 501 504 516 519 531 534 546 549
a 1 7 13 25 31 40 49 52 58 67 73 85 91 100 109 112 121 130 139 142 151 160 169 172 181 190 199 202 211 220 229 232 241 250 259 262 271 280 289 292 301 310 319 322 331 340 349 352 361 370 379 382 391 400 411 414 421 430 441 444 456 459 471 474 486 489 501 504 516 519 531 534 546 549
a 1 7 13 25 31 40 49 52 58 67 73 85 91 100 109 112 118 130 139 142 151 160 169 172 181 190 199 202 211 220 229 232 241 250 259 262 271 280 289 292 301 310 319 322 331 340 349 352 361 370 379 382 391 400 411 414 421 430 441 444 456 459 471 474 486 489 501 504 516 519 531 534 546 549
a 1 7 13 25 31 40 49 52 58 67 73 85 91 100 109 112 118 127 139 142 151 160 169 172 181 190 199 202 211 220 229 232 241 250 259 262 271 280 289 292 301 310 319 322 331 340 349 352 361 370 379 382 391 400 411 414 421 430 441 444 456 459 471 474 486 489 501 504 516 519 531 534 546 549
a 1 7 13 25 31 40 49 52 58 67 73 85 91 100 109 112 118 127 133 142 151 160 169 172 181 190 199 202 211 220 229 232 241 250 259 262 271 280 289 292 301 310 319 322 331 340 349 352 361 370 379 382 391 400 411 414 421 430 441 444 456 459 471 474 486 489 501 504 516 519 531 534 546 549
a 1 7 13 25 31 40 49 52 58 67 73 85 91 100 109 112 118 127 133 145 151 160 169 172 181 190 199 202 211 220 229 232 241 250 259 262 271 280 289 292 301 310 319 322 331 340 349 352 361 370 379 382 391 400 411 414 421 430 441 444 456 459 471 474 486 489 501 504 516 519 531 534 546 549
a 1 7 13 25 31 40 49 52 58 67 73 85 91 100 109 112 118 127 133 145 151 160 169 172 178 190 199 202 211 220 229 232 241 250 259 262 271 280 289 292 301 310 319 322 331 340 349 352 361 370 379 382 391 400 411 414 421 430 441 444 456 459 471 474 486 489 501 504 516 519 531 534 546 549
a 1 7 13 25 31 40 49 52 58 67 73 85 91 100 109 112 118 127 133 145 151 160 169 172 178 187 199 202 211 220 229 232 241 250 259 262 271 280 289 292 301 310 319 322 331 340 349 352 361 370 379 382 391 400 411 414 421 430 441 444 456 459 471 474 486 489 501 504 516 519 531 534 546 549
a 1 7 13 25 31 40 49 52 58 67 73 85 91 100 109 112 118 127 133 145 151 160 169 172 178 187 193 202 211 220 229 232 241 250 259 262 271 280 289 292 301 310 319 322 331 340 349 352 361 370 379 382 391 400 411 414 421 430 441 444 456 459 471 474 486 489 501 504 516 519 531 534 546 549
a 1 7 13 25 31 40 49 52 58 67 73 85 91 100 109 112 118 127 133 145 151 160 169 172 178 187 193 205 211 220 229 232 241 250 259 262 271 280 289 292 301 310 319 322 331 340 349 352 361 370 379 382 391 400 411 414 421 430 441 444 456 459 471 474 486 489 501 504 516 519 531 534 546 549
a 1 7 13 25 31 40 49 52 58 67 73 85 91 100 109 112 118 127 133 145 151 160 169 172 178 187 193 205 211 220 229 232 238 250 259 262 271 280 289 292 301 310 319 322 331 340 349 352 361 370 379 382 391 400 411 414 421 430 441 444 456 459 471 474 486 489 501 504 516 519 531 534 546 549
a 1 7 13 25 31 40 49 52 58 67 73 85 91 100 109 112 118 127 133 145 151 160 169 172 178 187 193 205 211 220 229 232 238 247 259 262 271 280 289 292 301 310 319 322 331 340 349 352 361 370 379 382 391 400 411 414 421 430 441 444 456 459 471 474 486 489 501 504 516 519 531 534 546 549
a 1 7 13 25 31 40 49 52 58 67 73 85 91 100 109 112 118 127 133 145 151 160 169 172 178 187 193 205 211 220 229 232 238 247 253 262 271 280 289 292 301 310 319 322 331 340 349 352 361 370 379 382 391 400 411 414 421 430 441 444 456 459 471 474 486 489 501 504 516 519 531 534 546 549
a 1 7 13 25 31 40 49 52 58 67 73 85 91 100 109 112 118 127 133 145 151 160 169 172 178 187 193 205 211 220 229 232 238 247 253 265 271 280 289 292 301 310 319 322 331 340 349 352 361 370 379 382 391 400 411 414 421 430 441 444 456 459 471 474 486 489 501 504 516 519 531 534 546 549
a 1 7 13 25 31 40 49 52 58 67 73 85 91 100 109 112 118 127 133 145 151 160 169 172 178 187 193 205 211 220 229 232 238 247 253 265 271 280 289 292 298 310 319 322 331 340 349 352 361 370 379 382 391 400 411 414 421 430 441 444 456 459 471 474 486 489 501 504 516 519 531 534 546 549
a 1 7 13 25 31 40 49 52 58 67 73 85 91 100 109 112 118 127 133 145 151 160 169 172 178 187 193 205 211 220 229 232 238 247 253 265 271 280 289 292 298 307 319 322 331 340 349 352 361 370 379 382 391 400 411 414 421 430 441 444 456 459 471 474 486 489 501 504 516 519 531 534 546 549
a 1 7 13 25 31 40 49 52 58 67 73 85 91 100 109 112 118 127 133 145 151 160 169 172 178 187 193 205 211 220 229 232 238 247 253 265 271 280 289 292 298 307 313 322 331 340 349 352 361 370 379 382 391 400 411 414 421 430 441 444 456 459 471 474 486 489 501 504 516 519 531 534 546 549
a 1 7 13 25 31 40 49 52 58 67 73 85 91 100 109 112 118 127 133 145 151 160 169 172 178 187 193 205 211 220 229 232 238 247 253 265 271 280 289 292 298 307 313 325 331 340 349 352 361 370 379 382 391 400 411 414 421 430 441 444 456 459 471 474 486 489 501 504 516 519 531 534 546 549
a 1 7 13 25 31 40 49 52 58 67 73 85 91 100 109 112 118 127 133 145 151 160 169 172 178 187 193 205 211 220 229 232 238 247 253 265 271 280 289 292 298 307 313 325 331 340 349 352 358 370 379 382 391 400 411 414 421 430 441 444 456 459 471 474 486 489 501 504 516 519 531 534 546 549
a 1 7 13 25 31 40 49 52 58 67 73 85 91 100 109 112 118 127 133 145 151 160 169 172 178 187 193 205 211 220 229 232 238 247 253 265 271 280 289 292 298 307 313 325 331 340 349 352 358 367 379 382 391 400 411 414 421 430 441 444 456 459 471 474 486 489 501 504 516 519 531 534 546 549
a 1 7 13 25 31 40 49 52 58 67 73 85 91 100 109 112 118 127 133 145 151 160 169 172 178 187 193 205 211 220 229 232 238 247 253 265 271 280 289 292 298 307 313 325 331 340 349 352 358 367 373 382 391 400 411 414 421 430 441 444 456 459 471 474 486 489 501 504 516 519 531 534 546 549
a 1 7 13 25 31 40 49 52 58 67 73 85 91 100 109 112 118 127 133 145 151 160 169 172 178 187 193 205 211 220 229 232 238 247 253 265 271 280 289 292 298 307 313 325 331 340 349 352 358 367 373 385 391 400 411 414 421 430 441 444 456 459 471 474 486 489 501 504 516 519 531 534 546 549
a 1 7 13 25 31 40 49 52 58 67 73 85 91 100 109 112 118 127 133 145 151 160 169 172 178 187 193 205 211 220 229 232 238 247 253 265 271 280 289 292 298 307 313 325 331 340 349 352 358 367 373 385 391 400 411 414 418 430 441 444 456 459 471 474 486 489 501 504 516 519 531 534 546 549
a 1 7 13 25 31 40 49 52 58 67 73 85 91 100 109 112 118 127 133 145 151 160 169 172 178 187 193 205 211 220 229 232 238 247 253 265 271 280 289 292 298 307 313 325 331 340 349 352 358 367 373 385 391 400 411 414 418 429 441 444 456 459 471 474 486 489 501 504 516 519 531 534 546 549
a 1 7 13 25 31 40 49 52 58 67 73 85 91 100 109 112 118 127 133 145 151 160 169 172 178 187 193 205 211 220 229 232 238 247 253 265 271 280 289 292 298 307 313 325 331 340 349 352 358 367 373 385 391 400 411 414 426 429 441 444 456 459 471 474 486 489 501 504 516 519 531 534 546 549
a 1 7 13 25 31 40 49 52 58 67 73 85 91 100 109 112 118 127 133 145 151 160 169 172 178 187 193 205 211 220 229 232 238 247 253 265 271 280 289 292 298 307 313 325 331 340 349 352 358 367 373 384 391 400 411 414 426 429 441 444 456 459 471 474 486 489 501 504 516 519 531 534 546 549
a 1 7 13 25 31 40 49 52 58 67 73 85 91 100 109 112 118 127 133 145 151 160 169 172 178 187 193 205 211 220 229 232 238 247 253 265 271 280 289 292 298 307 313 325 331 340 349 352 358 367 381 384 391 400 411 414 426 429 441 444 456 459 471 474 486 489 501 504 516 519 531 534 546 549
a 1 7 13 25 31 40 49 52 58 67 73 85 91 100 109 112 118 127 133 145 151 160 169 172 178 187 193 205 211 220 229 232 238 247 253 265 271 280 289 292 298 307 313 325 331 340 349 352 358 370 381 384 391 400 411 414 426 429 441 444 456 459 471 474 486 489 501 504 516 519 531 534 546 549
a 1 7 13 25 31 40 49 52 58 67 73 85 91 100 109 112 118 127 133 145 151 160 169 172 178 187 193 205 211 220 229 232 238 247 253 265 271 280 289 292 298 307 313 325 331 340 349 352 361 370 381 384 391 400 411 414 426 429 441 444 456 459 471 474 486 489 501 504 516 519 531 534 546 549
a 1 7 13 25 31 40 49 52 58 67 73 85 91 100 109 112 118 127 133 145 151 160 169 172 178 187 193 205 211 220 229 232 238 247 253 265 271 280 289 292 298 307 313 322 331 340 349 352 361 370 381 384 391 400 411 414 426 429 441 444 456 459 471 474 486 489 501 504 516 519 531 534 546 549
a 1 7 13 25 31 40 49 52 58 67 73 85 91 100 109 112 118 127 133 145 151 160 169 172 178 187 193 205 211 220 229 232 238 247 253 265 271 280 289 292 298 307 319 322 331 340 349 352 361 370 381 384 391 400 411 414 426 429 441 444 456 459 471 474 486 489 501 504 516 519 531 534 546 549
a 1 7 13 25 31 40 49 52 58 67 73 85 91 100 109 112 118 127 133 145 151 160 169 172 178 187 193 205 211 220 229 232 238 247 253 265 271 280 289 292 298 310 319 322 331 340 349 352 361 370 381 384 391 400 411 414 426 429 441 444 456 459 471 474 486 489 501 504 516 519 531 534 546 549
a 1 7 13 25 31 40 49 52 58 67 73 85 91 100 109 112 118 127 133 145 151 160 169 172 178 187 193 205 211 220 229 232 238 247 253 265 271 280 289 292 301 310 319 322 331 340 349 352 361 370 381 384 391 400 411 414 426 429 441 444 456 459 471 474 486 489 501 504 516 519 531 534 546 549
a 1 7 13 25 31 40 49 52 58 67 73 85 91 100 109 112 118 127 133 145 151 160 169 172 178 187 193 205 211 220 229 232 238 247 253 262 271 280 289 292 301 310 319 322 331 340 349 352 361 370 381 384 391 400 411 414 426 429 441 444 456 459 471 474 486 489 501 504 516 519 531 534 546 549
a 1 7 13 25 31 40 49 52 58 67 73 85 91 100 109 112 118 127 133 145 151 160 169 172 178 187 193 205 211 220 229 232 238 247 259 262 271 280 289 292 301 310 319 322 331 340 349 352 361 370 381 384 391 400 411 414 426 429 441 444 456 459 471 474 486 489 501 504 516 519 531 534 546 549
a 1 7 13 25 31 40 49 52 58 67 73 85 91 100 109 112 118 127 133 145 151 160 169 172 178 187 193 205 211 220 229 232 238 250 259 262 271 280 289 292 301 310 319 322 331 340 349 352 361 370 381 384 391 400 411 414 426 429 441 444 456 459 471 474 486 489 501 504 516 519 531 534 546 549
a 1 7 13 25 31 40 49 52 58 67 73 85 91 100 109 112 118 127 133 145 151 160 169 172 178 187 193 205 211 220 229 232 241 250 259 262 271 280 289 292 301 310 319 322 331 340 349 352 361 370 381 384 391 400 411 414 426 429 441 444 456 459 471 474 486 489 501 504 516 519 531 534 546 549
a 1 7 13 25 31 40 49 52 58 67 73 85 91 100 109 112 118 127 133 145 151 160 169 172 178 187 193 202 211 220 229 232 241 250 259 262 271 280 289 292 301 310 319 322 331 340 349 352 361 370 381 384 391 400 411 414 426 429 441 444 456 459 471 474 486 489 501 504 516 519 531 534 546 549
a 1 7 13 25 31 40 49 52 58 67 73 85 91 100 109 112 118 127 133 145 151 160 169 172 178 187 199 202 211 220 229 232 241 250 259 262 271 280 289 292 301 310 319 322 331 340 349 352 361 370 381 384 391 400 411 414 426 429 441 444 456 459 471 474 486 489 501 504 516 519 531 534 546 549
a 1 7 13 25 31 40 49 52 58 67 73 85 91 100 109 112 118 127 133 145 151 160 169 172 178 190 199 202 211 220 229 232 241 250 259 262 271 280 289 292 301 310 319 322 331 340 349 352 361 370 381 384 391 400 411 414 426 429 441 444 456 459 471 474 486 489 501 504 516 519 531 534 546 549
a 1 7 13 25 31 40 49 52 58 67 73 85 91 100 109 112 118 127 133 145 151 160 169 172 181 190 199 202 211 220 229 232 241 250 259 262 271 280 289 292 301 310 319 322 331 340 349 352 361 370 381 384 391 400 411 414 426 429 441 444 456 459 471 474 486 489 501 504 516 519 531 534 546 549
a 1 7 13 25 31 40 49 52 58 67 73 85 91 100 109 112 118 127 133 142 151 160 169 172 181 190 199 202 211 220 229 232 241 250 259 262 271 280 289 292 301 310 319 322 331 340 349 352 361 370 381 384 391 400 411 414 426 429 441 444 456 459 471 474 486 489 501 504 516 519 531 534 546 549
a 1 7 13 25 31 40 49 52 58 67 73 85 91 100 109 112 118 127 139 142 151 160 169 172 181 190 199 202 211 220 229 232 241 250 259 262 271 280 289 292 301 310 319 322 331 340 349 352 361 370 381 384 391 400 411 414 426 429 441 444 456 459 471 474 486 489 501 504 516 519 531 534 546 549
a 1 7 13 25 31 40 49 52 58 67 73 85 91 100 109 112 118 130 139 142 151 160 169 172 181 190 199 202 211 220 229 232 241 250 259 262 271 280 289 292 301 310 319 322 331 340 349 352 361 370 381 384 391 400 411 414 426 429 441 444 456 459 471 474 486 489 501 504 516 519 531 534 546 549
a 1 7 13 25 31 40 49 52 58 67 73 85 91 100 109 112 121 130 139 142 151 160 169 172 181 190 199 202 211 220 229 232 241 250 259 262 271 280 289 292 301 310 319 322 331 340 349 352 361 370 381 384 391 400 411 414 426 429 441 444 456 459 471 474 486 489 501 504 516 519 531 534 546 549
a 1 7 13 25 31 40 49 52 58 67 73 82 91 100 109 112 121 130 139 142 151 160 169 172 181 190 199 202 211 220 229 232 241 250 259 262 271 280 289 292 301 310 319 322 331 340 349 352 361 370 381 384 391 400 411 414 426 429 441 444 456 459 471 474 486 489 501 504 516 519 531 534 546 549
a 1 7 13 25 31 40 49 52 58 67 79 82 91 100 109 112 121 130 139 142 151 160 169 172 181 190 199 202 211 220 229 232 241 250 259 262 271 280 289 292 301 310 319 322 331 340 349 352 361 370 381 384 391 400 411 414 426 429 441 444 456 459 471 474 486 489 501 504 516 519 531 534 546 549
a 1 7 13 25 31 40 49 52 58 70 79 82 91 100 109 112 121 130 139 142 151 160 169 172 181 190 199 202 211 220 229 232 241 250 259 262 271 280 289 292 301 310 319 322 331 340 349 352 361 370 381 384 391 400 411 414 426 429 441 444 456 459 471 474 486 489 501 504 516 519 531 534 546 549
a 1 7 13 25 31 40 49 52 61 70 79 82 91 100 109 112 121 130 139 142 151 160 169 172 181 190 199 202 211 220 229 232 241 250 259 262 271 280 289 292 301 310 319 322 331 340 349 352 361 370 381 384 391 400 411 414 426 429 441 444 456 459 471 474 486 489 501 504 516 519 531 534 546 549
a 1 7 13 22 31 40 49 52 61 70 79 82 91 100 109 112 121 130 139 142 151 160 169 172 181 190 199 202 211 220 229 232 241 250 259 262 271 280 289 292 301 310 319 322 331 340 349 352 361 370 381 384 391 400 411 414 426 429 441 444 456 459 471 474 486 489 501 504 516 519 531 534 546 549
a 1 7 19 22 31 40 49 52 61 70 79 82 91 100 109 112 121 130 139 142 151 160 169 172 181 190 199 202 211 220 229 232 241 250 259 262 271 280 289 292 301 310 319 322 331 340 349 352 361 370 381 384 391 400 411 414 426 429 441 444 456 459 471 474 486 489 501 504 516 519 531 534 546 549
a 1 10 19 22 31 40 49 52 61 70 79 82 91 100 109 112 121 130 139 142 151 160 169 172 181 190 199 202 211 220 229 232 241 250 259 262 271 280 289 292 301 310 319 322 331 340 349 352 361 370 381 384 391 400 411 414 426 429 441 444 456 459 471 474 486 489 501 504 516 519 531 534 546 549
a 4 10 19 22 31 40 49 52 61 70 79 82 91 100 109 112 121 130 139 142 151 160 169 172 181 190 199 202 211 220 229 232 241 250 259 262 271 280 289 292 301 310 319 322 331 340 349 352 361 370 381 384 391 400 411 414 426 429 441 444 456 459 471 474 486 489 501 504 516 519 531 534 546 549
a 4 10 19 22 28 40 49 52 61 70 79 82 91 100 109 112 121 130 139 142 151 160 169 172 181 190 199 202 211 220 229 232 241 250 259 262 271 280 289 292 301 310 319 322 331 340 349 352 361 370 381 384 391 400 411 414 426 429 441 444 456 459 471 474 486 489 501 504 516 519 531 534 546 549
a 4 10 19 22 28 37 49 52 61 70 79 82 91 100 109 112 121 130 139 142 151 160 169 172 181 190 199 202 211 220 229 232 241 250 259 262 271 280 289 292 301 310 319 322 331 340 349 352 361 370 381 384 391 400 411 414 426 429 441 444 456 459 471 474 486 489 501 504 516 519 531 534 546 549
a 4 10 19 22 28 37 43 52 61 70 79 82 91 100 109 112 121 130 139 142 151 160 169 172 181 190 199 202 211 220 229 232 241 250 259 262 271 280 289 292 301 310 319 322 331 340 349 352 361 370 381 384 391 400 411 414 426 429 441 444 456 459 471 474 486 489 501 504 516 519 531 534 546 549
a 4 10 19 22 28 37 43 55 61 70 79 82 91 100 109 112 121 130 139 142 151 160 169 172 181 190 199 202 211 220 229 232 241 250 259 262 271 280 289 292 301 310 319 322 331 340 349 352 361 370 381 384 391 400 411 414 426 429 441 444 456 459 471 474 486 489 501 504 516 519 531 534 546 549
a 4 10 19 22 28 37 43 55 61 70 79 82 88 100 109 112 121 130 139 142 151 160 169 172 181 190 199 202 211 220 229 232 241 250 259 262 271 280 289 292 301 310 319 322 331 340 349 352 361 370 381 384 391 400 411 414 426 429 441 444 456 459 471 474 486 489 501 504 516 519 531 534 546 549
a 4 10 19 22 28 37 43 55 61 70 79 82 88 97 109 112 121 130 139 142 151 160 169 172 181 190 199 202 211 220 229 232 241 250 259 262 271 280 289 292 301 310 319 322 331 340 349 352 361 370 381 384 391 400 411 414 426 429 441 444 456 459 471 474 486 489 501 504 516 519 531 534 546 549
a 4 10 19 22 28 37 43 55 61 70 79 82 88 97 103 112 121 130 139 142 151 160 169 172 181 190 199 202 211 220 229 232 241 250 259 262 271 280 289 292 301 310 319 322 331 340 349 352 361 370 381 384 391 400 411 414 426 429 441 444 456 459 471 474 486 489 501 504 516 519 531 534 546 549
a 4 10 19 22 28 37 43 55 61 70 79 82 88 97 103 115 121 130 139 142 151 160 169 172 181 190 199 202 211 220 229 232 241 250 259 262 271 280 289 292 301 310 319 322 331 340 349 352 361 370 381 384 391 400 411 414 426 429 441 444 456 459 471 474 486 489 501 504 516 519 531 534 546 549
a 4 10 19 22 28 37 43 55 61 70 79 82 88 97 103 115 121 130 139 142 148 160 169 172 181 190 199 202 211 220 229 232 241 250 259 262 271 280 289 292 301 310 319 322 331 340 349 352 361 370 381 384 391 400 411 414 426 429 441 444 456 459 471 474 486 489 501 504 516 519 531 534 546 549
a 4 10 19 22 28 37 43 55 61 70 79 82 88 97 103 115 121 130 139 142 148 157 169 172 181 190 199 202 211 220 229 232 241 250 259 262 271 280 289 292 301 310 319 322 331 340 349 352 361 370 381 384 391 400 411 414 426 429 441 444 456 459 471 474 486 489 501 504 516 519 531 534 546 549
a 4 10 19 22 28 37 43 55 61 70 79 82 88 97 103 115 121 130 139 142 148 157 163 172 181 190 199 202 211 220 229 232 241 250 259 262 271 280 289 292 301 310 319 322 331 340 349 352 361 370 381 384 391 400 411 414 426 429 441 444 456 459 471 474 486 489 501 504 516 519 531 534 546 549
a 4 10 19 22 28 37 43 55 61 70 79 82 88 97 103 115 121 130 139 142 148 157 163 175 181 190 199 202 211 220 229 232 241 250 259 262 271 280 289 292 301 310 319 322 331 340 349 352 361 370 381 384 391 400 411 414 426 429 441 444 456 459 471 474 486 489 501 504 516 519 531 534 546 549
a 4 10 19 22 28 37 43 55 61 70 79 82 88 97 103 115 121 130 139 142 148 157 163 175 181 190 199 202 208 220 229 232 241 250 259 262 271 280 289 292 301 310 319 322 331 340 349 352 361 370 381 384 391 400 411 414 426 429 441 444 456 459 471 474 486 489 501 504 516 519 531 534 546 549
a 4 10 19 22 28 37 43 55 61 70 79 82 88 97 103 115 121 130 139 142 148 157 163 175 181 190 199 202 208 217 229 232 241 250 259 262 271 280 289 292 301 310 319 322 331 340 349 352 361 370 381 384 391 400 411 414 426 429 441 444 456 459 471 474 486 489 501 504 516 519 531 534 546 549
a 4 10 19 22 28 37 43 55 61 70 79 82 88 97 103 115 121 130 139 142 148 157 163 175 181 190 199 202 208 217 223 232 241 250 259 262 271 280 289 292 301 310 319 322 331 340 349 352 361 370 381 384 391 400 411 414 426 429 441 444 456 459 471 474 486 489 501 504 516 519 531 534 546 549
a 4 10 19 22 28 37 43 55 61 70 79 82 88 97 103 115 121 130 139 142 148 157 163 175 181 190 199 202 208 217 223 235 241 250 259 262 271 280 289 292 301 310 319 322 331 340 349 352 361 370 381 384 391 400 411 414 426 429 441 444 456 459 471 474 486 489 501 504 516 519 531 534 546 549
a 4 10 19 22 28 37 43 55 61 70 79 82 88 97 103 115 121 130 139 142 148 157 163 175 181 190 199 202 208 217 223 235 241 250 259 262 268 280 289 292 301 310 319 322 331 340 349 352 361 370 381 384 391 400 411 414 426 429 441 444 456 459 471 474 486 489 501 504 516 519 531 534 546 549
a 4 10 19 22 28 37 43 55 61 70 79 82 88 97 103 115 121 130 139 142 148 157 163 175 181 190 199 202 208 217 223 235 241 250 259 262 268 277 289 292 301 310 319 322 331 340 349 352 361 370 381 384 391 400 411 414 426 429 441 444 456 459 471 474 486 489 501 504 516 519 531 534 546 549
a 4 10 19 22 28 37 43 55 61 70 79 82 88 97 103 115 121 130 139 142 148 157 163 175 181 190 199 202 208 217 223 235 241 250 259 262 268 277 283 292 301 310 319 322 331 340 349 352 361 370 381 384 391 400 411 414 426 429 441 444 456 459 471 474 486 489 501 504 516 519 531 534 546 549
a 4 10 19 22 28 37 43 55 61 70 79 82 88 97 103 115 121 130 139 142 148 157 163 175 181 190 199 202 208 217 223 235 241 250 259 262 268 277 283 295 301 310 319 322 331 340 349 352 361 370 381 384 391 400 411 414 426 429 441 444 456 459 471 474 486 489 501 504 516 519 531 534 546 549
a 4 10 19 22 28 37 43 55 61 70 79 82 88 97 103 115 121 130 139 142 148 157 163 175 181 190 199 202 208 217 223 235 241 250 259 262 268 277 283 295 301 310 319 322 328 340 349 352 361 370 381 384 391 400 411 414 426 429 441 444 456 459 471 474 486 489 501 504 516 519 531 534 546 549
a 4 10 19 22 28 37 43 55 61 70 79 82 88 97 103 115 121 130 139 142 148 157 163 175 181 190 199 202 208 217 223 235 241 250 259 262 268 277 283 295 301 310 319 322 328 337 349 352 361 370 381 384 391 400 411 414 426 429 441 444 456 459 471 474 486 489 501 504 516 519 531 534 546 549
a 4 10 19 22 28 37 43 55 61 70 79 82 88 97 103 115 121 130 139 142 148 157 163 175 181 190 199 202 208 217 223 235 241 250 259 262 268 277 283 295 301 310 319 322 328 337 343 352 361 370 381 384 391 400 411 414 426 429 441 444 456 459 471 474 486 489 501 504 516 519 531 534 546 549
a 4 10 19 22 28 37 43 55 61 70 79 82 88 97 103 115 121 130 139 142 148 157 163 175 181 190 199 202 208 217 223 235 241 250 259 262 268 277 283 295 301 310 319 322 328 337 343 355 361 370 381 384 391 400 411 414 426 429 441 444 456 459 471 474 486 489 501 504 516 519 531 534 546 549
a 4 10 19 22 28 37 43 55 61 70 79 82 88 97 103 115 121 130 139 142 148 157 163 175 181 190 199 202 208 217 223 235 241 250 259 262 268 277 283 295 301 310 319 322 328 337 343 355 361 370 381 384 388 400 411 414 426 429 441 444 456 459 471 474 486 489 501 504 516 519 531 534 546 549
a 4 10 19 22 28 37 43 55 61 70 79 82 88 97 103 115 121 130 139 142 148 157 163 175 181 190 199 202 208 217 223 235 241 250 259 262 268 277 283 295 301 310 319 322 328 337 343 355 361 370 381 384 388 399 411 414 426 429 441 444 456 459 471 474 486 489 501 504 516 519 531 534 546 549
a 4 10 19 22 28 37 43 55 61 70 79 82 88 97 103 115 121 130 139 142 148 157 163 175 181 190 199 202 208 217 223 235 241 250 259 262 268 277 283 295 301 310 319 322 328 337 343 355 361 370 381 384 396 399 411 414 426 429 441 444 456 459 471 474 486 489 501 504 516 519 531 534 546 549
a 4 10 19 22 28 37 43 55 61 70 79 82 88 97 103 115 121 130 139 142 148 157 163 175 181 190 199 202 208 217 223 235 241 250 259 262 268 277 283 295 301 310 319 322 328 337 343 354 361 370 381 384 396 399 411 414 426 429 441 444 456 459 471 474 486 489 501 504 516 519 531 534 546 549
a 4 10 19 22 28 37 43 55 61 70 79 82 88 97 103 115 121 130 139 142 148 157 163 175 181 190 199 202 208 217 223 235 241 250 259 262 268 277 283 295 301 310 319 322 328 337 351 354 361 370 381 384 396 399 411 414 426 429 441 444 456 459 471 474 486 489 501 504 516 519 531 534 546 549
a 4 10 19 22 28 37 43 55 61 70 79 82 88 97 103 115 121 130 139 142 148 157 163 175 181 190 199 202 208 217 223 235 241 250 259 262 268 277 283 295 301 310 319 322 328 340 351 354 361 370 381 384 396 399 411 414 426 429 441 444 456 459 471 474 486 489 501 504 516 519 531 534 546 549
a 4 10 19 22 28 37 43 55 61 70 79 82 88 97 103 115 121 130 139 142 148 157 163 175 181 190 199 202 208 217 223 235 241 250 259 262 268 277 283 295 301 310 319 322 331 340 351 354 361 370 381 384 396 399 411 414 426 429 441 444 456 459 471 474 486 489 501 504 516 519 531 534 546 549
a 4 10 19 22 28 37 43 55 61 70 79 82 88 97 103 115 121 130 139 142 148 157 163 175 181 190 199 202 208 217 223 235 241 250 259 262 268 277 283 292 301 310 319 322 331 340 351 354 361 370 381 384 396 399 411 414 426 429 441 444 456 459 471 474 486 489 501 504 516 519 531 534 546 549
a 4 10 19 22 28 37 43 55 61 70 79 82 88 97 103 115 121 130 139 142 148 157 163 175 181 190 199 202 208 217 223 235 241 250 259 262 268 277 289 292 301 310 319 322 331 340 351 354 361 370 381 384 396 399 411 414 426 429 441 444 456 459 471 474 486 489 501 504 516 519 531 534 546 549
a 4 10 19 22 28 37 43 55 61 70 79 82 88 97 103 115 121 130 139 142 148 157 163 175 181 190 199 202 208 217 223 235 241 250 259 262 268 280 289 292 301 310 319 322 331 340 351 354 361 370 381 384 396 399 411 414 426 429 441 444 456 459 471 474 486 489 501 504 516 519 531 534 546 549
a 4 10 19 22 28 37 43 55 61 70 79 82 88 97 103 115 121 130 139 142 148 157 163 175 181 190 199 202 208 217 223 235 241 250 259 262 271 280 289 292 301 310 319 322 331 340 351 354 361 370 381 384 396 399 411 414 426 429 441 444 456 459 471 474 486 489 501 504 516 519 531 534 546 549
a 4 10 19 22 28 37 43 55 61 70 79 82 88 97 103 115 121 130 139 142 148 157 163 175 181 190 199 202 208 217 223 232 241 250 259 262 271 280 289 292 301 310 319 322 331 340 351 354 361 370 381 384 396 399 411 414 426 429 441 444 456 459 471 474 486 489 501 504 516 519 531 534 546 549
a 4 10 19 22 28 37 43 55 61 70 79 82 88 97 103 115 121 130 139 142 148 157 163 175 181 190 199 202 208 217 229 232 241 250 259 262 271 280 289 292 301 310 319 322 331 340 351 354 361 370 381 384 396 399 411 414 426 429 441 444 456 459 471 474 486 489 501 504 516 519 531 534 546 549
a 4 10 19 22 28 37 43 55 61 70 79 82 88 97 103 115 121 130 139 142 148 157 163 175 181 190 199 202 208 220 229 232 241 250 259 262 271 280 289 292 301 310 319 322 331 340 351 354 361 370 381 384 396 399 411 414 426 429 441 444 456 459 471 474 486 489 501 504 516 519 531 534 546 549
a 4 10 19 22 28 37 43 55 61 70 79 82 88 97 103 115 121 130 139 142 148 157 163 175 181 190 199 202 211 220 229 232 241 250 259 262 271 280 289 292 301 310 319 322 331 340 351 354 361 370 381 384 396 399 411 414 426 429 441 444 456 459 471 474 486 489 501 504 516 519 531 534 546 549
a 4 10 19 22 28 37 43 55 61 70 79 82 88 97 103 115 121 130 139 142 148 157 163 172 181 190 199 202 211 220 229 232 241 250 259 262 271 280 289 292 301 310 319 322 331 340 351 354 361 370 381 384 396 399 411 414 426 429 441 444 456 459 471 474 486 489 501 504 516 519 531 534 546 549
a 4 10 19 22 28 37 43 55 61 70 79 82 88 97 103 115 121 130 139 142 148 157 169 172 181 190 199 202 211 220 229 232 241 250 259 262 271 280 289 292 301 310 319 322 331 340 351 354 361 370 381 384 396 399 411 414 426 429 441 444 456 459 471 474 486 489 501 504 516 519 531 534 546 549
a 4 10 19 22 28 37 43 55 61 70 79 82 88 97 103 115 121 130 139 142 148 160 169 172 181 190 199 202 211 220 229 232 241 250 259 262 271 280 289 292 301 310 319 322 331 340 351 354 361 370 381 384 396 399 411 414 426 429 441 444 456 459 471 474 486 489 501 504 516 519 531 534 546 549
a 4 10 19 22 28 37 43 55 61 70 79 82 88 97 103 115 121 130 139 142 151 160 169 172 181 190 199 202 211 220 229 232 241 250 259 262 271 280 289 292 301 310 319 322 331 340 351 354 361 370 381 384 396 399 411 414 426 429 441 444 456 459 471 474 486 489 501 504 516 519 531 534 546 549
a 4 10 19 22 28 37 43 55 61 70 79 82 88 97 103 112 121 130 139 142 151 160 169 172 181 190 199 202 211 220 229 232 241 250 259 262 271 280 289 292 301 310 319 322 331 340 351 354 361 370 381 384 396 399 411 414 426 429 441 444 456 459 471 474 486 489 501 504 516 519 531 534 546 549
a 4 10 19 22 28 37 43 55 61 70 79 82 88 97 109 112 121 130 139 142 151 160 169 172 181 190 199 202 211 220 229 232 241 250 259 262 271 280 289 292 301 310 319 322 331 340 351 354 361 370 381 384 396 399 411 414 426 429 441 444 456 459 471 474 486 489 501 504 516 519 531 534 546 549
a 4 10 19 22 28 37 43 55 61 70 79 82 88 100 109 112 121 130 139 142 151 160 169 172 181 190 199 202 211 220 229 232 241 250 259 262 271 280 289 292 301 310 319 322 331 340 351 354 361 370 381 384 396 399 411 414 426 429 441 444 456 459 471 474 486 489 501 504 516 519 531 534 546 549
a 4 10 19 22 28 37 43 55 61 70 79 82 91 100 109 112 121 130 139 142 151 160 169 172 181 190 199 202 211 220 229 232 241 250 259 262 271 280 289 292 301 310 319 322 331 340 351 354 361 370 381 384 396 399 411 414 426 429 441 444 456 459 471 474 486 489 501 504 516 519 531 534 546 549
a 4 10 19 22 28 37 43 52 61 70 79 82 91 100 109 112 121 130 139 142 151 160 169 172 181 190 199 202 211 220 229 232 241 250 259 262 271 280 289 292 301 310 319 322 331 340 351 354 361 370 381 384 396 399 411 414 426 429 441 444 456 459 471 474 486 489 501 504 516 519 531 534 546 549
a 4 10 19 22 28 37 49 52 61 70 79 82 91 100 109 112 121 130 139 142 151 160 169 172 181 190 199 202 211 220 229 232 241 250 259 262 271 280 289 292 301 310 319 322 331 340 351 354 361 370 381 384 396 399 411 414 426 429 441 444 456 459 471 474 486 489 501 504 516 519 531 534 546 549
a 4 10 19 22 28 40 49 52 61 70 79 82 91 100 109 112 121 130 139 142 151 160 169 172 181 190 199 202 211 220 229 232 241 250 259 262 271 280 289 292 301 310 319 322 331 340 351 354 361 370 381 384 396 399 411 414 426 429 441 444 456 459 471 474 486 489 501 504 516 519 531 534 546 549
a 4 10 19 22 31 40 49 52 61 70 79 82 91 100 109 112 121 130 139 142 151 160 169 172 181 190 199 202 211 220 229 232 241 250 259 262 271 280 289 292 301 310 319 322 331 340 351 354 361 370 381 384 396 399 411 414 426 429 441 444 456 459 471 474 486 489 501 504 516 519 531 534 546 549
a 1 10 19 22 31 40 49 52 61 70 79 82 91 100 109 112 121 130 139 142 151 160 169 172 181 190 199 202 211 220 229 232 241 250 259 262 271 280 289 292 301 310 319 322 331 340 351 354 361 370 381 384 396 399 411 414 426 429 441 444 456 459 471 474 486 489 501 504 516 519 531 534 546 549
a 1 7 19 22 31 40 49 52 61 70 79 82 91 100 109 112 121 130 139 142 151 160 169 172 181 190 199 202 211 220 229 232 241 250 259 262 271 280 289 292 301 310 319 322 331 340 351 354 361 370 381 384 396 399 411 414 426 429 441 444 456 459 471 474 486 489 501 504 516 519 531 534 546 549
a 1 7 13 22 31 40 49 52 61 70 79 82 91 100 109 112 121 130 139 142 151 160 169 172 181 190 199 202 211 220 229 232 241 250 259 262 271 280 289 292 301 310 319 322 331 340 351 354 361 370 381 384 396 399 411 414 426 429 441 444 456 459 471 474 486 489 501 504 516 519 531 534 546 549
a 1 7 13 25 31 40 49 52 61 70 79 82 91 100 109 112 121 130 139 142 151 160 169 172 181 190 199 202 211 220 229 232 241 250 259 262 271 280 289 292 301 310 319 322 331 340 351 354 361 370 381 384 396 399 411 414 426 429 441 444 456 459 471 474 486 489 501 504 516 519 531 534 546 549
a 1 7 13 25 31 40 49 52 58 70 79 82 91 100 109 112 121 130 139 142 151 160 169 172 181 190 199 202 211 220 229 232 241 250 259 262 271 280 289 292 301 310 319 322 331 340 351 354 361 370 381 384 396 399 411 414 426 429 441 444 456 459 471 474 486 489 501 504 516 519 531 534 546 549
a 1 7 13 25 31 40 49 52 58 67 79 82 91 100 109 112 121 130 139 142 151 160 169 172 181 190 199 202 211 220 229 232 241 250 259 262 271 280 289 292 301 310 319 322 331 340 351 354 361 370 381 384 396 399 411 414 426 429 441 444 456 459 471 474 486 489 501 504 516 519 531 534 546 549
a 1 7 13 25 31 40 49 52 58 67 73 82 91 100 109 112 121 130 139 142 151 160 169 172 181 190 199 202 211 220 229 232 241 250 259 262 271 280 289 292 301 310 319 322 331 340 351 354 361 370 381 384 396 399 411 414 426 429 441 444 456 459 471 474 486 489 501 504 516 519 531 534 546 549
a 1 7 13 25 31 40 49 52 58 67 73 85 91 100 109 112 121 130 139 142 151 160 169 172 181 190 199 202 211 220 229 232 241 250 259 262 271 280 289 292 301 310 319 322 331 340 351 354 361 370 381 384 396 399 411 414 426 429 441 444 456 459 471 474 486 489 501 504 516 519 531 534 546 549
a 1 7 13 25 31 40 49 52 58 67 73 85 91 100 109 112 118 130 139 142 151 160 169 172 181 190 199 202 211 220 229 232 241 250 259 262 271 280 289 292 301 310 319 322 331 340 351 354 361 370 381 384 396 399 411 414 426 429 441 444 456 459 471 474 486 489 501 504 516 519 531 534 546 549
a 1 7 13 25 31 40 49 52 58 67 73 85 91 100 109 112 118 127 139 142 151 160 169 172 181 190 199 202 211 220 229 232 241 250 259 262 271 280 289 292 301 310 319 322 331 340 351 354 361 370 381 384 396 399 411 414 426 429 441 444 456 459 471 474 486 489 501 504 516 519 531 534 546 549
a 1 7 13 25 31 40 49 52 58 67 73 85 91 100 109 112 118 127 133 142 151 160 169 172 181 190 199 202 211 220 229 232 241 250 259 262 271 280 289 292 301 310 319 322 331 340 351 354 361 370 381 384 396 399 411 414 426 429 441 444 456 459 471 474 486 489 501 504 516 519 531 534 546 549
a 1 7 13 25 31 40 49 52 58 67 73 85 91 100 109 112 118 127 133 145 151 160 169 172 181 190 199 202 211 220 229 232 241 250 259 262 271 280 289 292 301 310 319 322 331 340 351 354 361 370 381 384 396 399 411 414 426 429 441 444 456 459 471 474 486 489 501 504 516 519 531 534 546 549
a 1 7 13 25 31 40 49 52 58 67 73 85 91 100 109 112 118 127 133 145 151 160 169 172 178 190 199 202 211 220 229 232 241 250 259 262 271 280 289 292 301 310 319 322 331 340 351 354 361 370 381 384 396 399 411 414 426 429 441 444 456 459 471 474 486 489 501 504 516 519 531 534 546 549
a 1 7 13 25 31 40 49 52 58 67 73 85 91 100 109 112 118 127 133 145 151 160 169 172 178 187 199 202 211 220 229 232 241 250 259 262 271 280 289 292 301 310 319 322 331 340 351 354 361 370 381 384 396 399 411 414 426 429 441 444 456 459 471 474 486 489 501 504 516 519 531 534 546 549
a 1 7 13 25 31 40 49 52 58 67 73 85 91 100 109 112 118 127 133 145 151 160 169 172 178 187 193 202 211 220 229 232 241 250 259 262 271 280 289 292 301 310 319 322 331 340 351 354 361 370 381 384 396 399 411 414 426 429 441 444 456 459 471 474 486 489 501 504 516 519 531 534 546 549
a 1 7 13 25 31 40 49 52 58 67 73 85 91 100 109 112 118 127 133 145 151 160 169 172 178 187 193 205 211 220 229 232 241 250 259 262 271 280 289 292 301 310 319 322 331 340 351 354 361 370 381 384 396 399 411 414 426 429 441 444 456 459 471 474 486 489 501 504 516 519 531 534 546 549
a 1 7 13 25 31 40 49 52 58 67 73 85 91 100 109 112 118 127 133 145 151 160 169 172 178 187 193 205 211 220 229 232 238 250 259 262 271 280 289 292 301 310 319 322 331 340 351 354 361 370 381 384 396 399 411 414 426 429 441 444 456 459 471 474 486 489 501 504 516 519 531 534 546 549
a 1 7 13 25 31 40 49 52 58 67 73 85 91 100 109 112 118 127 133 145 151 160 169 172 178 187 193 205 211 220 229 232 238 247 259 262 271 280 289 292 301 310 319 322 331 340 351 354 361 370 381 384 396 399 411 414 426 429 441 444 456 459 471 474 486 489 501 504 516 519 531 534 546 549
a 1 7 13 25 31 40 49 52 58 67 73 85 91 100 109 112 118 127 133 145 151 160 169 172 178 187 193 205 211 220 229 232 238 247 253 262 271 280 289 292 301 310 319 322 331 340 351 354 361 370 381 384 396 399 411 414 426 429 441 444 456 459 471 474 486 489 501 504 516 519 531 534 546 549
a 1 7 13 25 31 40 49 52 58 67 73 85 91 100 109 112 118 127 133 145 151 160 169 172 178 187 193 205 211 220 229 232 238 247 253 265 271 280 289 292 301 310 319 322 331 340 351 354 361 370 381 384 396 399 411 414 426 429 441 444 456 459 471 474 486 489 501 504 516 519 531 534 546 549
a 1 7 13 25 31 40 49 52 58 67 73 85 91 100 109 112 118 127 133 145 151 160 169 172 178 187 193 205 211 220 229 232 238 247 253 265 271 280 289 292 298 310 319 322 331 340 351 354 361 370 381 384 396 399 411 414 426 429 441 444 456 459 471 474 486 489 501 504 516 519 531 534 546 549
a 1 7 13 25 31 40 49 52 58 67 73 85 91 100 109 112 118 127 133 145 151 160 169 172 178 187 193 205 211 220 229 232 238 247 253 265 271 280 289 292 298 307 319 322 331 340 351 354 361 370 381 384 396 399 411 414 426 429 441 444 456 459 471 474 486 489 501 504 516 519 531 534 546 549
a 1 7 13 25 31 40 49 52 58 67 73 85 91 100 109 112 118 127 133 145 151 160 169 172 178 187 193 205 211 220 229 232 238 247 253 265 271 280 289 292 298 307 313 322 331 340 351 354 361 370 381 384 396 399 411 414 426 429 441 444 456 459 471 474 486 489 501 504 516 519 531 534 546 549
a 1 7 13 25 31 40 49 52 58 67 73 85 91 100 109 112 118 127 133 145 151 160 169 172 178 187 193 205 211 220 229 232 238 247 253 265 271 280 289 292 298 307 313 325 331 340 351 354 361 370 381 384 396 399 411 414 426 429 441 444 456 459 471 474 486 489 501 504 516 519 531 534 546 549
a 1 7 13 25 31 40 49 52 58 67 73 85 91 100 109 112 118 127 133 145 151 160 169 172 178 187 193 205 211 220 229 232 238 247 253 265 271 280 289 292 298 307 313 325 331 340 351 354 358 370 381 384 396 399 411 414 426 429 441 444 456 459 471 474 486 489 501 504 516 519 531 534 546 549
a 1 7 13 25 31 40 49 52 58 67 73 85 91 100 109 112 118 127 133 145 151 160 169 172 178 187 193 205 211 220 229 232 238 247 253 265 271 280 289 292 298 307 313 325 331 340 351 354 358 369 381 384 396 399 411 414 426 429 441 444 456 459 471 474 486 489 501 504 516 519 531 534 546 549
a 1 7 13 25 31 40 49 52 58 67 73 85 91 100 109 112 118 127 133 145 151 160 169 172 178 187 193 205 211 220 229 232 238 247 253 265 271 280 289 292 298 307 313 325 331 340 351 354 366 369 381 384 396 399 411 414 426 429 441 444 456 459 471 474 486 489 501 504 516 519 531 534 546 549
a 1 7 13 25 31 40 49 52 58 67 73 85 91 100 109 112 118 127 133 145 151 160 169 172 178 187 193 205 211 220 229 232 238 247 253 265 271 280 289 292 298 307 313 324 331 340 351 354 366 369 381 384 396 399 411 414 426 429 441 444 456 459 471 474 486 489 501 504 516 519 531 534 546 549
a 1 7 13 25 31 40 49 52 58 67 73 85 91 100 109 112 118 127 133 145 151 160 169 172 178 187 193 205 211 220 229 232 238 247 253 265 271 280 289 292 298 307 321 324 331 340 351 354 366 369 381 384 396 399 411 414 426 429 441 444 456 459 471 474 486 489 501 504 516 519 531 534 546 549
a 1 7 13 25 31 40 49 52 58 67 73 85 91 100 109 112 118 127 133 145 151 160 169 172 178 187 193 205 211 220 229 232 238 247 253 265 271 280 289 292 298 310 321 324 331 340 351 354 366 369 381 384 396 399 411 414 426 429 441 444 456 459 471 474 486 489 501 504 516 519 531 534 546 549
a 1 7 13 25 31 40 49 52 58 67 73 85 91 100 109 112 118 127 133 145 151 160 169 172 178 187 193 205 211 220 229 232 238 247 253 265 271 280 289 292 301 310 321 324 331 340 351 354 366 369 381 384 396 399 411 414 426 429 441 444 456 459 471 474 486 489 501 504 516 519 531 534 546 549
a 1 7 13 25 31 40 49 52 58 67 73 85 91 100 109 112 118 127 133 145 151 160 169 172 178 187 193 205 211 220 229 232 238 247 253 262 271 280 289 292 301 310 321 324 331 340 351 354 366 369 381 384 396 399 411 414 426 429 441 444 456 459 471 474 486 489 501 504 516 519 531 534 546 549
a 1 7 13 25 31 40 49 52 58 67 73 85 91 100 109 112 118 127 133 145 151 160 169 172 178 187 193 205 211 220 229 232 238 247 259 262 271 280 289 292 301 310 321 324 331 340 351 354 366 369 381 384 396 399 411 414 426 429 441 444 456 459 471 474 486 489 501 504 516 519 531 534 546 549
a 1 7 13 25 31 40 49 52 58 67 73 85 91 100 109 112 118 127 133 145 151 160 169 172 178 187 193 205 211 220 229 232 238 250 259 262 271 280 289 292 301 310 321 324 331 340 351 354 366 369 381 384 396 399 411 414 426 429 441 444 456 459 471 474 486 489 501 504 516 519 531 534 546 549
a 1 7 13 25 31 40 49 52 58 67 73 85 91 100 109 112 118 127 133 145 151 160 169 172 178 187 193 205 211 220 229 232 241 250 259 262 271 280 289 292 301 310 321 324 331 340 351 354 366 369 381 384 396 399 411 414 426 429 441 444 456 459 471 474 486 489 501 504 516 519 531 534 546 549
a 1 7 13 25 31 40 49 52 58 67 73 85 91 100 109 112 118 127 133 145 151 160 169 172 178 187 193 202 211 220 229 232 241 250 259 262 271 280 289 292 301 310 321 324 331 340 351 354 366 369 381 384 396 399 411 414 426 429 441 444 456 459 471 474 486 489 501 504 516 519 531 534 546 549
a 1 7 13 25 31 40 49 52 58 67 73 85 91 100 109 112 118 127 133 145 151 160 169 172 178 187 199 202 211 220 229 232 241 250 259 262 271 280 289 292 301 310 321 324 331 340 351 354 366 369 381 384 396 399 411 414 426 429 441 444 456 459 471 474 486 489 501 504 516 519 531 534 546 549
a 1 7 13 25 31 40 49 52 58 67 73 85 91 100 109 112 118 127 133 145 151 160 169 172 178 190 199 202 211 220 229 232 241 250 259 262 271 280 289 292 301 310 321 324 331 340 351 354 366 369 381 384 396 399 411 414 426 429 441 444 456 459 471 474 486 489 501 504 516 519 531 534 546 549
a 1 7 13 25 31 40 49 52 58 67 73 85 91 100 109 112 118 127 133 145 151 160 169 172 181 190 199 202 211 220 229 232 241 250 259 262 271 280 289 292 301 310 321 324 331 340 351 354 366 369 381 384 396 399 411 414 426 429 441 444 456 459 471 474 486 489 501 504 516 519 531 534 546 549
a 1 7 13 25 31 40 49 52 58 67 73 85 91 100 109 112 118 127 133 142 151 160 169 172 181 190 199 202 211 220 229 232 241 250 259 262 271 280 289 292 301 310 321 324 331 340 351 354 366 369 381 384 396 399 411 414 426 429 441 444 456 459 471 474 486 489 501 504 516 519 531 534 546 549
a 1 7 13 25 31 40 49 52 58 67 73 85 91 100 109 112 118 127 139 142 151 160 169 172 181 190 199 202 211 220 229 232 241 250 259 262 271 280 289 292 301 310 321 324 331 340 351 354 366 369 381 384 396 399 411 414 426 429 441 444 456 459 471 474 486 489 501 504 516 519 531 534 546 549
a 1 7 13 25 31 40 49 52 58 67 73 85 91 100 109 112 118 130 139 142 151 160 169 172 181 190 199 202 211 220 229 232 241 250 259 262 271 280 289 292 301 310 321 324 331 340 351 354 366 369 381 384 396 399 411 414 426 429 441 444 456 459 471 474 486 489 501 504 516 519 531 534 546 549
a 1 7 13 25 31 40 49 52 58 67 73 85 91 100 109 112 121 130 139 142 151 160 169 172 181 190 199 202 211 220 229 232 241 250 259 262 271 280 289 292 301 310 321 324 331 340 351 354 366 369 381 384 396 399 411 414 426 429 441 444 456 459 471 474 486 489 501 504 516 519 531 534 546 549
a 1 7 13 25 31 40 49 52 58 67 73 82 91 100 109 112 121 130 139 142 151 160 169 172 181 190 199 202 211 220 229 232 241 250 259 262 271 280 289 292 301 310 321 324 331 340 351 354 366 369 381 384 396 399 411 414 426 429 441 444 456 459 471 474 486 489 501 504 516 519 531 534 546 549
a 1 7 13 25 31 40 49 52 58 67 79 82 91 100 109 112 121 130 139 142 151 160 169 172 181 190 199 202 211 220 229 232 241 250 259 262 271 280 289 292 301 310 321 324 331 340 351 354 366 369 381 384 396 399 411 414 426 429 441 444 456 459 471 474 486 489 501 504 516 519 531 534 546 549
a 1 7 13 25 31 40 49 52 58 70 79 82 91 100 109 112 121 130 139 142 151 160 169 172 181 190 199 202 211 220 229 232 241 250 259 262 271 280 289 292 301 310 321 324 331 340 351 354 366 369 381 384 396 399 411 414 426 429 441 444 456 459 471 474 486 489 501 504 516 519 531 534 546 549
a 1 7 13 25 31 40 49 52 61 70 79 82 91 100 109 112 121 130 139 142 151 160 169 172 181 190 199 202 211 220 229 232 241 250 259 262 271 280 289 292 301 310 321 324 331 340 351 354 366 369 381 384 396 399 411 414 426 429 441 444 456 459 471 474 486 489 501 504 516 519 531 534 546 549
a 1 7 13 22 31 40 49 52 61 70 79 82 91 100 109 112 121 130 139 142 151 160 169 172 181 190 199 202 211 220 229 232 241 250 259 262 271 280 289 292 301 310 321 324 331 340 351 354 366 369 381 384 396 399 411 414 426 429 441 444 456 459 471 474 486 489 501 504 516 519 531 534 546 549
a 1 7 19 22 31 40 49 52 61 70 79 82 91 100 109 112 121 130 139 142 151 160 169 172 181 190 199 202 211 220 229 232 241 250 259 262 271 280 289 292 301 310 321 324 331 340 351 354 366 369 381 384 396 399 411 414 426 429 441 444 456 459 471 474 486 489 501 504 516 519 531 534 546 549
a 1 10 19 22 31 40 49 52 61 70 79 82 91 100 109 112 121 130 139 142 151 160 169 172 181 190 199 202 211 220 229 232 241 250 259 262 271 280 289 292 301 310 321 324 331 340 351 354 366 369 381 384 396 399 411 414 426 429 441 444 456 459 471 474 486 489 501 504 516 519 531 534 546 549
a 4 10 19 22 31 40 49 52 61 70 79 82 91 100 109 112 121 130 139 142 151 160 169 172 181 190 199 202 211 220 229 232 241 250 259 262 271 280 289 292 301 310 321 324 331 340 351 354 366 369 381 384 396 399 411 414 426 429 441 444 456 459 471 474 486 489 501 504 516 519 531 534 546 549
a 4 10 19 22 28 40 49 52 61 70 79 82 91 100 109 112 121 130 139 142 151 160 169 172 181 190 199 202 211 220 229 232 241 250 259 262 271 280 289 292 301 310 321 324 331 340 351 354 366 369 381 384 396 399 411 414 426 429 441 444 456 459 471 474 486 489 501 504 516 519 531 534 546 549
a 4 10 19 22 28 37 49 52 61 70 79 82 91 100 109 112 121 130 139 142 151 160 169 172 181 190 199 202 211 220 229 232 241 250 259 262 271 280 289 292 301 310 321 324 331 340 351 354 366 369 381 384 396 399 411 414 426 429 441 444 456 459 471 474 486 489 501 504 516 519 531 534 546 549
a 4 10 19 22 28 37 43 52 61 70 79 82 91 100 109 112 121 130 139 142 151 160 169 172 181 190 199 202 211 220 229 232 241 250 259 262 271 280 289 292 301 310 321 324 331 340 351 354 366 369 381 384 396 399 411 414 426 429 441 444 456 459 471 474 486 489 501 504 516 519 531 534 546 549
a 4 10 19 22 28 37 43 55 61 70 79 82 91 100 109 112 121 130 139 142 151 160 169 172 181 190 199 202 211 220 229 232 241 250 259 262 271 280 289 292 301 310 321 324 331 340 351 354 366 369 381 384 396 399 411 414 426 429 441 444 456 459 471 474 486 489 501 504 516 519 531 534 546 549
a 4 10 19 22 28 37 43 55 61 70 79 82 88 100 109 112 121 130 139 142 151 160 169 172 181 190 199 202 211 220 229 232 241 250 259 262 271 280 289 292 301 310 321 324 331 340 351 354 366 369 381 384 396 399 411 414 426 429 441 444 456 459 471 474 486 489 501 504 516 519 531 534 546 549
a 4 10 19 22 28 37 43 55 61 70 79 82 88 97 109 112 121 130 139 142 151 160 169 172 181 190 199 202 211 220 229 232 241 250 259 262 271 280 289 292 301 310 321 324 331 340 351 354 366 369 381 384 396 399 411 414 426 429 441 444 456 459 471 474 486 489 501 504 516 519 531 534 546 549
a 4 10 19 22 28 37 43 55 61 70 79 82 88 97 103 112 121 130 139 142 151 160 169 172 181 190 199 202 211 220 229 232 241 250 259 262 271 280 289 292 301 310 321 324 331 340 351 354 366 369 381 384 396 399 411 414 426 429 441 444 456 459 471 474 486 489 501 504 516 519 531 534 546 549
a 4 10 19 22 28 37 43 55 61 70 79 82 88 97 103 115 121 130 139 142 151 160 169 172 181 190 199 202 211 220 229 232 241 250 259 262 271 280 289 292 301 310 321 324 331 340 351 354 366 369 381 384 396 399 411 414 426 429 441 444 456 459 471 474 486 489 501 504 516 519 531 534 546 549
a 4 10 19 22 28 37 43 55 61 70 79 82 88 97 103 115 121 130 139 142 148 160 169 172 181 190 199 202 211 220 229 232 241 250 259 262 271 280 289 292 301 310 321 324 331 340 351 354 366 369 381 384 396 399 411 414 426 429 441 444 456 459 471 474 486 489 501 504 516 519 531 534 546 549
a 4 10 19 22 28 37 43 55 61 70 79 82 88 97 103 115 121 130 139 142 148 157 169 172 181 190 199 202 211 220 229 232 241 250 259 262 271 280 289 292 301 310 321 324 331 340 351 354 366 369 381 384 396 399 411 414 426 429 441 444 456 459 471 474 486 489 501 504 516 519 531 534 546 549
a 4 10 19 22 28 37 43 55 61 70 79 82 88 97 103 115 121 130 139 142 148 157 163 172 181 190 199 202 211 220 229 232 241 250 259 262 271 280 289 292 301 310 321 324 331 340 351 354 366 369 381 384 396 399 411 414 426 429 441 444 456 459 471 474 486 489 501 504 516 519 531 534 546 549
a 4 10 19 22 28 37 43 55 61 70 79 82 88 97 103 115 121 130 139 142 148 157 163 175 181 190 199 202 211 220 229 232 241 250 259 262 271 280 289 292 301 310 321 324 331 340 351 354 366 369 381 384 396 399 411 414 426 429 441 444 456 459 471 474 486 489 501 504 516 519 531 534 546 549
a 4 10 19 22 28 37 43 55 61 70 79 82 88 97 103 115 121 130 139 142 148 157 163 175 181 190 199 202 208 220 229 232 241 250 259 262 271 280 289 292 301 310 321 324 331 340 351 354 366 369 381 384 396 399 411 414 426 429 441 444 456 459 471 474 486 489 501 504 516 519 531 534 546 549
a 4 10 19 22 28 37 43 55 61 70 79 82 88 97 103 115 121 130 139 142 148 157 163 175 181 190 199 202 208 217 229 232 241 250 259 262 271 280 289 292 301 310 321 324 331 340 351 354 366 369 381 384 396 399 411 414 426 429 441 444 456 459 471 474 486 489 501 504 516 519 531 534 546 549
a 4 10 19 22 28 37 43 55 61 70 79 82 88 97 103 115 121 130 139 142 148 157 163 175 181 190 199 202 208 217 223 232 241 250 259 262 271 280 289 292 301 310 321 324 331 340 351 354 366 369 381 384 396 399 411 414 426 429 441 444 456 459 471 474 486 489 501 504 516 519 531 534 546 549
a 4 10 19 22 28 37 43 55 61 70 79 82 88 97 103 115 121 130 139 142 148 157 163 175 181 190 199 202 208 217 223 235 241 250 259 262 271 280 289 292 301 310 321 324 331 340 351 354 366 369 381 384 396 399 411 414 426 429 441 444 456 459 471 474 486 489 501 504 516 519 531 534 546 549
a 4 10 19 22 28 37 43 55 61 70 79 82 88 97 103 115 121 130 139 142 148 157 163 175 181 190 199 202 208 217 223 235 241 250 259 262 268 280 289 292 301 310 321 324 331 340 351 354 366 369 381 384 396 399 411 414 426 429 441 444 456 459 471 474 486 489 501 504 516 519 531 534 546 549
a 4 10 19 22 28 37 43 55 61 70 79 82 88 97 103 115 121 130 139 142 148 157 163 175 181 190 199 202 208 217 223 235 241 250 259 262 268 277 289 292 301 310 321 324 331 340 351 354 366 369 381 384 396 399 411 414 426 429 441 444 456 459 471 474 486 489 501 504 516 519 531 534 546 549
a 4 10 19 22 28 37 43 55 61 70 79 82 88 97 103 115 121 130 139 142 148 157 163 175 181 190 199 202 208 217 223 235 241 250 259 262 268 277 283 292 301 310 321 324 331 340 351 354 366 369 381 384 396 399 411 414 426 429 441 444 456 459 471 474 486 489 501 504 516 519 531 534 546 549
a 4 10 19 22 28 37 43 55 61 70 79 82 88 97 103 115 121 130 139 142 148 157 163 175 181 190 199 202 208 217 223 235 241 250 259 262 268 277 283 295 301 310 321 324 331 340 351 354 366 369 381 384 396 399 411 414 426 429 441 444 456 459 471 474 486 489 501 504 516 519 531 534 546 549
a 4 10 19 22 28 37 43 55 61 70 79 82 88 97 103 115 121 130 139 142 148 157 163 175 181 190 199 202 208 217 223 235 241 250 259 262 268 277 283 295 301 310 321 324 328 340 351 354 366 369 381 384 396 399 411 414 426 429 441 444 456 459 471 474 486 489 501 504 516 519 531 534 546 549
a 4 10 19 22 28 37 43 55 61 70 79 82 88 97 103 115 121 130 139 142 148 157 163 175 181 190 199 202 208 217 223 235 241 250 259 262 268 277 283 295 301 310 321 324 328 339 351 354 366 369 381 384 396 399 411 414 426 429 441 444 456 459 471 474 486 489 501 504 516 519 531 534 546 549
a 4 10 19 22 28 37 43 55 61 70 79 82 88 97 103 115 121 130 139 142 148 157 163 175 181 190 199 202 208 217 223 235 241 250 259 262 268 277 283 295 301 310 321 324 336 339 351 354 366 369 381 384 396 399 411 414 426 429 441 444 456 459 471 474 486 489 501 504 516 519 531 534 546 549
a 4 10 19 22 28 37 43 55 61 70 79 82 88 97 103 115 121 130 139 142 148 157 163 175 181 190 199 202 208 217 223 235 241 250 259 262 268 277 283 294 301 310 321 324 336 339 351 354 366 369 381 384 396 399 411 414 426 429 441 444 456 459 471 474 486 489 501 504 516 519 531 534 546 549
a 4 10 19 22 28 37 43 55 61 70 79 82 88 97 103 115 121 130 139 142 148 157 163 175 181 190 199 202 208 217 223 235 241 250 259 262 268 277 291 294 301 310 321 324 336 339 351 354 366 369 381 384 396 399 411 414 426 429 441 444 456 459 471 474 486 489 501 504 516 519 531 534 546 549
a 4 10 19 22 28 37 43 55 61 70 79 82 88 97 103 115 121 130 139 142 148 157 163 175 181 190 199 202 208 217 223 235 241 250 259 262 268 280 291 294 301 310 321 324 336 339 351 354 366 369 381 384 396 399 411 414 426 429 441 444 456 459 471 474 486 489 501 504 516 519 531 534 546 549
a 4 10 19 22 28 37 43 55 61 70 79 82 88 97 103 115 121 130 139 142 148 157 163 175 181 190 199 202 208 217 223 235 241 250 259 262 271 280 291 294 301 310 321 324 336 339 351 354 366 369 381 384 396 399 411 414 426 429 441 444 456 459 471 474 486 489 501 504 516 519 531 534 546 549
a 4 10 19 22 28 37 43 55 61 70 79 82 88 97 103 115 121 130 139 142 148 157 163 175 181 190 199 202 208 217 223 232 241 250 259 262 271 280 291 294 301 310 321 324 336 339 351 354 366 369 381 384 396 399 411 414 426 429 441 444 456 459 471 474 486 489 501 504 516 519 531 534 546 549
a 4 10 19 22 28 37 43 55 61 70 79 82 88 97 103 115 121 130 139 142 148 157 163 175 181 190 199 202 208 217 229 232 241 250 259 262 271 280 291 294 301 310 321 324 336 339 351 354 366 369 381 384 396 399 411 414 426 429 441 444 456 459 471 474 486 489 501 504 516 519 531 534 546 549
a 4 10 19 22 28 37 43 55 61 70 79 82 88 97 103 115 121 130 139 142 148 157 163 175 181 190 199 202 208 220 229 232 241 250 259 262 271 280 291 294 301 310 321 324 336 339 351 354 366 369 381 384 396 399 411 414 426 429 441 444 456 459 471 474 486 489 501 504 516 519 531 534 546 549
a 4 10 19 22 28 37 43 55 61 70 79 82 88 97 103 115 121 130 139 142 148 157 163 175 181 190 199 202 211 220 229 232 241 250 259 262 271 280 291 294 301 310 321 324 336 339 351 354 366 369 381 384 396 399 411 414 426 429 441 444 456 459 471 474 486 489 501 504 516 519 531 534 546 549
a 4 10 19 22 28 37 43 55 61 70 79 82 88 97 103 115 121 130 139 142 148 157 163 172 181 190 199 202 211 220 229 232 241 250 259 262 271 280 291 294 301 310 321 324 336 339 351 354 366 369 381 384 396 399 411 414 426 429 441 444 456 459 471 474 486 489 501 504 516 519 531 534 546 549
a 4 10 19 22 28 37 43 55 61 70 79 82 88 97 103 115 121 130 139 142 148 157 169 172 181 190 199 202 211 220 229 232 241 250 259 262 271 280 291 294 301 310 321 324 336 339 351 354 366 369 381 384 396 399 411 414 426 429 441 444 456 459 471 474 486 489 501 504 516 519 531 534 546 549
a 4 10 19 22 28 37 43 55 61 70 79 82 88 97 103 115 121 130 139 142 148 160 169 172 181 190 199 202 211 220 229 232 241 250 259 262 271 280 291 294 301 310 321 324 336 339 351 354 366 369 381 384 396 399 411 414 426 429 441 444 456 459 471 474 486 489 501 504 516 519 531 534 546 549
a 4 10 19 22 28 37 43 55 61 70 79 82 88 97 103 115 121 130 139 142 151 160 169 172 181 190 199 202 211 220 229 232 241 250 259 262 271 280 291 294 301 310 321 324 336 339 351 354 366 369 381 384 396 399 411 414 426 429 441 444 456 459 471 474 486 489 501 504 516 519 531 534 546 549
a 4 10 19 22 28 37 43 55 61 70 79 82 88 97 103 112 121 130 139 142 151 160 169 172 181 190 199 202 211 220 229 232 241 250 259 262 271 280 291 294 301 310 321 324 336 339 351 354 366 369 381 384 396 399 411 414 426 429 441 444 456 459 471 474 486 489 501 504 516 519 531 534 546 549
a 4 10 19 22 28 37 43 55 61 70 79 82 88 97 109 112 121 130 139 142 151 160 169 172 181 190 199 202 211 220 229 232 241 250 259 262 271 280 291 294 301 310 321 324 336 339 351 354 366 369 381 384 396 399 411 414 426 429 441 444 456 459 471 474 486 489 501 504 516 519 531 534 546 549
a 4 10 19 22 28 37 43 55 61 70 79 82 88 100 109 112 121 130 139 142 151 160 169 172 181 190 199 202 211 220 229 232 241 250 259 262 271 280 291 294 301 310 321 324 336 339 351 354 366 369 381 384 396 399 411 414 426 429 441 444 456 459 471 474 486 489 501 504 516 519 531 534 546 549
a 4 10 19 22 28 37 43 55 61 70 79 82 91 100 109 112 121 130 139 142 151 160 169 172 181 190 199 202 211 220 229 232 241 250 259 262 271 280 291 294 301 310 321 324 336 339 351 354 366 369 381 384 396 399 411 414 426 429 441 444 456 459 471 474 486 489 501 504 516 519 531 534 546 549
a 4 10 19 22 28 37 43 52 61 70 79 82 91 100 109 112 121 130 139 142 151 160 169 172 181 190 199 202 211 220 229 232 241 250 259 262 271 280 291 294 301 310 321 324 336 339 351 354 366 369 381 384 396 399 411 414 426 429 441 444 456 459 471 474 486 489 501 504 516 519 531 534 546 549
a 4 10 19 22 28 37 49 52 61 70 79 82 91 100 109 112 121 130 139 142 151 160 169 172 181 190 199 202 211 220 229 232 241 250 259 262 271 280 291 294 301 310 321 324 336 339 351 354 366 369 381 384 396 399 411 414 426 429 441 444 456 459 471 474 486 489 501 504 516 519 531 534 546 549
a 4 10 19 22 28 40 49 52 61 70 79 82 91 100 109 112 121 130 139 142 151 160 169 172 181 190 199 202 211 220 229 232 241 250 259 262 271 280 291 294 301 310 321 324 336 339 351 354 366 369 381 384 396 399 411 414 426 429 441 444 456 459 471 474 486 489 501 504 516 519 531 534 546 549
a 4 10 19 22 31 40 49 52 61 70 79 82 91 100 109 112 121 130 139 142 151 160 169 172 181 190 199 202 211 220 229 232 241 250 259 262 271 280 291 294 301 310 321 324 336 339 351 354 366 369 381 384 396 399 411 414 426 429 441 444 456 459 471 474 486 489 501 504 516 519 531 534 546 549
a 1 10 19 22 31 40 49 52 61 70 79 82 91 100 109 112 121 130 139 142 151 160 169 172 181 190 199 202 211 220 229 232 241 250 259 262 271 280 291 294 301 310 321 324 336 339 351 354 366 369 381 384 396 399 411 414 426 429 441 444 456 459 471 474 486 489 501 504 516 519 531 534 546 549
a 1 7 19 22 31 40 49 52 61 70 79 82 91 100 109 112 121 130 139 142 151 160 169 172 181 190 199 202 211 220 229 232 241 250 259 262 271 280 291 294 301 310 321 324 336 339 351 354 366 369 381 384 396 399 411 414 426 429 441 444 456 459 471 474 486 489 501 504 516 519 531 534 546 549
a 1 7 13 22 31 40 49 52 61 70 79 82 91 100 109 112 121 130 139 142 151 160 169 172 181 190 199 202 211 220 229 232 241 250 259 262 271 280 291 294 301 310 321 324 336 339 351 354 366 369 381 384 396 399 411 414 426 429 441 444 456 459 471 474 486 489 501 504 516 519 531 534 546 549
a 1 7 13 25 31 40 49 52 61 70 79 82 91 100 109 112 121 130 139 142 151 160 169 172 181 190 199 202 211 220 229 232 241 250 259 262 271 280 291 294 301 310 321 324 336 339 351 354 366 369 381 384 396 399 411 414 426 429 441 444 456 459 471 474 486 489 501 504 516 519 531 534 546 549
a 1 7 13 25 31 40 49 52 58 70 79 82 91 100 109 112 121 130 139 142 151 160 169 172 181 190 199 202 211 220 229 232 241 250 259 262 271 280 291 294 301 310 321 324 336 339 351 354 366 369 381 384 396 399 411 414 426 429 441 444 456 459 471 474 486 489 501 504 516 519 531 534 546 549
a 1 7 13 25 31 40 49 52 58 67 79 82 91 100 109 112 121 130 139 142 151 160 169 172 181 190 199 202 211 220 229 232 241 250 259 262 271 280 291 294 301 310 321 324 336 339 351 354 366 369 381 384 396 399 411 414 426 429 441 444 456 459 471 474 486 489 501 504 516 519 531 534 546 549
a 1 7 13 25 31 40 49 52 58 67 73 82 91 100 109 112 121 130 139 142 151 160 169 172 181 190 199 202 211 220 229 232 241 250 259 262 271 280 291 294 301 310 321 324 336 339 351 354 366 369 381 384 396 399 411 414 426 429 441 444 456 459 471 474 486 489 501 504 516 519 531 534 546 549
a 1 7 13 25 31 40 49 52 58 67 73 85 91 100 109 112 121 130 139 142 151 160 169 172 181 190 199 202 211 220 229 232 241 250 259 262 271 280 291 294 301 310 321 324 336 339 351 354 366 369 381 384 396 399 411 414 426 429 441 444 456 459 471 474 486 489 501 504 516 519 531 534 546 549
a 1 7 13 25 31 40 49 52 58 67 73 85 91 100 109 112 118 130 139 142 151 160 169 172 181 190 199 202 211 220 229 232 241 250 259 262 271 280 291 294 301 310 321 324 336 339 351 354 366 369 381 384 396 399 411 414 426 429 441 444 456 459 471 474 486 489 501 504 516 519 531 534 546 549
a 1 7 13 25 31 40 49 52 58 67 73 85 91 100 109 112 118 127 139 142 151 160 169 172 181 190 199 202 211 220 229 232 241 250 259 262 271 280 291 294 301 310 321 324 336 339 351 354 366 369 381 384 396 399 411 414 426 429 441 444 456 459 471 474 486 489 501 504 516 519 531 534 546 549
a 1 7 13 25 31 40 49 52 58 67 73 85 91 100 109 112 118 127 133 142 151 160 169 172 181 190 199 202 211 220 229 232 241 250 259 262 271 280 291 294 301 310 321 324 336 339 351 354 366 369 381 384 396 399 411 414 426 429 441 444 456 459 471 474 486 489 501 504 516 519 531 534 546 549
a 1 7 13 25 31 40 49 52 58 67 73 85 91 100 109 112 118 127 133 145 151 160 169 172 181 190 199 202 211 220 229 232 241 250 259 262 271 280 291 294 301 310 321 324 336 339 351 354 366 369 381 384 396 399 411 414 426 429 441 444 456 459 471 474 486 489 501 504 516 519 531 534 546 549
a 1 7 13 25 31 40 49 52 58 67 73 85 91 100 109 112 118 127 133 145 151 160 169 172 178 190 199 202 211 220 229 232 241 250 259 262 271 280 291 294 301 310 321 324 336 339 351 354 366 369 381 384 396 399 411 414 426 429 441 444 456 459 471 474 486 489 501 504 516 519 531 534 546 549
a 1 7 13 25 31 40 49 52 58 67 73 85 91 100 109 112 118 127 133 145 151 160 169 172 178 187 199 202 211 220 229 232 241 250 259 262 271 280 291 294 301 310 321 324 336 339 351 354 366 369 381 384 396 399 411 414 426 429 441 444 456 459 471 474 486 489 501 504 516 519 531 534 546 549
a 1 7 13 25 31 40 49 52 58 67 73 85 91 100 109 112 118 127 133 145 151 160 169 172 178 187 193 202 211 220 229 232 241 250 259 262 271 280 291 294 301 310 321 324 336 339 351 354 366 369 381 384 396 399 411 414 426 429 441 444 456 459 471 474 486 489 501 504 516 519 531 534 546 549
a 1 7 13 25 31 40 49 52 58 67 73 85 91 100 109 112 118 127 133 145 151 160 169 172 178 187 193 205 211 220 229 232 241 250 259 262 271 280 291 294 301 310 321 324 336 339 351 354 366 369 381 384 396 399 411 414 426 429 441 444 456 459 471 474 486 489 501 504 516 519 531 534 546 549
a 1 7 13 25 31 40 49 52 58 67 73 85 91 100 109 112 118 127 133 145 151 160 169 172 178 187 193 205 211 220 229 232 238 250 259 262 271 280 291 294 301 310 321 324 336 339 351 354 366 369 381 384 396 399 411 414 426 429 441 444 456 459 471 474 486 489 501 504 516 519 531 534 546 549
a 1 7 13 25 31 40 49 52 58 67 73 85 91 100 109 112 118 127 133 145 151 160 169 172 178 187 193 205 211 220 229 232 238 247 259 262 271 280 291 294 301 310 321 324 336 339 351 354 366 369 381 384 396 399 411 414 426 429 441 444 456 459 471 474 486 489 501 504 516 519 531 534 546 549
a 1 7 13 25 31 40 49 52 58 67 73 85 91 100 109 112 118 127 133 145 151 160 169 172 178 187 193 205 211 220 229 232 238 247 253 262 271 280 291 294 301 310 321 324 336 339 351 354 366 369 381 384 396 399 411 414 426 429 441 444 456 459 471 474 486 489 501 504 516 519 531 534 546 549
a 1 7 13 25 31 40 49 52 58 67 73 85 91 100 109 112 118 127 133 145 151 160 169 172 178 187 193 205 211 220 229 232 238 247 253 265 271 280 291 294 301 310 321 324 336 339 351 354 366 369 381 384 396 399 411 414 426 429 441 444 456 459 471 474 486 489 501 504 516 519 531 534 546 549
a 1 7 13 25 31 40 49 52 58 67 73 85 91 100 109 112 118 127 133 145 151 160 169 172 178 187 193 205 211 220 229 232 238 247 253 265 271 280 291 294 298 310 321 324 336 339 351 354 366 369 381 384 396 399 411 414 426 429 441 444 456 459 471 474 486 489 501 504 516 519 531 534 546 549
a 1 7 13 25 31 40 49 52 58 67 73 85 91 100 109 112 118 127 133 145 151 160 169 172 178 187 193 205 211 220 229 232 238 247 253 265 271 280 291 294 298 309 321 324 336 339 351 354 366 369 381 384 396 399 411 414 426 429 441 444 456 459 471 474 486 489 501 504 516 519 531 534 546 549
a 1 7 13 25 31 40 49 52 58 67 73 85 91 100 109 112 118 127 133 145 151 160 169 172 178 187 193 205 211 220 229 232 238 247 253 265 271 280 291 294 306 309 321 324 336 339 351 354 366 369 381 384 396 399 411 414 426 429 441 444 456 459 471 474 486 489 501 504 516 519 531 534 546 549
a 1 7 13 25 31 40 49 52 58 67 73 85 91 100 109 112 118 127 133 145 151 160 169 172 178 187 193 205 211 220 229 232 238 247 253 264 271 280 291 294 306 309 321 324 336 339 351 354 366 369 381 384 396 399 411 414 426 429 441 444 456 459 471 474 486 489 501 504 516 519 531 534 546 549
a 1 7 13 25 31 40 49 52 58 67 73 85 91 100 109 112 118 127 133 145 151 160 169 172 178 187 193 205 211 220 229 232 238 247 261 264 271 280 291 294 306 309 321 324 336 339 351 354 366 369 381 384 396 399 411 414 426 429 441 444 456 459 471 474 486 489 501 504 516 519 531 534 546 549
a 1 7 13 25 31 40 49 52 58 67 73 85 91 100 109 112 118 127 133 145 151 160 169 172 178 187 193 205 211 220 229 232 238 250 261 264 271 280 291 294 306 309 321 324 336 339 351 354 366 369 381 384 396 399 411 414 426 429 441 444 456 459 471 474 486 489 501 504 516 519 531 534 546 549
a 1 7 13 25 31 40 49 52 58 67 73 85 91 100 109 112 118 127 133 145 151 160 169 172 178 187 193 205 211 220 229 232 241 250 261 264 271 280 291 294 306 309 321 324 336 339 351 354 366 369 381 384 396 399 411 414 426 429 441 444 456 459 471 474 486 489 501 504 516 519 531 534 546 549
a 1 7 13 25 31 40 49 52 58 67 73 85 91 100 109 112 118 127 133 145 151 160 169 172 178 187 193 202 211 220 229 232 241 250 261 264 271 280 291 294 306 309 321 324 336 339 351 354 366 369 381 384 396 399 411 414 426 429 441 444 456 459 471 474 486 489 501 504 516 519 531 534 546 549
a 1 7 13 25 31 40 49 52 58 67 73 85 91 100 109 112 118 127 133 145 151 160 169 172 178 187 199 202 211 220 229 232 241 250 261 264 271 280 291 294 306 309 321 324 336 339 351 354 366 369 381 384 396 399 411 414 426 429 441 444 456 459 471 474 486 489 501 504 516 519 531 534 546 549
a 1 7 13 25 31 40 49 52 58 67 73 85 91 100 109 112 118 127 133 145 151 160 169 172 178 190 199 202 211 220 229 232 241 250 261 264 271 280 291 294 306 309 321 324 336 339 351 354 366 369 381 384 396 399 411 414 426 429 441 444 456 459 471 474 486 489 501 504 516 519 531 534 546 549
a 1 7 13 25 31 40 49 52 58 67 73 85 91 100 109 112 118 127 133 145 151 160 169 172 181 190 199 202 211 220 229 232 241 250 261 264 271 280 291 294 306 309 321 324 336 339 351 354 366 369 381 384 396 399 411 414 426 429 441 444 456 459 471 474 486 489 501 504 516 519 531 534 546 549
a 1 7 13 25 31 40 49 52 58 67 73 85 91 100 109 112 118 127 133 142 151 160 169 172 181 190 199 202 211 220 229 232 241 250 261 264 271 280 291 294 306 309 321 324 336 339 351 354 366 369 381 384 396 399 411 414 426 429 441 444 456 459 471 474 486 489 501 504 516 519 531 534 546 549
a 1 7 13 25 31 40 49 52 58 67 73 85 91 100 109 112 118 127 139 142 151 160 169 172 181 190 199 202 211 220 229 232 241 250 261 264 271 280 291 294 306 309 321 324 336 339 351 354 366 369 381 384 396 399 411 414 426 429 441 444 456 459 471 474 486 489 501 504 516 519 531 534 546 549
a 1 7 13 25 31 40 49 52 58 67 73 85 91 100 109 112 118 130 139 142 151 160 169 172 181 190 199 202 211 220 229 232 241 250 261 264 271 280 291 294 306 309 321 324 336 339 351 354 366 369 381 384 396 399 411 414 426 429 441 444 456 459 471 474 486 489 501 504 516 519 531 534 546 549
a 1 7 13 25 31 40 49 52 58 67 73 85 91 100 109 112 121 130 139 142 151 160 169 172 181 190 199 202 211 220 229 232 241 250 261 264 271 280 291 294 306 309 321 324 336 339 351 354 366 369 381 384 396 399 411 414 426 429 441 444 456 459 471 474 486 489 501 504 516 519 531 534 546 549
a 1 7 13 25 31 40 49 52 58 67 73 82 91 100 109 112 121 130 139 142 151 160 169 172 181 190 199 202 211 220 229 232 241 250 261 264 271 280 291 294 306 309 321 324 336 339 351 354 366 369 381 384 396 399 411 414 426 429 441 444 456 459 471 474 486 489 501 504 516 519 531 534 546 549
a 1 7 13 25 31 40 49 52 58 67 79 82 91 100 109 112 121 130 139 142 151 160 169 172 181 190 199 202 211 220 229 232 241 250 261 264 271 280 291 294 306 309 321 324 336 339 351 354 366 369 381 384 396 399 411 414 426 429 441 444 456 459 471 474 486 489 501 504 516 519 531 534 546 549
a 1 7 13 25 31 40 49 52 58 70 79 82 91 100 109 112 121 130 139 142 151 160 169 172 181 190 199 202 211 220 229 232 241 250 261 264 271 280 291 294 306 309 321 324 336 339 351 354 366 369 381 384 396 399 411 414 426 429 441 444 456 459 471 474 486 489 501 504 516 519 531 534 546 549
a 1 7 13 25 31 40 49 52 61 70 79 82 91 100 109 112 121 130 139 142 151 160 169 172 181 190 199 202 211 220 229 232 241 250 261 264 271 280 291 294 306 309 321 324 336 339 351 354 366 369 381 384 396 399 411 414 426 429 441 444 456 459 471 474 486 489 501 504 516 519 531 534 546 549
a 1 7 13 22 31 40 49 52 61 70 79 82 91 100 109 112 121 130 139 142 151 160 169 172 181 190 199 202 211 220 229 232 241 250 261 264 271 280 291 294 306 309 321 324 336 339 351 354 366 369 381 384 396 399 411 414 426 429 441 444 456 459 471 474 486 489 501 504 516 519 531 534 546 549
a 1 7 19 22 31 40 49 52 61 70 79 82 91 100 109 112 121 130 139 142 151 160 169 172 181 190 199 202 211 220 229 232 241 250 261 264 271 280 291 294 306 309 321 324 336 339 351 354 366 369 381 384 396 399 411 414 426 429 441 444 456 459 471 474 486 489 501 504 516 519 531 534 546 549
a 1 10 19 22 31 40 49 52 61 70 79 82 91 100 109 112 121 130 139 142 151 160 169 172 181 190 199 202 211 220 229 232 241 250 261 264 271 280 291 294 306 309 321 324 336 339 351 354 366 369 381 384 396 399 411 414 426 429 441 444 456 459 471 474 486 489 501 504 516 519 531 534 546 549
a 4 10 19 22 31 40 49 52 61 70 79 82 91 100 109 112 121 130 139 142 151 160 169 172 181 190 199 202 211 220 229 232 241 250 261 264 271 280 291 294 306 309 321 324 336 339 351 354 366 369 381 384 396 399 411 414 426 429 441 444 456 459 471 474 486 489 501 504 516 519 531 534 546 549
a 4 10 19 22 28 40 49 52 61 70 79 82 91 100 109 112 121 130 139 142 151 160 169 172 181 190 199 202 211 220 229 232 241 250 261 264 271 280 291 294 306 309 321 324 336 339 351 354 366 369 381 384 396 399 411 414 426 429 441 444 456 459 471 474 486 489 501 504 516 519 531 534 546 549
a 4 10 19 22 28 37 49 52 61 70 79 82 91 100 109 112 121 130 139 142 151 160 169 172 181 190 199 202 211 220 229 232 241 250 261 264 271 280 291 294 306 309 321 324 336 339 351 354 366 369 381 384 396 399 411 414 426 429 441 444 456 459 471 474 486 489 501 504 516 519 531 534 546 549
a 4 10 19 22 28 37 43 52 61 70 79 82 91 100 109 112 121 130 139 142 151 160 169 172 181 190 199 202 211 220 229 232 241 250 261 264 271 280 291 294 306 309 321 324 336 339 351 354 366 369 381 384 396 399 411 414 426 429 441 444 456 459 471 474 486 489 501 504 516 519 531 534 546 549
a 4 10 19 22 28 37 43 55 61 70 79 82 91 100 109 112 121 130 139 142 151 160 169 172 181 190 199 202 211 220 229 232 241 250 261 264 271 280 291 294 306 309 321 324 336 339 351 354 366 369 381 384 396 399 411 414 426 429 441 444 456 459 471 474 486 489 501 504 516 519 531 534 546 549
a 4 10 19 22 28 37 43 55 61 70 79 82 88 100 109 112 121 130 139 142 151 160 169 172 181 190 199 202 211 220 229 232 241 250 261 264 271 280 291 294 306 309 321 324 336 339 351 354 366 369 381 384 396 399 411 414 426 429 441 444 456 459 471 474 486 489 501 504 516 519 531 534 546 549
a 4 10 19 22 28 37 43 55 61 70 79 82 88 97 109 112 121 130 139 142 151 160 169 172 181 190 199 202 211 220 229 232 241 250 261 264 271 280 291 294 306 309 321 324 336 339 351 354 366 369 381 384 396 399 411 414 426 429 441 444 456 459 471 474 486 489 501 504 516 519 531 534 546 549
a 4 10 19 22 28 37 43 55 61 70 79 82 88 97 103 112 121 130 139 142 151 160 169 172 181 190 199 202 211 220 229 232 241 250 261 264 271 280 291 294 306 309 321 324 336 339 351 354 366 369 381 384 396 399 411 414 426 429 441 444 456 459 471 474 486 489 501 504 516 519 531 534 546 549
a 4 10 19 22 28 37 43 55 61 70 79 82 88 97 103 115 121 130 139 142 151 160 169 172 181 190 199 202 211 220 229 232 241 250 261 264 271 280 291 294 306 309 321 324 336 339 351 354 366 369 381 384 396 399 411 414 426 429 441 444 456 459 471 474 486 489 501 504 516 519 531 534 546 549
a 4 10 19 22 28 37 43 55 61 70 79 82 88 97 103 115 121 130 139 142 148 160 169 172 181 190 199 202 211 220 229 232 241 250 261 264 271 280 291 294 306 309 321 324 336 339 351 354 366 369 381 384 396 399 411 414 426 429 441 444 456 459 471 474 486 489 501 504 516 519 531 534 546 549
a 4 10 19 22 28 37 43 55 61 70 79 82 88 97 103 115 121 130 139 142 148 157 169 172 181 190 199 202 211 220 229 232 241 250 261 264 271 280 291 294 306 309 321 324 336 339 351 354 366 369 381 384 396 399 411 414 426 429 441 444 456 459 471 474 486 489 501 504 516 519 531 534 546 549
a 4 10 19 22 28 37 43 55 61 70 79 82 88 97 103 115 121 130 139 142 148 157 163 172 181 190 199 202 211 220 229 232 241 250 261 264 271 280 291 294 306 309 321 324 336 339 351 354 366 369 381 384 396 399 411 414 426 429 441 444 456 459 471 474 486 489 501 504 516 519 531 534 546 549
a 4 10 19 22 28 37 43 55 61 70 79 82 88 97 103 115 121 130 139 142 148 157 163 175 181 190 199 202 211 220 229 232 241 250 261 264 271 280 291 294 306 309 321 324 336 339 351 354 366 369 381 384 396 399 411 414 426 429 441 444 456 459 471 474 486 489 501 504 516 519 531 534 546 549
a 4 10 19 22 28 37 43 55 61 70 79 82 88 97 103 115 121 130 139 142 148 157 163 175 181 190 199 202 208 220 229 232 241 250 261 264 271 280 291 294 306 309 321 324 336 339 351 354 366 369 381 384 396 399 411 414 426 429 441 444 456 459 471 474 486 489 501 504 516 519 531 534 546 549
a 4 10 19 22 28 37 43 55 61 70 79 82 88 97 103 115 121 130 139 142 148 157 163 175 181 190 199 202 208 217 229 232 241 250 261 264 271 280 291 294 306 309 321 324 336 339 351 354 366 369 381 384 396 399 411 414 426 429 441 444 456 459 471 474 486 489 501 504 516 519 531 534 546 549
a 4 10 19 22 28 37 43 55 61 70 79 82 88 97 103 115 121 130 139 142 148 157 163 175 181 190 199 202 208 217 223 232 241 250 261 264 271 280 291 294 306 309 321 324 336 339 351 354 366 369 381 384 396 399 411 414 426 429 441 444 456 459 471 474 486 489 501 504 516 519 531 534 546 549
a 4 10 19 22 28 37 43 55 61 70 79 82 88 97 103 115 121 130 139 142 148 157 163 175 181 190 199 202 208 217 223 235 241 250 261 264 271 280 291 294 306 309 321 324 336 339 351 354 366 369 381 384 396 399 411 414 426 429 441 444 456 459 471 474 486 489 501 504 516 519 531 534 546 549
a 4 10 19 22 28 37 43 55 61 70 79 82 88 97 103 115 121 130 139 142 148 157 163 175 181 190 199 202 208 217 223 235 241 250 261 264 268 280 291 294 306 309 321 324 336 339 351 354 366 369 381 384 396 399 411 414 426 429 441 444 456 459 471 474 486 489 501 504 516 519 531 534 546 549
a 4 10 19 22 28 37 43 55 61 70 79 82 88 97 103 115 121 130 139 142 148 157 163 175 181 190 199 202 208 217 223 235 241 250 261 264 268 279 291 294 306 309 321 324 336 339 351 354 366 369 381 384 396 399 411 414 426 429 441 444 456 459 471 474 486 489 501 504 516 519 531 534 546 549
a 4 10 19 22 28 37 43 55 61 70 79 82 88 97 103 115 121 130 139 142 148 157 163 175 181 190 199 202 208 217 223 235 241 250 261 264 276 279 291 294 306 309 321 324 336 339 351 354 366 369 381 384 396 399 411 414 426 429 441 444 456 459 471 474 486 489 501 504 516 519 531 534 546 549
a 4 10 19 22 28 37 43 55 61 70 79 82 88 97 103 115 121 130 139 142 148 157 163 175 181 190 199 202 208 217 223 234 241 250 261 264 276 279 291 294 306 309 321 324 336 339 351 354 366 369 381 384 396 399 411 414 426 429 441 444 456 459 471 474 486 489 501 504 516 519 531 534 546 549
a 4 10 19 22 28 37 43 55 61 70 79 82 88 97 103 115 121 130 139 142 148 157 163 175 181 190 199 202 208 217 231 234 241 250 261 264 276 279 291 294 306 309 321 324 336 339 351 354 366 369 381 384 396 399 411 414 426 429 441 444 456 459 471 474 486 489 501 504 516 519 531 534 546 549
a 4 10 19 22 28 37 43 55 61 70 79 82 88 97 103 115 121 130 139 142 148 157 163 175 181 190 199 202 208 220 231 234 241 250 261 264 276 279 291 294 306 309 321 324 336 339 351 354 366 369 381 384 396 399 411 414 426 429 441 444 456 459 471 474 486 489 501 504 516 519 531 534 546 549
a 4 10 19 22 28 37 43 55 61 70 79 82 88 97 103 115 121 130 139 142 148 157 163 175 181 190 199 202 211 220 231 234 241 250 261 264 276 279 291 294 306 309 321 324 336 339 351 354 366 369 381 384 396 399 411 414 426 429 441 444 456 459 471 474 486 489 501 504 516 519 531 534 546 549
a 4 10 19 22 28 37 43 55 61 70 79 82 88 97 103 115 121 130 139 142 148 157 163 172 181 190 199 202 211 220 231 234 241 250 261 264 276 279 291 294 306 309 321 324 336 339 351 354 366 369 381 384 396 399 411 414 426 429 441 444 456 459 471 474 486 489 501 504 516 519 531 534 546 549
a 4 10 19 22 28 37 43 55 61 70 79 82 88 97 103 115 121 130 139 142 148 157 169 172 181 190 199 202 211 220 231 234 241 250 261 264 276 279 291 294 306 309 321 324 336 339 351 354 366 369 381 384 396 399 411 414 426 429 441 444 456 459 471 474 486 489 501 504 516 519 531 534 546 549
a 4 10 19 22 28 37 43 55 61 70 79 82 88 97 103 115 121 130 139 142 148 160 169 172 181 190 199 202 211 220 231 234 241 250 261 264 276 279 291 294 306 309 321 324 336 339 351 354 366 369 381 384 396 399 411 414 426 429 441 444 456 459 471 474 486 489 501 504 516 519 531 534 546 549
a 4 10 19 22 28 37 43 55 61 70 79 82 88 97 103 115 121 130 139 142 151 160 169 172 181 190 199 202 211 220 231 234 241 250 261 264 276 279 291 294 306 309 321 324 336 339 351 354 366 369 381 384 396 399 411 414 426 429 441 444 456 459 471 474 486 489 501 504 516 519 531 534 546 549
a 4 10 19 22 28 37 43 55 61 70 79 82 88 97 103 112 121 130 139 142 151 160 169 172 181 190 199 202 211 220 231 234 241 250 261 264 276 279 291 294 306 309 321 324 336 339 351 354 366 369 381 384 396 399 411 414 426 429 441 444 456 459 471 474 486 489 501 504 516 519 531 534 546 549
a 4 10 19 22 28 37 43 55 61 70 79 82 88 97 109 112 121 130 139 142 151 160 169 172 181 190 199 202 211 220 231 234 241 250 261 264 276 279 291 294 306 309 321 324 336 339 351 354 366 369 381 384 396 399 411 414 426 429 441 444 456 459 471 474 486 489 501 504 516 519 531 534 546 549
a 4 10 19 22 28 37 43 55 61 70 79 82 88 100 109 112 121 130 139 142 151 160 169 172 181 190 199 202 211 220 231 234 241 250 261 264 276 279 291 294 306 309 321 324 336 339 351 354 366 369 381 384 396 399 411 414 426 429 441 444 456 459 471 474 486 489 501 504 516 519 531 534 546 549
a 4 10 19 22 28 37 43 55 61 70 79 82 91 100 109 112 121 130 139 142 151 160 169 172 181 190 199 202 211 220 231 234 241 250 261 264 276 279 291 294 306 309 321 324 336 339 351 354 366 369 381 384 396 399 411 414 426 429 441 444 456 459 471 474 486 489 501 504 516 519 531 534 546 549
a 4 10 19 22 28 37 43 52 61 70 79 82 91 100 109 112 121 130 139 142 151 160 169 172 181 190 199 202 211 220 231 234 241 250 261 264 276 279 291 294 306 309 321 324 336 339 351 354 366 369 381 384 396 399 411 414 426 429 441 444 456 459 471 474 486 489 501 504 516 519 531 534 546 549
a 4 10 19 22 28 37 49 52 61 70 79 82 91 100 109 112 121 130 139 142 151 160 169 172 181 190 199 202 211 220 231 234 241 250 261 264 276 279 291 294 306 309 321 324 336 339 351 354 366 369 381 384 396 399 411 414 426 429 441 444 456 459 471 474 486 489 501 504 516 519 531 534 546 549
a 4 10 19 22 28 40 49 52 61 70 79 82 91 100 109 112 121 130 139 142 151 160 169 172 181 190 199 202 211 220 231 234 241 250 261 264 276 279 291 294 306 309 321 324 336 339 351 354 366 369 381 384 396 399 411 414 426 429 441 444 456 459 471 474 486 489 501 504 516 519 531 534 546 549
a 4 10 19 22 31 40 49 52 61 70 79 82 91 100 109 112 121 130 139 142 151 160 169 172 181 190 199 202 211 220 231 234 241 250 261 264 276 279 291 294 306 309 321 324 336 339 351 354 366 369 381 384 396 399 411 414 426 429 441 444 456 459 471 474 486 489 501 504 516 519 531 534 546 549
a 1 10 19 22 31 40 49 52 61 70 79 82 91 100 109 112 121 130 139 142 151 160 169 172 181 190 199 202 211 220 231 234 241 250 261 264 276 279 291 294 306 309 321 324 336 339 351 354 366 369 381 384 396 399 411 414 426 429 441 444 456 459 471 474 486 489 501 504 516 519 531 534 546 549
a 1 7 19 22 31 40 49 52 61 70 79 82 91 100 109 112 121 130 139 142 151 160 169 172 181 190 199 202 211 220 231 234 241 250 261 264 276 279 291 294 306 309 321 324 336 339 351 354 366 369 381 384 396 399 411 414 426 429 441 444 456 459 471 474 486 489 501 504 516 519 531 534 546 549
a 1 7 13 22 31 40 49 52 61 70 79 82 91 100 109 112 121 130 139 142 151 160 169 172 181 190 199 202 211 220 231 234 241 250 261 264 276 279 291 294 306 309 321 324 336 339 351 354 366 369 381 384 396 399 411 414 426 429 441 444 456 459 471 474 486 489 501 504 516 519 531 534 546 549
a 1 7 13 25 31 40 49 52 61 70 79 82 91 100 109 112 121 130 139 142 151 160 169 172 181 190 199 202 211 220 231 234 241 250 261 264 276 279 291 294 306 309 321 324 336 339 351 354 366 369 381 384 396 399 411 414 426 429 441 444 456 459 471 474 486 489 501 504 516 519 531 534 546 549
a 1 7 13 25 31 40 49 52 58 70 79 82 91 100 109 112 121 130 139 142 151 160 169 172 181 190 199 202 211 220 231 234 241 250 261 264 276 279 291 294 306 309 321 324 336 339 351 354 366 369 381 384 396 399 411 414 426 429 441 444 456 459 471 474 486 489 501 504 516 519 531 534 546 549
a 1 7 13 25 31 40 49 52 58 67 79 82 91 100 109 112 121 130 139 142 151 160 169 172 181 190 199 202 211 220 231 234 241 250 261 264 276 279 291 294 306 309 321 324 336 339 351 354 366 369 381 384 396 399 411 414 426 429 441 444 456 459 471 474 486 489 501 504 516 519 531 534 546 549
a 1 7 13 25 31 40 49 52 58 67 73 82 91 100 109 112 121 130 139 142 151 160 169 172 181 190 199 202 211 220 231 234 241 250 261 264 276 279 291 294 306 309 321 324 336 339 351 354 366 369 381 384 396 399 411 414 426 429 441 444 456 459 471 474 486 489 501 504 516 519 531 534 546 549
a 1 7 13 25 31 40 49 52 58 67 73 85 91 100 109 112 121 130 139 142 151 160 169 172 181 190 199 202 211 220 231 234 241 250 261 264 276 279 291 294 306 309 321 324 336 339 351 354 366 369 381 384 396 399 411 414 426 429 441 444 456 459 471 474 486 489 501 504 516 519 531 534 546 549
a 1 7 13 25 31 40 49 52 58 67 73 85 91 100 109 112 118 130 139 142 151 160 169 172 181 190 199 202 211 220 231 234 241 250 261 264 276 279 291 294 306 309 321 324 336 339 351 354 366 369 381 384 396 399 411 414 426 429 441 444 456 459 471 474 486 489 501 504 516 519 531 534 546 549
a 1 7 13 25 31 40 49 52 58 67 73 85 91 100 109 112 118 127 139 142 151 160 169 172 181 190 199 202 211 220 231 234 241 250 261 264 276 279 291 294 306 309 321 324 336 339 351 354 366 369 381 384 396 399 411 414 426 429 441 444 456 459 471 474 486 489 501 504 516 519 531 534 546 549
a 1 7 13 25 31 40 49 52 58 67 73 85 91 100 109 112 118 127 133 142 151 160 169 172 181 190 199 202 211 220 231 234 241 250 261 264 276 279 291 294 306 309 321 324 336 339 351 354 366 369 381 384 396 399 411 414 426 429 441 444 456 459 471 474 486 489 501 504 516 519 531 534 546 549
a 1 7 13 25 31 40 49 52 58 67 73 85 91 100 109 112 118 127 133 145 151 160 169 172 181 190 199 202 211 220 231 234 241 250 261 264 276 279 291 294 306 309 321 324 336 339 351 354 366 369 381 384 396 399 411 414 426 429 441 444 456 459 471 474 486 489 501 504 516 519 531 534 546 549
a 1 7 13 25 31 40 49 52 58 67 73 85 91 100 109 112 118 127 133 145 151 160 169 172 178 190 199 202 211 220 231 234 241 250 261 264 276 279 291 294 306 309 321 324 336 339 351 354 366 369 381 384 396 399 411 414 426 429 441 444 456 459 471 474 486 489 501 504 516 519 531 534 546 549
a 1 7 13 25 31 40 49 52 58 67 73 85 91 100 109 112 118 127 133 145 151 160 169 172 178 187 199 202 211 220 231 234 241 250 261 264 276 279 291 294 306 309 321 324 336 339 351 354 366 369 381 384 396 399 411 414 426 429 441 444 456 459 471 474 486 489 501 504 516 519 531 534 546 549
a 1 7 13 25 31 40 49 52 58 67 73 85 91 100 109 112 118 127 133 145 151 160 169 172 178 187 193 202 211 220 231 234 241 250 261 264 276 279 291 294 306 309 321 324 336 339 351 354 366 369 381 384 396 399 411 414 426 429 441 444 456 459 471 474 486 489 501 504 516 519 531 534 546 549
a 1 7 13 25 31 40 49 52 58 67 73 85 91 100 109 112 118 127 133 145 151 160 169 172 178 187 193 205 211 220 231 234 241 250 261 264 276 279 291 294 306 309 321 324 336 339 351 354 366 369 381 384 396 399 411 414 426 429 441 444 456 459 471 474 486 489 501 504 516 519 531 534 546 549
a 1 7 13 25 31 40 49 52 58 67 73 85 91 100 109 112 118 127 133 145 151 160 169 172 178 187 193 205 211 220 231 234 238 250 261 264 276 279 291 294 306 309 321 324 336 339 351 354 366 369 381 384 396 399 411 414 426 429 441 444 456 459 471 474 486 489 501 504 516 519 531 534 546 549
a 1 7 13 25 31 40 49 52 58 67 73 85 91 100 109 112 118 127 133 145 151 160 169 172 178 187 193 205 211 220 231 234 238 249 261 264 276 279 291 294 306 309 321 324 336 339 351 354 366 369 381 384 396 399 411 414 426 429 441 444 456 459 471 474 486 489 501 504 516 519 531 534 546 549
a 1 7 13 25 31 40 49 52 58 67 73 85 91 100 109 112 118 127 133 145 151 160 169 172 178 187 193 205 211 220 231 234 246 249 261 264 276 279 291 294 306 309 321 324 336 339 351 354 366 369 381 384 396 399 411 414 426 429 441 444 456 459 471 474 486 489 501 504 516 519 531 534 546 549
a 1 7 13 25 31 40 49 52 58 67 73 85 91 100 109 112 118 127 133 145 151 160 169 172 178 187 193 204 211 220 231 234 246 249 261 264 276 279 291 294 306 309 321 324 336 339 351 354 366 369 381 384 396 399 411 414 426 429 441 444 456 459 471 474 486 489 501 504 516 519 531 534 546 549
a 1 7 13 25 31 40 49 52 58 67 73 85 91 100 109 112 118 127 133 145 151 160 169 172 178 187 201 204 211 220 231 234 246 249 261 264 276 279 291 294 306 309 321 324 336 339 351 354 366 369 381 384 396 399 411 414 426 429 441 444 456 459 471 474 486 489 501 504 516 519 531 534 546 549
a 1 7 13 25 31 40 49 52 58 67 73 85 91 100 109 112 118 127 133 145 151 160 169 172 178 190 201 204 211 220 231 234 246 249 261 264 276 279 291 294 306 309 321 324 336 339 351 354 366 369 381 384 396 399 411 414 426 429 441 444 456 459 471 474 486 489 501 504 516 519 531 534 546 549
a 1 7 13 25 31 40 49 52 58 67 73 85 91 100 109 112 118 127 133 145 151 160 169 172 181 190 201 204 211 220 231 234 246 249 261 264 276 279 291 294 306 309 321 324 336 339 351 354 366 369 381 384 396 399 411 414 426 429 441 444 456 459 471 474 486 489 501 504 516 519 531 534 546 549
a 1 7 13 25 31 40 49 52 58 67 73 85 91 100 109 112 118 127 133 142 151 160 169 172 181 190 201 204 211 220 231 234 246 249 261 264 276 279 291 294 306 309 321 324 336 339 351 354 366 369 381 384 396 399 411 414 426 429 441 444 456 459 471 474 486 489 501 504 516 519 531 534 546 549
a 1 7 13 25 31 40 49 52 58 67 73 85 91 100 109 112 118 127 139 142 151 160 169 172 181 190 201 204 211 220 231 234 246 249 261 264 276 279 291 294 306 309 321 324 336 339 351 354 366 369 381 384 396 399 411 414 426 429 441 444 456 459 471 474 486 489 501 504 516 519 531 534 546 549
a 1 7 13 25 31 40 49 52 58 67 73 85 91 100 109 112 118 130 139 142 151 160 169 172 181 190 201 204 211 220 231 234 246 249 261 264 276 279 291 294 306 309 321 324 336 339 351 354 366 369 381 384 396 399 411 414 426 429 441 444 456 459 471 474 486 489 501 504 516 519 531 534 546 549
a 1 7 13 25 31 40 49 52 58 67 73 85 91 100 109 112 121 130 139 142 151 160 169 172 181 190 201 204 211 220 231 234 246 249 261 264 276 279 291 294 306 309 321 324 336 339 351 354 366 369 381 384 396 399 411 414 426 429 441 444 456 459 471 474 486 489 501 504 516 519 531 534 546 549
a 1 7 13 25 31 40 49 52 58 67 73 82 91 100 109 112 121 130 139 142 151 160 169 172 181 190 201 204 211 220 231 234 246 249 261 264 276 279 291 294 306 309 321 324 336 339 351 354 366 369 381 384 396 399 411 414 426 429 441 444 456 459 471 474 486 489 501 504 516 519 531 534 546 549
a 1 7 13 25 31 40 49 52 58 67 79 82 91 100 109 112 121 130 139 142 151 160 169 172 181 190 201 204 211 220 231 234 246 249 261 264 276 279 291 294 306 309 321 324 336 339 351 354 366 369 381 384 396 399 411 414 426 429 441 444 456 459 471 474 486 489 501 504 516 519 531 534 546 549
a 1 7 13 25 31 40 49 52 58 70 79 82 91 100 109 112 121 130 139 142 151 160 169 172 181 190 201 204 211 220 231 234 246 249 261 264 276 279 291 294 306 309 321 324 336 339 351 354 366 369 381 384 396 399 411 414 426 429 441 444 456 459 471 474 486 489 501 504 516 519 531 534 546 549
a 1 7 13 25 31 40 49 52 61 70 79 82 91 100 109 112 121 130 139 142 151 160 169 172 181 190 201 204 211 220 231 234 246 249 261 264 276 279 291 294 306 309 321 324 336 339 351 354 366 369 381 384 396 399 411 414 426 429 441 444 456 459 471 474 486 489 501 504 516 519 531 534 546 549
a 1 7 13 22 31 40 49 52 61 70 79 82 91 100 109 112 121 130 139 142 151 160 169 172 181 190 201 204 211 220 231 234 246 249 261 264 276 279 291 294 306 309 321 324 336 339 351 354 366 369 381 384 396 399 411 414 426 429 441 444 456 459 471 474 486 489 501 504 516 519 531 534 546 549
a 1 7 19 22 31 40 49 52 61 70 79 82 91 100 109 112 121 130 139 142 151 160 169 172 181 190 201 204 211 220 231 234 246 249 261 264 276 279 291 294 306 309 321 324 336 339 351 354 366 369 381 384 396 399 411 414 426 429 441 444 456 459 471 474 486 489 501 504 516 519 531 534 546 549
a 1 10 19 22 31 40 49 52 61 70 79 82 91 100 109 112 121 130 139 142 151 160 169 172 181 190 201 204 211 220 231 234 246 249 261 264 276 279 291 294 306 309 321 324 336 339 351 354 366 369 381 384 396 399 411 414 426 429 441 444 456 459 471 474 486 489 501 504 516 519 531 534 546 549
a 4 10 19 22 31 40 49 52 61 70 79 82 91 100 109 112 121 130 139 142 151 160 169 172 181 190 201 204 211 220 231 234 246 249 261 264 276 279 291 294 306 309 321 324 336 339 351 354 366 369 381 384 396 399 411 414 426 429 441 444 456 459 471 474 486 489 501 504 516 519 531 534 546 549
a 4 10 19 22 28 40 49 52 61 70 79 82 91 100 109 112 121 130 139 142 151 160 169 172 181 190 201 204 211 220 231 234 246 249 261 264 276 279 291 294 306 309 321 324 336 339 351 354 366 369 381 384 396 399 411 414 426 429 441 444 456 459 471 474 486 489 501 504 516 519 531 534 546 549
a 4 10 19 22 28 37 49 52 61 70 79 82 91 100 109 112 121 130 139 142 151 160 169 172 181 190 201 204 211 220 231 234 246 249 261 264 276 279 291 294 306 309 321 324 336 339 351 354 366 369 381 384 396 399 411 414 426 429 441 444 456 459 471 474 486 489 501 504 516 519 531 534 546 549
a 4 10 19 22 28 37 43 52 61 70 79 82 91 100 109 112 121 130 139 142 151 160 169 172 181 190 201 204 211 220 231 234 246 249 261 264 276 279 291 294 306 309 321 324 336 339 351 354 366 369 381 384 396 399 411 414 426 429 441 444 456 459 471 474 486 489 501 504 516 519 531 534 546 549
a 4 10 19 22 28 37 43 55 61 70 79 82 91 100 109 112 121 130 139 142 151 160 169 172 181 190 201 204 211 220 231 234 246 249 261 264 276 279 291 294 306 309 321 324 336 339 351 354 366 369 381 384 396 399 411 414 426 429 441 444 456 459 471 474 486 489 501 504 516 519 531 534 546 549
a 4 10 19 22 28 37 43 55 61 70 79 82 88 100 109 112 121 130 139 142 151 160 169 172 181 190 201 204 211 220 231 234 246 249 261 264 276 279 291 294 306 309 321 324 336 339 351 354 366 369 381 384 396 399 411 414 426 429 441 444 456 459 471 474 486 489 501 504 516 519 531 534 546 549
a 4 10 19 22 28 37 43 55 61 70 79 82 88 97 109 112 121 130 139 142 151 160 169 172 181 190 201 204 211 220 231 234 246 249 261 264 276 279 291 294 306 309 321 324 336 339 351 354 366 369 381 384 396 399 411 414 426 429 441 444 456 459 471 474 486 489 501 504 516 519 531 534 546 549
a 4 10 19 22 28 37 43 55 61 70 79 82 88 97 103 112 121 130 139 142 151 160 169 172 181 190 201 204 211 220 231 234 246 249 261 264 276 279 291 294 306 309 321 324 336 339 351 354 366 369 381 384 396 399 411 414 426 429 441 444 456 459 471 474 486 489 501 504 516 519 531 534 546 549
a 4 10 19 22 28 37 43 55 61 70 79 82 88 97 103 115 121 130 139 142 151 160 169 172 181 190 201 204 211 220 231 234 246 249 261 264 276 279 291 294 306 309 321 324 336 339 351 354 366 369 381 384 396 399 411 414 426 429 441 444 456 459 471 474 486 489 501 504 516 519 531 534 546 549
a 4 10 19 22 28 37 43 55 61 70 79 82 88 97 103 115 121 130 139 142 148 160 169 172 181 190 201 204 211 220 231 234 246 249 261 264 276 279 291 294 306 309 321 324 336 339 351 354 366 369 381 384 396 399 411 414 426 429 441 444 456 459 471 474 486 489 501 504 516 519 531 534 546 549
a 4 10 19 22 28 37 43 55 61 70 79 82 88 97 103 115 121 130 139 142 148 157 169 172 181 190 201 204 211 220 231 234 246 249 261 264 276 279 291 294 306 309 321 324 336 339 351 354 366 369 381 384 396 399 411 414 426 429 441 444 456 459 471 474 486 489 501 504 516 519 531 534 546 549
a 4 10 19 22 28 37 43 55 61 70 79 82 88 97 103 115 121 130 139 142 148 157 163 172 181 190 201 204 211 220 231 234 246 249 261 264 276 279 291 294 306 309 321 324 336 339 351 354 366 369 381 384 396 399 411 414 426 429 441 444 456 459 471 474 486 489 501 504 516 519 531 534 546 549
a 4 10 19 22 28 37 43 55 61 70 79 82 88 97 103 115 121 130 139 142 148 157 163 175 181 190 201 204 211 220 231 234 246 249 261 264 276 279 291 294 306 309 321 324 336 339 351 354 366 369 381 384 396 399 411 414 426 429 441 444 456 459 471 474 486 489 501 504 516 519 531 534 546 549
a 4 10 19 22 28 37 43 55 61 70 79 82 88 97 103 115 121 130 139 142 148 157 163 175 181 190 201 204 208 220 231 234 246 249 261 264 276 279 291 294 306 309 321 324 336 339 351 354 366 369 381 384 396 399 411 414 426 429 441 444 456 459 471 474 486 489 501 504 516 519 531 534 546 549
a 4 10 19 22 28 37 43 55 61 70 79 82 88 97 103 115 121 130 139 142 148 157 163 175 181 190 201 204 208 219 231 234 246 249 261 264 276 279 291 294 306 309 321 324 336 339 351 354 366 369 381 384 396 399 411 414 426 429 441 444 456 459 471 474 486 489 501 504 516 519 531 534 546 549
a 4 10 19 22 28 37 43 55 61 70 79 82 88 97 103 115 121 130 139 142 148 157 163 175 181 190 201 204 216 219 231 234 246 249 261 264 276 279 291 294 306 309 321 324 336 339 351 354 366 369 381 384 396 399 411 414 426 429 441 444 456 459 471 474 486 489 501 504 516 519 531 534 546 549
a 4 10 19 22 28 37 43 55 61 70 79 82 88 97 103 115 121 130 139 142 148 157 163 174 181 190 201 204 216 219 231 234 246 249 261 264 276 279 291 294 306 309 321 324 336 339 351 354 366 369 381 384 396 399 411 414 426 429 441 444 456 459 471 474 486 489 501 504 516 519 531 534 546 549
a 4 10 19 22 28 37 43 55 61 70 79 82 88 97 103 115 121 130 139 142 148 157 171 174 181 190 201 204 216 219 231 234 246 249 261 264 276 279 291 294 306 309 321 324 336 339 351 354 366 369 381 384 396 399 411 414 426 429 441 444 456 459 471 474 486 489 501 504 516 519 531 534 546 549
a 4 10 19 22 28 37 43 55 61 70 79 82 88 97 103 115 121 130 139 142 148 160 171 174 181 190 201 204 216 219 231 234 246 249 261 264 276 279 291 294 306 309 321 324 336 339 351 354 366 369 381 384 396 399 411 414 426 429 441 444 456 459 471 474 486 489 501 504 516 519 531 534 546 549
a 4 10 19 22 28 37 43 55 61 70 79 82 88 97 103 115 121 130 139 142 151 160 171 174 181 190 201 204 216 219 231 234 246 249 261 264 276 279 291 294 306 309 321 324 336 339 351 354 366 369 381 384 396 399 411 414 426 429 441 444 456 459 471 474 486 489 501 504 516 519 531 534 546 549
a 4 10 19 22 28 37 43 55 61 70 79 82 88 97 103 112 121 130 139 142 151 160 171 174 181 190 201 204 216 219 231 234 246 249 261 264 276 279 291 294 306 309 321 324 336 339 351 354 366 369 381 384 396 399 411 414 426 429 441 444 456 459 471 474 486 489 501 504 516 519 531 534 546 549
a 4 10 19 22 28 37 43 55 61 70 79 82 88 97 109 112 121 130 139 142 151 160 171 174 181 190 201 204 216 219 231 234 246 249 261 264 276 279 291 294 306 309 321 324 336 339 351 354 366 369 381 384 396 399 411 414 426 429 441 444 456 459 471 474 486 489 501 504 516 519 531 534 546 549
a 4 10 19 22 28 37 43 55 61 70 79 82 88 100 109 112 121 130 139 142 151 160 171 174 181 190 201 204 216 219 231 234 246 249 261 264 276 279 291 294 306 309 321 324 336 339 351 354 366 369 381 384 396 399 411 414 426 429 441 444 456 459 471 474 486 489 501 504 516 519 531 534 546 549
a 4 10 19 22 28 37 43 55 61 70 79 82 91 100 109 112 121 130 139 142 151 160 171 174 181 190 201 204 216 219 231 234 246 249 261 264 276 279 291 294 306 309 321 324 336 339 351 354 366 369 381 384 396 399 411 414 426 429 441 444 456 459 471 474 486 489 501 504 516 519 531 534 546 549
a 4 10 19 22 28 37 43 52 61 70 79 82 91 100 109 112 121 130 139 142 151 160 171 174 181 190 201 204 216 219 231 234 246 249 261 264 276 279 291 294 306 309 321 324 336 339 351 354 366 369 381 384 396 399 411 414 426 429 441 444 456 459 471 474 486 489 501 504 516 519 531 534 546 549
a 4 10 19 22 28 37 49 52 61 70 79 82 91 100 109 112 121 130 139 142 151 160 171 174 181 190 201 204 216 219 231 234 246 249 261 264 276 279 291 294 306 309 321 324 336 339 351 354 366 369 381 384 396 399 411 414 426 429 441 444 456 459 471 474 486 489 501 504 516 519 531 534 546 549
a 4 10 19 22 28 40 49 52 61 70 79 82 91 100 109 112 121 130 139 142 151 160 171 174 181 190 201 204 216 219 231 234 246 249 261 264 276 279 291 294 306 309 321 324 336 339 351 354 366 369 381 384 396 399 411 414 426 429 441 444 456 459 471 474 486 489 501 504 516 519 531 534 546 549
a 4 10 19 22 31 40 49 52 61 70 79 82 91 100 109 112 121 130 139 142 151 160 171 174 181 190 201 204 216 219 231 234 246 249 261 264 276 279 291 294 306 309 321 324 336 339 351 354 366 369 381 384 396 399 411 414 426 429 441 444 456 459 471 474 486 489 501 504 516 519 531 534 546 549
a 1 10 19 22 31 40 49 52 61 70 79 82 91 100 109 112 121 130 139 142 151 160 171 174 181 190 201 204 216 219 231 234 246 249 261 264 276 279 291 294 306 309 321 324 336 339 351 354 366 369 381 384 396 399 411 414 426 429 441 444 456 459 471 474 486 489 501 504 516 519 531 534 546 549
a 1 7 19 22 31 40 49 52 61 70 79 82 91 100 109 112 121 130 139 142 151 160 171 174 181 190 201 204 216 219 231 234 246 249 261 264 276 279 291 294 306 309 321 324 336 339 351 354 366 369 381 384 396 399 411 414 426 429 441 444 456 459 471 474 486 489 501 504 516 519 531 534 546 549
a 1 7 13 22 31 40 49 52 61 70 79 82 91 100 109 112 121 130 139 142 151 160 171 174 181 190 201 204 216 219 231 234 246 249 261 264 276 279 291 294 306 309 321 324 336 339 351 354 366 369 381 384 396 399 411 414 426 429 441 444 456 459 471 474 486 489 501 504 516 519 531 534 546 549
a 1 7 13 25 31 40 49 52 61 70 79 82 91 100 109 112 121 130 139 142 151 160 171 174 181 190 201 204 216 219 231 234 246 249 261 264 276 279 291 294 306 309 321 324 336 339 351 354 366 369 381 384 396 399 411 414 426 429 441 444 456 459 471 474 486 489 501 504 516 519 531 534 546 549
a 1 7 13 25 31 40 49 52 58 70 79 82 91 100 109 112 121 130 139 142 151 160 171 174 181 190 201 204 216 219 231 234 246 249 261 264 276 279 291 294 306 309 321 324 336 339 351 354 366 369 381 384 396 399 411 414 426 429 441 444 456 459 471 474 486 489 501 504 516 519 531 534 546 549
a 1 7 13 25 31 40 49 52 58 67 79 82 91 100 109 112 121 130 139 142 151 160 171 174 181 190 201 204 216 219 231 234 246 249 261 264 276 279 291 294 306 309 321 324 336 339 351 354 366 369 381 384 396 399 411 414 426 429 441 444 456 459 471 474 486 489 501 504 516 519 531 534 546 549
a 1 7 13 25 31 40 49 52 58 67 73 82 91 100 109 112 121 130 139 142 151 160 171 174 181 190 201 204 216 219 231 234 246 249 261 264 276 279 291 294 306 309 321 324 336 339 351 354 366 369 381 384 396 399 411 414 426 429 441 444 456 459 471 474 486 489 501 504 516 519 531 534 546 549
a 1 7 13 25 31 40 49 52 58 67 73 85 91 100 109 112 121 130 139 142 151 160 171 174 181 190 201 204 216 219 231 234 246 249 261 264 276 279 291 294 306 309 321 324 336 339 351 354 366 369 381 384 396 399 411 414 426 429 441 444 456 459 471 474 486 489 501 504 516 519 531 534 546 549
a 1 7 13 25 31 40 49 52 58 67 73 85 91 100 109 112 118 130 139 142 151 160 171 174 181 190 201 204 216 219 231 234 246 249 261 264 276 279 291 294 306 309 321 324 336 339 351 354 366 369 381 384 396 399 411 414 426 429 441 444 456 459 471 474 486 489 501 504 516 519 531 534 546 549
a 1 7 13 25 31 40 49 52 58 67 73 85 91 100 109 112 118 127 139 142 151 160 171 174 181 190 201 204 216 219 231 234 246 249 261 264 276 279 291 294 306 309 321 324 336 339 351 354 366 369 381 384 396 399 411 414 426 429 441 444 456 459 471 474 486 489 501 504 516 519 531 534 546 549
a 1 7 13 25 31 40 49 52 58 67 73 85 91 100 109 112 118 127 133 142 151 160 171 174 181 190 201 204 216 219 231 234 246 249 261 264 276 279 291 294 306 309 321 324 336 339 351 354 366 369 381 384 396 399 411 414 426 429 441 444 456 459 471 474 486 489 501 504 516 519 531 534 546 549
a 1 7 13 25 31 40 49 52 58 67 73 85 91 100 109 112 118 127 133 145 151 160 171 174 181 190 201 204 216 219 231 234 246 249 261 264 276 279 291 294 306 309 321 324 336 339 351 354 366 369 381 384 396 399 411 414 426 429 441 444 456 459 471 474 486 489 501 504 516 519 531 534 546 549
a 1 7 13 25 31 40 49 52 58 67 73 85 91 100 109 112 118 127 133 145 151 160 171 174 178 190 201 204 216 219 231 234 246 249 261 264 276 279 291 294 306 309 321 324 336 339 351 354 366 369 381 384 396 399 411 414 426 429 441 444 456 459 471 474 486 489 501 504 516 519 531 534 546 549
a 1 7 13 25 31 40 49 52 58 67 73 85 91 100 109 112 118 127 133 145 151 160 171 174 178 189 201 204 216 219 231 234 246 249 261 264 276 279 291 294 306 309 321 324 336 339 351 354 366 369 381 384 396 399 411 414 426 429 441 444 456 459 471 474 486 489 501 504 516 519 531 534 546 549
a 1 7 13 25 31 40 49 52 58 67 73 85 91 100 109 112 118 127 133 145 151 160 171 174 186 189 201 204 216 219 231 234 246 249 261 264 276 279 291 294 306 309 321 324 336 339 351 354 366 369 381 384 396 399 411 414 426 429 441 444 456 459 471 474 486 489 501 504 516 519 531 534 546 549
a 1 7 13 25 31 40 49 52 58 67 73 85 91 100 109 112 118 127 133 144 151 160 171 174 186 189 201 204 216 219 231 234 246 249 261 264 276 279 291 294 306 309 321 324 336 339 351 354 366 369 381 384 396 399 411 414 426 429 441 444 456 459 471 474 486 489 501 504 516 519 531 534 546 549
a 1 7 13 25 31 40 49 52 58 67 73 85 91 100 109 112 118 127 141 144 151 160 171 174 186 189 201 204 216 219 231 234 246 249 261 264 276 279 291 294 306 309 321 324 336 339 351 354 366 369 381 384 396 399 411 414 426 429 441 444 456 459 471 474 486 489 501 504 516 519 531 534 546 549
a 1 7 13 25 31 40 49 52 58 67 73 85 91 100 109 112 118 130 141 144 151 160 171 174 186 189 201 204 216 219 231 234 246 249 261 264 276 279 291 294 306 309 321 324 336 339 351 354 366 369 381 384 396 399 411 414 426 429 441 444 456 459 471 474 486 489 501 504 516 519 531 534 546 549
a 1 7 13 25 31 40 49 52 58 67 73 85 91 100 109 112 121 130 141 144 151 160 171 174 186 189 201 204 216 219 231 234 246 249 261 264 276 279 291 294 306 309 321 324 336 339 351 354 366 369 381 384 396 399 411 414 426 429 441 444 456 459 471 474 486 489 501 504 516 519 531 534 546 549
a 1 7 13 25 31 40 49 52 58 67 73 82 91 100 109 112 121 130 141 144 151 160 171 174 186 189 201 204 216 219 231 234 246 249 261 264 276 279 291 294 306 309 321 324 336 339 351 354 366 369 381 384 396 399 411 414 426 429 441 444 456 459 471 474 486 489 501 504 516 519 531 534 546 549
a 1 7 13 25 31 40 49 52 58 67 79 82 91 100 109 112 121 130 141 144 151 160 171 174 186 189 201 204 216 219 231 234 246 249 261 264 276 279 291 294 306 309 321 324 336 339 351 354 366 369 381 384 396 399 411 414 426 429 441 444 456 459 471 474 486 489 501 504 516 519 531 534 546 549
a 1 7 13 25 31 40 49 52 58 70 79 82 91 100 109 112 121 130 141 144 151 160 171 174 186 189 201 204 216 219 231 234 246 249 261 264 276 279 291 294 306 309 321 324 336 339 351 354 366 369 381 384 396 399 411 414 426 429 441 444 456 459 471 474 486 489 501 504 516 519 531 534 546 549
a 1 7 13 25 31 40 49 52 61 70 79 82 91 100 109 112 121 130 141 144 151 160 171 174 186 189 201 204 216 219 231 234 246 249 261 264 276 279 291 294 306 309 321 324 336 339 351 354 366 369 381 384 396 399 411 414 426 429 441 444 456 459 471 474 486 489 501 504 516 519 531 534 546 549
a 1 7 13 22 31 40 49 52 61 70 79 82 91 100 109 112 121 130 141 144 151 160 171 174 186 189 201 204 216 219 231 234 246 249 261 264 276 279 291 294 306 309 321 324 336 339 351 354 366 369 381 384 396 399 411 414 426 429 441 444 456 459 471 474 486 489 501 504 516 519 531 534 546 549
a 1 7 19 22 31 40 49 52 61 70 79 82 91 100 109 112 121 130 141 144 151 160 171 174 186 189 201 204 216 219 231 234 246 249 261 264 276 279 291 294 306 309 321 324 336 339 351 354 366 369 381 384 396 399 411 414 426 429 441 444 456 459 471 474 486 489 501 504 516 519 531 534 546 549
a 1 10 19 22 31 40 49 52 61 70 79 82 91 100 109 112 121 130 141 144 151 160 171 174 186 189 201 204 216 219 231 234 246 249 261 264 276 279 291 294 306 309 321 324 336 339 351 354 366 369 381 384 396 399 411 414 426 429 441 444 456 459 471 474 486 489 501 504 516 519 531 534 546 549
a 4 10 19 22 31 40 49 52 61 70 79 82 91 100 109 112 121 130 141 144 151 160 171 174 186 189 201 204 216 219 231 234 246 249 261 264 276 279 291 294 306 309 321 324 336 339 351 354 366 369 381 384 396 399 411 414 426 429 441 444 456 459 471 474 486 489 501 504 516 519 531 534 546 549
a 4 10 19 22 28 40 49 52 61 70 79 82 91 100 109 112 121 130 141 144 151 160 171 174 186 189 201 204 216 219 231 234 246 249 261 264 276 279 291 294 306 309 321 324 336 339 351 354 366 369 381 384 396 399 411 414 426 429 441 444 456 459 471 474 486 489 501 504 516 519 531 534 546 549
a 4 10 19 22 28 37 49 52 61 70 79 82 91 100 109 112 121 130 141 144 151 160 171 174 186 189 201 204 216 219 231 234 246 249 261 264 276 279 291 294 306 309 321 324 336 339 351 354 366 369 381 384 396 399 411 414 426 429 441 444 456 459 471 474 486 489 501 504 516 519 531 534 546 549
a 4 10 19 22 28 37 43 52 61 70 79 82 91 100 109 112 121 130 141 144 151 160 171 174 186 189 201 204 216 219 231 234 246 249 261 264 276 279 291 294 306 309 321 324 336 339 351 354 366 369 381 384 396 399 411 414 426 429 441 444 456 459 471 474 486 489 501 504 516 519 531 534 546 549
a 4 10 19 22 28 37 43 55 61 70 79 82 91 100 109 112 121 130 141 144 151 160 171 174 186 189 201 204 216 219 231 234 246 249 261 264 276 279 291 294 306 309 321 324 336 339 351 354 366 369 381 384 396 399 411 414 426 429 441 444 456 459 471 474 486 489 501 504 516 519 531 534 546 549
a 4 10 19 22 28 37 43 55 61 70 79 82 88 100 109 112 121 130 141 144 151 160 171 174 186 189 201 204 216 219 231 234 246 249 261 264 276 279 291 294 306 309 321 324 336 339 351 354 366 369 381 384 396 399 411 414 426 429 441 444 456 459 471 474 486 489 501 504 516 519 531 534 546 549
a 4 10 19 22 28 37 43 55 61 70 79 82 88 97 109 112 121 130 141 144 151 160 171 174 186 189 201 204 216 219 231 234 246 249 261 264 276 279 291 294 306 309 321 324 336 339 351 354 366 369 381 384 396 399 411 414 426 429 441 444 456 459 471 474 486 489 501 504 516 519 531 534 546 549
a 4 10 19 22 28 37 43 55 61 70 79 82 88 97 103 112 121 130 141 144 151 160 171 174 186 189 201 204 216 219 231 234 246 249 261 264 276 279 291 294 306 309 321 324 336 339 351 354 366 369 381 384 396 399 411 414 426 429 441 444 456 459 471 474 486 489 501 504 516 519 531 534 546 549
a 4 10 19 22 28 37 43 55 61 70 79 82 88 97 103 115 121 130 141 144 151 160 171 174 186 189 201 204 216 219 231 234 246 249 261 264 276 279 291 294 306 309 321 324 336 339 351 354 366 369 381 384 396 399 411 414 426 429 441 444 456 459 471 474 486 489 501 504 516 519 531 534 546 549
a 4 10 19 22 28 37 43 55 61 70 79 82 88 97 103 115 121 130 141 144 148 160 171 174 186 189 201 204 216 219 231 234 246 249 261 264 276 279 291 294 306 309 321 324 336 339 351 354 366 369 381 384 396 399 411 414 426 429 441 444 456 459 471 474 486 489 501 504 516 519 531 534 546 549
a 4 10 19 22 28 37 43 55 61 70 79 82 88 97 103 115 121 130 141 144 148 159 171 174 186 189 201 204 216 219 231 234 246 249 261 264 276 279 291 294 306 309 321 324 336 339 351 354 366 369 381 384 396 399 411 414 426 429 441 444 456 459 471 474 486 489 501 504 516 519 531 534 546 549
a 4 10 19 22 28 37 43 55 61 70 79 82 88 97 103 115 121 130 141 144 156 159 171 174 186 189 201 204 216 219 231 234 246 249 261 264 276 279 291 294 306 309 321 324 336 339 351 354 366 369 381 384 396 399 411 414 426 429 441 444 456 459 471 474 486 489 501 504 516 519 531 534 546 549
a 4 10 19 22 28 37 43 55 61 70 79 82 88 97 103 114 121 130 141 144 156 159 171 174 186 189 201 204 216 219 231 234 246 249 261 264 276 279 291 294 306 309 321 324 336 339 351 354 366 369 381 384 396 399 411 414 426 429 441 444 456 459 471 474 486 489 501 504 516 519 531 534 546 549
a 4 10 19 22 28 37 43 55 61 70 79 82 88 97 111 114 121 130 141 144 156 159 171 174 186 189 201 204 216 219 231 234 246 249 261 264 276 279 291 294 306 309 321 324 336 339 351 354 366 369 381 384 396 399 411 414 426 429 441 444 456 459 471 474 486 489 501 504 516 519 531 534 546 549
a 4 10 19 22 28 37 43 55 61 70 79 82 88 100 111 114 121 130 141 144 156 159 171 174 186 189 201 204 216 219 231 234 246 249 261 264 276 279 291 294 306 309 321 324 336 339 351 354 366 369 381 384 396 399 411 414 426 429 441 444 456 459 471 474 486 489 501 504 516 519 531 534 546 549
a 4 10 19 22 28 37 43 55 61 70 79 82 91 100 111 114 121 130 141 144 156 159 171 174 186 189 201 204 216 219 231 234 246 249 261 264 276 279 291 294 306 309 321 324 336 339 351 354 366 369 381 384 396 399 411 414 426 429 441 444 456 459 471 474 486 489 501 504 516 519 531 534 546 549
a 4 10 19 22 28 37 43 52 61 70 79 82 91 100 111 114 121 130 141 144 156 159 171 174 186 189 201 204 216 219 231 234 246 249 261 264 276 279 291 294 306 309 321 324 336 339 351 354 366 369 381 384 396 399 411 414 426 429 441 444 456 459 471 474 486 489 501 504 516 519 531 534 546 549
a 4 10 19 22 28 37 49 52 61 70 79 82 91 100 111 114 121 130 141 144 156 159 171 174 186 189 201 204 216 219 231 234 246 249 261 264 276 279 291 294 306 309 321 324 336 339 351 354 366 369 381 384 396 399 411 414 426 429 441 444 456 459 471 474 486 489 501 504 516 519 531 534 546 549
a 4 10 19 22 28 40 49 52 61 70 79 82 91 100 111 114 121 130 141 144 156 159 171 174 186 189 201 204 216 219 231 234 246 249 261 264 276 279 291 294 306 309 321 324 336 339 351 354 366 369 381 384 396 399 411 414 426 429 441 444 456 459 471 474 486 489 501 504 516 519 531 534 546 549
a 4 10 19 22 31 40 49 52 61 70 79 82 91 100 111 114 121 130 141 144 156 159 171 174 186 189 201 204 216 219 231 234 246 249 261 264 276 279 291 294 306 309 321 324 336 339 351 354 366 369 381 384 396 399 411 414 426 429 441 444 456 459 471 474 486 489 501 504 516 519 531 534 546 549
a 1 10 19 22 31 40 49 52 61 70 79 82 91 100 111 114 121 130 141 144 156 159 171 174 186 189 201 204 216 219 231 234 246 249 261 264 276 279 291 294 306 309 321 324 336 339 351 354 366 369 381 384 396 399 411 414 426 429 441 444 456 459 471 474 486 489 501 504 516 519 531 534 546 549
a 1 7 19 22 31 40 49 52 61 70 79 82 91 100 111 114 121 130 141 144 156 159 171 174 186 189 201 204 216 219 231 234 246 249 261 264 276 279 291 294 306 309 321 324 336 339 351 354 366 369 381 384 396 399 411 414 426 429 441 444 456 459 471 474 486 489 501 504 516 519 531 534 546 549
a 1 7 13 22 31 40 49 52 61 70 79 82 91 100 111 114 121 130 141 144 156 159 171 174 186 189 201 204 216 219 231 234 246 249 261 264 276 279 291 294 306 309 321 324 336 339 351 354 366 369 381 384 396 399 411 414 426 429 441 444 456 459 471 474 486 489 501 504 516 519 531 534 546 549
a 1 7 13 25 31 40 49 52 61 70 79 82 91 100 111 114 121 130 141 144 156 159 171 174 186 189 201 204 216 219 231 234 246 249 261 264 276 279 291 294 306 309 321 324 336 339 351 354 366 369 381 384 396 399 411 414 426 429 441 444 456 459 471 474 486 489 501 504 516 519 531 534 546 549
a 1 7 13 25 31 40 49 52 58 70 79 82 91 100 111 114 121 130 141 144 156 159 171 174 186 189 201 204 216 219 231 234 246 249 261 264 276 279 291 294 306 309 321 324 336 339 351 354 366 369 381 384 396 399 411 414 426 429 441 444 456 459 471 474 486 489 501 504 516 519 531 534 546 549
a 1 7 13 25 31 40 49 52 58 67 79 82 91 100 111 114 121 130 141 144 156 159 171 174 186 189 201 204 216 219 231 234 246 249 261 264 276 279 291 294 306 309 321 324 336 339 351 354 366 369 381 384 396 399 411 414 426 429 441 444 456 459 471 474 486 489 501 504 516 519 531 534 546 549
a 1 7 13 25 31 40 49 52 58 67 73 82 91 100 111 114 121 130 141 144 156 159 171 174 186 189 201 204 216 219 231 234 246 249 261 264 276 279 291 294 306 309 321 324 336 339 351 354 366 369 381 384 396 399 411 414 426 429 441 444 456 459 471 474 486 489 501 504 516 519 531 534 546 549
a 1 7 13 25 31 40 49 52 58 67 73 85 91 100 111 114 121 130 141 144 156 159 171 174 186 189 201 204 216 219 231 234 246 249 261 264 276 279 291 294 306 309 321 324 336 339 351 354 366 369 381 384 396 399 411 414 426 429 441 444 456 459 471 474 486 489 501 504 516 519 531 534 546 549
a 1 7 13 25 31 40 49 52 58 67 73 85 91 100 111 114 118 130 141 144 156 159 171 174 186 189 201 204 216 219 231 234 246 249 261 264 276 279 291 294 306 309 321 324 336 339 351 354 366 369 381 384 396 399 411 414 426 429 441 444 456 459 471 474 486 489 501 504 516 519 531 534 546 549
a 1 7 13 25 31 40 49 52 58 67 73 85 91 100 111 114 118 129 141 144 156 159 171 174 186 189 201 204 216 219 231 234 246 249 261 264 276 279 291 294 306 309 321 324 336 339 351 354 366 369 381 384 396 399 411 414 426 429 441 444 456 459 471 474 486 489 501 504 516 519 531 534 546 549
a 1 7 13 25 31 40 49 52 58 67 73 85 91 100 111 114 126 129 141 144 156 159 171 174 186 189 201 204 216 219 231 234 246 249 261 264 276 279 291 294 306 309 321 324 336 339 351 354 366 369 381 384 396 399 411 414 426 429 441 444 456 459 471 474 486 489 501 504 516 519 531 534 546 549
a 1 7 13 25 31 40 49 52 58 67 73 84 91 100 111 114 126 129 141 144 156 159 171 174 186 189 201 204 216 219 231 234 246 249 261 264 276 279 291 294 306 309 321 324 336 339 351 354 366 369 381 384 396 399 411 414 426 429 441 444 456 459 471 474 486 489 501 504 516 519 531 534 546 549
a 1 7 13 25 31 40 49 52 58 67 81 84 91 100 111 114 126 129 141 144 156 159 171 174 186 189 201 204 216 219 231 234 246 249 261 264 276 279 291 294 306 309 321 324 336 339 351 354 366 369 381 384 396 399 411 414 426 429 441 444 456 459 471 474 486 489 501 504 516 519 531 534 546 549
a 1 7 13 25 31 40 49 52 58 70 81 84 91 100 111 114 126 129 141 144 156 159 171 174 186 189 201 204 216 219 231 234 246 249 261 264 276 279 291 294 306 309 321 324 336 339 351 354 366 369 381 384 396 399 411 414 426 429 441 444 456 459 471 474 486 489 501 504 516 519 531 534 546 549
a 1 7 13 25 31 40 49 52 61 70 81 84 91 100 111 114 126 129 141 144 156 159 171 174 186 189 201 204 216 219 231 234 246 249 261 264 276 279 291 294 306 309 321 324 336 339 351 354 366 369 381 384 396 399 411 414 426 429 441 444 456 459 471 474 486 489 501 504 516 519 531 534 546 549
a 1 7 13 22 31 40 49 52 61 70 81 84 91 100 111 114 126 129 141 144 156 159 171 174 186 189 201 204 216 219 231 234 246 249 261 264 276 279 291 294 306 309 321 324 336 339 351 354 366 369 381 384 396 399 411 414 426 429 441 444 456 459 471 474 486 489 501 504 516 519 531 534 546 549
a 1 7 19 22 31 40 49 52 61 70 81 84 91 100 111 114 126 129 141 144 156 159 171 174 186 189 201 204 216 219 231 234 246 249 261 264 276 279 291 294 306 309 321 324 336 339 351 354 366 369 381 384 396 399 411 414 426 429 441 444 456 459 471 474 486 489 501 504 516 519 531 534 546 549
a 1 10 19 22 31 40 49 52 61 70 81 84 91 100 111 114 126 129 141 144 156 159 171 174 186 189 201 204 216 219 231 234 246 249 261 264 276 279 291 294 306 309 321 324 336 339 351 354 366 369 381 384 396 399 411 414 426 429 441 444 456 459 471 474 486 489 501 504 516 519 531 534 546 549
a 4 10 19 22 31 40 49 52 61 70 81 84 91 100 111 114 126 129 141 144 156 159 171 174 186 189 201 204 216 219 231 234 246 249 261 264 276 279 291 294 306 309 321 324 336 339 351 354 366 369 381 384 396 399 411 414 426 429 441 444 456 459 471 474 486 489 501 504 516 519 531 534 546 549
a 4 10 19 22 28 40 49 52 61 70 81 84 91 100 111 114 126 129 141 144 156 159 171 174 186 189 201 204 216 219 231 234 246 249 261 264 276 279 291 294 306 309 321 324 336 339 351 354 366 369 381 384 396 399 411 414 426 429 441 444 456 459 471 474 486 489 501 504 516 519 531 534 546 549
a 4 10 19 22 28 37 49 52 61 70 81 84 91 100 111 114 126 129 141 144 156 159 171 174 186 189 201 204 216 219 231 234 246 249 261 264 276 279 291 294 306 309 321 324 336 339 351 354 366 369 381 384 396 399 411 414 426 429 441 444 456 459 471 474 486 489 501 504 516 519 531 534 546 549
a 4 10 19 22 28 37 43 52 61 70 81 84 91 100 111 114 126 129 141 144 156 159 171 174 186 189 201 204 216 219 231 234 246 249 261 264 276 279 291 294 306 309 321 324 336 339 351 354 366 369 381 384 396 399 411 414 426 429 441 444 456 459 471 474 486 489 501 504 516 519 531 534 546 549
a 4 10 19 22 28 37 43 55 61 70 81 84 91 100 111 114 126 129 141 144 156 159 171 174 186 189 201 204 216 219 231 234 246 249 261 264 276 279 291 294 306 309 321 324 336 339 351 354 366 369 381 384 396 399 411 414 426 429 441 444 456 459 471 474 486 489 501 504 516 519 531 534 546 549
a 4 10 19 22 28 37 43 55 61 70 81 84 88 100 111 114 126 129 141 144 156 159 171 174 186 189 201 204 216 219 231 234 246 249 261 264 276 279 291 294 306 309 321 324 336 339 351 354 366 369 381 384 396 399 411 414 426 429 441 444 456 459 471 474 486 489 501 504 516 519 531 534 546 549
a 4 10 19 22 28 37 43 55 61 70 81 84 88 99 111 114 126 129 141 144 156 159 171 174 186 189 201 204 216 219 231 234 246 249 261 264 276 279 291 294 306 309 321 324 336 339 351 354 366 369 381 384 396 399 411 414 426 429 441 444 456 459 471 474 486 489 501 504 516 519 531 534 546 549
a 4 10 19 22 28 37 43 55 61 70 81 84 96 99 111 114 126 129 141 144 156 159 171 174 186 189 201 204 216 219 231 234 246 249 261 264 276 279 291 294 306 309 321 324 336 339 351 354 366 369 381 384 396 399 411 414 426 429 441 444 456 459 471 474 486 489 501 504 516 519 531 534 546 549
a 4 10 19 22 28 37 43 54 61 70 81 84 96 99 111 114 126 129 141 144 156 159 171 174 186 189 201 204 216 219 231 234 246 249 261 264 276 279 291 294 306 309 321 324 336 339 351 354 366 369 381 384 396 399 411 414 426 429 441 444 456 459 471 474 486 489 501 504 516 519 531 534 546 549
a 4 10 19 22 28 37 51 54 61 70 81 84 96 99 111 114 126 129 141 144 156 159 171 174 186 189 201 204 216 219 231 234 246 249 261 264 276 279 291 294 306 309 321 324 336 339 351 354 366 369 381 384 396 399 411 414 426 429 441 444 456 459 471 474 486 489 501 504 516 519 531 534 546 549
a 4 10 19 22 28 40 51 54 61 70 81 84 96 99 111 114 126 129 141 144 156 159 171 174 186 189 201 204 216 219 231 234 246 249 261 264 276 279 291 294 306 309 321 324 336 339 351 354 366 369 381 384 396 399 411 414 426 429 441 444 456 459 471 474 486 489 501 504 516 519 531 534 546 549
a 4 10 19 22 31 40 51 54 61 70 81 84 96 99 111 114 126 129 141 144 156 159 171 174 186 189 201 204 216 219 231 234 246 249 261 264 276 279 291 294 306 309 321 324 336 339 351 354 366 369 381 384 396 399 411 414 426 429 441 444 456 459 471 474 486 489 501 504 516 519 531 534 546 549
a 1 10 19 22 31 40 51 54 61 70 81 84 96 99 111 114 126 129 141 144 156 159 171 174 186 189 201 204 216 219 231 234 246 249 261 264 276 279 291 294 306 309 321 324 336 339 351 354 366 369 381 384 396 399 411 414 426 429 441 444 456 459 471 474 486 489 501 504 516 519 531 534 546 549
a 1 7 19 22 31 40 51 54 61 70 81 84 96 99 111 114 126 129 141 144 156 159 171 174 186 189 201 204 216 219 231 234 246 249 261 264 276 279 291 294 306 309 321 324 336 339 351 354 366 369 381 384 396 399 411 414 426 429 441 444 456 459 471 474 486 489 501 504 516 519 531 534 546 549
a 1 7 13 22 31 40 51 54 61 70 81 84 96 99 111 114 126 129 141 144 156 159 171 174 186 189 201 204 216 219 231 234 246 249 261 264 276 279 291 294 306 309 321 324 336 339 351 354 366 369 381 384 396 399 411 414 426 429 441 444 456 459 471 474 486 489 501 504 516 519 531 534 546 549
a 1 7 13 25 31 40 51 54 61 70 81 84 96 99 111 114 126 129 141 144 156 159 171 174 186 189 201 204 216 219 231 234 246 249 261 264 276 279 291 294 306 309 321 324 336 339 351 354 366 369 381 384 396 399 411 414 426 429 441 444 456 459 471 474 486 489 501 504 516 519 531 534 546 549
a 1 7 13 25 31 40 51 54 58 70 81 84 96 99 111 114 126 129 141 144 156 159 171 174 186 189 201 204 216 219 231 234 246 249 261 264 276 279 291 294 306 309 321 324 336 339 351 354 366 369 381 384 396 399 411 414 426 429 441 444 456 459 471 474 486 489 501 504 516 519 531 534 546 549
a 1 7 13 25 31 40 51 54 58 69 81 84 96 99 111 114 126 129 141 144 156 159 171 174 186 189 201 204 216 219 231 234 246 249 261 264 276 279 291 294 306 309 321 324 336 339 351 354 366 369 381 384 396 399 411 414 426 429 441 444 456 459 471 474 486 489 501 504 516 519 531 534 546 549
a 1 7 13 25 31 40 51 54 66 69 81 84 96 99 111 114 126 129 141 144 156 159 171 174 186 189 201 204 216 219 231 234 246 249 261 264 276 279 291 294 306 309 321 324 336 339 351 354 366 369 381 384 396 399 411 414 426 429 441 444 456 459 471 474 486 489 501 504 516 519 531 534 546 549
a 1 7 13 24 31 40 51 54 66 69 81 84 96 99 111 114 126 129 141 144 156 159 171 174 186 189 201 204 216 219 231 234 246 249 261 264 276 279 291 294 306 309 321 324 336 339 351 354 366 369 381 384 396 399 411 414 426 429 441 444 456 459 471 474 486 489 501 504 516 519 531 534 546 549
a 1 7 21 24 31 40 51 54 66 69 81 84 96 99 111 114 126 129 141 144 156 159 171 174 186 189 201 204 216 219 231 234 246 249 261 264 276 279 291 294 306 309 321 324 336 339 351 354 366 369 381 384 396 399 411 414 426 429 441 444 456 459 471 474 486 489 501 504 516 519 531 534 546 549
a 1 10 21 24 31 40 51 54 66 69 81 84 96 99 111 114 126 129 141 144 156 159 171 174 186 189 201 204 216 219 231 234 246 249 261 264 276 279 291 294 306 309 321 324 336 339 351 354 366 369 381 384 396 399 411 414 426 429 441 444 456 459 471 474 486 489 501 504 516 519 531 534 546 549
a 4 10 21 24 31 40 51 54 66 69 81 84 96 99 111 114 126 129 141 144 156 159 171 174 186 189 201 204 216 219 231 234 246 249 261 264 276 279 291 294 306 309 321 324 336 339 351 354 366 369 381 384 396 399 411 414 426 429 441 444 456 459 471 474 486 489 501 504 516 519 531 534 546 549
a 4 10 21 24 28 40 51 54 66 69 81 84 96 99 111 114 126 129 141 144 156 159 171 174 186 189 201 204 216 219 231 234 246 249 261 264 276 279 291 294 306 309 321 324 336 339 351 354 366 369 381 384 396 399 411 414 426 429 441 444 456 459 471 474 486 489 501 504 516 519 531 534 546 549
a 4 10 21 24 28 39 51 54 66 69 81 84 96 99 111 114 126 129 141 144 156 159 171 174 186 189 201 204 216 219 231 234 246 249 261 264 276 279 291 294 306 309 321 324 336 339 351 354 366 369 381 384 396 399 411 414 426 429 441 444 456 459 471 474 486 489 501 504 516 519 531 534 546 549
a 4 10 21 24 36 39 51 54 66 69 81 84 96 99 111 114 126 129 141 144 156 159 171 174 186 189 201 204 216 219 231 234 246 249 261 264 276 279 291 294 306 309 321 324 336 339 351 354 366 369 381 384 396 399 411 414 426 429 441 444 456 459 471 474 486 489 501 504 516 519 531 534 546 549
a 3 10 21 24 36 39 51 54 66 69 81 84 96 99 111 114 126 129 141 144 156 159 171 174 186 189 201 204 216 219 231 234 246 249 261 264 276 279 291 294 306 309 321 324 336 339 351 354 366 369 381 384 396 399 411 414 426 429 441 444 456 459 471 474 486 489 501 504 516 519 531 534 546 549
a 3 9 21 24 36 39 51 54 66 69 81 84 96 99 111 114 126 129 141 144 156 159 171 174 186 189 201 204 216 219 231 234 246 249 261 264 276 279 291 294 306 309 321 324 336 339 351 354 366 369 381 384 396 399 411 414 426 429 441 444 456 459 471 474 486 489 501 504 516 519 531 534 546 549
Reconfiguration time = 167.365547
	Command being timed: "timeout 0.5h ../ddreconf/ddreconf ../instances_pwwt_col/suzuki_instance_2_18_2_3.pwwt.col --st --stfile=../benchmark_instances/2023result/docs/solver/benchmark/hand_made_wide/square_wider/suzuki_instance_2_18_2_3_01.dat --tj --indset"
	User time (seconds): 167.08
	System time (seconds): 1.19
	Percent of CPU this job got: 99%
	Elapsed (wall clock) time (h:mm:ss or m:ss): 2:48.86
	Average shared text size (kbytes): 0
	Average unshared data size (kbytes): 0
	Average stack size (kbytes): 0
	Average total size (kbytes): 0
	Maximum resident set size (kbytes): 2184888
	Average resident set size (kbytes): 0
	Major (requiring I/O) page faults: 0
	Minor (reclaiming a frame) page faults: 92255
	Voluntary context switches: 3
	Involuntary context switches: 134
	Swaps: 0
	File system inputs: 0
	File system outputs: 1192
	Socket messages sent: 0
	Socket messages received: 0
	Signals delivered: 0
	Page size (bytes): 4096
	Exit status: 0
