graph_name,vertices,edges,dat_file,dat_file_s_id,tokens,independent_sets,reconfiguration_sequence_length,pw_opt,pw_heur,pw_orig,cpu_time_opt,cpu_time_heur,cpu_time_orig,wallclock_time_opt,wallclock_time_heur,wallclock_time_orig,max_memory_opt,max_memory_heur,max_memory_orig,zdd_time_opt,zdd_time_heur,zdd_time_orig,zdd_size_opt,zdd_size_heur,zdd_size_orig,solved?_opt,solved?_heur,solved?_orig,error_opt,error_heur,error_orig,cpu_time_opt_preprocess,cpu_time_heur_preprocess,wallclock_time_opt_preprocess,wallclock_time_heur_preprocess,max_memory_opt_preprocess,max_memory_heur_preprocess,solved?_opt_preprocess,solved?_heur_preprocess
1-FullIns_3,30,100,1-FullIns_3_01,0,14,83039,1,11,13,14,0.01,0.01,0.01,0.02,0.01,0.01,31988,31992,31984,0.004345,0.003533,0.003457,546,333,664,1,1,1,,,,1.88,1.94,1.82,1.83,4790508,4799224,1,1
1-FullIns_3,30,100,1-FullIns_3_02,1,13,83039,4,11,13,14,0.01,0.0,0.0,0.01,0.01,0.01,31988,31988,31988,0.004267,0.003525,0.003477,546,333,664,1,1,1,,,,1.88,1.94,1.82,1.83,4790508,4799224,1,1
1-FullIns_4,93,593,1-FullIns_4_01,2,45,343142930930159,1,32,35,45,136.7,62.49,30.89,136.98,62.63,30.96,8572560,4283404,1225780,136.820223,62.352089,30.359912,395153,793894,2015949,1,1,1,,,,71.75,2.01,65.42,1.82,58548768,4799792,1,1
1-FullIns_4,93,593,1-FullIns_4_02,3,44,343142930930159,4,32,35,45,136.37,62.53,30.85,136.63,62.67,30.92,8543824,4283404,1225272,136.454836,62.388454,30.324036,395153,793894,2015949,1,1,1,,,,71.75,2.01,65.42,1.82,58548768,4799792,1,1
1-FullIns_5,282,3247,1-FullIns_5_01,4,139,,,,102,139,,1796.2101,1796.65,,1800.27,1800.43,,85702968,144078976,,,,,,,0,0,0,,,,,2.36,,1.92,,4824736,0,1
1-FullIns_5,282,3247,1-FullIns_5_02,5,138,,,,102,139,,1796.1,1796.6299,,1800.23,1800.43,,71879572,144472452,,,,,,,0,0,0,,,,,2.36,,1.92,,4824736,0,1
1-Insertions_4,67,232,1-Insertions_4_01,6,32,232007606571,3,21,24,31,0.37,10.450001,6.2999997,0.38,10.48,6.32,70428,573836,305560,0.365989,10.373061,6.123946,20258,310776,761556,1,1,1,,,,25.22,1.96,24.11,1.84,32657024,4797144,1,1
1-Insertions_4,67,232,1-Insertions_4_02,7,31,232007606571,7,21,24,31,0.39000002,10.47,6.29,0.4,10.5,6.31,70784,574496,304968,0.366127,10.386893,6.106785,20258,310776,761556,1,1,1,,,,25.22,1.96,24.11,1.84,32657024,4797144,1,1
1-Insertions_5,202,1227,1-Insertions_5_01,8,99,,,,70,98,,1796.45,1796.73,,1800.4,1800.42,,134404000,141447228,,,,,,,0,0,0,,,,,2.2,,1.86,,4810592,0,1
1-Insertions_5,202,1227,1-Insertions_5_02,9,98,,,,70,98,,1796.36,1796.75,,1800.4,1800.42,,134433012,141141728,,,,,,,0,0,0,,,,,2.2,,1.86,,4810592,0,1
1-Insertions_6,607,6337,1-Insertions_6_01,10,301,,,,206,300,,1795.77,1796.61,,1800.45,1800.47,,130704336,144974316,,,,,,,0,0,0,,,,,2.68,,2.01,,4910160,0,1
1-Insertions_6,607,6337,1-Insertions_6_02,11,300,,,,206,300,,1795.83,1796.6599,,1800.44,1800.47,,132191184,145354604,,,,,,,0,0,0,,,,,2.68,,2.01,,4910160,0,1
2-FullIns_3,52,201,2-FullIns_3_01,12,24,209515460,2,15,21,19,0.02,0.07,0.02,0.03,0.07,0.03,33012,33012,34036,0.022158,0.059735,0.019822,4914,7572,7040,1,1,1,,,,2.22,1.95,1.94,1.83,4907736,4796192,1,1
2-FullIns_3,52,201,2-FullIns_3_02,13,24,209515460,2,15,21,19,0.03,0.07,0.03,0.03,0.07,0.03,33016,33012,34036,0.022314,0.060555,0.019765,4914,7572,7040,1,1,1,,,,2.22,1.95,1.94,1.83,4907736,4796192,1,1
2-FullIns_4,212,1621,2-FullIns_4_01,14,104,,,,66,73,,1796.58,1796.7101,,1800.21,1800.41,,72852956,138667980,,,,,,,0,0,0,,,,,2.21,,1.86,,4813756,0,1
2-FullIns_4,212,1621,2-FullIns_4_02,15,104,,,,66,73,,1796.5901,1796.6799,,1800.22,1800.41,,72852948,138667980,,,,,,,0,0,0,,,,,2.21,,1.86,,4813756,0,1
2-FullIns_5,852,12201,2-FullIns_5_01,16,424,,,,228,287,,1795.9299,1796.42,,1800.45,1800.47,,132485132,147123148,,,,,,,0,0,0,,,,,3.2,,2.15,,5030000,0,1
2-FullIns_5,852,12201,2-FullIns_5_02,17,424,,,,228,287,,1795.87,1796.4299,,1800.44,1800.47,,134337060,148499476,,,,,,,0,0,0,,,,,3.2,,2.15,,5030000,0,1
2-Insertions_3,37,72,2-Insertions_3_01,18,17,6031508,5,9,10,11,0.01,0.01,0.01,0.02,0.02,0.02,31760,31988,33012,0.004266,0.003668,0.003886,1128,1178,2498,1,1,1,,,,1.98,1.94,1.86,1.83,4842920,4794088,1,1
2-Insertions_3,37,72,2-Insertions_3_02,19,17,6031508,5,9,10,11,0.01,0.0,0.01,0.02,0.01,0.01,31988,31984,31988,0.004204,0.003684,0.003874,1128,1178,2498,1,1,1,,,,1.98,1.94,1.86,1.83,4842920,4794088,1,1
2-Insertions_4,149,541,2-Insertions_4_01,20,73,,,,39,48,,1796.6499,1796.64,,1800.21,1800.21,,71240356,71407144,,,,,,,0,0,0,,,,,2.1,,1.88,,4804904,0,1
2-Insertions_4,149,541,2-Insertions_4_02,21,73,,,,39,48,,1796.61,1796.64,,1800.21,1800.21,,71897500,71407144,,,,,,,0,0,0,,,,,2.1,,1.88,,4804904,0,1
2-Insertions_5,597,3936,2-Insertions_5_01,22,297,,,,152,197,,19189.578,19189.281,,19231.0,19230.0,,1095617664,1116909004,,,,,,,0,0,0,,,,,2.46,,2.0,,4884352,0,1
2-Insertions_5,597,3936,2-Insertions_5_02,23,297,,,,152,197,,19190.35,19192.75,,19231.0,19230.0,,1095617656,1115338568,,,,,,,0,0,0,,,,,2.46,,2.0,,4884352,0,1
3-FullIns_3,80,346,3-FullIns_3_01,24,37,4560332427351,4,20,31,24,0.55999994,16.949999,0.2,0.57,16.99,0.2,74336,1119920,37108,0.546843,16.9204,0.176893,41456,211602,61729,1,1,1,,,,8.219999999999999,1.99,7.27,1.84,11648236,4795152,1,1
3-FullIns_3,80,346,3-FullIns_3_02,25,36,4560332427351,7,20,31,24,0.55999994,16.880001,0.2,0.57,16.92,0.21,74216,1117420,38132,0.53951,16.839795,0.17678,41456,211602,61729,1,1,1,,,,8.219999999999999,1.99,7.27,1.84,11648236,4795152,1,1
3-FullIns_4,405,3524,3-FullIns_4_01,26,198,,,,103,107,,1796.61,1796.66,,1800.4,1800.41,,135947560,139927484,,,,,,,0,0,0,,,,,2.37,,1.92,,4838644,0,1
3-FullIns_4,405,3524,3-FullIns_4_02,27,197,,,,103,107,,1796.59,1796.62,,1800.41,1800.42,,137426172,139500872,,,,,,,0,0,0,,,,,2.37,,1.92,,4838644,0,1
3-FullIns_5,2030,33751,3-FullIns_5_01,28,1009,,,,431,515,,1795.95,1796.3401,,1800.54,1800.52,,138933772,150304544,,,,,,,0,0,0,,,,,4.35,,3.23,,6654792,0,1
3-FullIns_5,2030,33751,3-FullIns_5_02,29,1008,,,,431,515,,1796.0,1796.31,,1800.54,1800.53,,138940692,150156872,,,,,,,0,0,0,,,,,4.35,,3.23,,6654792,0,1
3-Insertions_3,56,110,3-Insertions_3_01,30,27,16999974125,5,11,12,13,0.03,0.01,0.02,0.03,0.02,0.03,34036,33012,34036,0.014666,0.010991,0.014064,5841,5090,13124,1,1,1,,,,3.22,1.96,2.46,1.84,5520996,4797096,1,1
3-Insertions_3,56,110,3-Insertions_3_02,31,26,16999974125,11,11,12,13,0.03,0.02,0.03,0.04,0.03,0.04,34040,34036,34036,0.014703,0.01106,0.013993,5841,5090,13124,1,1,1,,,,3.22,1.96,2.46,1.84,5520996,4797096,1,1
3-Insertions_4,281,1046,3-Insertions_4_01,32,139,,,,58,69,,1796.59,1796.77,,1800.39,1800.4,,133841144,137378876,,,,,,,0,0,0,,,,,2.23,,1.88,,4820504,0,1
3-Insertions_4,281,1046,3-Insertions_4_02,33,138,,,,58,69,,1796.59,1796.73,,1800.39,1800.4,,133944068,137489912,,,,,,,0,0,0,,,,,2.23,,1.88,,4820504,0,1
3-Insertions_5,1406,9695,3-Insertions_5_01,34,701,,,,284,350,,1795.59,1796.3501,,1800.45,1800.48,,133333276,144812420,,,,,,,0,0,0,,,,,3.44,,2.39,,5446724,0,1
3-Insertions_5,1406,9695,3-Insertions_5_02,35,700,,,,284,350,,1795.8201,1796.42,,1800.47,1800.48,,133311492,144665176,,,,,,,0,0,0,,,,,3.44,,2.39,,5446724,0,1
4-FullIns_3,114,541,4-FullIns_3_01,36,55,767186184427266378,1,24,43,29,2.88,6881.6997,3.6000001,2.89,6895.0,3.62,281144,297155336,284796,2.817333,6891.842638,3.496924,255177,8867288,491999,1,1,1,,,,187.92,2.07,167.86,1.86,59174828,4803572,1,1
4-FullIns_3,114,541,4-FullIns_3_02,37,54,767186184427266378,3,24,43,29,2.87,6770.64,3.58,2.89,6784.0,3.6,281320,297157000,285740,2.811822,6780.568029,3.469938,255177,8867288,491999,1,1,1,,,,187.92,2.07,167.86,1.86,59174828,4803572,1,1
4-FullIns_4,690,6650,4-FullIns_4_01,38,343,,,,148,147,,19188.23,19191.451,,19226.0,19229.0,,1076038056,1094596428,,,,,,,0,0,0,,,,,2.65,,2.04,,4917388,0,1
4-FullIns_4,690,6650,4-FullIns_4_02,39,342,,,,148,147,,19188.09,19191.15,,19226.0,19228.0,,1075973448,1094540432,,,,,,,0,0,0,,,,,2.65,,2.04,,4917388,0,1
4-FullIns_5,4146,77305,4-FullIns_5_01,40,2070,,,,728,841,,1795.78,1796.38,,1800.45,1800.66,,77782244,174378160,,,,,,,0,0,0,,,,,10.739999999999998,,9.51,,18329352,0,1
4-FullIns_5,4146,77305,4-FullIns_5_02,41,2070,,,,728,841,,1795.79,1796.25,,1800.45,1800.58,,77782552,147296368,,,,,,,0,0,0,,,,,10.739999999999998,,9.51,,18329352,0,1
4-Insertions_3,79,156,4-Insertions_3_01,42,38,245227225296269,7,13,14,15,0.08,0.049999997,0.07,0.08,0.05,0.08,34036,35060,35060,0.051801,0.032149,0.056177,27622,19853,61780,1,1,1,,,,17.06,1.95,15.59,1.83,23683116,4796232,1,1
4-Insertions_3,79,156,4-Insertions_3_02,43,38,245227225296269,7,13,14,15,0.08,0.049999997,0.07,0.08,0.05,0.08,34036,34036,35060,0.051763,0.032357,0.056241,27622,19853,61780,1,1,1,,,,17.06,1.95,15.59,1.83,23683116,4796232,1,1
4-Insertions_4,475,1795,4-Insertions_4_01,44,236,,,,81,94,,19190.67,19191.51,,19228.0,19230.0,,1066209736,1077409216,,,,,,,0,0,0,,,,,2.32,,1.93,,4848660,0,1
4-Insertions_4,475,1795,4-Insertions_4_02,45,236,,,,81,94,,9589.99,9591.35,,9609.0,9610.0,,559026644,544864844,,,,,,,0,0,0,,,,,2.32,,1.93,,4848660,0,1
5-FullIns_3,154,792,5-FullIns_3_01,46,72,958445790577822897653308,5,,57,34,,1796.59,65.71,,1800.22,65.84,,74170468,2404292,,,64.908064,,,3508485,0,0,1,,,,,2.08,,1.85,,4803792,0,1
5-FullIns_3,154,792,5-FullIns_3_02,47,71,958445790577822897653308,9,,57,34,,1796.61,66.47,,1800.22,66.61,,74170076,2404056,,,65.643867,,,3508485,0,0,1,,,,,2.08,,1.85,,4803792,0,1
5-FullIns_4,1085,11395,5-FullIns_4_01,48,535,,,,200,193,,1796.29,1796.49,,1800.42,1800.44,,137742124,141946024,,,,,,,0,0,0,,,,,3.3600000000000003,,2.25,,5171812,0,1
5-FullIns_4,1085,11395,5-FullIns_4_02,49,534,,,,200,193,,1796.42,1796.5,,1800.41,1800.43,,136383848,142007660,,,,,,,0,0,0,,,,,3.3600000000000003,,2.25,,5171812,0,1
DSJC1000.1,1000,49629,DSJC1000.1_01,50,66,,,,883,947,,1796.61,1796.84,,1800.52,1800.6,,134725872,147972764,,,,,,,0,0,0,,,,,3.58,,2.52,,5120440,0,1
DSJC1000.1,1000,49629,DSJC1000.1_02,51,66,,,,883,947,,1796.62,1796.88,,1800.51,1800.64,,134824200,147972760,,,,,,,0,0,0,,,,,3.58,,2.52,,5120440,0,1
DSJC1000.5,1000,249826,DSJC1000.5_01,52,14,,,,975,989,,1796.23,1796.25,,1800.54,1800.59,,134684080,147588620,,,,,,,0,0,0,,,,,7.689999999999999,,6.48,,5504608,0,1
DSJC1000.5,1000,249826,DSJC1000.5_02,53,13,,,,975,989,,1796.1799,1796.38,,1800.51,1800.6,,134851836,147891740,,,,,,,0,0,0,,,,,7.689999999999999,,6.48,,5504608,0,1
DSJC1000.9,1000,449449,DSJC1000.9_01,54,5,,,990,992,997,9589.74,9590.75,9590.29,9609.0,9610.0,9610.0,565953380,564172088,572996868,,,,,,,0,0,0,,,,99.16,13.74,83.88,12.67,58598376,5891132,1,1
DSJC1000.9,1000,449449,DSJC1000.9_02,55,5,,,990,992,997,9589.84,9589.48,9590.3,9609.0,9609.0,9610.0,567165412,568265324,573358780,,,,,,,0,0,0,,,,99.16,13.74,83.88,12.67,58598376,5891132,1,1
DSJC125.1,125,736,DSJC125.1_01,56,34,,,,66,91,,1796.5299,1796.7301,,1800.22,1800.4,,73052580,135250460,,,,,,,0,0,0,,,,,2.08,,1.85,,4803608,0,1
DSJC125.1,125,736,DSJC125.1_02,57,33,,,,66,91,,1796.55,1796.75,,1800.22,1800.4,,73052584,135315420,,,,,,,0,0,0,,,,,2.08,,1.85,,4803608,0,1
DSJC125.5,125,3891,DSJC125.5_01,58,9,537509,11,108,110,119,1011.77,971.13,895.58,1013.9,973.21,897.49,70347032,70208804,72016168,1013.609322,972.916232,897.187428,97315,94405,115590,1,1,1,,,,12.04,2.18,10.16,1.87,14276840,4825124,1,1
DSJC125.5,125,3891,DSJC125.5_02,59,9,537509,10,108,110,119,1023.47,972.25,903.59,1025.64,974.35,905.51,70348840,70208616,72016088,1025.351307,974.060775,905.199322,97315,94405,115590,1,1,1,,,,12.04,2.18,10.16,1.87,14276840,4825124,1,1
DSJC125.9,125,6961,DSJC125.9_01,60,4,1250,1,119,119,123,6.59,6.63,6.53,6.61,6.66,6.54,595900,595900,594776,6.56042,6.608483,6.495504,888,888,912,1,1,1,,,,2.27,2.41,1.89,1.9,4827688,4832592,1,1
DSJC125.9,125,6961,DSJC125.9_02,61,3,1250,12,119,119,123,6.66,6.61,6.5800004,6.68,6.63,6.59,599496,595896,595280,6.59939,6.555217,6.480987,888,888,912,1,1,1,,,,2.27,2.41,1.89,1.9,4827688,4832592,1,1
DSJC250.1,250,3218,DSJC250.1_01,62,44,,,,174,212,,1796.53,1796.65,,1800.41,1800.46,,135061036,143138588,,,,,,,0,0,0,,,,,2.27,,1.91,,4815988,0,1
DSJC250.1,250,3218,DSJC250.1_02,63,43,,,,174,212,,1796.53,1796.6599,,1800.41,1800.46,,135061952,143138588,,,,,,,0,0,0,,,,,2.27,,1.91,,4815988,0,1
DSJC250.5,250,15668,DSJC250.5_01,64,11,,,,232,242,,1796.11,1796.2201,,1800.41,1800.45,,134462000,143708408,,,,,,,0,0,0,,,,,2.77,,1.96,,4864228,0,1
DSJC250.5,250,15668,DSJC250.5_02,65,11,,,,232,242,,1796.1901,1796.31,,1800.41,1800.45,,134487648,143420280,,,,,,,0,0,0,,,,,2.77,,1.96,,4864228,0,1
DSJC250.9,250,27897,DSJC250.9_01,66,4,6556,5,243,243,246,325.63,329.44,325.2,326.29,330.15,325.91,34930444,34930408,34971884,326.024911,329.85989,325.619325,4295,4295,4319,1,1,1,,,,3.13,2.85,2.12,2.0,5004716,4891920,1,1
DSJC250.9,250,27897,DSJC250.9_02,67,4,6556,5,243,243,246,326.84003,329.49,324.46,327.51,330.18,325.14,35018652,35018580,35050200,327.250182,329.8903,324.852823,4295,4295,4319,1,1,1,,,,3.13,2.85,2.12,2.0,5004716,4891920,1,1
DSJC500.1,500,12458,DSJC500.1_01,68,57,,,,405,457,,9589.22,9591.71,,9608.0,9609.0,,541480736,569462552,,,,,,,0,0,0,,,,,2.95,,2.03,,4894524,0,1
DSJC500.1,500,12458,DSJC500.1_02,69,56,,,,405,457,,9590.439,9591.65,,9609.0,9609.0,,540981676,569578924,,,,,,,0,0,0,,,,,2.95,,2.03,,4894524,0,1
DSJC500.5,500,62624,DSJC500.5_01,70,12,,,,479,491,,1796.1101,1796.27,,1800.44,1800.51,,133900380,146152256,,,,,,,0,0,0,,,,,3.4000000000000004,,2.44,,4982656,0,1
DSJC500.5,500,62624,DSJC500.5_02,71,12,,,,479,491,,1796.0901,1796.17,,1800.44,1800.5,,134032956,145757912,,,,,,,0,0,0,,,,,3.4000000000000004,,2.44,,4982656,0,1
DSJC500.9,500,112437,DSJC500.9_01,72,4,,,492,492,496,9590.87,9590.46,9590.75,9609.0,9609.0,9609.0,563907060,563248380,564661204,,,,,,,0,0,0,,,,7.390000000000001,3.68,5.37,2.56,10086224,5093892,1,1
DSJC500.9,500,112437,DSJC500.9_02,73,4,,,492,492,496,9589.94,9591.41,9590.71,9609.0,9610.0,9609.0,563907276,562462452,564923352,,,,,,,0,0,0,,,,7.390000000000001,3.68,5.37,2.56,10086224,5093892,1,1
DSJR500.1,500,3555,DSJR500.1_01,74,82,,,,57,395,,1796.42,1796.83,,1800.41,1800.49,,138117672,144223816,,,,,,,0,0,0,,,,,2.37,,1.95,,4849796,0,1
DSJR500.1,500,3555,DSJR500.1_02,75,81,,,,57,395,,1796.3301,1796.8301,,1800.41,1800.49,,137998844,144223812,,,,,,,0,0,0,,,,,2.37,,1.95,,4849796,0,1
DSJR500.1c,500,121275,DSJR500.1c_01,76,13,94552,1,485,485,496,1227.8301,1229.91,1471.3201,1230.4,1232.59,1474.54,137670248,137670164,140541336,1229.303251,1231.452335,1473.377226,4653,4653,4948,1,1,1,,,,3.93,3.810000000000001,2.72,2.68,5235400,5115668,1,1
DSJR500.1c,500,121275,DSJR500.1c_02,77,12,94552,4,485,485,496,1227.53,1228.22,1473.89,1230.27,1230.9,1477.06,137895076,137896732,140428340,1229.116011,1229.74449,1475.896296,4653,4653,4948,1,1,1,,,,3.93,3.810000000000001,2.72,2.68,5235400,5115668,1,1
DSJR500.5,500,58862,DSJR500.5_01,78,7,,,246,252,493,9586.199,9587.399,9590.44,9607.0,9609.0,9609.0,537440828,537324564,567221488,,,,,,,0,0,0,,,,70.3,3.38,65.81,2.28,58505384,4993328,1,1
DSJR500.5,500,58862,DSJR500.5_02,79,6,,,246,252,493,9586.25,9586.189,9590.57,9607.0,9607.0,9609.0,537440824,537979948,567969420,,,,,,,0,0,0,,,,70.3,3.38,65.81,2.28,58505384,4993328,1,1
anna,138,493,anna_01,80,80,246319342336314321386707353600,20,,21,61,,2.6999998,2914.3,,2.7,2919.95,,275748,151400368,,2.362756,2834.490639,,11785,240778360,0,1,1,,,,,2.07,,1.86,,4803508,0,1
anna,138,493,anna_02,81,79,246319342336314321386707353600,23,,21,61,,2.7800002,3184.51,,2.79,3190.68,,276020,151400524,,2.356662,2828.820609,,11785,240778360,0,1,1,,,,,2.07,,1.86,,4803508,0,1
ash331GPIA,662,4181,ash331GPIA_01,82,228,,,,115,102,,1796.8201,1796.42,,1800.39,1800.41,,132473720,139254696,,,,,,,0,0,0,,,,,2.45,,2.0,,4907084,0,1
ash331GPIA,662,4181,ash331GPIA_02,83,228,,,,115,102,,1796.8201,1796.4299,,1800.39,1800.41,,132474340,139191844,,,,,,,0,0,0,,,,,2.45,,2.0,,4907084,0,1
ash608GPIA,1216,7844,ash608GPIA_01,84,423,,,,109,170,,1796.75,1796.0599,,1800.39,1800.4,,134149004,137974752,,,,,,,0,0,0,,,,,3.35,,2.32,,5361052,0,1
ash608GPIA,1216,7844,ash608GPIA_02,85,422,,,,109,170,,1796.75,1796.09,,1800.39,1800.4,,134107368,137932228,,,,,,,0,0,0,,,,,3.35,,2.32,,5361052,0,1
ash958GPIA,1916,12506,ash958GPIA_01,86,662,,,,137,172,,1796.76,1795.92,,1800.41,1800.41,,136748832,141566012,,,,,,,0,0,0,,,,,4.0,,2.91,,6482308,0,1
ash958GPIA,1916,12506,ash958GPIA_02,87,661,,,,137,172,,1796.7401,1795.96,,1800.41,1800.41,,137472872,140872156,,,,,,,0,0,0,,,,,4.0,,2.91,,6482308,0,1
david,87,406,david_01,88,36,1233653689761797,13,13,18,53,0.1,0.13,59.22,0.11,0.14,59.34,35060,36084,4357164,0.067278,0.094082,55.659158,857,1476,5193482,1,1,1,,,,4.35,2.0,3.44,1.82,6702324,4800632,1,1
david,87,406,david_02,89,35,1233653689761797,15,13,18,53,0.12,0.16000001,93.07,0.12,0.16,93.28,35060,36084,4673140,0.06716,0.093717,55.339795,857,1476,5193482,1,1,1,,,,4.35,2.0,3.44,1.82,6702324,4800632,1,1
games120,120,638,games120_01,90,22,30467298966717,12,32,46,91,638.75,5322.04,9589.18,639.97,5333.0,9607.0,34584012,288048884,541137032,639.510579,5330.068491,,804613,5409598,,1,1,0,,,,116.73,2.08,102.32,1.86,58817300,4803568,1,1
games120,120,638,games120_02,91,21,30467298966717,39,32,46,91,847.58997,5728.87,9589.28,849.24,5741.0,9608.0,36375948,290974448,541137036,638.086617,5327.94848,,804613,5409598,,1,1,0,,,,116.73,2.08,102.32,1.86,58817300,4803568,1,1
huck,74,301,huck_01,92,27,1537558481760,11,10,16,48,0.03,0.060000002,1.15,0.04,0.07,1.16,34036,34036,153020,0.019919,0.036402,0.65318,234,903,128070,1,1,1,,,,3.56,1.98,2.66,1.83,5666792,4797160,1,1
huck,74,301,huck_02,93,26,1537558481760,12,10,16,48,0.04,0.06,5.79,0.05,0.07,5.81,33012,35060,286536,0.019703,0.03649,0.64689,234,903,128070,1,1,1,,,,3.56,1.98,2.66,1.83,5666792,4797160,1,1
latin_square_10,900,307350,latin_square_10_01,94,9,,,851,851,891,9589.37,9589.54,9592.05,9609.0,9608.0,9611.0,559347012,559706984,574298056,,,,,,,0,0,0,,,,1483.17,9.0,1391.71,7.97,147924384,5586976,1,1
latin_square_10,900,307350,latin_square_10_02,95,9,,,851,851,891,9589.31,9589.62,9591.4,9608.0,9608.0,9609.0,559576156,560100472,576982300,,,,,,,0,0,0,,,,1483.17,9.0,1391.71,7.97,147924384,5586976,1,1
le450_15a,450,8168,le450_15a_01,96,75,,,,284,386,,9589.26,9591.22,,9608.0,9609.0,,542360768,561560792,,,,,,,0,0,0,,,,,2.87,,1.96,,4881848,0,1
le450_15a,450,8168,le450_15a_02,97,74,,,,284,386,,9590.68,9591.0205,,9609.0,9609.0,,542151728,562082692,,,,,,,0,0,0,,,,,2.87,,1.96,,4881848,0,1
le450_15b,450,8169,le450_15b_01,98,78,,,,281,381,,9590.42,9590.98,,9609.0,9609.0,,539035680,563962660,,,,,,,0,0,0,,,,,2.84,,1.96,,4876928,0,1
le450_15b,450,8169,le450_15b_02,99,77,,,,281,381,,9590.68,9590.86,,9609.0,9609.0,,541394980,563962660,,,,,,,0,0,0,,,,,2.84,,1.96,,4876928,0,1
le450_15c,450,16680,le450_15c_01,100,41,,,,358,420,,1796.45,1796.27,,1800.44,1800.48,,133762124,144213416,,,,,,,0,0,0,,,,,2.94,,2.0,,4893128,0,1
le450_15c,450,16680,le450_15c_02,101,40,,,,358,420,,1796.52,1796.26,,1800.45,1800.48,,133730392,144215276,,,,,,,0,0,0,,,,,2.94,,2.0,,4893128,0,1
le450_15d,450,16750,le450_15d_01,102,40,,,,362,419,,9590.05,9590.69,,9608.0,9609.0,,537187052,564100868,,,,,,,0,0,0,,,,,2.94,,2.03,,4896700,0,1
le450_15d,450,16750,le450_15d_02,103,40,,,,362,419,,9588.75,9590.72,,9607.0,9609.0,,538202836,564100868,,,,,,,0,0,0,,,,,2.94,,2.03,,4896700,0,1
le450_25a,450,8260,le450_25a_01,104,91,,,,244,360,,1796.63,1796.3999,,1800.41,1800.48,,134597748,144566636,,,,,,,0,0,0,,,,,2.85,,1.98,,4881824,0,1
le450_25a,450,8260,le450_25a_02,105,90,,,,244,360,,1796.72,1796.41,,1800.4,1800.45,,134697120,144532184,,,,,,,0,0,0,,,,,2.85,,1.98,,4881824,0,1
le450_25b,450,8263,le450_25b_01,106,78,,,,253,361,,1796.62,1796.3099,,1800.41,1800.48,,134137676,145666136,,,,,,,0,0,0,,,,,2.9,,2.0,,4882628,0,1
le450_25b,450,8263,le450_25b_02,107,77,,,,253,361,,1796.63,1796.25,,1800.41,1800.48,,134131492,144674404,,,,,,,0,0,0,,,,,2.9,,2.0,,4882628,0,1
le450_25c,450,17343,le450_25c_01,108,47,,,,327,411,,9589.06,9590.88,,9607.0,9609.0,,543120952,566527348,,,,,,,0,0,0,,,,,2.99,,2.03,,4899144,0,1
le450_25c,450,17343,le450_25c_02,109,46,,,,327,411,,9590.25,9592.16,,9609.0,9610.0,,542943880,565565432,,,,,,,0,0,0,,,,,2.99,,2.03,,4899144,0,1
le450_25d,450,17425,le450_25d_01,110,43,,,,344,416,,9590.79,9591.0,,9609.0,9609.0,,552270744,565802128,,,,,,,0,0,0,,,,,2.98,,2.04,,4893856,0,1
le450_25d,450,17425,le450_25d_02,111,42,,,,344,416,,9591.011,9592.15,,9609.0,9610.0,,553067940,564261696,,,,,,,0,0,0,,,,,2.98,,2.04,,4893856,0,1
le450_5a,450,5714,le450_5a_01,112,89,,,,246,384,,9590.359,9592.8,,9609.0,9610.0,,549999136,566403460,,,,,,,0,0,0,,,,,2.53,,1.97,,4877832,0,1
le450_5a,450,5714,le450_5a_02,113,89,,,,246,384,,9589.18,9592.72,,9608.0,9610.0,,550195776,566403488,,,,,,,0,0,0,,,,,2.53,,1.97,,4877832,0,1
le450_5b,450,5734,le450_5b_01,114,89,,,,266,382,,9588.6,9592.2,,9607.0,9610.0,,545295444,562996600,,,,,,,0,0,0,,,,,2.39,,1.95,,4851716,0,1
le450_5b,450,5734,le450_5b_02,115,89,,,,266,382,,9589.62,9590.859,,9609.0,9608.0,,544967276,562995948,,,,,,,0,0,0,,,,,2.39,,1.95,,4851716,0,1
le450_5c,450,9803,le450_5c_01,116,89,,,,274,402,,1796.32,1796.34,,1800.45,1800.48,,136995796,143999760,,,,,,,0,0,0,,,,,2.88,,2.0,,4880212,0,1
le450_5c,450,9803,le450_5c_02,117,89,,,,274,402,,1796.31,1796.34,,1800.46,1800.48,,136995796,143968328,,,,,,,0,0,0,,,,,2.88,,2.0,,4880212,0,1
le450_5d,450,9757,le450_5d_01,118,89,,,,278,405,,1796.38,1796.3501,,1800.44,1800.48,,135034272,143771108,,,,,,,0,0,0,,,,,2.87,,1.98,,4881964,0,1
le450_5d,450,9757,le450_5d_02,119,89,,,,278,405,,1796.35,1796.37,,1800.44,1800.48,,135034268,143771108,,,,,,,0,0,0,,,,,2.87,,1.98,,4881964,0,1
miles1000,128,3216,miles1000_01,120,8,2500822,6,49,50,123,1.17,1.1600001,35.97,1.18,1.17,36.05,153508,153204,4245560,1.141745,1.135695,35.9195,688,690,59247,1,1,1,,,,2.34,2.18,1.94,1.89,4868900,4807348,1,1
miles1000,128,3216,miles1000_02,121,7,2500822,7,49,50,123,1.25,1.2299999,39.02,1.26,1.24,39.12,152620,153796,4262912,1.138551,1.129753,35.992422,688,690,59247,1,1,1,,,,2.34,2.18,1.94,1.89,4868900,4807348,1,1
miles1500,128,5198,miles1500_01,122,5,14030,3,77,77,125,2.03,2.04,4.96,2.05,2.05,4.98,273228,274012,554948,2.008257,2.016331,4.935393,310,310,2334,1,1,1,,,,2.25,2.2,1.9,1.9,4843048,4825480,1,1
miles1500,128,5198,miles1500_02,123,4,14030,5,77,77,125,2.04,2.05,5.0099998,2.05,2.06,5.02,274136,273392,558676,2.006393,2.016099,4.945802,310,310,2334,1,1,1,,,,2.25,2.2,1.9,1.9,4843048,4825480,1,1
miles500,128,1170,miles500_01,124,18,892734883938,16,22,30,104,0.24000001,0.76000005,1213.17,0.25,0.77,1215.63,38132,78836,71261920,0.163443,0.582998,1175.307631,2035,6471,11786143,1,1,1,,,,3.71,2.11,2.79,1.88,5783228,4802516,1,1
miles500,128,1170,miles500_02,125,17,892734883938,17,22,30,104,0.96999997,3.98,2131.3699,0.98,3.99,2135.76,74808,268352,137301308,0.163461,0.57817,1168.684102,2035,6471,11786143,1,1,1,,,,3.71,2.11,2.79,1.88,5783228,4802516,1,1
miles750,128,2113,miles750_01,126,12,245547105,6,36,48,115,0.53999996,2.5600002,148.34001,0.55,2.57,148.67,73608,272928,16581064,0.527179,2.536283,148.386775,1501,10322,507692,1,1,1,,,,3.1,2.12,2.32,1.86,5124880,4804480,1,1
miles750,128,2113,miles750_02,127,11,245547105,11,36,48,115,0.61999995,2.6799998,150.49,0.62,2.69,150.82,75068,275124,16635716,0.536703,2.528436,148.389691,1501,10322,507692,1,1,1,,,,3.1,2.12,2.32,1.86,5124880,4804480,1,1
mug100_1,100,166,mug100_1_01,128,33,899476914678948928,33,5,16,26,0.21000001,102.630005,337.27,0.21,102.89,338.06,36084,4260720,8972564,0.012131,0.151224,0.882971,534,97170,312529,1,1,1,,,,2.16,2.0,1.92,1.83,4857600,4796104,1,1
mug100_1,100,166,mug100_1_02,129,32,899476914678948928,32,5,16,26,1.7,1019.13,5995.25,1.71,1021.22,6008.0,40180,17312124,66547564,0.012138,0.149715,0.890742,534,97170,312529,1,1,1,,,,2.16,2.0,1.92,1.83,4857600,4796104,1,1
mug100_25,100,166,mug100_25_01,130,33,917236423320766528,33,6,17,32,0.29999998,183.0,973.13,0.31,183.44,975.21,38132,4480572,34905212,0.012709,0.345232,5.317545,681,154012,823723,1,1,1,,,,2.48,2.01,2.07,1.84,4970652,4797672,1,1
mug100_25,100,166,mug100_25_02,131,32,917236423320766528,32,6,17,32,7.1800003,2068.44,9578.94,7.2,2073.0,9600.0,75400,33441384,136486684,0.0127,0.34714,5.330623,681,154012,823723,1,1,0,,,,2.48,2.01,2.07,1.84,4970652,4797672,1,1
mug88_1,88,146,mug88_1_01,132,29,6657407284552416,28,5,11,31,0.12,1.1999999,101.11,0.13,1.2,101.33,35060,77356,4671684,0.009898,0.016018,14.718515,455,4932,893642,1,1,1,,,,2.05,1.97,1.86,1.85,4827420,4796168,1,1
mug88_1,88,146,mug88_1_02,133,28,6657407284552416,28,5,11,31,0.39999998,22.28,1160.23,0.41,22.34,1162.7,37112,528400,34359096,0.009885,0.015956,14.65405,455,4932,893642,1,1,1,,,,2.05,1.97,1.86,1.85,4827420,4796168,1,1
mug88_25,88,146,mug88_25_01,134,29,6219522864915696,28,5,10,32,0.14,0.29999998,175.29001,0.14,0.31,175.65,35060,38132,8530684,0.00984,0.011604,11.46454,493,1974,1783217,1,1,1,,,,2.05,1.95,1.85,1.83,4826444,4797364,1,1
mug88_25,88,146,mug88_25_02,135,28,6219522864915696,28,5,10,32,0.59,176.95,4596.7197,0.6,177.29001,4609.0,39156,155964,71225208,0.009968,0.011443,11.633273,493,1974,1783217,1,1,1,,,,2.05,1.95,1.85,1.83,4826444,4797364,1,1
myciel3,11,20,myciel3_01,136,4,103,3,5,5,7,0.0,0.0,0.01,0.01,0.01,0.01,31840,31988,31988,0.000329,0.000348,0.000335,29,29,48,1,1,1,,,,1.82,1.92,1.78,1.81,4798828,4794172,1,1
myciel3,11,20,myciel3_02,137,4,103,3,5,5,7,0.01,0.0,0.01,0.01,0.01,0.01,33012,33012,31988,0.000322,0.000324,0.000329,29,29,48,1,1,1,,,,1.82,1.92,1.78,1.81,4798828,4794172,1,1
myciel4,23,71,myciel4_01,138,10,7407,1,10,11,17,0.0,0.0,0.01,0.01,0.01,0.01,33012,33012,31988,0.002025,0.001927,0.002604,192,198,593,1,1,1,,,,1.85,1.95,1.8,1.85,4788464,4794156,1,1
myciel4,23,71,myciel4_02,139,10,7407,1,10,11,17,0.0,0.0,0.01,0.01,0.01,0.01,33016,33012,33008,0.002023,0.001934,0.002596,192,198,593,1,1,1,,,,1.85,1.95,1.8,1.85,4788464,4794156,1,1
myciel5,47,236,myciel5_01,140,22,39473983,1,20,20,38,0.04,0.04,0.1,0.05,0.05,0.11,34036,34036,35056,0.03545,0.035279,0.094194,1869,1869,18724,1,1,1,,,,2.7,1.95,2.12,1.82,5064464,4794124,1,1
myciel5,47,236,myciel5_02,141,22,39473983,1,20,20,38,0.04,0.04,0.1,0.05,0.05,0.11,33012,33012,36080,0.035558,0.035295,0.093536,1869,1869,18724,1,1,1,,,,2.7,1.95,2.12,1.82,5064464,4794124,1,1
myciel6,95,755,myciel6_01,142,46,1079054920080607,1,38,39,82,23.789999,20.58,62.920002,23.86,20.63,63.07,1132084,1114684,4623884,23.820108,20.593791,61.905486,60229,65932,3821400,1,1,1,,,,787.34,2.07,711.51,1.86,59908860,4802388,1,1
myciel6,95,755,myciel6_02,143,46,1079054920080607,1,38,39,82,23.75,20.5,62.510002,23.82,20.56,62.65,1132800,1113984,4622860,23.78017,20.517537,61.490524,60229,65932,3821400,1,1,1,,,,787.34,2.07,711.51,1.86,59908860,4802388,1,1
myciel7,191,2360,myciel7_01,144,94,,,,76,172,,1796.38,1796.16,,1800.26,1800.43,,116608352,143492868,,,,,,,0,0,0,,,,,2.17,,1.87,,4824980,0,1
myciel7,191,2360,myciel7_02,145,94,,,,76,172,,1796.39,1796.12,,1800.3,1800.43,,116608348,143327412,,,,,,,0,0,0,,,,,2.17,,1.87,,4824980,0,1
qg.order100,10000,990000,qg.order100_01,146,99,,,,5049,9900,,5.16,5.42,,5.17,5.45,,459692,459688,,,,,,,0,-1,-1,,The number of vertices,The number of vertices,,321.03000000000003,,301.78,,58554960,0,1
qg.order100,10000,990000,qg.order100_02,147,99,,,,5049,9900,,5.1499996,5.45,,5.17,5.46,,459692,461728,,,,,,,0,-1,-1,,The number of vertices,The number of vertices,,321.03000000000003,,301.78,,58554960,0,1
qg.order30,900,26100,qg.order30_01,148,29,,,,464,870,,1796.83,1796.68,,1800.56,1800.93,,144365576,266471492,,,,,,,0,0,0,,,,,3.23,,2.24,,5072916,0,1
qg.order30,900,26100,qg.order30_02,149,29,,,,464,870,,1796.93,1796.5701,,1800.55,1800.81,,144365452,264638296,,,,,,,0,0,0,,,,,3.23,,2.24,,5072916,0,1
qg.order40,1600,62400,qg.order40_01,150,39,,,,819,1560,,1797.0,1796.88,,1800.65,1801.11,,145029124,265572972,,,,,,,0,0,0,,,,,4.62,,3.61,,5649604,0,1
qg.order40,1600,62400,qg.order40_02,151,39,,,,819,1560,,1797.0599,1796.9,,1800.71,1801.11,,144799692,265540540,,,,,,,0,0,0,,,,,4.62,,3.61,,5649604,0,1
qg.order60,3600,212400,qg.order60_01,152,59,,,,1829,3540,,1797.29,1797.26,,1801.01,1801.41,,146129116,268104476,,,,,,,0,0,0,,,,,17.66,,16.5,,14794088,0,1
qg.order60,3600,212400,qg.order60_02,153,59,,,,1829,3540,,1797.1901,1797.3301,,1800.98,1801.44,,146112256,268420092,,,,,,,0,0,0,,,,,17.66,,16.5,,14794088,0,1
queen10_10,100,1470,queen10_10_01,154,9,7535369,21,72,74,91,2569.42,2287.7202,5123.54,2576.63,2292.49,5134.0,137453676,136490052,292727536,2567.605248,2283.363708,5126.069351,523184,510361,628749,1,1,1,,,,90.63,2.1,81.07,1.86,58807548,4802260,1,1
queen10_10,100,1470,queen10_10_02,155,9,7535369,20,72,74,91,2547.55,2287.47,5105.06,2554.79,2292.28,5116.0,137453448,136488088,292727536,2545.81521,2283.09033,5107.648668,523184,510361,628749,1,1,1,,,,90.63,2.1,81.07,1.86,58807548,4802260,1,1
queen11_11,121,1980,queen11_11_01,156,10,,,87,88,111,9581.859,9580.83,9582.36,9602.0,9602.0,9604.0,543270612,541116524,576803948,,,,,,,0,0,0,,,,1327.58,2.12,1027.18,1.86,63032520,4820744,1,1
queen11_11,121,1980,queen11_11_02,157,10,,,87,88,111,9581.08,9580.851,9581.58,9602.0,9602.0,9604.0,543269188,541116520,576796988,,,,,,,0,0,0,,,,1327.58,2.12,1027.18,1.86,63032520,4820744,1,1
queen12_12,144,2596,queen12_12_01,158,11,,,,108,133,,1796.52,1796.16,,1800.39,1800.42,,133573996,140128328,,,,,,,0,0,0,,,,,2.17,,1.9,,4809428,0,1
queen12_12,144,2596,queen12_12_02,159,11,,,,108,133,,1796.5499,1796.2001,,1800.4,1800.42,,133573996,140520060,,,,,,,0,0,0,,,,,2.17,,1.9,,4809428,0,1
queen13_13,169,3328,queen13_13_01,160,12,,,,126,157,,9581.53,9583.279,,9603.0,9604.0,,552087428,583534272,,,,,,,0,0,0,,,,,2.2,,1.9,,4809660,0,1
queen13_13,169,3328,queen13_13_02,161,12,,,,126,157,,9581.6,9583.141,,9603.0,9604.0,,553397200,583534600,,,,,,,0,0,0,,,,,2.2,,1.9,,4809660,0,1
queen14_14,196,4186,queen14_14_01,162,13,,,,147,183,,1796.5901,1796.17,,1800.41,1800.43,,135507848,141030204,,,,,,,0,0,0,,,,,2.21,,1.89,,4814160,0,1
queen14_14,196,4186,queen14_14_02,163,13,,,,147,183,,1796.65,1796.3,,1800.41,1800.43,,135506320,141028900,,,,,,,0,0,0,,,,,2.21,,1.89,,4814160,0,1
queen15_15,225,5180,queen15_15_01,164,14,,,,170,211,,9581.5,9583.88,,9602.0,9605.0,,549841124,587634880,,,,,,,0,0,0,,,,,2.28,,1.9,,4819044,0,1
queen15_15,225,5180,queen15_15_02,165,14,,,,170,211,,9581.36,9583.17,,9602.0,9604.0,,549808784,583511952,,,,,,,0,0,0,,,,,2.28,,1.9,,4819044,0,1
queen16_16,256,6320,queen16_16_01,166,15,,,,193,241,,1796.5901,1796.2899,,1800.41,1800.47,,134131772,147226824,,,,,,,0,0,0,,,,,2.32,,1.92,,4822664,0,1
queen16_16,256,6320,queen16_16_02,167,15,,,,193,241,,1796.56,1796.3999,,1800.41,1800.45,,134229432,147227292,,,,,,,0,0,0,,,,,2.32,,1.92,,4822664,0,1
queen5_5,25,160,queen5_5_01,168,4,462,7,18,19,21,0.01,0.02,0.02,0.02,0.02,0.02,31988,31992,33012,0.00658,0.006573,0.008361,187,186,193,1,1,1,,,,1.88,1.93,1.83,1.82,4789500,4795256,1,1
queen5_5,25,160,queen5_5_02,169,4,462,7,18,19,21,0.02,0.01,0.02,0.02,0.02,0.02,31988,33012,33016,0.006596,0.006585,0.008442,187,186,193,1,1,1,,,,1.88,1.93,1.83,1.82,4789500,4795256,1,1
queen6_6,36,290,queen6_6_01,170,5,2635,12,25,25,31,0.060000002,0.049999997,0.09,0.06,0.06,0.1,34040,35056,36084,0.042287,0.042331,0.081973,750,750,841,1,1,1,,,,1.91,1.96,1.82,1.82,4791664,4796364,1,1
queen6_6,36,290,queen6_6_02,171,5,2635,12,25,25,31,0.060000002,0.049999997,0.1,0.06,0.06,0.1,35064,35060,36084,0.04251,0.042312,0.082107,750,750,841,1,1,1,,,,1.91,1.96,1.82,1.82,4791664,4796364,1,1
queen7_7,49,476,queen7_7_01,172,6,16870,14,35,35,43,0.53,0.52,1.8,0.54,0.53,1.82,72960,72988,268752,0.483563,0.475207,1.742949,3463,3463,4002,1,1,1,,,,2.16,2.0,1.89,1.83,4863372,4800388,1,1
queen7_7,49,476,queen7_7_02,173,6,16870,14,35,35,43,0.53,0.52,1.8,0.53,0.53,1.81,72280,73876,268852,0.478542,0.477496,1.742363,3463,3463,4002,1,1,1,,,,2.16,2.0,1.89,1.83,4863372,4800388,1,1
queen8_12,96,1368,queen8_12_01,174,8,4558093,14,65,68,85,1055.0,1056.3201,9582.569,1057.08,1058.46,9604.0,66684552,66703836,573076104,1031.631408,1033.077761,,271991,273418,,1,1,0,,,,16.76,2.1,15.66,1.87,21475520,4802592,1,1
queen8_12,96,1368,queen8_12_02,175,7,4558093,10,65,68,85,1106.37,1103.1599,9582.7,1108.93,1105.4,9604.0,67089000,67091196,573202332,1034.27832,1030.976575,,271991,273418,,1,1,0,,,,16.76,2.1,15.66,1.87,21475520,4802592,1,1
queen8_8,64,728,queen8_8_01,176,7,118969,17,45,47,57,9.26,7.9399996,28.53,9.29,7.96,28.6,573904,559940,2265920,9.020613,7.705996,27.989268,17366,16607,20243,1,1,1,,,,2.95,2.02,2.17,1.85,5150504,4800332,1,1
queen8_8,64,728,queen8_8_02,177,7,118969,17,45,47,57,9.22,7.9,28.6,9.24,7.93,28.67,574628,559672,2265640,8.973624,7.666414,28.054158,17366,16607,20243,1,1,1,,,,2.95,2.02,2.17,1.85,5150504,4800332,1,1
queen9_9,81,1056,queen9_9_01,178,8,915442,21,58,59,73,136.15,125.649994,387.39,136.45999,125.92,388.22,8579004,8517872,33739528,133.824428,124.198151,386.741227,89538,87103,109532,1,1,1,,,,8.96,2.05,7.74,1.85,11698264,4805572,1,1
queen9_9,81,1056,queen9_9_02,179,8,915442,20,58,59,73,136.67,124.93,385.4,136.97,125.2,386.21,8578020,8516252,33741364,134.329849,123.507308,384.746144,89538,87103,109532,1,1,1,,,,8.96,2.05,7.74,1.85,11698264,4805572,1,1
school1,385,19095,school1_01,180,41,,,,230,320,,1796.64,1796.1499,,1800.43,1800.47,,136269972,146929156,,,,,,,0,0,0,,,,,2.95,,2.02,,4894860,0,1
school1,385,19095,school1_02,181,40,,,,230,320,,1796.73,1796.01,,1800.41,1800.48,,136144004,146955812,,,,,,,0,0,0,,,,,2.95,,2.02,,4894860,0,1
school1_nsh,352,14612,school1_nsh_01,182,39,,,,185,292,,1796.44,1796.03,,1800.24,1800.48,,74743060,146231588,,,,,,,0,0,0,,,,,2.89,,1.98,,4878728,0,1
school1_nsh,352,14612,school1_nsh_02,183,38,,,,185,292,,1796.54,1796.01,,1800.24,1800.47,,74906932,146134412,,,,,,,0,0,0,,,,,2.89,,1.98,,4878728,0,1
wap01a,2368,110871,wap01a_01,184,152,,,,654,1537,,1796.59,1796.27,,1800.72,1800.86,,139621892,263212468,,,,,,,0,0,0,,,,,6.32,,5.12,,7226188,0,1
wap01a,2368,110871,wap01a_02,185,151,,,,654,1537,,1796.41,1796.59,,1800.58,1801.09,,140295092,263187484,,,,,,,0,0,0,,,,,6.32,,5.12,,7226188,0,1
wap02a,2464,111742,wap02a_01,186,170,,,,657,1512,,1796.54,1796.62,,1800.7,1801.03,,139691412,231795608,,,,,,,0,0,0,,,,,6.380000000000001,,5.28,,7831192,0,1
wap02a,2464,111742,wap02a_02,187,169,,,,657,1512,,1796.6001,1796.4601,,1800.7,1800.87,,139729552,231790608,,,,,,,0,0,0,,,,,6.380000000000001,,5.28,,7831192,0,1
wap03a,4730,286722,wap03a_01,188,296,,,,1445,3364,,1796.96,1796.94,,1800.98,1801.34,,139065388,265252360,,,,,,,0,0,0,,,,,33.61,,32.33,,22937912,0,1
wap03a,4730,286722,wap03a_02,189,295,,,,1445,3364,,1796.9601,1796.1799,,1801.01,1801.29,,139069980,265157460,,,,,,,0,0,0,,,,,33.61,,32.33,,22937912,0,1
wap04a,5231,294902,wap04a_01,190,341,,,,1445,3394,,1797.0499,1796.85,,1800.96,1801.33,,140226364,265628052,,,,,,,0,0,0,,,,,41.19,,40.07,,33812016,0,1
wap04a,5231,294902,wap04a_02,191,340,,,,1445,3394,,1797.1,1796.8401,,1801.07,1801.38,,140068284,265679924,,,,,,,0,0,0,,,,,41.19,,40.07,,33812016,0,1
wap05a,905,43081,wap05a_01,192,79,,,,353,674,,1796.5701,1796.14,,1800.5,1800.57,,138624416,147941000,,,,,,,0,0,0,,,,,3.5,,2.35,,5080544,0,1
wap05a,905,43081,wap05a_02,193,78,,,,353,674,,1796.5499,1796.14,,1800.51,1800.56,,138484704,147997072,,,,,,,0,0,0,,,,,3.5,,2.35,,5080544,0,1
wap06a,947,43571,wap06a_01,194,85,,,,362,668,,1796.5299,1796.79,,1800.52,1800.56,,139066148,145712012,,,,,,,0,0,0,,,,,3.48,,2.43,,5116956,0,1
wap06a,947,43571,wap06a_02,195,84,,,,362,668,,1796.55,1796.77,,1800.54,1800.55,,139166108,145995232,,,,,,,0,0,0,,,,,3.48,,2.43,,5116956,0,1
wap07a,1809,103368,wap07a_01,196,138,,,,693,1454,,1796.6599,1796.87,,1800.62,1800.87,,140009668,217317772,,,,,,,0,0,0,,,,,5.14,,3.94,,6149656,0,1
wap07a,1809,103368,wap07a_02,197,137,,,,693,1454,,1796.52,1796.8099,,1800.57,1800.82,,139989492,202954004,,,,,,,0,0,0,,,,,5.14,,3.94,,6149656,0,1
wap08a,1870,104176,wap08a_01,198,150,,,,616,1445,,1796.4401,1796.8,,1800.6,1800.67,,142682572,148863580,,,,,,,0,0,0,,,,,5.42,,4.16,,6416300,0,1
wap08a,1870,104176,wap08a_02,199,149,,,,616,1445,,1796.53,1796.85,,1800.64,1800.68,,142661232,148730872,,,,,,,0,0,0,,,,,5.42,,4.16,,6416300,0,1
will199GPIA,701,6772,will199GPIA_01,200,190,,,,84,399,,1796.61,1796.41,,1800.23,1800.45,,73930540,143443012,,,,,,,0,0,0,,,,,2.97,,2.06,,4942412,0,1
will199GPIA,701,6772,will199GPIA_02,201,189,,,,84,399,,1796.59,1796.3601,,1800.24,1800.44,,73951760,144058720,,,,,,,0,0,0,,,,,2.97,,2.06,,4942412,0,1
grid004x004,16,24,grid004x004_01,202,7,1234,2,4,4,4,0.0,0.0,0.0,0.01,0.01,0.01,33012,31992,33016,0.000452,0.000465,0.000452,43,43,48,1,1,1,,,,1.84,1.92,1.8,1.81,4786372,4794068,1,1
grid004x004,16,24,grid004x004_02,203,7,1234,2,4,4,4,0.01,0.0,0.0,0.01,0.01,0.01,33016,33012,33012,0.00044,0.000469,0.000445,43,43,48,1,1,1,,,,1.84,1.92,1.8,1.81,4786372,4794068,1,1
grid004x004,16,24,grid004x004_03,204,6,1234,7,4,4,4,0.0,0.01,0.0,0.01,0.01,0.01,31988,33012,31988,0.000448,0.000448,0.000457,43,43,48,1,1,1,,,,1.84,1.92,1.8,1.81,4786372,4794068,1,1
grid004x004,16,24,grid004x004_04,205,6,1234,8,4,4,4,0.0,0.0,0.0,0.01,0.01,0.01,31992,33012,31988,0.000508,0.000444,0.000474,43,43,48,1,1,1,,,,1.84,1.92,1.8,1.81,4786372,4794068,1,1
grid004x004,16,24,grid004x004_05,206,7,1234,2,4,4,4,0.0,0.01,0.0,0.01,0.01,0.01,33016,33012,33012,0.000452,0.00044,0.000449,43,43,48,1,1,1,,,,1.84,1.92,1.8,1.81,4786372,4794068,1,1
grid010x010,100,180,grid010x010_01_6141,207,48,2030049051145980050,6,10,10,10,0.05,0.049999997,0.06,0.05,0.05,0.07,34036,34036,34036,0.020998,0.021021,0.030928,4486,4486,5614,1,1,1,,,,5.34,1.98,4.4,1.86,8338996,4797280,1,1
grid010x010,100,180,grid010x010_02_0495,208,49,2030049051145980050,2,10,10,10,0.04,0.04,0.04,0.04,0.04,0.05,34036,34036,34032,0.021018,0.02108,0.030978,4486,4486,5614,1,1,1,,,,5.34,1.98,4.4,1.86,8338996,4797280,1,1
grid010x010,100,180,grid010x010_03_6844,209,49,2030049051145980050,2,10,10,10,0.04,0.04,0.04,0.04,0.04,0.05,34040,34036,34036,0.021015,0.021168,0.030713,4486,4486,5614,1,1,1,,,,5.34,1.98,4.4,1.86,8338996,4797280,1,1
grid010x010,100,180,grid010x010_04_4957,210,48,2030049051145980050,6,10,10,10,0.05,0.05,0.07,0.05,0.05,0.07,34036,34040,35060,0.020964,0.021106,0.030923,4486,4486,5614,1,1,1,,,,5.34,1.98,4.4,1.86,8338996,4797280,1,1
grid020x020,400,760,grid020x020_01_9275,211,198,958979036662929619406859624886958746851620546557485230898539651354907499,6,,20,20,,67.25,250.65999,,67.4,251.19,,4517988,17822232,,63.35815,249.022492,,2921661,2922135,0,1,1,,,,,2.23,,1.9,,4830176,0,1
grid020x020,400,760,grid020x020_02_7550,212,199,958979036662929619406859624886958746851620546557485230898539651354907499,2,,20,20,,64.490005,248.8,,64.64,249.32,,4518536,17806212,,63.023012,248.173828,,2921661,2922135,0,1,1,,,,,2.23,,1.9,,4830176,0,1
grid020x020,400,760,grid020x020_03_3902,213,198,958979036662929619406859624886958746851620546557485230898539651354907499,6,,20,20,,65.66,250.34,,65.8,250.88,,4517576,17829888,,63.313143,249.078717,,2921661,2922135,0,1,1,,,,,2.23,,1.9,,4830176,0,1
grid020x020,400,760,grid020x020_04_3283,214,199,958979036662929619406859624886958746851620546557485230898539651354907499,2,,20,20,,64.659996,253.34,,64.81,253.88,,4519396,17805928,,63.180102,251.951962,,2921661,2922135,0,1,1,,,,,2.23,,1.9,,4830176,0,1
grid030x030,900,1740,grid030x030_01_6931,215,449,,,,30,30,,1796.28,1796.36,,1800.12,1800.4,,36397516,138561048,,,,,,,0,0,0,,,,,2.46,,2.02,,4966052,0,1
grid030x030,900,1740,grid030x030_02_7112,216,448,,,,30,30,,1796.16,1796.36,,1800.12,1800.4,,36578632,138481672,,,,,,,0,0,0,,,,,2.46,,2.02,,4966052,0,1
grid030x030,900,1740,grid030x030_03_4248,217,449,,,,30,30,,1796.15,1796.36,,1800.12,1800.4,,36562464,138560508,,,,,,,0,0,0,,,,,2.46,,2.02,,4966052,0,1
grid030x030,900,1740,grid030x030_04_2988,218,448,,,,30,30,,1796.1699,1796.4,,1800.12,1800.4,,36413564,138482984,,,,,,,0,0,0,,,,,2.46,,2.02,,4966052,0,1
grid040x040,1600,3120,grid040x040_01_6703,219,799,,,,40,40,,1796.11,1796.0,,1800.06,1800.4,,18551908,138483368,,,,,,,0,0,0,,,,,2.81,,2.32,,5581924,0,1
grid040x040,1600,3120,grid040x040_02_3552,220,799,,,,40,40,,1796.0399,1796.1101,,1800.06,1800.4,,18551908,138484116,,,,,,,0,0,0,,,,,2.81,,2.32,,5581924,0,1
grid040x040,1600,3120,grid040x040_03_0746,221,798,,,,40,40,,1796.1,1796.1101,,1800.06,1800.4,,18552140,138677536,,,,,,,0,0,0,,,,,2.81,,2.32,,5581924,0,1
grid040x040,1600,3120,grid040x040_04_3680,222,798,,,,40,40,,1796.0801,1796.07,,1800.06,1800.4,,18552140,138677536,,,,,,,0,0,0,,,,,2.81,,2.32,,5581924,0,1
grid050x050,2500,4900,grid050x050_01_8271,223,1249,,,,50,50,,1796.11,1796.0,,1800.06,1800.43,,18574228,148533380,,,,,,,0,0,0,,,,,3.81,,3.22,,7346244,0,1
grid050x050,2500,4900,grid050x050_02_8314,224,1248,,,,50,50,,1796.15,1795.97,,1800.06,1800.43,,18492804,148527556,,,,,,,0,0,0,,,,,3.81,,3.22,,7346244,0,1
grid050x050,2500,4900,grid050x050_03_4298,225,1249,,,,50,50,,1796.09,1795.96,,1800.06,1800.43,,18574232,147222596,,,,,,,0,0,0,,,,,3.81,,3.22,,7346244,0,1
grid050x050,2500,4900,grid050x050_04_8232,226,1248,,,,50,50,,1796.1001,1796.03,,1800.06,1800.43,,18492280,148527560,,,,,,,0,0,0,,,,,3.81,,3.22,,7346244,0,1
grid060x060,3600,7080,grid060x060_01_5912,227,1799,,,,60,60,,1796.33,1795.91,,1800.1,1800.42,,33266408,141945148,,,,,,,0,0,0,,,,,6.16,,5.21,,11954128,0,1
grid060x060,3600,7080,grid060x060_02_4571,228,1798,,,,60,60,,1796.12,1795.97,,1800.1,1800.41,,33257916,141935032,,,,,,,0,0,0,,,,,6.16,,5.21,,11954128,0,1
grid060x060,3600,7080,grid060x060_03_2183,229,1798,,,,60,60,,1796.21,1795.9401,,1800.1,1800.42,,33257916,141935032,,,,,,,0,0,0,,,,,6.16,,5.21,,11954128,0,1
grid060x060,3600,7080,grid060x060_04_3263,230,1799,,,,60,60,,1796.1799,1795.93,,1800.1,1800.42,,33266856,141944096,,,,,,,0,0,0,,,,,6.16,,5.21,,11954128,0,1
grid070x070,4900,9660,grid070x070_01_6558,231,2449,,,,70,70,,1796.1699,1795.8201,,1800.1,1800.44,,33283160,148553208,,,,,,,0,0,0,,,,,10.55,,9.64,,22491520,0,1
grid070x070,4900,9660,grid070x070_02_7903,232,2448,,,,70,70,,1796.24,1795.66,,1800.1,1800.44,,33365424,148502952,,,,,,,0,0,0,,,,,10.55,,9.64,,22491520,0,1
grid070x070,4900,9660,grid070x070_03_4857,233,2448,,,,70,70,,1796.22,1795.7,,1800.1,1800.44,,33365084,148651724,,,,,,,0,0,0,,,,,10.55,,9.64,,22491520,0,1
grid070x070,4900,9660,grid070x070_04_3525,234,2449,,,,70,70,,1796.12,1795.8,,1800.1,1800.44,,33379816,148552820,,,,,,,0,0,0,,,,,10.55,,9.64,,22491520,0,1
grid080x080,6400,12640,grid080x080_01_9321,235,3199,,,,80,80,,1796.0901,1795.85,,1800.1,1800.43,,33609620,144322828,,,,,,,0,0,0,,,,,18.66,,17.63,,43035388,0,1
grid080x080,6400,12640,grid080x080_02_8623,236,3198,,,,80,80,,1796.16,1795.87,,1800.1,1800.43,,33450180,144615288,,,,,,,0,0,0,,,,,18.66,,17.63,,43035388,0,1
grid080x080,6400,12640,grid080x080_03_8653,237,3199,,,,80,80,,1796.16,1795.87,,1800.1,1800.43,,33609620,144322828,,,,,,,0,0,0,,,,,18.66,,17.63,,43035388,0,1
grid080x080,6400,12640,grid080x080_04_8592,238,3198,,,,80,80,,1796.29,1795.83,,1800.1,1800.43,,33614052,144615292,,,,,,,0,0,0,,,,,18.66,,17.63,,43035388,0,1
grid090x090,8100,16020,grid090x090_01_0710,239,4048,,,,90,90,,1796.1,1795.9,,1800.1,1800.42,,33809416,139998568,,,,,,,0,0,0,,,,,33.47,,30.55,,58496460,0,1
grid090x090,8100,16020,grid090x090_02_9631,240,4049,,,,90,90,,1796.21,1795.77,,1800.1,1800.42,,33809380,140044300,,,,,,,0,0,0,,,,,33.47,,30.55,,58496460,0,1
grid090x090,8100,16020,grid090x090_03_8778,241,4048,,,,90,90,,1796.12,1795.67,,1800.1,1800.42,,33809420,139998572,,,,,,,0,0,0,,,,,33.47,,30.55,,58496460,0,1
grid090x090,8100,16020,grid090x090_04_4969,242,4049,,,,90,90,,1796.18,1795.65,,1800.1,1800.42,,33728352,140043528,,,,,,,0,0,0,,,,,33.47,,30.55,,58496460,0,1
grid100x100,10000,19800,grid100x100_01_9072,243,4998,,,,100,100,,0.089999996,0.08,,0.1,0.09,,41204,41208,,,,,,,0,-1,-1,,The number of vertices,The number of vertices,,53.3,,48.39,,58499924,0,1
grid100x100,10000,19800,grid100x100_02_7191,244,4999,,,,100,100,,0.089999996,0.089999996,,0.1,0.09,,41204,41204,,,,,,,0,-1,-1,,The number of vertices,The number of vertices,,53.3,,48.39,,58499924,0,1
grid100x100,10000,19800,grid100x100_03_4887,245,4998,,,,100,100,,0.1,0.089999996,,0.1,0.09,,41204,41204,,,,,,,0,-1,-1,,The number of vertices,The number of vertices,,53.3,,48.39,,58499924,0,1
grid100x100,10000,19800,grid100x100_04_0664,246,4999,,,,100,100,,0.089999996,0.08,,0.1,0.09,,41204,41204,,,,,,,0,-1,-1,,The number of vertices,The number of vertices,,53.3,,48.39,,58499924,0,1
grid200x200,40000,79600,grid200x200_01_8265,247,19998,,,,200,200,,0.39000002,0.37,,0.4,0.38,,71544,71544,,,,,,,0,-1,-1,,The number of vertices,The number of vertices,,3612.91,,3506.21,,649248052,0,1
grid200x200,40000,79600,grid200x200_02_2458,248,19999,,,,200,200,,0.4,0.37,,0.41,0.38,,71544,71544,,,,,,,0,-1,-1,,The number of vertices,The number of vertices,,3612.91,,3506.21,,649248052,0,1
grid200x200,40000,79600,grid200x200_03_0743,249,19999,,,,200,200,,0.4,0.37,,0.41,0.37,,71548,72576,,,,,,,0,-1,-1,,The number of vertices,The number of vertices,,3612.91,,3506.21,,649248052,0,1
grid200x200,40000,79600,grid200x200_04_2816,250,19998,,,,200,200,,0.4,0.36,,0.41,0.37,,71804,73588,,,,,,,0,-1,-1,,The number of vertices,The number of vertices,,3612.91,,3506.21,,649248052,0,1
hc-power-11,21,28,hc-power-11_01,251,9,12351,22,4,4,6,0.01,0.0,0.01,0.01,0.01,0.01,31988,33012,33012,0.000616,0.000616,0.00063,56,56,92,1,1,1,,,,1.86,1.92,1.82,1.82,4788248,4793092,1,1
hc-power-12,36,51,hc-power-12_01,252,15,7636103,71,5,5,6,0.02,0.02,0.02,0.02,0.02,0.02,33012,31984,31984,0.001567,0.00158,0.001863,118,118,174,1,1,1,,,,1.89,1.95,1.83,1.84,4791608,4794184,1,1
hc-square-01,14,18,hc-square-01_01,253,6,574,13,3,3,4,0.01,0.0,0.01,0.01,0.01,0.01,33012,31988,33012,0.000308,0.000313,0.000306,26,26,32,1,1,1,,,,1.85,1.94,1.81,1.84,4786472,4794176,1,1
hc-square-02,24,33,hc-square-02_01,254,10,42630,32,4,4,4,0.01,0.0,0.01,0.01,0.01,0.01,33012,31984,33012,0.00077,0.000748,0.00075,54,54,58,1,1,1,,,,1.84,1.93,1.81,1.82,4788436,4794240,1,1
hc-toyno-01,6,9,hc-toyno-01_01,255,2,15,1,3,3,3,0.0,0.0,0.0,0.01,0.01,0.01,31988,33012,30964,0.000134,0.000134,0.000136,8,8,8,1,1,1,,,,1.84,1.95,1.8,1.85,4783488,4798092,1,1
hc-toyyes-01,7,7,hc-toyyes-01_01,256,3,31,4,2,2,2,0.0,0.0,0.01,0.01,0.01,0.01,33012,31992,33016,0.000106,0.000104,0.000105,8,8,10,1,1,1,,,,1.81,1.9,1.77,1.81,4786452,4791956,1,1
hc-power-004-002,64,95,hc-power-004-002_01,257,26,1113597391920,363,5,5,5,0.2,0.2,0.21000001,0.21,0.21,0.21,33012,33012,34036,0.004711,0.004702,0.004752,262,262,250,1,1,1,,,,1.93,1.95,1.83,1.83,4815128,4796188,1,1
hc-power-005-002,79,118,hc-power-005-002_01,258,32,687998789526551,784,5,5,5,0.69,0.68,0.67,0.69,0.69,0.68,36084,36084,36088,0.006916,0.006919,0.007082,332,332,316,1,1,1,,,,1.97,1.96,1.84,1.83,4812900,4795156,1,1
hc-power-006-002,94,141,hc-power-006-002_01,259,38,425056971938806982,1637,5,5,5,2.13,2.13,2.1000001,2.15,2.15,2.11,41204,40180,41204,0.009681,0.009598,0.009796,402,402,382,1,1,1,,,,2.08,1.95,1.88,1.83,4829576,4796364,1,1
hc-power-007-002,109,164,hc-power-007-002_01,260,44,262607190795765425815,3354,5,5,5,6.16,6.18,6.0899997,6.18,6.21,6.11,79604,79748,81264,0.012678,0.01285,0.012778,472,472,448,1,1,1,,,,2.12,2.02,1.89,1.85,4841812,4798272,1,1
hc-power-008-002,124,187,hc-power-008-002_01,261,50,162243043192809350629208,6799,5,5,5,16.73,16.710001,16.449999,16.77,16.75,16.49,159568,158632,161664,0.016622,0.016437,0.016583,542,542,514,1,1,1,,,,2.18,2.01,1.93,1.83,4861528,4797172,1,1
hc-power-009-002,139,210,hc-power-009-002_01,262,56,100236421495919298704585535,13700,5,5,5,44.1,44.2,43.21,44.19,44.28,43.28,321992,320928,327648,0.021078,0.021024,0.020928,612,612,580,1,1,1,,,,2.29,2.01,1.95,1.84,4887036,4799300,1,1
hc-power-010-002,154,233,hc-power-010-002_01,263,62,61927710406463170775241686526,27513,5,5,5,112.44,113.07,109.85,112.630005,113.259995,110.03,651848,653224,1121196,0.025381,0.025391,0.025654,682,682,646,1,1,1,,,,2.38,2.02,1.99,1.85,4915064,4798532,1,1
hc-power-011-002,169,256,hc-power-011-002_01,264,68,38259958395890004445076194998031,55150,5,5,5,282.47,281.24,273.69,282.9,281.66998,274.14,1318692,1320472,2263572,0.030769,0.030724,0.030621,752,752,712,1,1,1,,,,2.5,2.05,2.05,1.86,4960492,4798288,1,1
hc-power-012-002,184,279,hc-power-012-002_01,265,74,23637631794351951224765884378156416,110435,5,5,5,695.64996,695.93,668.43,696.67,696.94,669.44,2676836,2674828,4562532,0.036062,0.036186,0.036509,822,822,778,1,1,1,,,,2.6100000000000003,2.03,2.11,1.85,4996540,4800448,1,1
hc-power-013-002,199,302,hc-power-013-002_01,266,80,14603717836383728549736459587959249895,221016,5,5,5,1681.34,1685.26,1627.11,1683.67,1687.62,1629.46,5416108,5416240,9184776,0.041881,0.041857,0.042384,892,892,844,1,1,1,,,,2.8200000000000003,2.05,2.21,1.85,5054560,4815332,1,1
hc-power-014-002,214,325,hc-power-014-002_01,267,86,9022417156682815492520665863912956245046,442189,5,5,5,4071.8499,4057.7,3883.5,4077.0,4063.0,3888.0,10997104,10997524,18562968,0.048151,0.048762,0.048404,962,962,910,1,1,1,,,,3.0700000000000003,2.09,2.34,1.85,5131632,4805476,1,1
hc-power-015-002,229,348,hc-power-015-002_01,268,92,5574197766708031179445012038756188664562183,884546,5,5,5,9586.22,9586.101,9189.52,9600.0,9600.0,9203.0,36920780,36920520,37375812,0.055598,0.055495,0.056312,1032,1032,976,0,0,1,,,,3.12,2.09,2.41,1.87,5206372,4807548,1,1
hc-power-016-002,244,371,hc-power-016-002_01,269,98,3443831093462389356374187356733005542648388264,,5,5,5,9582.81,9583.16,9582.67,9600.0,9600.0,9600.0,68139420,68170408,69214320,0.063638,0.063084,0.063419,1102,1102,1042,0,0,0,,,,3.14,2.11,2.45,1.86,5286080,4809660,1,1
hc-power-017-002,259,394,hc-power-017-002_01,270,104,2127655511458921906699036812684863553827095067151,,5,5,5,9577.699,9577.7295,9577.029,9600.0,9600.0,9600.0,73441420,73609108,134146576,0.072397,0.072573,0.072823,1172,1172,1108,0,0,0,,,,3.43,2.13,2.62,1.86,5391048,4810624,1,1
hc-power-018-002,274,417,hc-power-018-002_01,271,110,1314500581644442308054917054661833384029658065341294,,5,5,5,9577.68,9578.16,9577.569,9600.0,9600.0,9600.0,135195152,135166016,136571532,0.080897,0.080841,0.081431,1242,1242,1174,0,0,0,,,,3.3200000000000003,2.18,2.6,1.89,5509948,4819180,1,1
hc-power-019-002,289,440,hc-power-019-002_01,272,116,812120087033618215897164092207942923928586126523583359,,5,5,5,9577.67,9577.36,9576.78,9600.0,9600.0,9600.0,138096408,138049980,139603360,0.090231,0.090186,0.090603,1312,1312,1240,0,0,0,,,,3.57,2.17,2.72,1.9,5639276,4818740,1,1
hc-power-020-002,304,463,hc-power-020-002_01,273,122,501741151714369915506768957681239053884548329894829212368,,5,5,5,9577.561,9577.02,9577.37,9600.0,9600.0,9600.0,139392424,139422852,140813164,0.099325,0.098605,0.098703,1382,1382,1306,0,0,0,,,,3.82,2.17,2.91,1.87,5780508,4819684,1,1
queen008x008,64,728,queen008x008_01_4136,274,7,118969,14,45,47,57,9.179999,7.89,28.59,9.2,7.91,28.66,582080,557360,2273252,8.933682,7.657689,28.049179,17366,16607,20243,1,1,1,,,,2.94,2.02,2.2,1.85,5157160,4800356,1,1
queen008x008,64,728,queen008x008_02_8804,275,7,118969,15,45,47,57,9.2,7.91,28.6,9.23,7.93,28.67,581564,557912,2272732,8.962248,7.671133,28.06275,17366,16607,20243,1,1,1,,,,2.94,2.02,2.2,1.85,5157160,4800356,1,1
queen008x008,64,728,queen008x008_03_8723,276,7,118969,15,45,47,57,9.18,7.8900003,28.58,9.21,7.92,28.66,580600,556400,2273140,8.939802,7.664033,28.054008,17366,16607,20243,1,1,1,,,,2.94,2.02,2.2,1.85,5157160,4800356,1,1
queen008x008,64,728,queen008x008_04_4441,277,7,118969,15,45,47,57,9.18,7.89,28.51,9.21,7.91,28.58,582200,557096,2272596,8.942427,7.65337,27.968152,17366,16607,20243,1,1,1,,,,2.94,2.02,2.2,1.85,5157160,4800356,1,1
queen010x010,100,1470,queen010x010_01_0612,278,9,7535369,21,72,74,91,2558.0,2285.9502,5079.83,2565.07,2290.74,5090.0,137422064,136442588,292771036,2556.052592,2281.628329,5082.423984,523184,510361,628749,1,1,1,,,,90.66,2.09,80.12,1.86,58803488,4802652,1,1
queen010x010,100,1470,queen010x010_02_5832,279,9,7535369,21,72,74,91,2554.7102,2285.3,5090.3203,2561.85,2290.12,5101.0,137420320,136441688,292771744,2552.803212,2280.963212,5092.807879,523184,510361,628749,1,1,1,,,,90.66,2.09,80.12,1.86,58803488,4802652,1,1
queen010x010,100,1470,queen010x010_03_7635,280,9,7535369,21,72,74,91,2571.4602,2280.32,5032.79,2578.73,2284.96,5043.0,137420348,136442680,292771740,2569.722992,2275.867654,5035.386939,523184,510361,628749,1,1,1,,,,90.66,2.09,80.12,1.86,58803488,4802652,1,1
queen010x010,100,1470,queen010x010_04_2943,281,9,7535369,21,72,74,91,2554.6,2284.21,5125.12,2561.85,2289.07,5136.0,137420292,136442588,292771740,2552.911958,2279.961213,5127.9396,523184,510361,628749,1,1,1,,,,90.66,2.09,80.12,1.86,58803488,4802652,1,1
queen020x020,400,12540,queen020x020_01_7075,282,19,,,,302,381,,1796.74,1796.37,,1800.45,1800.49,,137557468,144572576,,,,,,,0,0,0,,,,,2.91,,2.0,,4876344,0,1
queen020x020,400,12540,queen020x020_02_4815,283,19,,,,302,381,,1796.66,1796.3601,,1800.45,1800.48,,137624276,144376392,,,,,,,0,0,0,,,,,2.91,,2.0,,4876344,0,1
queen020x020,400,12540,queen020x020_03_8667,284,19,,,,302,381,,1796.8,1796.36,,1800.45,1800.48,,137492164,144474296,,,,,,,0,0,0,,,,,2.91,,2.0,,4876344,0,1
queen020x020,400,12540,queen020x020_04_0961,285,19,,,,302,381,,1796.66,1796.38,,1800.45,1800.48,,137590664,144572092,,,,,,,0,0,0,,,,,2.91,,2.0,,4876344,0,1
queen030x030,900,43210,queen030x030_01_3761,286,29,,,,699,871,,1796.7201,1796.71,,1800.54,1800.84,,136907848,236075880,,,,,,,0,0,0,,,,,3.4000000000000004,,2.4,,5105796,0,1
queen030x030,900,43210,queen030x030_02_4963,287,29,,,,699,871,,1796.64,1796.74,,1800.52,1800.83,,136907848,265872236,,,,,,,0,0,0,,,,,3.4000000000000004,,2.4,,5105796,0,1
queen030x030,900,43210,queen030x030_03_7394,288,29,,,,699,871,,1796.6901,1796.7201,,1800.55,1800.85,,136908632,232321160,,,,,,,0,0,0,,,,,3.4000000000000004,,2.4,,5105796,0,1
queen030x030,900,43210,queen030x030_04_9144,289,29,,,,699,871,,1796.6699,1796.76,,1800.52,1800.84,,136907848,265872232,,,,,,,0,0,0,,,,,3.4000000000000004,,2.4,,5105796,0,1
queen040x040,1600,103480,queen040x040_01_6291,290,39,,,,1260,1561,,1796.86,1796.96,,1800.69,1801.05,,138206060,264337460,,,,,,,0,0,0,,,,,5.0,,3.72,,5798188,0,1
queen040x040,1600,103480,queen040x040_02_9487,291,39,,,,1260,1561,,1796.69,1796.9601,,1800.6,1801.07,,138370688,264414316,,,,,,,0,0,0,,,,,5.0,,3.72,,5798188,0,1
queen040x040,1600,103480,queen040x040_03_7037,292,39,,,,1260,1561,,1796.74,1797.02,,1800.64,1801.06,,138206392,264338424,,,,,,,0,0,0,,,,,5.0,,3.72,,5798188,0,1
queen040x040,1600,103480,queen040x040_04_8369,293,39,,,,1260,1561,,1796.77,1796.9501,,1800.56,1801.05,,138340000,264416012,,,,,,,0,0,0,,,,,5.0,,3.72,,5798188,0,1
queen050x050,2500,203350,queen050x050_01_6006,294,49,,,,2000,2451,,1796.8,1797.16,,1800.77,1801.26,,137126868,269195720,,,,,,,0,0,0,,,,,11.44,,10.26,,7883228,0,1
queen050x050,2500,203350,queen050x050_02_6166,295,49,,,,2000,2451,,1796.76,1797.17,,1800.71,1801.24,,137175820,269195348,,,,,,,0,0,0,,,,,11.44,,10.26,,7883228,0,1
queen050x050,2500,203350,queen050x050_03_0562,296,49,,,,2000,2451,,1796.77,1797.21,,1800.69,1801.27,,137176220,269195804,,,,,,,0,0,0,,,,,11.44,,10.26,,7883228,0,1
queen050x050,2500,203350,queen050x050_04_9047,297,49,,,,2000,2451,,1796.91,1797.17,,1800.76,1801.24,,137146452,268941836,,,,,,,0,0,0,,,,,11.44,,10.26,,7883228,0,1
queen060x060,3600,352820,queen060x060_01_8336,298,59,,,,2889,3541,,1797.04,1797.14,,1800.88,1801.2,,137236916,268304608,,,,,,,0,0,0,,,,,33.12,,31.99,,12828596,0,1
queen060x060,3600,352820,queen060x060_02_6710,299,59,,,,2889,3541,,1796.9901,1797.33,,1800.78,1801.35,,137308656,268054508,,,,,,,0,0,0,,,,,33.12,,31.99,,12828596,0,1
queen060x060,3600,352820,queen060x060_03_1394,300,59,,,,2889,3541,,1796.99,1797.48,,1800.85,1801.42,,137306100,267989684,,,,,,,0,0,0,,,,,33.12,,31.99,,12828596,0,1
queen060x060,3600,352820,queen060x060_04_3799,301,59,,,,2889,3541,,1796.89,1797.4401,,1800.74,1801.43,,137321884,267990748,,,,,,,0,0,0,,,,,33.12,,31.99,,12828596,0,1
queen070x070,4900,561890,queen070x070_01_1828,302,69,,,,3905,4831,,1797.0901,1797.61,,1800.99,1801.57,,137576108,270279604,,,,,,,0,0,0,,,,,74.89999999999999,,73.78,,23390396,0,1
queen070x070,4900,561890,queen070x070_02_8683,303,69,,,,3905,4831,,1797.0599,1797.59,,1800.98,1801.59,,137575200,269680976,,,,,,,0,0,0,,,,,74.89999999999999,,73.78,,23390396,0,1
queen070x070,4900,561890,queen070x070_03_1545,304,69,,,,3905,4831,,1797.08,1797.53,,1801.0,1801.56,,137554456,269603388,,,,,,,0,0,0,,,,,74.89999999999999,,73.78,,23390396,0,1
queen070x070,4900,561890,queen070x070_04_7426,305,69,,,,3905,4831,,1797.1399,1797.53,,1800.89,1801.57,,137554732,269592104,,,,,,,0,0,0,,,,,74.89999999999999,,73.78,,23390396,0,1
queen080x080,6400,840560,queen080x080_01_0297,306,79,,,,5184,6321,,1797.08,1797.71,,1801.05,1801.68,,139578472,266604120,,,,,,,0,0,0,,,,,152.9,,151.76,,44036732,0,1
queen080x080,6400,840560,queen080x080_02_2368,307,79,,,,5184,6321,,1797.23,1797.7,,1801.08,1801.68,,139564492,266679332,,,,,,,0,0,0,,,,,152.9,,151.76,,44036732,0,1
queen080x080,6400,840560,queen080x080_03_0355,308,79,,,,5184,6321,,1797.2999,1797.73,,1801.12,1801.71,,139558600,267307140,,,,,,,0,0,0,,,,,152.9,,151.76,,44036732,0,1
queen080x080,6400,840560,queen080x080_04_4954,309,79,,,,5184,6321,,1797.27,1797.68,,1801.07,1801.69,,139462084,266594444,,,,,,,0,0,0,,,,,152.9,,151.76,,44036732,0,1
queen090x090,8100,1198830,queen090x090_01_8978,310,89,,,,6621,8011,,1797.13,1797.73,,1801.07,1801.77,,136049368,269901676,,,,,,,0,0,0,,,,,287.8,,280.13,,58549788,0,1
queen090x090,8100,1198830,queen090x090_02_0808,311,89,,,,6621,8011,,1797.01,1797.84,,1801.01,1801.84,,136192588,269902240,,,,,,,0,0,0,,,,,287.8,,280.13,,58549788,0,1
queen090x090,8100,1198830,queen090x090_03_9570,312,89,,,,6621,8011,,1797.15,1797.8301,,1801.08,1801.84,,136078900,269951888,,,,,,,0,0,0,,,,,287.8,,280.13,,58549788,0,1
queen090x090,8100,1198830,queen090x090_04_1188,313,89,,,,6621,8011,,1797.14,1797.71,,1801.08,1801.69,,136065740,269902700,,,,,,,0,0,0,,,,,287.8,,280.13,,58549788,0,1
queen100x100,10000,1646700,queen100x100_01_3955,314,99,,,,8132,9901,,10.59,10.28,,10.62,10.3,,742684,744724,,,,,,,0,-1,-1,,The number of vertices,The number of vertices,,495.61,,476.4,,58571972,0,1
queen100x100,10000,1646700,queen100x100_02_1699,315,99,,,,8132,9901,,10.610001,10.309999,,10.63,10.34,,744724,744724,,,,,,,0,-1,-1,,The number of vertices,The number of vertices,,495.61,,476.4,,58571972,0,1
queen100x100,10000,1646700,queen100x100_03_6670,316,99,,,,8132,9901,,10.57,10.320001,,10.61,10.35,,742684,744724,,,,,,,0,-1,-1,,The number of vertices,The number of vertices,,495.61,,476.4,,58571972,0,1
queen100x100,10000,1646700,queen100x100_04_0618,317,99,,,,8132,9901,,10.549999,10.32,,10.59,10.35,,744724,744724,,,,,,,0,-1,-1,,The number of vertices,The number of vertices,,495.61,,476.4,,58571972,0,1
queen200x200,40000,13253400,queen200x200_01_0761,318,199,,,,,39801,,,,,,,,,,,,,,,,0,0,0,,,,,,,,,,0,0
queen200x200,40000,13253400,queen200x200_02_3057,319,199,,,,,39801,,,,,,,,,,,,,,,,0,0,0,,,,,,,,,,0,0
queen200x200,40000,13253400,queen200x200_03_0327,320,199,,,,,39801,,,,,,,,,,,,,,,,0,0,0,,,,,,,,,,0,0
queen200x200,40000,13253400,queen200x200_04_4796,321,199,,,,,39801,,,,,,,,,,,,,,,,0,0,0,,,,,,,,,,0,0
sp001,13,66,sp001_01,322,2,26,11,10,10,11,0.01,0.0,0.0,0.01,0.01,0.01,31988,33016,31988,0.00099,0.000989,0.000973,22,22,23,1,1,1,,,,1.83,1.93,1.79,1.83,4786472,4794252,1,1
sp002,26,150,sp002_01,323,4,523,33,10,10,11,0.02,0.01,0.01,0.02,0.02,0.02,31984,33008,33012,0.003538,0.003372,0.003438,45,45,52,1,1,1,,,,1.87,1.94,1.8,1.83,4792376,4794320,1,1
sp003,39,234,sp003_01,324,6,10487,88,10,10,11,0.02,0.03,0.03,0.03,0.03,0.03,33012,33012,33016,0.007282,0.00733,0.007312,68,68,81,1,1,1,,,,1.87,1.97,1.8,1.84,4792588,4811268,1,1
sp004,52,318,sp004_01,325,8,210289,198,10,10,11,0.060000002,0.07,0.07,0.08,0.07,0.08,33012,34036,34040,0.012688,0.012681,0.012624,91,91,110,1,1,1,,,,1.9,1.97,1.82,1.84,4794708,4796376,1,1
sp005,65,402,sp005_01,326,10,4216790,429,10,10,11,0.21,0.22,0.21,0.22,0.22,0.22,35060,35060,34040,0.0196,0.019769,0.019507,114,114,139,1,1,1,,,,1.93,2.01,1.82,1.84,4802520,4798948,1,1
sp006,78,486,sp006_01,327,12,84556576,891,10,10,11,0.69,0.68,0.7,0.7,0.7,0.7,40180,40180,39156,0.028219,0.027823,0.028121,137,137,168,1,1,1,,,,1.99,2.04,1.86,1.86,4806344,4800780,1,1
sp007,91,570,sp007_01,328,14,1695558599,1826,10,10,11,2.27,2.27,2.3,2.28,2.28,2.31,153732,153748,152580,0.037895,0.037913,0.038116,160,160,197,1,1,1,,,,2.04,2.02,1.85,1.85,4807116,4800484,1,1
sp008,104,654,sp008_01,329,16,33999945346,3696,10,10,11,6.78,6.8,6.96,6.8,6.81,6.99,283732,282376,288756,0.048665,0.049039,0.049172,183,183,226,1,1,1,,,,2.07,2.03,1.86,1.85,4835420,4800696,1,1
sp009,117,738,sp009_01,330,18,681779022095,7447,10,10,11,20.3,20.25,20.59,20.34,20.29,20.64,1055060,1056760,1062204,0.062964,0.062541,0.062921,206,206,255,1,1,1,,,,2.1,2.06,1.86,1.86,4826644,4802852,1,1
sp010,130,822,sp010_01,331,20,13671275945845,14949,10,10,11,55.79,55.93,56.550003,55.9,56.05,56.67,2206368,2195164,2197036,0.076436,0.076619,0.078409,229,229,284,1,1,1,,,,2.15,2.09,1.89,1.86,4831552,4804000,1,1
sp011,143,906,sp011_01,332,22,274141297884341,29964,10,10,11,149.99,149.93001,152.33,150.28,150.22,152.62,4573648,4575636,4590112,0.094679,0.094435,0.094045,252,252,313,1,1,1,,,,2.2,2.12,1.9,1.88,4848144,4802616,1,1
sp012,156,990,sp012_01,333,24,5497179012654760,59994,10,10,11,395.63,395.87,400.69,396.34,396.58002,401.41,16964988,16975000,17007636,0.110994,0.111563,0.112258,275,275,342,1,1,1,,,,2.29,2.12,1.93,1.87,4861324,4804568,1,1
sp013,169,1074,sp013_01,334,26,110231392826925386,120065,10,10,11,990.82,990.48,1003.89996,992.48,992.17,1005.81,34768360,34768404,34811244,0.131336,0.129685,0.131058,298,298,371,1,1,1,,,,2.37,2.13,1.97,1.89,4884472,4804240,1,1
sp014,182,1158,sp014_01,335,28,2210399176849046821,240207,10,10,11,2470.02,2468.5,2477.13,2474.45,2472.85,2481.52,71526312,71525988,71629892,0.149463,0.148877,0.149998,321,321,400,1,1,1,,,,2.42,2.14,2.0,1.89,4906940,4820396,1,1
sp015,195,1242,sp015_01,336,30,44323712108820516566,480502,10,10,11,6089.38,6093.39,6104.8696,6100.0,6104.0,6115.0,148481484,148480172,149218016,0.172556,0.170381,0.169887,344,344,429,1,1,1,,,,2.55,2.15,2.06,1.89,4940520,4806932,1,1
sp016,208,1326,sp016_01,337,32,888794872746086303527,,10,10,11,9582.74,9582.75,9582.64,9602.0,9602.0,9602.0,543621140,543622692,544344552,0.194312,0.195969,0.197824,367,367,458,0,0,0,,,,2.7,2.19,2.12,1.88,4971616,4807712,1,1
sp017,221,1410,sp017_01,338,34,17822431566207395633927,,10,10,11,9580.76,9581.13,9580.77,9603.0,9603.0,9603.0,566773320,566816420,567157176,0.219916,0.219207,0.220104,390,390,487,0,0,0,,,,2.78,2.18,2.14,1.88,5005468,4810244,1,1
sp018,234,1494,sp018_01,339,36,357381749909002819498633,,10,10,11,9580.72,9581.279,9580.851,9603.0,9603.0,9603.0,566514380,566287964,567606028,0.246934,0.250312,0.249274,413,413,516,0,0,0,,,,2.95,2.18,2.25,1.87,5035932,4809824,1,1
sp019,247,1578,sp019_01,340,38,7166346224619009871910114,,10,10,11,9581.05,9581.069,9581.03,9603.0,9603.0,9603.0,565959448,565906744,564518996,0.281188,0.28028,0.277839,436,436,545,0,0,0,,,,3.01,2.2,2.26,1.87,5084536,4820184,1,1
sp020,260,1662,sp020_01,341,40,143702128673855407653334840,,10,10,11,9581.11,9581.19,9581.189,9603.0,9603.0,9603.0,563380684,563190964,565372208,0.312797,0.307701,0.314722,459,459,574,0,0,0,,,,3.19,2.21,2.34,1.87,5136284,4815440,1,1
sp021,273,1746,sp021_01,342,42,2881566301451636165758105547,,10,10,11,9581.359,9581.4795,9581.58,9603.0,9603.0,9603.0,564910768,564285996,566559248,0.346952,0.342588,0.346314,482,482,603,0,0,0,,,,3.54,2.23,2.46,1.88,5210440,4816796,1,1
sp022,286,1830,sp022_01,343,44,57782194503931197732687355894,,10,10,11,9581.38,9581.35,9581.13,9603.0,9603.0,9603.0,562469440,562391400,564056720,0.380097,0.381068,0.384897,505,505,632,0,0,0,,,,3.38,2.26,2.47,1.91,5249556,4822588,1,1
sp023,299,1914,sp023_01,344,46,1158669158508749446227158558267,,10,10,11,9581.869,9581.17,9581.5,9603.0,9603.0,9603.0,563615932,563361456,564371568,0.417681,0.420543,0.417297,528,528,661,0,0,0,,,,3.39,2.27,2.51,1.92,5313032,4820236,1,1
sp024,312,1998,sp024_01,345,48,23234046930980371758441616626781,,10,10,11,9581.09,9581.09,9580.54,9603.0,9603.0,9603.0,560492128,560521832,561143032,0.450845,0.455243,0.458433,551,551,690,0,0,0,,,,3.51,2.27,2.58,1.93,5389100,4820916,1,1
sp025,325,2082,sp025_01,346,50,465897389972620115812792178449781,,10,10,11,9580.96,9581.53,9581.82,9603.0,9603.0,9603.0,559846728,560073548,561344252,0.49262,0.487427,0.500617,574,574,719,0,0,0,,,,3.56,2.27,2.65,1.9,5475592,4825204,1,1
sp026,338,2166,sp026_01,347,52,9342340515541891437460512344180668,,10,10,11,9581.61,9581.19,9581.57,9603.0,9603.0,9603.0,559288512,559267848,560954916,0.566344,0.559682,0.563499,597,597,748,0,0,0,,,,3.64,2.28,2.71,1.89,5561720,4821888,1,1
sp027,351,2250,sp027_01,348,54,187335941747741429236781480678689922,,10,10,11,9581.49,9581.4,9581.42,9603.0,9603.0,9603.0,558460644,560403620,559439252,0.605555,0.608874,0.611467,620,620,777,0,0,0,,,,3.75,2.32,2.79,1.91,5665944,4829784,1,1
sp028,364,2334,sp028_01,349,56,3756527072860343096288902918096428889,,10,10,11,9581.65,9581.92,9581.08,9603.0,9603.0,9603.0,559450408,559825484,559896668,0.651806,0.651664,0.663196,643,643,806,0,0,0,,,,3.99,2.28,3.0,1.9,5765988,4828516,1,1
sp029,377,2418,sp029_01,350,58,75327219739470145246452300354951448370,,10,10,11,9581.51,9581.97,9581.77,9603.0,9603.0,9603.0,558963164,558979032,560527504,0.707888,0.712638,0.709091,666,666,835,0,0,0,,,,3.88,2.32,2.98,1.92,5871500,4838340,1,1
sp030,390,2502,sp030_01,351,60,1510488257804010989454571691497804086211,,10,10,11,9581.87,9581.88,9581.84,9603.0,9603.0,9603.0,559072736,559078872,560334760,0.758909,0.743773,0.752115,689,689,864,0,0,0,,,,3.97,2.33,3.08,1.93,6015768,4843952,1,1
hc-square-004-002,44,63,hc-square-004-002_01,352,18,234866524,94,4,4,4,0.04,0.04,0.04,0.04,0.04,0.04,34032,33012,33012,0.002242,0.00226,0.002273,110,110,104,1,1,1,,,,1.89,1.93,1.84,1.82,4790512,4794264,1,1
hc-square-005-002,54,78,hc-square-005-002_01,353,22,17433157278,137,4,4,4,0.08,0.089999996,0.08,0.09,0.09,0.09,33008,34040,34036,0.003204,0.003192,0.003197,138,138,130,1,1,1,,,,1.89,1.94,1.83,1.82,4793516,4794084,1,1
hc-square-006-002,64,93,hc-square-006-002_01,257,26,1293990170762,188,4,4,4,0.16000001,0.17,0.16,0.17,0.17,0.17,35064,34036,34032,0.004466,0.004486,0.00447,166,166,156,1,1,1,,,,1.9,1.94,1.83,1.83,4796424,4796192,1,1
hc-square-007-002,74,108,hc-square-007-002_01,354,30,96047464911400,247,4,4,4,0.32000002,0.32000002,0.31,0.33,0.33,0.32,35060,34036,35060,0.005943,0.005935,0.005893,194,194,182,1,1,1,,,,1.95,1.96,1.85,1.84,4801752,4795204,1,1
hc-square-008-002,84,123,hc-square-008-002_01,355,34,7129200610914264,314,4,4,4,0.59000003,0.57,0.55999994,0.59,0.58,0.57,36080,36084,36084,0.007623,0.007475,0.007461,222,222,208,1,1,1,,,,1.99,1.96,1.87,1.84,4824384,4796256,1,1
hc-square-009-002,94,138,hc-square-009-002_01,259,38,529170669913507910,389,4,4,4,0.99,1.01,0.95000005,1.0,1.02,0.96,37104,37108,36084,0.009323,0.009223,0.009244,250,250,234,1,1,1,,,,2.04,1.97,1.86,1.84,4816976,4796244,1,1
hc-square-010-002,104,153,hc-square-010-002_01,356,42,39278120111814364054,472,4,4,4,1.65,1.65,1.5799999,1.66,1.66,1.59,38132,39156,38132,0.011278,0.011271,0.011326,278,278,260,1,1,1,,,,2.07,2.03,1.86,1.86,4821652,4799212,1,1
hc-square-011-002,114,168,hc-square-011-002_01,357,46,2915450169923966881488,563,4,4,4,2.6599998,2.6699998,2.53,2.68,2.69,2.54,70856,71768,40180,0.013408,0.013431,0.013367,306,306,286,1,1,1,,,,2.09,2.02,1.86,1.84,4832668,4798272,1,1
hc-square-012-002,124,183,hc-square-012-002_01,261,50,216401642163954775969628,662,4,4,4,4.07,4.06,3.9299998,4.09,4.08,3.94,73080,73820,73980,0.016048,0.015773,0.016063,334,334,312,1,1,1,,,,2.11,2.01,1.88,1.83,4840672,4796952,1,1
hc-square-013-002,134,198,hc-square-013-002_01,358,54,16062586565311667817634198,769,4,4,4,6.15,6.13,5.81,6.17,6.16,5.83,78056,77120,75012,0.018689,0.018536,0.018571,362,362,338,1,1,1,,,,2.19,2.04,1.91,1.86,4853156,4798220,1,1
hc-square-014-002,144,213,hc-square-014-002_01,359,58,1192258453254501711333651114,884,4,4,4,9.08,9.009999,8.599999,9.1,9.04,8.62,152812,152756,153468,0.021553,0.021623,0.021796,390,390,364,1,1,1,,,,2.22,2.02,1.91,1.84,4865556,4814744,1,1
hc-square-015-002,154,228,hc-square-015-002_01,263,62,88496346063379822743985273712,1007,4,4,4,12.85,12.889999,12.200001,12.89,12.92,12.23,153592,152488,152752,0.024643,0.024482,0.02448,418,418,390,1,1,1,,,,2.28,2.02,1.95,1.84,4879784,4798156,1,1
hc-square-016-002,164,243,hc-square-016-002_01,360,66,6568712719286321404374469598152,1138,4,4,4,17.97,17.98,16.99,18.01,18.03,17.03,152708,153804,153512,0.028135,0.027816,0.028092,446,446,416,1,1,1,,,,2.32,2.03,1.97,1.84,4901484,4797968,1,1
hc-square-017-002,174,258,hc-square-017-002_01,361,70,487568003741215771887327606921774,1277,4,4,4,24.929998,24.939999,23.38,24.97,24.98,23.43,276736,275576,273344,0.031337,0.031652,0.031504,474,474,442,1,1,1,,,,2.41,2.03,2.01,1.85,4920216,4799220,1,1
hc-square-018-002,184,273,hc-square-018-002_01,265,74,36190128634217743215750248053447622,1424,4,4,4,33.7,33.86,31.71,33.76,33.92,31.77,287776,285736,283908,0.035001,0.035106,0.034779,502,502,468,1,1,1,,,,2.51,2.05,2.06,1.85,4939836,4797228,1,1
hc-square-019-002,194,288,hc-square-019-002_01,362,78,2686241509925626603670110545661959688,1579,4,4,4,45.109997,45.14,42.08,45.19,45.21,42.15,299216,300140,289100,0.039008,0.038658,0.039049,530,530,494,1,1,1,,,,2.59,2.05,2.11,1.86,4967188,4800236,1,1
hc-square-020-002,204,303,hc-square-020-002_01,363,82,199388444362280815484779455078579869052,1742,4,4,4,59.670002,59.66,55.46,59.77,59.76,55.55,538276,535516,528932,0.042512,0.042338,0.042516,558,558,520,1,1,1,,,,2.65,2.06,2.12,1.85,5002792,4800464,1,1
LGC_exp_instance001,13,15,LGC_exp_instance001_01,364,6,475,7,3,3,3,0.01,0.0,0.0,0.01,0.01,0.01,33016,33012,31988,0.000266,0.000257,0.000267,22,22,23,1,1,1,,,,1.85,1.95,1.81,1.84,4786116,4795152,1,1
LGC_exp_instance002,38,44,LGC_exp_instance002_01,365,18,56829420,30,3,4,6,0.01,0.01,0.02,0.02,0.02,0.02,33012,33012,33012,0.001418,0.001378,0.001646,77,75,229,1,1,1,,,,1.88,1.96,1.83,1.84,4788480,4794156,1,1
LGC_exp_instance003,75,87,LGC_exp_instance003_01,366,36,2182279538746620,95,4,4,14,0.13,0.13,0.17,0.14,0.14,0.18,34036,34036,33012,0.004996,0.005,0.009449,245,245,2421,1,1,1,,,,1.97,1.95,1.85,1.82,4813816,4796212,1,1
LGC_exp_instance004,124,144,LGC_exp_instance004_01,367,60,32514909110582995049377860,234,5,7,26,1.4,1.79,2.05,1.41,1.8,2.06,36088,37104,71412,0.014235,0.019425,0.077008,890,1694,22389,1,1,1,,,,2.94,2.01,2.29,1.85,5138088,4799156,1,1
LGC_exp_instance005,185,215,LGC_exp_instance005_01,368,90,204378652937287921022196675453652622940,515,6,9,42,11.17,16.43,19.35,11.2,16.47,19.4,74540,272144,545764,0.035759,0.075222,0.992917,2444,7666,184949,1,1,1,,,,10.98,2.04,10.11,1.86,16287488,4812980,1,1
LGC_exp_instance006,258,300,LGC_exp_instance006_01,369,126,559559103355495408560789450412405323930946227170249700,1074,7,11,62,68.72,110.28,146.04,68.82,110.45,146.3,278812,1174980,4299560,0.088219,0.540633,11.138525,6668,36994,1489525,1,1,1,,,,315.19,2.13,276.1,1.88,58905860,4812700,1,1
LGC_exp_instance007,343,399,LGC_exp_instance007_01,370,168,674516536127394145681870502747660267690305580542417422016749275459855100,2183,,13,86,,603.30005,995.81,,604.26,997.65,,8756568,33849116,,3.822038,97.112919,,172186,11862645,0,1,1,,,,,2.19,,1.9,,4818964,0,1
LGC_exp_instance008,440,512,LGC_exp_instance008_01,371,216,359060566196216750998743630035998992574155431687784356274219296186833753951411469657575287300,,,15,114,,1796.98,1796.49,,1800.12,1800.44,,35998048,135519960,,27.35391,790.806096,,802714,94290549,0,0,0,,,,,2.24,,1.91,,4839408,0,1
LGC_exp_instance009,549,639,LGC_exp_instance009_01,372,270,84438494275099881091747988728364414990814061138830113567223612334910977569433421356363593260076749810615230106377500,,,17,146,,1796.25,1796.14,,1800.23,1800.44,,73587280,146003464,,157.221182,,,3647386,,0,0,0,,,,,2.28,,1.95,,4854764,0,1
LGC_exp_instance010,670,780,LGC_exp_instance010_01,373,330,8769445788604745105477614667740361376037738950792360615150046573431042549414698097680861862760974571734891668444320449952587107456776812622500,,,19,182,,1796.09,1796.33,,1800.47,1800.46,,139174264,153021024,,909.883656,,,16377754,,0,0,0,,,,,2.33,,1.97,,4885660,0,1
SAT_exp_instance002,6,5,SAT_exp_instance002_01,374,3,21,3,1,1,2,0.01,0.0,0.0,0.01,0.01,0.01,33012,33012,33012,0.000193,8.4e-05,8.5e-05,6,6,8,1,1,1,,,,1.85,1.93,1.8,1.82,4786420,4794172,1,1
SAT_exp_instance004,18,22,SAT_exp_instance004_01,375,8,3988,13,4,4,10,0.01,0.0,0.0,0.01,0.01,0.01,33012,31988,33012,0.000461,0.00047,0.000614,51,51,218,1,1,1,,,,1.84,1.93,1.79,1.82,4788528,4795212,1,1
SAT_exp_instance006,36,51,SAT_exp_instance006_01,376,15,8181566,39,6,6,24,0.02,0.02,0.03,0.02,0.02,0.04,33012,31988,34036,0.001991,0.001985,0.016712,412,412,14084,1,1,1,,,,1.89,1.94,1.83,1.82,4794620,4794172,1,1
SAT_exp_instance008,60,92,SAT_exp_instance008_01,377,24,212905178628,95,8,11,44,0.07,0.07,1.39,0.07,0.08,1.4,34036,34036,156084,0.007413,0.010736,1.221478,2163,3771,429236,1,1,1,,,,2.39,1.94,2.05,1.83,4975876,4795196,1,1
SAT_exp_instance010,90,145,SAT_exp_instance010_01,378,35,77378485134230208,209,10,11,70,0.4,0.41,48.11,0.41,0.41,48.21,36084,36088,4593036,0.03231,0.033742,44.873016,9034,11530,8354830,1,1,1,,,,12.84,1.97,11.73,1.83,18102260,4796184,1,1
SAT_exp_instance012,126,210,SAT_exp_instance012_01,379,48,415653365128275123681600,437,12,14,102,2.27,2.37,964.73,2.28,2.39,966.49,75652,77280,76479468,0.217047,0.29387,906.891705,41618,57490,142539591,1,1,1,,,,1965.56,2.04,1179.38,1.86,64668068,4811748,1,1
SAT_exp_instance014,168,287,SAT_exp_instance014_01,380,63,34098220037949676163739599356800,891,,17,140,,15.0,9593.5205,,15.03,9611.0,,579932,571823976,,4.933408,,,435282,,0,1,0,,,,,2.05,,1.86,,4798304,0,1
SAT_exp_instance016,216,376,SAT_exp_instance016_01,381,80,43526523678932538394267340909466937163520,1795,,20,184,,88.01,1796.71,,88.22,1800.4,,4446988,139125472,,48.117631,,,3006930,,0,1,0,,,,,2.11,,1.87,,4807520,0,1
SAT_exp_instance018,270,477,SAT_exp_instance018_01,382,99,873873569991273303134209907448251231957953821107712,3597,,23,234,,663.98,9590.86,,665.24,9609.0,,37014176,556223956,,504.109399,,,20438226,,0,1,0,,,,,2.18,,1.88,,4818044,0,1
SAT_exp_instance020,330,590,SAT_exp_instance020_01,383,120,277652867496406121569286204689753837201613861210146991477922816,7193,,26,290,,7148.99,9591.221,,7164.0,9609.0,,544526996,536680816,,6284.590235,,,136134354,,0,1,0,,,,,2.25,,1.91,,4824064,0,1
suzuki_instance_3_10_2_2,308,1086,suzuki_instance_3_10_2_2_01,384,62,63666030809026528853042316005043465188781,27513,11,11,307,337.63998,337.16,334.21,338.18,337.7,334.76,2265000,2266256,2298320,0.241816,0.24197,0.250366,1364,1364,1292,1,1,1,,,,4.58,2.2,3.33,1.88,6446356,4821680,1,1
suzuki_instance_3_11_2_2,338,1193,suzuki_instance_3_11_2_2_01,385,68,568656689618946704968673431690868636207362099,55150,11,11,337,841.13,842.16,827.22003,842.38,843.42,828.51,4570704,4569464,4644540,0.2947,0.29065,0.295588,1504,1504,1424,1,1,1,,,,4.8100000000000005,2.24,3.66,1.91,6998768,4823792,1,1
suzuki_instance_3_12_2_2,368,1300,suzuki_instance_3_12_2_2_01,386,74,5079167438886921136163197043042252861907119717869,110435,11,11,367,2055.3901,2063.5,2011.64,2058.34,2066.46,2014.55,9210204,9211028,9355592,0.349859,0.347505,0.352436,1644,1644,1556,1,1,1,,,,5.4,2.27,4.13,1.92,7649652,4829236,1,1
suzuki_instance_3_13_2_2,398,1407,suzuki_instance_3_13_2_2_01,387,80,45366461598361157816823991857826456582625720201035763,221016,11,11,397,4905.63,4940.1,4750.86,4912.0,4947.0,4757.0,18521816,18520516,18857884,0.407546,0.406841,0.414979,1784,1784,1688,1,1,1,,,,6.41,2.27,4.84,1.9,8457372,4836252,1,1
suzuki_instance_3_14_2_2,428,1514,suzuki_instance_3_14_2_2_01,388,86,405207322404517013540974185499382529431898431389309556269,,11,11,427,9585.81,9585.71,9585.721,9600.0,9600.0,9600.0,36726092,36727768,37486220,0.479116,0.479412,0.492238,1924,1924,1820,0,0,0,,,,6.720000000000001,2.28,5.28,1.92,9421032,4839412,1,1
suzuki_instance_3_15_2_2,458,1621,suzuki_instance_3_15_2_2_01,389,92,3619258993215587040499992278375222152754227270671117222674355,,11,11,457,9581.99,9582.2705,9582.56,9600.0,9600.0,9600.0,71666160,71675268,73038528,0.58456,0.580722,0.601921,2064,2064,1952,0,0,0,,,,7.61,2.32,5.99,1.93,10555000,4846048,1,1
suzuki_instance_3_16_2_2,488,1728,suzuki_instance_3_16_2_2_01,390,98,32326749630884469805020004288078497229792374893732094296621301357,,11,11,487,9578.98,9580.261,9575.859,9600.0,9600.0,9600.0,138130168,138170632,139334788,0.666171,0.656765,0.686959,2204,2204,2084,0,0,0,,,,7.970000000000001,2.33,6.6,1.96,11869212,4848664,1,1
suzuki_instance_3_17_2_2,518,1835,suzuki_instance_3_17_2_2_01,391,104,288738314571244878597104857097219082257679688979603424549524521938803,,11,11,517,9581.08,9580.7,9580.71,9600.0,9600.0,9600.0,137837160,137765404,139532512,0.750696,0.758104,0.78251,2344,2344,2216,0,0,0,,,,8.95,2.36,7.62,1.95,13389204,4858896,1,1
suzuki_instance_3_18_2_2,548,1942,suzuki_instance_3_18_2_2_01,392,110,2578972994606081552998840647058156752439353181016076849493119618726131373,,11,11,547,9581.22,9581.681,9581.529,9600.0,9600.0,9600.0,135645640,135792816,137056088,0.855866,0.841373,0.878322,2484,2484,2348,0,0,0,,,,10.63,2.35,8.83,1.95,15194764,4866316,1,1
suzuki_instance_3_19_2_2,578,2049,suzuki_instance_3_19_2_2_01,393,116,23035050671345283351719367626055496431223513403127042193714323394717562801971,,11,11,577,9581.931,9581.75,9581.71,9600.0,9600.0,9600.0,134687132,134498364,135479924,0.928892,0.958937,0.983651,2624,2624,2480,0,0,0,,,,11.46,2.38,9.86,1.96,17195728,4877328,1,1
suzuki_instance_3_20_2_2,608,2156,suzuki_instance_3_20_2_2_01,394,122,205746070447896241656443684984037067255695036534260513913829729196842401292320493,,11,11,607,9582.22,9582.67,9582.05,9600.0,9600.0,9600.0,134340720,134372692,134099580,1.037695,1.049812,1.102233,2764,2764,2612,0,0,0,,,,13.31,2.41,11.25,1.98,19486836,4888784,1,1
suzuki_instance_3_4_2_2,128,444,suzuki_instance_3_4_2_2_01,395,26,125387290952498413,363,11,11,127,0.62,0.62,0.65,0.63,0.63,0.67,37108,37108,37108,0.0429,0.043278,0.044039,524,524,500,1,1,1,,,,2.48,2.08,2.06,1.87,4953856,4812392,1,1
suzuki_instance_3_5_2_2,158,551,suzuki_instance_3_5_2_2_01,396,32,1119942917786002694387,784,11,11,157,2.16,2.15,2.1599998,2.18,2.16,2.17,70064,71124,70480,0.064512,0.065231,0.065106,664,664,632,1,1,1,,,,2.84,2.08,2.24,1.86,5056644,4798044,1,1
suzuki_instance_3_6_2_2,188,658,suzuki_instance_3_6_2_2_01,397,38,10003184184743758214255917,1637,11,11,187,6.5099998,6.52,6.59,6.53,6.54,6.61,152876,152780,153192,0.090012,0.091761,0.091257,804,804,764,1,1,1,,,,3.17,2.1,2.38,1.88,5200424,4802484,1,1
suzuki_instance_3_7_2_2,218,765,suzuki_instance_3_7_2_2_01,398,44,89347137426326164248329789619,3354,11,11,217,18.859999,18.86,19.099998,18.9,18.9,19.15,278500,278392,281840,0.121383,0.122939,0.123557,944,944,896,1,1,1,,,,4.220000000000001,2.15,2.91,1.89,5415912,4807664,1,1
suzuki_instance_3_8_2_2,248,872,suzuki_instance_3_8_2_2_01,399,50,798036986916937705245927179287917,6799,11,11,247,50.66,51.01,50.73,50.75,51.1,50.82,558432,558168,567228,0.156695,0.158835,0.161524,1084,1084,1028,1,1,1,,,,3.61,2.19,2.72,1.87,5665916,4816824,1,1
suzuki_instance_3_9_2_2,278,979,suzuki_instance_3_9_2_2_01,400,56,7127962359313926592651731204666511475,13700,11,11,277,133.81,134.59,132.41,134.03,134.82,132.64,1121236,1122056,1141376,0.200839,0.198734,0.203775,1224,1224,1160,1,1,1,,,,4.109999999999999,2.21,3.05,1.88,6028160,4817292,1,1
suzuki_instance_3_10_2_3,462,2559,suzuki_instance_3_10_2_3_01,401,62,5685294876780307085286656129015170472504012313580,27513,17,17,461,578.76,583.04,578.88,579.64,583.93,579.77,4293024,4291452,4354684,0.933452,0.952564,0.999085,2046,2046,1938,1,1,1,,,,7.19,2.36,5.46,1.95,9642380,4846824,1,1
suzuki_instance_3_11_2_3,507,2811,suzuki_instance_3_11_2_3_01,402,68,297053356833130498046842386493717118445975204208510597,55150,17,17,506,1446.42,1443.41,1428.15,1448.5,1445.56,1430.24,8634060,8633056,8769352,1.227157,1.232158,1.273182,2256,2256,2136,1,1,1,,,,7.81,2.38,6.3,1.95,11190580,4863808,1,1
suzuki_instance_3_12_2_3,552,3063,suzuki_instance_3_12_2_3_01,403,74,15520865446438123865698137776787370340512054876661596017772,110435,17,17,551,3484.99,3463.66,3404.38,3490.13,3468.66,3409.31,17348196,17348284,17613284,1.448649,1.467542,1.558568,2466,2466,2334,1,1,1,,,,9.14,2.4,7.45,1.98,13167616,4868004,1,1
suzuki_instance_3_13_2_3,597,3315,suzuki_instance_3_13_2_3_01,404,80,810956209263646734902287892470949536167033789941127227106079339,221016,17,17,596,8429.37,8387.78,8222.22,8441.0,8399.0,8233.0,34786944,34786120,35388160,1.700045,1.702803,1.834088,2676,2676,2532,1,1,1,,,,10.18,2.42,8.72,1.97,15565100,4885324,1,1
suzuki_instance_3_14_2_3,642,3567,suzuki_instance_3_14_2_3_01,405,86,42371991150415351253763796628419929132706766921673666846547908370816,,17,17,641,9580.51,9574.19,9571.6,9600.0,9600.0,9600.0,68601628,68583956,69886332,1.986936,1.993707,2.122206,2886,2886,2730,0,0,0,,,,12.45,2.49,10.73,1.98,18333672,4900296,1,1
suzuki_instance_3_15_2_3,687,3819,suzuki_instance_3_15_2_3_01,406,92,2213911939438873187790612775592103903967231260949938268585188482722001665,,17,17,686,9580.31,9580.3,9580.92,9600.0,9600.0,9600.0,137275036,137266564,139435732,2.253552,2.261101,2.443974,3096,3096,2928,0,0,0,,,,14.36,2.51,12.71,2.0,21650860,4915476,1,1
suzuki_instance_3_16_2_3,732,4071,suzuki_instance_3_16_2_3_01,407,98,115675613595561389858571836003725480008470730881273290601020692387477550621336,,17,17,731,9580.89,9580.95,9581.07,9600.0,9600.0,9600.0,139187444,139145492,140855704,2.726257,2.749185,2.911101,3306,3306,3126,0,0,0,,,,16.66,2.5,14.86,2.02,25604088,4934328,1,1
suzuki_instance_3_17_2_3,777,4323,suzuki_instance_3_17_2_3_01,408,104,6043983657317945690023415345536758706058213067793675705287969170924513589960047551,,17,17,776,9581.52,9581.5205,9581.57,9600.0,9600.0,9600.0,138662600,138538012,139269896,3.070141,3.042641,3.276373,3516,3516,3324,0,0,0,,,,19.0,2.58,17.43,2.06,30126352,4951700,1,1
suzuki_instance_3_18_2_3,822,4575,suzuki_instance_3_18_2_3_01,409,110,315794637386977301824710419775120266593423689906753394793920574193998519457876660732532,,17,17,821,9582.29,9582.07,9582.359,9600.0,9600.0,9600.0,137677244,137635752,138009836,3.50069,3.476826,3.661935,3726,3726,3522,0,0,0,,,,22.1,2.66,20.52,2.1,35401908,4971304,1,1
suzuki_instance_3_19_2_3,867,4827,suzuki_instance_3_19_2_3_01,410,116,16500086475519460671465892935093131843186905222542813909728644772141868180984525410900012413,,17,17,866,9582.391,9582.31,9582.45,9600.0,9600.0,9600.0,134904700,134788636,136369864,3.892835,3.88348,4.083483,3936,3936,3720,0,0,0,,,,25.04,2.66,23.52,2.09,41450404,4998360,1,1
suzuki_instance_3_20_2_3,912,5079,suzuki_instance_3_20_2_3_01,411,122,862119939566926114585904010553445717545646652417433118884707035332150842736079179060087306455460,,17,17,911,9582.94,9582.78,9583.17,9600.0,9600.0,9600.0,134134492,134188088,135176104,4.280412,4.355139,4.586538,4146,4146,3918,0,0,0,,,,29.54,2.73,27.66,2.12,48356272,5028172,1,1
suzuki_instance_3_4_2_3,192,1047,suzuki_instance_3_4_2_3_01,412,26,279424316966618343604,363,17,17,191,1.13,1.13,1.1700001,1.13,1.14,1.18,41204,41204,40184,0.151699,0.151677,0.153044,786,786,750,1,1,1,,,,3.31,2.13,2.43,1.87,5266828,4806888,1,1
suzuki_instance_3_5_2_3,237,1299,suzuki_instance_3_5_2_3_01,413,32,14599757659552808618553475,784,17,17,236,3.6499999,3.6499999,3.75,3.66,3.67,3.77,79180,79744,80220,0.225308,0.225652,0.230332,996,996,948,1,1,1,,,,3.66,2.21,2.62,1.87,5574136,4817960,1,1
suzuki_instance_3_6_2_3,282,1551,suzuki_instance_3_6_2_3_01,414,38,762828863111767204090605371704,1637,17,17,281,11.21,11.21,11.57,11.24,11.24,11.6,154544,155468,271584,0.329029,0.328044,0.342727,1206,1206,1146,1,1,1,,,,4.37,2.24,3.02,1.91,6023816,4818852,1,1
suzuki_instance_3_7_2_3,327,1803,suzuki_instance_3_7_2_3_01,415,44,39857365251895888743559670313178249,3354,17,17,326,32.190002,32.07,33.030003,32.25,32.13,33.1,531636,530712,539648,0.443116,0.438112,0.456093,1416,1416,1344,1,1,1,,,,4.890000000000001,2.27,3.5,1.91,6602640,4821988,1,1
suzuki_instance_3_8_2_3,372,2055,suzuki_instance_3_8_2_3_01,416,50,2082524196056536802687690195561640899488,6799,17,17,371,86.96999,86.810005,87.590004,87.12,86.96,87.74,1064148,1064580,1075516,0.59984,0.601208,0.636273,1626,1626,1542,1,1,1,,,,5.65,2.29,4.04,1.9,7369168,4834196,1,1
suzuki_instance_3_9_2_3,417,2307,suzuki_instance_3_9_2_3_01,417,56,108810680278228827478442259611303322486183127,13700,17,17,416,228.07,229.66,229.26,228.43,230.03,229.63,2138736,2137420,2167948,0.764861,0.774234,0.816116,1836,1836,1740,1,1,1,,,,5.78,2.31,4.47,1.93,8395236,4837448,1,1
suzuki_instance_2_10_2_2,208,716,suzuki_instance_2_10_2_2_01,418,42,6558690546362725829645703821,472,9,9,207,5.2400002,5.25,5.2200003,5.26,5.27,5.23,154004,153500,154220,0.106888,0.106824,0.108625,556,556,520,1,1,1,,,,3.14,2.13,2.42,1.88,5235260,4807672,1,1
suzuki_instance_2_11_2_2,228,786,suzuki_instance_2_11_2_2_01,419,46,2940675728764944971284823499545,563,9,9,227,8.34,8.389999,8.110001,8.36,8.42,8.14,154472,153332,153580,0.127328,0.128153,0.130173,612,612,572,1,1,1,,,,3.62,2.12,2.59,1.86,5371316,4809816,1,1
suzuki_instance_2_12_2_2,248,856,suzuki_instance_2_12_2_2_01,399,50,1318490890920742269501211023281781,662,9,9,247,12.83,12.940001,12.4,12.86,12.97,12.43,274864,275864,272108,0.152898,0.152817,0.154915,668,668,624,1,1,1,,,,3.58,2.16,2.71,1.88,5532068,4813160,1,1
suzuki_instance_2_13_2_2,268,926,suzuki_instance_2_13_2_2_01,420,54,591162844796590793630071899127463265,769,9,9,267,19.18,19.210001,18.36,19.22,19.26,18.4,290456,290420,285508,0.176669,0.178849,0.181781,724,724,676,1,1,1,,,,3.78,2.18,2.85,1.88,5753624,4827540,1,1
suzuki_instance_2_14_2_2,288,996,suzuki_instance_2_14_2_2_01,421,58,265055687130269151769894293463713635741,884,9,9,287,28.31,28.189999,26.97,28.37,28.25,27.02,543400,544052,535096,0.207234,0.207415,0.210774,780,780,728,1,1,1,,,,3.92,2.25,2.96,1.91,5984328,4824080,1,1
suzuki_instance_2_15_2_2,308,1066,suzuki_instance_2_15_2_2_01,384,62,118841226065674894587740668021552491345385,1007,9,9,307,40.13,39.84,38.01,40.2,39.91,38.08,567084,566192,555008,0.237696,0.236377,0.240744,836,836,780,1,1,1,,,,4.12,2.23,3.15,1.88,6263984,4823992,1,1
suzuki_instance_2_16_2_2,328,1136,suzuki_instance_2_16_2_2_01,422,66,53284036896939244677775714648097170144477701,1138,9,9,327,55.920002,56.25,52.17,56.01,56.35,52.26,1052672,1051832,570852,0.26754,0.267966,0.270882,892,892,832,1,1,1,,,,4.48,2.26,3.48,1.91,6590488,4824596,1,1
suzuki_instance_2_17_2_2,348,1206,suzuki_instance_2_17_2_2_01,423,70,23890603303481318489201407559578041427651337905,1277,9,9,347,77.009995,77.18,71.939995,77.14,77.33,72.06,1098964,1097600,1070724,0.29938,0.296853,0.305006,948,948,884,1,1,1,,,,4.359999999999999,2.23,3.54,1.88,6983956,4825032,1,1
suzuki_instance_2_18_2_2,368,1276,suzuki_instance_2_18_2_2_01,386,74,10711668248940392945112931222160280248064324191661,1424,9,9,367,104.149994,104.15,96.83,104.32,104.33,96.990005,1143996,1143312,1106364,0.332261,0.33457,0.345373,1004,1004,936,1,1,1,,,,5.029999999999999,2.25,4.0,1.89,7426496,4829344,1,1
suzuki_instance_2_19_2_2,388,1346,suzuki_instance_2_19_2_2_01,424,78,4802718257794601283142046295841752341768306917136825,1579,9,9,387,139.67,140.18001,128.98001,139.88,140.4,129.17,2108232,2108140,1149328,0.385146,0.371198,0.386144,1060,1060,988,1,1,1,,,,5.45,2.28,4.34,1.92,7950780,4835588,1,1
suzuki_instance_2_20_2_2,408,1416,suzuki_instance_2_20_2_2_01,425,82,2153362308063949620746303257670304057539674961384489621,1742,9,9,407,184.39,184.43001,169.40999,184.67,184.73,169.69,2197448,2197412,2121728,0.411802,0.416875,0.423962,1116,1116,1040,1,1,1,,,,5.73,2.28,4.68,1.91,8517284,4836400,1,1
suzuki_instance_2_4_2_2,88,296,suzuki_instance_2_4_2_2_01,426,18,807304121941,94,9,9,87,0.11,0.11,0.11,0.12,0.11,0.12,34036,35060,35060,0.01916,0.019292,0.019454,220,220,208,1,1,1,,,,2.07,1.98,1.87,1.83,4827616,4797240,1,1
suzuki_instance_2_5_2_2,108,366,suzuki_instance_2_5_2_2_01,427,22,361965481870785,137,9,9,107,0.24000001,0.25,0.25,0.25,0.26,0.25,36084,35056,36084,0.029005,0.028968,0.029212,276,276,260,1,1,1,,,,2.17,2.03,1.9,1.85,4860444,4799236,1,1
suzuki_instance_2_6_2_2,128,436,suzuki_instance_2_6_2_2_01,395,26,162292015497931901,188,9,9,127,0.5,0.49,0.5,0.5,0.5,0.51,36084,37108,37108,0.040488,0.040961,0.041154,332,332,312,1,1,1,,,,2.27,2.1,1.94,1.89,4893700,4802412,1,1
suzuki_instance_2_7_2_2,148,506,suzuki_instance_2_7_2_2_01,428,30,72765773528499327305,247,9,9,147,0.96000004,0.98,0.97,0.97,0.99,0.98,38132,38132,40180,0.054116,0.054556,0.055269,388,388,364,1,1,1,,,,2.5,2.08,2.05,1.86,4953312,4805408,1,1
suzuki_instance_2_8_2_2,168,576,suzuki_instance_2_8_2_2_01,429,34,32625497816604949157861,314,9,9,167,1.8,1.79,1.7800001,1.82,1.79,1.79,72968,73148,72140,0.070036,0.069069,0.070953,444,444,416,1,1,1,,,,2.66,2.08,2.12,1.85,5021024,4806984,1,1
suzuki_instance_2_9_2_2,188,646,suzuki_instance_2_9_2_2_01,397,38,14628073834245660412798225,389,9,9,187,3.12,3.12,3.09,3.14,3.14,3.1,78248,77044,76312,0.087205,0.087069,0.088944,500,500,468,1,1,1,,,,3.3,2.1,2.46,1.88,5117992,4804528,1,1
suzuki_instance_2_10_2_3,312,1689,suzuki_instance_2_10_2_3_01,430,42,1874660574751334469860327499409990,472,14,14,311,9.01,9.0,9.0,9.04,9.03,9.02,272516,271484,270128,0.386067,0.383332,0.399198,834,834,780,1,1,1,,,,3.83,2.27,2.95,1.91,5924400,4822036,1,1
suzuki_instance_2_11_2_3,342,1854,suzuki_instance_2_11_2_3_01,431,46,2769505010261921082592573804929936952,563,14,14,341,14.089999,14.21,13.83,14.12,14.25,13.86,286456,286460,283712,0.464035,0.46611,0.494877,918,918,858,1,1,1,,,,5.02,2.28,3.59,1.91,6313732,4829824,1,1
suzuki_instance_2_12_2_3,372,2019,suzuki_instance_2_12_2_3_01,416,50,4091491603957850724017436965045194606492,662,14,14,371,21.45,21.61,20.66,21.5,21.66,20.71,530364,530016,298328,0.594828,0.58933,0.604705,1002,1002,936,1,1,1,,,,4.77,2.27,3.63,1.9,6752376,4827660,1,1
suzuki_instance_2_13_2_3,402,2184,suzuki_instance_2_13_2_3_01,432,54,6044511016672398479454560608676295299263018,769,14,14,401,31.820002,32.170002,30.93,31.88,32.24,30.99,558836,558784,552128,0.696108,0.703629,0.721344,1086,1086,1014,1,1,1,,,,5.0,2.33,3.9,1.92,7311868,4836544,1,1
suzuki_instance_2_14_2_3,432,2349,suzuki_instance_2_14_2_3_01,433,58,8929778420009774016068432642916543647880937642,884,14,14,431,46.22,46.28,44.489998,46.31,46.37,44.57,593632,593220,579244,0.796785,0.788929,0.841156,1170,1170,1092,1,1,1,,,,5.359999999999999,2.35,4.28,1.95,7968124,4841428,1,1
suzuki_instance_2_15_2_3,462,2514,suzuki_instance_2_15_2_3_01,401,62,13192290064576793587158597864491637507770301077296,1007,14,14,461,65.99,66.12,63.13,66.09,66.23,63.24,1082192,1081932,1067124,0.922392,0.914394,0.978982,1254,1254,1170,1,1,1,,,,5.96,2.37,4.82,1.95,8760532,4849684,1,1
suzuki_instance_2_16_2_3,492,2679,suzuki_instance_2_16_2_3_01,434,66,19489455276734749087424541909137255302197790229882344,1138,14,14,491,92.09,91.869995,86.85,92.25,92.03,87.01,1131688,1131676,1096896,1.039445,1.056748,1.114596,1338,1338,1248,1,1,1,,,,6.550000000000001,2.34,5.36,1.93,9667040,4852600,1,1
suzuki_instance_2_17_2_3,522,2844,suzuki_instance_2_17_2_3_01,435,70,28792489031435583518091314088456983183173810004480116618,1277,14,14,521,127.25,126.53,118.39,127.47,126.73,118.59,2114664,2113556,1160884,1.243494,1.228647,1.357033,1422,1422,1326,1,1,1,,,,7.58,2.38,6.35,1.96,10759328,4861048,1,1
suzuki_instance_2_18_2_3,552,3009,suzuki_instance_2_18_2_3_01,403,74,42536202928921970451593051591547721633403543472584072487958,1424,14,14,551,171.01,171.13,159.86,171.27,171.39,160.1,2186696,2185584,2136428,1.410565,1.410823,1.48436,1506,1506,1404,1,1,1,,,,8.09,2.4,6.83,1.96,12040684,4872364,1,1
suzuki_instance_2_19_2_3,582,3174,suzuki_instance_2_19_2_3_01,436,78,62840296913372394297278015774672363406294142104123320861548240,1579,14,14,581,228.68,227.57,211.66,229.05,227.92,211.99,2263356,2263468,2195644,1.548938,1.569636,1.683471,1590,1590,1482,1,1,1,,,,9.06,2.42,7.7,1.99,13493744,4880368,1,1
suzuki_instance_2_20_2_3,612,3339,suzuki_instance_2_20_2_3_01,437,82,92836281667158209619484775759835272306896191785416034244960496828,1742,14,14,611,302.62,303.52002,276.15,303.08,303.99,276.57,4236528,4240736,2281888,1.755884,1.738917,1.884197,1674,1674,1560,1,1,1,,,,10.39,2.46,8.94,1.99,15144060,4889160,1,1
suzuki_instance_2_4_2_3,132,699,suzuki_instance_2_4_2_3_01,438,18,180320709759388,94,14,14,131,0.21000001,0.21000001,0.21000001,0.22,0.22,0.22,36084,36088,36084,0.068471,0.068253,0.06898,330,330,312,1,1,1,,,,2.33,2.09,2.0,1.88,4899512,4801288,1,1
suzuki_instance_2_5_2_3,162,864,suzuki_instance_2_5_2_3_01,439,22,266394405319018354,137,14,14,161,0.45000002,0.46,0.48000002,0.46,0.46,0.49,38132,37108,38132,0.1036,0.103543,0.123701,414,414,390,1,1,1,,,,2.51,2.09,2.04,1.86,4975236,4802600,1,1
suzuki_instance_2_6_2_3,192,1029,suzuki_instance_2_6_2_3_01,412,26,393554252451204693994,188,14,14,191,0.92,0.93,0.93,0.92,0.94,0.93,41200,41200,40180,0.144955,0.143011,0.145774,498,498,468,1,1,1,,,,2.83,2.12,2.19,1.87,5068532,4820092,1,1
suzuki_instance_2_7_2_3,222,1194,suzuki_instance_2_7_2_3_01,440,30,581412170617301011055272,247,14,14,221,1.76,1.75,1.79,1.77,1.75,1.8,73748,74408,74488,0.192774,0.192115,0.195725,582,582,546,1,1,1,,,,3.34,2.19,2.41,1.88,5206528,4811572,1,1
suzuki_instance_2_8_2_3,252,1359,suzuki_instance_2_8_2_3_01,441,34,858941581873841971077624184,314,14,14,251,3.1599998,3.1299999,3.12,3.18,3.14,3.13,80916,79548,81008,0.244041,0.243513,0.254004,666,666,624,1,1,1,,,,3.63,2.21,2.66,1.89,5390588,4815348,1,1
suzuki_instance_2_9_2_3,282,1524,suzuki_instance_2_9_2_3_01,414,38,1268945987642259965385005581186,389,14,14,281,5.44,5.45,5.46,5.46,5.46,5.48,155460,155452,155352,0.313708,0.315885,0.323486,750,750,702,1,1,1,,,,3.87,2.22,2.79,1.87,5633588,4818448,1,1
ph-03-02,41,57,ph-03-02_01,442,17,121582107,13,5,6,13,0.01,0.01,0.03,0.02,0.02,0.04,33012,33012,34040,0.002166,0.002272,0.003128,265,353,892,1,1,1,,,,1.88,1.94,1.82,1.82,4794540,4794240,1,1
ph-03-03,59,87,ph-03-03_01,443,23,279340917727,34,7,8,20,5.42,5.4,30.72,5.43,5.42,30.81,285848,287940,1148600,0.005001,0.005645,0.026552,834,1226,10204,1,1,1,,,,2.24,1.96,1.97,1.84,4919952,4796176,1,1
ph-04-03,89,132,ph-04-03_01,444,36,391184729725936525,31,9,10,26,0.62,0.58,225.7,0.62,0.59,226.17,40180,40176,2142948,0.01583,0.01652,0.484457,4354,5058,108816,1,1,1,,,,15.33,1.97,14.43,1.83,21548432,4795244,1,1
ph-04-04,117,182,ph-04-04_01,445,46,74825062231393217887911,,10,11,35,9579.2295,9579.18,9578.65,9600.0,9600.0,9600.0,267936552,268608976,71111164,0.039561,0.042706,25.276302,10316,11660,2265360,0,0,0,,,,110.68,2.03,100.04,1.86,58735516,4798180,1,1
ph-05-04,165,256,ph-05-04_01,446,67,753738554891557952055688747206339,61,,17,43,,153.0,9579.409,,153.39,9600.0,,4204424,273084832,,1.571782,693.916601,,355369,45443928,0,1,0,,,,,2.02,,1.84,,4797948,0,1
ph-05-05,205,331,ph-05-05_01,447,82,34186289117229456276370041652678426068693,,,19,54,,1796.1799,1796.11,,1800.06,1800.41,,17974388,139396276,,5.182014,,,567300,,0,0,0,,,,,2.08,,1.85,,4803364,0,1
ph-06-05,275,441,ph-06-05_01,448,113,22353448597842287861628828809135856971564909322470507445,,,22,64,,9578.84,9590.15,,9600.0,9609.0,,36162876,577124668,,57.815858,,,4703433,,0,0,0,,,,,2.19,,1.87,,4816040,0,1
ph-06-06,329,546,ph-06-06_01,449,134,712081938752035057893383624500702381356344163108636740161703247481,,,25,77,,9578.859,9589.14,,9600.0,9608.0,,147001368,559583008,,721.283714,,,8654645,,0,0,0,,,,,2.19,,1.89,,4841280,0,1
ph-07-06,425,699,ph-07-06_01,450,177,,,,29,89,,9548.91,9580.391,,9610.0,9607.0,,671834560,588804792,,,,,,,0,0,0,,,,,2.25,,1.91,,4839536,0,1
ph-07-07,495,839,ph-07-07_01,451,205,,,,36,104,,9605.15,9585.13,,9626.0,9606.0,,1060203684,610664620,,,,,,,0,0,0,,,,,2.29,,1.94,,4856636,0,1
ph-08-07,621,1042,ph-08-07_01,452,262,,,,41,118,,9605.7295,9584.1,,9626.0,9605.0,,1063307724,589719660,,,,,,,0,0,0,,,,,2.38,,1.97,,4886488,0,1
ph-08-08,709,1222,ph-08-08_01,453,298,,,,49,135,,9607.109,9582.96,,9628.0,9604.0,,1052286668,579252656,,,,,,,0,0,0,,,,,2.4,,1.99,,4917808,0,1
ph-09-08,869,1482,ph-09-08_01,454,371,,,,55,151,,9605.75,9583.64,,9628.0,9605.0,,1053202576,598645776,,,,,,,0,0,0,,,,,2.47,,2.06,,5013472,0,1
ph-09-09,977,1707,ph-09-09_01,455,416,,,,64,170,,9604.631,9584.199,,9626.0,9606.0,,1068714500,612380460,,,,,,,0,0,0,,,,,2.54,,2.1,,5069680,0,1
ph-10-09,1175,2031,ph-10-09_01,456,507,,,,71,188,,9582.2,9582.45,,9604.0,9605.0,,593686308,610822524,,,,,,,0,0,0,,,,,2.66,,2.17,,5208956,0,1
ph-10-10,1305,2306,ph-10-10_01,457,562,,,,81,209,,1795.97,1795.77,,1800.55,1800.49,,145386068,142726676,,,,,,,0,0,0,,,,,2.79,,2.26,,5346700,0,1
ph-11-10,1545,2701,ph-11-10_01,458,673,,,,89,229,,1796.12,1795.7,,1800.61,1800.51,,144673868,144942864,,,,,,,0,0,0,,,,,2.89,,2.38,,5628180,0,1
ph-11-11,1699,3031,ph-11-11_01,459,739,,,,100,252,,9587.03,9582.109,,9615.0,9605.0,,924567320,593251044,,,,,,,0,0,0,,,,,2.94,,2.47,,5868232,0,1
ph-12-11,1985,3504,ph-12-11_01,460,872,,,,109,274,,1796.35,1795.73,,1800.74,1800.57,,150663916,147169060,,,,,,,0,0,0,,,,,3.23,,2.74,,6430736,0,1
ph-12-12,2165,3894,ph-12-12_01,461,950,,,,121,299,,1796.2799,1795.58,,1800.69,1800.53,,144866428,141268028,,,,,,,0,0,0,,,,,3.4,,2.94,,6856276,0,1
ph-13-12,2501,4452,ph-13-12_01,462,1107,,,,131,323,,1796.41,1795.6901,,1800.64,1800.53,,145092700,138400380,,,,,,,0,0,0,,,,,3.82,,3.38,,7869096,0,1
ph-13-13,2709,4907,ph-13-13_01,463,1198,,,,144,350,,1796.4099,1795.67,,1800.69,1800.56,,146100464,140014760,,,,,,,0,0,0,,,,,4.22,,3.74,,8647628,0,1
ph-14-13,3099,5557,ph-14-13_01,464,1381,,,,155,376,,1796.6901,1795.83,,1800.63,1800.57,,145486548,142086524,,,,,,,0,0,0,,,,,5.050000000000001,,4.48,,10425152,0,1
ph-14-14,3337,6082,ph-14-14_01,465,1486,,,,169,405,,1796.51,1795.69,,1800.65,1800.58,,144757000,143848724,,,,,,,0,0,0,,,,,5.53,,5.06,,11760128,0,1
ph-15-14,3785,6831,ph-15-14_01,466,1697,,,,181,433,,1796.4,1795.85,,1800.54,1800.64,,141888260,145945596,,,,,,,0,0,0,,,,,7.0600000000000005,,6.25,,14717812,0,1
ph-15-15,4055,7431,ph-15-15_01,467,1817,,,,196,464,,1796.48,1795.9401,,1800.54,1800.65,,142249136,147811528,,,,,,,0,0,0,,,,,7.99,,7.15,,16833272,0,1
ph-16-15,4565,8286,ph-16-15_01,468,2058,,,,209,494,,1796.37,1795.7001,,1800.59,1800.57,,145877420,145566872,,,,,,,0,0,0,,,,,10.05,,9.09,,21669340,0,1
ph-16-16,4869,8966,ph-16-16_01,469,2194,,,,225,527,,1796.4099,1795.9199,,1800.59,1800.65,,146302744,144915436,,,,,,,0,0,0,,,,,11.49,,10.52,,25095632,0,1
ph-17-16,5445,9934,ph-17-16_01,470,2467,,,,239,559,,1796.47,1795.89,,1800.62,1800.66,,141156664,139933580,,,,,,,0,0,0,,,,,14.84,,13.83,,32781340,0,1
ph-17-17,5785,10699,ph-17-17_01,471,2620,,,,256,594,,1796.55,1795.86,,1800.64,1800.66,,140832172,139527428,,,,,,,0,0,0,,,,,16.93,,15.94,,38156600,0,1
ph-18-17,6431,11787,ph-18-17_01,472,2927,,,,271,628,,1796.5801,1795.96,,1800.66,1800.7,,139900660,139606328,,,,,,,0,0,0,,,,,21.14,,20.08,,50087548,0,1
ph-18-18,6809,12642,ph-18-18_01,473,3098,,,,289,665,,1796.48,1796.1699,,1800.65,1800.79,,140352616,143838964,,,,,,,0,0,0,,,,,24.48,,23.43,,58360620,0,1
ph-19-18,7529,13857,ph-19-18_01,474,3441,,,,305,701,,1796.6,1796.18,,1800.72,1800.84,,142296372,144630236,,,,,,,0,0,0,,,,,29.39,,26.98,,58496472,0,1
ph-19-19,7947,14807,ph-19-19_01,475,3631,,,,324,740,,1796.6299,1796.24,,1800.75,1800.88,,142592120,146859096,,,,,,,0,0,0,,,,,32.01,,29.94,,58489140,0,1
ph-20-19,8745,16156,ph-20-19_01,476,4012,,,,341,778,,0.08,0.07,,0.08,0.08,,39156,39156,,,,,,,0,-1,-1,,The number of vertices,The number of vertices,,40.01,,36.77,,58498404,0,1
ph-20-20,9205,17206,ph-20-20_01,477,4222,,,,361,819,,0.08,0.08,,0.09,0.09,,40180,40180,,,,,,,0,-1,-1,,The number of vertices,The number of vertices,,44.33,,41.09,,58509752,0,1
random_instance001_graph001,13,39,random_instance001_graph001_01,478,3,125,4,6,6,9,0.01,0.0,0.01,0.01,0.01,0.01,33012,33008,33012,0.00061,0.000614,0.000632,25,25,39,1,1,1,,,,1.84,1.95,1.79,1.84,4786224,4794160,1,1
random_instance001_graph002,13,39,random_instance001_graph002_01,479,3,93,4,6,7,8,0.01,0.0,0.0,0.01,0.01,0.01,33012,31988,31992,0.000616,0.000663,0.000671,27,28,38,1,1,1,,,,1.85,1.95,1.8,1.84,4786140,4794184,1,1
random_instance001_graph003,13,39,random_instance001_graph003_01,480,3,94,3,7,7,10,0.01,0.01,0.01,0.01,0.01,0.01,31988,33012,33008,0.000656,0.000636,0.000643,34,34,38,1,1,1,,,,1.83,1.93,1.79,1.81,4786408,4795156,1,1
random_instance001_graph004,13,39,random_instance001_graph004_01,481,4,94,6,7,7,9,0.01,0.0,0.0,0.01,0.01,0.01,33012,33012,31988,0.000815,0.000609,0.000658,32,32,40,1,1,1,,,,1.83,1.96,1.79,1.84,4786456,4794120,1,1
random_instance001_graph005,13,39,random_instance001_graph005_01,482,3,105,4,6,6,10,0.0,0.0,0.01,0.01,0.01,0.01,33012,31988,33012,0.00064,0.000629,0.000648,26,26,50,1,1,1,,,,1.83,1.93,1.78,1.82,4786456,4793120,1,1
random_instance002_graph001,26,78,random_instance002_graph001_01,483,8,13630,8,9,9,18,0.01,0.01,0.01,0.01,0.01,0.02,33012,31988,33012,0.002353,0.002351,0.0028,186,186,476,1,1,1,,,,1.83,1.94,1.78,1.82,4789220,4794148,1,1
random_instance002_graph002,26,78,random_instance002_graph002_01,484,7,12722,9,10,10,15,0.02,0.02,0.02,0.02,0.02,0.03,31984,33012,33012,0.003109,0.003103,0.006369,352,352,616,1,1,1,,,,1.85,1.95,1.8,1.84,4788416,4794164,1,1
random_instance002_graph003,26,78,random_instance002_graph003_01,485,8,14046,9,11,11,16,0.01,0.02,0.01,0.02,0.02,0.02,33012,33012,31988,0.003151,0.003152,0.004647,321,321,658,1,1,1,,,,1.88,1.95,1.82,1.83,4789424,4794204,1,1
random_instance002_graph004,26,78,random_instance002_graph004_01,486,8,14355,10,11,11,15,0.01,0.02,0.01,0.02,0.02,0.02,33012,33012,33012,0.003697,0.00369,0.003741,341,341,608,1,1,1,,,,1.85,1.94,1.79,1.83,4790524,4794940,1,1
random_instance002_graph005,26,78,random_instance002_graph005_01,487,7,11926,9,10,10,18,0.02,0.01,0.01,0.02,0.02,0.02,33012,33012,33012,0.002855,0.002866,0.005229,254,254,1095,1,1,1,,,,1.84,1.94,1.8,1.82,4788484,4794212,1,1
random_instance003_graph001,39,117,random_instance003_graph001_01,488,12,1797410,12,13,14,26,0.1,0.13,0.26999998,0.11,0.14,0.27,35056,35056,37104,0.016308,0.017903,0.050402,2244,2906,8874,1,1,1,,,,2.04,1.96,1.85,1.84,4836508,4795212,1,1
random_instance003_graph002,39,117,random_instance003_graph002_01,489,14,2283228,10,13,14,21,0.03,0.03,0.060000002,0.04,0.04,0.06,33012,33012,33012,0.012186,0.012321,0.032204,1454,1605,4316,1,1,1,,,,2.07,1.94,1.89,1.84,4849396,4810432,1,1
random_instance003_graph003,39,117,random_instance003_graph003_01,490,11,1346850,13,13,14,28,0.16000001,0.16000001,0.53,0.16,0.16,0.53,36084,36084,71996,0.012661,0.01366,0.083821,1565,1534,11820,1,1,1,,,,1.99,1.96,1.85,1.84,4833528,4794244,1,1
random_instance003_graph004,39,117,random_instance003_graph004_01,491,14,1936328,11,14,16,27,0.04,0.060000002,0.060000002,0.05,0.06,0.06,34036,34036,34036,0.032055,0.047274,0.04531,2444,3856,9454,1,1,1,,,,2.39,1.94,1.99,1.83,4941328,4791112,1,1
random_instance003_graph005,39,117,random_instance003_graph005_01,492,11,1566681,13,14,16,26,0.28,0.32,0.9,0.29,0.32,0.91,38132,38132,75396,0.031446,0.0261,0.108289,2547,3261,16612,1,1,1,,,,2.22,1.95,1.91,1.83,4901652,4795156,1,1
random_instance004_graph001,52,156,random_instance004_graph001_01,493,15,227597732,17,17,17,35,6.52,6.52,31.91,6.54,6.55,32.0,288696,289496,2118796,0.063526,0.063618,1.279362,6911,6911,138652,1,1,1,,,,4.19,1.97,3.09,1.85,6065980,4795936,1,1
random_instance004_graph002,52,156,random_instance004_graph002_01,494,16,242964120,17,18,18,35,4.72,4.72,20.98,4.74,4.74,21.04,283036,282424,1137964,0.102175,0.102253,3.555782,12969,12969,266787,1,1,1,,,,5.87,1.98,5.08,1.85,8593488,4796280,1,1
random_instance004_graph003,52,156,random_instance004_graph003_01,495,16,280529902,16,17,20,31,5.35,7.6899996,17.35,5.36,7.72,17.39,285964,533884,1101780,0.173144,0.294012,1.947245,13549,26744,137344,1,1,1,,,,4.37,1.97,3.57,1.85,6744720,4796216,1,1
random_instance004_graph004,52,156,random_instance004_graph004_01,496,15,245353332,16,16,17,33,11.85,12.17,41.18,11.88,12.21,41.29,574628,562696,2212044,0.168897,0.094874,1.492016,10632,10029,109540,1,1,1,,,,3.5700000000000003,1.97,2.85,1.85,5922900,4796120,1,1
random_instance004_graph005,52,156,random_instance004_graph005_01,497,15,198435306,18,17,20,33,12.14,13.18,34.399998,12.17,13.22,34.5,565624,581344,2233436,0.340306,0.193531,2.372365,16197,15622,140413,1,1,1,,,,4.550000000000001,1.99,3.53,1.86,6540000,4796272,1,1
random_instance005_graph001,65,195,random_instance005_graph001_01,498,20,48187380654,20,20,23,43,94.869995,229.79,883.52,95.1,230.31,885.37,4300144,8535364,35550976,5.685915,1.776326,27.368054,84633,108475,1702838,1,1,1,,,,63.11,1.97,56.1,1.84,58683376,4796168,1,1
random_instance005_graph002,65,195,random_instance005_graph002_01,499,19,34141571484,20,20,21,41,150.62999,162.58,1129.48,150.98,162.97,1131.76,4453748,4437648,35618168,1.14448,1.267224,66.529382,59970,72492,2138028,1,1,1,,,,42.370000000000005,1.97,41.52,1.84,46346024,4796012,1,1
random_instance005_graph003,65,195,random_instance005_graph003_01,500,22,38638170829,22,21,23,40,15.05,14.05,67.340004,15.1,14.1,67.48,1100328,1072964,4391792,7.273627,2.891466,30.824675,103642,129949,985466,1,1,1,,,,88.53999999999999,1.98,81.22,1.84,58728748,4811520,1,1
random_instance005_graph004,65,195,random_instance005_graph004_01,501,18,21665853613,20,20,24,38,542.79,584.16,2076.47,543.97,585.45,2081.16,18052220,18100768,72538736,1.266394,2.007612,61.072653,72732,94019,2015530,1,1,1,,,,33.35,1.96,32.44,1.83,36698808,4796420,1,1
random_instance005_graph005,65,195,random_instance005_graph005_01,502,20,54651105614,20,19,22,40,126.27,155.56,1469.91,126.58,155.95,1473.13,4338720,4516216,68007120,0.833398,1.715021,59.529391,46510,70227,1726509,1,1,1,,,,32.89,2.0,32.06,1.86,38857648,4796888,1,1
random_instance006_graph001,78,234,random_instance006_graph001_01,503,23,3706721252978,,,26,46,,1796.34,1796.39,,1800.2,1800.21,,67968232,72675508,,47.97755,1788.061222,,875806,18327403,0,0,0,,,,,1.98,,1.85,,4796072,0,1
random_instance006_graph002,78,234,random_instance006_graph002_01,504,24,4518023603224,26,24,29,44,4196.18,5385.86,9578.471,4208.0,5398.0,9600.0,134828308,147197892,289561608,30.583135,98.478155,472.268287,550768,1906572,11045981,1,1,0,,,,1843.69,1.98,1413.7,1.85,65023632,4797112,1,1
random_instance006_graph003,78,234,random_instance006_graph003_01,505,26,6209505336003,27,23,27,49,311.93,634.6,3831.13,312.65,635.97,3842.0,16910704,33571256,144664780,27.498464,31.670654,890.553059,254246,866255,32234377,1,1,1,,,,1271.3,1.97,962.21,1.84,63064204,4796132,1,1
random_instance006_graph004,78,234,random_instance006_graph004_01,506,23,4784011345326,24,24,25,48,3349.8198,4019.17,9579.03,3359.55,4030.0,9600.0,71211812,135159524,292357264,27.263355,38.573921,1072.500209,419992,595168,17793391,1,1,0,,,,2348.07,1.97,1541.13,1.85,65511660,4797200,1,1
random_instance006_graph005,78,234,random_instance006_graph005_01,507,25,6110607164382,24,,26,51,,1079.8099,1796.2899,,1082.18,1800.22,,34929436,71739108,,24.176437,814.360994,,421404,26572315,0,1,0,,,,,1.98,,1.86,,4797220,0,1
random_instance007_graph001,91,273,random_instance007_graph001_01,508,29,795908695346840,,,30,56,,1796.52,1796.63,,1800.2,1800.38,,68771200,131426316,,365.260705,,,3708159,,0,0,0,,,,,1.99,,1.85,,4795812,0,1
random_instance007_graph002,91,273,random_instance007_graph002_01,509,30,,,,31,50,,0.03,0.03,,0.19,0.2,,31988,31988,,,,,,,0,-1,-1,,No such vertex,No such vertex,,1.99,,1.85,,4795944,0,1
random_instance007_graph003,91,273,random_instance007_graph003_01,510,32,942068520920506,24,,31,54,,979.68,1796.41,,981.79,1800.21,,36223636,70524996,,163.985152,,,3334915,,0,1,0,,,,,1.99,,1.86,,4797192,0,1
random_instance007_graph004,91,273,random_instance007_graph004_01,511,30,1574776068008764,,,29,54,,1796.1,1796.28,,1800.11,1800.22,,36602280,72854516,,82.004754,,,1137201,,0,0,0,,,,,1.99,,1.84,,4812288,0,1
random_instance007_graph005,91,273,random_instance007_graph005_01,512,32,1107929080040276,29,,30,53,,1657.7001,1796.49,,1661.32,1800.21,,70607228,72462284,,378.905,,,2780994,,0,1,0,,,,,1.98,,1.84,,4795132,0,1
random_instance008_graph001,104,312,random_instance008_graph001_01,513,33,,,,38,62,,1796.8301,1796.33,,1800.21,1800.22,,71221740,73575952,,,,,,,0,0,0,,,,,2.04,,1.86,,4798896,0,1
random_instance008_graph002,104,312,random_instance008_graph002_01,514,33,,,,34,59,,1796.9401,1796.2999,,1800.39,1800.22,,134003196,72475552,,,,,,,0,0,0,,,,,2.02,,1.84,,4798248,0,1
random_instance008_graph003,104,312,random_instance008_graph003_01,515,36,86776122135880556,,,34,64,,1796.79,1796.32,,1800.22,1800.21,,72848692,70013648,,1750.233454,,,33605458,,0,0,0,,,,,2.02,,1.84,,4798184,0,1
random_instance008_graph004,104,312,random_instance008_graph004_01,516,34,,,,33,64,,0.03,0.03,,0.19,0.19,,31992,31988,,,,,,,0,-1,-1,,No such vertex,No such vertex,,2.05,,1.86,,4798428,0,1
random_instance008_graph005,104,312,random_instance008_graph005_01,517,37,,,,32,58,,1796.79,1796.48,,1800.22,1800.4,,73852916,134880568,,,,,,,0,0,0,,,,,2.01,,1.83,,4798524,0,1
random_instance009_graph001,117,351,random_instance009_graph001_01,518,33,,,,40,71,,1796.87,1796.4601,,1800.21,1800.4,,71859524,134799048,,,,,,,0,0,0,,,,,2.02,,1.84,,4798212,0,1
random_instance009_graph002,117,351,random_instance009_graph002_01,519,38,,,,39,72,,1796.7201,1796.4401,,1800.22,1800.4,,72977188,136281376,,,,,,,0,0,0,,,,,2.04,,1.85,,4799540,0,1
random_instance009_graph003,117,351,random_instance009_graph003_01,520,38,,,,40,66,,1796.61,1796.33,,1800.21,1800.22,,71477332,73485808,,,,,,,0,0,0,,,,,2.05,,1.86,,4800172,0,1
random_instance009_graph004,117,351,random_instance009_graph004_01,521,34,,,,41,75,,1796.7999,1796.36,,1800.21,1800.22,,73186968,72034884,,,,,,,0,0,0,,,,,2.03,,1.84,,4798680,0,1
random_instance009_graph005,117,351,random_instance009_graph005_01,522,38,,,,36,72,,1796.71,1796.54,,1800.21,1800.39,,72033516,131586292,,,,,,,0,0,0,,,,,2.02,,1.83,,4813452,0,1
random_instance010_graph001,130,390,random_instance010_graph001_01,523,41,,,,43,79,,1796.71,1796.2999,,1800.22,1800.22,,73051468,74641920,,,,,,,0,0,0,,,,,2.05,,1.86,,4798264,0,1
random_instance010_graph002,130,390,random_instance010_graph002_01,524,39,,,,44,78,,1796.86,1796.38,,1800.4,1800.22,,137284628,72754832,,,,,,,0,0,0,,,,,2.06,,1.86,,4802468,0,1
random_instance010_graph003,130,390,random_instance010_graph003_01,525,46,,,,44,71,,1796.74,1796.4601,,1800.22,1800.39,,73290028,131973816,,,,,,,0,0,0,,,,,2.06,,1.86,,4803696,0,1
random_instance010_graph004,130,390,random_instance010_graph004_01,526,41,,,,43,78,,1796.76,1796.34,,1800.22,1800.22,,75266292,72879244,,,,,,,0,0,0,,,,,2.07,,1.85,,4804644,0,1
random_instance010_graph005,130,390,random_instance010_graph005_01,527,40,,,,43,77,,1796.73,1796.47,,1800.22,1800.39,,72278372,132772624,,,,,,,0,0,0,,,,,2.09,,1.88,,4802884,0,1
random_instance011_graph001,143,429,random_instance011_graph001_01,528,45,,,,48,91,,1796.88,1796.35,,1800.39,1800.22,,134844596,73430964,,,,,,,0,0,0,,,,,2.07,,1.86,,4803660,0,1
random_instance011_graph002,143,429,random_instance011_graph002_01,529,46,,,,47,86,,0.03,0.03,,0.2,0.19,,31988,31988,,,,,,,0,-1,-1,,No such vertex,No such vertex,,2.09,,1.88,,4800196,0,1
random_instance011_graph003,143,429,random_instance011_graph003_01,530,45,,,,47,82,,1796.74,1796.2999,,1800.4,1800.23,,137868668,75184672,,,,,,,0,0,0,,,,,2.09,,1.88,,4799276,0,1
random_instance011_graph004,143,429,random_instance011_graph004_01,531,46,,,,51,83,,1796.86,1796.44,,1800.39,1800.39,,132702776,132877232,,,,,,,0,0,0,,,,,2.08,,1.88,,4798084,0,1
random_instance011_graph005,143,429,random_instance011_graph005_01,532,48,,,,45,86,,1796.89,1796.4801,,1800.39,1800.4,,132910444,133026252,,,,,,,0,0,0,,,,,2.07,,1.85,,4801692,0,1
random_instance012_graph001,156,468,random_instance012_graph001_01,533,54,,,,51,88,,1796.9099,1796.39,,1800.39,1800.22,,133427416,72591672,,,,,,,0,0,0,,,,,2.08,,1.86,,4818136,0,1
random_instance012_graph002,156,468,random_instance012_graph002_01,534,53,,,,52,89,,1796.83,1796.3201,,1800.22,1800.23,,74711656,75252140,,,,,,,0,0,0,,,,,2.08,,1.86,,4804028,0,1
random_instance012_graph003,156,468,random_instance012_graph003_01,535,46,,,,48,95,,1796.87,1796.4401,,1800.21,1800.4,,71507116,134928244,,,,,,,0,0,0,,,,,2.08,,1.87,,4800512,0,1
random_instance012_graph004,156,468,random_instance012_graph004_01,536,47,,,,51,91,,1796.91,1796.36,,1800.39,1800.23,,133327880,74690728,,,,,,,0,0,0,,,,,2.1,,1.88,,4801552,0,1
random_instance012_graph005,156,468,random_instance012_graph005_01,537,53,,,,50,94,,0.03,0.03,,0.19,0.19,,31988,31988,,,,,,,0,-1,-1,,No such vertex,No such vertex,,2.05,,1.84,,4799304,0,1
random_instance013_graph001,169,507,random_instance013_graph001_01,538,53,,,,52,99,,1796.84,1796.43,,1800.4,1800.4,,135352036,129514308,,,,,,,0,0,0,,,,,2.07,,1.85,,4802376,0,1
random_instance013_graph002,169,507,random_instance013_graph002_01,539,56,,,,52,94,,1796.85,1796.38,,1800.39,1800.41,,133476520,136763324,,,,,,,0,0,0,,,,,2.09,,1.87,,4802768,0,1
random_instance013_graph003,169,507,random_instance013_graph003_01,540,49,,,,54,101,,9582.94,9582.8,,9603.0,9603.0,,554479236,549990780,,,,,,,0,0,0,,,,,2.11,,1.89,,4804736,0,1
random_instance013_graph004,169,507,random_instance013_graph004_01,541,52,,,,51,103,,1796.85,1796.41,,1800.21,1800.22,,70972180,74274976,,,,,,,0,0,0,,,,,2.08,,1.85,,4805036,0,1
random_instance013_graph005,169,507,random_instance013_graph005_01,542,53,,,,56,100,,0.03,0.03,,0.19,0.19,,31988,31984,,,,,,,0,-1,-1,,No such vertex,No such vertex,,2.06,,1.84,,4797880,0,1
random_instance014_graph001,182,546,random_instance014_graph001_01,543,61,,,,59,110,,1796.7101,1796.55,,1800.4,1800.4,,135555860,135217308,,,,,,,0,0,0,,,,,2.09,,1.87,,4804720,0,1
random_instance014_graph002,182,546,random_instance014_graph002_01,544,59,,,,60,116,,1796.87,1796.5599,,1800.39,1800.4,,134531900,132342572,,,,,,,0,0,0,,,,,2.09,,1.86,,4819928,0,1
random_instance014_graph003,182,546,random_instance014_graph003_01,545,61,,,,58,111,,0.03,0.03,,0.19,0.19,,31988,31988,,,,,,,0,-1,-1,,No such vertex,No such vertex,,2.09,,1.88,,4805112,0,1
random_instance014_graph004,182,546,random_instance014_graph004_01,546,56,,,,59,109,,1796.98,1796.35,,1800.4,1800.22,,137752396,71644888,,,,,,,0,0,0,,,,,2.07,,1.86,,4802416,0,1
random_instance014_graph005,182,546,random_instance014_graph005_01,547,57,,,,55,113,,9582.97,9582.05,,9603.0,9601.0,,556658424,535238532,,,,,,,0,0,0,,,,,2.07,,1.85,,4805052,0,1
random_instance015_graph001,195,585,random_instance015_graph001_01,548,62,,,,62,114,,1796.8999,1796.39,,1800.41,1800.41,,139786804,137202764,,,,,,,0,0,0,,,,,2.09,,1.87,,4804640,0,1
random_instance015_graph002,195,585,random_instance015_graph002_01,549,61,,,,61,115,,9583.659,9582.87,,9603.0,9602.0,,560649092,553611548,,,,,,,0,0,0,,,,,2.09,,1.86,,4804424,0,1
random_instance015_graph003,195,585,random_instance015_graph003_01,550,61,,,,63,121,,1797.0,1796.35,,1800.4,1800.23,,133183836,75180284,,,,,,,0,0,0,,,,,2.09,,1.87,,4803508,0,1
random_instance015_graph004,195,585,random_instance015_graph004_01,551,65,,,,61,112,,0.03,0.03,,0.19,0.19,,31988,31988,,,,,,,0,-1,-1,,No such vertex,No such vertex,,2.09,,1.87,,4800056,0,1
random_instance015_graph005,195,585,random_instance015_graph005_01,552,64,,,,67,118,,1797.06,1796.49,,1800.38,1800.23,,128737812,73705320,,,,,,,0,0,0,,,,,2.09,,1.87,,4799828,0,1
random_instance016_graph001,208,624,random_instance016_graph001_01,553,68,,,,68,127,,9582.79,9583.33,,9603.0,9603.0,,554214852,553487044,,,,,,,0,0,0,,,,,2.11,,1.87,,4803000,0,1
random_instance016_graph002,208,624,random_instance016_graph002_01,554,66,,,,68,121,,0.03,0.03,,0.19,0.19,,31988,31988,,,,,,,0,-1,-1,,No such vertex,No such vertex,,2.13,,1.89,,4804496,0,1
random_instance016_graph003,208,624,random_instance016_graph003_01,555,67,,,,73,117,,9582.52,9582.57,,9602.0,9603.0,,549622528,556145260,,,,,,,0,0,0,,,,,2.09,,1.85,,4803452,0,1
random_instance016_graph004,208,624,random_instance016_graph004_01,556,66,,,,66,125,,9583.38,9583.07,,9603.0,9603.0,,563731492,557242908,,,,,,,0,0,0,,,,,2.13,,1.86,,4806540,0,1
random_instance016_graph005,208,624,random_instance016_graph005_01,557,72,,,,66,122,,1796.9299,1796.2999,,1800.4,1800.23,,135718660,73624184,,,,,,,0,0,0,,,,,2.11,,1.87,,4807512,0,1
random_instance017_graph001,221,663,random_instance017_graph001_01,558,72,,,,69,142,,1796.9701,1796.33,,1800.39,1800.23,,134069444,74155656,,,,,,,0,0,0,,,,,2.14,,1.88,,4808796,0,1
random_instance017_graph002,221,663,random_instance017_graph002_01,559,69,,,,70,131,,1796.73,1796.5,,1800.22,1800.41,,73835500,134110388,,,,,,,0,0,0,,,,,2.13,,1.87,,4809592,0,1
random_instance017_graph003,221,663,random_instance017_graph003_01,560,73,,,,71,140,,1796.8099,1796.2899,,1800.38,1800.23,,131600404,74251600,,,,,,,0,0,0,,,,,2.15,,1.89,,4809308,0,1
random_instance017_graph004,221,663,random_instance017_graph004_01,561,73,,,,70,134,,1796.86,1796.47,,1800.39,1800.4,,132510440,136030336,,,,,,,0,0,0,,,,,2.14,,1.89,,4808512,0,1
random_instance017_graph005,221,663,random_instance017_graph005_01,562,70,,,,73,131,,1796.9099,1796.39,,1800.4,1800.23,,135316068,74516896,,,,,,,0,0,0,,,,,2.11,,1.86,,4807784,0,1
random_instance018_graph001,234,702,random_instance018_graph001_01,563,75,,,,78,143,,0.03,0.03,,0.19,0.2,,31988,31988,,,,,,,0,-1,-1,,No such vertex,No such vertex,,2.12,,1.87,,4810680,0,1
random_instance018_graph002,234,702,random_instance018_graph002_01,564,78,,,,79,139,,1796.75,1796.39,,1800.4,1800.41,,136094944,135286260,,,,,,,0,0,0,,,,,2.11,,1.87,,4808408,0,1
random_instance018_graph003,234,702,random_instance018_graph003_01,565,74,,,,76,146,,1796.94,1796.4501,,1800.39,1800.39,,133598976,131973052,,,,,,,0,0,0,,,,,2.13,,1.88,,4811328,0,1
random_instance018_graph004,234,702,random_instance018_graph004_01,566,76,,,,71,131,,0.03,0.03,,0.19,0.2,,31988,31992,,,,,,,0,-1,-1,,No such vertex,No such vertex,,2.15,,1.89,,4811708,0,1
random_instance018_graph005,234,702,random_instance018_graph005_01,567,76,,,,75,140,,1796.8501,1796.45,,1800.4,1800.41,,135888464,134999840,,,,,,,0,0,0,,,,,2.14,,1.87,,4811784,0,1
random_instance019_graph001,247,741,random_instance019_graph001_01,568,79,,,,72,147,,1796.82,1796.2899,,1800.39,1800.42,,133632676,136530744,,,,,,,0,0,0,,,,,2.13,,1.87,,4809560,0,1
random_instance019_graph002,247,741,random_instance019_graph002_01,569,83,,,,79,147,,1796.74,1796.35,,1800.4,1800.25,,136849304,76221668,,,,,,,0,0,0,,,,,2.14,,1.88,,4811284,0,1
random_instance019_graph003,247,741,random_instance019_graph003_01,570,79,,,,75,141,,1796.9,1796.41,,1800.4,1800.23,,136332944,74408700,,,,,,,0,0,0,,,,,2.15,,1.87,,4810980,0,1
random_instance019_graph004,247,741,random_instance019_graph004_01,571,80,,,,79,142,,0.03,0.03,,0.19,0.2,,31988,31988,,,,,,,0,-1,-1,,No such vertex,No such vertex,,2.13,,1.88,,4824860,0,1
random_instance019_graph005,247,741,random_instance019_graph005_01,572,79,,,,78,151,,1796.74,1796.34,,1800.4,1800.24,,135841188,75519628,,,,,,,0,0,0,,,,,2.13,,1.87,,4812224,0,1
random_instance020_graph001,260,780,random_instance020_graph001_01,573,81,,,,78,149,,1796.88,1796.27,,1800.39,1800.42,,133720248,137472300,,,,,,,0,0,0,,,,,2.16,,1.87,,4812804,0,1
random_instance020_graph002,260,780,random_instance020_graph002_01,574,84,,,,82,152,,1796.77,1796.47,,1800.4,1800.41,,134370828,136067276,,,,,,,0,0,0,,,,,2.15,,1.87,,4812576,0,1
random_instance020_graph003,260,780,random_instance020_graph003_01,575,82,,,,85,155,,1796.84,1796.34,,1800.4,1800.41,,135236576,135214892,,,,,,,0,0,0,,,,,2.18,,1.88,,4815348,0,1
random_instance020_graph004,260,780,random_instance020_graph004_01,576,89,,,,81,151,,0.03,0.03,,0.19,0.2,,31988,31988,,,,,,,0,-1,-1,,No such vertex,No such vertex,,2.15,,1.87,,4814904,0,1
random_instance020_graph005,260,780,random_instance020_graph005_01,577,81,,,,80,147,,1796.91,1796.52,,1800.41,1800.41,,140684140,135956252,,,,,,,0,0,0,,,,,2.16,,1.88,,4814024,0,1
random_instance021_graph001,273,819,random_instance021_graph001_01,578,91,,,,85,148,,0.03,0.03,,0.19,0.19,,31988,31988,,,,,,,0,-1,-1,,No such vertex,No such vertex,,2.17,,1.88,,4814368,0,1
random_instance021_graph002,273,819,random_instance021_graph002_01,579,83,,,,86,161,,1796.7999,1796.46,,1800.4,1800.41,,136657524,133900904,,,,,,,0,0,0,,,,,2.17,,1.88,,4815296,0,1
random_instance021_graph003,273,819,random_instance021_graph003_01,580,88,,,,88,160,,1796.8201,1796.46,,1800.41,1800.41,,140380712,133450096,,,,,,,0,0,0,,,,,2.17,,1.88,,4815060,0,1
random_instance021_graph004,273,819,random_instance021_graph004_01,581,86,,,,86,158,,0.03,0.03,,0.19,0.2,,31988,31988,,,,,,,0,-1,-1,,No such vertex,No such vertex,,2.18,,1.89,,4812808,0,1
random_instance021_graph005,273,819,random_instance021_graph005_01,582,84,,,,81,161,,1796.9199,1796.36,,1800.4,1800.43,,137599640,138264052,,,,,,,0,0,0,,,,,2.15,,1.87,,4830472,0,1
random_instance022_graph001,286,858,random_instance022_graph001_01,583,96,,,,91,170,,1796.8099,1796.29,,1800.4,1800.43,,136701108,138802076,,,,,,,0,0,0,,,,,2.19,,1.9,,4814468,0,1
random_instance022_graph002,286,858,random_instance022_graph002_01,584,95,,,,93,176,,1796.78,1796.51,,1800.4,1800.41,,135595680,133232584,,,,,,,0,0,0,,,,,2.22,,1.9,,4819632,0,1
random_instance022_graph003,286,858,random_instance022_graph003_01,585,89,,,,92,177,,1796.8,1796.41,,1800.4,1800.41,,134616916,134382960,,,,,,,0,0,0,,,,,2.2,,1.88,,4820212,0,1
random_instance022_graph004,286,858,random_instance022_graph004_01,586,95,,,,94,170,,1796.9401,1796.2699,,1800.41,1800.43,,137933268,138929880,,,,,,,0,0,0,,,,,2.16,,1.87,,4813716,0,1
random_instance022_graph005,286,858,random_instance022_graph005_01,587,97,,,,86,168,,1796.8899,1796.46,,1800.4,1800.41,,135701060,133547256,,,,,,,0,0,0,,,,,2.21,,1.88,,4820452,0,1
random_instance023_graph001,299,897,random_instance023_graph001_01,588,97,,,,97,169,,1796.89,1796.29,,1800.4,1800.42,,136002836,136855028,,,,,,,0,0,0,,,,,2.22,,1.89,,4825660,0,1
random_instance023_graph002,299,897,random_instance023_graph002_01,589,93,,,,97,177,,0.03,0.04,,0.19,0.2,,31988,31988,,,,,,,0,-1,-1,,No such vertex,No such vertex,,2.19,,1.87,,4819076,0,1
random_instance023_graph003,299,897,random_instance023_graph003_01,590,96,,,,88,170,,9582.591,9583.05,,9602.0,9603.0,,551820712,560707156,,,,,,,0,0,0,,,,,2.18,,1.88,,4814604,0,1
random_instance023_graph004,299,897,random_instance023_graph004_01,591,101,,,,92,177,,1796.6,1796.36,,1800.41,1800.4,,136516812,132444332,,,,,,,0,0,0,,,,,2.21,,1.88,,4824816,0,1
random_instance023_graph005,299,897,random_instance023_graph005_01,592,97,,,,98,190,,0.03,0.03,,0.2,0.19,,31992,31988,,,,,,,0,-1,-1,,No such vertex,No such vertex,,2.21,,1.88,,4819980,0,1
random_instance024_graph001,312,936,random_instance024_graph001_01,593,97,,,,99,182,,1796.67,1796.3799,,1800.41,1800.42,,137954812,135182216,,,,,,,0,0,0,,,,,2.23,,1.88,,4820908,0,1
random_instance024_graph002,312,936,random_instance024_graph002_01,594,102,,,,94,184,,1796.59,1796.3999,,1800.4,1800.44,,135292024,141344268,,,,,,,0,0,0,,,,,2.24,,1.88,,4822312,0,1
random_instance024_graph003,312,936,random_instance024_graph003_01,595,99,,,,100,181,,1796.8301,1796.25,,1800.4,1800.25,,135398768,77253640,,,,,,,0,0,0,,,,,2.23,,1.89,,4823268,0,1
random_instance024_graph004,312,936,random_instance024_graph004_01,596,101,,,,99,181,,1796.6699,1796.42,,1800.4,1800.42,,135343428,136657108,,,,,,,0,0,0,,,,,2.22,,1.88,,4823016,0,1
random_instance024_graph005,312,936,random_instance024_graph005_01,597,104,,,,97,176,,1796.6,1796.39,,1800.41,1800.43,,137144060,138545788,,,,,,,0,0,0,,,,,2.24,,1.9,,4822932,0,1
random_instance025_graph001,325,975,random_instance025_graph001_01,598,106,,,,103,186,,1796.6499,1796.39,,1800.22,1800.41,,74033524,135250280,,,,,,,0,0,0,,,,,2.23,,1.9,,4824172,0,1
random_instance025_graph002,325,975,random_instance025_graph002_01,599,105,,,,101,191,,1796.64,1796.38,,1800.39,1800.42,,132521412,135812488,,,,,,,0,0,0,,,,,2.24,,1.9,,4823068,0,1
random_instance025_graph003,325,975,random_instance025_graph003_01,600,104,,,,104,189,,1796.5901,1796.4501,,1800.42,1800.4,,140313576,132306576,,,,,,,0,0,0,,,,,2.28,,1.9,,4826120,0,1
random_instance025_graph004,325,975,random_instance025_graph004_01,601,106,,,,102,190,,1796.68,1796.48,,1800.4,1800.44,,135416792,139027640,,,,,,,0,0,0,,,,,2.24,,1.88,,4826740,0,1
random_instance025_graph005,325,975,random_instance025_graph005_01,602,105,,,,100,198,,9583.12,9583.82,,9603.0,9603.0,,558881984,562591948,,,,,,,0,0,0,,,,,2.25,,1.91,,4825000,0,1
random_instance026_graph001,338,1014,random_instance026_graph001_01,603,110,,,,108,204,,1796.6599,1796.38,,1800.41,1800.43,,137209704,135495012,,,,,,,0,0,0,,,,,2.24,,1.89,,4826984,0,1
random_instance026_graph002,338,1014,random_instance026_graph002_01,604,109,,,,106,197,,0.03,0.04,,0.19,0.19,,31988,31988,,,,,,,0,-1,-1,,No such vertex,No such vertex,,2.24,,1.9,,4828844,0,1
random_instance026_graph003,338,1014,random_instance026_graph003_01,605,110,,,,113,193,,0.03,0.03,,0.19,0.19,,31988,31988,,,,,,,0,-1,-1,,No such vertex,No such vertex,,2.24,,1.89,,4825256,0,1
random_instance026_graph004,338,1014,random_instance026_graph004_01,606,112,,,,105,194,,0.03,0.03,,0.19,0.19,,31992,31988,,,,,,,0,-1,-1,,No such vertex,No such vertex,,2.24,,1.89,,4824920,0,1
random_instance026_graph005,338,1014,random_instance026_graph005_01,607,113,,,,108,200,,0.03,0.03,,0.2,0.2,,31988,31988,,,,,,,0,-1,-1,,No such vertex,No such vertex,,2.24,,1.89,,4823064,0,1
random_instance027_graph001,351,1053,random_instance027_graph001_01,608,121,,,,114,198,,0.03,0.04,,0.19,0.2,,31988,31984,,,,,,,0,-1,-1,,No such vertex,No such vertex,,2.23,,1.88,,4827084,0,1
random_instance027_graph002,351,1053,random_instance027_graph002_01,609,108,,,,111,211,,0.03,0.03,,0.2,0.2,,31988,31988,,,,,,,0,-1,-1,,No such vertex,No such vertex,,2.28,,1.91,,4832680,0,1
random_instance027_graph003,351,1053,random_instance027_graph003_01,610,114,,,,111,211,,1796.85,1796.34,,1800.39,1800.43,,132989228,137598472,,,,,,,0,0,0,,,,,2.25,,1.89,,4828844,0,1
random_instance027_graph004,351,1053,random_instance027_graph004_01,611,111,,,,114,214,,0.04,0.04,,0.23,0.2,,31992,31988,,,,,,,0,-1,-1,,No such vertex,No such vertex,,2.23,,1.89,,4824256,0,1
random_instance027_graph005,351,1053,random_instance027_graph005_01,612,114,,,,114,210,,0.03,0.03,,0.21,0.2,,31988,31988,,,,,,,0,-1,-1,,No such vertex,No such vertex,,2.24,,1.89,,4827772,0,1
random_instance028_graph001,364,1092,random_instance028_graph001_01,613,117,,,,117,215,,1796.8201,1796.39,,1800.39,1800.42,,132677540,135111816,,,,,,,0,0,0,,,,,2.25,,1.9,,4827380,0,1
random_instance028_graph002,364,1092,random_instance028_graph002_01,614,120,,,,112,210,,1796.5901,1796.46,,1800.42,1800.43,,137297820,135526856,,,,,,,0,0,0,,,,,2.28,,1.9,,4828588,0,1
random_instance028_graph003,364,1092,random_instance028_graph003_01,615,116,,,,115,218,,1796.6699,1796.28,,1800.42,1800.41,,139962368,132975724,,,,,,,0,0,0,,,,,2.26,,1.9,,4828048,0,1
random_instance028_graph004,364,1092,random_instance028_graph004_01,616,118,,,,115,210,,1796.71,1796.2799,,1800.4,1800.43,,134864148,134858028,,,,,,,0,0,0,,,,,2.24,,1.89,,4829076,0,1
random_instance028_graph005,364,1092,random_instance028_graph005_01,617,119,,,,113,217,,1796.74,1796.37,,1800.39,1800.24,,133287256,71455260,,,,,,,0,0,0,,,,,2.26,,1.9,,4827556,0,1
random_instance029_graph001,377,1131,random_instance029_graph001_01,618,126,,,,119,223,,0.03,0.03,,0.19,0.2,,31988,31988,,,,,,,0,-1,-1,,No such vertex,No such vertex,,2.26,,1.9,,4827756,0,1
random_instance029_graph002,377,1131,random_instance029_graph002_01,619,125,,,,121,210,,1796.6201,1796.47,,1800.42,1800.41,,140451176,134584980,,,,,,,0,0,0,,,,,2.25,,1.89,,4829608,0,1
random_instance029_graph003,377,1131,random_instance029_graph003_01,620,123,,,,116,221,,0.03,0.03,,0.24,0.21,,31988,31992,,,,,,,0,-1,-1,,No such vertex,No such vertex,,2.25,,1.89,,4830260,0,1
random_instance029_graph004,377,1131,random_instance029_graph004_01,621,125,,,,116,222,,1796.63,1796.3301,,1800.41,1800.42,,136172840,134222268,,,,,,,0,0,0,,,,,2.27,,1.91,,4826196,0,1
random_instance029_graph005,377,1131,random_instance029_graph005_01,622,116,,,,121,222,,1796.6901,1796.41,,1800.41,1800.41,,137728008,136271268,,,,,,,0,0,0,,,,,2.24,,1.88,,4830004,0,1
random_instance030_graph001,390,1170,random_instance030_graph001_01,623,126,,,,127,238,,0.03,0.04,,0.2,0.2,,31988,31988,,,,,,,0,-1,-1,,No such vertex,No such vertex,,2.27,,1.9,,4830272,0,1
random_instance030_graph002,390,1170,random_instance030_graph002_01,624,128,,,,116,233,,0.03,0.03,,0.2,0.2,,31988,31988,,,,,,,0,-1,-1,,No such vertex,No such vertex,,2.25,,1.9,,4838368,0,1
random_instance030_graph003,390,1170,random_instance030_graph003_01,625,132,,,,124,230,,0.04,0.03,,0.19,0.2,,31992,31988,,,,,,,0,-1,-1,,No such vertex,No such vertex,,2.25,,1.89,,4854764,0,1
random_instance030_graph004,390,1170,random_instance030_graph004_01,626,124,,,,123,230,,1796.63,1796.3401,,1800.4,1800.43,,134605080,134358268,,,,,,,0,0,0,,,,,2.26,,1.9,,4835516,0,1
random_instance030_graph005,390,1170,random_instance030_graph005_01,627,127,,,,129,230,,0.04,0.03,,0.19,0.2,,31988,31988,,,,,,,0,-1,-1,,No such vertex,No such vertex,,2.28,,1.92,,4835756,0,1
random_instance031_graph001,403,1209,random_instance031_graph001_01,628,129,,,,129,236,,0.03,0.03,,0.19,0.19,,31988,31988,,,,,,,0,-1,-1,,No such vertex,No such vertex,,2.28,,1.9,,4835232,0,1
random_instance031_graph002,403,1209,random_instance031_graph002_01,629,127,,,,129,236,,0.03,0.03,,0.19,0.2,,31988,31984,,,,,,,0,-1,-1,,No such vertex,No such vertex,,2.29,,1.92,,4839400,0,1
random_instance031_graph003,403,1209,random_instance031_graph003_01,630,134,,,,128,231,,1796.73,1796.23,,1800.41,1800.25,,137239192,73522776,,,,,,,0,0,0,,,,,2.25,,1.91,,4832388,0,1
random_instance031_graph004,403,1209,random_instance031_graph004_01,631,134,,,,132,234,,1796.66,1796.39,,1800.4,1800.45,,134878840,138083300,,,,,,,0,0,0,,,,,2.29,,1.92,,4835100,0,1
random_instance031_graph005,403,1209,random_instance031_graph005_01,632,129,,,,122,234,,1796.7899,1796.28,,1800.4,1800.43,,133909004,136283972,,,,,,,0,0,0,,,,,2.25,,1.9,,4837816,0,1
random_instance032_graph001,416,1248,random_instance032_graph001_01,633,131,,,,131,249,,1796.73,1796.32,,1800.39,1800.44,,132173136,135533488,,,,,,,0,0,0,,,,,2.29,,1.92,,4835460,0,1
random_instance032_graph002,416,1248,random_instance032_graph002_01,634,130,,,,133,240,,0.04,0.03,,0.2,0.2,,31984,31988,,,,,,,0,-1,-1,,No such vertex,No such vertex,,2.25,,1.9,,4834344,0,1
random_instance032_graph003,416,1248,random_instance032_graph003_01,635,129,,,,136,238,,0.04,0.04,,0.19,0.19,,31988,31984,,,,,,,0,-1,-1,,No such vertex,No such vertex,,2.27,,1.91,,4836396,0,1
random_instance032_graph004,416,1248,random_instance032_graph004_01,636,130,,,,129,248,,0.03,0.04,,0.2,0.19,,31992,31988,,,,,,,0,-1,-1,,No such vertex,No such vertex,,2.28,,1.91,,4837280,0,1
random_instance032_graph005,416,1248,random_instance032_graph005_01,637,133,,,,130,247,,0.03,0.03,,0.19,0.19,,31988,31988,,,,,,,0,-1,-1,,No such vertex,No such vertex,,2.28,,1.93,,4835168,0,1
random_instance033_graph001,429,1287,random_instance033_graph001_01,638,139,,,,136,264,,0.03,0.03,,0.2,0.19,,31988,31988,,,,,,,0,-1,-1,,No such vertex,No such vertex,,2.27,,1.91,,4840508,0,1
random_instance033_graph002,429,1287,random_instance033_graph002_01,639,135,,,,133,255,,0.03,0.03,,0.19,0.2,,31988,31988,,,,,,,0,-1,-1,,No such vertex,No such vertex,,2.27,,1.9,,4840664,0,1
random_instance033_graph003,429,1287,random_instance033_graph003_01,640,128,,,,132,249,,0.04,0.03,,0.19,0.2,,31988,31988,,,,,,,0,-1,-1,,No such vertex,No such vertex,,2.29,,1.92,,4843672,0,1
random_instance033_graph004,429,1287,random_instance033_graph004_01,641,145,,,,135,266,,0.03,0.03,,0.2,0.19,,31988,31988,,,,,,,0,-1,-1,,No such vertex,No such vertex,,2.27,,1.91,,4853492,0,1
random_instance033_graph005,429,1287,random_instance033_graph005_01,642,142,,,,134,249,,0.03,0.03,,0.2,0.19,,31988,31988,,,,,,,0,-1,-1,,No such vertex,No such vertex,,2.29,,1.94,,4836208,0,1
random_instance034_graph001,442,1326,random_instance034_graph001_01,643,138,,,,143,260,,1796.5299,1796.3799,,1800.42,1800.43,,140101564,132832620,,,,,,,0,0,0,,,,,2.29,,1.92,,4838388,0,1
random_instance034_graph002,442,1326,random_instance034_graph002_01,644,139,,,,134,265,,1796.3,1796.29,,1800.41,1800.45,,136432452,136520128,,,,,,,0,0,0,,,,,2.29,,1.93,,4836936,0,1
random_instance034_graph003,442,1326,random_instance034_graph003_01,645,142,,,,143,264,,1796.47,1796.4401,,1800.41,1800.43,,135673060,133417772,,,,,,,0,0,0,,,,,2.3,,1.92,,4837276,0,1
random_instance034_graph004,442,1326,random_instance034_graph004_01,646,148,,,,140,254,,1796.3501,1796.32,,1800.44,1800.42,,143973016,134859172,,,,,,,0,0,0,,,,,2.29,,1.92,,4842372,0,1
random_instance034_graph005,442,1326,random_instance034_graph005_01,647,139,,,,140,255,,1796.53,1796.2,,1800.42,1800.44,,140390676,136004824,,,,,,,0,0,0,,,,,2.29,,1.93,,4837144,0,1
random_instance035_graph001,455,1365,random_instance035_graph001_01,648,146,,,,138,266,,0.04,0.03,,0.2,0.2,,31988,31984,,,,,,,0,-1,-1,,No such vertex,No such vertex,,2.27,,1.91,,4842016,0,1
random_instance035_graph002,455,1365,random_instance035_graph002_01,649,147,,,,147,271,,0.04,0.03,,0.21,0.22,,31988,31988,,,,,,,0,-1,-1,,No such vertex,No such vertex,,2.28,,1.92,,4839368,0,1
random_instance035_graph003,455,1365,random_instance035_graph003_01,650,139,,,,144,271,,1796.5099,1796.3401,,1800.41,1800.44,,136908436,135775280,,,,,,,0,0,0,,,,,2.32,,1.94,,4844284,0,1
random_instance035_graph004,455,1365,random_instance035_graph004_01,651,142,,,,145,252,,1796.48,1796.28,,1800.41,1800.44,,137287704,137311064,,,,,,,0,0,0,,,,,2.31,,1.95,,4841000,0,1
random_instance035_graph005,455,1365,random_instance035_graph005_01,652,146,,,,148,261,,1796.46,1796.4099,,1800.43,1800.45,,139486784,136207512,,,,,,,0,0,0,,,,,2.31,,1.94,,4843700,0,1
random_instance036_graph001,468,1404,random_instance036_graph001_01,653,156,,,,146,272,,0.04,0.03,,0.2,0.2,,31988,31988,,,,,,,0,-1,-1,,No such vertex,No such vertex,,2.29,,1.94,,4847416,0,1
random_instance036_graph002,468,1404,random_instance036_graph002_01,654,153,,,,141,271,,0.04,0.03,,0.2,0.2,,31988,31988,,,,,,,0,-1,-1,,No such vertex,No such vertex,,2.28,,1.93,,4841524,0,1
random_instance036_graph003,468,1404,random_instance036_graph003_01,655,157,,,,142,268,,0.04,0.03,,0.2,0.19,,31988,31988,,,,,,,0,-1,-1,,No such vertex,No such vertex,,2.28,,1.93,,4844140,0,1
random_instance036_graph004,468,1404,random_instance036_graph004_01,656,152,,,,148,284,,1796.37,1796.22,,1800.43,1800.45,,143848492,139152492,,,,,,,0,0,0,,,,,2.31,,1.95,,4846840,0,1
random_instance036_graph005,468,1404,random_instance036_graph005_01,657,148,,,,149,278,,1796.51,1796.47,,1800.41,1800.44,,136465884,133246488,,,,,,,0,0,0,,,,,2.29,,1.93,,4858716,0,1
random_instance037_graph001,481,1443,random_instance037_graph001_01,658,156,,,,152,276,,0.03,0.04,,0.19,0.2,,31988,31988,,,,,,,0,-1,-1,,No such vertex,No such vertex,,2.32,,1.96,,4849828,0,1
random_instance037_graph002,481,1443,random_instance037_graph002_01,659,150,,,,150,279,,1796.7101,1796.3501,,1800.41,1800.44,,137403168,135284120,,,,,,,0,0,0,,,,,2.29,,1.93,,4847788,0,1
random_instance037_graph003,481,1443,random_instance037_graph003_01,660,160,,,,144,281,,1796.67,1796.33,,1800.4,1800.46,,135979012,136937472,,,,,,,0,0,0,,,,,2.3,,1.94,,4849656,0,1
random_instance037_graph004,481,1443,random_instance037_graph004_01,661,155,,,,153,285,,1796.54,1796.3201,,1800.41,1800.43,,136218344,134653356,,,,,,,0,0,0,,,,,2.29,,1.93,,4844764,0,1
random_instance037_graph005,481,1443,random_instance037_graph005_01,662,154,,,,147,281,,1796.58,1796.27,,1800.42,1800.46,,140085644,137304512,,,,,,,0,0,0,,,,,2.31,,1.94,,4860912,0,1
random_instance038_graph001,494,1482,random_instance038_graph001_01,663,155,,,,151,302,,1796.5,1796.35,,1800.42,1800.46,,138990360,138824400,,,,,,,0,0,0,,,,,2.29,,1.93,,4852708,0,1
random_instance038_graph002,494,1482,random_instance038_graph002_01,664,161,,,,153,288,,0.03,0.03,,0.2,0.2,,31988,31988,,,,,,,0,-1,-1,,No such vertex,No such vertex,,2.29,,1.93,,4849776,0,1
random_instance038_graph003,494,1482,random_instance038_graph003_01,665,163,,,,161,291,,1796.4,1796.3401,,1800.42,1800.44,,138184268,136421716,,,,,,,0,0,0,,,,,2.31,,1.95,,4851924,0,1
random_instance038_graph004,494,1482,random_instance038_graph004_01,666,162,,,,150,293,,1796.62,1796.3099,,1800.4,1800.44,,129711704,136967368,,,,,,,0,0,0,,,,,2.29,,1.93,,4851596,0,1
random_instance038_graph005,494,1482,random_instance038_graph005_01,667,156,,,,155,304,,1796.58,1796.23,,1800.42,1800.43,,138829664,135721236,,,,,,,0,0,0,,,,,2.32,,1.95,,4850908,0,1
random_instance039_graph001,507,1521,random_instance039_graph001_01,668,161,,,,167,303,,1796.48,1796.27,,1800.42,1800.45,,137723412,136499564,,,,,,,0,0,0,,,,,2.29,,1.93,,4854048,0,1
random_instance039_graph002,507,1521,random_instance039_graph002_01,669,170,,,,162,292,,0.03,0.03,,0.2,0.2,,31988,31984,,,,,,,0,-1,-1,,No such vertex,No such vertex,,2.31,,1.95,,4856796,0,1
random_instance039_graph003,507,1521,random_instance039_graph003_01,670,156,,,,166,300,,0.04,0.04,,0.2,0.2,,31988,31988,,,,,,,0,-1,-1,,No such vertex,No such vertex,,2.3,,1.93,,4857148,0,1
random_instance039_graph004,507,1521,random_instance039_graph004_01,671,161,,,,156,290,,0.04,0.03,,0.2,0.2,,31988,31988,,,,,,,0,-1,-1,,No such vertex,No such vertex,,2.29,,1.93,,4851548,0,1
random_instance039_graph005,507,1521,random_instance039_graph005_01,672,165,,,,158,298,,0.03,0.03,,0.2,0.19,,31984,31992,,,,,,,0,-1,-1,,No such vertex,No such vertex,,2.3,,1.94,,4851764,0,1
random_instance040_graph001,520,1560,random_instance040_graph001_01,673,164,,,,159,296,,0.03,0.04,,0.2,0.2,,31988,31988,,,,,,,0,-1,-1,,No such vertex,No such vertex,,2.29,,1.93,,4855936,0,1
random_instance040_graph002,520,1560,random_instance040_graph002_01,674,166,,,,159,305,,0.04,0.03,,0.2,0.19,,31988,31988,,,,,,,0,-1,-1,,No such vertex,No such vertex,,2.29,,1.94,,4853756,0,1
random_instance040_graph003,520,1560,random_instance040_graph003_01,675,160,,,,163,302,,0.04,0.04,,0.21,0.2,,31988,31992,,,,,,,0,-1,-1,,No such vertex,No such vertex,,2.31,,1.95,,4856816,0,1
random_instance040_graph004,520,1560,random_instance040_graph004_01,676,177,,,,163,307,,0.03,0.03,,0.2,0.2,,31988,31992,,,,,,,0,-1,-1,,No such vertex,No such vertex,,2.32,,1.96,,4855584,0,1
random_instance040_graph005,520,1560,random_instance040_graph005_01,677,164,,,,168,300,,0.03,0.04,,0.19,0.2,,31988,31988,,,,,,,0,-1,-1,,No such vertex,No such vertex,,2.3,,1.95,,4856216,0,1
