graph_name,vertices,edges,dat_file,tokens,independent_sets,reconfiguration_sequence_length,pw_opt,pw_heur,pw_orig,cpu_time_opt,cpu_time_heur,cpu_time_orig,wallclock_time_opt,wallclock_time_heur,wallclock_time_orig,max_memory_opt,max_memory_heur,max_memory_orig,zdd_time_opt,zdd_time_heur,zdd_time_orig,zdd_size_opt,zdd_size_heur,zdd_size_orig,solved?_opt,solved?_heur,solved?_orig,error_opt,error_heur,error_orig,cpu_time_opt_preprocess,cpu_time_heur_preprocess,wallclock_time_opt_preprocess,wallclock_time_heur_preprocess,max_memory_opt_preprocess,max_memory_heur_preprocess,solved?_opt_preprocess,solved?_heur_preprocess
1-FullIns_3,30,100,1-FullIns_3_01,14,83039,1,11,13,14,0.01,0.0,0.02,0.01,0.01,0.03,33012,33012,31744,0.004301,0.003574,0.003602,546,333,664,1,1,1,,,,1.88,1.94,1.82,1.83,4790508,4799224,1,1
1-FullIns_3,30,100,1-FullIns_3_02,13,83039,3,11,13,14,0.01,0.0,0.0,0.01,0.01,0.01,33012,33012,31988,0.004318,0.003661,0.003502,546,333,664,1,1,1,,,,1.88,1.94,1.82,1.83,4790508,4799224,1,1
1-FullIns_4,93,593,1-FullIns_4_01,45,343142930930159,1,32,35,45,138.26999,63.3,55.5,138.8,63.54,55.7,8572564,4284428,1225324,138.612803,63.248404,54.757884,395153,793894,2015949,1,1,1,,,,71.75,2.01,65.42,1.82,58548768,4799792,1,1
1-FullIns_4,93,593,1-FullIns_4_02,44,343142930930159,1,32,35,45,135.93,62.98,31.380001,136.45,63.2,31.49,8544592,4282816,1225480,136.284143,62.913309,30.870157,395153,793894,2015949,1,1,1,,,,71.75,2.01,65.42,1.82,58548768,4799792,1,1
1-FullIns_5,282,3247,1-FullIns_5_01,139,,,,102,139,,1796.14,1796.68,,1800.23,1800.43,,71879572,144472456,,,,,,,0,0,0,,,,,2.36,,1.92,,4824736,0,1
1-FullIns_5,282,3247,1-FullIns_5_02,138,,,,102,139,,1796.24,1796.68,,1800.28,1800.43,,89316372,144472456,,,,,,,0,0,0,,,,,2.36,,1.92,,4824736,0,1
1-Insertions_4,67,232,1-Insertions_4_01,32,232007606571,3,21,24,31,0.47,10.65,7.2,0.48,10.69,7.23,68476,573752,305444,0.461986,10.583958,7.001794,20258,310776,761556,1,1,1,,,,25.22,1.96,24.11,1.84,32657024,4797144,1,1
1-Insertions_4,67,232,1-Insertions_4_02,31,232007606571,2,21,24,31,0.4,10.650001,6.39,0.4,10.69,6.41,71028,573308,304960,0.38189,10.583027,6.206629,20258,310776,761556,1,1,1,,,,25.22,1.96,24.11,1.84,32657024,4797144,1,1
1-Insertions_5,202,1227,1-Insertions_5_01,99,,,,70,98,,1796.5,1796.7999,,1800.4,1800.42,,134404004,141447224,,,,,,,0,0,0,,,,,2.2,,1.86,,4810592,0,1
1-Insertions_5,202,1227,1-Insertions_5_02,98,,,,70,98,,1796.39,1796.72,,1800.4,1800.42,,134433016,141141724,,,,,,,0,0,0,,,,,2.2,,1.86,,4810592,0,1
1-Insertions_6,607,6337,1-Insertions_6_01,301,,,,206,300,,1796.02,1796.65,,1800.38,1800.47,,115413980,145335184,,,,,,,0,0,0,,,,,2.68,,2.01,,4910160,0,1
1-Insertions_6,607,6337,1-Insertions_6_02,300,,,,206,300,,1795.73,1796.63,,1800.31,1800.47,,115413980,144994404,,,,,,,0,0,0,,,,,2.68,,2.01,,4910160,0,1
2-FullIns_3,52,201,2-FullIns_3_01,24,209515460,2,15,21,19,0.03,0.07,0.02,0.03,0.07,0.03,34032,34036,33012,0.022567,0.060656,0.019857,4914,7572,7040,1,1,1,,,,2.22,1.95,1.94,1.83,4907736,4796192,1,1
2-FullIns_3,52,201,2-FullIns_3_02,24,209515460,2,15,21,19,0.03,0.07,0.02,0.03,0.07,0.03,34036,34036,33012,0.022461,0.060801,0.019848,4914,7572,7040,1,1,1,,,,2.22,1.95,1.94,1.83,4907736,4796192,1,1
2-FullIns_4,212,1621,2-FullIns_4_01,104,,,,66,73,,1796.61,1796.7201,,1800.21,1800.41,,72852944,138667984,,,,,,,0,0,0,,,,,2.21,,1.86,,4813756,0,1
2-FullIns_4,212,1621,2-FullIns_4_02,104,,,,66,73,,1796.66,1796.72,,1800.22,1800.41,,72852948,138667980,,,,,,,0,0,0,,,,,2.21,,1.86,,4813756,0,1
2-FullIns_5,852,12201,2-FullIns_5_01,424,,,,228,287,,1795.99,1796.5,,1800.44,1800.47,,132815784,148366236,,,,,,,0,0,0,,,,,3.2,,2.15,,5030000,0,1
2-FullIns_5,852,12201,2-FullIns_5_02,424,,,,228,287,,1796.01,1796.43,,1800.44,1800.48,,134337064,146992900,,,,,,,0,0,0,,,,,3.2,,2.15,,5030000,0,1
2-Insertions_3,37,72,2-Insertions_3_01,17,6031508,3,9,10,11,0.01,0.0,0.01,0.01,0.01,0.01,33008,33012,31988,0.004267,0.003704,0.003917,1128,1178,2498,1,1,1,,,,1.98,1.94,1.86,1.83,4842920,4794088,1,1
2-Insertions_3,37,72,2-Insertions_3_02,17,6031508,2,9,10,11,0.0,0.01,0.01,0.01,0.01,0.01,33012,33012,31988,0.004296,0.003733,0.003922,1128,1178,2498,1,1,1,,,,1.98,1.94,1.86,1.83,4842920,4794088,1,1
2-Insertions_4,149,541,2-Insertions_4_01,73,,,,39,48,,1796.7,1796.63,,1800.21,1800.21,,71239420,71407144,,,,,,,0,0,0,,,,,2.1,,1.88,,4804904,0,1
2-Insertions_4,149,541,2-Insertions_4_02,73,,,,39,48,,1796.75,1796.64,,1800.21,1800.21,,71240748,71407144,,,,,,,0,0,0,,,,,2.1,,1.88,,4804904,0,1
2-Insertions_5,597,3936,2-Insertions_5_01,297,,,,152,197,,7179.76,7178.04,,7206.0,7204.0,,292998480,563982040,,,,,,,0,0,0,,,,,2.46,,2.0,,4884352,0,1
2-Insertions_5,597,3936,2-Insertions_5_02,297,,,,152,197,,7178.49,7180.81,,7206.0,7206.0,,293193148,291614576,,,,,,,0,0,0,,,,,2.46,,2.0,,4884352,0,1
3-FullIns_3,80,346,3-FullIns_3_01,37,4560332427351,2,20,31,24,0.56,17.1,0.2,0.57,17.17,0.21,73844,1120140,37108,0.552315,17.10166,0.179554,41456,211602,61729,1,1,1,,,,8.219999999999999,1.99,7.27,1.84,11648236,4795152,1,1
3-FullIns_3,80,346,3-FullIns_3_02,36,4560332427351,4,20,31,24,0.57,17.140001,0.2,0.58,17.21,0.21,74264,1120284,38136,0.55903,17.136302,0.179787,41456,211602,61729,1,1,1,,,,8.219999999999999,1.99,7.27,1.84,11648236,4795152,1,1
3-FullIns_4,405,3524,3-FullIns_4_01,198,,,,103,107,,1796.68,1796.63,,1800.41,1800.41,,137683108,139927480,,,,,,,0,0,0,,,,,2.37,,1.92,,4838644,0,1
3-FullIns_4,405,3524,3-FullIns_4_02,197,,,,103,107,,1796.6499,1796.62,,1800.4,1800.42,,136142976,139500872,,,,,,,0,0,0,,,,,2.37,,1.92,,4838644,0,1
3-FullIns_5,2030,33751,3-FullIns_5_01,1009,,,,431,515,,1795.9199,1796.37,,1800.52,1800.52,,138936100,150304544,,,,,,,0,0,0,,,,,4.35,,3.23,,6654792,0,1
3-FullIns_5,2030,33751,3-FullIns_5_02,1008,,,,431,515,,1795.93,1796.39,,1800.54,1800.53,,138938756,150156872,,,,,,,0,0,0,,,,,4.35,,3.23,,6654792,0,1
3-Insertions_3,56,110,3-Insertions_3_01,27,16999974125,4,11,12,13,0.03,0.02,0.02,0.03,0.02,0.03,34036,33012,33012,0.015046,0.011161,0.014082,5841,5090,13124,1,1,1,,,,3.22,1.96,2.46,1.84,5520996,4797096,1,1
3-Insertions_3,56,110,3-Insertions_3_02,26,16999974125,2,11,12,13,0.02,0.02,0.02,0.03,0.02,0.03,33012,33016,33012,0.01494,0.011136,0.014025,5841,5090,13124,1,1,1,,,,3.22,1.96,2.46,1.84,5520996,4797096,1,1
3-Insertions_4,281,1046,3-Insertions_4_01,139,,,,58,69,,1796.5901,1796.76,,1800.39,1800.4,,133841148,137378876,,,,,,,0,0,0,,,,,2.23,,1.88,,4820504,0,1
3-Insertions_4,281,1046,3-Insertions_4_02,138,,,,58,69,,1796.65,1796.69,,1800.39,1800.41,,133976460,137160992,,,,,,,0,0,0,,,,,2.23,,1.88,,4820504,0,1
3-Insertions_5,1406,9695,3-Insertions_5_01,701,,,,284,350,,1796.07,1796.45,,1800.48,1800.48,,133301140,145106896,,,,,,,0,0,0,,,,,3.44,,2.39,,5446724,0,1
3-Insertions_5,1406,9695,3-Insertions_5_02,700,,,,284,350,,1795.95,1796.41,,1800.48,1800.48,,133311492,144927280,,,,,,,0,0,0,,,,,3.44,,2.39,,5446724,0,1
4-FullIns_3,114,541,4-FullIns_3_01,55,767186184427266378,1,24,43,29,2.89,7180.07,3.8500001,2.9,7206.0,3.87,281120,280648312,284280,2.829619,,3.732311,255177,,491999,1,0,1,,,,187.92,2.07,167.86,1.86,59174828,4803572,1,1
4-FullIns_3,114,541,4-FullIns_3_02,54,767186184427266378,1,24,43,29,2.9,7180.58,3.72,2.91,7205.0,3.74,282084,280617252,284992,2.836348,,3.607064,255177,,491999,1,0,1,,,,187.92,2.07,167.86,1.86,59174828,4803572,1,1
4-FullIns_4,690,6650,4-FullIns_4_01,343,,,,148,147,,7180.47,7196.26,,7206.0,7221.0,,299322176,529837992,,,,,,,0,0,0,,,,,2.65,,2.04,,4917388,0,1
4-FullIns_4,690,6650,4-FullIns_4_02,342,,,,148,147,,7179.0503,7192.37,,7205.0,7217.0,,295275052,529801528,,,,,,,0,0,0,,,,,2.65,,2.04,,4917388,0,1
4-FullIns_5,4146,77305,4-FullIns_5_01,2070,,,,728,841,,1795.7899,1796.41,,1800.44,1800.65,,77782680,157890724,,,,,,,0,0,0,,,,,10.739999999999998,,9.51,,18329352,0,1
4-FullIns_5,4146,77305,4-FullIns_5_02,2070,,,,728,841,,1795.9199,1796.35,,1800.44,1800.64,,77784356,170201252,,,,,,,0,0,0,,,,,10.739999999999998,,9.51,,18329352,0,1
4-Insertions_3,79,156,4-Insertions_3_01,38,245227225296269,1,13,14,15,0.07,0.04,0.08,0.07,0.05,0.08,35060,34036,35060,0.052218,0.032468,0.05733,27622,19853,61780,1,1,1,,,,17.06,1.95,15.59,1.83,23683116,4796232,1,1
4-Insertions_3,79,156,4-Insertions_3_02,38,245227225296269,3,13,14,15,0.07,0.04,0.08,0.07,0.05,0.08,34040,34032,35060,0.053034,0.032455,0.060377,27622,19853,61780,1,1,1,,,,17.06,1.95,15.59,1.83,23683116,4796232,1,1
4-Insertions_4,475,1795,4-Insertions_4_01,236,,,,81,94,,7180.04,7180.4297,,7206.0,7206.0,,282691632,297333096,,,,,,,0,0,0,,,,,2.32,,1.93,,4848660,0,1
4-Insertions_4,475,1795,4-Insertions_4_02,236,,,,81,94,,7179.53,7177.1,,7205.0,7203.0,,282694008,542239556,,,,,,,0,0,0,,,,,2.32,,1.93,,4848660,0,1
5-FullIns_3,154,792,5-FullIns_3_01,72,958445790577822897653308,1,,57,34,,1796.72,65.840004,,1800.22,65.98,,73941972,2404788,,,65.046661,,,3508485,0,0,1,,,,,2.08,,1.85,,4803792,0,1
5-FullIns_3,154,792,5-FullIns_3_02,71,958445790577822897653308,5,,57,34,,1796.6599,65.66,,1800.22,65.8,,73940360,2404020,,,64.856302,,,3508485,0,0,1,,,,,2.08,,1.85,,4803792,0,1
5-FullIns_4,1085,11395,5-FullIns_4_01,535,,,,200,193,,1796.45,1796.59,,1800.42,1800.43,,137742124,142007824,,,,,,,0,0,0,,,,,3.3600000000000003,,2.25,,5171812,0,1
5-FullIns_4,1085,11395,5-FullIns_4_02,534,,,,200,193,,1796.4199,1796.4401,,1800.42,1800.44,,136546676,142007664,,,,,,,0,0,0,,,,,3.3600000000000003,,2.25,,5171812,0,1
DSJC1000.1,1000,49629,DSJC1000.1_01,66,,,,883,947,,1796.75,1796.9299,,1800.51,1800.63,,134955308,147972764,,,,,,,0,0,0,,,,,3.58,,2.52,,5120440,0,1
DSJC1000.1,1000,49629,DSJC1000.1_02,66,,,,883,947,,1796.75,1796.84,,1800.51,1800.6,,135020864,147972756,,,,,,,0,0,0,,,,,3.58,,2.52,,5120440,0,1
DSJC1000.5,1000,249826,DSJC1000.5_01,14,,,,975,989,,1796.32,1796.26,,1800.52,1800.6,,134766604,147752376,,,,,,,0,0,0,,,,,7.689999999999999,,6.48,,5504608,0,1
DSJC1000.5,1000,249826,DSJC1000.5_02,13,,,,975,989,,1796.3,1796.34,,1800.54,1800.59,,134588440,147728636,,,,,,,0,0,0,,,,,7.689999999999999,,6.48,,5504608,0,1
DSJC1000.9,1000,449449,DSJC1000.9_01,5,,,990,992,997,7179.89,7179.35,7190.0703,7206.0,7205.0,7216.0,294792772,296109796,532097544,,,,,,,0,0,0,,,,99.16,13.74,83.88,12.67,58598376,5891132,1,1
DSJC1000.9,1000,449449,DSJC1000.9_02,5,,,990,992,997,7179.78,7179.0,7190.01,7205.0,7205.0,7216.0,295482012,295978016,531921100,,,,,,,0,0,0,,,,99.16,13.74,83.88,12.67,58598376,5891132,1,1
DSJC125.1,125,736,DSJC125.1_01,34,,,,66,91,,1796.62,1796.75,,1800.22,1800.4,,73052584,135250460,,,,,,,0,0,0,,,,,2.08,,1.85,,4803608,0,1
DSJC125.1,125,736,DSJC125.1_02,33,,,,66,91,,1796.65,1796.76,,1800.22,1800.4,,73052584,135315420,,,,,,,0,0,0,,,,,2.08,,1.85,,4803608,0,1
DSJC125.5,125,3891,DSJC125.5_01,9,537509,4,108,110,119,1024.22,982.67004,897.3,1028.3,986.57,900.71,70349028,70206848,72016876,1027.897563,986.174384,900.365263,97315,94405,115590,1,1,1,,,,12.04,2.18,10.16,1.87,14276840,4825124,1,1
DSJC125.5,125,3891,DSJC125.5_02,9,537509,2,108,110,119,1029.04,966.93,898.98,1033.09,970.64,902.38,70349184,70208484,72016876,1032.680851,970.305456,902.037443,97315,94405,115590,1,1,1,,,,12.04,2.18,10.16,1.87,14276840,4825124,1,1
DSJC125.9,125,6961,DSJC125.9_01,4,1250,1,119,119,123,6.6,6.6000004,10.059999,6.63,6.63,10.1,596924,596424,594248,6.577249,6.577689,10.007821,888,888,912,1,1,1,,,,2.27,2.41,1.89,1.9,4827688,4832592,1,1
DSJC125.9,125,6961,DSJC125.9_02,3,1250,8,119,119,123,6.67,6.6000004,6.69,6.7,6.63,6.71,599992,596920,594256,6.635737,6.569788,6.62643,888,888,912,1,1,1,,,,2.27,2.41,1.89,1.9,4827688,4832592,1,1
DSJC250.1,250,3218,DSJC250.1_01,44,,,,174,212,,1796.61,1796.63,,1800.41,1800.45,,134603184,143138584,,,,,,,0,0,0,,,,,2.27,,1.91,,4815988,0,1
DSJC250.1,250,3218,DSJC250.1_02,43,,,,174,212,,1796.66,1796.5901,,1800.41,1800.45,,134603184,143138584,,,,,,,0,0,0,,,,,2.27,,1.91,,4815988,0,1
DSJC250.5,250,15668,DSJC250.5_01,11,,,,232,242,,1796.1901,1796.36,,1800.41,1800.44,,134265792,143774020,,,,,,,0,0,0,,,,,2.77,,1.96,,4864228,0,1
DSJC250.5,250,15668,DSJC250.5_02,11,,,,232,242,,1796.35,1796.25,,1800.41,1800.45,,134487652,143683204,,,,,,,0,0,0,,,,,2.77,,1.96,,4864228,0,1
DSJC250.9,250,27897,DSJC250.9_01,4,6556,5,243,243,246,326.80002,331.81,330.65002,328.06,333.07,331.88,34930412,34930404,34971388,327.722348,332.731113,331.552897,4295,4295,4319,1,1,1,,,,3.13,2.85,2.12,2.0,5004716,4891920,1,1
DSJC250.9,250,27897,DSJC250.9_02,4,6556,5,243,243,246,329.39,331.88998,324.42,330.63,333.16,325.7,35018580,35018584,35050204,330.295869,332.820572,325.364223,4295,4295,4319,1,1,1,,,,3.13,2.85,2.12,2.0,5004716,4891920,1,1
DSJC500.1,500,12458,DSJC500.1_01,57,,,,405,457,,7179.23,7190.7695,,7205.0,7215.0,,282312512,528334932,,,,,,,0,0,0,,,,,2.95,,2.03,,4894524,0,1
DSJC500.1,500,12458,DSJC500.1_02,56,,,,405,457,,7179.23,7186.67,,7205.0,7211.0,,282572964,460422744,,,,,,,0,0,0,,,,,2.95,,2.03,,4894524,0,1
DSJC500.5,500,62624,DSJC500.5_01,12,,,,479,491,,1796.2899,1796.3,,1800.45,1800.51,,133803552,146150720,,,,,,,0,0,0,,,,,3.4000000000000004,,2.44,,4982656,0,1
DSJC500.5,500,62624,DSJC500.5_02,12,,,,479,491,,1796.3201,1796.19,,1800.44,1800.51,,134032960,146151096,,,,,,,0,0,0,,,,,3.4000000000000004,,2.44,,4982656,0,1
DSJC500.9,500,112437,DSJC500.9_01,4,,,492,492,496,7190.54,7190.3403,7191.71,7216.0,7216.0,7216.0,530383760,531299652,532966124,,,,,,,0,0,0,,,,7.390000000000001,3.68,5.37,2.56,10086224,5093892,1,1
DSJC500.9,500,112437,DSJC500.9_02,4,,,492,492,496,7198.98,7190.2803,7196.57,7224.0,7216.0,7221.0,531728236,495338496,525701236,,,,,,,0,0,0,,,,7.390000000000001,3.68,5.37,2.56,10086224,5093892,1,1
DSJR500.1,500,3555,DSJR500.1_01,82,,,,57,395,,1796.4199,1796.8099,,1800.41,1800.49,,138117672,144191040,,,,,,,0,0,0,,,,,2.37,,1.95,,4849796,0,1
DSJR500.1,500,3555,DSJR500.1_02,81,,,,57,395,,1796.45,1796.7899,,1800.41,1800.49,,137998844,144223812,,,,,,,0,0,0,,,,,2.37,,1.95,,4849796,0,1
DSJR500.1c,500,121275,DSJR500.1c_01,13,94552,1,485,485,496,1449.23,1442.58,1492.9299,1454.79,1448.11,1498.5,137668800,137669512,140541956,1450.52128,1443.630645,1497.24437,4653,4653,4948,1,1,1,,,,3.93,3.810000000000001,2.72,2.68,5235400,5115668,1,1
DSJR500.1c,500,121275,DSJR500.1c_02,12,94552,4,485,485,496,1458.91,1481.54,1482.39,1464.54,1487.41,1488.03,137894468,137896572,140427412,1459.246537,1482.446473,1486.80287,4653,4653,4948,1,1,1,,,,3.93,3.810000000000001,2.72,2.68,5235400,5115668,1,1
DSJR500.5,500,58862,DSJR500.5_01,7,,,246,252,493,7179.92,7181.42,7176.9,7207.0,7208.0,7204.0,276224352,276682308,529696116,,,,,,,0,0,0,,,,70.3,3.38,65.81,2.28,58505384,4993328,1,1
DSJR500.5,500,58862,DSJR500.5_02,6,,,246,252,493,7180.3696,7178.5903,7189.22,7207.0,7205.0,7216.0,276224864,278684696,459390020,,,,,,,0,0,0,,,,70.3,3.38,65.81,2.28,58505384,4993328,1,1
anna,138,493,anna_01,80,246319342336314321386707353600,5,,21,61,,2.4699998,2928.69,,2.49,2936.6,,275776,151400048,,2.405407,2854.932468,,11785,240778360,0,1,1,,,,,2.07,,1.86,,4803508,0,1
anna,138,493,anna_02,79,246319342336314321386707353600,13,,21,61,,2.6299999,3110.9302,,2.64,3119.66,,275752,151402700,,2.398439,2839.226206,,11785,240778360,0,1,1,,,,,2.07,,1.86,,4803508,0,1
ash331GPIA,662,4181,ash331GPIA_01,228,,,,115,102,,1796.8899,1796.4,,1800.39,1800.41,,132424668,139254264,,,,,,,0,0,0,,,,,2.45,,2.0,,4907084,0,1
ash331GPIA,662,4181,ash331GPIA_02,228,,,,115,102,,1796.89,1796.4099,,1800.39,1800.41,,132424672,139254692,,,,,,,0,0,0,,,,,2.45,,2.0,,4907084,0,1
ash608GPIA,1216,7844,ash608GPIA_01,423,,,,109,170,,1796.82,1796.05,,1800.39,1800.4,,134149000,137975744,,,,,,,0,0,0,,,,,3.35,,2.32,,5361052,0,1
ash608GPIA,1216,7844,ash608GPIA_02,422,,,,109,170,,1796.78,1796.08,,1800.39,1800.4,,134107892,137603464,,,,,,,0,0,0,,,,,3.35,,2.32,,5361052,0,1
ash958GPIA,1916,12506,ash958GPIA_01,662,,,,137,172,,1796.79,1795.9199,,1800.41,1800.41,,137436908,141238800,,,,,,,0,0,0,,,,,4.0,,2.91,,6482308,0,1
ash958GPIA,1916,12506,ash958GPIA_02,661,,,,137,172,,1796.82,1795.97,,1800.41,1800.41,,137472984,141199888,,,,,,,0,0,0,,,,,4.0,,2.91,,6482308,0,1
david,87,406,david_01,36,1233653689761797,6,13,18,53,0.08,0.12,61.47,0.09,0.12,61.68,35060,36084,4356392,0.067941,0.096375,59.336223,857,1476,5193482,1,1,1,,,,4.35,2.0,3.44,1.82,6702324,4800632,1,1
david,87,406,david_02,35,1233653689761797,9,13,18,53,0.1,0.13,77.55,0.11,0.14,77.74,35060,36084,4508292,0.067946,0.09448,55.527424,857,1476,5193482,1,1,1,,,,4.35,2.0,3.44,1.82,6702324,4800632,1,1
games120,120,638,games120_01,22,30467298966717,7,32,46,91,635.38,7179.29,7179.78,637.83,7205.0,7205.0,34584780,283598876,276371108,637.37377,,,804613,,,1,0,0,,,,116.73,2.08,102.32,1.86,58817300,4803568,1,1
games120,120,638,games120_02,21,30467298966717,13,32,46,91,638.10004,7180.19,7179.5703,640.61,7205.0,7204.0,34597520,283202944,279646172,638.227112,,,804613,,,1,0,0,,,,116.73,2.08,102.32,1.86,58817300,4803568,1,1
huck,74,301,huck_01,27,1537558481760,7,10,16,48,0.03,0.049999997,1.02,0.04,0.05,1.03,34040,34036,151892,0.020091,0.037024,0.644287,234,903,128070,1,1,1,,,,3.56,1.98,2.66,1.83,5666792,4797160,1,1
huck,74,301,huck_02,26,1537558481760,7,10,16,48,0.04,0.05,3.32,0.04,0.06,3.33,34036,35060,269824,0.020246,0.037286,0.660397,234,903,128070,1,1,1,,,,3.56,1.98,2.66,1.83,5666792,4797160,1,1
latin_square_10,900,307350,latin_square_10_01,9,,,851,851,891,7183.0703,7192.6,7186.21,7204.0,7213.0,7208.0,548621644,548626156,543357552,,,,,,,0,0,0,,,,1483.17,9.0,1391.71,7.97,147924384,5586976,1,1
latin_square_10,900,307350,latin_square_10_02,9,,,851,851,891,7189.87,7184.2,7182.96,7210.0,7205.0,7204.0,539220828,548818260,543848012,,,,,,,0,0,0,,,,1483.17,9.0,1391.71,7.97,147924384,5586976,1,1
le450_15a,450,8168,le450_15a_01,75,,,,284,386,,7186.69,7185.2197,,7207.0,7208.0,,290408524,533881916,,,,,,,0,0,0,,,,,2.87,,1.96,,4881848,0,1
le450_15a,450,8168,le450_15a_02,74,,,,284,386,,7185.67,7181.91,,7207.0,7204.0,,290556408,542125312,,,,,,,0,0,0,,,,,2.87,,1.96,,4881848,0,1
le450_15b,450,8169,le450_15b_01,78,,,,281,381,,7185.14,7180.38,,7207.0,7204.0,,284426044,551278304,,,,,,,0,0,0,,,,,2.84,,1.96,,4876928,0,1
le450_15b,450,8169,le450_15b_02,77,,,,281,381,,7179.6597,7189.96,,7201.0,7213.0,,288257012,541907128,,,,,,,0,0,0,,,,,2.84,,1.96,,4876928,0,1
le450_15c,450,16680,le450_15c_01,41,,,,358,420,,1796.61,1796.25,,1800.45,1800.48,,133760068,144213816,,,,,,,0,0,0,,,,,2.94,,2.0,,4893128,0,1
le450_15c,450,16680,le450_15c_02,40,,,,358,420,,1796.7,1796.2,,1800.42,1800.48,,133730392,144215272,,,,,,,0,0,0,,,,,2.94,,2.0,,4893128,0,1
le450_15d,450,16750,le450_15d_01,40,,,,362,419,,7177.24,7181.44,,7201.0,7204.0,,290767324,554131936,,,,,,,0,0,0,,,,,2.94,,2.03,,4896700,0,1
le450_15d,450,16750,le450_15d_02,40,,,,362,419,,7177.9897,7181.6304,,7201.0,7204.0,,291652868,546565936,,,,,,,0,0,0,,,,,2.94,,2.03,,4896700,0,1
le450_25a,450,8260,le450_25a_01,91,,,,244,360,,1796.64,1796.4,,1800.41,1800.45,,134597748,144437656,,,,,,,0,0,0,,,,,2.85,,1.98,,4881824,0,1
le450_25a,450,8260,le450_25a_02,90,,,,244,360,,1796.6699,1796.38,,1800.41,1800.49,,134697068,144467572,,,,,,,0,0,0,,,,,2.85,,1.98,,4881824,0,1
le450_25b,450,8263,le450_25b_01,78,,,,253,361,,1796.7001,1796.33,,1800.41,1800.49,,134137680,145237816,,,,,,,0,0,0,,,,,2.9,,2.0,,4882628,0,1
le450_25b,450,8263,le450_25b_02,77,,,,253,361,,1796.75,1796.28,,1800.41,1800.48,,134131492,145347988,,,,,,,0,0,0,,,,,2.9,,2.0,,4882628,0,1
le450_25c,450,17343,le450_25c_01,47,,,,327,411,,7186.07,7188.2197,,7207.0,7210.0,,280873588,538852796,,,,,,,0,0,0,,,,,2.99,,2.03,,4899144,0,1
le450_25c,450,17343,le450_25c_02,46,,,,327,411,,7184.9697,7181.6,,7207.0,7205.0,,282008032,546489412,,,,,,,0,0,0,,,,,2.99,,2.03,,4899144,0,1
le450_25d,450,17425,le450_25d_01,43,,,,344,416,,7187.45,7182.6904,,7207.0,7204.0,,281604176,550723056,,,,,,,0,0,0,,,,,2.98,,2.04,,4893856,0,1
le450_25d,450,17425,le450_25d_02,42,,,,344,416,,7187.35,7181.3604,,7207.0,7204.0,,281485036,547401104,,,,,,,0,0,0,,,,,2.98,,2.04,,4893856,0,1
le450_5a,450,5714,le450_5a_01,89,,,,246,384,,7188.61,7184.1797,,7208.0,7204.0,,275366244,553408956,,,,,,,0,0,0,,,,,2.53,,1.97,,4877832,0,1
le450_5a,450,5714,le450_5a_02,89,,,,246,384,,7188.56,7183.29,,7207.0,7204.0,,282905492,553406264,,,,,,,0,0,0,,,,,2.53,,1.97,,4877832,0,1
le450_5b,450,5734,le450_5b_01,89,,,,266,382,,7184.85,7183.33,,7207.0,7204.0,,277151508,547232936,,,,,,,0,0,0,,,,,2.39,,1.95,,4851716,0,1
le450_5b,450,5734,le450_5b_02,89,,,,266,382,,3591.0798,3587.5,,3604.0,3600.0,,137494128,285418900,,,,,,,0,0,0,,,,,2.39,,1.95,,4851716,0,1
le450_5c,450,9803,le450_5c_01,89,,,,274,402,,1796.51,1796.34,,1800.45,1800.48,,136995792,144132152,,,,,,,0,0,0,,,,,2.88,,2.0,,4880212,0,1
le450_5c,450,9803,le450_5c_02,89,,,,274,402,,1796.4299,1796.36,,1800.45,1800.48,,136995792,143968332,,,,,,,0,0,0,,,,,2.88,,2.0,,4880212,0,1
le450_5d,450,9757,le450_5d_01,89,,,,278,405,,1796.54,1796.3,,1800.45,1800.48,,135034268,143771104,,,,,,,0,0,0,,,,,2.87,,1.98,,4881964,0,1
le450_5d,450,9757,le450_5d_02,89,,,,278,405,,1796.5,1796.3401,,1800.44,1800.47,,135034268,143771104,,,,,,,0,0,0,,,,,2.87,,1.98,,4881964,0,1
miles1000,128,3216,miles1000_01,8,2500822,3,49,50,123,1.18,1.17,39.84,1.2,1.18,40.03,153512,153204,4244124,1.170043,1.148085,39.933722,688,690,59247,1,1,1,,,,2.34,2.18,1.94,1.89,4868900,4807348,1,1
miles1000,128,3216,miles1000_02,7,2500822,5,49,50,123,1.2299999,1.22,37.31,1.25,1.23,37.47,153648,153792,4250420,1.171792,1.154567,36.207096,688,690,59247,1,1,1,,,,2.34,2.18,1.94,1.89,4868900,4807348,1,1
miles1500,128,5198,miles1500_01,5,14030,2,77,77,125,2.04,2.07,8.2699995,2.05,2.08,8.31,274252,274012,554940,2.0172,2.039248,8.228989,310,310,2334,1,1,1,,,,2.25,2.2,1.9,1.9,4843048,4825480,1,1
miles1500,128,5198,miles1500_02,4,14030,3,77,77,125,2.06,2.06,8.700001,2.08,2.08,8.74,274136,273392,556424,2.035274,2.037098,8.682286,310,310,2334,1,1,1,,,,2.25,2.2,1.9,1.9,4843048,4825480,1,1
miles500,128,1170,miles500_01,18,892734883938,7,22,30,104,0.21000001,0.66999996,1185.6699,0.21,0.68,1190.13,38132,77044,71261916,0.165315,0.590669,1180.277709,2035,6471,11786143,1,1,1,,,,3.71,2.11,2.79,1.88,5783228,4802516,1,1
miles500,128,1170,miles500_02,17,892734883938,10,22,30,104,0.61,2.58,1550.62,0.62,2.59,1556.12,42080,152524,132713024,0.165177,0.589155,1185.604974,2035,6471,11786143,1,1,1,,,,3.71,2.11,2.79,1.88,5783228,4802516,1,1
miles750,128,2113,miles750_01,12,245547105,4,36,48,115,0.55999994,2.56,152.73,0.56,2.57,153.29001,73968,273196,16579148,0.541311,2.547133,152.989224,1501,10322,507692,1,1,1,,,,3.1,2.12,2.32,1.86,5124880,4804480,1,1
miles750,128,2113,miles750_02,11,245547105,6,36,48,115,0.59999996,2.6299999,151.56999,0.6,2.65,152.16,74960,274084,16636740,0.538015,2.56243,151.303098,1501,10322,507692,1,1,1,,,,3.1,2.12,2.32,1.86,5124880,4804480,1,1
mug100_1,100,166,mug100_1_01,33,899476914678948928,11,5,16,26,0.08,6.3399997,16.52,0.09,6.37,16.58,35060,278148,563840,0.01235,0.153291,1.265694,534,97170,312529,1,1,1,,,,2.16,2.0,1.92,1.83,4857600,4796104,1,1
mug100_1,100,166,mug100_1_02,32,899476914678948928,18,5,16,26,1.13,722.26,3018.29,1.14,725.31,3030.48,39156,8775640,33644552,0.012502,0.154136,1.153543,534,97170,312529,1,1,1,,,,2.16,2.0,1.92,1.83,4857600,4796104,1,1
mug100_25,100,166,mug100_25_01,33,917236423320766528,15,6,17,32,0.17,51.670002,229.93999,0.17,51.86,230.84,36084,1177504,8672444,0.01308,0.352407,8.303033,681,154012,823723,1,1,1,,,,2.48,2.01,2.07,1.84,4970652,4797672,1,1
mug100_25,100,166,mug100_25_02,32,917236423320766528,21,6,17,32,7.15,1689.68,3585.5498,7.19,1696.69,3600.0,72672,18026168,67859728,0.01318,0.354114,5.442245,681,154012,823723,1,1,0,,,,2.48,2.01,2.07,1.84,4970652,4797672,1,1
mug88_1,88,146,mug88_1_01,29,6657407284552416,9,5,11,31,0.04,0.09,20.400002,0.05,0.1,20.46,34036,36084,1132244,0.010088,0.016223,17.783481,455,4932,893642,1,1,1,,,,2.05,1.97,1.86,1.85,4827420,4796168,1,1
mug88_1,88,146,mug88_1_02,28,6657407284552416,20,5,11,31,0.38,21.699999,1084.6799,0.38,21.77,1088.91,37108,294720,34034040,0.009965,0.016256,14.826937,455,4932,893642,1,1,1,,,,2.05,1.97,1.86,1.85,4827420,4796168,1,1
mug88_25,88,146,mug88_25_01,29,6219522864915696,7,5,10,32,0.03,0.04,16.19,0.04,0.05,16.28,34036,34036,1108120,0.010111,0.011654,14.770253,493,1974,1783217,1,1,1,,,,2.05,1.95,1.85,1.83,4826444,4797364,1,1
mug88_25,88,146,mug88_25_02,28,6219522864915696,19,5,10,32,0.51,188.6,3585.87,0.52,189.4,3600.0,38132,152380,67017200,0.010146,0.0117,11.625705,493,1974,1783217,1,1,0,,,,2.05,1.95,1.85,1.83,4826444,4797364,1,1
myciel3,11,20,myciel3_01,4,103,2,5,5,7,0.01,0.0,0.01,0.01,0.01,0.01,31988,33012,31988,0.000363,0.000336,0.000349,29,29,48,1,1,1,,,,1.82,1.92,1.78,1.81,4798828,4794172,1,1
myciel3,11,20,myciel3_02,4,103,3,5,5,7,0.0,0.0,0.0,0.01,0.01,0.01,33012,33012,33012,0.000343,0.000346,0.000358,29,29,48,1,1,1,,,,1.82,1.92,1.78,1.81,4798828,4794172,1,1
myciel4,23,71,myciel4_01,10,7407,1,10,11,17,0.01,0.0,0.01,0.01,0.01,0.01,33012,33012,33016,0.002062,0.001981,0.002653,192,198,593,1,1,1,,,,1.85,1.95,1.8,1.85,4788464,4794156,1,1
myciel4,23,71,myciel4_02,10,7407,1,10,11,17,0.01,0.01,0.0,0.01,0.01,0.01,33012,33016,33012,0.002054,0.001975,0.002652,192,198,593,1,1,1,,,,1.85,1.95,1.8,1.85,4788464,4794156,1,1
myciel5,47,236,myciel5_01,22,39473983,1,20,20,38,0.04,0.04,0.11,0.05,0.05,0.11,34036,34036,35060,0.035294,0.035607,0.094955,1869,1869,18724,1,1,1,,,,2.7,1.95,2.12,1.82,5064464,4794124,1,1
myciel5,47,236,myciel5_02,22,39473983,1,20,20,38,0.04,0.04,0.11,0.05,0.05,0.11,34036,34040,36080,0.035523,0.035497,0.096554,1869,1869,18724,1,1,1,,,,2.7,1.95,2.12,1.82,5064464,4794124,1,1
myciel6,95,755,myciel6_01,46,1079054920080607,1,38,39,82,24.039999,20.91,67.659996,24.11,21.02,67.96,1133356,1114184,4622844,24.071623,20.97465,66.714763,60229,65932,3821400,1,1,1,,,,787.34,2.07,711.51,1.86,59908860,4802388,1,1
myciel6,95,755,myciel6_02,46,1079054920080607,1,38,39,82,24.14,20.91,63.59,24.24,21.01,63.81,1133280,1114324,4623884,24.201215,20.966096,62.593035,60229,65932,3821400,1,1,1,,,,787.34,2.07,711.51,1.86,59908860,4802388,1,1
myciel7,191,2360,myciel7_01,94,,,,76,172,,1796.38,1796.23,,1800.23,1800.43,,74664928,143492868,,,,,,,0,0,0,,,,,2.17,,1.87,,4824980,0,1
myciel7,191,2360,myciel7_02,94,,,,76,172,,1796.47,1796.14,,1800.29,1800.43,,116608352,143327416,,,,,,,0,0,0,,,,,2.17,,1.87,,4824980,0,1
qg.order100,10000,990000,qg.order100_01,99,,,,5049,9900,,5.15,5.44,,5.17,5.46,,461728,459688,,,,,,,0,-1,-1,,The number of vertices,The number of vertices,,321.03000000000003,,301.78,,58554960,0,1
qg.order100,10000,990000,qg.order100_02,99,,,,5049,9900,,5.14,5.47,,5.16,5.48,,461728,459688,,,,,,,0,-1,-1,,The number of vertices,The number of vertices,,321.03000000000003,,301.78,,58554960,0,1
qg.order30,900,26100,qg.order30_01,29,,,,464,870,,1796.94,1796.58,,1800.55,1800.89,,144364768,253898572,,,,,,,0,0,0,,,,,3.23,,2.24,,5072916,0,1
qg.order30,900,26100,qg.order30_02,29,,,,464,870,,1796.91,1796.5801,,1800.58,1800.81,,144365576,265008000,,,,,,,0,0,0,,,,,3.23,,2.24,,5072916,0,1
qg.order40,1600,62400,qg.order40_01,39,,,,819,1560,,1797.0499,1796.76,,1800.68,1801.05,,144831776,265605756,,,,,,,0,0,0,,,,,4.62,,3.61,,5649604,0,1
qg.order40,1600,62400,qg.order40_02,39,,,,819,1560,,1797.05,1796.88,,1800.69,1801.08,,144700904,265541036,,,,,,,0,0,0,,,,,4.62,,3.61,,5649604,0,1
qg.order60,3600,212400,qg.order60_01,59,,,,1829,3540,,1797.1,1797.2,,1800.97,1801.35,,146130164,268104148,,,,,,,0,0,0,,,,,17.66,,16.5,,14794088,0,1
qg.order60,3600,212400,qg.order60_02,59,,,,1829,3540,,1797.13,1797.16,,1800.98,1801.32,,146109008,268115588,,,,,,,0,0,0,,,,,17.66,,16.5,,14794088,0,1
queen10_10,100,1470,queen10_10_01,9,7535369,8,72,74,91,2562.1099,2277.42,3587.0,2572.16,2286.26,3600.0,137453472,136486532,274794664,2571.340878,2285.45225,,523184,510361,,1,1,0,,,,90.63,2.1,81.07,1.86,58807548,4802260,1,1
queen10_10,100,1470,queen10_10_02,9,7535369,11,72,74,91,2569.76,2285.52,3587.36,2579.95,2294.3,3600.0,137454780,136487296,274138884,2578.435628,2292.882902,,523184,510361,,1,1,0,,,,90.63,2.1,81.07,1.86,58807548,4802260,1,1
queen11_11,121,1980,queen11_11_01,10,,,87,88,111,3587.03,3586.24,3586.51,3600.0,3600.0,3600.0,143713644,143115160,277520488,,,,,,,0,0,0,,,,1327.58,2.12,1027.18,1.86,63032520,4820744,1,1
queen11_11,121,1980,queen11_11_02,10,,,87,88,111,3586.11,3586.25,3586.5,3600.0,3600.0,3600.0,143712492,143115928,278176884,,,,,,,0,0,0,,,,1327.58,2.12,1027.18,1.86,63032520,4820744,1,1
queen12_12,144,2596,queen12_12_01,11,,,,108,133,,1796.73,1796.2,,1800.4,1800.42,,134131724,140520060,,,,,,,0,0,0,,,,,2.17,,1.9,,4809428,0,1
queen12_12,144,2596,queen12_12_02,11,,,,108,133,,1796.47,1796.28,,1800.39,1800.42,,133770076,140455768,,,,,,,0,0,0,,,,,2.17,,1.9,,4809428,0,1
queen13_13,169,3328,queen13_13_01,12,,,,126,157,,3588.51,3585.61,,3602.0,3600.0,,144566980,281379800,,,,,,,0,0,0,,,,,2.2,,1.9,,4809660,0,1
queen13_13,169,3328,queen13_13_02,12,,,,126,157,,3586.45,3586.95,,3600.0,3600.0,,146044012,280987628,,,,,,,0,0,0,,,,,2.2,,1.9,,4809660,0,1
queen14_14,196,4186,queen14_14_01,13,,,,147,183,,1796.54,1796.25,,1800.41,1800.43,,135507748,141029680,,,,,,,0,0,0,,,,,2.21,,1.89,,4814160,0,1
queen14_14,196,4186,queen14_14_02,13,,,,147,183,,1796.56,1796.3201,,1800.41,1800.43,,135507172,141029680,,,,,,,0,0,0,,,,,2.21,,1.89,,4814160,0,1
queen15_15,225,5180,queen15_15_01,14,,,,170,211,,3586.49,3586.64,,3600.0,3600.0,,150759896,286513104,,,,,,,0,0,0,,,,,2.28,,1.9,,4819044,0,1
queen15_15,225,5180,queen15_15_02,14,,,,170,211,,3586.53,3587.05,,3600.0,3600.0,,149401856,286324320,,,,,,,0,0,0,,,,,2.28,,1.9,,4819044,0,1
queen16_16,256,6320,queen16_16_01,15,,,,193,241,,1796.65,1796.29,,1800.41,1800.47,,134327744,147227288,,,,,,,0,0,0,,,,,2.32,,1.92,,4822664,0,1
queen16_16,256,6320,queen16_16_02,15,,,,193,241,,1796.65,1796.28,,1800.41,1800.47,,134033460,147227288,,,,,,,0,0,0,,,,,2.32,,1.92,,4822664,0,1
queen5_5,25,160,queen5_5_01,4,462,7,18,19,21,0.02,0.01,0.02,0.02,0.02,0.03,33016,33012,31744,0.006626,0.00663,0.008936,187,186,193,1,1,1,,,,1.88,1.93,1.83,1.82,4789500,4795256,1,1
queen5_5,25,160,queen5_5_02,4,462,7,18,19,21,0.01,0.01,0.01,0.02,0.02,0.02,33012,33012,33012,0.006634,0.006646,0.008461,187,186,193,1,1,1,,,,1.88,1.93,1.83,1.82,4789500,4795256,1,1
queen6_6,36,290,queen6_6_01,5,2635,8,25,25,31,0.05,0.05,0.120000005,0.06,0.06,0.12,34036,34036,34816,0.04291,0.042878,0.094869,750,750,841,1,1,1,,,,1.91,1.96,1.82,1.82,4791664,4796364,1,1
queen6_6,36,290,queen6_6_02,5,2635,9,25,25,31,0.060000002,0.05,0.089999996,0.06,0.06,0.1,34036,34036,36084,0.042761,0.042559,0.082451,750,750,841,1,1,1,,,,1.91,1.96,1.82,1.82,4791664,4796364,1,1
queen7_7,49,476,queen7_7_01,6,16870,11,35,35,43,0.52,0.52,3.38,0.53,0.53,3.4,72724,73436,267592,0.48732,0.485685,3.278408,3463,3463,4002,1,1,1,,,,2.16,2.0,1.89,1.83,4863372,4800388,1,1
queen7_7,49,476,queen7_7_02,6,16870,8,35,35,43,0.5,0.5,1.75,0.51,0.51,1.76,72548,72192,267580,0.483543,0.486395,1.737879,3463,3463,4002,1,1,1,,,,2.16,2.0,1.89,1.83,4863372,4800388,1,1
queen8_12,96,1368,queen8_12_01,8,4558093,10,65,68,85,1053.46,1056.15,3586.1902,1057.74,1060.4,3600.0,66521896,66506604,277035320,1046.894532,1049.635822,,271991,273418,,1,1,0,,,,16.76,2.1,15.66,1.87,21475520,4802592,1,1
queen8_12,96,1368,queen8_12_02,7,4558093,6,65,68,85,1048.84,1037.88,3586.32,1053.11,1041.95,3600.0,66522984,66475404,277373360,1048.223903,1037.149382,,271991,273418,,1,1,0,,,,16.76,2.1,15.66,1.87,21475520,4802592,1,1
queen8_8,64,728,queen8_8_01,7,118969,9,45,47,57,9.17,7.8700004,30.95,9.22,7.91,31.06,570064,559804,2247496,9.128275,7.808634,30.756547,17366,16607,20243,1,1,1,,,,2.95,2.02,2.17,1.85,5150504,4800332,1,1
queen8_8,64,728,queen8_8_02,7,118969,9,45,47,57,9.160001,7.82,28.359999,9.21,7.84,28.47,572060,559972,2232424,9.141145,7.768737,28.361487,17366,16607,20243,1,1,1,,,,2.95,2.02,2.17,1.85,5150504,4800332,1,1
queen9_9,81,1056,queen9_9_01,8,915442,7,58,59,73,136.44,125.630005,401.48,136.98,126.13,402.98,8497480,8517872,33740540,136.875742,126.024244,402.762166,89538,87103,109532,1,1,1,,,,8.96,2.05,7.74,1.85,11698264,4805572,1,1
queen9_9,81,1056,queen9_9_02,8,915442,5,58,59,73,136.3,123.69,389.69998,136.85,124.2,391.17,8497476,8517872,33742388,136.751126,124.103444,390.979408,89538,87103,109532,1,1,1,,,,8.96,2.05,7.74,1.85,11698264,4805572,1,1
school1,385,19095,school1_01,41,,,,230,320,,1796.6699,1795.99,,1800.42,1800.48,,136270660,146896912,,,,,,,0,0,0,,,,,2.95,,2.02,,4894860,0,1
school1,385,19095,school1_02,40,,,,230,320,,1796.67,1795.9701,,1800.42,1800.48,,136143880,146956536,,,,,,,0,0,0,,,,,2.95,,2.02,,4894860,0,1
school1_nsh,352,14612,school1_nsh_01,39,,,,185,292,,1796.52,1796.08,,1800.24,1800.48,,74645480,146134412,,,,,,,0,0,0,,,,,2.89,,1.98,,4878728,0,1
school1_nsh,352,14612,school1_nsh_02,38,,,,185,292,,1796.53,1795.95,,1800.24,1800.47,,74645484,146134412,,,,,,,0,0,0,,,,,2.89,,1.98,,4878728,0,1
wap01a,2368,110871,wap01a_01,152,,,,654,1537,,1796.53,1796.6101,,1800.73,1801.13,,139410204,263197400,,,,,,,0,0,0,,,,,6.32,,5.12,,7226188,0,1
wap01a,2368,110871,wap01a_02,151,,,,654,1537,,1796.3701,1796.59,,1800.58,1801.13,,140293104,263185820,,,,,,,0,0,0,,,,,6.32,,5.12,,7226188,0,1
wap02a,2464,111742,wap02a_01,170,,,,657,1512,,1796.61,1796.48,,1800.71,1800.9,,139659296,231794700,,,,,,,0,0,0,,,,,6.380000000000001,,5.28,,7831192,0,1
wap02a,2464,111742,wap02a_02,169,,,,657,1512,,1796.54,1796.4099,,1800.68,1800.87,,139729320,231788916,,,,,,,0,0,0,,,,,6.380000000000001,,5.28,,7831192,0,1
wap03a,4730,286722,wap03a_01,296,,,,1445,3364,,1797.0299,1796.9501,,1801.02,1801.34,,139019600,265201380,,,,,,,0,0,0,,,,,33.61,,32.33,,22937912,0,1
wap03a,4730,286722,wap03a_02,295,,,,1445,3364,,1797.03,1796.98,,1801.02,1801.34,,139067372,265155704,,,,,,,0,0,0,,,,,33.61,,32.33,,22937912,0,1
wap04a,5231,294902,wap04a_01,341,,,,1445,3394,,1797.01,1796.91,,1801.04,1801.42,,140283260,265632036,,,,,,,0,0,0,,,,,41.19,,40.07,,33812016,0,1
wap04a,5231,294902,wap04a_02,340,,,,1445,3394,,1797.0701,1796.9099,,1801.04,1801.4,,140285644,265681336,,,,,,,0,0,0,,,,,41.19,,40.07,,33812016,0,1
wap05a,905,43081,wap05a_01,79,,,,353,674,,1796.52,1796.12,,1800.51,1800.56,,138591640,148087444,,,,,,,0,0,0,,,,,3.5,,2.35,,5080544,0,1
wap05a,905,43081,wap05a_02,78,,,,353,674,,1796.5,1795.8701,,1800.53,1800.56,,138711320,147968720,,,,,,,0,0,0,,,,,3.5,,2.35,,5080544,0,1
wap06a,947,43571,wap06a_01,85,,,,362,668,,1796.52,1796.2,,1800.52,1800.56,,139064600,145450608,,,,,,,0,0,0,,,,,3.48,,2.43,,5116956,0,1
wap06a,947,43571,wap06a_02,84,,,,362,668,,1796.53,1796.8,,1800.52,1800.55,,139164704,146094244,,,,,,,0,0,0,,,,,3.48,,2.43,,5116956,0,1
wap07a,1809,103368,wap07a_01,138,,,,693,1454,,1796.54,1797.0299,,1800.58,1800.94,,140010088,224304036,,,,,,,0,0,0,,,,,5.14,,3.94,,6149656,0,1
wap07a,1809,103368,wap07a_02,137,,,,693,1454,,1796.51,1796.88,,1800.57,1800.85,,139989980,191504136,,,,,,,0,0,0,,,,,5.14,,3.94,,6149656,0,1
wap08a,1870,104176,wap08a_01,150,,,,616,1445,,1796.53,1796.89,,1800.64,1800.7,,142683940,148895164,,,,,,,0,0,0,,,,,5.42,,4.16,,6416300,0,1
wap08a,1870,104176,wap08a_02,149,,,,616,1445,,1796.54,1796.9,,1800.62,1800.69,,142284312,149541820,,,,,,,0,0,0,,,,,5.42,,4.16,,6416300,0,1
will199GPIA,701,6772,will199GPIA_01,190,,,,84,399,,1796.5801,1796.39,,1800.24,1800.44,,73929492,144292768,,,,,,,0,0,0,,,,,2.97,,2.06,,4942412,0,1
will199GPIA,701,6772,will199GPIA_02,189,,,,84,399,,1796.55,1796.38,,1800.24,1800.45,,73951764,143631288,,,,,,,0,0,0,,,,,2.97,,2.06,,4942412,0,1
grid004x004,16,24,grid004x004_01,7,1234,-1,4,4,4,0.0,0.0,0.0,0.01,0.01,0.01,33012,33012,33012,0.000462,0.000456,0.00045,43,43,48,1,1,1,,,,1.84,1.92,1.8,1.81,4786372,4794068,1,1
grid004x004,16,24,grid004x004_02,7,1234,-1,4,4,4,0.01,0.0,0.0,0.01,0.01,0.01,33012,33012,33012,0.000456,0.000458,0.000472,43,43,48,1,1,1,,,,1.84,1.92,1.8,1.81,4786372,4794068,1,1
grid004x004,16,24,grid004x004_03,6,1234,7,4,4,4,0.0,0.0,0.01,0.01,0.01,0.01,33012,33012,33012,0.000462,0.000453,0.000481,43,43,48,1,1,1,,,,1.84,1.92,1.8,1.81,4786372,4794068,1,1
grid004x004,16,24,grid004x004_04,6,1234,8,4,4,4,0.0,0.01,0.0,0.01,0.01,0.01,33012,33012,33008,0.000458,0.000474,0.000473,43,43,48,1,1,1,,,,1.84,1.92,1.8,1.81,4786372,4794068,1,1
grid004x004,16,24,grid004x004_05,7,1234,-1,4,4,4,0.0,0.0,0.0,0.01,0.01,0.01,33016,33012,33012,0.000462,0.000452,0.000463,43,43,48,1,1,1,,,,1.84,1.92,1.8,1.81,4786372,4794068,1,1
grid010x010,100,180,grid010x010_01_6141,48,2030049051145980050,-1,10,10,10,0.03,0.03,0.04,0.04,0.04,0.05,34036,34036,33012,0.021416,0.021409,0.031017,4486,4486,5614,1,1,1,,,,5.34,1.98,4.4,1.86,8338996,4797280,1,1
grid010x010,100,180,grid010x010_02_0495,49,2030049051145980050,-1,10,10,10,0.03,0.03,0.04,0.03,0.03,0.05,34032,34036,34040,0.021254,0.021414,0.032728,4486,4486,5614,1,1,1,,,,5.34,1.98,4.4,1.86,8338996,4797280,1,1
grid010x010,100,180,grid010x010_03_6844,49,2030049051145980050,-1,10,10,10,0.02,0.03,0.04,0.03,0.03,0.04,34036,34036,34036,0.021458,0.021329,0.033189,4486,4486,5614,1,1,1,,,,5.34,1.98,4.4,1.86,8338996,4797280,1,1
grid010x010,100,180,grid010x010_04_4957,48,2030049051145980050,-1,10,10,10,0.03,0.03,0.049999997,0.04,0.04,0.05,34036,34036,35056,0.021464,0.021527,0.03506,4486,4486,5614,1,1,1,,,,5.34,1.98,4.4,1.86,8338996,4797280,1,1
grid020x020,400,760,grid020x020_01_9275,198,958979036662929619406859624886958746851620546557485230898539651354907499,-1,,20,20,,64.01,250.03,,64.15,250.57,,4517348,17821556,,63.23799,249.261216,,2921661,2922135,0,1,1,,,,,2.23,,1.9,,4830176,0,1
grid020x020,400,760,grid020x020_02_7550,199,958979036662929619406859624886958746851620546557485230898539651354907499,-1,,20,20,,64.159996,249.66,,64.3,250.19,,4519376,17804464,,63.399335,249.032643,,2921661,2922135,0,1,1,,,,,2.23,,1.9,,4830176,0,1
grid020x020,400,760,grid020x020_03_3902,198,958979036662929619406859624886958746851620546557485230898539651354907499,-1,,20,20,,64.64,252.66,,64.79,253.2,,4518016,17830052,,63.867958,251.818138,,2921661,2922135,0,1,1,,,,,2.23,,1.9,,4830176,0,1
grid020x020,400,760,grid020x020_04_3283,199,958979036662929619406859624886958746851620546557485230898539651354907499,-1,,20,20,,64.66,249.59,,64.8,250.13,,4519352,17805828,,63.898243,248.976932,,2921661,2922135,0,1,1,,,,,2.23,,1.9,,4830176,0,1
grid030x030,900,1740,grid030x030_01_6931,449,,,,30,30,,1796.35,1796.37,,1800.12,1800.4,,36562464,138561044,,,,,,,0,0,0,,,,,2.46,,2.02,,4966052,0,1
grid030x030,900,1740,grid030x030_02_7112,448,,,,30,30,,1796.2401,1796.36,,1800.12,1800.4,,36413904,138480896,,,,,,,0,0,0,,,,,2.46,,2.02,,4966052,0,1
grid030x030,900,1740,grid030x030_03_4248,449,,,,30,30,,1796.28,1796.3999,,1800.12,1800.4,,36561932,138564160,,,,,,,0,0,0,,,,,2.46,,2.02,,4966052,0,1
grid030x030,900,1740,grid030x030_04_2988,448,,,,30,30,,1796.28,1796.4,,1800.12,1800.4,,36414168,138483944,,,,,,,0,0,0,,,,,2.46,,2.02,,4966052,0,1
grid040x040,1600,3120,grid040x040_01_6703,799,,,,40,40,,1796.1799,1796.03,,1800.06,1800.4,,18551908,138484116,,,,,,,0,0,0,,,,,2.81,,2.32,,5581924,0,1
grid040x040,1600,3120,grid040x040_02_3552,799,,,,40,40,,1796.2201,1796.11,,1800.06,1800.4,,18551908,138484116,,,,,,,0,0,0,,,,,2.81,,2.32,,5581924,0,1
grid040x040,1600,3120,grid040x040_03_0746,798,,,,40,40,,1796.25,1796.12,,1800.06,1800.4,,18552136,138677536,,,,,,,0,0,0,,,,,2.81,,2.32,,5581924,0,1
grid040x040,1600,3120,grid040x040_04_3680,798,,,,40,40,,1796.24,1796.06,,1800.06,1800.4,,18552140,138677536,,,,,,,0,0,0,,,,,2.81,,2.32,,5581924,0,1
grid050x050,2500,4900,grid050x050_01_8271,1249,,,,50,50,,1796.25,1795.95,,1800.06,1800.43,,18574752,147878144,,,,,,,0,0,0,,,,,3.81,,3.22,,7346244,0,1
grid050x050,2500,4900,grid050x050_02_8314,1248,,,,50,50,,1796.2799,1795.96,,1800.06,1800.43,,18492280,146561676,,,,,,,0,0,0,,,,,3.81,,3.22,,7346244,0,1
grid050x050,2500,4900,grid050x050_03_4298,1249,,,,50,50,,1796.24,1795.94,,1800.06,1800.43,,18574228,147222592,,,,,,,0,0,0,,,,,3.81,,3.22,,7346244,0,1
grid050x050,2500,4900,grid050x050_04_8232,1248,,,,50,50,,1796.3401,1795.96,,1800.06,1800.43,,18574736,147872368,,,,,,,0,0,0,,,,,3.81,,3.22,,7346244,0,1
grid060x060,3600,7080,grid060x060_01_5912,1799,,,,60,60,,1796.38,1795.97,,1800.1,1800.42,,33266332,141944100,,,,,,,0,0,0,,,,,6.16,,5.21,,11954128,0,1
grid060x060,3600,7080,grid060x060_02_4571,1798,,,,60,60,,1796.2301,1795.83,,1800.1,1800.42,,33257920,141935032,,,,,,,0,0,0,,,,,6.16,,5.21,,11954128,0,1
grid060x060,3600,7080,grid060x060_03_2183,1798,,,,60,60,,1796.27,1795.89,,1800.1,1800.42,,33258440,141936080,,,,,,,0,0,0,,,,,6.16,,5.21,,11954128,0,1
grid060x060,3600,7080,grid060x060_04_3263,1799,,,,60,60,,1796.26,1795.99,,1800.1,1800.42,,33266852,141944100,,,,,,,0,0,0,,,,,6.16,,5.21,,11954128,0,1
grid070x070,4900,9660,grid070x070_01_6558,2449,,,,70,70,,1796.28,1795.8,,1800.1,1800.44,,33379784,148550812,,,,,,,0,0,0,,,,,10.55,,9.64,,22491520,0,1
grid070x070,4900,9660,grid070x070_02_7903,2448,,,,70,70,,1796.29,1795.84,,1800.1,1800.44,,33379388,148502192,,,,,,,0,0,0,,,,,10.55,,9.64,,22491520,0,1
grid070x070,4900,9660,grid070x070_03_4857,2448,,,,70,70,,1796.28,1795.65,,1800.1,1800.44,,33411488,148654420,,,,,,,0,0,0,,,,,10.55,,9.64,,22491520,0,1
grid070x070,4900,9660,grid070x070_04_3525,2449,,,,70,70,,1796.1699,1795.7201,,1800.1,1800.44,,33283800,148551168,,,,,,,0,0,0,,,,,10.55,,9.64,,22491520,0,1
grid080x080,6400,12640,grid080x080_01_9321,3199,,,,80,80,,1796.25,1795.8601,,1800.1,1800.43,,33608696,145305376,,,,,,,0,0,0,,,,,18.66,,17.63,,43035388,0,1
grid080x080,6400,12640,grid080x080_02_8623,3198,,,,80,80,,1796.26,1795.8401,,1800.1,1800.43,,33614040,144942836,,,,,,,0,0,0,,,,,18.66,,17.63,,43035388,0,1
grid080x080,6400,12640,grid080x080_03_8653,3199,,,,80,80,,1796.2301,1795.86,,1800.1,1800.43,,33609620,144322828,,,,,,,0,0,0,,,,,18.66,,17.63,,43035388,0,1
grid080x080,6400,12640,grid080x080_04_8592,3198,,,,80,80,,1796.25,1795.79,,1800.1,1800.43,,33614036,144615292,,,,,,,0,0,0,,,,,18.66,,17.63,,43035388,0,1
grid090x090,8100,16020,grid090x090_01_0710,4048,,,,90,90,,1796.2999,1795.8601,,1800.1,1800.41,,33809416,139998568,,,,,,,0,0,0,,,,,33.47,,30.55,,58496460,0,1
grid090x090,8100,16020,grid090x090_02_9631,4049,,,,90,90,,1796.2899,1795.79,,1800.1,1800.42,,33810400,140043532,,,,,,,0,0,0,,,,,33.47,,30.55,,58496460,0,1
grid090x090,8100,16020,grid090x090_03_8778,4048,,,,90,90,,1796.3,1795.77,,1800.1,1800.42,,33809416,139998568,,,,,,,0,0,0,,,,,33.47,,30.55,,58496460,0,1
grid090x090,8100,16020,grid090x090_04_4969,4049,,,,90,90,,1796.25,1795.63,,1800.1,1800.42,,33810400,140043528,,,,,,,0,0,0,,,,,33.47,,30.55,,58496460,0,1
grid100x100,10000,19800,grid100x100_01_9072,4998,,,,100,100,,0.089999996,0.08,,0.1,0.09,,41204,41204,,,,,,,0,-1,-1,,The number of vertices,The number of vertices,,53.3,,48.39,,58499924,0,1
grid100x100,10000,19800,grid100x100_02_7191,4999,,,,100,100,,0.089999996,0.089999996,,0.1,0.09,,41204,41204,,,,,,,0,-1,-1,,The number of vertices,The number of vertices,,53.3,,48.39,,58499924,0,1
grid100x100,10000,19800,grid100x100_03_4887,4998,,,,100,100,,0.1,0.089999996,,0.1,0.09,,41204,41200,,,,,,,0,-1,-1,,The number of vertices,The number of vertices,,53.3,,48.39,,58499924,0,1
grid100x100,10000,19800,grid100x100_04_0664,4999,,,,100,100,,0.1,0.089999996,,0.1,0.09,,41204,41204,,,,,,,0,-1,-1,,The number of vertices,The number of vertices,,53.3,,48.39,,58499924,0,1
grid200x200,40000,79600,grid200x200_01_8265,19998,,,,200,200,,0.41,0.37,,0.41,0.38,,72840,73456,,,,,,,0,-1,-1,,The number of vertices,The number of vertices,,3612.91,,3506.21,,649248052,0,1
grid200x200,40000,79600,grid200x200_02_2458,19999,,,,200,200,,0.4,0.37,,0.41,0.37,,71544,72576,,,,,,,0,-1,-1,,The number of vertices,The number of vertices,,3612.91,,3506.21,,649248052,0,1
grid200x200,40000,79600,grid200x200_03_0743,19999,,,,200,200,,0.41,0.36,,0.41,0.37,,71544,71428,,,,,,,0,-1,-1,,The number of vertices,The number of vertices,,3612.91,,3506.21,,649248052,0,1
grid200x200,40000,79600,grid200x200_04_2816,19998,,,,200,200,,0.4,0.37,,0.4,0.37,,71544,73584,,,,,,,0,-1,-1,,The number of vertices,The number of vertices,,3612.91,,3506.21,,649248052,0,1
hc-power-11,21,28,hc-power-11_01,9,12351,21,4,4,6,0.0,0.0,0.01,0.01,0.01,0.01,33008,33012,31988,0.000628,0.000627,0.000652,56,56,92,1,1,1,,,,1.86,1.92,1.82,1.82,4788248,4793092,1,1
hc-power-12,36,51,hc-power-12_01,15,7636103,69,5,5,6,0.02,0.02,0.01,0.02,0.02,0.02,33012,33012,31988,0.001607,0.001601,0.001617,118,118,174,1,1,1,,,,1.89,1.95,1.83,1.84,4791608,4794184,1,1
hc-square-01,14,18,hc-square-01_01,6,574,12,3,3,4,0.01,0.0,0.01,0.01,0.01,0.01,33012,33012,33012,0.000327,0.000328,0.000334,26,26,32,1,1,1,,,,1.85,1.94,1.81,1.84,4786472,4794176,1,1
hc-square-02,24,33,hc-square-02_01,10,42630,30,4,4,4,0.0,0.0,0.0,0.01,0.01,0.01,33008,33012,31988,0.00078,0.000771,0.000775,54,54,58,1,1,1,,,,1.84,1.93,1.81,1.82,4788436,4794240,1,1
hc-toyno-01,6,9,hc-toyno-01_01,2,15,-1,3,3,3,0.0,0.0,0.0,0.01,0.01,0.01,33012,33012,31988,0.000156,0.000151,0.000159,8,8,8,1,1,1,,,,1.84,1.95,1.8,1.85,4783488,4798092,1,1
hc-toyyes-01,7,7,hc-toyyes-01_01,3,31,3,2,2,2,0.0,0.0,0.0,0.01,0.01,0.01,33012,33012,33012,0.000127,0.000104,0.000109,8,8,10,1,1,1,,,,1.81,1.9,1.77,1.81,4786452,4791956,1,1
hc-power-004-002,64,95,hc-power-004-002_01,26,1113597391920,359,5,5,5,0.2,0.2,0.2,0.21,0.21,0.21,34036,34036,33012,0.00473,0.004758,0.004772,262,262,250,1,1,1,,,,1.93,1.95,1.83,1.83,4815128,4796188,1,1
hc-power-005-002,79,118,hc-power-005-002_01,32,687998789526551,779,5,5,5,0.69,0.72999996,0.68,0.69,0.74,0.68,36084,34036,35060,0.007114,0.007047,0.00705,332,332,316,1,1,1,,,,1.97,1.96,1.84,1.83,4812900,4795156,1,1
hc-power-006-002,94,141,hc-power-006-002_01,38,425056971938806982,1631,5,5,5,2.1399999,2.14,2.1100001,2.15,2.15,2.12,41204,41204,40180,0.009895,0.009831,0.009787,402,402,382,1,1,1,,,,2.08,1.95,1.88,1.83,4829576,4796364,1,1
hc-power-007-002,109,164,hc-power-007-002_01,44,262607190795765425815,3347,5,5,5,6.15,6.16,6.1,6.18,6.19,6.12,80228,80356,80276,0.013043,0.01287,0.012872,472,472,448,1,1,1,,,,2.12,2.02,1.89,1.85,4841812,4798272,1,1
hc-power-008-002,124,187,hc-power-008-002_01,50,162243043192809350629208,6791,5,5,5,16.68,16.67,16.55,16.74,16.74,16.6,159572,159656,161664,0.016865,0.016898,0.016794,542,542,514,1,1,1,,,,2.18,2.01,1.93,1.83,4861528,4797172,1,1
hc-power-009-002,139,210,hc-power-009-002_01,56,100236421495919298704585535,13691,5,5,5,44.190002,44.199997,45.5,44.35,44.35,45.65,321996,321948,326624,0.021308,0.021533,0.021118,612,612,580,1,1,1,,,,2.29,2.01,1.95,1.84,4887036,4799300,1,1
hc-power-010-002,154,233,hc-power-010-002_01,62,61927710406463170775241686526,27503,5,5,5,113.310005,113.4,119.47,113.69,113.78,119.880005,652868,652196,1120176,0.025788,0.025863,0.025943,682,682,646,1,1,1,,,,2.38,2.02,1.99,1.85,4915064,4798532,1,1
hc-power-011-002,169,256,hc-power-011-002_01,68,38259958395890004445076194998031,55139,5,5,5,283.88998,284.16998,300.09,284.84,285.1,301.02,1319580,1320488,2261944,0.031518,0.031379,0.031083,752,752,712,1,1,1,,,,2.5,2.05,2.05,1.86,4960492,4798288,1,1
hc-power-012-002,184,279,hc-power-012-002_01,74,23637631794351951224765884378156416,110423,5,5,5,701.51,700.3,726.52997,703.79,702.61,728.49,2675988,2676768,4558772,0.0368,0.036329,0.03674,822,822,778,1,1,1,,,,2.6100000000000003,2.03,2.11,1.85,4996540,4800448,1,1
hc-power-013-002,199,302,hc-power-013-002_01,80,14603717836383728549736459587959249895,221003,5,5,5,1701.28,1709.55,1707.5,1706.79,1715.01,1711.67,5417208,5415436,9179476,0.042616,0.042523,0.044094,892,892,844,1,1,1,,,,2.8200000000000003,2.05,2.21,1.85,5054560,4815332,1,1
hc-power-014-002,214,325,hc-power-014-002_01,86,9022417156682815492520665863912956245046,442175,5,5,5,4067.18,4078.19,3904.04,4079.0,4086.0,3916.0,10993032,10992904,18559824,0.049354,0.086273,0.049086,962,962,910,1,1,1,,,,3.0700000000000003,2.09,2.34,1.85,5131632,4805476,1,1
hc-power-015-002,229,348,hc-power-015-002_01,92,5574197766708031179445012038756188664562183,,5,5,5,7173.58,7179.4897,7178.2397,7200.0,7200.0,7200.0,35611768,35604100,36245004,0.056414,0.056286,0.056679,1032,1032,976,0,0,0,,,,3.12,2.09,2.41,1.87,5206372,4807548,1,1
hc-power-016-002,244,371,hc-power-016-002_01,98,3443831093462389356374187356733005542648388264,,5,5,5,7172.87,7179.73,7177.84,7200.0,7200.0,7200.0,66896632,66901032,67896244,0.064185,0.064685,0.064418,1102,1102,1042,0,0,0,,,,3.14,2.11,2.45,1.86,5286080,4809660,1,1
hc-power-017-002,259,394,hc-power-017-002_01,104,2127655511458921906699036812684863553827095067151,,5,5,5,7178.66,7178.57,7176.0996,7200.0,7200.0,7200.0,71749268,71966984,72963952,0.072632,0.07279,0.074322,1172,1172,1108,0,0,0,,,,3.43,2.13,2.62,1.86,5391048,4810624,1,1
hc-power-018-002,274,417,hc-power-018-002_01,110,1314500581644442308054917054661833384029658065341294,,5,5,5,7177.7603,7177.6797,7175.7397,7200.0,7200.0,7200.0,74098436,74050412,74706240,0.081963,0.082025,0.081933,1242,1242,1174,0,0,0,,,,3.3200000000000003,2.18,2.6,1.89,5509948,4819180,1,1
hc-power-019-002,289,440,hc-power-019-002_01,116,812120087033618215897164092207942923928586126523583359,,5,5,5,7178.69,7176.92,7177.09,7200.0,7201.0,7200.0,133420512,133013588,134453380,0.091244,0.090297,0.090596,1312,1312,1240,0,0,0,,,,3.57,2.17,2.72,1.9,5639276,4818740,1,1
hc-power-020-002,304,463,hc-power-020-002_01,122,501741151714369915506768957681239053884548329894829212368,,5,5,5,7177.2,7176.62,7176.27,7201.0,7201.0,7201.0,134552004,133717584,135177424,0.100183,0.100946,0.10159,1382,1382,1306,0,0,0,,,,3.82,2.17,2.91,1.87,5780508,4819684,1,1
queen008x008,64,728,queen008x008_01_4136,7,118969,9,45,47,57,9.2,7.8999996,50.66,9.25,7.94,50.84,581836,556212,2255960,9.146966,7.834627,50.102201,17366,16607,20243,1,1,1,,,,2.94,2.02,2.2,1.85,5157160,4800356,1,1
queen008x008,64,728,queen008x008_02_8804,7,118969,11,45,47,57,9.29,7.97,28.66,9.34,8.01,28.75,582156,556996,2256784,9.135242,7.812453,28.365692,17366,16607,20243,1,1,1,,,,2.94,2.02,2.2,1.85,5157160,4800356,1,1
queen008x008,64,728,queen008x008_03_8723,7,118969,11,45,47,57,9.3,7.93,28.710001,9.36,7.97,28.82,581492,557680,2256880,9.158138,7.78024,28.43873,17366,16607,20243,1,1,1,,,,2.94,2.02,2.2,1.85,5157160,4800356,1,1
queen008x008,64,728,queen008x008_04_4441,7,118969,12,45,47,57,9.259999,7.9700003,28.27,9.31,8.01,28.38,581876,557260,2256104,9.089319,7.797957,27.979369,17366,16607,20243,1,1,1,,,,2.94,2.02,2.2,1.85,5157160,4800356,1,1
queen010x010,100,1470,queen010x010_01_0612,9,7535369,10,72,74,91,2580.08,2343.39,3587.0,2590.44,2352.32,3600.0,137420340,136441572,274092296,2589.285893,2351.149422,,523184,510361,,1,1,0,,,,90.66,2.09,80.12,1.86,58803488,4802652,1,1
queen010x010,100,1470,queen010x010_02_5832,9,7535369,11,72,74,91,3268.43,2650.74,3586.86,3281.41,2661.32,3600.0,137418380,136439068,274748076,3277.787069,2657.1636,,523184,510361,,1,1,0,,,,90.66,2.09,80.12,1.86,58803488,4802652,1,1
queen010x010,100,1470,queen010x010_03_7635,9,7535369,13,72,74,91,3016.8699,2304.16,3586.29,3028.38,2313.17,3600.0,137420540,136442588,274092720,3022.816536,2309.988673,,523184,510361,,1,1,0,,,,90.66,2.09,80.12,1.86,58803488,4802652,1,1
queen010x010,100,1470,queen010x010_04_2943,9,7535369,14,72,74,91,2594.79,2309.43,3586.33,2605.07,2318.35,3600.0,137420164,136442596,274091552,2600.670586,2313.959771,,523184,510361,,1,1,0,,,,90.66,2.09,80.12,1.86,58803488,4802652,1,1
queen020x020,400,12540,queen020x020_01_7075,19,,,,302,381,,1796.7799,1796.36,,1800.45,1800.48,,137557708,145655328,,,,,,,0,0,0,,,,,2.91,,2.0,,4876344,0,1
queen020x020,400,12540,queen020x020_02_4815,19,,,,302,381,,1796.73,1796.38,,1800.45,1800.49,,137691040,144376392,,,,,,,0,0,0,,,,,2.91,,2.0,,4876344,0,1
queen020x020,400,12540,queen020x020_03_8667,19,,,,302,381,,1796.73,1796.33,,1800.45,1800.48,,137557084,145655328,,,,,,,0,0,0,,,,,2.91,,2.0,,4876344,0,1
queen020x020,400,12540,queen020x020_04_0961,19,,,,302,381,,1796.76,1796.3799,,1800.45,1800.48,,137491948,144460916,,,,,,,0,0,0,,,,,2.91,,2.0,,4876344,0,1
queen030x030,900,43210,queen030x030_01_3761,29,,,,699,871,,1796.7,1796.5399,,1800.53,1800.82,,136907848,232321160,,,,,,,0,0,0,,,,,3.4000000000000004,,2.4,,5105796,0,1
queen030x030,900,43210,queen030x030_02_4963,29,,,,699,871,,1796.76,1796.7,,1800.53,1800.84,,136808844,232317804,,,,,,,0,0,0,,,,,3.4000000000000004,,2.4,,5105796,0,1
queen030x030,900,43210,queen030x030_03_7394,29,,,,699,871,,1796.6499,1796.78,,1800.54,1800.86,,136908496,232318980,,,,,,,0,0,0,,,,,3.4000000000000004,,2.4,,5105796,0,1
queen030x030,900,43210,queen030x030_04_9144,29,,,,699,871,,1796.6399,1796.7001,,1800.53,1800.83,,136908632,233599608,,,,,,,0,0,0,,,,,3.4000000000000004,,2.4,,5105796,0,1
queen040x040,1600,103480,queen040x040_01_6291,39,,,,1260,1561,,1796.74,1797.04,,1800.64,1801.08,,138203868,264338776,,,,,,,0,0,0,,,,,5.0,,3.72,,5798188,0,1
queen040x040,1600,103480,queen040x040_02_9487,39,,,,1260,1561,,1796.74,1796.87,,1800.69,1800.88,,138273364,264415072,,,,,,,0,0,0,,,,,5.0,,3.72,,5798188,0,1
queen040x040,1600,103480,queen040x040_03_7037,39,,,,1260,1561,,1796.71,1796.98,,1800.65,1801.06,,138204508,264338308,,,,,,,0,0,0,,,,,5.0,,3.72,,5798188,0,1
queen040x040,1600,103480,queen040x040_04_8369,39,,,,1260,1561,,1796.8099,1797.0,,1800.47,1801.06,,138370244,264412460,,,,,,,0,0,0,,,,,5.0,,3.72,,5798188,0,1
queen050x050,2500,203350,queen050x050_01_6006,49,,,,2000,2451,,1796.83,1797.0801,,1800.74,1801.22,,137128984,268957808,,,,,,,0,0,0,,,,,11.44,,10.26,,7883228,0,1
queen050x050,2500,203350,queen050x050_02_6166,49,,,,2000,2451,,1796.86,1797.1499,,1800.71,1801.26,,137126540,268958872,,,,,,,0,0,0,,,,,11.44,,10.26,,7883228,0,1
queen050x050,2500,203350,queen050x050_03_0562,49,,,,2000,2451,,1796.8,1797.1699,,1800.75,1801.21,,137128344,268959512,,,,,,,0,0,0,,,,,11.44,,10.26,,7883228,0,1
queen050x050,2500,203350,queen050x050_04_9047,49,,,,2000,2451,,1797.0,1797.16,,1800.78,1801.24,,137146344,268941404,,,,,,,0,0,0,,,,,11.44,,10.26,,7883228,0,1
queen060x060,3600,352820,queen060x060_01_8336,59,,,,2889,3541,,1796.98,1797.32,,1800.88,1801.42,,137303252,267988808,,,,,,,0,0,0,,,,,33.12,,31.99,,12828596,0,1
queen060x060,3600,352820,queen060x060_02_6710,59,,,,2889,3541,,1796.99,1797.36,,1800.89,1801.43,,137205492,267990468,,,,,,,0,0,0,,,,,33.12,,31.99,,12828596,0,1
queen060x060,3600,352820,queen060x060_03_1394,59,,,,2889,3541,,1797.03,1797.12,,1800.86,1801.11,,137205460,268310656,,,,,,,0,0,0,,,,,33.12,,31.99,,12828596,0,1
queen060x060,3600,352820,queen060x060_04_3799,59,,,,2889,3541,,1797.02,1797.42,,1800.89,1801.43,,137206156,267989888,,,,,,,0,0,0,,,,,33.12,,31.99,,12828596,0,1
queen070x070,4900,561890,queen070x070_01_1828,69,,,,3905,4831,,1797.16,1797.5499,,1800.99,1801.59,,137574508,269721992,,,,,,,0,0,0,,,,,74.89999999999999,,73.78,,23390396,0,1
queen070x070,4900,561890,queen070x070_02_8683,69,,,,3905,4831,,1797.05,1797.5599,,1800.95,1801.56,,137574492,269738552,,,,,,,0,0,0,,,,,74.89999999999999,,73.78,,23390396,0,1
queen070x070,4900,561890,queen070x070_03_1545,69,,,,3905,4831,,1797.0599,1797.57,,1800.99,1801.57,,137553920,269733636,,,,,,,0,0,0,,,,,74.89999999999999,,73.78,,23390396,0,1
queen070x070,4900,561890,queen070x070_04_7426,69,,,,3905,4831,,1797.03,1797.56,,1800.98,1801.59,,137555468,270282888,,,,,,,0,0,0,,,,,74.89999999999999,,73.78,,23390396,0,1
queen080x080,6400,840560,queen080x080_01_0297,79,,,,5184,6321,,1797.09,1797.7101,,1801.08,1801.69,,139570928,266577292,,,,,,,0,0,0,,,,,152.9,,151.76,,44036732,0,1
queen080x080,6400,840560,queen080x080_02_2368,79,,,,5184,6321,,1797.13,1797.6699,,1801.11,1801.67,,139564004,266763888,,,,,,,0,0,0,,,,,152.9,,151.76,,44036732,0,1
queen080x080,6400,840560,queen080x080_03_0355,79,,,,5184,6321,,1797.1499,1797.22,,1801.09,1801.23,,139463852,266870188,,,,,,,0,0,0,,,,,152.9,,151.76,,44036732,0,1
queen080x080,6400,840560,queen080x080_04_4954,79,,,,5184,6321,,1797.27,1797.69,,1801.1,1801.68,,139463880,267340956,,,,,,,0,0,0,,,,,152.9,,151.76,,44036732,0,1
queen090x090,8100,1198830,queen090x090_01_8978,89,,,,6621,8011,,1797.1,1797.63,,1801.09,1801.68,,136100568,269822780,,,,,,,0,0,0,,,,,287.8,,280.13,,58549788,0,1
queen090x090,8100,1198830,queen090x090_02_0808,89,,,,6621,8011,,1797.08,1797.67,,1801.04,1801.67,,136075892,270074176,,,,,,,0,0,0,,,,,287.8,,280.13,,58549788,0,1
queen090x090,8100,1198830,queen090x090_03_9570,89,,,,6621,8011,,1797.1699,1797.79,,1801.07,1801.81,,136060976,270388384,,,,,,,0,0,0,,,,,287.8,,280.13,,58549788,0,1
queen090x090,8100,1198830,queen090x090_04_1188,89,,,,6621,8011,,1797.21,1797.64,,1801.04,1801.66,,136147028,270312256,,,,,,,0,0,0,,,,,287.8,,280.13,,58549788,0,1
queen100x100,10000,1646700,queen100x100_01_3955,99,,,,8132,9901,,10.61,10.33,,10.63,10.36,,742684,744724,,,,,,,0,-1,-1,,The number of vertices,The number of vertices,,495.61,,476.4,,58571972,0,1
queen100x100,10000,1646700,queen100x100_02_1699,99,,,,8132,9901,,10.59,10.280001,,10.61,10.31,,742688,744724,,,,,,,0,-1,-1,,The number of vertices,The number of vertices,,495.61,,476.4,,58571972,0,1
queen100x100,10000,1646700,queen100x100_03_6670,99,,,,8132,9901,,10.62,10.32,,10.65,10.35,,742684,744728,,,,,,,0,-1,-1,,The number of vertices,The number of vertices,,495.61,,476.4,,58571972,0,1
queen100x100,10000,1646700,queen100x100_04_0618,99,,,,8132,9901,,10.55,10.29,,10.58,10.31,,742684,742684,,,,,,,0,-1,-1,,The number of vertices,The number of vertices,,495.61,,476.4,,58571972,0,1
queen200x200,40000,13253400,queen200x200_01_0761,199,,,,,39801,,,,,,,,,,,,,,,,0,0,0,,,,,,,,,,0,0
queen200x200,40000,13253400,queen200x200_02_3057,199,,,,,39801,,,,,,,,,,,,,,,,0,0,0,,,,,,,,,,0,0
queen200x200,40000,13253400,queen200x200_03_0327,199,,,,,39801,,,,,,,,,,,,,,,,0,0,0,,,,,,,,,,0,0
queen200x200,40000,13253400,queen200x200_04_4796,199,,,,,39801,,,,,,,,,,,,,,,,0,0,0,,,,,,,,,,0,0
sp001,13,66,sp001_01,2,26,11,10,10,11,0.01,0.0,0.02,0.01,0.01,0.02,33012,33012,31744,0.001001,0.001,0.000998,22,22,23,1,1,1,,,,1.83,1.93,1.79,1.83,4786472,4794252,1,1
sp002,26,150,sp002_01,4,523,33,10,10,11,0.01,0.01,0.03,0.02,0.01,0.03,33012,33008,33008,0.003451,0.003424,0.003533,45,45,52,1,1,1,,,,1.87,1.94,1.8,1.83,4792376,4794320,1,1
sp003,39,234,sp003_01,6,10487,77,10,10,11,0.03,0.02,0.03,0.03,0.03,0.04,33012,33012,33792,0.007383,0.007396,0.007428,68,68,81,1,1,1,,,,1.87,1.97,1.8,1.84,4792588,4811268,1,1
sp004,52,318,sp004_01,8,210289,165,10,10,11,0.060000002,0.060000002,0.08,0.07,0.07,0.08,34036,34036,32768,0.012746,0.0129,0.012925,91,91,110,1,1,1,,,,1.9,1.97,1.82,1.84,4794708,4796376,1,1
sp005,65,402,sp005_01,10,4216790,341,10,10,11,0.17999999,0.2,0.19999999,0.19,0.2,0.21,35060,34036,33792,0.020147,0.020673,0.020254,114,114,139,1,1,1,,,,1.93,2.01,1.82,1.84,4802520,4798948,1,1
sp006,78,486,sp006_01,12,84556576,693,10,10,11,0.57,0.54,0.61,0.58,0.55,0.62,38132,38132,37888,0.029032,0.028591,0.028756,137,137,168,1,1,1,,,,1.99,2.04,1.86,1.86,4806344,4800780,1,1
sp007,91,570,sp007_01,14,1695558599,1397,10,10,11,1.7600001,1.74,2.2900002,1.77,1.76,2.3,78940,78424,76480,0.03856,0.038402,0.039254,160,160,197,1,1,1,,,,2.04,2.02,1.85,1.85,4807116,4800484,1,1
sp008,104,654,sp008_01,16,33999945346,2805,10,10,11,5.27,5.28,7.42,5.29,5.3,7.44,273496,273156,275440,0.049841,0.049962,0.050837,183,183,226,1,1,1,,,,2.07,2.03,1.86,1.85,4835420,4800696,1,1
sp009,117,738,sp009_01,18,681779022095,5621,10,10,11,15.52,15.47,18.73,15.59,15.53,18.79,577236,579200,575048,0.063741,0.063062,0.065554,206,206,255,1,1,1,,,,2.1,2.06,1.86,1.86,4826644,4802852,1,1
sp010,130,822,sp010_01,20,13671275945845,11253,10,10,11,42.870003,42.86,46.940002,43.04,43.03,47.08,2115724,2103992,2113476,0.077871,0.077763,0.081037,229,229,284,1,1,1,,,,2.15,2.09,1.89,1.86,4831552,4804000,1,1
sp011,143,906,sp011_01,22,274141297884341,22517,10,10,11,114.87,115.24,145.39,115.3,115.67,145.89,4402036,4411368,4392544,0.096141,0.096263,0.093977,252,252,313,1,1,1,,,,2.2,2.12,1.9,1.88,4848144,4802616,1,1
sp012,156,990,sp012_01,24,5497179012654760,45045,10,10,11,297.7,296.97998,307.68,298.77,298.08002,308.71,9101636,9086284,9126736,0.113168,0.113892,0.112262,275,275,342,1,1,1,,,,2.29,2.12,1.93,1.87,4861324,4804568,1,1
sp013,169,1074,sp013_01,26,110231392826925386,90101,10,10,11,761.16003,762.92004,768.77997,763.91,765.73,771.28,33592156,33598908,33712536,0.131957,0.132214,0.131097,298,298,371,1,1,1,,,,2.37,2.13,1.97,1.89,4884472,4804240,1,1
sp014,182,1158,sp014_01,28,2210399176849046821,180213,10,10,11,1887.18,1895.8,1907.91,1893.08,1902.01,1914.45,68664688,68668224,68802772,0.153206,0.151754,0.15321,321,321,400,1,1,1,,,,2.42,2.14,2.0,1.89,4906940,4820396,1,1
sp015,195,1242,sp015_01,30,44323712108820516566,,10,10,11,3587.91,3588.1099,3588.12,3600.0,3600.0,3600.0,140184524,140187288,140173208,0.175748,0.173737,0.172984,344,344,429,0,0,0,,,,2.55,2.15,2.06,1.89,4940520,4806932,1,1
sp016,208,1326,sp016_01,32,888794872746086303527,,10,10,11,3590.9202,3590.98,3587.0298,3604.0,3604.0,3600.0,269511912,269965816,269856176,0.199325,0.197624,0.200766,367,367,458,0,0,0,,,,2.7,2.19,2.12,1.88,4971616,4807712,1,1
sp017,221,1410,sp017_01,34,17822431566207395633927,,10,10,11,3590.81,3590.67,3586.47,3604.0,3604.0,3600.0,269092048,268402040,272590860,0.226816,0.224211,0.22545,390,390,487,0,0,0,,,,2.78,2.18,2.14,1.88,5005468,4810244,1,1
sp018,234,1494,sp018_01,36,357381749909002819498633,,10,10,11,3591.9,3593.12,3586.56,3606.0,3607.0,3600.0,268191180,266022380,271712360,0.253826,0.253753,0.254424,413,413,516,0,0,0,,,,2.95,2.18,2.25,1.87,5035932,4809824,1,1
sp019,247,1578,sp019_01,38,7166346224619009871910114,,10,10,11,3593.38,3591.58,3593.71,3608.0,3605.0,3608.0,265044764,265354588,265532836,0.30252,0.301764,0.30514,436,436,545,0,0,0,,,,3.01,2.2,2.26,1.87,5084536,4820184,1,1
sp020,260,1662,sp020_01,40,143702128673855407653334840,,10,10,11,3587.6301,3593.02,3593.0698,3600.0,3606.0,3607.0,270618680,265915960,266623168,0.313629,0.340749,0.346903,459,459,574,0,0,0,,,,3.19,2.21,2.34,1.87,5136284,4815440,1,1
sp021,273,1746,sp021_01,42,2881566301451636165758105547,,10,10,11,3594.4402,3589.7,3593.95,3607.0,3600.0,3607.0,265327016,269421520,265338400,0.376966,0.354253,0.377872,482,482,603,0,0,0,,,,3.54,2.23,2.46,1.88,5210440,4816796,1,1
sp022,286,1830,sp022_01,44,57782194503931197732687355894,,10,10,11,3590.94,3591.0798,3591.4202,3604.0,3604.0,3605.0,266998868,266977928,266653176,0.461076,0.381718,0.386806,505,505,632,0,0,0,,,,3.38,2.26,2.47,1.91,5249556,4822588,1,1
sp023,299,1914,sp023_01,46,1158669158508749446227158558267,,10,10,11,3591.8398,3592.43,3591.7998,3605.0,3605.0,3605.0,267195244,267530524,267393836,0.425203,0.426799,0.425196,528,528,661,0,0,0,,,,3.39,2.27,2.51,1.92,5313032,4820236,1,1
sp024,312,1998,sp024_01,48,23234046930980371758441616626781,,10,10,11,3591.44,3591.05,3591.15,3605.0,3604.0,3604.0,267497560,267467564,267792888,0.46428,0.462601,0.457608,551,551,690,0,0,0,,,,3.51,2.27,2.58,1.93,5389100,4820916,1,1
sp025,325,2082,sp025_01,50,465897389972620115812792178449781,,10,10,11,3591.59,3591.72,3591.86,3605.0,3604.0,3605.0,267009196,267373144,267433308,0.497364,0.494316,0.502694,574,574,719,0,0,0,,,,3.56,2.27,2.65,1.9,5475592,4825204,1,1
sp026,338,2166,sp026_01,52,9342340515541891437460512344180668,,10,10,11,3591.04,3591.61,3591.22,3604.0,3604.0,3604.0,266876120,266927488,266951520,0.575319,0.567342,0.572933,597,597,748,0,0,0,,,,3.64,2.28,2.71,1.89,5561720,4821888,1,1
sp027,351,2250,sp027_01,54,187335941747741429236781480678689922,,10,10,11,3591.0798,3591.36,3591.56,3604.0,3604.0,3605.0,266194784,266211764,265865564,0.616287,0.619475,0.613638,620,620,777,0,0,0,,,,3.75,2.32,2.79,1.91,5665944,4829784,1,1
sp028,364,2334,sp028_01,56,3756527072860343096288902918096428889,,10,10,11,3590.5698,3590.52,3591.8,3604.0,3604.0,3605.0,266028248,266703788,266362236,0.670713,0.66829,0.672418,643,643,806,0,0,0,,,,3.99,2.28,3.0,1.9,5765988,4828516,1,1
sp029,377,2418,sp029_01,58,75327219739470145246452300354951448370,,10,10,11,3590.9202,3591.55,3590.85,3604.0,3604.0,3604.0,266249880,266213164,265934252,0.713063,0.718132,0.716125,666,666,835,0,0,0,,,,3.88,2.32,2.98,1.92,5871500,4838340,1,1
sp030,390,2502,sp030_01,60,1510488257804010989454571691497804086211,,10,10,11,3590.99,3591.87,3590.98,3604.0,3605.0,3604.0,265537144,265541892,265107408,0.772859,0.761282,0.768343,689,689,864,0,0,0,,,,3.97,2.33,3.08,1.93,6015768,4843952,1,1
hc-square-004-002,44,63,hc-square-004-002_01,18,234866524,90,4,4,4,0.04,0.04,0.04,0.04,0.04,0.04,34036,34036,31988,0.002284,0.002304,0.002284,110,110,104,1,1,1,,,,1.89,1.93,1.84,1.82,4790512,4794264,1,1
hc-square-005-002,54,78,hc-square-005-002_01,22,17433157278,132,4,4,4,0.08,0.08,0.08,0.09,0.09,0.09,34036,34036,33012,0.003251,0.003267,0.003251,138,138,130,1,1,1,,,,1.89,1.94,1.83,1.82,4793516,4794084,1,1
hc-square-006-002,64,93,hc-square-006-002_01,26,1293990170762,182,4,4,4,0.17,0.17,0.16000001,0.17,0.17,0.17,35060,34036,33012,0.004508,0.00455,0.004526,166,166,156,1,1,1,,,,1.9,1.94,1.83,1.83,4796424,4796192,1,1
hc-square-007-002,74,108,hc-square-007-002_01,30,96047464911400,240,4,4,4,0.32,0.32,0.3,0.32,0.32,0.32,35060,35060,34036,0.005973,0.00596,0.005963,194,194,182,1,1,1,,,,1.95,1.96,1.85,1.84,4801752,4795204,1,1
hc-square-008-002,84,123,hc-square-008-002_01,34,7129200610914264,306,4,4,4,0.56,0.57,0.55999994,0.58,0.58,0.56,36084,36084,35060,0.007594,0.007624,0.007537,222,222,208,1,1,1,,,,1.99,1.96,1.87,1.84,4824384,4796256,1,1
hc-square-009-002,94,138,hc-square-009-002_01,38,529170669913507910,380,4,4,4,1.01,1.0,0.95,1.02,1.01,0.96,37108,37108,36084,0.009392,0.009475,0.009378,250,250,234,1,1,1,,,,2.04,1.97,1.86,1.84,4816976,4796244,1,1
hc-square-010-002,104,153,hc-square-010-002_01,42,39278120111814364054,462,4,4,4,1.64,1.6400001,1.5699999,1.65,1.65,1.59,39156,39160,38132,0.01131,0.013557,0.011538,278,278,260,1,1,1,,,,2.07,2.03,1.86,1.86,4821652,4799212,1,1
hc-square-011-002,114,168,hc-square-011-002_01,46,2915450169923966881488,552,4,4,4,2.6599998,2.6699998,2.51,2.66,2.68,2.52,71500,70700,41204,0.013498,0.013672,0.013465,306,306,286,1,1,1,,,,2.09,2.02,1.86,1.84,4832668,4798272,1,1
hc-square-012-002,124,183,hc-square-012-002_01,50,216401642163954775969628,650,4,4,4,4.05,4.06,3.9099998,4.06,4.08,3.92,74392,74056,73700,0.016222,0.016085,0.016089,334,334,312,1,1,1,,,,2.11,2.01,1.88,1.83,4840672,4796952,1,1
hc-square-013-002,134,198,hc-square-013-002_01,54,16062586565311667817634198,756,4,4,4,6.1,6.1099997,5.8199997,6.13,6.14,5.84,78292,78368,77748,0.018839,0.019103,0.018816,362,362,338,1,1,1,,,,2.19,2.04,1.91,1.86,4853156,4798220,1,1
hc-square-014-002,144,213,hc-square-014-002_01,58,1192258453254501711333651114,870,4,4,4,9.01,9.0,8.58,9.05,9.03,8.6,153836,153780,152444,0.021696,0.021884,0.021814,390,390,364,1,1,1,,,,2.22,2.02,1.91,1.84,4865556,4814744,1,1
hc-square-015-002,154,228,hc-square-015-002_01,62,88496346063379822743985273712,992,4,4,4,12.839999,12.88,12.24,12.88,12.93,12.28,153596,153512,152756,0.025146,0.025249,0.024878,418,418,390,1,1,1,,,,2.28,2.02,1.95,1.84,4879784,4798156,1,1
hc-square-016-002,164,243,hc-square-016-002_01,66,6568712719286321404374469598152,1122,4,4,4,18.02,18.06,17.0,18.09,18.12,17.05,153732,152780,152484,0.028707,0.028642,0.028075,446,446,416,1,1,1,,,,2.32,2.03,1.97,1.84,4901484,4797968,1,1
hc-square-017-002,174,258,hc-square-017-002_01,70,487568003741215771887327606921774,1260,4,4,4,25.08,25.05,23.66,25.17,25.14,23.74,276736,276600,273344,0.032258,0.032224,0.031459,474,474,442,1,1,1,,,,2.41,2.03,2.01,1.85,4920216,4799220,1,1
hc-square-018-002,184,273,hc-square-018-002_01,74,36190128634217743215750248053447622,1406,4,4,4,33.92,33.79,32.34,34.04,33.9,32.44,286748,286756,282884,0.03533,0.035233,0.035099,502,502,468,1,1,1,,,,2.51,2.05,2.06,1.85,4939836,4797228,1,1
hc-square-019-002,194,288,hc-square-019-002_01,78,2686241509925626603670110545661959688,1560,4,4,4,45.29,45.82,43.14,45.45,45.98,43.31,296144,298092,288916,0.039302,0.039688,0.039184,530,530,494,1,1,1,,,,2.59,2.05,2.11,1.86,4967188,4800236,1,1
hc-square-020-002,204,303,hc-square-020-002_01,82,199388444362280815484779455078579869052,1722,4,4,4,60.07,60.19,57.0,60.26,60.38,57.19,537252,537564,526888,0.043763,0.043584,0.043039,558,558,520,1,1,1,,,,2.65,2.06,2.12,1.85,5002792,4800464,1,1
LGC_exp_instance001,13,15,LGC_exp_instance001_01,6,475,5,3,3,3,0.01,0.0,0.02,0.01,0.01,0.02,33012,33012,32768,0.000289,0.000279,0.000263,22,22,23,1,1,1,,,,1.85,1.95,1.81,1.84,4786116,4795152,1,1
LGC_exp_instance002,38,44,LGC_exp_instance002_01,18,56829420,27,3,4,6,0.01,0.01,0.02,0.02,0.02,0.03,33012,33012,31744,0.001457,0.001469,0.001681,77,75,229,1,1,1,,,,1.88,1.96,1.83,1.84,4788480,4794156,1,1
LGC_exp_instance003,75,87,LGC_exp_instance003_01,36,2182279538746620,83,4,4,14,0.11,0.12,0.16,0.12,0.12,0.16,34040,34040,32768,0.005089,0.005053,0.009964,245,245,2421,1,1,1,,,,1.97,1.95,1.85,1.82,4813816,4796212,1,1
LGC_exp_instance004,124,144,LGC_exp_instance004_01,60,32514909110582995049377860,207,5,7,26,1.22,1.56,1.94,1.22,1.57,1.95,36080,37108,69636,0.014499,0.019727,0.087643,890,1694,22389,1,1,1,,,,2.94,2.01,2.29,1.85,5138088,4799156,1,1
LGC_exp_instance005,185,215,LGC_exp_instance005_01,90,204378652937287921022196675453652622940,467,6,9,42,10.38,15.12,20.7,10.41,15.16,20.77,74804,272140,542864,0.036051,0.075749,1.594679,2444,7666,184949,1,1,1,,,,10.98,2.04,10.11,1.86,16287488,4812980,1,1
LGC_exp_instance006,258,300,LGC_exp_instance006_01,126,559559103355495408560789450412405323930946227170249700,999,7,11,62,65.46,101.81,142.94,65.67,102.15,143.42,278812,1174492,4295928,0.089672,0.54646,14.550664,6668,36994,1489525,1,1,1,,,,315.19,2.13,276.1,1.88,58905860,4812700,1,1
LGC_exp_instance007,343,399,LGC_exp_instance007_01,168,674516536127394145681870502747660267690305580542417422016749275459855100,2075,,13,86,,568.01996,949.99,,568.9,951.71,,8739188,33848116,,3.84457,97.035862,,172186,11862645,0,1,1,,,,,2.19,,1.9,,4818964,0,1
LGC_exp_instance008,440,512,LGC_exp_instance008_01,216,359060566196216750998743630035998992574155431687784356274219296186833753951411469657575287300,,,15,114,,1797.12,1796.53,,1800.12,1800.45,,35948888,135519848,,27.379997,788.91151,,802714,94290549,0,0,0,,,,,2.24,,1.91,,4839408,0,1
LGC_exp_instance009,549,639,LGC_exp_instance009_01,270,84438494275099881091747988728364414990814061138830113567223612334910977569433421356363593260076749810615230106377500,,,17,146,,1796.42,1796.16,,1800.26,1800.44,,73481108,146003464,,157.764468,,,3647386,,0,0,0,,,,,2.28,,1.95,,4854764,0,1
LGC_exp_instance010,670,780,LGC_exp_instance010_01,330,8769445788604745105477614667740361376037738950792360615150046573431042549414698097680861862760974571734891668444320449952587107456776812622500,,,19,182,,1796.2201,1796.34,,1800.43,1800.46,,139207136,153021024,,905.544817,,,16377754,,0,0,0,,,,,2.33,,1.97,,4885660,0,1
SAT_exp_instance002,6,5,SAT_exp_instance002_01,3,21,3,1,1,2,0.01,0.0,0.01,0.01,0.01,0.02,33012,33012,32768,9e-05,8.6e-05,8e-05,6,6,8,1,1,1,,,,1.85,1.93,1.8,1.82,4786420,4794172,1,1
SAT_exp_instance004,18,22,SAT_exp_instance004_01,8,3988,13,4,4,10,0.0,0.0,0.02,0.01,0.01,0.02,33016,33012,31744,0.000481,0.000487,0.000627,51,51,218,1,1,1,,,,1.84,1.93,1.79,1.82,4788528,4795212,1,1
SAT_exp_instance006,36,51,SAT_exp_instance006_01,15,8181566,37,6,6,24,0.01,0.01,0.04,0.02,0.02,0.05,33016,33008,32768,0.00205,0.002041,0.018173,412,412,14084,1,1,1,,,,1.89,1.94,1.83,1.82,4794620,4794172,1,1
SAT_exp_instance008,60,92,SAT_exp_instance008_01,24,212905178628,89,8,11,44,0.060000002,0.06,2.3400002,0.07,0.07,2.34,34036,34036,155668,0.007404,0.010776,2.08206,2163,3771,429236,1,1,1,,,,2.39,1.94,2.05,1.83,4975876,4795196,1,1
SAT_exp_instance010,90,145,SAT_exp_instance010_01,35,77378485134230208,197,10,11,70,0.38,0.37,51.98,0.39,0.38,52.18,36088,36084,4593036,0.032502,0.034139,48.79604,9034,11530,8354830,1,1,1,,,,12.84,1.97,11.73,1.83,18102260,4796184,1,1
SAT_exp_instance012,126,210,SAT_exp_instance012_01,48,415653365128275123681600,417,12,14,102,2.16,2.26,1164.5701,2.17,2.28,1168.97,76624,77248,76460616,0.221172,0.297196,1088.19853,41618,57490,142539591,1,1,1,,,,1965.56,2.04,1179.38,1.86,64668068,4811748,1,1
SAT_exp_instance014,168,287,SAT_exp_instance014_01,63,34098220037949676163739599356800,861,,17,140,,14.62,7185.5903,,14.67,7209.0,,580436,371230748,,5.043713,,,435282,,0,1,0,,,,,2.05,,1.86,,4798304,0,1
SAT_exp_instance016,216,376,SAT_exp_instance016_01,80,43526523678932538394267340909466937163520,1753,,20,184,,87.55,1796.98,,87.74,1800.42,,4447040,140338876,,48.841349,,,3006930,,0,1,0,,,,,2.11,,1.87,,4807520,0,1
SAT_exp_instance018,270,477,SAT_exp_instance018_01,99,873873569991273303134209907448251231957953821107712,3541,,23,234,,671.67,7181.14,,674.22,7206.0,,37017060,291154316,,515.450521,,,20438226,,0,1,0,,,,,2.18,,1.88,,4818044,0,1
SAT_exp_instance020,330,590,SAT_exp_instance020_01,120,,,,26,290,,7195.0103,7181.81,,7220.0,7206.0,,537316272,301190524,,,,,,,0,0,0,,,,,2.25,,1.91,,4824064,0,1
suzuki_instance_3_10_2_2,308,1086,suzuki_instance_3_10_2_2_01,62,63666030809026528853042316005043465188781,27503,11,11,307,337.63998,339.40002,383.97,338.82,340.59,385.23,2265092,2264188,2296456,0.247076,0.247636,0.25013,1364,1364,1292,1,1,1,,,,4.58,2.2,3.33,1.88,6446356,4821680,1,1
suzuki_instance_3_11_2_2,338,1193,suzuki_instance_3_11_2_2_01,68,568656689618946704968673431690868636207362099,55139,11,11,337,838.66003,847.04,841.41003,841.59,850.04,844.07,4569708,4568544,4646296,0.298068,0.295743,0.302479,1504,1504,1424,1,1,1,,,,4.8100000000000005,2.24,3.66,1.91,6998768,4823792,1,1
suzuki_instance_3_12_2_2,368,1300,suzuki_instance_3_12_2_2_01,74,5079167438886921136163197043042252861907119717869,110423,11,11,367,2066.55,2055.3,2054.36,2072.82,2061.65,2060.57,9210992,9209404,9355308,0.34872,0.354735,0.358803,1644,1644,1556,1,1,1,,,,5.4,2.27,4.13,1.92,7649652,4829236,1,1
suzuki_instance_3_13_2_2,398,1407,suzuki_instance_3_13_2_2_01,80,45366461598361157816823991857826456582625720201035763,,11,11,397,3589.01,3589.0498,3589.3,3600.0,3600.0,3600.0,18207452,18205304,18553144,0.419524,0.423418,0.418632,1784,1784,1688,0,0,0,,,,6.41,2.27,4.84,1.9,8457372,4836252,1,1
suzuki_instance_3_14_2_2,428,1514,suzuki_instance_3_14_2_2_01,86,405207322404517013540974185499382529431898431389309556269,,11,11,427,3587.8,3587.99,3587.34,3600.0,3600.0,3600.0,35830592,35836468,36575484,0.487905,0.486064,0.499204,1924,1924,1820,0,0,0,,,,6.720000000000001,2.28,5.28,1.92,9421032,4839412,1,1
suzuki_instance_3_15_2_2,458,1621,suzuki_instance_3_15_2_2_01,92,3619258993215587040499992278375222152754227270671117222674355,,11,11,457,3586.31,3585.8599,3586.0,3600.0,3600.0,3600.0,67536136,67480492,68350520,0.653121,0.646901,0.684655,2064,2064,1952,0,0,0,,,,7.61,2.32,5.99,1.93,10555000,4846048,1,1
suzuki_instance_3_16_2_2,488,1728,suzuki_instance_3_16_2_2_01,98,32326749630884469805020004288078497229792374893732094296621301357,,11,11,487,3587.84,3587.9,3587.65,3600.0,3600.0,3600.0,66957372,66915616,67243120,0.669813,0.665528,0.705003,2204,2204,2084,0,0,0,,,,7.970000000000001,2.33,6.6,1.96,11869212,4848664,1,1
suzuki_instance_3_17_2_2,518,1835,suzuki_instance_3_17_2_2_01,104,288738314571244878597104857097219082257679688979603424549524521938803,,11,11,517,3587.6902,3587.24,3587.51,3600.0,3600.0,3600.0,37130744,37084680,37498036,0.772416,0.759406,0.786812,2344,2344,2216,0,0,0,,,,8.95,2.36,7.62,1.95,13389204,4858896,1,1
suzuki_instance_3_18_2_2,548,1942,suzuki_instance_3_18_2_2_01,110,2578972994606081552998840647058156752439353181016076849493119618726131373,,11,11,547,3587.99,3587.63,3587.72,3600.0,3600.0,3600.0,36930300,36880104,36695940,0.872284,0.848514,0.893291,2484,2484,2348,0,0,0,,,,10.63,2.35,8.83,1.95,15194764,4866316,1,1
suzuki_instance_3_19_2_2,578,2049,suzuki_instance_3_19_2_2_01,116,23035050671345283351719367626055496431223513403127042193714323394717562801971,,11,11,577,3588.15,3588.16,3588.1,3600.0,3600.0,3600.0,36184060,36208204,36559524,0.951816,0.96992,1.010031,2624,2624,2480,0,0,0,,,,11.46,2.38,9.86,1.96,17195728,4877328,1,1
suzuki_instance_3_20_2_2,608,2156,suzuki_instance_3_20_2_2_01,122,205746070447896241656443684984037067255695036534260513913829729196842401292320493,,11,11,607,3586.3901,3588.8901,3588.69,3600.0,3600.0,3600.0,35446412,35419240,35843296,1.156762,1.171111,1.116541,2764,2764,2612,0,0,0,,,,13.31,2.41,11.25,1.98,19486836,4888784,1,1
suzuki_instance_3_4_2_2,128,444,suzuki_instance_3_4_2_2_01,26,125387290952498413,359,11,11,127,0.61,0.6,0.67,0.62,0.61,0.68,37108,37108,36084,0.043529,0.043378,0.043888,524,524,500,1,1,1,,,,2.48,2.08,2.06,1.87,4953856,4812392,1,1
suzuki_instance_3_5_2_2,158,551,suzuki_instance_3_5_2_2_01,32,1119942917786002694387,779,11,11,157,2.1200001,2.1100001,2.1999998,2.14,2.12,2.2,71064,71744,72028,0.066213,0.066315,0.065776,664,664,632,1,1,1,,,,2.84,2.08,2.24,1.86,5056644,4798044,1,1
suzuki_instance_3_6_2_2,188,658,suzuki_instance_3_6_2_2_01,38,10003184184743758214255917,1631,11,11,187,6.4100003,6.4199996,6.8799996,6.44,6.44,6.91,153900,152784,153208,0.092549,0.092424,0.092264,804,804,764,1,1,1,,,,3.17,2.1,2.38,1.88,5200424,4802484,1,1
suzuki_instance_3_7_2_2,218,765,suzuki_instance_3_7_2_2_01,44,89347137426326164248329789619,3347,11,11,217,18.58,18.57,20.140001,18.65,18.64,20.22,278500,278392,280816,0.123715,0.12543,0.124652,944,944,896,1,1,1,,,,4.220000000000001,2.15,2.91,1.89,5415912,4807664,1,1
suzuki_instance_3_8_2_2,248,872,suzuki_instance_3_8_2_2_01,50,798036986916937705245927179287917,6791,11,11,247,50.16,49.949997,56.32,50.33,50.13,56.51,558432,558164,567228,0.161396,0.161091,0.161378,1084,1084,1028,1,1,1,,,,3.61,2.19,2.72,1.87,5665916,4816824,1,1
suzuki_instance_3_9_2_2,278,979,suzuki_instance_3_9_2_2_01,56,7127962359313926592651731204666511475,13691,11,11,277,131.67,131.62001,147.77,132.13,132.06,148.35,1122256,1122056,1140352,0.201428,0.201916,0.203312,1224,1224,1160,1,1,1,,,,4.109999999999999,2.21,3.05,1.88,6028160,4817292,1,1
suzuki_instance_3_10_2_3,462,2559,suzuki_instance_3_10_2_3_01,62,5685294876780307085286656129015170472504012313580,27503,17,17,461,579.8,572.11,594.17004,581.85,574.09,595.97,4292052,4292672,4352724,0.96082,0.954238,1.031023,2046,2046,1938,1,1,1,,,,7.19,2.36,5.46,1.95,9642380,4846824,1,1
suzuki_instance_3_11_2_3,507,2811,suzuki_instance_3_11_2_3_01,68,297053356833130498046842386493717118445975204208510597,55139,17,17,506,1438.88,1431.47,1473.67,1443.98,1436.3,1478.18,8634052,8634400,8769660,1.236817,1.242856,1.303012,2256,2256,2136,1,1,1,,,,7.81,2.38,6.3,1.95,11190580,4863808,1,1
suzuki_instance_3_12_2_3,552,3063,suzuki_instance_3_12_2_3_01,74,15520865446438123865698137776787370340512054876661596017772,110423,17,17,551,3507.99,3494.0398,3536.01,3518.55,3504.62,3546.57,17348112,17348084,17611764,1.480996,1.582366,1.56218,2466,2466,2334,1,1,1,,,,9.14,2.4,7.45,1.98,13167616,4868004,1,1
suzuki_instance_3_13_2_3,597,3315,suzuki_instance_3_13_2_3_01,80,810956209263646734902287892470949536167033789941127227106079339,,17,17,596,3588.46,3588.43,3588.41,3600.0,3600.0,3600.0,34395856,34393800,35045120,1.727504,1.73281,1.862012,2676,2676,2532,0,0,0,,,,10.18,2.42,8.72,1.97,15565100,4885324,1,1
suzuki_instance_3_14_2_3,642,3567,suzuki_instance_3_14_2_3_01,86,42371991150415351253763796628419929132706766921673666846547908370816,,17,17,641,3587.94,3585.93,3587.1301,3600.0,3600.0,3600.0,68158128,67847016,69395152,2.16048,2.18817,2.155074,2886,2886,2730,0,0,0,,,,12.45,2.49,10.73,1.98,18333672,4900296,1,1
suzuki_instance_3_15_2_3,687,3819,suzuki_instance_3_15_2_3_01,92,2213911939438873187790612775592103903967231260949938268585188482722001665,,17,17,686,3585.8499,3588.47,3587.05,3600.0,3600.0,3600.0,68116384,68384880,68311272,2.477823,2.299219,2.655332,3096,3096,2928,0,0,0,,,,14.36,2.51,12.71,2.0,21650860,4915476,1,1
suzuki_instance_3_16_2_3,732,4071,suzuki_instance_3_16_2_3_01,98,115675613595561389858571836003725480008470730881273290601020692387477550621336,,17,17,731,3588.0698,3587.8,3588.0198,3600.0,3600.0,3600.0,67458992,67456764,68239172,2.763664,2.752245,2.947833,3306,3306,3126,0,0,0,,,,16.66,2.5,14.86,2.02,25604088,4934328,1,1
suzuki_instance_3_17_2_3,777,4323,suzuki_instance_3_17_2_3_01,104,6043983657317945690023415345536758706058213067793675705287969170924513589960047551,,17,17,776,3587.68,3587.73,3588.64,3600.0,3600.0,3600.0,37089952,37134148,67112036,3.106251,3.13941,3.317001,3516,3516,3324,0,0,0,,,,19.0,2.58,17.43,2.06,30126352,4951700,1,1
suzuki_instance_3_18_2_3,822,4575,suzuki_instance_3_18_2_3_01,110,315794637386977301824710419775120266593423689906753394793920574193998519457876660732532,,17,17,821,3587.79,3587.94,3587.56,3600.0,3600.0,3600.0,36726612,36683520,37277460,3.489455,3.527022,3.731793,3726,3726,3522,0,0,0,,,,22.1,2.66,20.52,2.1,35401908,4971304,1,1
suzuki_instance_3_19_2_3,867,4827,suzuki_instance_3_19_2_3_01,116,16500086475519460671465892935093131843186905222542813909728644772141868180984525410900012413,,17,17,866,3588.04,3586.49,3587.6301,3600.0,3600.0,3600.0,36646144,36536584,36958144,3.923798,4.165689,4.137225,3936,3936,3720,0,0,0,,,,25.04,2.66,23.52,2.09,41450404,4998360,1,1
suzuki_instance_3_20_2_3,912,5079,suzuki_instance_3_20_2_3_01,122,862119939566926114585904010553445717545646652417433118884707035332150842736079179060087306455460,,17,17,911,3587.24,3587.73,3588.6099,3600.0,3600.0,3600.0,36062580,36126744,35859120,4.627201,4.430184,4.940035,4146,4146,3918,0,0,0,,,,29.54,2.73,27.66,2.12,48356272,5028172,1,1
suzuki_instance_3_4_2_3,192,1047,suzuki_instance_3_4_2_3_01,26,279424316966618343604,359,17,17,191,1.0999999,1.1,1.21,1.11,1.11,1.21,41208,41204,41200,0.152698,0.152444,0.154084,786,786,750,1,1,1,,,,3.31,2.13,2.43,1.87,5266828,4806888,1,1
suzuki_instance_3_5_2_3,237,1299,suzuki_instance_3_5_2_3_01,32,14599757659552808618553475,779,17,17,236,3.52,3.52,3.85,3.53,3.53,3.87,79056,79016,80304,0.229699,0.230471,0.23431,996,996,948,1,1,1,,,,3.66,2.21,2.62,1.87,5574136,4817960,1,1
suzuki_instance_3_6_2_3,282,1551,suzuki_instance_3_6_2_3_01,38,762828863111767204090605371704,1631,17,17,281,10.75,10.7699995,12.04,10.79,10.82,12.09,155564,155464,270552,0.330518,0.332195,0.337343,1206,1206,1146,1,1,1,,,,4.37,2.24,3.02,1.91,6023816,4818852,1,1
suzuki_instance_3_7_2_3,327,1803,suzuki_instance_3_7_2_3_01,44,39857365251895888743559670313178249,3347,17,17,326,31.33,31.32,36.030003,31.44,31.44,36.16,531636,531736,538628,0.446014,0.447878,0.462739,1416,1416,1344,1,1,1,,,,4.890000000000001,2.27,3.5,1.91,6602640,4821988,1,1
suzuki_instance_3_8_2_3,372,2055,suzuki_instance_3_8_2_3_01,50,2082524196056536802687690195561640899488,6791,17,17,371,84.85,85.82,98.97,85.15,86.11,99.21,1065172,1064580,1075520,0.618627,0.611226,0.636023,1626,1626,1542,1,1,1,,,,5.65,2.29,4.04,1.9,7369168,4834196,1,1
suzuki_instance_3_9_2_3,417,2307,suzuki_instance_3_9_2_3_01,56,108810680278228827478442259611303322486183127,13691,17,17,416,223.25,222.95,259.64,223.99,223.68,260.39,2138736,2138440,2166748,0.76808,0.776148,0.820282,1836,1836,1740,1,1,1,,,,5.78,2.31,4.47,1.93,8395236,4837448,1,1
suzuki_instance_2_10_2_2,208,716,suzuki_instance_2_10_2_2_01,42,6558690546362725829645703821,462,9,9,207,5.14,5.44,6.2,5.15,5.47,6.23,154004,153856,153196,0.107738,0.116662,0.112427,556,556,520,1,1,1,,,,3.14,2.13,2.42,1.88,5235260,4807672,1,1
suzuki_instance_2_11_2_2,228,786,suzuki_instance_2_11_2_2_01,46,2940675728764944971284823499545,552,9,9,227,8.21,8.26,9.62,8.25,8.29,9.66,154472,153332,153580,0.131625,0.130917,0.136253,612,612,572,1,1,1,,,,3.62,2.12,2.59,1.86,5371316,4809816,1,1
suzuki_instance_2_12_2_2,248,856,suzuki_instance_2_12_2_2_01,50,1318490890920742269501211023281781,650,9,9,247,12.679999,12.66,13.93,12.73,12.71,13.98,275888,275864,272208,0.153961,0.154329,0.160759,668,668,624,1,1,1,,,,3.58,2.16,2.71,1.88,5532068,4813160,1,1
suzuki_instance_2_13_2_2,268,926,suzuki_instance_2_13_2_2_01,54,591162844796590793630071899127463265,756,9,9,267,18.95,18.810001,19.92,19.01,18.89,19.99,290460,290420,284480,0.182162,0.180755,0.18988,724,724,676,1,1,1,,,,3.78,2.18,2.85,1.88,5753624,4827540,1,1
suzuki_instance_2_14_2_2,288,996,suzuki_instance_2_14_2_2_01,58,265055687130269151769894293463713635741,870,9,9,287,27.82,27.91,28.41,27.93,28.02,28.5,544420,544048,534068,0.210105,0.208557,0.220534,780,780,728,1,1,1,,,,3.92,2.25,2.96,1.91,5984328,4824080,1,1
suzuki_instance_2_15_2_2,308,1066,suzuki_instance_2_15_2_2_01,62,118841226065674894587740668021552491345385,992,9,9,307,39.54,39.66,39.68,39.69,39.81,39.8,566060,566196,553980,0.239291,0.238133,0.251327,836,836,780,1,1,1,,,,4.12,2.23,3.15,1.88,6263984,4823992,1,1
suzuki_instance_2_16_2_2,328,1136,suzuki_instance_2_16_2_2_01,66,53284036896939244677775714648097170144477701,1122,9,9,327,55.820004,56.09,59.12,56.02,56.26,59.31,1052668,1049924,571876,0.269785,0.273004,0.274469,892,892,832,1,1,1,,,,4.48,2.26,3.48,1.91,6590488,4824596,1,1
suzuki_instance_2_17_2_2,348,1206,suzuki_instance_2_17_2_2_01,70,23890603303481318489201407559578041427651337905,1260,9,9,347,77.03001,77.05,83.45,77.29,77.31,83.68,1098964,1098624,1071748,0.360868,0.323068,0.308068,948,948,884,1,1,1,,,,4.359999999999999,2.23,3.54,1.88,6983956,4825032,1,1
suzuki_instance_2_18_2_2,368,1276,suzuki_instance_2_18_2_2_01,74,10711668248940392945112931222160280248064324191661,1406,9,9,367,103.76,103.71,113.770004,104.1,104.06,114.15,1142972,1142020,1106364,0.338201,0.342444,0.346542,1004,1004,936,1,1,1,,,,5.029999999999999,2.25,4.0,1.89,7426496,4829344,1,1
suzuki_instance_2_19_2_2,388,1346,suzuki_instance_2_19_2_2_01,78,4802718257794601283142046295841752341768306917136825,1560,9,9,387,139.75,140.17,150.76001,140.24,140.68,151.25,2108232,2106432,1148304,0.381004,0.378626,0.384606,1060,1060,988,1,1,1,,,,5.45,2.28,4.34,1.92,7950780,4835588,1,1
suzuki_instance_2_20_2_2,408,1416,suzuki_instance_2_20_2_2_01,82,2153362308063949620746303257670304057539674961384489621,1722,9,9,407,184.3,184.25,203.17001,184.92,184.88,203.92,2196840,2197328,2121708,0.424445,0.424941,0.428371,1116,1116,1040,1,1,1,,,,5.73,2.28,4.68,1.91,8517284,4836400,1,1
suzuki_instance_2_4_2_2,88,296,suzuki_instance_2_4_2_2_01,18,807304121941,90,9,9,87,0.11,0.11,0.11,0.11,0.11,0.12,34036,35060,34036,0.019531,0.019478,0.01962,220,220,208,1,1,1,,,,2.07,1.98,1.87,1.83,4827616,4797240,1,1
suzuki_instance_2_5_2_2,108,366,suzuki_instance_2_5_2_2_01,22,361965481870785,132,9,9,107,0.24000001,0.25,0.24000001,0.25,0.26,0.25,36084,35908,36084,0.030155,0.030119,0.029324,276,276,260,1,1,1,,,,2.17,2.03,1.9,1.85,4860444,4799236,1,1
suzuki_instance_2_6_2_2,128,436,suzuki_instance_2_6_2_2_01,26,162292015497931901,182,9,9,127,0.49,0.48,0.51,0.49,0.49,0.51,37104,37108,36084,0.041178,0.041708,0.041716,332,332,312,1,1,1,,,,2.27,2.1,1.94,1.89,4893700,4802412,1,1
suzuki_instance_2_7_2_2,148,506,suzuki_instance_2_7_2_2_01,30,72765773528499327305,240,9,9,147,0.94,1.05,0.97,0.94,1.07,0.98,39156,39156,40180,0.054868,0.054944,0.055204,388,388,364,1,1,1,,,,2.5,2.08,2.05,1.86,4953312,4805408,1,1
suzuki_instance_2_8_2_2,168,576,suzuki_instance_2_8_2_2_01,34,32625497816604949157861,306,9,9,167,1.76,1.75,1.8000001,1.77,1.77,1.82,72828,73436,71272,0.070409,0.070382,0.072859,444,444,416,1,1,1,,,,2.66,2.08,2.12,1.85,5021024,4806984,1,1
suzuki_instance_2_9_2_2,188,646,suzuki_instance_2_9_2_2_01,38,14628073834245660412798225,380,9,9,187,3.04,3.11,3.1399999,3.06,3.13,3.15,77888,78220,76556,0.088572,0.092069,0.088668,500,500,468,1,1,1,,,,3.3,2.1,2.46,1.88,5117992,4804528,1,1
suzuki_instance_2_10_2_3,312,1689,suzuki_instance_2_10_2_3_01,42,1874660574751334469860327499409990,462,14,14,311,8.740001,8.96,10.45,8.78,9.0,10.49,272512,272512,270128,0.392844,0.394464,0.43695,834,834,780,1,1,1,,,,3.83,2.27,2.95,1.91,5924400,4822036,1,1
suzuki_instance_2_11_2_3,342,1854,suzuki_instance_2_11_2_3_01,46,2769505010261921082592573804929936952,552,14,14,341,13.679999,13.66,15.41,13.74,13.69,15.46,286456,286460,282688,0.476186,0.473748,0.526653,918,918,858,1,1,1,,,,5.02,2.28,3.59,1.91,6313732,4829824,1,1
suzuki_instance_2_12_2_3,372,2019,suzuki_instance_2_12_2_3_01,50,4091491603957850724017436965045194606492,650,14,14,371,20.960001,21.02,22.54,21.04,21.08,22.62,530368,530020,298328,0.592527,0.602626,0.704407,1002,1002,936,1,1,1,,,,4.77,2.27,3.63,1.9,6752376,4827660,1,1
suzuki_instance_2_13_2_3,402,2184,suzuki_instance_2_13_2_3_01,54,6044511016672398479454560608676295299263018,756,14,14,401,30.949999,31.009998,32.78,31.07,31.13,32.88,558840,557760,551100,0.701475,0.714026,0.842491,1086,1086,1014,1,1,1,,,,5.0,2.33,3.9,1.92,7311868,4836544,1,1
suzuki_instance_2_14_2_3,432,2349,suzuki_instance_2_14_2_3_01,58,8929778420009774016068432642916543647880937642,870,14,14,431,45.210003,45.43,46.74,45.35,45.58,46.87,591580,593220,579240,0.809867,0.982443,0.98427,1170,1170,1092,1,1,1,,,,5.359999999999999,2.35,4.28,1.95,7968124,4841428,1,1
suzuki_instance_2_15_2_3,462,2514,suzuki_instance_2_15_2_3_01,62,13192290064576793587158597864491637507770301077296,992,14,14,461,64.47,64.64,65.62,64.7,64.87,65.8,1080612,1081936,1065680,1.065315,0.929354,1.145617,1254,1254,1170,1,1,1,,,,5.96,2.37,4.82,1.95,8760532,4849684,1,1
suzuki_instance_2_16_2_3,492,2679,suzuki_instance_2_16_2_3_01,66,19489455276734749087424541909137255302197790229882344,1122,14,14,491,89.63,90.29,100.560005,89.94,90.61,100.81,1132712,1131676,1095872,1.057305,1.070157,1.11725,1338,1338,1248,1,1,1,,,,6.550000000000001,2.34,5.36,1.93,9667040,4852600,1,1
suzuki_instance_2_17_2_3,522,2844,suzuki_instance_2_17_2_3_01,70,28792489031435583518091314088456983183173810004480116618,1260,14,14,521,126.200005,126.54,138.09001,126.64,126.99,138.54001,2112140,2113552,1159860,1.276542,1.251512,1.319179,1422,1422,1326,1,1,1,,,,7.58,2.38,6.35,1.96,10759328,4861048,1,1
suzuki_instance_2_18_2_3,552,3009,suzuki_instance_2_18_2_3_01,74,42536202928921970451593051591547721633403543472584072487958,1406,14,14,551,168.84,168.27,186.11,169.43,168.86,186.66,2186692,2184888,2134952,1.435616,1.434145,1.62033,1506,1506,1404,1,1,1,,,,8.09,2.4,6.83,1.96,12040684,4872364,1,1
suzuki_instance_2_19_2_3,582,3174,suzuki_instance_2_19_2_3_01,78,62840296913372394297278015774672363406294142104123320861548240,1560,14,14,581,227.61,224.82,252.55,228.45999,225.61,253.29,2263356,2261988,2195644,1.57796,1.578608,1.706149,1590,1590,1482,1,1,1,,,,9.06,2.42,7.7,1.99,13493744,4880368,1,1
suzuki_instance_2_20_2_3,612,3339,suzuki_instance_2_20_2_3_01,82,92836281667158209619484775759835272306896191785416034244960496828,1722,14,14,611,300.15,303.07,306.01,301.17,304.14,306.97,4235612,4242620,2279936,2.000666,1.765305,1.897906,1674,1674,1560,1,1,1,,,,10.39,2.46,8.94,1.99,15144060,4889160,1,1
suzuki_instance_2_4_2_3,132,699,suzuki_instance_2_4_2_3_01,18,180320709759388,90,14,14,131,0.2,0.21,0.22,0.22,0.21,0.22,36084,36084,36084,0.069621,0.069238,0.069323,330,330,312,1,1,1,,,,2.33,2.09,2.0,1.88,4899512,4801288,1,1
suzuki_instance_2_5_2_3,162,864,suzuki_instance_2_5_2_3_01,22,266394405319018354,132,14,14,161,0.44,0.44,0.46,0.45,0.45,0.47,38132,38132,38136,0.105194,0.105767,0.105458,414,414,390,1,1,1,,,,2.51,2.09,2.04,1.86,4975236,4802600,1,1
suzuki_instance_2_6_2_3,192,1029,suzuki_instance_2_6_2_3_01,26,393554252451204693994,182,14,14,191,0.88,0.89,0.94,0.89,0.9,0.96,41200,41204,40180,0.146613,0.145673,0.148069,498,498,468,1,1,1,,,,2.83,2.12,2.19,1.87,5068532,4820092,1,1
suzuki_instance_2_7_2_3,222,1194,suzuki_instance_2_7_2_3_01,30,581412170617301011055272,240,14,14,221,1.93,1.6899999,1.86,1.95,1.7,1.88,75100,74804,73992,0.343547,0.193381,0.197984,582,582,546,1,1,1,,,,3.34,2.19,2.41,1.88,5206528,4811572,1,1
suzuki_instance_2_8_2_3,252,1359,suzuki_instance_2_8_2_3_01,34,858941581873841971077624184,306,14,14,251,3.04,3.03,3.24,3.06,3.04,3.26,81200,81424,79808,0.250539,0.247738,0.25458,666,666,624,1,1,1,,,,3.63,2.21,2.66,1.89,5390588,4815348,1,1
suzuki_instance_2_9_2_3,282,1524,suzuki_instance_2_9_2_3_01,38,1268945987642259965385005581186,380,14,14,281,5.2,5.24,5.73,5.22,5.25,5.76,155456,155452,154324,0.314423,0.322268,0.324916,750,750,702,1,1,1,,,,3.87,2.22,2.79,1.87,5633588,4818448,1,1
ph-03-02,41,57,ph-03-02_01,17,121582107,-1,5,6,13,0.01,0.02,0.03,0.02,0.02,0.04,33012,33012,33012,0.00221,0.002326,0.003166,265,353,892,1,1,1,,,,1.88,1.94,1.82,1.82,4794540,4794240,1,1
ph-03-03,59,87,ph-03-03_01,23,279340917727,31,7,8,20,5.3799996,5.28,49.010002,5.41,5.31,49.27,286776,283500,1148876,0.005146,0.005744,0.027223,834,1226,10204,1,1,1,,,,2.24,1.96,1.97,1.84,4919952,4796176,1,1
ph-04-03,89,132,ph-04-03_01,36,391184729725936525,-1,9,10,26,0.58,0.53999996,237.26999,0.58,0.55,238.17,41204,41200,2143360,0.016197,0.016958,0.57135,4354,5058,108816,1,1,1,,,,15.33,1.97,14.43,1.83,21548432,4795244,1,1
ph-04-04,117,182,ph-04-04_01,46,74825062231393217887911,,10,11,35,3587.48,3587.67,3585.75,3601.0,3601.0,3600.0,68517472,69187652,35920092,0.040106,0.042868,25.605439,10316,11660,2265360,0,0,0,,,,110.68,2.03,100.04,1.86,58735516,4798180,1,1
ph-05-04,165,256,ph-05-04_01,67,753738554891557952055688747206339,-1,,17,43,,156.32,3587.28,,156.97,3600.0,,4204164,138867092,,1.584619,858.54229,,355369,45443928,0,1,0,,,,,2.02,,1.84,,4797948,0,1
ph-05-05,205,331,ph-05-05_01,82,34186289117229456276370041652678426068693,,,19,54,,1796.2899,1796.12,,1800.06,1800.41,,17974388,139396800,,5.183926,,,567300,,0,0,0,,,,,2.08,,1.85,,4803364,0,1
ph-06-05,275,441,ph-06-05_01,113,22353448597842287861628828809135856971564909322470507445,,,22,64,,3585.8298,3587.86,,3600.0,3600.0,,34424956,277003136,,57.586604,,,4703433,,0,0,0,,,,,2.19,,1.87,,4816040,0,1
ph-06-06,329,546,ph-06-06_01,134,712081938752035057893383624500702381356344163108636740161703247481,,,25,77,,3591.15,3588.0,,3604.0,3600.0,,133407864,281482208,,894.659325,,,8654645,,0,0,0,,,,,2.19,,1.89,,4841280,0,1
ph-07-06,425,699,ph-07-06_01,177,,,,29,89,,3592.11,3587.54,,3604.0,3600.0,,149399172,290795752,,,,,,,0,0,0,,,,,2.25,,1.91,,4839536,0,1
ph-07-07,495,839,ph-07-07_01,205,,,,36,104,,3594.0,3591.68,,3605.0,3605.0,,274533688,273365680,,,,,,,0,0,0,,,,,2.29,,1.94,,4856636,0,1
ph-08-07,621,1042,ph-08-07_01,262,,,,41,118,,3592.21,3587.01,,3605.0,3601.0,,275514500,281724640,,,,,,,0,0,0,,,,,2.38,,1.97,,4886488,0,1
ph-08-08,709,1222,ph-08-08_01,298,,,,49,135,,3591.93,3586.45,,3606.0,3600.0,,282156332,290433320,,,,,,,0,0,0,,,,,2.4,,1.99,,4917808,0,1
ph-09-08,869,1482,ph-09-08_01,371,,,,55,151,,3594.4001,3587.72,,3605.0,3600.0,,276242728,290102708,,,,,,,0,0,0,,,,,2.47,,2.06,,5013472,0,1
ph-09-09,977,1707,ph-09-09_01,416,,,,64,170,,3592.96,3586.0898,,3605.0,3600.0,,277037176,283480556,,,,,,,0,0,0,,,,,2.54,,2.1,,5069680,0,1
ph-10-09,1175,2031,ph-10-09_01,507,,,,71,188,,3592.7202,3587.1401,,3606.0,3600.0,,280355276,277851436,,,,,,,0,0,0,,,,,2.66,,2.17,,5208956,0,1
ph-10-10,1305,2306,ph-10-10_01,562,,,,81,209,,1796.1,1795.8,,1800.55,1800.49,,145319288,142726328,,,,,,,0,0,0,,,,,2.79,,2.26,,5346700,0,1
ph-11-10,1545,2701,ph-11-10_01,673,,,,89,229,,1796.3301,1795.78,,1800.64,1800.52,,144412712,145638176,,,,,,,0,0,0,,,,,2.89,,2.38,,5628180,0,1
ph-11-11,1699,3031,ph-11-11_01,739,,,,100,252,,3592.5,3586.92,,3606.0,3601.0,,269067888,295546464,,,,,,,0,0,0,,,,,2.94,,2.47,,5868232,0,1
ph-12-11,1985,3504,ph-12-11_01,872,,,,109,274,,1796.58,1795.76,,1800.76,1800.55,,150663740,147169064,,,,,,,0,0,0,,,,,3.23,,2.74,,6430736,0,1
ph-12-12,2165,3894,ph-12-12_01,950,,,,121,299,,1796.4299,1795.64,,1800.71,1800.53,,145841684,142216336,,,,,,,0,0,0,,,,,3.4,,2.94,,6856276,0,1
ph-13-12,2501,4452,ph-13-12_01,1107,,,,131,323,,1796.51,1795.74,,1800.66,1800.51,,145092436,138399860,,,,,,,0,0,0,,,,,3.82,,3.38,,7869096,0,1
ph-13-13,2709,4907,ph-13-13_01,1198,,,,144,350,,1796.48,1795.74,,1800.63,1800.54,,146100548,140015284,,,,,,,0,0,0,,,,,4.22,,3.74,,8647628,0,1
ph-14-13,3099,5557,ph-14-13_01,1381,,,,155,376,,1796.57,1795.89,,1800.61,1800.59,,145486552,142086000,,,,,,,0,0,0,,,,,5.050000000000001,,4.48,,10425152,0,1
ph-14-14,3337,6082,ph-14-14_01,1486,,,,169,405,,1796.59,1795.72,,1800.62,1800.53,,144889260,143848724,,,,,,,0,0,0,,,,,5.53,,5.06,,11760128,0,1
ph-15-14,3785,6831,ph-15-14_01,1697,,,,181,433,,1796.6,1795.77,,1800.53,1800.62,,141888260,145945548,,,,,,,0,0,0,,,,,7.0600000000000005,,6.25,,14717812,0,1
ph-15-15,4055,7431,ph-15-15_01,1817,,,,196,464,,1796.62,1795.78,,1800.54,1800.6,,142249136,147811852,,,,,,,0,0,0,,,,,7.99,,7.15,,16833272,0,1
ph-16-15,4565,8286,ph-16-15_01,2058,,,,209,494,,1796.4601,1795.64,,1800.59,1800.61,,145876796,145566676,,,,,,,0,0,0,,,,,10.05,,9.09,,21669340,0,1
ph-16-16,4869,8966,ph-16-16_01,2194,,,,225,527,,1796.47,1795.5499,,1800.6,1800.66,,146304148,145472632,,,,,,,0,0,0,,,,,11.49,,10.52,,25095632,0,1
ph-17-16,5445,9934,ph-17-16_01,2467,,,,239,559,,1796.49,1795.6901,,1800.59,1800.62,,141157220,141122356,,,,,,,0,0,0,,,,,14.84,,13.83,,32781340,0,1
ph-17-17,5785,10699,ph-17-17_01,2620,,,,256,594,,1796.4701,1795.73,,1800.64,1800.6,,141389652,139528380,,,,,,,0,0,0,,,,,16.93,,15.94,,38156600,0,1
ph-18-17,6431,11787,ph-18-17_01,2927,,,,271,628,,1796.59,1796.0701,,1800.66,1800.67,,139900660,139605800,,,,,,,0,0,0,,,,,21.14,,20.08,,50087548,0,1
ph-18-18,6809,12642,ph-18-18_01,3098,,,,289,665,,1796.5901,1795.99,,1800.64,1800.76,,140352492,143838216,,,,,,,0,0,0,,,,,24.48,,23.43,,58360620,0,1
ph-19-18,7529,13857,ph-19-18_01,3441,,,,305,701,,1796.57,1795.9,,1800.71,1800.77,,142058336,144045968,,,,,,,0,0,0,,,,,29.39,,26.98,,58496472,0,1
ph-19-19,7947,14807,ph-19-19_01,3631,,,,324,740,,1796.64,1796.05,,1800.74,1800.86,,142592744,146890888,,,,,,,0,0,0,,,,,32.01,,29.94,,58489140,0,1
ph-20-19,8745,16156,ph-20-19_01,4012,,,,341,778,,0.08,0.07,,0.08,0.08,,39156,39156,,,,,,,0,-1,-1,,The number of vertices,The number of vertices,,40.01,,36.77,,58498404,0,1
ph-20-20,9205,17206,ph-20-20_01,4222,,,,361,819,,0.09,0.08,,0.09,0.09,,40180,40180,,,,,,,0,-1,-1,,The number of vertices,The number of vertices,,44.33,,41.09,,58509752,0,1
random_instance001_graph001,13,39,random_instance001_graph001_01,3,125,2,6,6,9,0.0,0.01,0.02,0.01,0.01,0.02,33012,33012,32768,0.000651,0.000635,0.000652,25,25,39,1,1,1,,,,1.84,1.95,1.79,1.84,4786224,4794160,1,1
random_instance001_graph002,13,39,random_instance001_graph002_01,3,93,2,6,7,8,0.0,0.0,0.01,0.01,0.01,0.02,33012,33008,31744,0.000643,0.000675,0.000681,27,28,38,1,1,1,,,,1.85,1.95,1.8,1.84,4786140,4794184,1,1
random_instance001_graph003,13,39,random_instance001_graph003_01,3,94,1,7,7,10,0.0,0.0,0.01,0.01,0.01,0.02,33016,33012,31744,0.00066,0.00066,0.000635,34,34,38,1,1,1,,,,1.83,1.93,1.79,1.81,4786408,4795156,1,1
random_instance001_graph004,13,39,random_instance001_graph004_01,4,94,5,7,7,9,0.0,0.0,0.02,0.01,0.01,0.02,33012,33012,31744,0.000647,0.000644,0.000664,32,32,40,1,1,1,,,,1.83,1.96,1.79,1.84,4786456,4794120,1,1
random_instance001_graph005,13,39,random_instance001_graph005_01,3,105,1,6,6,10,0.0,0.0,0.02,0.01,0.01,0.02,33012,33012,31744,0.000646,0.000665,0.000647,26,26,50,1,1,1,,,,1.83,1.93,1.78,1.82,4786456,4793120,1,1
random_instance002_graph001,26,78,random_instance002_graph001_01,8,13630,5,9,9,18,0.0,0.01,0.02,0.01,0.01,0.03,33012,33012,32768,0.002443,0.002392,0.002922,186,186,476,1,1,1,,,,1.83,1.94,1.78,1.82,4789220,4794148,1,1
random_instance002_graph002,26,78,random_instance002_graph002_01,7,12722,4,10,10,15,0.0,0.01,0.03,0.01,0.01,0.03,33012,33012,32768,0.003144,0.00313,0.006812,352,352,616,1,1,1,,,,1.85,1.95,1.8,1.84,4788416,4794164,1,1
random_instance002_graph003,26,78,random_instance002_graph003_01,8,14046,6,11,11,16,0.01,0.01,0.02,0.01,0.02,0.03,33012,33012,31744,0.003205,0.003167,0.004881,321,321,658,1,1,1,,,,1.88,1.95,1.82,1.83,4789424,4794204,1,1
random_instance002_graph004,26,78,random_instance002_graph004_01,8,14355,7,11,11,15,0.01,0.01,0.02,0.02,0.02,0.03,33012,33012,32768,0.003764,0.003757,0.00393,341,341,608,1,1,1,,,,1.85,1.94,1.79,1.83,4790524,4794940,1,1
random_instance002_graph005,26,78,random_instance002_graph005_01,7,11926,3,10,10,18,0.0,0.01,0.03,0.01,0.01,0.03,33012,33012,31744,0.002883,0.002882,0.005591,254,254,1095,1,1,1,,,,1.84,1.94,1.8,1.82,4788484,4794212,1,1
random_instance003_graph001,39,117,random_instance003_graph001_01,12,1797410,4,13,14,26,0.03,0.03,0.08,0.03,0.03,0.08,33012,33012,33792,0.016432,0.018184,0.05562,2244,2906,8874,1,1,1,,,,2.04,1.96,1.85,1.84,4836508,4795212,1,1
random_instance003_graph002,39,117,random_instance003_graph002_01,14,2283228,7,13,14,21,0.03,0.02,0.07,0.03,0.03,0.07,33012,34032,33792,0.012172,0.012288,0.036115,1454,1605,4316,1,1,1,,,,2.07,1.94,1.89,1.84,4849396,4810432,1,1
random_instance003_graph003,39,117,random_instance003_graph003_01,11,1346850,8,13,14,28,0.08,0.08,0.28,0.08,0.08,0.29,35060,35064,36864,0.012746,0.0137,0.094519,1565,1534,11820,1,1,1,,,,1.99,1.96,1.85,1.84,4833528,4794244,1,1
random_instance003_graph004,39,117,random_instance003_graph004_01,14,1936328,2,14,16,27,0.03,0.05,0.060000002,0.04,0.06,0.07,34036,34036,32768,0.032107,0.048074,0.049133,2444,3856,9454,1,1,1,,,,2.39,1.94,1.99,1.83,4941328,4791112,1,1
random_instance003_graph005,39,117,random_instance003_graph005_01,11,1566681,9,14,16,26,0.16000001,0.18,0.69,0.16,0.18,0.7,37108,37108,69876,0.031859,0.02654,0.121706,2547,3261,16612,1,1,1,,,,2.22,1.95,1.91,1.83,4901652,4795156,1,1
random_instance004_graph001,52,156,random_instance004_graph001_01,15,227597732,11,17,17,35,4.18,4.19,21.82,4.2,4.21,21.9,267808,270036,1097292,0.06475,0.06524,2.234104,6911,6911,138652,1,1,1,,,,4.19,1.97,3.09,1.85,6065980,4795936,1,1
random_instance004_graph002,52,156,random_instance004_graph002_01,16,242964120,9,18,18,35,1.32,1.31,10.7,1.33,1.32,10.74,151960,152376,557972,0.103647,0.10275,5.683615,12969,12969,266787,1,1,1,,,,5.87,1.98,5.08,1.85,8593488,4796280,1,1
random_instance004_graph003,52,156,random_instance004_graph003_01,16,280529902,5,17,20,31,0.23,0.4,3.9,0.24,0.41,3.92,38132,69756,151604,0.175814,0.300052,3.534281,13549,26744,137344,1,1,1,,,,4.37,1.97,3.57,1.85,6744720,4796216,1,1
random_instance004_graph004,52,156,random_instance004_graph004_01,15,245353332,8,16,17,33,1.82,1.23,6.84,1.83,1.24,6.86,154520,78616,292712,0.175191,0.096949,2.562619,10632,10029,109540,1,1,1,,,,3.5700000000000003,1.97,2.85,1.85,5922900,4796120,1,1
random_instance004_graph005,52,156,random_instance004_graph005_01,15,198435306,7,17,20,33,0.59999996,0.35999998,4.89,0.61,0.37,4.92,73956,42228,269892,0.350819,0.192621,4.372339,16197,15622,140413,1,1,1,,,,4.550000000000001,1.99,3.53,1.86,6540000,4796272,1,1
random_instance005_graph001,65,195,random_instance005_graph001_01,20,48187380654,12,20,23,43,44.21,107.54,398.13,44.39,107.990005,399.66,2149556,2366696,17431752,5.789893,1.809715,30.426216,84633,108475,1702838,1,1,1,,,,63.11,1.97,56.1,1.84,58683376,4796168,1,1
random_instance005_graph002,65,195,random_instance005_graph002_01,19,34141571484,12,20,21,41,68.380005,79.659996,587.02,68.66,80.0,589.31,2100452,2175100,18184240,1.175102,1.297629,72.368642,59970,72492,2138028,1,1,1,,,,42.370000000000005,1.97,41.52,1.84,46346024,4796012,1,1
random_instance005_graph003,65,195,random_instance005_graph003_01,22,38638170829,14,21,23,40,11.139999,8.22,50.77,11.19,8.26,50.94,1054364,549280,2294016,7.308109,2.938182,33.755645,103642,129949,985466,1,1,1,,,,88.53999999999999,1.98,81.22,1.84,58728748,4811520,1,1
random_instance005_graph004,65,195,random_instance005_graph004_01,18,21665853613,10,20,24,38,33.91,38.530003,155.81999,34.04,38.69,156.43,1153280,2116732,8681704,1.301236,2.037336,65.03655,72732,94019,2015530,1,1,1,,,,33.35,1.96,32.44,1.83,36698808,4796420,1,1
random_instance005_graph005,65,195,random_instance005_graph005_01,20,54651105614,11,19,22,40,39.11,57.9,463.38,39.28,58.14,465.21,1151108,2169736,17906980,0.863615,1.737579,63.314356,46510,70227,1726509,1,1,1,,,,32.89,2.0,32.06,1.86,38857648,4796888,1,1
random_instance006_graph001,78,234,random_instance006_graph001_01,23,3706721252978,,,26,46,,1796.24,1796.35,,1800.2,1800.21,,67981316,72964736,,47.697564,1766.779517,,875806,18327403,0,0,0,,,,,1.98,,1.85,,4796072,0,1
random_instance006_graph002,78,234,random_instance006_graph002_01,24,4518023603224,18,24,29,44,2238.56,2947.1301,3586.42,2247.29,2958.7,3600.0,67895340,133165936,140406880,30.484264,98.139027,473.468237,550768,1906572,11045981,1,1,0,,,,1843.69,1.98,1413.7,1.85,65023632,4797112,1,1
random_instance006_graph003,78,234,random_instance006_graph003_01,26,6209505336003,17,23,27,49,162.86,320.61,2355.8599,163.55,322.04,2364.87,8597564,16923068,136843564,28.091503,32.280776,885.599532,254246,866255,32234377,1,1,1,,,,1271.3,1.97,962.21,1.84,63064204,4796132,1,1
random_instance006_graph004,78,234,random_instance006_graph004_01,23,4784011345326,19,24,25,48,3111.51,3585.7898,3586.32,3124.08,3600.0,3600.0,69769880,73995612,143542964,27.578307,38.796864,1082.298205,419992,595168,17793391,1,0,0,,,,2348.07,1.97,1541.13,1.85,65511660,4797200,1,1
random_instance006_graph005,78,234,random_instance006_graph005_01,25,6110607164382,17,,26,51,,952.22003,1796.23,,954.36,1800.22,,34078924,71739108,,24.230505,814.078035,,421404,26572315,0,1,0,,,,,1.98,,1.86,,4797220,0,1
random_instance007_graph001,91,273,random_instance007_graph001_01,29,795908695346840,11,,30,56,,572.53,1796.6,,573.66,1800.38,,33810080,131426984,,365.298207,,,3708159,,0,1,0,,,,,1.99,,1.85,,4795812,0,1
random_instance007_graph002,91,273,random_instance007_graph002_01,30,,,,31,50,,0.03,0.03,,0.21,0.19,,31984,31988,,,,,,,0,-1,-1,,No such vertex,No such vertex,,1.99,,1.85,,4795944,0,1
random_instance007_graph003,91,273,random_instance007_graph003_01,32,942068520920506,15,,31,54,,766.69,1796.46,,768.37,1800.21,,34749304,70721796,,163.069944,,,3334915,,0,1,0,,,,,1.99,,1.86,,4797192,0,1
random_instance007_graph004,91,273,random_instance007_graph004_01,30,1574776068008764,,,29,54,,1796.09,1796.2799,,1800.11,1800.22,,36601760,72854780,,82.067545,,,1137201,,0,0,0,,,,,1.99,,1.84,,4812288,0,1
random_instance007_graph005,91,273,random_instance007_graph005_01,32,1107929080040276,20,,30,53,,1447.91,1796.4601,,1450.91,1800.21,,68838060,72464396,,380.317631,,,2780994,,0,1,0,,,,,1.98,,1.84,,4795132,0,1
random_instance008_graph001,104,312,random_instance008_graph001_01,33,,,,38,62,,1796.84,1796.34,,1800.21,1800.22,,71222100,73574948,,,,,,,0,0,0,,,,,2.04,,1.86,,4798896,0,1
random_instance008_graph002,104,312,random_instance008_graph002_01,33,,,,34,59,,1796.93,1796.3401,,1800.39,1800.22,,134265928,72476472,,,,,,,0,0,0,,,,,2.02,,1.84,,4798248,0,1
random_instance008_graph003,104,312,random_instance008_graph003_01,36,86776122135880556,,,34,64,,1796.6799,1796.37,,1800.22,1800.21,,72849224,70013652,,1742.233626,,,33605458,,0,0,0,,,,,2.02,,1.84,,4798184,0,1
random_instance008_graph004,104,312,random_instance008_graph004_01,34,,,,33,64,,0.03,0.03,,0.2,0.2,,31988,31988,,,,,,,0,-1,-1,,No such vertex,No such vertex,,2.05,,1.86,,4798428,0,1
random_instance008_graph005,104,312,random_instance008_graph005_01,37,,,,32,58,,1796.7301,1796.46,,1800.22,1800.4,,73853956,134880568,,,,,,,0,0,0,,,,,2.01,,1.83,,4798524,0,1
random_instance009_graph001,117,351,random_instance009_graph001_01,33,,,,40,71,,1796.83,1796.48,,1800.21,1800.4,,71859552,134799048,,,,,,,0,0,0,,,,,2.02,,1.84,,4798212,0,1
random_instance009_graph002,117,351,random_instance009_graph002_01,38,,,,39,72,,1796.8501,1796.4299,,1800.21,1800.4,,72977996,136248844,,,,,,,0,0,0,,,,,2.04,,1.85,,4799540,0,1
random_instance009_graph003,117,351,random_instance009_graph003_01,38,,,,40,66,,1796.67,1796.36,,1800.21,1800.22,,71477108,73486824,,,,,,,0,0,0,,,,,2.05,,1.86,,4800172,0,1
random_instance009_graph004,117,351,random_instance009_graph004_01,34,,,,41,75,,1796.68,1796.41,,1800.21,1800.22,,73189384,72197384,,,,,,,0,0,0,,,,,2.03,,1.84,,4798680,0,1
random_instance009_graph005,117,351,random_instance009_graph005_01,38,,,,36,72,,1796.81,1796.47,,1800.21,1800.39,,72031924,131585296,,,,,,,0,0,0,,,,,2.02,,1.83,,4813452,0,1
random_instance010_graph001,130,390,random_instance010_graph001_01,41,,,,43,79,,1796.6901,1796.3301,,1800.22,1800.22,,73051992,74641156,,,,,,,0,0,0,,,,,2.05,,1.86,,4798264,0,1
random_instance010_graph002,130,390,random_instance010_graph002_01,39,,,,44,78,,1796.75,1796.33,,1800.4,1800.22,,137282548,72753852,,,,,,,0,0,0,,,,,2.06,,1.86,,4802468,0,1
random_instance010_graph003,130,390,random_instance010_graph003_01,46,,,,44,71,,1796.71,1796.47,,1800.22,1800.39,,73290508,131973816,,,,,,,0,0,0,,,,,2.06,,1.86,,4803696,0,1
random_instance010_graph004,130,390,random_instance010_graph004_01,41,,,,43,78,,1796.78,1796.35,,1800.22,1800.22,,75266296,72880184,,,,,,,0,0,0,,,,,2.07,,1.85,,4804644,0,1
random_instance010_graph005,130,390,random_instance010_graph005_01,40,,,,43,77,,1796.6901,1796.3401,,1800.21,1800.33,,72278892,115995416,,,,,,,0,0,0,,,,,2.09,,1.88,,4802884,0,1
random_instance011_graph001,143,429,random_instance011_graph001_01,45,,,,48,91,,1796.92,1796.32,,1800.39,1800.22,,134845356,72939212,,,,,,,0,0,0,,,,,2.07,,1.86,,4803660,0,1
random_instance011_graph002,143,429,random_instance011_graph002_01,46,,,,47,86,,0.03,0.03,,0.2,0.2,,31988,31988,,,,,,,0,-1,-1,,No such vertex,No such vertex,,2.09,,1.88,,4800196,0,1
random_instance011_graph003,143,429,random_instance011_graph003_01,45,,,,47,82,,1796.8701,1796.34,,1800.4,1800.23,,137868668,75145760,,,,,,,0,0,0,,,,,2.09,,1.88,,4799276,0,1
random_instance011_graph004,143,429,random_instance011_graph004_01,46,,,,51,83,,1796.8401,1796.45,,1800.39,1800.39,,132702776,132877232,,,,,,,0,0,0,,,,,2.08,,1.88,,4798084,0,1
random_instance011_graph005,143,429,random_instance011_graph005_01,48,,,,45,86,,1797.04,1796.52,,1800.39,1800.4,,132893772,133026256,,,,,,,0,0,0,,,,,2.07,,1.85,,4801692,0,1
random_instance012_graph001,156,468,random_instance012_graph001_01,54,,,,51,88,,1796.98,1796.35,,1800.39,1800.22,,133427924,72591380,,,,,,,0,0,0,,,,,2.08,,1.86,,4818136,0,1
random_instance012_graph002,156,468,random_instance012_graph002_01,53,,,,52,89,,1796.84,1796.29,,1800.22,1800.23,,74712348,75252140,,,,,,,0,0,0,,,,,2.08,,1.86,,4804028,0,1
random_instance012_graph003,156,468,random_instance012_graph003_01,46,,,,48,95,,1796.76,1796.44,,1800.21,1800.4,,71507116,134927444,,,,,,,0,0,0,,,,,2.08,,1.87,,4800512,0,1
random_instance012_graph004,156,468,random_instance012_graph004_01,47,,,,51,91,,1796.97,1796.39,,1800.39,1800.23,,133327876,74689936,,,,,,,0,0,0,,,,,2.1,,1.88,,4801552,0,1
random_instance012_graph005,156,468,random_instance012_graph005_01,53,,,,50,94,,0.03,0.03,,0.2,0.2,,31988,31988,,,,,,,0,-1,-1,,No such vertex,No such vertex,,2.05,,1.84,,4799304,0,1
random_instance013_graph001,169,507,random_instance013_graph001_01,53,,,,52,99,,1796.97,1796.3899,,1800.39,1800.41,,134696372,132848456,,,,,,,0,0,0,,,,,2.07,,1.85,,4802376,0,1
random_instance013_graph002,169,507,random_instance013_graph002_01,56,,,,52,94,,1796.78,1796.36,,1800.39,1800.41,,133475972,136763324,,,,,,,0,0,0,,,,,2.09,,1.87,,4802768,0,1
random_instance013_graph003,169,507,random_instance013_graph003_01,49,,,,54,101,,3591.63,3586.9102,,3604.0,3600.0,,266859944,147764472,,,,,,,0,0,0,,,,,2.11,,1.89,,4804736,0,1
random_instance013_graph004,169,507,random_instance013_graph004_01,52,,,,51,103,,1796.77,1796.37,,1800.21,1800.23,,70972688,74274980,,,,,,,0,0,0,,,,,2.08,,1.85,,4805036,0,1
random_instance013_graph005,169,507,random_instance013_graph005_01,53,,,,56,100,,0.03,0.03,,0.19,0.19,,31988,31988,,,,,,,0,-1,-1,,No such vertex,No such vertex,,2.06,,1.84,,4797880,0,1
random_instance014_graph001,182,546,random_instance014_graph001_01,61,,,,59,110,,1796.82,1796.3401,,1800.4,1800.31,,135556216,101064872,,,,,,,0,0,0,,,,,2.09,,1.87,,4804720,0,1
random_instance014_graph002,182,546,random_instance014_graph002_01,59,,,,60,116,,1796.8401,1796.63,,1800.39,1800.39,,134531896,132342576,,,,,,,0,0,0,,,,,2.09,,1.86,,4819928,0,1
random_instance014_graph003,182,546,random_instance014_graph003_01,61,,,,58,111,,0.05,0.03,,0.23,0.19,,31988,31988,,,,,,,0,-1,-1,,No such vertex,No such vertex,,2.09,,1.88,,4805112,0,1
random_instance014_graph004,182,546,random_instance014_graph004_01,56,,,,59,109,,1796.98,1796.4501,,1800.4,1800.22,,137752680,71644904,,,,,,,0,0,0,,,,,2.07,,1.86,,4802416,0,1
random_instance014_graph005,182,546,random_instance014_graph005_01,57,,,,55,113,,3592.47,3587.45,,3605.0,3600.0,,268029684,157442076,,,,,,,0,0,0,,,,,2.07,,1.85,,4805052,0,1
random_instance015_graph001,195,585,random_instance015_graph001_01,62,,,,62,114,,1796.78,1796.44,,1800.41,1800.41,,139786736,137661736,,,,,,,0,0,0,,,,,2.09,,1.87,,4804640,0,1
random_instance015_graph002,195,585,random_instance015_graph002_01,61,,,,61,115,,3590.77,3586.5698,,3603.0,3600.0,,243560660,147601180,,,,,,,0,0,0,,,,,2.09,,1.86,,4804424,0,1
random_instance015_graph003,195,585,random_instance015_graph003_01,61,,,,63,121,,1796.99,1796.39,,1800.4,1800.23,,133151972,75443824,,,,,,,0,0,0,,,,,2.09,,1.87,,4803508,0,1
random_instance015_graph004,195,585,random_instance015_graph004_01,65,,,,61,112,,0.03,0.03,,0.2,0.21,,31988,31984,,,,,,,0,-1,-1,,No such vertex,No such vertex,,2.09,,1.87,,4800056,0,1
random_instance015_graph005,195,585,random_instance015_graph005_01,64,,,,67,118,,1797.01,1796.4,,1800.39,1800.23,,132815808,73704972,,,,,,,0,0,0,,,,,2.09,,1.87,,4799828,0,1
random_instance016_graph001,208,624,random_instance016_graph001_01,68,,,,68,127,,3591.81,3588.0,,3605.0,3600.0,,263339660,263523184,,,,,,,0,0,0,,,,,2.11,,1.87,,4803000,0,1
random_instance016_graph002,208,624,random_instance016_graph002_01,66,,,,68,121,,0.03,0.03,,0.2,0.2,,31988,31988,,,,,,,0,-1,-1,,No such vertex,No such vertex,,2.13,,1.89,,4804496,0,1
random_instance016_graph003,208,624,random_instance016_graph003_01,67,,,,73,117,,3591.4001,3586.87,,3604.0,3600.0,,266833980,153567768,,,,,,,0,0,0,,,,,2.09,,1.85,,4803452,0,1
random_instance016_graph004,208,624,random_instance016_graph004_01,66,,,,66,125,,3591.3499,3586.91,,3604.0,3600.0,,267669260,229825696,,,,,,,0,0,0,,,,,2.13,,1.86,,4806540,0,1
random_instance016_graph005,208,624,random_instance016_graph005_01,72,,,,66,122,,1796.98,1796.26,,1800.4,1800.22,,135063292,72708048,,,,,,,0,0,0,,,,,2.11,,1.87,,4807512,0,1
random_instance017_graph001,221,663,random_instance017_graph001_01,72,,,,69,142,,1796.99,1796.35,,1800.39,1800.23,,133414096,74155656,,,,,,,0,0,0,,,,,2.14,,1.88,,4808796,0,1
random_instance017_graph002,221,663,random_instance017_graph002_01,69,,,,70,131,,1796.7999,1796.47,,1800.22,1800.41,,73834584,134636704,,,,,,,0,0,0,,,,,2.13,,1.87,,4809592,0,1
random_instance017_graph003,221,663,random_instance017_graph003_01,73,,,,71,140,,1796.8601,1796.35,,1800.38,1800.23,,131599564,74251600,,,,,,,0,0,0,,,,,2.15,,1.89,,4809308,0,1
random_instance017_graph004,221,663,random_instance017_graph004_01,73,,,,70,134,,1796.88,1796.46,,1800.39,1800.4,,132510440,136029544,,,,,,,0,0,0,,,,,2.14,,1.89,,4808512,0,1
random_instance017_graph005,221,663,random_instance017_graph005_01,70,,,,73,131,,1796.93,1796.43,,1800.4,1800.23,,135316068,74516860,,,,,,,0,0,0,,,,,2.11,,1.86,,4807784,0,1
random_instance018_graph001,234,702,random_instance018_graph001_01,75,,,,78,143,,0.03,0.03,,0.2,0.2,,31988,31988,,,,,,,0,-1,-1,,No such vertex,No such vertex,,2.12,,1.87,,4810680,0,1
random_instance018_graph002,234,702,random_instance018_graph002_01,78,,,,79,139,,1796.76,1796.4099,,1800.4,1800.42,,136094944,135286136,,,,,,,0,0,0,,,,,2.11,,1.87,,4808408,0,1
random_instance018_graph003,234,702,random_instance018_graph003_01,74,,,,76,146,,1797.0,1796.48,,1800.39,1800.4,,133600016,132399712,,,,,,,0,0,0,,,,,2.13,,1.88,,4811328,0,1
random_instance018_graph004,234,702,random_instance018_graph004_01,76,,,,71,131,,0.03,0.03,,0.2,0.21,,31984,31988,,,,,,,0,-1,-1,,No such vertex,No such vertex,,2.15,,1.89,,4811708,0,1
random_instance018_graph005,234,702,random_instance018_graph005_01,76,,,,75,140,,1796.9299,1796.46,,1800.4,1800.41,,135888464,134999840,,,,,,,0,0,0,,,,,2.14,,1.87,,4811784,0,1
random_instance019_graph001,247,741,random_instance019_graph001_01,79,,,,72,147,,1796.84,1796.44,,1800.39,1800.41,,133959892,136530796,,,,,,,0,0,0,,,,,2.13,,1.87,,4809560,0,1
random_instance019_graph002,247,741,random_instance019_graph002_01,83,,,,79,147,,1796.7101,1796.31,,1800.4,1800.24,,136849300,76221664,,,,,,,0,0,0,,,,,2.14,,1.88,,4811284,0,1
random_instance019_graph003,247,741,random_instance019_graph003_01,79,,,,75,141,,1796.9299,1796.2999,,1800.4,1800.23,,136332948,74343092,,,,,,,0,0,0,,,,,2.15,,1.87,,4810980,0,1
random_instance019_graph004,247,741,random_instance019_graph004_01,80,,,,79,142,,0.03,0.03,,0.19,0.2,,31988,31988,,,,,,,0,-1,-1,,No such vertex,No such vertex,,2.13,,1.88,,4824860,0,1
random_instance019_graph005,247,741,random_instance019_graph005_01,79,,,,78,151,,1796.65,1796.29,,1800.4,1800.23,,135841188,75027568,,,,,,,0,0,0,,,,,2.13,,1.87,,4812224,0,1
random_instance020_graph001,260,780,random_instance020_graph001_01,81,,,,78,149,,1796.93,1796.36,,1800.39,1800.42,,133720124,137963024,,,,,,,0,0,0,,,,,2.16,,1.87,,4812804,0,1
random_instance020_graph002,260,780,random_instance020_graph002_01,84,,,,82,152,,1796.76,1796.51,,1800.4,1800.41,,134370792,136067272,,,,,,,0,0,0,,,,,2.15,,1.87,,4812576,0,1
random_instance020_graph003,260,780,random_instance020_graph003_01,82,,,,85,155,,1796.86,1796.3999,,1800.4,1800.41,,135234360,135313204,,,,,,,0,0,0,,,,,2.18,,1.88,,4815348,0,1
random_instance020_graph004,260,780,random_instance020_graph004_01,89,,,,81,151,,0.03,0.03,,0.2,0.2,,31984,31988,,,,,,,0,-1,-1,,No such vertex,No such vertex,,2.15,,1.87,,4814904,0,1
random_instance020_graph005,260,780,random_instance020_graph005_01,81,,,,80,147,,1796.92,1796.4199,,1800.41,1800.42,,140683732,133990044,,,,,,,0,0,0,,,,,2.16,,1.88,,4814024,0,1
random_instance021_graph001,273,819,random_instance021_graph001_01,91,,,,85,148,,0.03,0.03,,0.19,0.2,,31988,31992,,,,,,,0,-1,-1,,No such vertex,No such vertex,,2.17,,1.88,,4814368,0,1
random_instance021_graph002,273,819,random_instance021_graph002_01,83,,,,86,161,,1796.89,1796.37,,1800.4,1800.42,,136658052,133704284,,,,,,,0,0,0,,,,,2.17,,1.88,,4815296,0,1
random_instance021_graph003,273,819,random_instance021_graph003_01,88,,,,88,160,,1796.74,1796.46,,1800.41,1800.41,,140380708,133450096,,,,,,,0,0,0,,,,,2.17,,1.88,,4815060,0,1
random_instance021_graph004,273,819,random_instance021_graph004_01,86,,,,86,158,,0.03,0.03,,0.2,0.2,,31988,31988,,,,,,,0,-1,-1,,No such vertex,No such vertex,,2.18,,1.89,,4812808,0,1
random_instance021_graph005,273,819,random_instance021_graph005_01,84,,,,81,161,,1796.9401,1796.3401,,1800.4,1800.43,,137599576,138264052,,,,,,,0,0,0,,,,,2.15,,1.87,,4830472,0,1
random_instance022_graph001,286,858,random_instance022_graph001_01,96,,,,91,170,,1796.7,1796.23,,1800.4,1800.44,,136701104,138900764,,,,,,,0,0,0,,,,,2.19,,1.9,,4814468,0,1
random_instance022_graph002,286,858,random_instance022_graph002_01,95,,,,93,176,,1796.9401,1796.53,,1800.4,1800.41,,135399064,133232584,,,,,,,0,0,0,,,,,2.22,,1.9,,4819632,0,1
random_instance022_graph003,286,858,random_instance022_graph003_01,89,,,,92,177,,1796.79,1796.46,,1800.4,1800.42,,134616916,134807136,,,,,,,0,0,0,,,,,2.2,,1.88,,4820212,0,1
random_instance022_graph004,286,858,random_instance022_graph004_01,95,,,,94,170,,1796.8501,1796.28,,1800.41,1800.43,,137933268,139027716,,,,,,,0,0,0,,,,,2.16,,1.87,,4813716,0,1
random_instance022_graph005,286,858,random_instance022_graph005_01,97,,,,86,168,,1796.86,1796.44,,1800.4,1800.41,,135700908,133547256,,,,,,,0,0,0,,,,,2.21,,1.88,,4820452,0,1
random_instance023_graph001,299,897,random_instance023_graph001_01,97,,,,97,169,,1796.86,1796.29,,1800.4,1800.42,,136002840,136855032,,,,,,,0,0,0,,,,,2.22,,1.89,,4825660,0,1
random_instance023_graph002,299,897,random_instance023_graph002_01,93,,,,97,177,,0.03,0.03,,0.2,0.2,,31988,31988,,,,,,,0,-1,-1,,No such vertex,No such vertex,,2.19,,1.87,,4819076,0,1
random_instance023_graph003,299,897,random_instance023_graph003_01,96,,,,88,170,,3591.04,3587.25,,3604.0,3600.0,,274380624,269809800,,,,,,,0,0,0,,,,,2.18,,1.88,,4814604,0,1
random_instance023_graph004,299,897,random_instance023_graph004_01,101,,,,92,177,,1796.56,1796.29,,1800.41,1800.38,,136516816,119149904,,,,,,,0,0,0,,,,,2.21,,1.88,,4824816,0,1
random_instance023_graph005,299,897,random_instance023_graph005_01,97,,,,98,190,,0.03,0.03,,0.2,0.2,,31988,31988,,,,,,,0,-1,-1,,No such vertex,No such vertex,,2.21,,1.88,,4819980,0,1
random_instance024_graph001,312,936,random_instance024_graph001_01,97,,,,99,182,,1796.69,1796.37,,1800.41,1800.42,,137954812,135182216,,,,,,,0,0,0,,,,,2.23,,1.88,,4820908,0,1
random_instance024_graph002,312,936,random_instance024_graph002_01,102,,,,94,184,,1796.57,1796.36,,1800.4,1800.44,,135292024,141344268,,,,,,,0,0,0,,,,,2.24,,1.88,,4822312,0,1
random_instance024_graph003,312,936,random_instance024_graph003_01,99,,,,100,181,,1796.8,1796.29,,1800.4,1800.25,,135398772,77253028,,,,,,,0,0,0,,,,,2.23,,1.89,,4823268,0,1
random_instance024_graph004,312,936,random_instance024_graph004_01,101,,,,99,181,,1796.62,1796.46,,1800.4,1800.42,,135343424,136952092,,,,,,,0,0,0,,,,,2.22,,1.88,,4823016,0,1
random_instance024_graph005,312,936,random_instance024_graph005_01,104,,,,97,176,,1796.61,1796.35,,1800.41,1800.43,,137144064,138544944,,,,,,,0,0,0,,,,,2.24,,1.9,,4822932,0,1
random_instance025_graph001,325,975,random_instance025_graph001_01,106,,,,103,186,,1796.68,1796.41,,1800.22,1800.41,,74033648,135250284,,,,,,,0,0,0,,,,,2.23,,1.9,,4824172,0,1
random_instance025_graph002,325,975,random_instance025_graph002_01,105,,,,101,191,,1796.6699,1796.51,,1800.4,1800.42,,133833468,135812484,,,,,,,0,0,0,,,,,2.24,,1.9,,4823068,0,1
random_instance025_graph003,325,975,random_instance025_graph003_01,104,,,,104,189,,1796.5801,1796.49,,1800.42,1800.41,,140313572,132848192,,,,,,,0,0,0,,,,,2.28,,1.9,,4826120,0,1
random_instance025_graph004,325,975,random_instance025_graph004_01,106,,,,102,190,,1796.7699,1796.4,,1800.4,1800.43,,135416824,139027636,,,,,,,0,0,0,,,,,2.24,,1.88,,4826740,0,1
random_instance025_graph005,325,975,random_instance025_graph005_01,105,,,,100,198,,3592.06,3593.0098,,3605.0,3606.0,,266785132,267612644,,,,,,,0,0,0,,,,,2.25,,1.91,,4825000,0,1
random_instance026_graph001,338,1014,random_instance026_graph001_01,110,,,,108,204,,1796.67,1796.41,,1800.41,1800.43,,137209704,135495012,,,,,,,0,0,0,,,,,2.24,,1.89,,4826984,0,1
random_instance026_graph002,338,1014,random_instance026_graph002_01,109,,,,106,197,,0.03,0.03,,0.2,0.2,,31988,31988,,,,,,,0,-1,-1,,No such vertex,No such vertex,,2.24,,1.9,,4828844,0,1
random_instance026_graph003,338,1014,random_instance026_graph003_01,110,,,,113,193,,0.03,0.04,,0.2,0.2,,31988,31988,,,,,,,0,-1,-1,,No such vertex,No such vertex,,2.24,,1.89,,4825256,0,1
random_instance026_graph004,338,1014,random_instance026_graph004_01,112,,,,105,194,,0.03,0.03,,0.19,0.19,,31988,31988,,,,,,,0,-1,-1,,No such vertex,No such vertex,,2.24,,1.89,,4824920,0,1
random_instance026_graph005,338,1014,random_instance026_graph005_01,113,,,,108,200,,0.06,0.05,,0.23,0.21,,31988,31988,,,,,,,0,-1,-1,,No such vertex,No such vertex,,2.24,,1.89,,4823064,0,1
random_instance027_graph001,351,1053,random_instance027_graph001_01,121,,,,114,198,,0.04,0.03,,0.19,0.19,,31988,31992,,,,,,,0,-1,-1,,No such vertex,No such vertex,,2.23,,1.88,,4827084,0,1
random_instance027_graph002,351,1053,random_instance027_graph002_01,108,,,,111,211,,0.03,0.03,,0.19,0.19,,31992,31992,,,,,,,0,-1,-1,,No such vertex,No such vertex,,2.28,,1.91,,4832680,0,1
random_instance027_graph003,351,1053,random_instance027_graph003_01,114,,,,111,211,,1796.89,1796.38,,1800.39,1800.43,,132989280,137598472,,,,,,,0,0,0,,,,,2.25,,1.89,,4828844,0,1
random_instance027_graph004,351,1053,random_instance027_graph004_01,111,,,,114,214,,0.03,0.03,,0.3,0.2,,31988,31988,,,,,,,0,-1,-1,,No such vertex,No such vertex,,2.23,,1.89,,4824256,0,1
random_instance027_graph005,351,1053,random_instance027_graph005_01,114,,,,114,210,,0.03,0.03,,0.22,0.2,,31984,31988,,,,,,,0,-1,-1,,No such vertex,No such vertex,,2.24,,1.89,,4827772,0,1
random_instance028_graph001,364,1092,random_instance028_graph001_01,117,,,,117,215,,1796.71,1796.38,,1800.39,1800.42,,132677540,135111816,,,,,,,0,0,0,,,,,2.25,,1.9,,4827380,0,1
random_instance028_graph002,364,1092,random_instance028_graph002_01,120,,,,112,210,,1796.58,1796.48,,1800.41,1800.43,,137298292,135526856,,,,,,,0,0,0,,,,,2.28,,1.9,,4828588,0,1
random_instance028_graph003,364,1092,random_instance028_graph003_01,116,,,,115,218,,1796.65,1796.21,,1800.41,1800.41,,139077676,132975728,,,,,,,0,0,0,,,,,2.26,,1.9,,4828048,0,1
random_instance028_graph004,364,1092,random_instance028_graph004_01,118,,,,115,210,,1796.75,1796.3601,,1800.4,1800.42,,134864152,134858024,,,,,,,0,0,0,,,,,2.24,,1.89,,4829076,0,1
random_instance028_graph005,364,1092,random_instance028_graph005_01,119,,,,113,217,,1796.76,1796.45,,1800.4,1800.24,,133287256,72667776,,,,,,,0,0,0,,,,,2.26,,1.9,,4827556,0,1
random_instance029_graph001,377,1131,random_instance029_graph001_01,126,,,,119,223,,0.03,0.03,,0.2,0.2,,31992,31984,,,,,,,0,-1,-1,,No such vertex,No such vertex,,2.26,,1.9,,4827756,0,1
random_instance029_graph002,377,1131,random_instance029_graph002_01,125,,,,121,210,,1796.62,1796.34,,1800.42,1800.42,,140157836,134223588,,,,,,,0,0,0,,,,,2.25,,1.89,,4829608,0,1
random_instance029_graph003,377,1131,random_instance029_graph003_01,123,,,,116,221,,0.04,0.03,,0.31,0.22,,31984,31992,,,,,,,0,-1,-1,,No such vertex,No such vertex,,2.25,,1.89,,4830260,0,1
random_instance029_graph004,377,1131,random_instance029_graph004_01,125,,,,116,222,,1796.75,1796.41,,1800.41,1800.42,,136172840,134222128,,,,,,,0,0,0,,,,,2.27,,1.91,,4826196,0,1
random_instance029_graph005,377,1131,random_instance029_graph005_01,116,,,,121,222,,1796.66,1796.36,,1800.41,1800.43,,137072512,136271240,,,,,,,0,0,0,,,,,2.24,,1.88,,4830004,0,1
random_instance030_graph001,390,1170,random_instance030_graph001_01,126,,,,127,238,,0.04,0.03,,0.2,0.21,,31988,31988,,,,,,,0,-1,-1,,No such vertex,No such vertex,,2.27,,1.9,,4830272,0,1
random_instance030_graph002,390,1170,random_instance030_graph002_01,128,,,,116,233,,0.03,0.03,,0.19,0.19,,31988,31988,,,,,,,0,-1,-1,,No such vertex,No such vertex,,2.25,,1.9,,4838368,0,1
random_instance030_graph003,390,1170,random_instance030_graph003_01,132,,,,124,230,,0.03,0.03,,0.2,0.2,,31988,31988,,,,,,,0,-1,-1,,No such vertex,No such vertex,,2.25,,1.89,,4854764,0,1
random_instance030_graph004,390,1170,random_instance030_graph004_01,124,,,,123,230,,1796.58,1796.36,,1800.4,1800.42,,134605084,134357528,,,,,,,0,0,0,,,,,2.26,,1.9,,4835516,0,1
random_instance030_graph005,390,1170,random_instance030_graph005_01,127,,,,129,230,,0.03,0.03,,0.2,0.2,,31988,31992,,,,,,,0,-1,-1,,No such vertex,No such vertex,,2.28,,1.92,,4835756,0,1
random_instance031_graph001,403,1209,random_instance031_graph001_01,129,,,,129,236,,0.03,0.03,,0.2,0.2,,31988,31988,,,,,,,0,-1,-1,,No such vertex,No such vertex,,2.28,,1.9,,4835232,0,1
random_instance031_graph002,403,1209,random_instance031_graph002_01,127,,,,129,236,,0.04,0.03,,0.19,0.19,,31988,31988,,,,,,,0,-1,-1,,No such vertex,No such vertex,,2.29,,1.92,,4839400,0,1
random_instance031_graph003,403,1209,random_instance031_graph003_01,134,,,,128,231,,1796.74,1796.24,,1800.41,1800.25,,137238792,73522780,,,,,,,0,0,0,,,,,2.25,,1.91,,4832388,0,1
random_instance031_graph004,403,1209,random_instance031_graph004_01,134,,,,132,234,,1796.61,1796.34,,1800.4,1800.44,,134746812,137888096,,,,,,,0,0,0,,,,,2.29,,1.92,,4835100,0,1
random_instance031_graph005,403,1209,random_instance031_graph005_01,129,,,,122,234,,1796.8301,1796.26,,1800.4,1800.43,,133909000,136283972,,,,,,,0,0,0,,,,,2.25,,1.9,,4837816,0,1
random_instance032_graph001,416,1248,random_instance032_graph001_01,131,,,,131,249,,1796.71,1796.28,,1800.4,1800.44,,132173136,135533488,,,,,,,0,0,0,,,,,2.29,,1.92,,4835460,0,1
random_instance032_graph002,416,1248,random_instance032_graph002_01,130,,,,133,240,,0.03,0.03,,0.21,0.21,,31988,31988,,,,,,,0,-1,-1,,No such vertex,No such vertex,,2.25,,1.9,,4834344,0,1
random_instance032_graph003,416,1248,random_instance032_graph003_01,129,,,,136,238,,0.03,0.04,,0.19,0.21,,31992,31988,,,,,,,0,-1,-1,,No such vertex,No such vertex,,2.27,,1.91,,4836396,0,1
random_instance032_graph004,416,1248,random_instance032_graph004_01,130,,,,129,248,,0.03,0.03,,0.2,0.19,,31988,31988,,,,,,,0,-1,-1,,No such vertex,No such vertex,,2.28,,1.91,,4837280,0,1
random_instance032_graph005,416,1248,random_instance032_graph005_01,133,,,,130,247,,0.03,0.03,,0.2,0.2,,31988,31992,,,,,,,0,-1,-1,,No such vertex,No such vertex,,2.28,,1.93,,4835168,0,1
random_instance033_graph001,429,1287,random_instance033_graph001_01,139,,,,136,264,,0.03,0.03,,0.2,0.19,,31988,31988,,,,,,,0,-1,-1,,No such vertex,No such vertex,,2.27,,1.91,,4840508,0,1
random_instance033_graph002,429,1287,random_instance033_graph002_01,135,,,,133,255,,0.03,0.03,,0.2,0.2,,31992,31988,,,,,,,0,-1,-1,,No such vertex,No such vertex,,2.27,,1.9,,4840664,0,1
random_instance033_graph003,429,1287,random_instance033_graph003_01,128,,,,132,249,,0.03,0.03,,0.2,0.2,,31988,31988,,,,,,,0,-1,-1,,No such vertex,No such vertex,,2.29,,1.92,,4843672,0,1
random_instance033_graph004,429,1287,random_instance033_graph004_01,145,,,,135,266,,0.03,0.04,,0.19,0.2,,31988,31992,,,,,,,0,-1,-1,,No such vertex,No such vertex,,2.27,,1.91,,4853492,0,1
random_instance033_graph005,429,1287,random_instance033_graph005_01,142,,,,134,249,,0.04,0.03,,0.2,0.2,,31992,31984,,,,,,,0,-1,-1,,No such vertex,No such vertex,,2.29,,1.94,,4836208,0,1
random_instance034_graph001,442,1326,random_instance034_graph001_01,138,,,,143,260,,1796.42,1796.2999,,1800.42,1800.42,,140445516,132832236,,,,,,,0,0,0,,,,,2.29,,1.92,,4838388,0,1
random_instance034_graph002,442,1326,random_instance034_graph002_01,139,,,,134,265,,1796.36,1796.3,,1800.41,1800.44,,135777288,136519832,,,,,,,0,0,0,,,,,2.29,,1.93,,4836936,0,1
random_instance034_graph003,442,1326,random_instance034_graph003_01,142,,,,143,264,,1796.48,1796.47,,1800.41,1800.43,,135673060,133417772,,,,,,,0,0,0,,,,,2.3,,1.92,,4837276,0,1
random_instance034_graph004,442,1326,random_instance034_graph004_01,148,,,,140,254,,1796.3201,1796.35,,1800.44,1800.43,,143973012,134859172,,,,,,,0,0,0,,,,,2.29,,1.92,,4842372,0,1
random_instance034_graph005,442,1326,random_instance034_graph005_01,139,,,,140,255,,1796.48,1796.2799,,1800.42,1800.44,,140390676,136004824,,,,,,,0,0,0,,,,,2.29,,1.93,,4837144,0,1
random_instance035_graph001,455,1365,random_instance035_graph001_01,146,,,,138,266,,0.060000002,0.060000002,,0.31,0.22,,31988,31744,,,,,,,0,-1,-1,,No such vertex,No such vertex,,2.27,,1.91,,4842016,0,1
random_instance035_graph002,455,1365,random_instance035_graph002_01,147,,,,147,271,,0.04,0.04,,0.21,0.2,,31988,31988,,,,,,,0,-1,-1,,No such vertex,No such vertex,,2.28,,1.92,,4839368,0,1
random_instance035_graph003,455,1365,random_instance035_graph003_01,139,,,,144,271,,1796.4601,1796.3099,,1800.41,1800.44,,136580468,135775276,,,,,,,0,0,0,,,,,2.32,,1.94,,4844284,0,1
random_instance035_graph004,455,1365,random_instance035_graph004_01,142,,,,145,252,,1796.4299,1796.28,,1800.41,1800.44,,137287704,137311064,,,,,,,0,0,0,,,,,2.31,,1.95,,4841000,0,1
random_instance035_graph005,455,1365,random_instance035_graph005_01,146,,,,148,261,,1796.41,1796.38,,1800.43,1800.44,,139372152,136272656,,,,,,,0,0,0,,,,,2.31,,1.94,,4843700,0,1
random_instance036_graph001,468,1404,random_instance036_graph001_01,156,,,,146,272,,0.03,0.03,,0.2,0.2,,31988,31988,,,,,,,0,-1,-1,,No such vertex,No such vertex,,2.29,,1.94,,4847416,0,1
random_instance036_graph002,468,1404,random_instance036_graph002_01,153,,,,141,271,,0.07,0.06,,0.24,0.22,,31984,31744,,,,,,,0,-1,-1,,No such vertex,No such vertex,,2.28,,1.93,,4841524,0,1
random_instance036_graph003,468,1404,random_instance036_graph003_01,157,,,,142,268,,0.04,0.04,,0.2,0.2,,31988,31988,,,,,,,0,-1,-1,,No such vertex,No such vertex,,2.28,,1.93,,4844140,0,1
random_instance036_graph004,468,1404,random_instance036_graph004_01,152,,,,148,284,,1796.3301,1796.31,,1800.43,1800.46,,144177568,139316132,,,,,,,0,0,0,,,,,2.31,,1.95,,4846840,0,1
random_instance036_graph005,468,1404,random_instance036_graph005_01,148,,,,149,278,,1796.54,1796.49,,1800.41,1800.43,,136300616,133246620,,,,,,,0,0,0,,,,,2.29,,1.93,,4858716,0,1
random_instance037_graph001,481,1443,random_instance037_graph001_01,156,,,,152,276,,0.04,0.03,,0.2,0.2,,31984,31988,,,,,,,0,-1,-1,,No such vertex,No such vertex,,2.32,,1.96,,4849828,0,1
random_instance037_graph002,481,1443,random_instance037_graph002_01,150,,,,150,279,,1796.64,1796.4,,1800.41,1800.44,,137075128,136677480,,,,,,,0,0,0,,,,,2.29,,1.93,,4847788,0,1
random_instance037_graph003,481,1443,random_instance037_graph003_01,160,,,,144,281,,1796.67,1796.33,,1800.4,1800.45,,135979012,136937472,,,,,,,0,0,0,,,,,2.3,,1.94,,4849656,0,1
random_instance037_graph004,481,1443,random_instance037_graph004_01,155,,,,153,285,,1796.5,1796.41,,1800.41,1800.44,,136218344,135833112,,,,,,,0,0,0,,,,,2.29,,1.93,,4844764,0,1
random_instance037_graph005,481,1443,random_instance037_graph005_01,154,,,,147,281,,1796.65,1796.23,,1800.42,1800.45,,140085640,137304512,,,,,,,0,0,0,,,,,2.31,,1.94,,4860912,0,1
random_instance038_graph001,494,1482,random_instance038_graph001_01,155,,,,151,302,,1796.5801,1796.3301,,1800.42,1800.46,,139416560,138824400,,,,,,,0,0,0,,,,,2.29,,1.93,,4852708,0,1
random_instance038_graph002,494,1482,random_instance038_graph002_01,161,,,,153,288,,0.04,0.03,,0.21,0.21,,31988,31992,,,,,,,0,-1,-1,,No such vertex,No such vertex,,2.29,,1.93,,4849776,0,1
random_instance038_graph003,494,1482,random_instance038_graph003_01,163,,,,161,291,,1796.63,1796.2899,,1800.42,1800.44,,138183544,136422224,,,,,,,0,0,0,,,,,2.31,,1.95,,4851924,0,1
random_instance038_graph004,494,1482,random_instance038_graph004_01,162,,,,150,293,,1796.64,1796.35,,1800.4,1800.44,,129494620,136967368,,,,,,,0,0,0,,,,,2.29,,1.93,,4851596,0,1
random_instance038_graph005,494,1482,random_instance038_graph005_01,156,,,,155,304,,1796.5801,1796.1901,,1800.42,1800.43,,138829664,135721236,,,,,,,0,0,0,,,,,2.32,,1.95,,4850908,0,1
random_instance039_graph001,507,1521,random_instance039_graph001_01,161,,,,167,303,,1796.52,1796.31,,1800.43,1800.45,,137724384,136499496,,,,,,,0,0,0,,,,,2.29,,1.93,,4854048,0,1
random_instance039_graph002,507,1521,random_instance039_graph002_01,170,,,,162,292,,0.03,0.03,,0.2,0.21,,31988,31992,,,,,,,0,-1,-1,,No such vertex,No such vertex,,2.31,,1.95,,4856796,0,1
random_instance039_graph003,507,1521,random_instance039_graph003_01,156,,,,166,300,,0.04,0.04,,0.19,0.2,,31988,31988,,,,,,,0,-1,-1,,No such vertex,No such vertex,,2.3,,1.93,,4857148,0,1
random_instance039_graph004,507,1521,random_instance039_graph004_01,161,,,,156,290,,0.03,0.03,,0.2,0.2,,31988,31988,,,,,,,0,-1,-1,,No such vertex,No such vertex,,2.29,,1.93,,4851548,0,1
random_instance039_graph005,507,1521,random_instance039_graph005_01,165,,,,158,298,,0.04,0.04,,0.19,0.2,,31988,31988,,,,,,,0,-1,-1,,No such vertex,No such vertex,,2.3,,1.94,,4851764,0,1
random_instance040_graph001,520,1560,random_instance040_graph001_01,164,,,,159,296,,0.03,0.03,,0.2,0.19,,31988,31988,,,,,,,0,-1,-1,,No such vertex,No such vertex,,2.29,,1.93,,4855936,0,1
random_instance040_graph002,520,1560,random_instance040_graph002_01,166,,,,159,305,,0.04,0.03,,0.2,0.2,,31988,31984,,,,,,,0,-1,-1,,No such vertex,No such vertex,,2.29,,1.94,,4853756,0,1
random_instance040_graph003,520,1560,random_instance040_graph003_01,160,,,,163,302,,0.03,0.04,,0.2,0.2,,31988,31988,,,,,,,0,-1,-1,,No such vertex,No such vertex,,2.31,,1.95,,4856816,0,1
random_instance040_graph004,520,1560,random_instance040_graph004_01,177,,,,163,307,,0.03,0.03,,0.19,0.2,,31988,31988,,,,,,,0,-1,-1,,No such vertex,No such vertex,,2.32,,1.96,,4855584,0,1
random_instance040_graph005,520,1560,random_instance040_graph005_01,164,,,,168,300,,0.04,0.04,,0.2,0.2,,31988,31988,,,,,,,0,-1,-1,,No such vertex,No such vertex,,2.3,,1.95,,4856216,0,1
