Input graph file parsed. # of vertices = 164, # of edges = 243
s 2 4 6 9 11 14 16 19 21 24 26 29 31 34 36 39 41 44 46 49 51 54 56 59 61 64 66 69 71 74 76 79 81 84 86 89 91 94 96 99 101 104 106 109 111 114 116 119 121 124 126 129 131 134 136 139 141 144 146 149 151 154 156 159 161 164
Solution space ZDD construction start
Solution space ZDD construction end
Solution space ZDD construction time = 0.027816
Solution space ZDD size = 446
# of elements in the solution space = 6568712719286321404374469598152
Start searching the longest reconfiguration sequence
Step 1 time = 0.000501, # ZDD nodes = 146, # elems = 17
Step 2 time = 0.000494, # ZDD nodes = 219, # elems = 136
Step 3 time = 0.000306, # ZDD nodes = 286, # elems = 681
Step 4 time = 0.000673, # ZDD nodes = 347, # elems = 2396
Step 5 time = 0.000392, # ZDD nodes = 403, # elems = 6308
Step 6 time = 0.000417, # ZDD nodes = 454, # elems = 12937
Step 7 time = 0.000471, # ZDD nodes = 500, # elems = 21283
Step 8 time = 0.000339, # ZDD nodes = 539, # elems = 28784
Step 9 time = 0.000370, # ZDD nodes = 572, # elems = 32788
Step 10 time = 0.000400, # ZDD nodes = 602, # elems = 32360
Step 11 time = 0.000384, # ZDD nodes = 628, # elems = 28735
Step 12 time = 0.000537, # ZDD nodes = 655, # elems = 24225
Step 13 time = 0.000400, # ZDD nodes = 678, # elems = 20873
Step 14 time = 0.000482, # ZDD nodes = 693, # elems = 19913
Step 15 time = 0.000457, # ZDD nodes = 701, # elems = 21889
Step 16 time = 0.000385, # ZDD nodes = 698, # elems = 26696
Step 17 time = 0.000411, # ZDD nodes = 689, # elems = 33285
Step 18 time = 0.000374, # ZDD nodes = 683, # elems = 39537
Step 19 time = 0.000378, # ZDD nodes = 684, # elems = 42891
Step 20 time = 0.000412, # ZDD nodes = 688, # elems = 41618
Step 21 time = 0.000379, # ZDD nodes = 694, # elems = 35926
Step 22 time = 0.000433, # ZDD nodes = 704, # elems = 28051
Step 23 time = 0.000436, # ZDD nodes = 715, # elems = 21202
Step 24 time = 0.000470, # ZDD nodes = 726, # elems = 18111
Step 25 time = 0.000505, # ZDD nodes = 730, # elems = 20139
Step 26 time = 0.000474, # ZDD nodes = 731, # elems = 27185
Step 27 time = 0.000463, # ZDD nodes = 730, # elems = 37919
Step 28 time = 0.000436, # ZDD nodes = 730, # elems = 49995
Step 29 time = 0.000525, # ZDD nodes = 732, # elems = 60483
Step 30 time = 0.000551, # ZDD nodes = 741, # elems = 66776
Step 31 time = 0.000481, # ZDD nodes = 752, # elems = 67672
Step 32 time = 0.000441, # ZDD nodes = 764, # elems = 63982
Step 33 time = 0.000446, # ZDD nodes = 772, # elems = 58169
Step 34 time = 0.000456, # ZDD nodes = 785, # elems = 53037
Step 35 time = 0.000435, # ZDD nodes = 787, # elems = 50192
Step 36 time = 0.000479, # ZDD nodes = 790, # elems = 49338
Step 37 time = 0.000536, # ZDD nodes = 798, # elems = 48925
Step 38 time = 0.000477, # ZDD nodes = 798, # elems = 47654
Step 39 time = 0.000488, # ZDD nodes = 798, # elems = 45756
Step 40 time = 0.000591, # ZDD nodes = 801, # elems = 45156
Step 41 time = 0.000634, # ZDD nodes = 808, # elems = 48394
Step 42 time = 0.000578, # ZDD nodes = 817, # elems = 56995
Step 43 time = 0.000661, # ZDD nodes = 830, # elems = 70310
Step 44 time = 0.000531, # ZDD nodes = 842, # elems = 85515
Step 45 time = 0.000651, # ZDD nodes = 850, # elems = 98742
Step 46 time = 0.000630, # ZDD nodes = 854, # elems = 106715
Step 47 time = 0.000572, # ZDD nodes = 860, # elems = 108117
Step 48 time = 0.000635, # ZDD nodes = 877, # elems = 104103
Step 49 time = 0.000581, # ZDD nodes = 887, # elems = 97682
Step 50 time = 0.000488, # ZDD nodes = 898, # elems = 92236
Step 51 time = 0.000518, # ZDD nodes = 905, # elems = 90017
Step 52 time = 0.000539, # ZDD nodes = 901, # elems = 91378
Step 53 time = 0.000449, # ZDD nodes = 900, # elems = 94867
Step 54 time = 0.000555, # ZDD nodes = 901, # elems = 97983
Step 55 time = 0.000600, # ZDD nodes = 904, # elems = 98380
Step 56 time = 0.000673, # ZDD nodes = 913, # elems = 95114
Step 57 time = 0.000804, # ZDD nodes = 929, # elems = 89379
Step 58 time = 0.000698, # ZDD nodes = 947, # elems = 84384
Step 59 time = 0.000755, # ZDD nodes = 963, # elems = 84311
Step 60 time = 0.000750, # ZDD nodes = 975, # elems = 92576
Step 61 time = 0.000810, # ZDD nodes = 985, # elems = 110046
Step 62 time = 0.000611, # ZDD nodes = 989, # elems = 134121
Step 63 time = 0.000626, # ZDD nodes = 995, # elems = 159293
Step 64 time = 0.000646, # ZDD nodes = 1013, # elems = 179117
Step 65 time = 0.000680, # ZDD nodes = 1031, # elems = 188808
Step 66 time = 0.000635, # ZDD nodes = 1051, # elems = 187238
Step 67 time = 0.000719, # ZDD nodes = 1064, # elems = 177324
Step 68 time = 0.000688, # ZDD nodes = 1074, # elems = 164610
Step 69 time = 0.000564, # ZDD nodes = 1083, # elems = 154737
Step 70 time = 0.000641, # ZDD nodes = 1081, # elems = 151061
Step 71 time = 0.000723, # ZDD nodes = 1083, # elems = 153613
Step 72 time = 0.000725, # ZDD nodes = 1081, # elems = 159792
Step 73 time = 0.000656, # ZDD nodes = 1078, # elems = 166218
Step 74 time = 0.000675, # ZDD nodes = 1077, # elems = 170688
Step 75 time = 0.000686, # ZDD nodes = 1074, # elems = 173160
Step 76 time = 0.000654, # ZDD nodes = 1079, # elems = 175173
Step 77 time = 0.000671, # ZDD nodes = 1081, # elems = 178223
Step 78 time = 0.000776, # ZDD nodes = 1088, # elems = 182478
Step 79 time = 0.000674, # ZDD nodes = 1103, # elems = 186792
Step 80 time = 0.000622, # ZDD nodes = 1125, # elems = 189842
Step 81 time = 0.000728, # ZDD nodes = 1147, # elems = 191544
Step 82 time = 0.000694, # ZDD nodes = 1168, # elems = 193821
Step 83 time = 0.000836, # ZDD nodes = 1186, # elems = 200111
Step 84 time = 0.000775, # ZDD nodes = 1203, # elems = 213778
Step 85 time = 0.000788, # ZDD nodes = 1223, # elems = 236259
Step 86 time = 0.000714, # ZDD nodes = 1248, # elems = 265753
Step 87 time = 0.000873, # ZDD nodes = 1272, # elems = 297011
Step 88 time = 0.000726, # ZDD nodes = 1296, # elems = 322691
Step 89 time = 0.001093, # ZDD nodes = 1314, # elems = 336190
Step 90 time = 0.000776, # ZDD nodes = 1332, # elems = 334771
Step 91 time = 0.000928, # ZDD nodes = 1354, # elems = 321223
Step 92 time = 0.000992, # ZDD nodes = 1365, # elems = 302905
Step 93 time = 0.000862, # ZDD nodes = 1371, # elems = 288442
Step 94 time = 0.000959, # ZDD nodes = 1376, # elems = 283753
Step 95 time = 0.000860, # ZDD nodes = 1381, # elems = 289596
Step 96 time = 0.000911, # ZDD nodes = 1376, # elems = 301901
Step 97 time = 0.000816, # ZDD nodes = 1365, # elems = 314475
Step 98 time = 0.000940, # ZDD nodes = 1359, # elems = 322426
Step 99 time = 0.000906, # ZDD nodes = 1353, # elems = 324450
Step 100 time = 0.000731, # ZDD nodes = 1341, # elems = 322930
Step 101 time = 0.000810, # ZDD nodes = 1330, # elems = 322183
Step 102 time = 0.000783, # ZDD nodes = 1328, # elems = 326116
Step 103 time = 0.000755, # ZDD nodes = 1330, # elems = 336375
Step 104 time = 0.000814, # ZDD nodes = 1335, # elems = 351518
Step 105 time = 0.000746, # ZDD nodes = 1343, # elems = 367512
Step 106 time = 0.000778, # ZDD nodes = 1353, # elems = 379538
Step 107 time = 0.000798, # ZDD nodes = 1370, # elems = 384473
Step 108 time = 0.000870, # ZDD nodes = 1393, # elems = 382996
Step 109 time = 0.001047, # ZDD nodes = 1425, # elems = 380195
Step 110 time = 0.000943, # ZDD nodes = 1468, # elems = 383903
Step 111 time = 0.000924, # ZDD nodes = 1513, # elems = 401161
Step 112 time = 0.001159, # ZDD nodes = 1559, # elems = 434612
Step 113 time = 0.001421, # ZDD nodes = 1608, # elems = 480775
Step 114 time = 0.001032, # ZDD nodes = 1650, # elems = 530965
Step 115 time = 0.000989, # ZDD nodes = 1680, # elems = 574467
Step 116 time = 0.001070, # ZDD nodes = 1703, # elems = 602800
Step 117 time = 0.000991, # ZDD nodes = 1721, # elems = 613158
Step 118 time = 0.000943, # ZDD nodes = 1729, # elems = 609147
Step 119 time = 0.000922, # ZDD nodes = 1735, # elems = 598423
Step 120 time = 0.001022, # ZDD nodes = 1741, # elems = 588659
Step 121 time = 0.000915, # ZDD nodes = 1745, # elems = 584060
Step 122 time = 0.000854, # ZDD nodes = 1742, # elems = 584231
Step 123 time = 0.000941, # ZDD nodes = 1735, # elems = 585813
Step 124 time = 0.001033, # ZDD nodes = 1727, # elems = 585547
Step 125 time = 0.001064, # ZDD nodes = 1716, # elems = 582692
Step 126 time = 0.000937, # ZDD nodes = 1707, # elems = 579575
Step 127 time = 0.000886, # ZDD nodes = 1701, # elems = 580350
Step 128 time = 0.000896, # ZDD nodes = 1698, # elems = 588782
Step 129 time = 0.001070, # ZDD nodes = 1701, # elems = 606175
Step 130 time = 0.000939, # ZDD nodes = 1705, # elems = 630514
Step 131 time = 0.001170, # ZDD nodes = 1710, # elems = 657276
Step 132 time = 0.001296, # ZDD nodes = 1721, # elems = 681498
Step 133 time = 0.001015, # ZDD nodes = 1737, # elems = 700081
Step 134 time = 0.001088, # ZDD nodes = 1754, # elems = 713081
Step 135 time = 0.000987, # ZDD nodes = 1775, # elems = 723107
Step 136 time = 0.001223, # ZDD nodes = 1797, # elems = 733117
Step 137 time = 0.001320, # ZDD nodes = 1829, # elems = 744145
Step 138 time = 0.001397, # ZDD nodes = 1864, # elems = 754674
Step 139 time = 0.001202, # ZDD nodes = 1899, # elems = 762348
Step 140 time = 0.001505, # ZDD nodes = 1930, # elems = 767133
Step 141 time = 0.001208, # ZDD nodes = 1958, # elems = 773677
Step 142 time = 0.001210, # ZDD nodes = 1985, # elems = 790647
Step 143 time = 0.001549, # ZDD nodes = 2005, # elems = 826794
Step 144 time = 0.001535, # ZDD nodes = 2025, # elems = 885846
Step 145 time = 0.001321, # ZDD nodes = 2043, # elems = 963035
Step 146 time = 0.001189, # ZDD nodes = 2062, # elems = 1045200
Step 147 time = 0.001277, # ZDD nodes = 2085, # elems = 1114953
Step 148 time = 0.001503, # ZDD nodes = 2107, # elems = 1157492
Step 149 time = 0.001379, # ZDD nodes = 2126, # elems = 1166919
Step 150 time = 0.001172, # ZDD nodes = 2147, # elems = 1148878
Step 151 time = 0.001244, # ZDD nodes = 2165, # elems = 1118150
Step 152 time = 0.001467, # ZDD nodes = 2176, # elems = 1092201
Step 153 time = 0.001159, # ZDD nodes = 2184, # elems = 1083626
Step 154 time = 0.001213, # ZDD nodes = 2190, # elems = 1095258
Step 155 time = 0.001158, # ZDD nodes = 2193, # elems = 1120388
Step 156 time = 0.001236, # ZDD nodes = 2192, # elems = 1147519
Step 157 time = 0.001291, # ZDD nodes = 2191, # elems = 1166733
Step 158 time = 0.001232, # ZDD nodes = 2192, # elems = 1174496
Step 159 time = 0.001275, # ZDD nodes = 2194, # elems = 1174832
Step 160 time = 0.001508, # ZDD nodes = 2199, # elems = 1176535
Step 161 time = 0.001166, # ZDD nodes = 2209, # elems = 1188175
Step 162 time = 0.001175, # ZDD nodes = 2225, # elems = 1213799
Step 163 time = 0.001235, # ZDD nodes = 2244, # elems = 1251361
Step 164 time = 0.001275, # ZDD nodes = 2268, # elems = 1294135
Step 165 time = 0.001285, # ZDD nodes = 2289, # elems = 1334169
Step 166 time = 0.001344, # ZDD nodes = 2306, # elems = 1366146
Step 167 time = 0.001165, # ZDD nodes = 2320, # elems = 1389691
Step 168 time = 0.001473, # ZDD nodes = 2331, # elems = 1408876
Step 169 time = 0.001547, # ZDD nodes = 2348, # elems = 1429243
Step 170 time = 0.001526, # ZDD nodes = 2364, # elems = 1453991
Step 171 time = 0.001660, # ZDD nodes = 2383, # elems = 1481532
Step 172 time = 0.001498, # ZDD nodes = 2400, # elems = 1506172
Step 173 time = 0.001552, # ZDD nodes = 2422, # elems = 1521934
Step 174 time = 0.001597, # ZDD nodes = 2445, # elems = 1527416
Step 175 time = 0.001780, # ZDD nodes = 2468, # elems = 1528783
Step 176 time = 0.001661, # ZDD nodes = 2496, # elems = 1538947
Step 177 time = 0.001809, # ZDD nodes = 2525, # elems = 1572806
Step 178 time = 0.001562, # ZDD nodes = 2564, # elems = 1640382
Step 179 time = 0.001556, # ZDD nodes = 2604, # elems = 1741114
Step 180 time = 0.001558, # ZDD nodes = 2650, # elems = 1862335
Step 181 time = 0.001579, # ZDD nodes = 2693, # elems = 1982967
Step 182 time = 0.001614, # ZDD nodes = 2725, # elems = 2081046
Step 183 time = 0.001657, # ZDD nodes = 2754, # elems = 2142015
Step 184 time = 0.001643, # ZDD nodes = 2785, # elems = 2164152
Step 185 time = 0.001668, # ZDD nodes = 2814, # elems = 2158488
Step 186 time = 0.002179, # ZDD nodes = 2830, # elems = 2143198
Step 187 time = 0.001677, # ZDD nodes = 2844, # elems = 2135269
Step 188 time = 0.001716, # ZDD nodes = 2852, # elems = 2143500
Step 189 time = 0.002016, # ZDD nodes = 2852, # elems = 2166184
Step 190 time = 0.002094, # ZDD nodes = 2840, # elems = 2194495
Step 191 time = 0.001767, # ZDD nodes = 2829, # elems = 2219315
Step 192 time = 0.002122, # ZDD nodes = 2820, # elems = 2237086
Step 193 time = 0.001717, # ZDD nodes = 2815, # elems = 2251344
Step 194 time = 0.001945, # ZDD nodes = 2806, # elems = 2269817
Step 195 time = 0.001775, # ZDD nodes = 2798, # elems = 2299423
Step 196 time = 0.002081, # ZDD nodes = 2797, # elems = 2342154
Step 197 time = 0.001849, # ZDD nodes = 2794, # elems = 2394140
Step 198 time = 0.001708, # ZDD nodes = 2792, # elems = 2448217
Step 199 time = 0.001610, # ZDD nodes = 2794, # elems = 2498006
Step 200 time = 0.002093, # ZDD nodes = 2802, # elems = 2540896
Step 201 time = 0.002155, # ZDD nodes = 2812, # elems = 2578645
Step 202 time = 0.001789, # ZDD nodes = 2828, # elems = 2615747
Step 203 time = 0.001872, # ZDD nodes = 2848, # elems = 2656494
Step 204 time = 0.001663, # ZDD nodes = 2871, # elems = 2702295
Step 205 time = 0.001848, # ZDD nodes = 2896, # elems = 2750879
Step 206 time = 0.002195, # ZDD nodes = 2923, # elems = 2797869
Step 207 time = 0.001720, # ZDD nodes = 2952, # elems = 2839770
Step 208 time = 0.001897, # ZDD nodes = 2984, # elems = 2876740
Step 209 time = 0.002277, # ZDD nodes = 3021, # elems = 2913443
Step 210 time = 0.002289, # ZDD nodes = 3057, # elems = 2956872
Step 211 time = 0.002465, # ZDD nodes = 3104, # elems = 3011891
Step 212 time = 0.001880, # ZDD nodes = 3165, # elems = 3077370
Step 213 time = 0.001933, # ZDD nodes = 3228, # elems = 3145925
Step 214 time = 0.001996, # ZDD nodes = 3295, # elems = 3208097
Step 215 time = 0.002006, # ZDD nodes = 3355, # elems = 3259066
Step 216 time = 0.002032, # ZDD nodes = 3411, # elems = 3304068
Step 217 time = 0.002043, # ZDD nodes = 3455, # elems = 3358474
Step 218 time = 0.002098, # ZDD nodes = 3495, # elems = 3441049
Step 219 time = 0.002074, # ZDD nodes = 3537, # elems = 3563338
Step 220 time = 0.002074, # ZDD nodes = 3570, # elems = 3721086
Step 221 time = 0.002434, # ZDD nodes = 3596, # elems = 3892890
Step 222 time = 0.002074, # ZDD nodes = 3616, # elems = 4047664
Step 223 time = 0.002489, # ZDD nodes = 3632, # elems = 4157840
Step 224 time = 0.002469, # ZDD nodes = 3634, # elems = 4211714
Step 225 time = 0.002310, # ZDD nodes = 3628, # elems = 4218411
Step 226 time = 0.002129, # ZDD nodes = 3619, # elems = 4202966
Step 227 time = 0.002424, # ZDD nodes = 3609, # elems = 4194291
Step 228 time = 0.002526, # ZDD nodes = 3590, # elems = 4212251
Step 229 time = 0.002302, # ZDD nodes = 3574, # elems = 4260297
Step 230 time = 0.002262, # ZDD nodes = 3568, # elems = 4326964
Step 231 time = 0.002047, # ZDD nodes = 3563, # elems = 4394539
Step 232 time = 0.002086, # ZDD nodes = 3562, # elems = 4449589
Step 233 time = 0.002068, # ZDD nodes = 3564, # elems = 4489976
Step 234 time = 0.002047, # ZDD nodes = 3566, # elems = 4525464
Step 235 time = 0.002563, # ZDD nodes = 3568, # elems = 4572033
Step 236 time = 0.002120, # ZDD nodes = 3570, # elems = 4642780
Step 237 time = 0.002400, # ZDD nodes = 3573, # elems = 4740103
Step 238 time = 0.002807, # ZDD nodes = 3584, # elems = 4853397
Step 239 time = 0.002056, # ZDD nodes = 3603, # elems = 4963663
Step 240 time = 0.002775, # ZDD nodes = 3626, # elems = 5052917
Step 241 time = 0.002475, # ZDD nodes = 3650, # elems = 5113676
Step 242 time = 0.002146, # ZDD nodes = 3674, # elems = 5153193
Step 243 time = 0.002147, # ZDD nodes = 3702, # elems = 5189619
Step 244 time = 0.002204, # ZDD nodes = 3725, # elems = 5242189
Step 245 time = 0.002212, # ZDD nodes = 3747, # elems = 5321298
Step 246 time = 0.002231, # ZDD nodes = 3776, # elems = 5424021
Step 247 time = 0.002249, # ZDD nodes = 3805, # elems = 5537114
Step 248 time = 0.002248, # ZDD nodes = 3824, # elems = 5645430
Step 249 time = 0.002221, # ZDD nodes = 3841, # elems = 5740752
Step 250 time = 0.002220, # ZDD nodes = 3858, # elems = 5825811
Step 251 time = 0.003297, # ZDD nodes = 3880, # elems = 5911420
Step 252 time = 0.002264, # ZDD nodes = 3904, # elems = 6008907
Step 253 time = 0.002299, # ZDD nodes = 3935, # elems = 6122186
Step 254 time = 0.002266, # ZDD nodes = 3975, # elems = 6243642
Step 255 time = 0.002316, # ZDD nodes = 4023, # elems = 6356648
Step 256 time = 0.002851, # ZDD nodes = 4072, # elems = 6444586
Step 257 time = 0.002405, # ZDD nodes = 4124, # elems = 6502128
Step 258 time = 0.002403, # ZDD nodes = 4183, # elems = 6542303
Step 259 time = 0.002640, # ZDD nodes = 4233, # elems = 6594627
Step 260 time = 0.002979, # ZDD nodes = 4284, # elems = 6694004
Step 261 time = 0.002477, # ZDD nodes = 4332, # elems = 6864856
Step 262 time = 0.002773, # ZDD nodes = 4364, # elems = 7108062
Step 263 time = 0.002751, # ZDD nodes = 4393, # elems = 7397675
Step 264 time = 0.002745, # ZDD nodes = 4417, # elems = 7689540
Step 265 time = 0.002618, # ZDD nodes = 4437, # elems = 7937878
Step 266 time = 0.002657, # ZDD nodes = 4453, # elems = 8112433
Step 267 time = 0.002719, # ZDD nodes = 4467, # elems = 8208912
Step 268 time = 0.003038, # ZDD nodes = 4488, # elems = 8248362
Step 269 time = 0.002539, # ZDD nodes = 4516, # elems = 8266058
Step 270 time = 0.002730, # ZDD nodes = 4541, # elems = 8295565
Step 271 time = 0.003266, # ZDD nodes = 4564, # elems = 8355775
Step 272 time = 0.003201, # ZDD nodes = 4586, # elems = 8446606
Step 273 time = 0.002938, # ZDD nodes = 4607, # elems = 8554379
Step 274 time = 0.003352, # ZDD nodes = 4628, # elems = 8663059
Step 275 time = 0.002742, # ZDD nodes = 4651, # elems = 8764593
Step 276 time = 0.003013, # ZDD nodes = 4676, # elems = 8862494
Step 277 time = 0.002675, # ZDD nodes = 4704, # elems = 8967542
Step 278 time = 0.003136, # ZDD nodes = 4728, # elems = 9089465
Step 279 time = 0.003260, # ZDD nodes = 4746, # elems = 9230183
Step 280 time = 0.002815, # ZDD nodes = 4756, # elems = 9382514
Step 281 time = 0.002739, # ZDD nodes = 4760, # elems = 9534808
Step 282 time = 0.002691, # ZDD nodes = 4762, # elems = 9678308
Step 283 time = 0.002773, # ZDD nodes = 4763, # elems = 9812285
Step 284 time = 0.003032, # ZDD nodes = 4761, # elems = 9943743
Step 285 time = 0.002948, # ZDD nodes = 4757, # elems = 10082204
Step 286 time = 0.003361, # ZDD nodes = 4761, # elems = 10232866
Step 287 time = 0.002963, # ZDD nodes = 4769, # elems = 10392247
Step 288 time = 0.003150, # ZDD nodes = 4781, # elems = 10549302
Step 289 time = 0.003067, # ZDD nodes = 4800, # elems = 10691876
Step 290 time = 0.002784, # ZDD nodes = 4818, # elems = 10814817
Step 291 time = 0.002884, # ZDD nodes = 4835, # elems = 10924891
Step 292 time = 0.002937, # ZDD nodes = 4852, # elems = 11039462
Step 293 time = 0.002870, # ZDD nodes = 4875, # elems = 11179086
Step 294 time = 0.002945, # ZDD nodes = 4899, # elems = 11357357
Step 295 time = 0.002953, # ZDD nodes = 4925, # elems = 11573375
Step 296 time = 0.004183, # ZDD nodes = 4952, # elems = 11811276
Step 297 time = 0.002875, # ZDD nodes = 4980, # elems = 12047248
Step 298 time = 0.002941, # ZDD nodes = 5008, # elems = 12260274
Step 299 time = 0.002954, # ZDD nodes = 5041, # elems = 12441198
Step 300 time = 0.003048, # ZDD nodes = 5077, # elems = 12595652
Step 301 time = 0.003467, # ZDD nodes = 5124, # elems = 12739232
Step 302 time = 0.003139, # ZDD nodes = 5177, # elems = 12887625
Step 303 time = 0.004661, # ZDD nodes = 5231, # elems = 13047927
Step 304 time = 0.003341, # ZDD nodes = 5292, # elems = 13216936
Step 305 time = 0.003419, # ZDD nodes = 5347, # elems = 13387653
Step 306 time = 0.003294, # ZDD nodes = 5400, # elems = 13559932
Step 307 time = 0.004199, # ZDD nodes = 5453, # elems = 13748231
Step 308 time = 0.003484, # ZDD nodes = 5505, # elems = 13980080
Step 309 time = 0.005092, # ZDD nodes = 5558, # elems = 14283677
Step 310 time = 0.004133, # ZDD nodes = 5610, # elems = 14670109
Step 311 time = 0.003908, # ZDD nodes = 5658, # elems = 15120254
Step 312 time = 0.004304, # ZDD nodes = 5692, # elems = 15584912
Step 313 time = 0.003593, # ZDD nodes = 5719, # elems = 16000322
Step 314 time = 0.004575, # ZDD nodes = 5745, # elems = 16313405
Step 315 time = 0.004468, # ZDD nodes = 5763, # elems = 16505003
Step 316 time = 0.004872, # ZDD nodes = 5769, # elems = 16598738
Step 317 time = 0.003470, # ZDD nodes = 5773, # elems = 16650059
Step 318 time = 0.003783, # ZDD nodes = 5774, # elems = 16720864
Step 319 time = 0.003766, # ZDD nodes = 5773, # elems = 16852516
Step 320 time = 0.008544, # ZDD nodes = 5762, # elems = 17050335
Step 321 time = 0.004112, # ZDD nodes = 5747, # elems = 17286681
Step 322 time = 0.005858, # ZDD nodes = 5731, # elems = 17520237
Step 323 time = 0.004440, # ZDD nodes = 5714, # elems = 17720503
Step 324 time = 0.003811, # ZDD nodes = 5708, # elems = 17884254
Step 325 time = 0.005023, # ZDD nodes = 5711, # elems = 18036176
Step 326 time = 0.004155, # ZDD nodes = 5719, # elems = 18214727
Step 327 time = 0.003960, # ZDD nodes = 5732, # elems = 18451334
Step 328 time = 0.004527, # ZDD nodes = 5752, # elems = 18753814
Step 329 time = 0.003961, # ZDD nodes = 5769, # elems = 19102436
Step 330 time = 0.004392, # ZDD nodes = 5792, # elems = 19460107
Step 331 time = 0.003522, # ZDD nodes = 5816, # elems = 19790659
Step 332 time = 0.005114, # ZDD nodes = 5839, # elems = 20075570
Step 333 time = 0.004561, # ZDD nodes = 5862, # elems = 20320854
Step 334 time = 0.003787, # ZDD nodes = 5884, # elems = 20550894
Step 335 time = 0.004487, # ZDD nodes = 5910, # elems = 20792803
Step 336 time = 0.004412, # ZDD nodes = 5944, # elems = 21060443
Step 337 time = 0.003627, # ZDD nodes = 5983, # elems = 21347600
Step 338 time = 0.003807, # ZDD nodes = 6025, # elems = 21634153
Step 339 time = 0.004520, # ZDD nodes = 6068, # elems = 21901208
Step 340 time = 0.028829, # ZDD nodes = 6105, # elems = 22145900
Step 341 time = 0.004098, # ZDD nodes = 6142, # elems = 22386480
Step 342 time = 0.004001, # ZDD nodes = 6180, # elems = 22653730
Step 343 time = 0.003921, # ZDD nodes = 6223, # elems = 22973230
Step 344 time = 0.004288, # ZDD nodes = 6273, # elems = 23349077
Step 345 time = 0.004966, # ZDD nodes = 6327, # elems = 23758937
Step 346 time = 0.005411, # ZDD nodes = 6382, # elems = 24163738
Step 347 time = 0.003969, # ZDD nodes = 6437, # elems = 24527300
Step 348 time = 0.004399, # ZDD nodes = 6484, # elems = 24835567
Step 349 time = 0.004358, # ZDD nodes = 6532, # elems = 25104607
Step 350 time = 0.004261, # ZDD nodes = 6580, # elems = 25372397
Step 351 time = 0.003987, # ZDD nodes = 6626, # elems = 25678573
Step 352 time = 0.004641, # ZDD nodes = 6675, # elems = 26042858
Step 353 time = 0.005350, # ZDD nodes = 6731, # elems = 26453536
Step 354 time = 0.005556, # ZDD nodes = 6792, # elems = 26872743
Step 355 time = 0.004516, # ZDD nodes = 6843, # elems = 27257150
Step 356 time = 0.004392, # ZDD nodes = 6893, # elems = 27583965
Step 357 time = 0.004549, # ZDD nodes = 6941, # elems = 27868389
Step 358 time = 0.004962, # ZDD nodes = 6977, # elems = 28162614
Step 359 time = 0.005955, # ZDD nodes = 7012, # elems = 28535469
Step 360 time = 0.004547, # ZDD nodes = 7049, # elems = 29041160
Step 361 time = 0.005001, # ZDD nodes = 7083, # elems = 29691547
Step 362 time = 0.005111, # ZDD nodes = 7104, # elems = 30445891
Step 363 time = 0.005706, # ZDD nodes = 7123, # elems = 31223917
Step 364 time = 0.004863, # ZDD nodes = 7144, # elems = 31936442
Step 365 time = 0.004555, # ZDD nodes = 7163, # elems = 32519395
Step 366 time = 0.005093, # ZDD nodes = 7170, # elems = 32955658
Step 367 time = 0.005021, # ZDD nodes = 7175, # elems = 33274990
Step 368 time = 0.005147, # ZDD nodes = 7179, # elems = 33533379
Step 369 time = 0.004295, # ZDD nodes = 7180, # elems = 33784220
Step 370 time = 0.004895, # ZDD nodes = 7176, # elems = 34057383
Step 371 time = 0.005363, # ZDD nodes = 7168, # elems = 34355814
Step 372 time = 0.005243, # ZDD nodes = 7165, # elems = 34668058
Step 373 time = 0.005423, # ZDD nodes = 7163, # elems = 34986585
Step 374 time = 0.005223, # ZDD nodes = 7162, # elems = 35319873
Step 375 time = 0.004263, # ZDD nodes = 7161, # elems = 35690972
Step 376 time = 0.004407, # ZDD nodes = 7160, # elems = 36124197
Step 377 time = 0.004335, # ZDD nodes = 7161, # elems = 36629160
Step 378 time = 0.004292, # ZDD nodes = 7171, # elems = 37192346
Step 379 time = 0.004238, # ZDD nodes = 7189, # elems = 37781096
Step 380 time = 0.004364, # ZDD nodes = 7217, # elems = 38357787
Step 381 time = 0.004389, # ZDD nodes = 7247, # elems = 38896816
Step 382 time = 0.005044, # ZDD nodes = 7279, # elems = 39395290
Step 383 time = 0.005506, # ZDD nodes = 7320, # elems = 39871423
Step 384 time = 0.004491, # ZDD nodes = 7363, # elems = 40351759
Step 385 time = 0.004410, # ZDD nodes = 7407, # elems = 40854882
Step 386 time = 0.005354, # ZDD nodes = 7453, # elems = 41380942
Step 387 time = 0.004804, # ZDD nodes = 7495, # elems = 41912995
Step 388 time = 0.004609, # ZDD nodes = 7532, # elems = 42429797
Step 389 time = 0.004403, # ZDD nodes = 7564, # elems = 42922583
Step 390 time = 0.004731, # ZDD nodes = 7591, # elems = 43404780
Step 391 time = 0.006937, # ZDD nodes = 7615, # elems = 43907503
Step 392 time = 0.004926, # ZDD nodes = 7641, # elems = 44462846
Step 393 time = 0.004657, # ZDD nodes = 7667, # elems = 45084489
Step 394 time = 0.004496, # ZDD nodes = 7688, # elems = 45756760
Step 395 time = 0.005315, # ZDD nodes = 7703, # elems = 46439149
Step 396 time = 0.004427, # ZDD nodes = 7721, # elems = 47085076
Step 397 time = 0.004858, # ZDD nodes = 7745, # elems = 47665271
Step 398 time = 0.004746, # ZDD nodes = 7767, # elems = 48183103
Step 399 time = 0.005536, # ZDD nodes = 7800, # elems = 48673801
Step 400 time = 0.005009, # ZDD nodes = 7847, # elems = 49188068
Step 401 time = 0.004471, # ZDD nodes = 7893, # elems = 49768168
Step 402 time = 0.004890, # ZDD nodes = 7932, # elems = 50428344
Step 403 time = 0.005822, # ZDD nodes = 7979, # elems = 51149581
Step 404 time = 0.004562, # ZDD nodes = 8030, # elems = 51891189
Step 405 time = 0.004628, # ZDD nodes = 8087, # elems = 52612496
Step 406 time = 0.004921, # ZDD nodes = 8145, # elems = 53292820
Step 407 time = 0.004812, # ZDD nodes = 8206, # elems = 53939259
Step 408 time = 0.005320, # ZDD nodes = 8276, # elems = 54578485
Step 409 time = 0.005896, # ZDD nodes = 8341, # elems = 55237888
Step 410 time = 0.005175, # ZDD nodes = 8412, # elems = 55928465
Step 411 time = 0.004920, # ZDD nodes = 8480, # elems = 56641376
Step 412 time = 0.004848, # ZDD nodes = 8537, # elems = 57361166
Step 413 time = 0.004898, # ZDD nodes = 8591, # elems = 58087145
Step 414 time = 0.008288, # ZDD nodes = 8646, # elems = 58847960
Step 415 time = 0.005012, # ZDD nodes = 8702, # elems = 59696900
Step 416 time = 0.005167, # ZDD nodes = 8746, # elems = 60686177
Step 417 time = 0.005793, # ZDD nodes = 8788, # elems = 61832109
Step 418 time = 0.005089, # ZDD nodes = 8833, # elems = 63091221
Step 419 time = 0.006872, # ZDD nodes = 8876, # elems = 64363510
Step 420 time = 0.005075, # ZDD nodes = 8908, # elems = 65525341
Step 421 time = 0.006028, # ZDD nodes = 8937, # elems = 66478727
Step 422 time = 0.007021, # ZDD nodes = 8964, # elems = 67193997
Step 423 time = 0.005317, # ZDD nodes = 8985, # elems = 67724049
Step 424 time = 0.005072, # ZDD nodes = 8995, # elems = 68181506
Step 425 time = 0.005003, # ZDD nodes = 9003, # elems = 68689238
Step 426 time = 0.005156, # ZDD nodes = 9012, # elems = 69328563
Step 427 time = 0.006077, # ZDD nodes = 9021, # elems = 70110002
Step 428 time = 0.005076, # ZDD nodes = 9031, # elems = 70979596
Step 429 time = 0.005064, # ZDD nodes = 9035, # elems = 71855934
Step 430 time = 0.005310, # ZDD nodes = 9044, # elems = 72677431
Step 431 time = 0.005390, # ZDD nodes = 9061, # elems = 73434580
Step 432 time = 0.005372, # ZDD nodes = 9081, # elems = 74171400
Step 433 time = 0.006102, # ZDD nodes = 9101, # elems = 74957802
Step 434 time = 0.005093, # ZDD nodes = 9118, # elems = 75849332
Step 435 time = 0.005322, # ZDD nodes = 9132, # elems = 76856151
Step 436 time = 0.005128, # ZDD nodes = 9145, # elems = 77937743
Step 437 time = 0.005224, # ZDD nodes = 9156, # elems = 79025687
Step 438 time = 0.006277, # ZDD nodes = 9163, # elems = 80060957
Step 439 time = 0.005080, # ZDD nodes = 9173, # elems = 81024449
Step 440 time = 0.005573, # ZDD nodes = 9182, # elems = 81944177
Step 441 time = 0.005497, # ZDD nodes = 9191, # elems = 82875878
Step 442 time = 0.005141, # ZDD nodes = 9211, # elems = 83868347
Step 443 time = 0.005683, # ZDD nodes = 9233, # elems = 84933717
Step 444 time = 0.005308, # ZDD nodes = 9253, # elems = 86040481
Step 445 time = 0.005357, # ZDD nodes = 9270, # elems = 87133392
Step 446 time = 0.005318, # ZDD nodes = 9289, # elems = 88168085
Step 447 time = 0.006379, # ZDD nodes = 9309, # elems = 89139963
Step 448 time = 0.006318, # ZDD nodes = 9325, # elems = 90090453
Step 449 time = 0.005085, # ZDD nodes = 9347, # elems = 91086090
Step 450 time = 0.006139, # ZDD nodes = 9371, # elems = 92181121
Step 451 time = 0.005443, # ZDD nodes = 9402, # elems = 93384719
Step 452 time = 0.005635, # ZDD nodes = 9431, # elems = 94652293
Step 453 time = 0.005381, # ZDD nodes = 9467, # elems = 95906765
Step 454 time = 0.006027, # ZDD nodes = 9511, # elems = 97078763
Step 455 time = 0.005507, # ZDD nodes = 9561, # elems = 98144335
Step 456 time = 0.005774, # ZDD nodes = 9614, # elems = 99139660
Step 457 time = 0.005723, # ZDD nodes = 9673, # elems = 100143920
Step 458 time = 0.006984, # ZDD nodes = 9739, # elems = 101238998
Step 459 time = 0.005651, # ZDD nodes = 9804, # elems = 102468100
Step 460 time = 0.005677, # ZDD nodes = 9863, # elems = 103815782
Step 461 time = 0.005638, # ZDD nodes = 9922, # elems = 105219274
Step 462 time = 0.007825, # ZDD nodes = 9982, # elems = 106603897
Step 463 time = 0.006630, # ZDD nodes = 10048, # elems = 107922882
Step 464 time = 0.006807, # ZDD nodes = 10118, # elems = 109179683
Step 465 time = 0.006058, # ZDD nodes = 10190, # elems = 110420631
Step 466 time = 0.006709, # ZDD nodes = 10274, # elems = 111702921
Step 467 time = 0.006537, # ZDD nodes = 10361, # elems = 113057108
Step 468 time = 0.006945, # ZDD nodes = 10447, # elems = 114466151
Step 469 time = 0.009138, # ZDD nodes = 10527, # elems = 115874172
Step 470 time = 0.006347, # ZDD nodes = 10591, # elems = 117222351
Step 471 time = 0.008087, # ZDD nodes = 10647, # elems = 118493436
Step 472 time = 0.006365, # ZDD nodes = 10696, # elems = 119738829
Step 473 time = 0.007207, # ZDD nodes = 10739, # elems = 121069540
Step 474 time = 0.006323, # ZDD nodes = 10769, # elems = 122611326
Step 475 time = 0.006343, # ZDD nodes = 10791, # elems = 124443821
Step 476 time = 0.007221, # ZDD nodes = 10808, # elems = 126553353
Step 477 time = 0.006508, # ZDD nodes = 10824, # elems = 128824790
Step 478 time = 0.006755, # ZDD nodes = 10835, # elems = 131079819
Step 479 time = 0.006307, # ZDD nodes = 10852, # elems = 133145410
Step 480 time = 0.006305, # ZDD nodes = 10876, # elems = 134920319
Step 481 time = 0.006352, # ZDD nodes = 10901, # elems = 136408588
Step 482 time = 0.006277, # ZDD nodes = 10922, # elems = 137705658
Step 483 time = 0.007372, # ZDD nodes = 10941, # elems = 138945986
Step 484 time = 0.007181, # ZDD nodes = 10954, # elems = 140239999
Step 485 time = 0.006368, # ZDD nodes = 10963, # elems = 141632665
Step 486 time = 0.007728, # ZDD nodes = 10972, # elems = 143102399
Step 487 time = 0.008615, # ZDD nodes = 10977, # elems = 144595432
Step 488 time = 0.006220, # ZDD nodes = 10988, # elems = 146071916
Step 489 time = 0.006403, # ZDD nodes = 10999, # elems = 147536100
Step 490 time = 0.006218, # ZDD nodes = 11007, # elems = 149034518
Step 491 time = 0.006276, # ZDD nodes = 11018, # elems = 150626122
Step 492 time = 0.006817, # ZDD nodes = 11029, # elems = 152345088
Step 493 time = 0.008714, # ZDD nodes = 11039, # elems = 154180015
Step 494 time = 0.007606, # ZDD nodes = 11056, # elems = 156081077
Step 495 time = 0.007782, # ZDD nodes = 11076, # elems = 157988810
Step 496 time = 0.006381, # ZDD nodes = 11098, # elems = 159866230
Step 497 time = 0.007214, # ZDD nodes = 11127, # elems = 161715369
Step 498 time = 0.006793, # ZDD nodes = 11159, # elems = 163569165
Step 499 time = 0.006539, # ZDD nodes = 11189, # elems = 165464598
Step 500 time = 0.009179, # ZDD nodes = 11219, # elems = 167414346
Step 501 time = 0.006907, # ZDD nodes = 11249, # elems = 169394781
Step 502 time = 0.007113, # ZDD nodes = 11283, # elems = 171358106
Step 503 time = 0.006670, # ZDD nodes = 11318, # elems = 173262546
Step 504 time = 0.006350, # ZDD nodes = 11354, # elems = 175103757
Step 505 time = 0.008695, # ZDD nodes = 11396, # elems = 176928089
Step 506 time = 0.011148, # ZDD nodes = 11436, # elems = 178816947
Step 507 time = 0.008803, # ZDD nodes = 11478, # elems = 180848090
Step 508 time = 0.006691, # ZDD nodes = 11529, # elems = 183054001
Step 509 time = 0.011838, # ZDD nodes = 11588, # elems = 185400102
Step 510 time = 0.012339, # ZDD nodes = 11649, # elems = 187795787
Step 511 time = 0.007744, # ZDD nodes = 11710, # elems = 190134647
Step 512 time = 0.007018, # ZDD nodes = 11769, # elems = 192344348
Step 513 time = 0.009899, # ZDD nodes = 11829, # elems = 194419974
Step 514 time = 0.009095, # ZDD nodes = 11887, # elems = 196423024
Step 515 time = 0.007271, # ZDD nodes = 11944, # elems = 198447372
Step 516 time = 0.007436, # ZDD nodes = 12002, # elems = 200571092
Step 517 time = 0.007395, # ZDD nodes = 12056, # elems = 202819672
Step 518 time = 0.008779, # ZDD nodes = 12103, # elems = 205159723
Step 519 time = 0.007188, # ZDD nodes = 12150, # elems = 207525585
Step 520 time = 0.009239, # ZDD nodes = 12198, # elems = 209862236
Step 521 time = 0.009864, # ZDD nodes = 12249, # elems = 212158708
Step 522 time = 0.060243, # ZDD nodes = 12292, # elems = 214453199
Step 523 time = 0.008452, # ZDD nodes = 12336, # elems = 216808469
Step 524 time = 0.007645, # ZDD nodes = 12381, # elems = 219272775
Step 525 time = 0.007846, # ZDD nodes = 12424, # elems = 221849537
Step 526 time = 0.008655, # ZDD nodes = 12471, # elems = 224494214
Step 527 time = 0.007784, # ZDD nodes = 12520, # elems = 227140666
Step 528 time = 0.008886, # ZDD nodes = 12576, # elems = 229740851
Step 529 time = 0.008968, # ZDD nodes = 12642, # elems = 232293493
Step 530 time = 0.008374, # ZDD nodes = 12706, # elems = 234844195
Step 531 time = 0.007863, # ZDD nodes = 12766, # elems = 237456169
Step 532 time = 0.010400, # ZDD nodes = 12822, # elems = 240168396
Step 533 time = 0.007807, # ZDD nodes = 12872, # elems = 242967724
Step 534 time = 0.007936, # ZDD nodes = 12921, # elems = 245795936
Step 535 time = 0.007836, # ZDD nodes = 12973, # elems = 248592690
Step 536 time = 0.009338, # ZDD nodes = 13029, # elems = 251352096
Step 537 time = 0.008510, # ZDD nodes = 13074, # elems = 254159190
Step 538 time = 0.010305, # ZDD nodes = 13116, # elems = 257179441
Step 539 time = 0.009831, # ZDD nodes = 13154, # elems = 260596760
Step 540 time = 0.007900, # ZDD nodes = 13189, # elems = 264523634
Step 541 time = 0.007793, # ZDD nodes = 13215, # elems = 268926525
Step 542 time = 0.007935, # ZDD nodes = 13245, # elems = 273607423
Step 543 time = 0.013244, # ZDD nodes = 13277, # elems = 278257390
Step 544 time = 0.010032, # ZDD nodes = 13309, # elems = 282563301
Step 545 time = 0.009016, # ZDD nodes = 13333, # elems = 286322399
Step 546 time = 0.007985, # ZDD nodes = 13356, # elems = 289513148
Step 547 time = 0.008064, # ZDD nodes = 13382, # elems = 292289504
Step 548 time = 0.008020, # ZDD nodes = 13413, # elems = 294902395
Step 549 time = 0.008491, # ZDD nodes = 13444, # elems = 297588364
Step 550 time = 0.007993, # ZDD nodes = 13475, # elems = 300480312
Step 551 time = 0.008349, # ZDD nodes = 13506, # elems = 303581143
Step 552 time = 0.008397, # ZDD nodes = 13537, # elems = 306806640
Step 553 time = 0.009038, # ZDD nodes = 13566, # elems = 310067417
Step 554 time = 0.010337, # ZDD nodes = 13595, # elems = 313340340
Step 555 time = 0.009194, # ZDD nodes = 13624, # elems = 316688774
Step 556 time = 0.008930, # ZDD nodes = 13653, # elems = 320223312
Step 557 time = 0.008227, # ZDD nodes = 13681, # elems = 324029889
Step 558 time = 0.008250, # ZDD nodes = 13708, # elems = 328109463
Step 559 time = 0.008760, # ZDD nodes = 13732, # elems = 332365119
Step 560 time = 0.010162, # ZDD nodes = 13753, # elems = 336644818
Step 561 time = 0.008789, # ZDD nodes = 13776, # elems = 340815981
Step 562 time = 0.010961, # ZDD nodes = 13797, # elems = 344829790
Step 563 time = 0.009721, # ZDD nodes = 13816, # elems = 348739884
Step 564 time = 0.009436, # ZDD nodes = 13837, # elems = 352667006
Step 565 time = 0.009418, # ZDD nodes = 13860, # elems = 356730904
Step 566 time = 0.008971, # ZDD nodes = 13879, # elems = 360987590
Step 567 time = 0.008925, # ZDD nodes = 13896, # elems = 365406413
Step 568 time = 0.007794, # ZDD nodes = 13921, # elems = 369898660
Step 569 time = 0.007989, # ZDD nodes = 13952, # elems = 374379376
Step 570 time = 0.008321, # ZDD nodes = 13998, # elems = 378825061
Step 571 time = 0.009579, # ZDD nodes = 14049, # elems = 383293289
Step 572 time = 0.008084, # ZDD nodes = 14107, # elems = 387892517
Step 573 time = 0.009009, # ZDD nodes = 14166, # elems = 392718323
Step 574 time = 0.007769, # ZDD nodes = 14225, # elems = 397791896
Step 575 time = 0.011043, # ZDD nodes = 14279, # elems = 403037034
Step 576 time = 0.008354, # ZDD nodes = 14330, # elems = 408311306
Step 577 time = 0.009097, # ZDD nodes = 14375, # elems = 413476583
Step 578 time = 0.007961, # ZDD nodes = 14415, # elems = 418471631
Step 579 time = 0.007960, # ZDD nodes = 14455, # elems = 423346934
Step 580 time = 0.009606, # ZDD nodes = 14498, # elems = 428240528
Step 581 time = 0.009945, # ZDD nodes = 14540, # elems = 433305240
Step 582 time = 0.008297, # ZDD nodes = 14591, # elems = 438626401
Step 583 time = 0.008242, # ZDD nodes = 14637, # elems = 444176809
Step 584 time = 0.009137, # ZDD nodes = 14685, # elems = 449835496
Step 585 time = 0.008418, # ZDD nodes = 14733, # elems = 455460397
Step 586 time = 0.008901, # ZDD nodes = 14785, # elems = 460974170
Step 587 time = 0.008356, # ZDD nodes = 14845, # elems = 466414452
Step 588 time = 0.012969, # ZDD nodes = 14912, # elems = 471919371
Step 589 time = 0.008622, # ZDD nodes = 14974, # elems = 477656090
Step 590 time = 0.010811, # ZDD nodes = 15033, # elems = 483732954
Step 591 time = 0.008190, # ZDD nodes = 15092, # elems = 490144162
Step 592 time = 0.008360, # ZDD nodes = 15152, # elems = 496775963
Step 593 time = 0.008482, # ZDD nodes = 15219, # elems = 503468998
Step 594 time = 0.009817, # ZDD nodes = 15296, # elems = 510101674
Step 595 time = 0.009034, # ZDD nodes = 15377, # elems = 516648593
Step 596 time = 0.008664, # ZDD nodes = 15454, # elems = 523181929
Step 597 time = 0.008561, # ZDD nodes = 15526, # elems = 529816118
Step 598 time = 0.008588, # ZDD nodes = 15599, # elems = 536629120
Step 599 time = 0.008635, # ZDD nodes = 15676, # elems = 543607539
Step 600 time = 0.008909, # ZDD nodes = 15751, # elems = 550650551
Step 601 time = 0.008397, # ZDD nodes = 15823, # elems = 557635134
Step 602 time = 0.008544, # ZDD nodes = 15893, # elems = 564507869
Step 603 time = 0.008644, # ZDD nodes = 15959, # elems = 571347167
Step 604 time = 0.011018, # ZDD nodes = 16020, # elems = 578350746
Step 605 time = 0.008687, # ZDD nodes = 16079, # elems = 585744217
Step 606 time = 0.008756, # ZDD nodes = 16137, # elems = 593654038
Step 607 time = 0.014965, # ZDD nodes = 16192, # elems = 602013557
Step 608 time = 0.008624, # ZDD nodes = 16233, # elems = 610559342
Step 609 time = 0.013075, # ZDD nodes = 16266, # elems = 618930095
Step 610 time = 0.008750, # ZDD nodes = 16292, # elems = 626823856
Step 611 time = 0.008924, # ZDD nodes = 16310, # elems = 634133659
Step 612 time = 0.009087, # ZDD nodes = 16318, # elems = 640990985
Step 613 time = 0.009073, # ZDD nodes = 16317, # elems = 647695440
Step 614 time = 0.008772, # ZDD nodes = 16313, # elems = 654569043
Step 615 time = 0.010785, # ZDD nodes = 16308, # elems = 661811929
Step 616 time = 0.008843, # ZDD nodes = 16303, # elems = 669433433
Step 617 time = 0.009960, # ZDD nodes = 16297, # elems = 677289164
Step 618 time = 0.009212, # ZDD nodes = 16293, # elems = 685195019
Step 619 time = 0.008670, # ZDD nodes = 16296, # elems = 693048749
Step 620 time = 0.008697, # ZDD nodes = 16297, # elems = 700890993
Step 621 time = 0.008888, # ZDD nodes = 16301, # elems = 708875785
Step 622 time = 0.008680, # ZDD nodes = 16315, # elems = 717171974
Step 623 time = 0.008690, # ZDD nodes = 16331, # elems = 725854839
Step 624 time = 0.008785, # ZDD nodes = 16349, # elems = 734851589
Step 625 time = 0.009860, # ZDD nodes = 16368, # elems = 743972416
Step 626 time = 0.011724, # ZDD nodes = 16393, # elems = 753009089
Step 627 time = 0.009154, # ZDD nodes = 16415, # elems = 761845109
Step 628 time = 0.009219, # ZDD nodes = 16434, # elems = 770515507
Step 629 time = 0.008856, # ZDD nodes = 16451, # elems = 779182229
Step 630 time = 0.010671, # ZDD nodes = 16468, # elems = 788038352
Step 631 time = 0.009585, # ZDD nodes = 16486, # elems = 797195962
Step 632 time = 0.008971, # ZDD nodes = 16511, # elems = 806623072
Step 633 time = 0.008556, # ZDD nodes = 16541, # elems = 816166383
Step 634 time = 0.008770, # ZDD nodes = 16570, # elems = 825646385
Step 635 time = 0.008858, # ZDD nodes = 16601, # elems = 834969462
Step 636 time = 0.008623, # ZDD nodes = 16639, # elems = 844191343
Step 637 time = 0.013264, # ZDD nodes = 16681, # elems = 853492961
Step 638 time = 0.012903, # ZDD nodes = 16724, # elems = 863079977
Step 639 time = 0.008613, # ZDD nodes = 16767, # elems = 873062536
Step 640 time = 0.008787, # ZDD nodes = 16813, # elems = 883384409
Step 641 time = 0.008676, # ZDD nodes = 16856, # elems = 893842971
Step 642 time = 0.010618, # ZDD nodes = 16902, # elems = 904190808
Step 643 time = 0.008923, # ZDD nodes = 16961, # elems = 914264493
Step 644 time = 0.012285, # ZDD nodes = 17018, # elems = 924069834
Step 645 time = 0.008667, # ZDD nodes = 17076, # elems = 933775413
Step 646 time = 0.009013, # ZDD nodes = 17134, # elems = 943617164
Step 647 time = 0.009218, # ZDD nodes = 17192, # elems = 953767336
Step 648 time = 0.009067, # ZDD nodes = 17242, # elems = 964241348
Step 649 time = 0.011247, # ZDD nodes = 17292, # elems = 974894641
Step 650 time = 0.009139, # ZDD nodes = 17344, # elems = 985511340
Step 651 time = 0.009127, # ZDD nodes = 17397, # elems = 995934322
Step 652 time = 0.009867, # ZDD nodes = 17450, # elems = 1006161032
Step 653 time = 0.009406, # ZDD nodes = 17505, # elems = 1016347782
Step 654 time = 0.009259, # ZDD nodes = 17559, # elems = 1026718471
Step 655 time = 0.009280, # ZDD nodes = 17613, # elems = 1037429791
Step 656 time = 0.009382, # ZDD nodes = 17665, # elems = 1048470869
Step 657 time = 0.011086, # ZDD nodes = 17721, # elems = 1059657095
Step 658 time = 0.009273, # ZDD nodes = 17785, # elems = 1070725376
Step 659 time = 0.009343, # ZDD nodes = 17857, # elems = 1081479007
Step 660 time = 0.009341, # ZDD nodes = 17918, # elems = 1091899302
Step 661 time = 0.009675, # ZDD nodes = 17979, # elems = 1102158826
Step 662 time = 0.010244, # ZDD nodes = 18039, # elems = 1112527353
Step 663 time = 0.010675, # ZDD nodes = 18092, # elems = 1123222517
Step 664 time = 0.009551, # ZDD nodes = 18132, # elems = 1134288674
Step 665 time = 0.009897, # ZDD nodes = 18164, # elems = 1145573018
Step 666 time = 0.009389, # ZDD nodes = 18191, # elems = 1156813624
Step 667 time = 0.009215, # ZDD nodes = 18219, # elems = 1167789114
Step 668 time = 0.009325, # ZDD nodes = 18238, # elems = 1178443226
Step 669 time = 0.011608, # ZDD nodes = 18257, # elems = 1188912141
Step 670 time = 0.009217, # ZDD nodes = 18280, # elems = 1199438256
Step 671 time = 0.009701, # ZDD nodes = 18295, # elems = 1210218984
Step 672 time = 0.009128, # ZDD nodes = 18299, # elems = 1221277884
Step 673 time = 0.009394, # ZDD nodes = 18301, # elems = 1232435180
Step 674 time = 0.010096, # ZDD nodes = 18297, # elems = 1243398395
Step 675 time = 0.009952, # ZDD nodes = 18288, # elems = 1253923629
Step 676 time = 0.009051, # ZDD nodes = 18277, # elems = 1263956624
Step 677 time = 0.011722, # ZDD nodes = 18262, # elems = 1273673698
Step 678 time = 0.010062, # ZDD nodes = 18257, # elems = 1283397836
Step 679 time = 0.008984, # ZDD nodes = 18266, # elems = 1293434289
Step 680 time = 0.009344, # ZDD nodes = 18281, # elems = 1303915787
Step 681 time = 0.011232, # ZDD nodes = 18297, # elems = 1314742890
Step 682 time = 0.009044, # ZDD nodes = 18307, # elems = 1325651078
Step 683 time = 0.008761, # ZDD nodes = 18315, # elems = 1336364913
Step 684 time = 0.008715, # ZDD nodes = 18323, # elems = 1346752457
Step 685 time = 0.008846, # ZDD nodes = 18331, # elems = 1356894388
Step 686 time = 0.008869, # ZDD nodes = 18339, # elems = 1367029670
Step 687 time = 0.008873, # ZDD nodes = 18346, # elems = 1377408719
Step 688 time = 0.013438, # ZDD nodes = 18354, # elems = 1388138257
Step 689 time = 0.008953, # ZDD nodes = 18366, # elems = 1399107371
Step 690 time = 0.008741, # ZDD nodes = 18382, # elems = 1410037691
Step 691 time = 0.008880, # ZDD nodes = 18403, # elems = 1420630242
Step 692 time = 0.010017, # ZDD nodes = 18426, # elems = 1430727335
Step 693 time = 0.008802, # ZDD nodes = 18451, # elems = 1440398393
Step 694 time = 0.008683, # ZDD nodes = 18482, # elems = 1449899838
Step 695 time = 0.008782, # ZDD nodes = 18514, # elems = 1459530580
Step 696 time = 0.012111, # ZDD nodes = 18545, # elems = 1469465247
Step 697 time = 0.008821, # ZDD nodes = 18580, # elems = 1479659807
Step 698 time = 0.009077, # ZDD nodes = 18626, # elems = 1489881986
Step 699 time = 0.008942, # ZDD nodes = 18673, # elems = 1499848219
Step 700 time = 0.008891, # ZDD nodes = 18724, # elems = 1509388958
Step 701 time = 0.008947, # ZDD nodes = 18781, # elems = 1518547071
Step 702 time = 0.011226, # ZDD nodes = 18839, # elems = 1527551385
Step 703 time = 0.009025, # ZDD nodes = 18894, # elems = 1536680219
Step 704 time = 0.008945, # ZDD nodes = 18943, # elems = 1546094464
Step 705 time = 0.009142, # ZDD nodes = 18992, # elems = 1555737036
Step 706 time = 0.009307, # ZDD nodes = 19042, # elems = 1565357137
Step 707 time = 0.009608, # ZDD nodes = 19099, # elems = 1574647029
Step 708 time = 0.009381, # ZDD nodes = 19154, # elems = 1583414198
Step 709 time = 0.009422, # ZDD nodes = 19211, # elems = 1591689416
Step 710 time = 0.009705, # ZDD nodes = 19269, # elems = 1599707426
Step 711 time = 0.009405, # ZDD nodes = 19323, # elems = 1607771729
Step 712 time = 0.009538, # ZDD nodes = 19365, # elems = 1616081902
Step 713 time = 0.009612, # ZDD nodes = 19402, # elems = 1624621958
Step 714 time = 0.009398, # ZDD nodes = 19434, # elems = 1633173018
Step 715 time = 0.009807, # ZDD nodes = 19465, # elems = 1641443304
Step 716 time = 0.009699, # ZDD nodes = 19487, # elems = 1649240755
Step 717 time = 0.011509, # ZDD nodes = 19509, # elems = 1656587736
Step 718 time = 0.009920, # ZDD nodes = 19536, # elems = 1663710521
Step 719 time = 0.009409, # ZDD nodes = 19559, # elems = 1670908554
Step 720 time = 0.009744, # ZDD nodes = 19569, # elems = 1678376889
Step 721 time = 0.009580, # ZDD nodes = 19576, # elems = 1686082403
Step 722 time = 0.009656, # ZDD nodes = 19585, # elems = 1693766356
Step 723 time = 0.009551, # ZDD nodes = 19594, # elems = 1701075939
Step 724 time = 0.009418, # ZDD nodes = 19607, # elems = 1707753045
Step 725 time = 0.009364, # ZDD nodes = 19628, # elems = 1713773911
Step 726 time = 0.009314, # ZDD nodes = 19646, # elems = 1719360453
Step 727 time = 0.011137, # ZDD nodes = 19660, # elems = 1724856672
Step 728 time = 0.009138, # ZDD nodes = 19660, # elems = 1730539339
Step 729 time = 0.009130, # ZDD nodes = 19654, # elems = 1736469420
Step 730 time = 0.009120, # ZDD nodes = 19643, # elems = 1742468217
Step 731 time = 0.009292, # ZDD nodes = 19626, # elems = 1748230810
Step 732 time = 0.009808, # ZDD nodes = 19599, # elems = 1753509830
Step 733 time = 0.009231, # ZDD nodes = 19571, # elems = 1758262602
Step 734 time = 0.009491, # ZDD nodes = 19542, # elems = 1762677274
Step 735 time = 0.009721, # ZDD nodes = 19514, # elems = 1767063519
Step 736 time = 0.009410, # ZDD nodes = 19494, # elems = 1771670375
Step 737 time = 0.009331, # ZDD nodes = 19475, # elems = 1776535557
Step 738 time = 0.009297, # ZDD nodes = 19467, # elems = 1781453529
Step 739 time = 0.009225, # ZDD nodes = 19465, # elems = 1786082216
Step 740 time = 0.009686, # ZDD nodes = 19466, # elems = 1790129043
Step 741 time = 0.008967, # ZDD nodes = 19473, # elems = 1793512013
Step 742 time = 0.010947, # ZDD nodes = 19481, # elems = 1796405614
Step 743 time = 0.009014, # ZDD nodes = 19488, # elems = 1799145502
Step 744 time = 0.008915, # ZDD nodes = 19492, # elems = 1802044792
Step 745 time = 0.009208, # ZDD nodes = 19496, # elems = 1805224817
Step 746 time = 0.009190, # ZDD nodes = 19500, # elems = 1808555044
Step 747 time = 0.009385, # ZDD nodes = 19504, # elems = 1811734142
Step 748 time = 0.009411, # ZDD nodes = 19508, # elems = 1814463765
Step 749 time = 0.009307, # ZDD nodes = 19512, # elems = 1816615275
Step 750 time = 0.009328, # ZDD nodes = 19516, # elems = 1818295541
Step 751 time = 0.009339, # ZDD nodes = 19518, # elems = 1819776434
Step 752 time = 0.009252, # ZDD nodes = 19520, # elems = 1821330609
Step 753 time = 0.009456, # ZDD nodes = 19522, # elems = 1823069500
Step 754 time = 0.009322, # ZDD nodes = 19526, # elems = 1824877150
Step 755 time = 0.009450, # ZDD nodes = 19533, # elems = 1826476961
Step 756 time = 0.009255, # ZDD nodes = 19546, # elems = 1827591292
Step 757 time = 0.009501, # ZDD nodes = 19560, # elems = 1828100891
Step 758 time = 0.009280, # ZDD nodes = 19579, # elems = 1828112111
Step 759 time = 0.009348, # ZDD nodes = 19601, # elems = 1827893553
Step 760 time = 0.009336, # ZDD nodes = 19629, # elems = 1827719300
Step 761 time = 0.013347, # ZDD nodes = 19669, # elems = 1827709717
Step 762 time = 0.009341, # ZDD nodes = 19716, # elems = 1827761940
Step 763 time = 0.009381, # ZDD nodes = 19765, # elems = 1827610453
Step 764 time = 0.009636, # ZDD nodes = 19807, # elems = 1826983394
Step 765 time = 0.009438, # ZDD nodes = 19845, # elems = 1825764882
Step 766 time = 0.009446, # ZDD nodes = 19878, # elems = 1824069408
Step 767 time = 0.009309, # ZDD nodes = 19905, # elems = 1822184017
Step 768 time = 0.009269, # ZDD nodes = 19920, # elems = 1820409235
Step 769 time = 0.011959, # ZDD nodes = 19930, # elems = 1818887662
Step 770 time = 0.009281, # ZDD nodes = 19939, # elems = 1817517342
Step 771 time = 0.012971, # ZDD nodes = 19948, # elems = 1816000299
Step 772 time = 0.010084, # ZDD nodes = 19948, # elems = 1814000397
Step 773 time = 0.009187, # ZDD nodes = 19955, # elems = 1811322548
Step 774 time = 0.009309, # ZDD nodes = 19970, # elems = 1808013585
Step 775 time = 0.010662, # ZDD nodes = 19980, # elems = 1804329973
Step 776 time = 0.009179, # ZDD nodes = 19985, # elems = 1800592578
Step 777 time = 0.008982, # ZDD nodes = 19987, # elems = 1797011884
Step 778 time = 0.013603, # ZDD nodes = 19982, # elems = 1793582677
Step 779 time = 0.008961, # ZDD nodes = 19974, # elems = 1790105453
Step 780 time = 0.010200, # ZDD nodes = 19955, # elems = 1786317216
Step 781 time = 0.008876, # ZDD nodes = 19932, # elems = 1782052092
Step 782 time = 0.008816, # ZDD nodes = 19906, # elems = 1777337965
Step 783 time = 0.013988, # ZDD nodes = 19879, # elems = 1772374519
Step 784 time = 0.008807, # ZDD nodes = 19844, # elems = 1767407308
Step 785 time = 0.008778, # ZDD nodes = 19812, # elems = 1762573420
Step 786 time = 0.008737, # ZDD nodes = 19787, # elems = 1757811400
Step 787 time = 0.008861, # ZDD nodes = 19759, # elems = 1752889795
Step 788 time = 0.008756, # ZDD nodes = 19743, # elems = 1747538311
Step 789 time = 0.008714, # ZDD nodes = 19728, # elems = 1741606050
Step 790 time = 0.008753, # ZDD nodes = 19709, # elems = 1735155827
Step 791 time = 0.009118, # ZDD nodes = 19690, # elems = 1728438999
Step 792 time = 0.008716, # ZDD nodes = 19668, # elems = 1721762652
Step 793 time = 0.009325, # ZDD nodes = 19644, # elems = 1715323530
Step 794 time = 0.008630, # ZDD nodes = 19620, # elems = 1709103076
Step 795 time = 0.008634, # ZDD nodes = 19596, # elems = 1702882427
Step 796 time = 0.008609, # ZDD nodes = 19575, # elems = 1696367825
Step 797 time = 0.008524, # ZDD nodes = 19557, # elems = 1689355966
Step 798 time = 0.008481, # ZDD nodes = 19540, # elems = 1681847028
Step 799 time = 0.008852, # ZDD nodes = 19523, # elems = 1674041456
Step 800 time = 0.009572, # ZDD nodes = 19506, # elems = 1666221956
Step 801 time = 0.008632, # ZDD nodes = 19489, # elems = 1658588590
Step 802 time = 0.008386, # ZDD nodes = 19472, # elems = 1651141657
Step 803 time = 0.008349, # ZDD nodes = 19454, # elems = 1643678448
Step 804 time = 0.008117, # ZDD nodes = 19441, # elems = 1635905401
Step 805 time = 0.008021, # ZDD nodes = 19442, # elems = 1627603216
Step 806 time = 0.008063, # ZDD nodes = 19446, # elems = 1618751992
Step 807 time = 0.008068, # ZDD nodes = 19450, # elems = 1609544463
Step 808 time = 0.008027, # ZDD nodes = 19453, # elems = 1600279763
Step 809 time = 0.008078, # ZDD nodes = 19456, # elems = 1591199912
Step 810 time = 0.008411, # ZDD nodes = 19456, # elems = 1582362405
Step 811 time = 0.007998, # ZDD nodes = 19456, # elems = 1573618667
Step 812 time = 0.008027, # ZDD nodes = 19456, # elems = 1564707755
Step 813 time = 0.008047, # ZDD nodes = 19456, # elems = 1555410808
Step 814 time = 0.008063, # ZDD nodes = 19456, # elems = 1545677131
Step 815 time = 0.008038, # ZDD nodes = 19458, # elems = 1535649032
Step 816 time = 0.008133, # ZDD nodes = 19461, # elems = 1525573151
Step 817 time = 0.008084, # ZDD nodes = 19465, # elems = 1515652882
Step 818 time = 0.008047, # ZDD nodes = 19470, # elems = 1505927911
Step 819 time = 0.008048, # ZDD nodes = 19474, # elems = 1496248809
Step 820 time = 0.008370, # ZDD nodes = 19478, # elems = 1486361068
Step 821 time = 0.009097, # ZDD nodes = 19485, # elems = 1476051086
Step 822 time = 0.008024, # ZDD nodes = 19491, # elems = 1465269469
Step 823 time = 0.007950, # ZDD nodes = 19498, # elems = 1454160198
Step 824 time = 0.007959, # ZDD nodes = 19500, # elems = 1442981191
Step 825 time = 0.007959, # ZDD nodes = 19498, # elems = 1431963954
Step 826 time = 0.008037, # ZDD nodes = 19494, # elems = 1421190847
Step 827 time = 0.008864, # ZDD nodes = 19489, # elems = 1410557138
Step 828 time = 0.007929, # ZDD nodes = 19480, # elems = 1399839121
Step 829 time = 0.007986, # ZDD nodes = 19468, # elems = 1388829284
Step 830 time = 0.007902, # ZDD nodes = 19452, # elems = 1377459223
Step 831 time = 0.007914, # ZDD nodes = 19430, # elems = 1365839276
Step 832 time = 0.007909, # ZDD nodes = 19396, # elems = 1354194372
Step 833 time = 0.007881, # ZDD nodes = 19358, # elems = 1342733821
Step 834 time = 0.007924, # ZDD nodes = 19320, # elems = 1331528176
Step 835 time = 0.007945, # ZDD nodes = 19282, # elems = 1320464208
Step 836 time = 0.007898, # ZDD nodes = 19237, # elems = 1309306785
Step 837 time = 0.007914, # ZDD nodes = 19185, # elems = 1297832649
Step 838 time = 0.007906, # ZDD nodes = 19131, # elems = 1285956993
Step 839 time = 0.007844, # ZDD nodes = 19074, # elems = 1273780283
Step 840 time = 0.008047, # ZDD nodes = 19014, # elems = 1261531323
Step 841 time = 0.012472, # ZDD nodes = 18951, # elems = 1249440086
Step 842 time = 0.008849, # ZDD nodes = 18885, # elems = 1237611975
Step 843 time = 0.007930, # ZDD nodes = 18817, # elems = 1225975691
Step 844 time = 0.007892, # ZDD nodes = 18750, # elems = 1214334389
Step 845 time = 0.007838, # ZDD nodes = 18683, # elems = 1202487067
Step 846 time = 0.008341, # ZDD nodes = 18614, # elems = 1190347123
Step 847 time = 0.007731, # ZDD nodes = 18545, # elems = 1177991819
Step 848 time = 0.007699, # ZDD nodes = 18481, # elems = 1165617764
Step 849 time = 0.007658, # ZDD nodes = 18426, # elems = 1153427949
Step 850 time = 0.007629, # ZDD nodes = 18378, # elems = 1141514065
Step 851 time = 0.007536, # ZDD nodes = 18335, # elems = 1129802984
Step 852 time = 0.007471, # ZDD nodes = 18299, # elems = 1118098731
Step 853 time = 0.007476, # ZDD nodes = 18263, # elems = 1106193509
Step 854 time = 0.007434, # ZDD nodes = 18229, # elems = 1093983515
Step 855 time = 0.009434, # ZDD nodes = 18196, # elems = 1081526650
Step 856 time = 0.007360, # ZDD nodes = 18164, # elems = 1069011229
Step 857 time = 0.007367, # ZDD nodes = 18134, # elems = 1056651876
Step 858 time = 0.007299, # ZDD nodes = 18110, # elems = 1044571347
Step 859 time = 0.007320, # ZDD nodes = 18087, # elems = 1032737275
Step 860 time = 0.007336, # ZDD nodes = 18064, # elems = 1020988536
Step 861 time = 0.007397, # ZDD nodes = 18041, # elems = 1009131748
Step 862 time = 0.007443, # ZDD nodes = 18016, # elems = 997051685
Step 863 time = 0.007379, # ZDD nodes = 17991, # elems = 984775277
Step 864 time = 0.007357, # ZDD nodes = 17966, # elems = 972453554
Step 865 time = 0.007409, # ZDD nodes = 17939, # elems = 960271099
Step 866 time = 0.007341, # ZDD nodes = 17912, # elems = 948337088
Step 867 time = 0.007613, # ZDD nodes = 17886, # elems = 936623477
Step 868 time = 0.007384, # ZDD nodes = 17864, # elems = 924984316
Step 869 time = 0.007360, # ZDD nodes = 17846, # elems = 913241802
Step 870 time = 0.007312, # ZDD nodes = 17831, # elems = 901290369
Step 871 time = 0.007368, # ZDD nodes = 17822, # elems = 889161101
Step 872 time = 0.007337, # ZDD nodes = 17810, # elems = 877008008
Step 873 time = 0.007317, # ZDD nodes = 17798, # elems = 865022526
Step 874 time = 0.007655, # ZDD nodes = 17788, # elems = 853327718
Step 875 time = 0.007335, # ZDD nodes = 17779, # elems = 841914178
Step 876 time = 0.007296, # ZDD nodes = 17764, # elems = 830650560
Step 877 time = 0.007338, # ZDD nodes = 17746, # elems = 819359619
Step 878 time = 0.007243, # ZDD nodes = 17725, # elems = 807918258
Step 879 time = 0.007211, # ZDD nodes = 17697, # elems = 796326095
Step 880 time = 0.007218, # ZDD nodes = 17653, # elems = 784701783
Step 881 time = 0.007192, # ZDD nodes = 17601, # elems = 773210010
Step 882 time = 0.007086, # ZDD nodes = 17540, # elems = 761965426
Step 883 time = 0.007181, # ZDD nodes = 17471, # elems = 750969398
Step 884 time = 0.007014, # ZDD nodes = 17392, # elems = 740111903
Step 885 time = 0.006922, # ZDD nodes = 17304, # elems = 729236050
Step 886 time = 0.006882, # ZDD nodes = 17218, # elems = 718230252
Step 887 time = 0.006813, # ZDD nodes = 17140, # elems = 707094401
Step 888 time = 0.006742, # ZDD nodes = 17080, # elems = 695939515
Step 889 time = 0.006695, # ZDD nodes = 17034, # elems = 684923163
Step 890 time = 0.006683, # ZDD nodes = 16991, # elems = 674162000
Step 891 time = 0.006652, # ZDD nodes = 16948, # elems = 663670689
Step 892 time = 0.006571, # ZDD nodes = 16905, # elems = 653358465
Step 893 time = 0.006558, # ZDD nodes = 16857, # elems = 643085309
Step 894 time = 0.007457, # ZDD nodes = 16809, # elems = 632746727
Step 895 time = 0.006454, # ZDD nodes = 16761, # elems = 622335876
Step 896 time = 0.006423, # ZDD nodes = 16708, # elems = 611945285
Step 897 time = 0.006375, # ZDD nodes = 16652, # elems = 601710411
Step 898 time = 0.006338, # ZDD nodes = 16597, # elems = 591730399
Step 899 time = 0.006312, # ZDD nodes = 16539, # elems = 582009193
Step 900 time = 0.006318, # ZDD nodes = 16490, # elems = 572448852
Step 901 time = 0.006278, # ZDD nodes = 16448, # elems = 562901793
Step 902 time = 0.006232, # ZDD nodes = 16401, # elems = 553253885
Step 903 time = 0.006995, # ZDD nodes = 16354, # elems = 543488323
Step 904 time = 0.006186, # ZDD nodes = 16304, # elems = 533693298
Step 905 time = 0.008031, # ZDD nodes = 16249, # elems = 524013013
Step 906 time = 0.006110, # ZDD nodes = 16194, # elems = 514571104
Step 907 time = 0.008326, # ZDD nodes = 16141, # elems = 505406335
Step 908 time = 0.007887, # ZDD nodes = 16090, # elems = 496455537
Step 909 time = 0.005992, # ZDD nodes = 16041, # elems = 487595142
Step 910 time = 0.005962, # ZDD nodes = 15990, # elems = 478716023
Step 911 time = 0.005915, # ZDD nodes = 15937, # elems = 469784898
Step 912 time = 0.005891, # ZDD nodes = 15879, # elems = 460858385
Step 913 time = 0.005902, # ZDD nodes = 15825, # elems = 452046727
Step 914 time = 0.005821, # ZDD nodes = 15779, # elems = 443448851
Step 915 time = 0.005784, # ZDD nodes = 15738, # elems = 435093739
Step 916 time = 0.005759, # ZDD nodes = 15698, # elems = 426923005
Step 917 time = 0.005762, # ZDD nodes = 15658, # elems = 418826920
Step 918 time = 0.005772, # ZDD nodes = 15615, # elems = 410710359
Step 919 time = 0.005754, # ZDD nodes = 15569, # elems = 402547202
Step 920 time = 0.005749, # ZDD nodes = 15512, # elems = 394394218
Step 921 time = 0.005758, # ZDD nodes = 15453, # elems = 386359811
Step 922 time = 0.005679, # ZDD nodes = 15399, # elems = 378543494
Step 923 time = 0.005655, # ZDD nodes = 15345, # elems = 370978158
Step 924 time = 0.005610, # ZDD nodes = 15284, # elems = 363610489
Step 925 time = 0.005537, # ZDD nodes = 15218, # elems = 356332550
Step 926 time = 0.005529, # ZDD nodes = 15151, # elems = 349043500
Step 927 time = 0.005507, # ZDD nodes = 15085, # elems = 341704812
Step 928 time = 0.005452, # ZDD nodes = 15025, # elems = 334361186
Step 929 time = 0.009878, # ZDD nodes = 14969, # elems = 327116836
Step 930 time = 0.005773, # ZDD nodes = 14916, # elems = 320077216
Step 931 time = 0.005371, # ZDD nodes = 14867, # elems = 313288346
Step 932 time = 0.005326, # ZDD nodes = 14822, # elems = 306711631
Step 933 time = 0.005297, # ZDD nodes = 14777, # elems = 300248383
Step 934 time = 0.005279, # ZDD nodes = 14732, # elems = 293795529
Step 935 time = 0.005277, # ZDD nodes = 14687, # elems = 287300178
Step 936 time = 0.005272, # ZDD nodes = 14642, # elems = 280786024
Step 937 time = 0.005253, # ZDD nodes = 14597, # elems = 274337627
Step 938 time = 0.005226, # ZDD nodes = 14552, # elems = 268049974
Step 939 time = 0.005241, # ZDD nodes = 14500, # elems = 261974232
Step 940 time = 0.005431, # ZDD nodes = 14442, # elems = 256093462
Step 941 time = 0.005117, # ZDD nodes = 14379, # elems = 250338582
Step 942 time = 0.009148, # ZDD nodes = 14311, # elems = 244629929
Step 943 time = 0.005051, # ZDD nodes = 14238, # elems = 238921438
Step 944 time = 0.005010, # ZDD nodes = 14160, # elems = 233225715
Step 945 time = 0.004965, # ZDD nodes = 14077, # elems = 227604997
Step 946 time = 0.004949, # ZDD nodes = 13988, # elems = 222131908
Step 947 time = 0.004876, # ZDD nodes = 13903, # elems = 216845551
Step 948 time = 0.004820, # ZDD nodes = 13832, # elems = 211730198
Step 949 time = 0.004759, # ZDD nodes = 13761, # elems = 206725460
Step 950 time = 0.004747, # ZDD nodes = 13692, # elems = 201759566
Step 951 time = 0.004700, # ZDD nodes = 13623, # elems = 196789293
Step 952 time = 0.004681, # ZDD nodes = 13547, # elems = 191825259
Step 953 time = 0.004684, # ZDD nodes = 13485, # elems = 186925245
Step 954 time = 0.006616, # ZDD nodes = 13430, # elems = 182158590
Step 955 time = 0.004638, # ZDD nodes = 13374, # elems = 177565804
Step 956 time = 0.004667, # ZDD nodes = 13309, # elems = 173137745
Step 957 time = 0.004633, # ZDD nodes = 13243, # elems = 168822831
Step 958 time = 0.004605, # ZDD nodes = 13174, # elems = 164556882
Step 959 time = 0.004667, # ZDD nodes = 13099, # elems = 160300747
Step 960 time = 0.004614, # ZDD nodes = 13010, # elems = 156063534
Step 961 time = 0.004545, # ZDD nodes = 12915, # elems = 151894880
Step 962 time = 0.004568, # ZDD nodes = 12817, # elems = 147851771
Step 963 time = 0.004524, # ZDD nodes = 12721, # elems = 143963282
Step 964 time = 0.004475, # ZDD nodes = 12625, # elems = 140213549
Step 965 time = 0.004473, # ZDD nodes = 12528, # elems = 136549489
Step 966 time = 0.004451, # ZDD nodes = 12430, # elems = 132909065
Step 967 time = 0.004384, # ZDD nodes = 12327, # elems = 129256250
Step 968 time = 0.004398, # ZDD nodes = 12224, # elems = 125601513
Step 969 time = 0.004370, # ZDD nodes = 12123, # elems = 121994225
Step 970 time = 0.004346, # ZDD nodes = 12020, # elems = 118493913
Step 971 time = 0.004340, # ZDD nodes = 11914, # elems = 115139520
Step 972 time = 0.004258, # ZDD nodes = 11807, # elems = 111931369
Step 973 time = 0.004203, # ZDD nodes = 11698, # elems = 108832321
Step 974 time = 0.004146, # ZDD nodes = 11586, # elems = 105788622
Step 975 time = 0.004065, # ZDD nodes = 11476, # elems = 102760624
Step 976 time = 0.003998, # ZDD nodes = 11371, # elems = 99744260
Step 977 time = 0.003980, # ZDD nodes = 11270, # elems = 96770098
Step 978 time = 0.003904, # ZDD nodes = 11172, # elems = 93883434
Step 979 time = 0.003883, # ZDD nodes = 11079, # elems = 91118134
Step 980 time = 0.003856, # ZDD nodes = 11000, # elems = 88476351
Step 981 time = 0.003795, # ZDD nodes = 10922, # elems = 85924779
Step 982 time = 0.003788, # ZDD nodes = 10845, # elems = 83412630
Step 983 time = 0.003769, # ZDD nodes = 10768, # elems = 80901693
Step 984 time = 0.003722, # ZDD nodes = 10691, # elems = 78387990
Step 985 time = 0.003689, # ZDD nodes = 10618, # elems = 75902034
Step 986 time = 0.003675, # ZDD nodes = 10547, # elems = 73490762
Step 987 time = 0.003642, # ZDD nodes = 10479, # elems = 71192094
Step 988 time = 0.003627, # ZDD nodes = 10417, # elems = 69014017
Step 989 time = 0.003605, # ZDD nodes = 10360, # elems = 66929979
Step 990 time = 0.003602, # ZDD nodes = 10304, # elems = 64895057
Step 991 time = 0.003571, # ZDD nodes = 10248, # elems = 62872222
Step 992 time = 0.003550, # ZDD nodes = 10186, # elems = 60851006
Step 993 time = 0.003544, # ZDD nodes = 10124, # elems = 58849617
Step 994 time = 0.003537, # ZDD nodes = 10064, # elems = 56902654
Step 995 time = 0.003505, # ZDD nodes = 10003, # elems = 55040600
Step 996 time = 0.003458, # ZDD nodes = 9938, # elems = 53270569
Step 997 time = 0.003449, # ZDD nodes = 9870, # elems = 51570769
Step 998 time = 0.003408, # ZDD nodes = 9800, # elems = 49903678
Step 999 time = 0.003354, # ZDD nodes = 9728, # elems = 48238298
Step 1000 time = 0.003334, # ZDD nodes = 9648, # elems = 46566792
Step 1001 time = 0.003279, # ZDD nodes = 9565, # elems = 44908015
Step 1002 time = 0.003217, # ZDD nodes = 9476, # elems = 43297622
Step 1003 time = 0.003192, # ZDD nodes = 9388, # elems = 41768579
Step 1004 time = 0.003163, # ZDD nodes = 9297, # elems = 40332173
Step 1005 time = 0.003115, # ZDD nodes = 9202, # elems = 38972306
Step 1006 time = 0.003101, # ZDD nodes = 9102, # elems = 37656625
Step 1007 time = 0.003040, # ZDD nodes = 8997, # elems = 36355352
Step 1008 time = 0.002970, # ZDD nodes = 8887, # elems = 35056235
Step 1009 time = 0.002939, # ZDD nodes = 8774, # elems = 33769523
Step 1010 time = 0.002856, # ZDD nodes = 8663, # elems = 32521105
Step 1011 time = 0.002795, # ZDD nodes = 8556, # elems = 31336282
Step 1012 time = 0.002768, # ZDD nodes = 8465, # elems = 30223663
Step 1013 time = 0.002709, # ZDD nodes = 8379, # elems = 29170235
Step 1014 time = 0.002664, # ZDD nodes = 8294, # elems = 28149716
Step 1015 time = 0.002651, # ZDD nodes = 8209, # elems = 27136851
Step 1016 time = 0.002615, # ZDD nodes = 8121, # elems = 26119589
Step 1017 time = 0.002606, # ZDD nodes = 8035, # elems = 25104382
Step 1018 time = 0.002577, # ZDD nodes = 7953, # elems = 24111781
Step 1019 time = 0.002531, # ZDD nodes = 7875, # elems = 23163794
Step 1020 time = 0.002503, # ZDD nodes = 7795, # elems = 22271162
Step 1021 time = 0.002463, # ZDD nodes = 7716, # elems = 21429029
Step 1022 time = 0.002440, # ZDD nodes = 7635, # elems = 20621828
Step 1023 time = 0.002401, # ZDD nodes = 7556, # elems = 19832500
Step 1024 time = 0.002383, # ZDD nodes = 7478, # elems = 19051655
Step 1025 time = 0.002317, # ZDD nodes = 7399, # elems = 18282913
Step 1026 time = 0.002337, # ZDD nodes = 7324, # elems = 17540342
Step 1027 time = 0.002316, # ZDD nodes = 7248, # elems = 16838367
Step 1028 time = 0.002284, # ZDD nodes = 7169, # elems = 16181396
Step 1029 time = 0.002255, # ZDD nodes = 7087, # elems = 15560454
Step 1030 time = 0.002211, # ZDD nodes = 7003, # elems = 14957682
Step 1031 time = 0.002184, # ZDD nodes = 6911, # elems = 14355331
Step 1032 time = 0.002147, # ZDD nodes = 6814, # elems = 13745333
Step 1033 time = 0.002113, # ZDD nodes = 6713, # elems = 13134405
Step 1034 time = 0.002086, # ZDD nodes = 6605, # elems = 12540283
Step 1035 time = 0.002041, # ZDD nodes = 6503, # elems = 11981002
Step 1036 time = 0.002021, # ZDD nodes = 6415, # elems = 11465070
Step 1037 time = 0.001977, # ZDD nodes = 6326, # elems = 10988322
Step 1038 time = 0.001945, # ZDD nodes = 6238, # elems = 10537244
Step 1039 time = 0.001917, # ZDD nodes = 6150, # elems = 10096192
Step 1040 time = 0.001889, # ZDD nodes = 6057, # elems = 9655665
Step 1041 time = 0.001851, # ZDD nodes = 5961, # elems = 9217171
Step 1042 time = 0.001822, # ZDD nodes = 5868, # elems = 8791073
Step 1043 time = 0.001801, # ZDD nodes = 5779, # elems = 8389295
Step 1044 time = 0.001759, # ZDD nodes = 5705, # elems = 8018395
Step 1045 time = 0.001739, # ZDD nodes = 5630, # elems = 7676257
Step 1046 time = 0.001723, # ZDD nodes = 5559, # elems = 7352780
Step 1047 time = 0.001697, # ZDD nodes = 5490, # elems = 7034727
Step 1048 time = 0.001668, # ZDD nodes = 5424, # elems = 6713258
Step 1049 time = 0.001646, # ZDD nodes = 5360, # elems = 6389208
Step 1050 time = 0.005519, # ZDD nodes = 5299, # elems = 6072000
Step 1051 time = 0.001615, # ZDD nodes = 5242, # elems = 5773581
Step 1052 time = 0.001592, # ZDD nodes = 5186, # elems = 5501784
Step 1053 time = 0.001574, # ZDD nodes = 5130, # elems = 5256035
Step 1054 time = 0.001556, # ZDD nodes = 5074, # elems = 5027049
Step 1055 time = 0.001547, # ZDD nodes = 5012, # elems = 4801574
Step 1056 time = 0.001514, # ZDD nodes = 4939, # elems = 4570046
Step 1057 time = 0.001476, # ZDD nodes = 4863, # elems = 4331821
Step 1058 time = 0.001458, # ZDD nodes = 4787, # elems = 4094643
Step 1059 time = 0.001462, # ZDD nodes = 4714, # elems = 3869781
Step 1060 time = 0.001439, # ZDD nodes = 4653, # elems = 3666033
Step 1061 time = 0.001401, # ZDD nodes = 4592, # elems = 3485127
Step 1062 time = 0.001396, # ZDD nodes = 4525, # elems = 3320895
Step 1063 time = 0.001362, # ZDD nodes = 4453, # elems = 3163214
Step 1064 time = 0.001333, # ZDD nodes = 4376, # elems = 3004039
Step 1065 time = 0.001340, # ZDD nodes = 4294, # elems = 2841229
Step 1066 time = 0.001342, # ZDD nodes = 4213, # elems = 2678519
Step 1067 time = 0.001314, # ZDD nodes = 4133, # elems = 2522832
Step 1068 time = 0.001277, # ZDD nodes = 4057, # elems = 2380429
Step 1069 time = 0.001256, # ZDD nodes = 3979, # elems = 2253423
Step 1070 time = 0.001224, # ZDD nodes = 3897, # elems = 2138772
Step 1071 time = 0.001190, # ZDD nodes = 3810, # elems = 2030617
Step 1072 time = 0.001156, # ZDD nodes = 3721, # elems = 1924044
Step 1073 time = 0.001052, # ZDD nodes = 3628, # elems = 1817527
Step 1074 time = 0.001052, # ZDD nodes = 3537, # elems = 1713067
Step 1075 time = 0.001005, # ZDD nodes = 3451, # elems = 1614511
Step 1076 time = 0.000962, # ZDD nodes = 3369, # elems = 1524792
Step 1077 time = 0.000910, # ZDD nodes = 3288, # elems = 1443462
Step 1078 time = 0.000880, # ZDD nodes = 3207, # elems = 1366495
Step 1079 time = 0.000855, # ZDD nodes = 3121, # elems = 1288877
Step 1080 time = 0.000814, # ZDD nodes = 3027, # elems = 1207944
Step 1081 time = 0.000781, # ZDD nodes = 2933, # elems = 1124967
Step 1082 time = 0.000755, # ZDD nodes = 2837, # elems = 1044321
Step 1083 time = 0.000719, # ZDD nodes = 2737, # elems = 971095
Step 1084 time = 0.000696, # ZDD nodes = 2647, # elems = 908359
Step 1085 time = 0.000671, # ZDD nodes = 2561, # elems = 855513
Step 1086 time = 0.000634, # ZDD nodes = 2475, # elems = 808839
Step 1087 time = 0.000612, # ZDD nodes = 2391, # elems = 763800
Step 1088 time = 0.000594, # ZDD nodes = 2316, # elems = 717317
Step 1089 time = 0.000575, # ZDD nodes = 2243, # elems = 668863
Step 1090 time = 0.000557, # ZDD nodes = 2169, # elems = 620454
Step 1091 time = 0.000539, # ZDD nodes = 2097, # elems = 575711
Step 1092 time = 0.000524, # ZDD nodes = 2038, # elems = 537999
Step 1093 time = 0.000505, # ZDD nodes = 1980, # elems = 508429
Step 1094 time = 0.000490, # ZDD nodes = 1920, # elems = 485042
Step 1095 time = 0.000472, # ZDD nodes = 1858, # elems = 463628
Step 1096 time = 0.000458, # ZDD nodes = 1798, # elems = 439577
Step 1097 time = 0.000441, # ZDD nodes = 1739, # elems = 410000
Step 1098 time = 0.000421, # ZDD nodes = 1681, # elems = 375275
Step 1099 time = 0.000407, # ZDD nodes = 1624, # elems = 338916
Step 1100 time = 0.000396, # ZDD nodes = 1570, # elems = 305492
Step 1101 time = 0.000387, # ZDD nodes = 1516, # elems = 278029
Step 1102 time = 0.000372, # ZDD nodes = 1462, # elems = 256749
Step 1103 time = 0.000357, # ZDD nodes = 1409, # elems = 239623
Step 1104 time = 0.000344, # ZDD nodes = 1352, # elems = 223955
Step 1105 time = 0.000334, # ZDD nodes = 1295, # elems = 208047
Step 1106 time = 0.000316, # ZDD nodes = 1238, # elems = 192090
Step 1107 time = 0.000307, # ZDD nodes = 1183, # elems = 177652
Step 1108 time = 0.000294, # ZDD nodes = 1144, # elems = 166117
Step 1109 time = 0.000284, # ZDD nodes = 1107, # elems = 157390
Step 1110 time = 0.000293, # ZDD nodes = 1069, # elems = 149810
Step 1111 time = 0.000270, # ZDD nodes = 1032, # elems = 141084
Step 1112 time = 0.000265, # ZDD nodes = 994, # elems = 129564
Step 1113 time = 0.000251, # ZDD nodes = 959, # elems = 115235
Step 1114 time = 0.000250, # ZDD nodes = 931, # elems = 99790
Step 1115 time = 0.000237, # ZDD nodes = 902, # elems = 85631
Step 1116 time = 0.000232, # ZDD nodes = 872, # elems = 74593
Step 1117 time = 0.000223, # ZDD nodes = 842, # elems = 67337
Step 1118 time = 0.000218, # ZDD nodes = 810, # elems = 63409
Step 1119 time = 0.000205, # ZDD nodes = 777, # elems = 61456
Step 1120 time = 0.000199, # ZDD nodes = 751, # elems = 59595
Step 1121 time = 0.000194, # ZDD nodes = 729, # elems = 56148
Step 1122 time = 0.000188, # ZDD nodes = 710, # elems = 50427
Step 1123 time = 0.000189, # ZDD nodes = 695, # elems = 43055
Step 1124 time = 0.000182, # ZDD nodes = 683, # elems = 35695
Step 1125 time = 0.000179, # ZDD nodes = 670, # elems = 30259
Step 1126 time = 0.000173, # ZDD nodes = 653, # elems = 27789
Step 1127 time = 0.000167, # ZDD nodes = 629, # elems = 27672
Step 1128 time = 0.000161, # ZDD nodes = 595, # elems = 27931
Step 1129 time = 0.000151, # ZDD nodes = 559, # elems = 26474
Step 1130 time = 0.000141, # ZDD nodes = 520, # elems = 22365
Step 1131 time = 0.000136, # ZDD nodes = 478, # elems = 16279
Step 1132 time = 0.000122, # ZDD nodes = 433, # elems = 9934
Step 1133 time = 0.000113, # ZDD nodes = 387, # elems = 4943
Step 1134 time = 0.000100, # ZDD nodes = 337, # elems = 1941
Step 1135 time = 0.000086, # ZDD nodes = 279, # elems = 576
Step 1136 time = 0.000072, # ZDD nodes = 212, # elems = 121
Step 1137 time = 0.000056, # ZDD nodes = 141, # elems = 16
Step 1138 time = 0.000042, # ZDD nodes = 66, # elems = 1
Step 1139 time = 0.000009, # ZDD nodes = 0, # elems = 0
a 2 4 6 9 11 14 16 19 21 24 26 29 31 34 36 39 41 44 46 49 51 54 56 59 61 64 66 69 71 74 76 79 81 84 86 89 91 94 96 99 101 104 106 109 111 114 116 119 121 124 126 129 131 134 136 139 141 144 146 149 151 154 156 159 161 164
a 1 4 6 9 11 14 16 19 21 24 26 29 31 34 36 39 41 44 46 49 51 54 56 59 61 64 66 69 71 74 76 79 81 84 86 89 91 94 96 99 101 104 106 109 111 114 116 119 121 124 126 129 131 134 136 139 141 144 146 149 151 154 156 159 161 164
a 1 3 6 9 11 14 16 19 21 24 26 29 31 34 36 39 41 44 46 49 51 54 56 59 61 64 66 69 71 74 76 79 81 84 86 89 91 94 96 99 101 104 106 109 111 114 116 119 121 124 126 129 131 134 136 139 141 144 146 149 151 154 156 159 161 164
a 1 3 5 9 11 14 16 19 21 24 26 29 31 34 36 39 41 44 46 49 51 54 56 59 61 64 66 69 71 74 76 79 81 84 86 89 91 94 96 99 101 104 106 109 111 114 116 119 121 124 126 129 131 134 136 139 141 144 146 149 151 154 156 159 161 164
a 1 3 5 8 11 14 16 19 21 24 26 29 31 34 36 39 41 44 46 49 51 54 56 59 61 64 66 69 71 74 76 79 81 84 86 89 91 94 96 99 101 104 106 109 111 114 116 119 121 124 126 129 131 134 136 139 141 144 146 149 151 154 156 159 161 164
a 1 3 7 8 11 14 16 19 21 24 26 29 31 34 36 39 41 44 46 49 51 54 56 59 61 64 66 69 71 74 76 79 81 84 86 89 91 94 96 99 101 104 106 109 111 114 116 119 121 124 126 129 131 134 136 139 141 144 146 149 151 154 156 159 161 164
a 1 4 7 8 11 14 16 19 21 24 26 29 31 34 36 39 41 44 46 49 51 54 56 59 61 64 66 69 71 74 76 79 81 84 86 89 91 94 96 99 101 104 106 109 111 114 116 119 121 124 126 129 131 134 136 139 141 144 146 149 151 154 156 159 161 164
a 2 4 7 8 11 14 16 19 21 24 26 29 31 34 36 39 41 44 46 49 51 54 56 59 61 64 66 69 71 74 76 79 81 84 86 89 91 94 96 99 101 104 106 109 111 114 116 119 121 124 126 129 131 134 136 139 141 144 146 149 151 154 156 159 161 164
a 2 4 7 8 10 14 16 19 21 24 26 29 31 34 36 39 41 44 46 49 51 54 56 59 61 64 66 69 71 74 76 79 81 84 86 89 91 94 96 99 101 104 106 109 111 114 116 119 121 124 126 129 131 134 136 139 141 144 146 149 151 154 156 159 161 164
a 2 4 7 8 10 13 16 19 21 24 26 29 31 34 36 39 41 44 46 49 51 54 56 59 61 64 66 69 71 74 76 79 81 84 86 89 91 94 96 99 101 104 106 109 111 114 116 119 121 124 126 129 131 134 136 139 141 144 146 149 151 154 156 159 161 164
a 2 4 7 8 10 13 15 19 21 24 26 29 31 34 36 39 41 44 46 49 51 54 56 59 61 64 66 69 71 74 76 79 81 84 86 89 91 94 96 99 101 104 106 109 111 114 116 119 121 124 126 129 131 134 136 139 141 144 146 149 151 154 156 159 161 164
a 2 4 7 8 10 13 15 18 21 24 26 29 31 34 36 39 41 44 46 49 51 54 56 59 61 64 66 69 71 74 76 79 81 84 86 89 91 94 96 99 101 104 106 109 111 114 116 119 121 124 126 129 131 134 136 139 141 144 146 149 151 154 156 159 161 164
a 2 4 7 8 10 13 17 18 21 24 26 29 31 34 36 39 41 44 46 49 51 54 56 59 61 64 66 69 71 74 76 79 81 84 86 89 91 94 96 99 101 104 106 109 111 114 116 119 121 124 126 129 131 134 136 139 141 144 146 149 151 154 156 159 161 164
a 2 4 7 8 10 14 17 18 21 24 26 29 31 34 36 39 41 44 46 49 51 54 56 59 61 64 66 69 71 74 76 79 81 84 86 89 91 94 96 99 101 104 106 109 111 114 116 119 121 124 126 129 131 134 136 139 141 144 146 149 151 154 156 159 161 164
a 2 4 7 8 11 14 17 18 21 24 26 29 31 34 36 39 41 44 46 49 51 54 56 59 61 64 66 69 71 74 76 79 81 84 86 89 91 94 96 99 101 104 106 109 111 114 116 119 121 124 126 129 131 134 136 139 141 144 146 149 151 154 156 159 161 164
a 1 4 7 8 11 14 17 18 21 24 26 29 31 34 36 39 41 44 46 49 51 54 56 59 61 64 66 69 71 74 76 79 81 84 86 89 91 94 96 99 101 104 106 109 111 114 116 119 121 124 126 129 131 134 136 139 141 144 146 149 151 154 156 159 161 164
a 1 3 7 8 11 14 17 18 21 24 26 29 31 34 36 39 41 44 46 49 51 54 56 59 61 64 66 69 71 74 76 79 81 84 86 89 91 94 96 99 101 104 106 109 111 114 116 119 121 124 126 129 131 134 136 139 141 144 146 149 151 154 156 159 161 164
a 1 3 5 8 11 14 17 18 21 24 26 29 31 34 36 39 41 44 46 49 51 54 56 59 61 64 66 69 71 74 76 79 81 84 86 89 91 94 96 99 101 104 106 109 111 114 116 119 121 124 126 129 131 134 136 139 141 144 146 149 151 154 156 159 161 164
a 1 3 5 9 11 14 17 18 21 24 26 29 31 34 36 39 41 44 46 49 51 54 56 59 61 64 66 69 71 74 76 79 81 84 86 89 91 94 96 99 101 104 106 109 111 114 116 119 121 124 126 129 131 134 136 139 141 144 146 149 151 154 156 159 161 164
a 1 3 5 9 11 14 17 18 20 24 26 29 31 34 36 39 41 44 46 49 51 54 56 59 61 64 66 69 71 74 76 79 81 84 86 89 91 94 96 99 101 104 106 109 111 114 116 119 121 124 126 129 131 134 136 139 141 144 146 149 151 154 156 159 161 164
a 1 3 5 9 11 14 17 18 20 23 26 29 31 34 36 39 41 44 46 49 51 54 56 59 61 64 66 69 71 74 76 79 81 84 86 89 91 94 96 99 101 104 106 109 111 114 116 119 121 124 126 129 131 134 136 139 141 144 146 149 151 154 156 159 161 164
a 1 3 5 9 11 14 17 18 20 23 25 29 31 34 36 39 41 44 46 49 51 54 56 59 61 64 66 69 71 74 76 79 81 84 86 89 91 94 96 99 101 104 106 109 111 114 116 119 121 124 126 129 131 134 136 139 141 144 146 149 151 154 156 159 161 164
a 1 3 5 9 11 14 17 18 20 23 25 28 31 34 36 39 41 44 46 49 51 54 56 59 61 64 66 69 71 74 76 79 81 84 86 89 91 94 96 99 101 104 106 109 111 114 116 119 121 124 126 129 131 134 136 139 141 144 146 149 151 154 156 159 161 164
a 1 3 5 9 11 14 17 18 20 23 27 28 31 34 36 39 41 44 46 49 51 54 56 59 61 64 66 69 71 74 76 79 81 84 86 89 91 94 96 99 101 104 106 109 111 114 116 119 121 124 126 129 131 134 136 139 141 144 146 149 151 154 156 159 161 164
a 1 3 5 9 11 14 17 18 20 24 27 28 31 34 36 39 41 44 46 49 51 54 56 59 61 64 66 69 71 74 76 79 81 84 86 89 91 94 96 99 101 104 106 109 111 114 116 119 121 124 126 129 131 134 136 139 141 144 146 149 151 154 156 159 161 164
a 1 3 5 9 11 14 17 18 21 24 27 28 31 34 36 39 41 44 46 49 51 54 56 59 61 64 66 69 71 74 76 79 81 84 86 89 91 94 96 99 101 104 106 109 111 114 116 119 121 124 126 129 131 134 136 139 141 144 146 149 151 154 156 159 161 164
a 1 3 5 8 11 14 17 18 21 24 27 28 31 34 36 39 41 44 46 49 51 54 56 59 61 64 66 69 71 74 76 79 81 84 86 89 91 94 96 99 101 104 106 109 111 114 116 119 121 124 126 129 131 134 136 139 141 144 146 149 151 154 156 159 161 164
a 1 3 7 8 11 14 17 18 21 24 27 28 31 34 36 39 41 44 46 49 51 54 56 59 61 64 66 69 71 74 76 79 81 84 86 89 91 94 96 99 101 104 106 109 111 114 116 119 121 124 126 129 131 134 136 139 141 144 146 149 151 154 156 159 161 164
a 1 4 7 8 11 14 17 18 21 24 27 28 31 34 36 39 41 44 46 49 51 54 56 59 61 64 66 69 71 74 76 79 81 84 86 89 91 94 96 99 101 104 106 109 111 114 116 119 121 124 126 129 131 134 136 139 141 144 146 149 151 154 156 159 161 164
a 2 4 7 8 11 14 17 18 21 24 27 28 31 34 36 39 41 44 46 49 51 54 56 59 61 64 66 69 71 74 76 79 81 84 86 89 91 94 96 99 101 104 106 109 111 114 116 119 121 124 126 129 131 134 136 139 141 144 146 149 151 154 156 159 161 164
a 2 4 7 8 10 14 17 18 21 24 27 28 31 34 36 39 41 44 46 49 51 54 56 59 61 64 66 69 71 74 76 79 81 84 86 89 91 94 96 99 101 104 106 109 111 114 116 119 121 124 126 129 131 134 136 139 141 144 146 149 151 154 156 159 161 164
a 2 4 7 8 10 13 17 18 21 24 27 28 31 34 36 39 41 44 46 49 51 54 56 59 61 64 66 69 71 74 76 79 81 84 86 89 91 94 96 99 101 104 106 109 111 114 116 119 121 124 126 129 131 134 136 139 141 144 146 149 151 154 156 159 161 164
a 2 4 7 8 10 13 15 18 21 24 27 28 31 34 36 39 41 44 46 49 51 54 56 59 61 64 66 69 71 74 76 79 81 84 86 89 91 94 96 99 101 104 106 109 111 114 116 119 121 124 126 129 131 134 136 139 141 144 146 149 151 154 156 159 161 164
a 2 4 7 8 10 13 15 19 21 24 27 28 31 34 36 39 41 44 46 49 51 54 56 59 61 64 66 69 71 74 76 79 81 84 86 89 91 94 96 99 101 104 106 109 111 114 116 119 121 124 126 129 131 134 136 139 141 144 146 149 151 154 156 159 161 164
a 2 4 7 8 10 13 15 19 21 24 27 28 30 34 36 39 41 44 46 49 51 54 56 59 61 64 66 69 71 74 76 79 81 84 86 89 91 94 96 99 101 104 106 109 111 114 116 119 121 124 126 129 131 134 136 139 141 144 146 149 151 154 156 159 161 164
a 2 4 7 8 10 13 15 19 21 24 27 28 30 33 36 39 41 44 46 49 51 54 56 59 61 64 66 69 71 74 76 79 81 84 86 89 91 94 96 99 101 104 106 109 111 114 116 119 121 124 126 129 131 134 136 139 141 144 146 149 151 154 156 159 161 164
a 2 4 7 8 10 13 15 19 21 24 27 28 30 33 35 39 41 44 46 49 51 54 56 59 61 64 66 69 71 74 76 79 81 84 86 89 91 94 96 99 101 104 106 109 111 114 116 119 121 124 126 129 131 134 136 139 141 144 146 149 151 154 156 159 161 164
a 2 4 7 8 10 13 15 19 21 24 27 28 30 33 35 38 41 44 46 49 51 54 56 59 61 64 66 69 71 74 76 79 81 84 86 89 91 94 96 99 101 104 106 109 111 114 116 119 121 124 126 129 131 134 136 139 141 144 146 149 151 154 156 159 161 164
a 2 4 7 8 10 13 15 19 21 24 27 28 30 33 37 38 41 44 46 49 51 54 56 59 61 64 66 69 71 74 76 79 81 84 86 89 91 94 96 99 101 104 106 109 111 114 116 119 121 124 126 129 131 134 136 139 141 144 146 149 151 154 156 159 161 164
a 2 4 7 8 10 13 15 19 21 24 27 28 30 34 37 38 41 44 46 49 51 54 56 59 61 64 66 69 71 74 76 79 81 84 86 89 91 94 96 99 101 104 106 109 111 114 116 119 121 124 126 129 131 134 136 139 141 144 146 149 151 154 156 159 161 164
a 2 4 7 8 10 13 15 19 21 24 27 28 31 34 37 38 41 44 46 49 51 54 56 59 61 64 66 69 71 74 76 79 81 84 86 89 91 94 96 99 101 104 106 109 111 114 116 119 121 124 126 129 131 134 136 139 141 144 146 149 151 154 156 159 161 164
a 2 4 7 8 10 13 15 18 21 24 27 28 31 34 37 38 41 44 46 49 51 54 56 59 61 64 66 69 71 74 76 79 81 84 86 89 91 94 96 99 101 104 106 109 111 114 116 119 121 124 126 129 131 134 136 139 141 144 146 149 151 154 156 159 161 164
a 2 4 7 8 10 13 17 18 21 24 27 28 31 34 37 38 41 44 46 49 51 54 56 59 61 64 66 69 71 74 76 79 81 84 86 89 91 94 96 99 101 104 106 109 111 114 116 119 121 124 126 129 131 134 136 139 141 144 146 149 151 154 156 159 161 164
a 2 4 7 8 10 14 17 18 21 24 27 28 31 34 37 38 41 44 46 49 51 54 56 59 61 64 66 69 71 74 76 79 81 84 86 89 91 94 96 99 101 104 106 109 111 114 116 119 121 124 126 129 131 134 136 139 141 144 146 149 151 154 156 159 161 164
a 2 4 7 8 11 14 17 18 21 24 27 28 31 34 37 38 41 44 46 49 51 54 56 59 61 64 66 69 71 74 76 79 81 84 86 89 91 94 96 99 101 104 106 109 111 114 116 119 121 124 126 129 131 134 136 139 141 144 146 149 151 154 156 159 161 164
a 1 4 7 8 11 14 17 18 21 24 27 28 31 34 37 38 41 44 46 49 51 54 56 59 61 64 66 69 71 74 76 79 81 84 86 89 91 94 96 99 101 104 106 109 111 114 116 119 121 124 126 129 131 134 136 139 141 144 146 149 151 154 156 159 161 164
a 1 3 7 8 11 14 17 18 21 24 27 28 31 34 37 38 41 44 46 49 51 54 56 59 61 64 66 69 71 74 76 79 81 84 86 89 91 94 96 99 101 104 106 109 111 114 116 119 121 124 126 129 131 134 136 139 141 144 146 149 151 154 156 159 161 164
a 1 3 5 8 11 14 17 18 21 24 27 28 31 34 37 38 41 44 46 49 51 54 56 59 61 64 66 69 71 74 76 79 81 84 86 89 91 94 96 99 101 104 106 109 111 114 116 119 121 124 126 129 131 134 136 139 141 144 146 149 151 154 156 159 161 164
a 1 3 5 9 11 14 17 18 21 24 27 28 31 34 37 38 41 44 46 49 51 54 56 59 61 64 66 69 71 74 76 79 81 84 86 89 91 94 96 99 101 104 106 109 111 114 116 119 121 124 126 129 131 134 136 139 141 144 146 149 151 154 156 159 161 164
a 1 3 5 9 11 14 17 18 20 24 27 28 31 34 37 38 41 44 46 49 51 54 56 59 61 64 66 69 71 74 76 79 81 84 86 89 91 94 96 99 101 104 106 109 111 114 116 119 121 124 126 129 131 134 136 139 141 144 146 149 151 154 156 159 161 164
a 1 3 5 9 11 14 17 18 20 23 27 28 31 34 37 38 41 44 46 49 51 54 56 59 61 64 66 69 71 74 76 79 81 84 86 89 91 94 96 99 101 104 106 109 111 114 116 119 121 124 126 129 131 134 136 139 141 144 146 149 151 154 156 159 161 164
a 1 3 5 9 11 14 17 18 20 23 25 28 31 34 37 38 41 44 46 49 51 54 56 59 61 64 66 69 71 74 76 79 81 84 86 89 91 94 96 99 101 104 106 109 111 114 116 119 121 124 126 129 131 134 136 139 141 144 146 149 151 154 156 159 161 164
a 1 3 5 9 11 14 17 18 20 23 25 29 31 34 37 38 41 44 46 49 51 54 56 59 61 64 66 69 71 74 76 79 81 84 86 89 91 94 96 99 101 104 106 109 111 114 116 119 121 124 126 129 131 134 136 139 141 144 146 149 151 154 156 159 161 164
a 1 3 5 9 11 14 17 18 20 23 25 29 31 34 37 38 40 44 46 49 51 54 56 59 61 64 66 69 71 74 76 79 81 84 86 89 91 94 96 99 101 104 106 109 111 114 116 119 121 124 126 129 131 134 136 139 141 144 146 149 151 154 156 159 161 164
a 1 3 5 9 11 14 17 18 20 23 25 29 31 34 37 38 40 43 46 49 51 54 56 59 61 64 66 69 71 74 76 79 81 84 86 89 91 94 96 99 101 104 106 109 111 114 116 119 121 124 126 129 131 134 136 139 141 144 146 149 151 154 156 159 161 164
a 1 3 5 9 11 14 17 18 20 23 25 29 31 34 37 38 40 43 45 49 51 54 56 59 61 64 66 69 71 74 76 79 81 84 86 89 91 94 96 99 101 104 106 109 111 114 116 119 121 124 126 129 131 134 136 139 141 144 146 149 151 154 156 159 161 164
a 1 3 5 9 11 14 17 18 20 23 25 29 31 34 37 38 40 43 45 48 51 54 56 59 61 64 66 69 71 74 76 79 81 84 86 89 91 94 96 99 101 104 106 109 111 114 116 119 121 124 126 129 131 134 136 139 141 144 146 149 151 154 156 159 161 164
a 1 3 5 9 11 14 17 18 20 23 25 29 31 34 37 38 40 43 47 48 51 54 56 59 61 64 66 69 71 74 76 79 81 84 86 89 91 94 96 99 101 104 106 109 111 114 116 119 121 124 126 129 131 134 136 139 141 144 146 149 151 154 156 159 161 164
a 1 3 5 9 11 14 17 18 20 23 25 29 31 34 37 38 40 44 47 48 51 54 56 59 61 64 66 69 71 74 76 79 81 84 86 89 91 94 96 99 101 104 106 109 111 114 116 119 121 124 126 129 131 134 136 139 141 144 146 149 151 154 156 159 161 164
a 1 3 5 9 11 14 17 18 20 23 25 29 31 34 37 38 41 44 47 48 51 54 56 59 61 64 66 69 71 74 76 79 81 84 86 89 91 94 96 99 101 104 106 109 111 114 116 119 121 124 126 129 131 134 136 139 141 144 146 149 151 154 156 159 161 164
a 1 3 5 9 11 14 17 18 20 23 25 28 31 34 37 38 41 44 47 48 51 54 56 59 61 64 66 69 71 74 76 79 81 84 86 89 91 94 96 99 101 104 106 109 111 114 116 119 121 124 126 129 131 134 136 139 141 144 146 149 151 154 156 159 161 164
a 1 3 5 9 11 14 17 18 20 23 27 28 31 34 37 38 41 44 47 48 51 54 56 59 61 64 66 69 71 74 76 79 81 84 86 89 91 94 96 99 101 104 106 109 111 114 116 119 121 124 126 129 131 134 136 139 141 144 146 149 151 154 156 159 161 164
a 1 3 5 9 11 14 17 18 20 24 27 28 31 34 37 38 41 44 47 48 51 54 56 59 61 64 66 69 71 74 76 79 81 84 86 89 91 94 96 99 101 104 106 109 111 114 116 119 121 124 126 129 131 134 136 139 141 144 146 149 151 154 156 159 161 164
a 1 3 5 9 11 14 17 18 21 24 27 28 31 34 37 38 41 44 47 48 51 54 56 59 61 64 66 69 71 74 76 79 81 84 86 89 91 94 96 99 101 104 106 109 111 114 116 119 121 124 126 129 131 134 136 139 141 144 146 149 151 154 156 159 161 164
a 1 3 5 8 11 14 17 18 21 24 27 28 31 34 37 38 41 44 47 48 51 54 56 59 61 64 66 69 71 74 76 79 81 84 86 89 91 94 96 99 101 104 106 109 111 114 116 119 121 124 126 129 131 134 136 139 141 144 146 149 151 154 156 159 161 164
a 1 3 7 8 11 14 17 18 21 24 27 28 31 34 37 38 41 44 47 48 51 54 56 59 61 64 66 69 71 74 76 79 81 84 86 89 91 94 96 99 101 104 106 109 111 114 116 119 121 124 126 129 131 134 136 139 141 144 146 149 151 154 156 159 161 164
a 1 4 7 8 11 14 17 18 21 24 27 28 31 34 37 38 41 44 47 48 51 54 56 59 61 64 66 69 71 74 76 79 81 84 86 89 91 94 96 99 101 104 106 109 111 114 116 119 121 124 126 129 131 134 136 139 141 144 146 149 151 154 156 159 161 164
a 2 4 7 8 11 14 17 18 21 24 27 28 31 34 37 38 41 44 47 48 51 54 56 59 61 64 66 69 71 74 76 79 81 84 86 89 91 94 96 99 101 104 106 109 111 114 116 119 121 124 126 129 131 134 136 139 141 144 146 149 151 154 156 159 161 164
a 2 4 7 8 10 14 17 18 21 24 27 28 31 34 37 38 41 44 47 48 51 54 56 59 61 64 66 69 71 74 76 79 81 84 86 89 91 94 96 99 101 104 106 109 111 114 116 119 121 124 126 129 131 134 136 139 141 144 146 149 151 154 156 159 161 164
a 2 4 7 8 10 13 17 18 21 24 27 28 31 34 37 38 41 44 47 48 51 54 56 59 61 64 66 69 71 74 76 79 81 84 86 89 91 94 96 99 101 104 106 109 111 114 116 119 121 124 126 129 131 134 136 139 141 144 146 149 151 154 156 159 161 164
a 2 4 7 8 10 13 15 18 21 24 27 28 31 34 37 38 41 44 47 48 51 54 56 59 61 64 66 69 71 74 76 79 81 84 86 89 91 94 96 99 101 104 106 109 111 114 116 119 121 124 126 129 131 134 136 139 141 144 146 149 151 154 156 159 161 164
a 2 4 7 8 10 13 15 19 21 24 27 28 31 34 37 38 41 44 47 48 51 54 56 59 61 64 66 69 71 74 76 79 81 84 86 89 91 94 96 99 101 104 106 109 111 114 116 119 121 124 126 129 131 134 136 139 141 144 146 149 151 154 156 159 161 164
a 2 4 7 8 10 13 15 19 21 24 27 28 30 34 37 38 41 44 47 48 51 54 56 59 61 64 66 69 71 74 76 79 81 84 86 89 91 94 96 99 101 104 106 109 111 114 116 119 121 124 126 129 131 134 136 139 141 144 146 149 151 154 156 159 161 164
a 2 4 7 8 10 13 15 19 21 24 27 28 30 33 37 38 41 44 47 48 51 54 56 59 61 64 66 69 71 74 76 79 81 84 86 89 91 94 96 99 101 104 106 109 111 114 116 119 121 124 126 129 131 134 136 139 141 144 146 149 151 154 156 159 161 164
a 2 4 7 8 10 13 15 19 21 24 27 28 30 33 35 38 41 44 47 48 51 54 56 59 61 64 66 69 71 74 76 79 81 84 86 89 91 94 96 99 101 104 106 109 111 114 116 119 121 124 126 129 131 134 136 139 141 144 146 149 151 154 156 159 161 164
a 2 4 7 8 10 13 15 19 21 24 27 28 30 33 35 39 41 44 47 48 51 54 56 59 61 64 66 69 71 74 76 79 81 84 86 89 91 94 96 99 101 104 106 109 111 114 116 119 121 124 126 129 131 134 136 139 141 144 146 149 151 154 156 159 161 164
a 2 4 7 8 10 13 15 19 21 24 27 28 30 33 35 39 41 44 47 48 50 54 56 59 61 64 66 69 71 74 76 79 81 84 86 89 91 94 96 99 101 104 106 109 111 114 116 119 121 124 126 129 131 134 136 139 141 144 146 149 151 154 156 159 161 164
a 2 4 7 8 10 13 15 19 21 24 27 28 30 33 35 39 41 44 47 48 50 53 56 59 61 64 66 69 71 74 76 79 81 84 86 89 91 94 96 99 101 104 106 109 111 114 116 119 121 124 126 129 131 134 136 139 141 144 146 149 151 154 156 159 161 164
a 2 4 7 8 10 13 15 19 21 24 27 28 30 33 35 39 41 44 47 48 50 53 55 59 61 64 66 69 71 74 76 79 81 84 86 89 91 94 96 99 101 104 106 109 111 114 116 119 121 124 126 129 131 134 136 139 141 144 146 149 151 154 156 159 161 164
a 2 4 7 8 10 13 15 19 21 24 27 28 30 33 35 39 41 44 47 48 50 53 55 58 61 64 66 69 71 74 76 79 81 84 86 89 91 94 96 99 101 104 106 109 111 114 116 119 121 124 126 129 131 134 136 139 141 144 146 149 151 154 156 159 161 164
a 2 4 7 8 10 13 15 19 21 24 27 28 30 33 35 39 41 44 47 48 50 53 57 58 61 64 66 69 71 74 76 79 81 84 86 89 91 94 96 99 101 104 106 109 111 114 116 119 121 124 126 129 131 134 136 139 141 144 146 149 151 154 156 159 161 164
a 2 4 7 8 10 13 15 19 21 24 27 28 30 33 35 39 41 44 47 48 50 54 57 58 61 64 66 69 71 74 76 79 81 84 86 89 91 94 96 99 101 104 106 109 111 114 116 119 121 124 126 129 131 134 136 139 141 144 146 149 151 154 156 159 161 164
a 2 4 7 8 10 13 15 19 21 24 27 28 30 33 35 39 41 44 47 48 51 54 57 58 61 64 66 69 71 74 76 79 81 84 86 89 91 94 96 99 101 104 106 109 111 114 116 119 121 124 126 129 131 134 136 139 141 144 146 149 151 154 156 159 161 164
a 2 4 7 8 10 13 15 19 21 24 27 28 30 33 35 38 41 44 47 48 51 54 57 58 61 64 66 69 71 74 76 79 81 84 86 89 91 94 96 99 101 104 106 109 111 114 116 119 121 124 126 129 131 134 136 139 141 144 146 149 151 154 156 159 161 164
a 2 4 7 8 10 13 15 19 21 24 27 28 30 33 37 38 41 44 47 48 51 54 57 58 61 64 66 69 71 74 76 79 81 84 86 89 91 94 96 99 101 104 106 109 111 114 116 119 121 124 126 129 131 134 136 139 141 144 146 149 151 154 156 159 161 164
a 2 4 7 8 10 13 15 19 21 24 27 28 30 34 37 38 41 44 47 48 51 54 57 58 61 64 66 69 71 74 76 79 81 84 86 89 91 94 96 99 101 104 106 109 111 114 116 119 121 124 126 129 131 134 136 139 141 144 146 149 151 154 156 159 161 164
a 2 4 7 8 10 13 15 19 21 24 27 28 31 34 37 38 41 44 47 48 51 54 57 58 61 64 66 69 71 74 76 79 81 84 86 89 91 94 96 99 101 104 106 109 111 114 116 119 121 124 126 129 131 134 136 139 141 144 146 149 151 154 156 159 161 164
a 2 4 7 8 10 13 15 18 21 24 27 28 31 34 37 38 41 44 47 48 51 54 57 58 61 64 66 69 71 74 76 79 81 84 86 89 91 94 96 99 101 104 106 109 111 114 116 119 121 124 126 129 131 134 136 139 141 144 146 149 151 154 156 159 161 164
a 2 4 7 8 10 13 17 18 21 24 27 28 31 34 37 38 41 44 47 48 51 54 57 58 61 64 66 69 71 74 76 79 81 84 86 89 91 94 96 99 101 104 106 109 111 114 116 119 121 124 126 129 131 134 136 139 141 144 146 149 151 154 156 159 161 164
a 2 4 7 8 10 14 17 18 21 24 27 28 31 34 37 38 41 44 47 48 51 54 57 58 61 64 66 69 71 74 76 79 81 84 86 89 91 94 96 99 101 104 106 109 111 114 116 119 121 124 126 129 131 134 136 139 141 144 146 149 151 154 156 159 161 164
a 2 4 7 8 11 14 17 18 21 24 27 28 31 34 37 38 41 44 47 48 51 54 57 58 61 64 66 69 71 74 76 79 81 84 86 89 91 94 96 99 101 104 106 109 111 114 116 119 121 124 126 129 131 134 136 139 141 144 146 149 151 154 156 159 161 164
a 1 4 7 8 11 14 17 18 21 24 27 28 31 34 37 38 41 44 47 48 51 54 57 58 61 64 66 69 71 74 76 79 81 84 86 89 91 94 96 99 101 104 106 109 111 114 116 119 121 124 126 129 131 134 136 139 141 144 146 149 151 154 156 159 161 164
a 1 3 7 8 11 14 17 18 21 24 27 28 31 34 37 38 41 44 47 48 51 54 57 58 61 64 66 69 71 74 76 79 81 84 86 89 91 94 96 99 101 104 106 109 111 114 116 119 121 124 126 129 131 134 136 139 141 144 146 149 151 154 156 159 161 164
a 1 3 5 8 11 14 17 18 21 24 27 28 31 34 37 38 41 44 47 48 51 54 57 58 61 64 66 69 71 74 76 79 81 84 86 89 91 94 96 99 101 104 106 109 111 114 116 119 121 124 126 129 131 134 136 139 141 144 146 149 151 154 156 159 161 164
a 1 3 5 9 11 14 17 18 21 24 27 28 31 34 37 38 41 44 47 48 51 54 57 58 61 64 66 69 71 74 76 79 81 84 86 89 91 94 96 99 101 104 106 109 111 114 116 119 121 124 126 129 131 134 136 139 141 144 146 149 151 154 156 159 161 164
a 1 3 5 9 11 14 17 18 20 24 27 28 31 34 37 38 41 44 47 48 51 54 57 58 61 64 66 69 71 74 76 79 81 84 86 89 91 94 96 99 101 104 106 109 111 114 116 119 121 124 126 129 131 134 136 139 141 144 146 149 151 154 156 159 161 164
a 1 3 5 9 11 14 17 18 20 23 27 28 31 34 37 38 41 44 47 48 51 54 57 58 61 64 66 69 71 74 76 79 81 84 86 89 91 94 96 99 101 104 106 109 111 114 116 119 121 124 126 129 131 134 136 139 141 144 146 149 151 154 156 159 161 164
a 1 3 5 9 11 14 17 18 20 23 25 28 31 34 37 38 41 44 47 48 51 54 57 58 61 64 66 69 71 74 76 79 81 84 86 89 91 94 96 99 101 104 106 109 111 114 116 119 121 124 126 129 131 134 136 139 141 144 146 149 151 154 156 159 161 164
a 1 3 5 9 11 14 17 18 20 23 25 29 31 34 37 38 41 44 47 48 51 54 57 58 61 64 66 69 71 74 76 79 81 84 86 89 91 94 96 99 101 104 106 109 111 114 116 119 121 124 126 129 131 134 136 139 141 144 146 149 151 154 156 159 161 164
a 1 3 5 9 11 14 17 18 20 23 25 29 31 34 37 38 40 44 47 48 51 54 57 58 61 64 66 69 71 74 76 79 81 84 86 89 91 94 96 99 101 104 106 109 111 114 116 119 121 124 126 129 131 134 136 139 141 144 146 149 151 154 156 159 161 164
a 1 3 5 9 11 14 17 18 20 23 25 29 31 34 37 38 40 43 47 48 51 54 57 58 61 64 66 69 71 74 76 79 81 84 86 89 91 94 96 99 101 104 106 109 111 114 116 119 121 124 126 129 131 134 136 139 141 144 146 149 151 154 156 159 161 164
a 1 3 5 9 11 14 17 18 20 23 25 29 31 34 37 38 40 43 45 48 51 54 57 58 61 64 66 69 71 74 76 79 81 84 86 89 91 94 96 99 101 104 106 109 111 114 116 119 121 124 126 129 131 134 136 139 141 144 146 149 151 154 156 159 161 164
a 1 3 5 9 11 14 17 18 20 23 25 29 31 34 37 38 40 43 45 49 51 54 57 58 61 64 66 69 71 74 76 79 81 84 86 89 91 94 96 99 101 104 106 109 111 114 116 119 121 124 126 129 131 134 136 139 141 144 146 149 151 154 156 159 161 164
a 1 3 5 9 11 14 17 18 20 23 25 29 31 34 37 38 40 43 45 49 51 54 57 58 60 64 66 69 71 74 76 79 81 84 86 89 91 94 96 99 101 104 106 109 111 114 116 119 121 124 126 129 131 134 136 139 141 144 146 149 151 154 156 159 161 164
a 1 3 5 9 11 14 17 18 20 23 25 29 31 34 37 38 40 43 45 49 51 54 57 58 60 63 66 69 71 74 76 79 81 84 86 89 91 94 96 99 101 104 106 109 111 114 116 119 121 124 126 129 131 134 136 139 141 144 146 149 151 154 156 159 161 164
a 1 3 5 9 11 14 17 18 20 23 25 29 31 34 37 38 40 43 45 49 51 54 57 58 60 63 65 69 71 74 76 79 81 84 86 89 91 94 96 99 101 104 106 109 111 114 116 119 121 124 126 129 131 134 136 139 141 144 146 149 151 154 156 159 161 164
a 1 3 5 9 11 14 17 18 20 23 25 29 31 34 37 38 40 43 45 49 51 54 57 58 60 63 65 68 71 74 76 79 81 84 86 89 91 94 96 99 101 104 106 109 111 114 116 119 121 124 126 129 131 134 136 139 141 144 146 149 151 154 156 159 161 164
a 1 3 5 9 11 14 17 18 20 23 25 29 31 34 37 38 40 43 45 49 51 54 57 58 60 63 67 68 71 74 76 79 81 84 86 89 91 94 96 99 101 104 106 109 111 114 116 119 121 124 126 129 131 134 136 139 141 144 146 149 151 154 156 159 161 164
a 1 3 5 9 11 14 17 18 20 23 25 29 31 34 37 38 40 43 45 49 51 54 57 58 60 64 67 68 71 74 76 79 81 84 86 89 91 94 96 99 101 104 106 109 111 114 116 119 121 124 126 129 131 134 136 139 141 144 146 149 151 154 156 159 161 164
a 1 3 5 9 11 14 17 18 20 23 25 29 31 34 37 38 40 43 45 49 51 54 57 58 61 64 67 68 71 74 76 79 81 84 86 89 91 94 96 99 101 104 106 109 111 114 116 119 121 124 126 129 131 134 136 139 141 144 146 149 151 154 156 159 161 164
a 1 3 5 9 11 14 17 18 20 23 25 29 31 34 37 38 40 43 45 48 51 54 57 58 61 64 67 68 71 74 76 79 81 84 86 89 91 94 96 99 101 104 106 109 111 114 116 119 121 124 126 129 131 134 136 139 141 144 146 149 151 154 156 159 161 164
a 1 3 5 9 11 14 17 18 20 23 25 29 31 34 37 38 40 43 47 48 51 54 57 58 61 64 67 68 71 74 76 79 81 84 86 89 91 94 96 99 101 104 106 109 111 114 116 119 121 124 126 129 131 134 136 139 141 144 146 149 151 154 156 159 161 164
a 1 3 5 9 11 14 17 18 20 23 25 29 31 34 37 38 40 44 47 48 51 54 57 58 61 64 67 68 71 74 76 79 81 84 86 89 91 94 96 99 101 104 106 109 111 114 116 119 121 124 126 129 131 134 136 139 141 144 146 149 151 154 156 159 161 164
a 1 3 5 9 11 14 17 18 20 23 25 29 31 34 37 38 41 44 47 48 51 54 57 58 61 64 67 68 71 74 76 79 81 84 86 89 91 94 96 99 101 104 106 109 111 114 116 119 121 124 126 129 131 134 136 139 141 144 146 149 151 154 156 159 161 164
a 1 3 5 9 11 14 17 18 20 23 25 28 31 34 37 38 41 44 47 48 51 54 57 58 61 64 67 68 71 74 76 79 81 84 86 89 91 94 96 99 101 104 106 109 111 114 116 119 121 124 126 129 131 134 136 139 141 144 146 149 151 154 156 159 161 164
a 1 3 5 9 11 14 17 18 20 23 27 28 31 34 37 38 41 44 47 48 51 54 57 58 61 64 67 68 71 74 76 79 81 84 86 89 91 94 96 99 101 104 106 109 111 114 116 119 121 124 126 129 131 134 136 139 141 144 146 149 151 154 156 159 161 164
a 1 3 5 9 11 14 17 18 20 24 27 28 31 34 37 38 41 44 47 48 51 54 57 58 61 64 67 68 71 74 76 79 81 84 86 89 91 94 96 99 101 104 106 109 111 114 116 119 121 124 126 129 131 134 136 139 141 144 146 149 151 154 156 159 161 164
a 1 3 5 9 11 14 17 18 21 24 27 28 31 34 37 38 41 44 47 48 51 54 57 58 61 64 67 68 71 74 76 79 81 84 86 89 91 94 96 99 101 104 106 109 111 114 116 119 121 124 126 129 131 134 136 139 141 144 146 149 151 154 156 159 161 164
a 1 3 5 8 11 14 17 18 21 24 27 28 31 34 37 38 41 44 47 48 51 54 57 58 61 64 67 68 71 74 76 79 81 84 86 89 91 94 96 99 101 104 106 109 111 114 116 119 121 124 126 129 131 134 136 139 141 144 146 149 151 154 156 159 161 164
a 1 3 7 8 11 14 17 18 21 24 27 28 31 34 37 38 41 44 47 48 51 54 57 58 61 64 67 68 71 74 76 79 81 84 86 89 91 94 96 99 101 104 106 109 111 114 116 119 121 124 126 129 131 134 136 139 141 144 146 149 151 154 156 159 161 164
a 1 4 7 8 11 14 17 18 21 24 27 28 31 34 37 38 41 44 47 48 51 54 57 58 61 64 67 68 71 74 76 79 81 84 86 89 91 94 96 99 101 104 106 109 111 114 116 119 121 124 126 129 131 134 136 139 141 144 146 149 151 154 156 159 161 164
a 2 4 7 8 11 14 17 18 21 24 27 28 31 34 37 38 41 44 47 48 51 54 57 58 61 64 67 68 71 74 76 79 81 84 86 89 91 94 96 99 101 104 106 109 111 114 116 119 121 124 126 129 131 134 136 139 141 144 146 149 151 154 156 159 161 164
a 2 4 7 8 10 14 17 18 21 24 27 28 31 34 37 38 41 44 47 48 51 54 57 58 61 64 67 68 71 74 76 79 81 84 86 89 91 94 96 99 101 104 106 109 111 114 116 119 121 124 126 129 131 134 136 139 141 144 146 149 151 154 156 159 161 164
a 2 4 7 8 10 13 17 18 21 24 27 28 31 34 37 38 41 44 47 48 51 54 57 58 61 64 67 68 71 74 76 79 81 84 86 89 91 94 96 99 101 104 106 109 111 114 116 119 121 124 126 129 131 134 136 139 141 144 146 149 151 154 156 159 161 164
a 2 4 7 8 10 13 15 18 21 24 27 28 31 34 37 38 41 44 47 48 51 54 57 58 61 64 67 68 71 74 76 79 81 84 86 89 91 94 96 99 101 104 106 109 111 114 116 119 121 124 126 129 131 134 136 139 141 144 146 149 151 154 156 159 161 164
a 2 4 7 8 10 13 15 19 21 24 27 28 31 34 37 38 41 44 47 48 51 54 57 58 61 64 67 68 71 74 76 79 81 84 86 89 91 94 96 99 101 104 106 109 111 114 116 119 121 124 126 129 131 134 136 139 141 144 146 149 151 154 156 159 161 164
a 2 4 7 8 10 13 15 19 21 24 27 28 30 34 37 38 41 44 47 48 51 54 57 58 61 64 67 68 71 74 76 79 81 84 86 89 91 94 96 99 101 104 106 109 111 114 116 119 121 124 126 129 131 134 136 139 141 144 146 149 151 154 156 159 161 164
a 2 4 7 8 10 13 15 19 21 24 27 28 30 33 37 38 41 44 47 48 51 54 57 58 61 64 67 68 71 74 76 79 81 84 86 89 91 94 96 99 101 104 106 109 111 114 116 119 121 124 126 129 131 134 136 139 141 144 146 149 151 154 156 159 161 164
a 2 4 7 8 10 13 15 19 21 24 27 28 30 33 35 38 41 44 47 48 51 54 57 58 61 64 67 68 71 74 76 79 81 84 86 89 91 94 96 99 101 104 106 109 111 114 116 119 121 124 126 129 131 134 136 139 141 144 146 149 151 154 156 159 161 164
a 2 4 7 8 10 13 15 19 21 24 27 28 30 33 35 39 41 44 47 48 51 54 57 58 61 64 67 68 71 74 76 79 81 84 86 89 91 94 96 99 101 104 106 109 111 114 116 119 121 124 126 129 131 134 136 139 141 144 146 149 151 154 156 159 161 164
a 2 4 7 8 10 13 15 19 21 24 27 28 30 33 35 39 41 44 47 48 50 54 57 58 61 64 67 68 71 74 76 79 81 84 86 89 91 94 96 99 101 104 106 109 111 114 116 119 121 124 126 129 131 134 136 139 141 144 146 149 151 154 156 159 161 164
a 2 4 7 8 10 13 15 19 21 24 27 28 30 33 35 39 41 44 47 48 50 53 57 58 61 64 67 68 71 74 76 79 81 84 86 89 91 94 96 99 101 104 106 109 111 114 116 119 121 124 126 129 131 134 136 139 141 144 146 149 151 154 156 159 161 164
a 2 4 7 8 10 13 15 19 21 24 27 28 30 33 35 39 41 44 47 48 50 53 55 58 61 64 67 68 71 74 76 79 81 84 86 89 91 94 96 99 101 104 106 109 111 114 116 119 121 124 126 129 131 134 136 139 141 144 146 149 151 154 156 159 161 164
a 2 4 7 8 10 13 15 19 21 24 27 28 30 33 35 39 41 44 47 48 50 53 55 59 61 64 67 68 71 74 76 79 81 84 86 89 91 94 96 99 101 104 106 109 111 114 116 119 121 124 126 129 131 134 136 139 141 144 146 149 151 154 156 159 161 164
a 2 4 7 8 10 13 15 19 21 24 27 28 30 33 35 39 41 44 47 48 50 53 55 59 61 64 67 68 70 74 76 79 81 84 86 89 91 94 96 99 101 104 106 109 111 114 116 119 121 124 126 129 131 134 136 139 141 144 146 149 151 154 156 159 161 164
a 2 4 7 8 10 13 15 19 21 24 27 28 30 33 35 39 41 44 47 48 50 53 55 59 61 64 67 68 70 73 76 79 81 84 86 89 91 94 96 99 101 104 106 109 111 114 116 119 121 124 126 129 131 134 136 139 141 144 146 149 151 154 156 159 161 164
a 2 4 7 8 10 13 15 19 21 24 27 28 30 33 35 39 41 44 47 48 50 53 55 59 61 64 67 68 70 73 75 79 81 84 86 89 91 94 96 99 101 104 106 109 111 114 116 119 121 124 126 129 131 134 136 139 141 144 146 149 151 154 156 159 161 164
a 2 4 7 8 10 13 15 19 21 24 27 28 30 33 35 39 41 44 47 48 50 53 55 59 61 64 67 68 70 73 75 78 81 84 86 89 91 94 96 99 101 104 106 109 111 114 116 119 121 124 126 129 131 134 136 139 141 144 146 149 151 154 156 159 161 164
a 2 4 7 8 10 13 15 19 21 24 27 28 30 33 35 39 41 44 47 48 50 53 55 59 61 64 67 68 70 73 77 78 81 84 86 89 91 94 96 99 101 104 106 109 111 114 116 119 121 124 126 129 131 134 136 139 141 144 146 149 151 154 156 159 161 164
a 2 4 7 8 10 13 15 19 21 24 27 28 30 33 35 39 41 44 47 48 50 53 55 59 61 64 67 68 70 74 77 78 81 84 86 89 91 94 96 99 101 104 106 109 111 114 116 119 121 124 126 129 131 134 136 139 141 144 146 149 151 154 156 159 161 164
a 2 4 7 8 10 13 15 19 21 24 27 28 30 33 35 39 41 44 47 48 50 53 55 59 61 64 67 68 71 74 77 78 81 84 86 89 91 94 96 99 101 104 106 109 111 114 116 119 121 124 126 129 131 134 136 139 141 144 146 149 151 154 156 159 161 164
a 2 4 7 8 10 13 15 19 21 24 27 28 30 33 35 39 41 44 47 48 50 53 55 58 61 64 67 68 71 74 77 78 81 84 86 89 91 94 96 99 101 104 106 109 111 114 116 119 121 124 126 129 131 134 136 139 141 144 146 149 151 154 156 159 161 164
a 2 4 7 8 10 13 15 19 21 24 27 28 30 33 35 39 41 44 47 48 50 53 57 58 61 64 67 68 71 74 77 78 81 84 86 89 91 94 96 99 101 104 106 109 111 114 116 119 121 124 126 129 131 134 136 139 141 144 146 149 151 154 156 159 161 164
a 2 4 7 8 10 13 15 19 21 24 27 28 30 33 35 39 41 44 47 48 50 54 57 58 61 64 67 68 71 74 77 78 81 84 86 89 91 94 96 99 101 104 106 109 111 114 116 119 121 124 126 129 131 134 136 139 141 144 146 149 151 154 156 159 161 164
a 2 4 7 8 10 13 15 19 21 24 27 28 30 33 35 39 41 44 47 48 51 54 57 58 61 64 67 68 71 74 77 78 81 84 86 89 91 94 96 99 101 104 106 109 111 114 116 119 121 124 126 129 131 134 136 139 141 144 146 149 151 154 156 159 161 164
a 2 4 7 8 10 13 15 19 21 24 27 28 30 33 35 38 41 44 47 48 51 54 57 58 61 64 67 68 71 74 77 78 81 84 86 89 91 94 96 99 101 104 106 109 111 114 116 119 121 124 126 129 131 134 136 139 141 144 146 149 151 154 156 159 161 164
a 2 4 7 8 10 13 15 19 21 24 27 28 30 33 37 38 41 44 47 48 51 54 57 58 61 64 67 68 71 74 77 78 81 84 86 89 91 94 96 99 101 104 106 109 111 114 116 119 121 124 126 129 131 134 136 139 141 144 146 149 151 154 156 159 161 164
a 2 4 7 8 10 13 15 19 21 24 27 28 30 34 37 38 41 44 47 48 51 54 57 58 61 64 67 68 71 74 77 78 81 84 86 89 91 94 96 99 101 104 106 109 111 114 116 119 121 124 126 129 131 134 136 139 141 144 146 149 151 154 156 159 161 164
a 2 4 7 8 10 13 15 19 21 24 27 28 31 34 37 38 41 44 47 48 51 54 57 58 61 64 67 68 71 74 77 78 81 84 86 89 91 94 96 99 101 104 106 109 111 114 116 119 121 124 126 129 131 134 136 139 141 144 146 149 151 154 156 159 161 164
a 2 4 7 8 10 13 15 18 21 24 27 28 31 34 37 38 41 44 47 48 51 54 57 58 61 64 67 68 71 74 77 78 81 84 86 89 91 94 96 99 101 104 106 109 111 114 116 119 121 124 126 129 131 134 136 139 141 144 146 149 151 154 156 159 161 164
a 2 4 7 8 10 13 17 18 21 24 27 28 31 34 37 38 41 44 47 48 51 54 57 58 61 64 67 68 71 74 77 78 81 84 86 89 91 94 96 99 101 104 106 109 111 114 116 119 121 124 126 129 131 134 136 139 141 144 146 149 151 154 156 159 161 164
a 2 4 7 8 10 14 17 18 21 24 27 28 31 34 37 38 41 44 47 48 51 54 57 58 61 64 67 68 71 74 77 78 81 84 86 89 91 94 96 99 101 104 106 109 111 114 116 119 121 124 126 129 131 134 136 139 141 144 146 149 151 154 156 159 161 164
a 2 4 7 8 11 14 17 18 21 24 27 28 31 34 37 38 41 44 47 48 51 54 57 58 61 64 67 68 71 74 77 78 81 84 86 89 91 94 96 99 101 104 106 109 111 114 116 119 121 124 126 129 131 134 136 139 141 144 146 149 151 154 156 159 161 164
a 1 4 7 8 11 14 17 18 21 24 27 28 31 34 37 38 41 44 47 48 51 54 57 58 61 64 67 68 71 74 77 78 81 84 86 89 91 94 96 99 101 104 106 109 111 114 116 119 121 124 126 129 131 134 136 139 141 144 146 149 151 154 156 159 161 164
a 1 3 7 8 11 14 17 18 21 24 27 28 31 34 37 38 41 44 47 48 51 54 57 58 61 64 67 68 71 74 77 78 81 84 86 89 91 94 96 99 101 104 106 109 111 114 116 119 121 124 126 129 131 134 136 139 141 144 146 149 151 154 156 159 161 164
a 1 3 5 8 11 14 17 18 21 24 27 28 31 34 37 38 41 44 47 48 51 54 57 58 61 64 67 68 71 74 77 78 81 84 86 89 91 94 96 99 101 104 106 109 111 114 116 119 121 124 126 129 131 134 136 139 141 144 146 149 151 154 156 159 161 164
a 1 3 5 9 11 14 17 18 21 24 27 28 31 34 37 38 41 44 47 48 51 54 57 58 61 64 67 68 71 74 77 78 81 84 86 89 91 94 96 99 101 104 106 109 111 114 116 119 121 124 126 129 131 134 136 139 141 144 146 149 151 154 156 159 161 164
a 1 3 5 9 11 14 17 18 20 24 27 28 31 34 37 38 41 44 47 48 51 54 57 58 61 64 67 68 71 74 77 78 81 84 86 89 91 94 96 99 101 104 106 109 111 114 116 119 121 124 126 129 131 134 136 139 141 144 146 149 151 154 156 159 161 164
a 1 3 5 9 11 14 17 18 20 23 27 28 31 34 37 38 41 44 47 48 51 54 57 58 61 64 67 68 71 74 77 78 81 84 86 89 91 94 96 99 101 104 106 109 111 114 116 119 121 124 126 129 131 134 136 139 141 144 146 149 151 154 156 159 161 164
a 1 3 5 9 11 14 17 18 20 23 25 28 31 34 37 38 41 44 47 48 51 54 57 58 61 64 67 68 71 74 77 78 81 84 86 89 91 94 96 99 101 104 106 109 111 114 116 119 121 124 126 129 131 134 136 139 141 144 146 149 151 154 156 159 161 164
a 1 3 5 9 11 14 17 18 20 23 25 29 31 34 37 38 41 44 47 48 51 54 57 58 61 64 67 68 71 74 77 78 81 84 86 89 91 94 96 99 101 104 106 109 111 114 116 119 121 124 126 129 131 134 136 139 141 144 146 149 151 154 156 159 161 164
a 1 3 5 9 11 14 17 18 20 23 25 29 31 34 37 38 40 44 47 48 51 54 57 58 61 64 67 68 71 74 77 78 81 84 86 89 91 94 96 99 101 104 106 109 111 114 116 119 121 124 126 129 131 134 136 139 141 144 146 149 151 154 156 159 161 164
a 1 3 5 9 11 14 17 18 20 23 25 29 31 34 37 38 40 43 47 48 51 54 57 58 61 64 67 68 71 74 77 78 81 84 86 89 91 94 96 99 101 104 106 109 111 114 116 119 121 124 126 129 131 134 136 139 141 144 146 149 151 154 156 159 161 164
a 1 3 5 9 11 14 17 18 20 23 25 29 31 34 37 38 40 43 45 48 51 54 57 58 61 64 67 68 71 74 77 78 81 84 86 89 91 94 96 99 101 104 106 109 111 114 116 119 121 124 126 129 131 134 136 139 141 144 146 149 151 154 156 159 161 164
a 1 3 5 9 11 14 17 18 20 23 25 29 31 34 37 38 40 43 45 49 51 54 57 58 61 64 67 68 71 74 77 78 81 84 86 89 91 94 96 99 101 104 106 109 111 114 116 119 121 124 126 129 131 134 136 139 141 144 146 149 151 154 156 159 161 164
a 1 3 5 9 11 14 17 18 20 23 25 29 31 34 37 38 40 43 45 49 51 54 57 58 60 64 67 68 71 74 77 78 81 84 86 89 91 94 96 99 101 104 106 109 111 114 116 119 121 124 126 129 131 134 136 139 141 144 146 149 151 154 156 159 161 164
a 1 3 5 9 11 14 17 18 20 23 25 29 31 34 37 38 40 43 45 49 51 54 57 58 60 63 67 68 71 74 77 78 81 84 86 89 91 94 96 99 101 104 106 109 111 114 116 119 121 124 126 129 131 134 136 139 141 144 146 149 151 154 156 159 161 164
a 1 3 5 9 11 14 17 18 20 23 25 29 31 34 37 38 40 43 45 49 51 54 57 58 60 63 65 68 71 74 77 78 81 84 86 89 91 94 96 99 101 104 106 109 111 114 116 119 121 124 126 129 131 134 136 139 141 144 146 149 151 154 156 159 161 164
a 1 3 5 9 11 14 17 18 20 23 25 29 31 34 37 38 40 43 45 49 51 54 57 58 60 63 65 69 71 74 77 78 81 84 86 89 91 94 96 99 101 104 106 109 111 114 116 119 121 124 126 129 131 134 136 139 141 144 146 149 151 154 156 159 161 164
a 1 3 5 9 11 14 17 18 20 23 25 29 31 34 37 38 40 43 45 49 51 54 57 58 60 63 65 69 71 74 77 78 80 84 86 89 91 94 96 99 101 104 106 109 111 114 116 119 121 124 126 129 131 134 136 139 141 144 146 149 151 154 156 159 161 164
a 1 3 5 9 11 14 17 18 20 23 25 29 31 34 37 38 40 43 45 49 51 54 57 58 60 63 65 69 71 74 77 78 80 83 86 89 91 94 96 99 101 104 106 109 111 114 116 119 121 124 126 129 131 134 136 139 141 144 146 149 151 154 156 159 161 164
a 1 3 5 9 11 14 17 18 20 23 25 29 31 34 37 38 40 43 45 49 51 54 57 58 60 63 65 69 71 74 77 78 80 83 85 89 91 94 96 99 101 104 106 109 111 114 116 119 121 124 126 129 131 134 136 139 141 144 146 149 151 154 156 159 161 164
a 1 3 5 9 11 14 17 18 20 23 25 29 31 34 37 38 40 43 45 49 51 54 57 58 60 63 65 69 71 74 77 78 80 83 85 88 91 94 96 99 101 104 106 109 111 114 116 119 121 124 126 129 131 134 136 139 141 144 146 149 151 154 156 159 161 164
a 1 3 5 9 11 14 17 18 20 23 25 29 31 34 37 38 40 43 45 49 51 54 57 58 60 63 65 69 71 74 77 78 80 83 87 88 91 94 96 99 101 104 106 109 111 114 116 119 121 124 126 129 131 134 136 139 141 144 146 149 151 154 156 159 161 164
a 1 3 5 9 11 14 17 18 20 23 25 29 31 34 37 38 40 43 45 49 51 54 57 58 60 63 65 69 71 74 77 78 80 84 87 88 91 94 96 99 101 104 106 109 111 114 116 119 121 124 126 129 131 134 136 139 141 144 146 149 151 154 156 159 161 164
a 1 3 5 9 11 14 17 18 20 23 25 29 31 34 37 38 40 43 45 49 51 54 57 58 60 63 65 69 71 74 77 78 81 84 87 88 91 94 96 99 101 104 106 109 111 114 116 119 121 124 126 129 131 134 136 139 141 144 146 149 151 154 156 159 161 164
a 1 3 5 9 11 14 17 18 20 23 25 29 31 34 37 38 40 43 45 49 51 54 57 58 60 63 65 68 71 74 77 78 81 84 87 88 91 94 96 99 101 104 106 109 111 114 116 119 121 124 126 129 131 134 136 139 141 144 146 149 151 154 156 159 161 164
a 1 3 5 9 11 14 17 18 20 23 25 29 31 34 37 38 40 43 45 49 51 54 57 58 60 63 67 68 71 74 77 78 81 84 87 88 91 94 96 99 101 104 106 109 111 114 116 119 121 124 126 129 131 134 136 139 141 144 146 149 151 154 156 159 161 164
a 1 3 5 9 11 14 17 18 20 23 25 29 31 34 37 38 40 43 45 49 51 54 57 58 60 64 67 68 71 74 77 78 81 84 87 88 91 94 96 99 101 104 106 109 111 114 116 119 121 124 126 129 131 134 136 139 141 144 146 149 151 154 156 159 161 164
a 1 3 5 9 11 14 17 18 20 23 25 29 31 34 37 38 40 43 45 49 51 54 57 58 61 64 67 68 71 74 77 78 81 84 87 88 91 94 96 99 101 104 106 109 111 114 116 119 121 124 126 129 131 134 136 139 141 144 146 149 151 154 156 159 161 164
a 1 3 5 9 11 14 17 18 20 23 25 29 31 34 37 38 40 43 45 48 51 54 57 58 61 64 67 68 71 74 77 78 81 84 87 88 91 94 96 99 101 104 106 109 111 114 116 119 121 124 126 129 131 134 136 139 141 144 146 149 151 154 156 159 161 164
a 1 3 5 9 11 14 17 18 20 23 25 29 31 34 37 38 40 43 47 48 51 54 57 58 61 64 67 68 71 74 77 78 81 84 87 88 91 94 96 99 101 104 106 109 111 114 116 119 121 124 126 129 131 134 136 139 141 144 146 149 151 154 156 159 161 164
a 1 3 5 9 11 14 17 18 20 23 25 29 31 34 37 38 40 44 47 48 51 54 57 58 61 64 67 68 71 74 77 78 81 84 87 88 91 94 96 99 101 104 106 109 111 114 116 119 121 124 126 129 131 134 136 139 141 144 146 149 151 154 156 159 161 164
a 1 3 5 9 11 14 17 18 20 23 25 29 31 34 37 38 41 44 47 48 51 54 57 58 61 64 67 68 71 74 77 78 81 84 87 88 91 94 96 99 101 104 106 109 111 114 116 119 121 124 126 129 131 134 136 139 141 144 146 149 151 154 156 159 161 164
a 1 3 5 9 11 14 17 18 20 23 25 28 31 34 37 38 41 44 47 48 51 54 57 58 61 64 67 68 71 74 77 78 81 84 87 88 91 94 96 99 101 104 106 109 111 114 116 119 121 124 126 129 131 134 136 139 141 144 146 149 151 154 156 159 161 164
a 1 3 5 9 11 14 17 18 20 23 27 28 31 34 37 38 41 44 47 48 51 54 57 58 61 64 67 68 71 74 77 78 81 84 87 88 91 94 96 99 101 104 106 109 111 114 116 119 121 124 126 129 131 134 136 139 141 144 146 149 151 154 156 159 161 164
a 1 3 5 9 11 14 17 18 20 24 27 28 31 34 37 38 41 44 47 48 51 54 57 58 61 64 67 68 71 74 77 78 81 84 87 88 91 94 96 99 101 104 106 109 111 114 116 119 121 124 126 129 131 134 136 139 141 144 146 149 151 154 156 159 161 164
a 1 3 5 9 11 14 17 18 21 24 27 28 31 34 37 38 41 44 47 48 51 54 57 58 61 64 67 68 71 74 77 78 81 84 87 88 91 94 96 99 101 104 106 109 111 114 116 119 121 124 126 129 131 134 136 139 141 144 146 149 151 154 156 159 161 164
a 1 3 5 8 11 14 17 18 21 24 27 28 31 34 37 38 41 44 47 48 51 54 57 58 61 64 67 68 71 74 77 78 81 84 87 88 91 94 96 99 101 104 106 109 111 114 116 119 121 124 126 129 131 134 136 139 141 144 146 149 151 154 156 159 161 164
a 1 3 7 8 11 14 17 18 21 24 27 28 31 34 37 38 41 44 47 48 51 54 57 58 61 64 67 68 71 74 77 78 81 84 87 88 91 94 96 99 101 104 106 109 111 114 116 119 121 124 126 129 131 134 136 139 141 144 146 149 151 154 156 159 161 164
a 1 4 7 8 11 14 17 18 21 24 27 28 31 34 37 38 41 44 47 48 51 54 57 58 61 64 67 68 71 74 77 78 81 84 87 88 91 94 96 99 101 104 106 109 111 114 116 119 121 124 126 129 131 134 136 139 141 144 146 149 151 154 156 159 161 164
a 2 4 7 8 11 14 17 18 21 24 27 28 31 34 37 38 41 44 47 48 51 54 57 58 61 64 67 68 71 74 77 78 81 84 87 88 91 94 96 99 101 104 106 109 111 114 116 119 121 124 126 129 131 134 136 139 141 144 146 149 151 154 156 159 161 164
a 2 4 7 8 10 14 17 18 21 24 27 28 31 34 37 38 41 44 47 48 51 54 57 58 61 64 67 68 71 74 77 78 81 84 87 88 91 94 96 99 101 104 106 109 111 114 116 119 121 124 126 129 131 134 136 139 141 144 146 149 151 154 156 159 161 164
a 2 4 7 8 10 13 17 18 21 24 27 28 31 34 37 38 41 44 47 48 51 54 57 58 61 64 67 68 71 74 77 78 81 84 87 88 91 94 96 99 101 104 106 109 111 114 116 119 121 124 126 129 131 134 136 139 141 144 146 149 151 154 156 159 161 164
a 2 4 7 8 10 13 15 18 21 24 27 28 31 34 37 38 41 44 47 48 51 54 57 58 61 64 67 68 71 74 77 78 81 84 87 88 91 94 96 99 101 104 106 109 111 114 116 119 121 124 126 129 131 134 136 139 141 144 146 149 151 154 156 159 161 164
a 2 4 7 8 10 13 15 19 21 24 27 28 31 34 37 38 41 44 47 48 51 54 57 58 61 64 67 68 71 74 77 78 81 84 87 88 91 94 96 99 101 104 106 109 111 114 116 119 121 124 126 129 131 134 136 139 141 144 146 149 151 154 156 159 161 164
a 2 4 7 8 10 13 15 19 21 24 27 28 30 34 37 38 41 44 47 48 51 54 57 58 61 64 67 68 71 74 77 78 81 84 87 88 91 94 96 99 101 104 106 109 111 114 116 119 121 124 126 129 131 134 136 139 141 144 146 149 151 154 156 159 161 164
a 2 4 7 8 10 13 15 19 21 24 27 28 30 33 37 38 41 44 47 48 51 54 57 58 61 64 67 68 71 74 77 78 81 84 87 88 91 94 96 99 101 104 106 109 111 114 116 119 121 124 126 129 131 134 136 139 141 144 146 149 151 154 156 159 161 164
a 2 4 7 8 10 13 15 19 21 24 27 28 30 33 35 38 41 44 47 48 51 54 57 58 61 64 67 68 71 74 77 78 81 84 87 88 91 94 96 99 101 104 106 109 111 114 116 119 121 124 126 129 131 134 136 139 141 144 146 149 151 154 156 159 161 164
a 2 4 7 8 10 13 15 19 21 24 27 28 30 33 35 39 41 44 47 48 51 54 57 58 61 64 67 68 71 74 77 78 81 84 87 88 91 94 96 99 101 104 106 109 111 114 116 119 121 124 126 129 131 134 136 139 141 144 146 149 151 154 156 159 161 164
a 2 4 7 8 10 13 15 19 21 24 27 28 30 33 35 39 41 44 47 48 50 54 57 58 61 64 67 68 71 74 77 78 81 84 87 88 91 94 96 99 101 104 106 109 111 114 116 119 121 124 126 129 131 134 136 139 141 144 146 149 151 154 156 159 161 164
a 2 4 7 8 10 13 15 19 21 24 27 28 30 33 35 39 41 44 47 48 50 53 57 58 61 64 67 68 71 74 77 78 81 84 87 88 91 94 96 99 101 104 106 109 111 114 116 119 121 124 126 129 131 134 136 139 141 144 146 149 151 154 156 159 161 164
a 2 4 7 8 10 13 15 19 21 24 27 28 30 33 35 39 41 44 47 48 50 53 55 58 61 64 67 68 71 74 77 78 81 84 87 88 91 94 96 99 101 104 106 109 111 114 116 119 121 124 126 129 131 134 136 139 141 144 146 149 151 154 156 159 161 164
a 2 4 7 8 10 13 15 19 21 24 27 28 30 33 35 39 41 44 47 48 50 53 55 59 61 64 67 68 71 74 77 78 81 84 87 88 91 94 96 99 101 104 106 109 111 114 116 119 121 124 126 129 131 134 136 139 141 144 146 149 151 154 156 159 161 164
a 2 4 7 8 10 13 15 19 21 24 27 28 30 33 35 39 41 44 47 48 50 53 55 59 61 64 67 68 70 74 77 78 81 84 87 88 91 94 96 99 101 104 106 109 111 114 116 119 121 124 126 129 131 134 136 139 141 144 146 149 151 154 156 159 161 164
a 2 4 7 8 10 13 15 19 21 24 27 28 30 33 35 39 41 44 47 48 50 53 55 59 61 64 67 68 70 73 77 78 81 84 87 88 91 94 96 99 101 104 106 109 111 114 116 119 121 124 126 129 131 134 136 139 141 144 146 149 151 154 156 159 161 164
a 2 4 7 8 10 13 15 19 21 24 27 28 30 33 35 39 41 44 47 48 50 53 55 59 61 64 67 68 70 73 75 78 81 84 87 88 91 94 96 99 101 104 106 109 111 114 116 119 121 124 126 129 131 134 136 139 141 144 146 149 151 154 156 159 161 164
a 2 4 7 8 10 13 15 19 21 24 27 28 30 33 35 39 41 44 47 48 50 53 55 59 61 64 67 68 70 73 75 79 81 84 87 88 91 94 96 99 101 104 106 109 111 114 116 119 121 124 126 129 131 134 136 139 141 144 146 149 151 154 156 159 161 164
a 2 4 7 8 10 13 15 19 21 24 27 28 30 33 35 39 41 44 47 48 50 53 55 59 61 64 67 68 70 73 75 79 81 84 87 88 90 94 96 99 101 104 106 109 111 114 116 119 121 124 126 129 131 134 136 139 141 144 146 149 151 154 156 159 161 164
a 2 4 7 8 10 13 15 19 21 24 27 28 30 33 35 39 41 44 47 48 50 53 55 59 61 64 67 68 70 73 75 79 81 84 87 88 90 93 96 99 101 104 106 109 111 114 116 119 121 124 126 129 131 134 136 139 141 144 146 149 151 154 156 159 161 164
a 2 4 7 8 10 13 15 19 21 24 27 28 30 33 35 39 41 44 47 48 50 53 55 59 61 64 67 68 70 73 75 79 81 84 87 88 90 93 95 99 101 104 106 109 111 114 116 119 121 124 126 129 131 134 136 139 141 144 146 149 151 154 156 159 161 164
a 2 4 7 8 10 13 15 19 21 24 27 28 30 33 35 39 41 44 47 48 50 53 55 59 61 64 67 68 70 73 75 79 81 84 87 88 90 93 95 98 101 104 106 109 111 114 116 119 121 124 126 129 131 134 136 139 141 144 146 149 151 154 156 159 161 164
a 2 4 7 8 10 13 15 19 21 24 27 28 30 33 35 39 41 44 47 48 50 53 55 59 61 64 67 68 70 73 75 79 81 84 87 88 90 93 97 98 101 104 106 109 111 114 116 119 121 124 126 129 131 134 136 139 141 144 146 149 151 154 156 159 161 164
a 2 4 7 8 10 13 15 19 21 24 27 28 30 33 35 39 41 44 47 48 50 53 55 59 61 64 67 68 70 73 75 79 81 84 87 88 90 94 97 98 101 104 106 109 111 114 116 119 121 124 126 129 131 134 136 139 141 144 146 149 151 154 156 159 161 164
a 2 4 7 8 10 13 15 19 21 24 27 28 30 33 35 39 41 44 47 48 50 53 55 59 61 64 67 68 70 73 75 79 81 84 87 88 91 94 97 98 101 104 106 109 111 114 116 119 121 124 126 129 131 134 136 139 141 144 146 149 151 154 156 159 161 164
a 2 4 7 8 10 13 15 19 21 24 27 28 30 33 35 39 41 44 47 48 50 53 55 59 61 64 67 68 70 73 75 78 81 84 87 88 91 94 97 98 101 104 106 109 111 114 116 119 121 124 126 129 131 134 136 139 141 144 146 149 151 154 156 159 161 164
a 2 4 7 8 10 13 15 19 21 24 27 28 30 33 35 39 41 44 47 48 50 53 55 59 61 64 67 68 70 73 77 78 81 84 87 88 91 94 97 98 101 104 106 109 111 114 116 119 121 124 126 129 131 134 136 139 141 144 146 149 151 154 156 159 161 164
a 2 4 7 8 10 13 15 19 21 24 27 28 30 33 35 39 41 44 47 48 50 53 55 59 61 64 67 68 70 74 77 78 81 84 87 88 91 94 97 98 101 104 106 109 111 114 116 119 121 124 126 129 131 134 136 139 141 144 146 149 151 154 156 159 161 164
a 2 4 7 8 10 13 15 19 21 24 27 28 30 33 35 39 41 44 47 48 50 53 55 59 61 64 67 68 71 74 77 78 81 84 87 88 91 94 97 98 101 104 106 109 111 114 116 119 121 124 126 129 131 134 136 139 141 144 146 149 151 154 156 159 161 164
a 2 4 7 8 10 13 15 19 21 24 27 28 30 33 35 39 41 44 47 48 50 53 55 58 61 64 67 68 71 74 77 78 81 84 87 88 91 94 97 98 101 104 106 109 111 114 116 119 121 124 126 129 131 134 136 139 141 144 146 149 151 154 156 159 161 164
a 2 4 7 8 10 13 15 19 21 24 27 28 30 33 35 39 41 44 47 48 50 53 57 58 61 64 67 68 71 74 77 78 81 84 87 88 91 94 97 98 101 104 106 109 111 114 116 119 121 124 126 129 131 134 136 139 141 144 146 149 151 154 156 159 161 164
a 2 4 7 8 10 13 15 19 21 24 27 28 30 33 35 39 41 44 47 48 50 54 57 58 61 64 67 68 71 74 77 78 81 84 87 88 91 94 97 98 101 104 106 109 111 114 116 119 121 124 126 129 131 134 136 139 141 144 146 149 151 154 156 159 161 164
a 2 4 7 8 10 13 15 19 21 24 27 28 30 33 35 39 41 44 47 48 51 54 57 58 61 64 67 68 71 74 77 78 81 84 87 88 91 94 97 98 101 104 106 109 111 114 116 119 121 124 126 129 131 134 136 139 141 144 146 149 151 154 156 159 161 164
a 2 4 7 8 10 13 15 19 21 24 27 28 30 33 35 38 41 44 47 48 51 54 57 58 61 64 67 68 71 74 77 78 81 84 87 88 91 94 97 98 101 104 106 109 111 114 116 119 121 124 126 129 131 134 136 139 141 144 146 149 151 154 156 159 161 164
a 2 4 7 8 10 13 15 19 21 24 27 28 30 33 37 38 41 44 47 48 51 54 57 58 61 64 67 68 71 74 77 78 81 84 87 88 91 94 97 98 101 104 106 109 111 114 116 119 121 124 126 129 131 134 136 139 141 144 146 149 151 154 156 159 161 164
a 2 4 7 8 10 13 15 19 21 24 27 28 30 34 37 38 41 44 47 48 51 54 57 58 61 64 67 68 71 74 77 78 81 84 87 88 91 94 97 98 101 104 106 109 111 114 116 119 121 124 126 129 131 134 136 139 141 144 146 149 151 154 156 159 161 164
a 2 4 7 8 10 13 15 19 21 24 27 28 31 34 37 38 41 44 47 48 51 54 57 58 61 64 67 68 71 74 77 78 81 84 87 88 91 94 97 98 101 104 106 109 111 114 116 119 121 124 126 129 131 134 136 139 141 144 146 149 151 154 156 159 161 164
a 2 4 7 8 10 13 15 18 21 24 27 28 31 34 37 38 41 44 47 48 51 54 57 58 61 64 67 68 71 74 77 78 81 84 87 88 91 94 97 98 101 104 106 109 111 114 116 119 121 124 126 129 131 134 136 139 141 144 146 149 151 154 156 159 161 164
a 2 4 7 8 10 13 17 18 21 24 27 28 31 34 37 38 41 44 47 48 51 54 57 58 61 64 67 68 71 74 77 78 81 84 87 88 91 94 97 98 101 104 106 109 111 114 116 119 121 124 126 129 131 134 136 139 141 144 146 149 151 154 156 159 161 164
a 2 4 7 8 10 14 17 18 21 24 27 28 31 34 37 38 41 44 47 48 51 54 57 58 61 64 67 68 71 74 77 78 81 84 87 88 91 94 97 98 101 104 106 109 111 114 116 119 121 124 126 129 131 134 136 139 141 144 146 149 151 154 156 159 161 164
a 2 4 7 8 11 14 17 18 21 24 27 28 31 34 37 38 41 44 47 48 51 54 57 58 61 64 67 68 71 74 77 78 81 84 87 88 91 94 97 98 101 104 106 109 111 114 116 119 121 124 126 129 131 134 136 139 141 144 146 149 151 154 156 159 161 164
a 1 4 7 8 11 14 17 18 21 24 27 28 31 34 37 38 41 44 47 48 51 54 57 58 61 64 67 68 71 74 77 78 81 84 87 88 91 94 97 98 101 104 106 109 111 114 116 119 121 124 126 129 131 134 136 139 141 144 146 149 151 154 156 159 161 164
a 1 3 7 8 11 14 17 18 21 24 27 28 31 34 37 38 41 44 47 48 51 54 57 58 61 64 67 68 71 74 77 78 81 84 87 88 91 94 97 98 101 104 106 109 111 114 116 119 121 124 126 129 131 134 136 139 141 144 146 149 151 154 156 159 161 164
a 1 3 5 8 11 14 17 18 21 24 27 28 31 34 37 38 41 44 47 48 51 54 57 58 61 64 67 68 71 74 77 78 81 84 87 88 91 94 97 98 101 104 106 109 111 114 116 119 121 124 126 129 131 134 136 139 141 144 146 149 151 154 156 159 161 164
a 1 3 5 9 11 14 17 18 21 24 27 28 31 34 37 38 41 44 47 48 51 54 57 58 61 64 67 68 71 74 77 78 81 84 87 88 91 94 97 98 101 104 106 109 111 114 116 119 121 124 126 129 131 134 136 139 141 144 146 149 151 154 156 159 161 164
a 1 3 5 9 11 14 17 18 20 24 27 28 31 34 37 38 41 44 47 48 51 54 57 58 61 64 67 68 71 74 77 78 81 84 87 88 91 94 97 98 101 104 106 109 111 114 116 119 121 124 126 129 131 134 136 139 141 144 146 149 151 154 156 159 161 164
a 1 3 5 9 11 14 17 18 20 23 27 28 31 34 37 38 41 44 47 48 51 54 57 58 61 64 67 68 71 74 77 78 81 84 87 88 91 94 97 98 101 104 106 109 111 114 116 119 121 124 126 129 131 134 136 139 141 144 146 149 151 154 156 159 161 164
a 1 3 5 9 11 14 17 18 20 23 25 28 31 34 37 38 41 44 47 48 51 54 57 58 61 64 67 68 71 74 77 78 81 84 87 88 91 94 97 98 101 104 106 109 111 114 116 119 121 124 126 129 131 134 136 139 141 144 146 149 151 154 156 159 161 164
a 1 3 5 9 11 14 17 18 20 23 25 29 31 34 37 38 41 44 47 48 51 54 57 58 61 64 67 68 71 74 77 78 81 84 87 88 91 94 97 98 101 104 106 109 111 114 116 119 121 124 126 129 131 134 136 139 141 144 146 149 151 154 156 159 161 164
a 1 3 5 9 11 14 17 18 20 23 25 29 31 34 37 38 40 44 47 48 51 54 57 58 61 64 67 68 71 74 77 78 81 84 87 88 91 94 97 98 101 104 106 109 111 114 116 119 121 124 126 129 131 134 136 139 141 144 146 149 151 154 156 159 161 164
a 1 3 5 9 11 14 17 18 20 23 25 29 31 34 37 38 40 43 47 48 51 54 57 58 61 64 67 68 71 74 77 78 81 84 87 88 91 94 97 98 101 104 106 109 111 114 116 119 121 124 126 129 131 134 136 139 141 144 146 149 151 154 156 159 161 164
a 1 3 5 9 11 14 17 18 20 23 25 29 31 34 37 38 40 43 45 48 51 54 57 58 61 64 67 68 71 74 77 78 81 84 87 88 91 94 97 98 101 104 106 109 111 114 116 119 121 124 126 129 131 134 136 139 141 144 146 149 151 154 156 159 161 164
a 1 3 5 9 11 14 17 18 20 23 25 29 31 34 37 38 40 43 45 49 51 54 57 58 61 64 67 68 71 74 77 78 81 84 87 88 91 94 97 98 101 104 106 109 111 114 116 119 121 124 126 129 131 134 136 139 141 144 146 149 151 154 156 159 161 164
a 1 3 5 9 11 14 17 18 20 23 25 29 31 34 37 38 40 43 45 49 51 54 57 58 60 64 67 68 71 74 77 78 81 84 87 88 91 94 97 98 101 104 106 109 111 114 116 119 121 124 126 129 131 134 136 139 141 144 146 149 151 154 156 159 161 164
a 1 3 5 9 11 14 17 18 20 23 25 29 31 34 37 38 40 43 45 49 51 54 57 58 60 63 67 68 71 74 77 78 81 84 87 88 91 94 97 98 101 104 106 109 111 114 116 119 121 124 126 129 131 134 136 139 141 144 146 149 151 154 156 159 161 164
a 1 3 5 9 11 14 17 18 20 23 25 29 31 34 37 38 40 43 45 49 51 54 57 58 60 63 65 68 71 74 77 78 81 84 87 88 91 94 97 98 101 104 106 109 111 114 116 119 121 124 126 129 131 134 136 139 141 144 146 149 151 154 156 159 161 164
a 1 3 5 9 11 14 17 18 20 23 25 29 31 34 37 38 40 43 45 49 51 54 57 58 60 63 65 69 71 74 77 78 81 84 87 88 91 94 97 98 101 104 106 109 111 114 116 119 121 124 126 129 131 134 136 139 141 144 146 149 151 154 156 159 161 164
a 1 3 5 9 11 14 17 18 20 23 25 29 31 34 37 38 40 43 45 49 51 54 57 58 60 63 65 69 71 74 77 78 80 84 87 88 91 94 97 98 101 104 106 109 111 114 116 119 121 124 126 129 131 134 136 139 141 144 146 149 151 154 156 159 161 164
a 1 3 5 9 11 14 17 18 20 23 25 29 31 34 37 38 40 43 45 49 51 54 57 58 60 63 65 69 71 74 77 78 80 83 87 88 91 94 97 98 101 104 106 109 111 114 116 119 121 124 126 129 131 134 136 139 141 144 146 149 151 154 156 159 161 164
a 1 3 5 9 11 14 17 18 20 23 25 29 31 34 37 38 40 43 45 49 51 54 57 58 60 63 65 69 71 74 77 78 80 83 85 88 91 94 97 98 101 104 106 109 111 114 116 119 121 124 126 129 131 134 136 139 141 144 146 149 151 154 156 159 161 164
a 1 3 5 9 11 14 17 18 20 23 25 29 31 34 37 38 40 43 45 49 51 54 57 58 60 63 65 69 71 74 77 78 80 83 85 89 91 94 97 98 101 104 106 109 111 114 116 119 121 124 126 129 131 134 136 139 141 144 146 149 151 154 156 159 161 164
a 1 3 5 9 11 14 17 18 20 23 25 29 31 34 37 38 40 43 45 49 51 54 57 58 60 63 65 69 71 74 77 78 80 83 85 89 91 94 97 98 100 104 106 109 111 114 116 119 121 124 126 129 131 134 136 139 141 144 146 149 151 154 156 159 161 164
a 1 3 5 9 11 14 17 18 20 23 25 29 31 34 37 38 40 43 45 49 51 54 57 58 60 63 65 69 71 74 77 78 80 83 85 89 91 94 97 98 100 103 106 109 111 114 116 119 121 124 126 129 131 134 136 139 141 144 146 149 151 154 156 159 161 164
a 1 3 5 9 11 14 17 18 20 23 25 29 31 34 37 38 40 43 45 49 51 54 57 58 60 63 65 69 71 74 77 78 80 83 85 89 91 94 97 98 100 103 105 109 111 114 116 119 121 124 126 129 131 134 136 139 141 144 146 149 151 154 156 159 161 164
a 1 3 5 9 11 14 17 18 20 23 25 29 31 34 37 38 40 43 45 49 51 54 57 58 60 63 65 69 71 74 77 78 80 83 85 89 91 94 97 98 100 103 105 108 111 114 116 119 121 124 126 129 131 134 136 139 141 144 146 149 151 154 156 159 161 164
a 1 3 5 9 11 14 17 18 20 23 25 29 31 34 37 38 40 43 45 49 51 54 57 58 60 63 65 69 71 74 77 78 80 83 85 89 91 94 97 98 100 103 107 108 111 114 116 119 121 124 126 129 131 134 136 139 141 144 146 149 151 154 156 159 161 164
a 1 3 5 9 11 14 17 18 20 23 25 29 31 34 37 38 40 43 45 49 51 54 57 58 60 63 65 69 71 74 77 78 80 83 85 89 91 94 97 98 100 104 107 108 111 114 116 119 121 124 126 129 131 134 136 139 141 144 146 149 151 154 156 159 161 164
a 1 3 5 9 11 14 17 18 20 23 25 29 31 34 37 38 40 43 45 49 51 54 57 58 60 63 65 69 71 74 77 78 80 83 85 89 91 94 97 98 101 104 107 108 111 114 116 119 121 124 126 129 131 134 136 139 141 144 146 149 151 154 156 159 161 164
a 1 3 5 9 11 14 17 18 20 23 25 29 31 34 37 38 40 43 45 49 51 54 57 58 60 63 65 69 71 74 77 78 80 83 85 88 91 94 97 98 101 104 107 108 111 114 116 119 121 124 126 129 131 134 136 139 141 144 146 149 151 154 156 159 161 164
a 1 3 5 9 11 14 17 18 20 23 25 29 31 34 37 38 40 43 45 49 51 54 57 58 60 63 65 69 71 74 77 78 80 83 87 88 91 94 97 98 101 104 107 108 111 114 116 119 121 124 126 129 131 134 136 139 141 144 146 149 151 154 156 159 161 164
a 1 3 5 9 11 14 17 18 20 23 25 29 31 34 37 38 40 43 45 49 51 54 57 58 60 63 65 69 71 74 77 78 80 84 87 88 91 94 97 98 101 104 107 108 111 114 116 119 121 124 126 129 131 134 136 139 141 144 146 149 151 154 156 159 161 164
a 1 3 5 9 11 14 17 18 20 23 25 29 31 34 37 38 40 43 45 49 51 54 57 58 60 63 65 69 71 74 77 78 81 84 87 88 91 94 97 98 101 104 107 108 111 114 116 119 121 124 126 129 131 134 136 139 141 144 146 149 151 154 156 159 161 164
a 1 3 5 9 11 14 17 18 20 23 25 29 31 34 37 38 40 43 45 49 51 54 57 58 60 63 65 68 71 74 77 78 81 84 87 88 91 94 97 98 101 104 107 108 111 114 116 119 121 124 126 129 131 134 136 139 141 144 146 149 151 154 156 159 161 164
a 1 3 5 9 11 14 17 18 20 23 25 29 31 34 37 38 40 43 45 49 51 54 57 58 60 63 67 68 71 74 77 78 81 84 87 88 91 94 97 98 101 104 107 108 111 114 116 119 121 124 126 129 131 134 136 139 141 144 146 149 151 154 156 159 161 164
a 1 3 5 9 11 14 17 18 20 23 25 29 31 34 37 38 40 43 45 49 51 54 57 58 60 64 67 68 71 74 77 78 81 84 87 88 91 94 97 98 101 104 107 108 111 114 116 119 121 124 126 129 131 134 136 139 141 144 146 149 151 154 156 159 161 164
a 1 3 5 9 11 14 17 18 20 23 25 29 31 34 37 38 40 43 45 49 51 54 57 58 61 64 67 68 71 74 77 78 81 84 87 88 91 94 97 98 101 104 107 108 111 114 116 119 121 124 126 129 131 134 136 139 141 144 146 149 151 154 156 159 161 164
a 1 3 5 9 11 14 17 18 20 23 25 29 31 34 37 38 40 43 45 48 51 54 57 58 61 64 67 68 71 74 77 78 81 84 87 88 91 94 97 98 101 104 107 108 111 114 116 119 121 124 126 129 131 134 136 139 141 144 146 149 151 154 156 159 161 164
a 1 3 5 9 11 14 17 18 20 23 25 29 31 34 37 38 40 43 47 48 51 54 57 58 61 64 67 68 71 74 77 78 81 84 87 88 91 94 97 98 101 104 107 108 111 114 116 119 121 124 126 129 131 134 136 139 141 144 146 149 151 154 156 159 161 164
a 1 3 5 9 11 14 17 18 20 23 25 29 31 34 37 38 40 44 47 48 51 54 57 58 61 64 67 68 71 74 77 78 81 84 87 88 91 94 97 98 101 104 107 108 111 114 116 119 121 124 126 129 131 134 136 139 141 144 146 149 151 154 156 159 161 164
a 1 3 5 9 11 14 17 18 20 23 25 29 31 34 37 38 41 44 47 48 51 54 57 58 61 64 67 68 71 74 77 78 81 84 87 88 91 94 97 98 101 104 107 108 111 114 116 119 121 124 126 129 131 134 136 139 141 144 146 149 151 154 156 159 161 164
a 1 3 5 9 11 14 17 18 20 23 25 28 31 34 37 38 41 44 47 48 51 54 57 58 61 64 67 68 71 74 77 78 81 84 87 88 91 94 97 98 101 104 107 108 111 114 116 119 121 124 126 129 131 134 136 139 141 144 146 149 151 154 156 159 161 164
a 1 3 5 9 11 14 17 18 20 23 27 28 31 34 37 38 41 44 47 48 51 54 57 58 61 64 67 68 71 74 77 78 81 84 87 88 91 94 97 98 101 104 107 108 111 114 116 119 121 124 126 129 131 134 136 139 141 144 146 149 151 154 156 159 161 164
a 1 3 5 9 11 14 17 18 20 24 27 28 31 34 37 38 41 44 47 48 51 54 57 58 61 64 67 68 71 74 77 78 81 84 87 88 91 94 97 98 101 104 107 108 111 114 116 119 121 124 126 129 131 134 136 139 141 144 146 149 151 154 156 159 161 164
a 1 3 5 9 11 14 17 18 21 24 27 28 31 34 37 38 41 44 47 48 51 54 57 58 61 64 67 68 71 74 77 78 81 84 87 88 91 94 97 98 101 104 107 108 111 114 116 119 121 124 126 129 131 134 136 139 141 144 146 149 151 154 156 159 161 164
a 1 3 5 8 11 14 17 18 21 24 27 28 31 34 37 38 41 44 47 48 51 54 57 58 61 64 67 68 71 74 77 78 81 84 87 88 91 94 97 98 101 104 107 108 111 114 116 119 121 124 126 129 131 134 136 139 141 144 146 149 151 154 156 159 161 164
a 1 3 7 8 11 14 17 18 21 24 27 28 31 34 37 38 41 44 47 48 51 54 57 58 61 64 67 68 71 74 77 78 81 84 87 88 91 94 97 98 101 104 107 108 111 114 116 119 121 124 126 129 131 134 136 139 141 144 146 149 151 154 156 159 161 164
a 1 4 7 8 11 14 17 18 21 24 27 28 31 34 37 38 41 44 47 48 51 54 57 58 61 64 67 68 71 74 77 78 81 84 87 88 91 94 97 98 101 104 107 108 111 114 116 119 121 124 126 129 131 134 136 139 141 144 146 149 151 154 156 159 161 164
a 2 4 7 8 11 14 17 18 21 24 27 28 31 34 37 38 41 44 47 48 51 54 57 58 61 64 67 68 71 74 77 78 81 84 87 88 91 94 97 98 101 104 107 108 111 114 116 119 121 124 126 129 131 134 136 139 141 144 146 149 151 154 156 159 161 164
a 2 4 7 8 10 14 17 18 21 24 27 28 31 34 37 38 41 44 47 48 51 54 57 58 61 64 67 68 71 74 77 78 81 84 87 88 91 94 97 98 101 104 107 108 111 114 116 119 121 124 126 129 131 134 136 139 141 144 146 149 151 154 156 159 161 164
a 2 4 7 8 10 13 17 18 21 24 27 28 31 34 37 38 41 44 47 48 51 54 57 58 61 64 67 68 71 74 77 78 81 84 87 88 91 94 97 98 101 104 107 108 111 114 116 119 121 124 126 129 131 134 136 139 141 144 146 149 151 154 156 159 161 164
a 2 4 7 8 10 13 15 18 21 24 27 28 31 34 37 38 41 44 47 48 51 54 57 58 61 64 67 68 71 74 77 78 81 84 87 88 91 94 97 98 101 104 107 108 111 114 116 119 121 124 126 129 131 134 136 139 141 144 146 149 151 154 156 159 161 164
a 2 4 7 8 10 13 15 19 21 24 27 28 31 34 37 38 41 44 47 48 51 54 57 58 61 64 67 68 71 74 77 78 81 84 87 88 91 94 97 98 101 104 107 108 111 114 116 119 121 124 126 129 131 134 136 139 141 144 146 149 151 154 156 159 161 164
a 2 4 7 8 10 13 15 19 21 24 27 28 30 34 37 38 41 44 47 48 51 54 57 58 61 64 67 68 71 74 77 78 81 84 87 88 91 94 97 98 101 104 107 108 111 114 116 119 121 124 126 129 131 134 136 139 141 144 146 149 151 154 156 159 161 164
a 2 4 7 8 10 13 15 19 21 24 27 28 30 33 37 38 41 44 47 48 51 54 57 58 61 64 67 68 71 74 77 78 81 84 87 88 91 94 97 98 101 104 107 108 111 114 116 119 121 124 126 129 131 134 136 139 141 144 146 149 151 154 156 159 161 164
a 2 4 7 8 10 13 15 19 21 24 27 28 30 33 35 38 41 44 47 48 51 54 57 58 61 64 67 68 71 74 77 78 81 84 87 88 91 94 97 98 101 104 107 108 111 114 116 119 121 124 126 129 131 134 136 139 141 144 146 149 151 154 156 159 161 164
a 2 4 7 8 10 13 15 19 21 24 27 28 30 33 35 39 41 44 47 48 51 54 57 58 61 64 67 68 71 74 77 78 81 84 87 88 91 94 97 98 101 104 107 108 111 114 116 119 121 124 126 129 131 134 136 139 141 144 146 149 151 154 156 159 161 164
a 2 4 7 8 10 13 15 19 21 24 27 28 30 33 35 39 41 44 47 48 50 54 57 58 61 64 67 68 71 74 77 78 81 84 87 88 91 94 97 98 101 104 107 108 111 114 116 119 121 124 126 129 131 134 136 139 141 144 146 149 151 154 156 159 161 164
a 2 4 7 8 10 13 15 19 21 24 27 28 30 33 35 39 41 44 47 48 50 53 57 58 61 64 67 68 71 74 77 78 81 84 87 88 91 94 97 98 101 104 107 108 111 114 116 119 121 124 126 129 131 134 136 139 141 144 146 149 151 154 156 159 161 164
a 2 4 7 8 10 13 15 19 21 24 27 28 30 33 35 39 41 44 47 48 50 53 55 58 61 64 67 68 71 74 77 78 81 84 87 88 91 94 97 98 101 104 107 108 111 114 116 119 121 124 126 129 131 134 136 139 141 144 146 149 151 154 156 159 161 164
a 2 4 7 8 10 13 15 19 21 24 27 28 30 33 35 39 41 44 47 48 50 53 55 59 61 64 67 68 71 74 77 78 81 84 87 88 91 94 97 98 101 104 107 108 111 114 116 119 121 124 126 129 131 134 136 139 141 144 146 149 151 154 156 159 161 164
a 2 4 7 8 10 13 15 19 21 24 27 28 30 33 35 39 41 44 47 48 50 53 55 59 61 64 67 68 70 74 77 78 81 84 87 88 91 94 97 98 101 104 107 108 111 114 116 119 121 124 126 129 131 134 136 139 141 144 146 149 151 154 156 159 161 164
a 2 4 7 8 10 13 15 19 21 24 27 28 30 33 35 39 41 44 47 48 50 53 55 59 61 64 67 68 70 73 77 78 81 84 87 88 91 94 97 98 101 104 107 108 111 114 116 119 121 124 126 129 131 134 136 139 141 144 146 149 151 154 156 159 161 164
a 2 4 7 8 10 13 15 19 21 24 27 28 30 33 35 39 41 44 47 48 50 53 55 59 61 64 67 68 70 73 75 78 81 84 87 88 91 94 97 98 101 104 107 108 111 114 116 119 121 124 126 129 131 134 136 139 141 144 146 149 151 154 156 159 161 164
a 2 4 7 8 10 13 15 19 21 24 27 28 30 33 35 39 41 44 47 48 50 53 55 59 61 64 67 68 70 73 75 79 81 84 87 88 91 94 97 98 101 104 107 108 111 114 116 119 121 124 126 129 131 134 136 139 141 144 146 149 151 154 156 159 161 164
a 2 4 7 8 10 13 15 19 21 24 27 28 30 33 35 39 41 44 47 48 50 53 55 59 61 64 67 68 70 73 75 79 81 84 87 88 90 94 97 98 101 104 107 108 111 114 116 119 121 124 126 129 131 134 136 139 141 144 146 149 151 154 156 159 161 164
a 2 4 7 8 10 13 15 19 21 24 27 28 30 33 35 39 41 44 47 48 50 53 55 59 61 64 67 68 70 73 75 79 81 84 87 88 90 93 97 98 101 104 107 108 111 114 116 119 121 124 126 129 131 134 136 139 141 144 146 149 151 154 156 159 161 164
a 2 4 7 8 10 13 15 19 21 24 27 28 30 33 35 39 41 44 47 48 50 53 55 59 61 64 67 68 70 73 75 79 81 84 87 88 90 93 95 98 101 104 107 108 111 114 116 119 121 124 126 129 131 134 136 139 141 144 146 149 151 154 156 159 161 164
a 2 4 7 8 10 13 15 19 21 24 27 28 30 33 35 39 41 44 47 48 50 53 55 59 61 64 67 68 70 73 75 79 81 84 87 88 90 93 95 99 101 104 107 108 111 114 116 119 121 124 126 129 131 134 136 139 141 144 146 149 151 154 156 159 161 164
a 2 4 7 8 10 13 15 19 21 24 27 28 30 33 35 39 41 44 47 48 50 53 55 59 61 64 67 68 70 73 75 79 81 84 87 88 90 93 95 99 101 104 107 108 110 114 116 119 121 124 126 129 131 134 136 139 141 144 146 149 151 154 156 159 161 164
a 2 4 7 8 10 13 15 19 21 24 27 28 30 33 35 39 41 44 47 48 50 53 55 59 61 64 67 68 70 73 75 79 81 84 87 88 90 93 95 99 101 104 107 108 110 113 116 119 121 124 126 129 131 134 136 139 141 144 146 149 151 154 156 159 161 164
a 2 4 7 8 10 13 15 19 21 24 27 28 30 33 35 39 41 44 47 48 50 53 55 59 61 64 67 68 70 73 75 79 81 84 87 88 90 93 95 99 101 104 107 108 110 113 115 119 121 124 126 129 131 134 136 139 141 144 146 149 151 154 156 159 161 164
a 2 4 7 8 10 13 15 19 21 24 27 28 30 33 35 39 41 44 47 48 50 53 55 59 61 64 67 68 70 73 75 79 81 84 87 88 90 93 95 99 101 104 107 108 110 113 115 118 121 124 126 129 131 134 136 139 141 144 146 149 151 154 156 159 161 164
a 2 4 7 8 10 13 15 19 21 24 27 28 30 33 35 39 41 44 47 48 50 53 55 59 61 64 67 68 70 73 75 79 81 84 87 88 90 93 95 99 101 104 107 108 110 113 117 118 121 124 126 129 131 134 136 139 141 144 146 149 151 154 156 159 161 164
a 2 4 7 8 10 13 15 19 21 24 27 28 30 33 35 39 41 44 47 48 50 53 55 59 61 64 67 68 70 73 75 79 81 84 87 88 90 93 95 99 101 104 107 108 110 114 117 118 121 124 126 129 131 134 136 139 141 144 146 149 151 154 156 159 161 164
a 2 4 7 8 10 13 15 19 21 24 27 28 30 33 35 39 41 44 47 48 50 53 55 59 61 64 67 68 70 73 75 79 81 84 87 88 90 93 95 99 101 104 107 108 111 114 117 118 121 124 126 129 131 134 136 139 141 144 146 149 151 154 156 159 161 164
a 2 4 7 8 10 13 15 19 21 24 27 28 30 33 35 39 41 44 47 48 50 53 55 59 61 64 67 68 70 73 75 79 81 84 87 88 90 93 95 98 101 104 107 108 111 114 117 118 121 124 126 129 131 134 136 139 141 144 146 149 151 154 156 159 161 164
a 2 4 7 8 10 13 15 19 21 24 27 28 30 33 35 39 41 44 47 48 50 53 55 59 61 64 67 68 70 73 75 79 81 84 87 88 90 93 97 98 101 104 107 108 111 114 117 118 121 124 126 129 131 134 136 139 141 144 146 149 151 154 156 159 161 164
a 2 4 7 8 10 13 15 19 21 24 27 28 30 33 35 39 41 44 47 48 50 53 55 59 61 64 67 68 70 73 75 79 81 84 87 88 90 94 97 98 101 104 107 108 111 114 117 118 121 124 126 129 131 134 136 139 141 144 146 149 151 154 156 159 161 164
a 2 4 7 8 10 13 15 19 21 24 27 28 30 33 35 39 41 44 47 48 50 53 55 59 61 64 67 68 70 73 75 79 81 84 87 88 91 94 97 98 101 104 107 108 111 114 117 118 121 124 126 129 131 134 136 139 141 144 146 149 151 154 156 159 161 164
a 2 4 7 8 10 13 15 19 21 24 27 28 30 33 35 39 41 44 47 48 50 53 55 59 61 64 67 68 70 73 75 78 81 84 87 88 91 94 97 98 101 104 107 108 111 114 117 118 121 124 126 129 131 134 136 139 141 144 146 149 151 154 156 159 161 164
a 2 4 7 8 10 13 15 19 21 24 27 28 30 33 35 39 41 44 47 48 50 53 55 59 61 64 67 68 70 73 77 78 81 84 87 88 91 94 97 98 101 104 107 108 111 114 117 118 121 124 126 129 131 134 136 139 141 144 146 149 151 154 156 159 161 164
a 2 4 7 8 10 13 15 19 21 24 27 28 30 33 35 39 41 44 47 48 50 53 55 59 61 64 67 68 70 74 77 78 81 84 87 88 91 94 97 98 101 104 107 108 111 114 117 118 121 124 126 129 131 134 136 139 141 144 146 149 151 154 156 159 161 164
a 2 4 7 8 10 13 15 19 21 24 27 28 30 33 35 39 41 44 47 48 50 53 55 59 61 64 67 68 71 74 77 78 81 84 87 88 91 94 97 98 101 104 107 108 111 114 117 118 121 124 126 129 131 134 136 139 141 144 146 149 151 154 156 159 161 164
a 2 4 7 8 10 13 15 19 21 24 27 28 30 33 35 39 41 44 47 48 50 53 55 58 61 64 67 68 71 74 77 78 81 84 87 88 91 94 97 98 101 104 107 108 111 114 117 118 121 124 126 129 131 134 136 139 141 144 146 149 151 154 156 159 161 164
a 2 4 7 8 10 13 15 19 21 24 27 28 30 33 35 39 41 44 47 48 50 53 57 58 61 64 67 68 71 74 77 78 81 84 87 88 91 94 97 98 101 104 107 108 111 114 117 118 121 124 126 129 131 134 136 139 141 144 146 149 151 154 156 159 161 164
a 2 4 7 8 10 13 15 19 21 24 27 28 30 33 35 39 41 44 47 48 50 54 57 58 61 64 67 68 71 74 77 78 81 84 87 88 91 94 97 98 101 104 107 108 111 114 117 118 121 124 126 129 131 134 136 139 141 144 146 149 151 154 156 159 161 164
a 2 4 7 8 10 13 15 19 21 24 27 28 30 33 35 39 41 44 47 48 51 54 57 58 61 64 67 68 71 74 77 78 81 84 87 88 91 94 97 98 101 104 107 108 111 114 117 118 121 124 126 129 131 134 136 139 141 144 146 149 151 154 156 159 161 164
a 2 4 7 8 10 13 15 19 21 24 27 28 30 33 35 38 41 44 47 48 51 54 57 58 61 64 67 68 71 74 77 78 81 84 87 88 91 94 97 98 101 104 107 108 111 114 117 118 121 124 126 129 131 134 136 139 141 144 146 149 151 154 156 159 161 164
a 2 4 7 8 10 13 15 19 21 24 27 28 30 33 37 38 41 44 47 48 51 54 57 58 61 64 67 68 71 74 77 78 81 84 87 88 91 94 97 98 101 104 107 108 111 114 117 118 121 124 126 129 131 134 136 139 141 144 146 149 151 154 156 159 161 164
a 2 4 7 8 10 13 15 19 21 24 27 28 30 34 37 38 41 44 47 48 51 54 57 58 61 64 67 68 71 74 77 78 81 84 87 88 91 94 97 98 101 104 107 108 111 114 117 118 121 124 126 129 131 134 136 139 141 144 146 149 151 154 156 159 161 164
a 2 4 7 8 10 13 15 19 21 24 27 28 31 34 37 38 41 44 47 48 51 54 57 58 61 64 67 68 71 74 77 78 81 84 87 88 91 94 97 98 101 104 107 108 111 114 117 118 121 124 126 129 131 134 136 139 141 144 146 149 151 154 156 159 161 164
a 2 4 7 8 10 13 15 18 21 24 27 28 31 34 37 38 41 44 47 48 51 54 57 58 61 64 67 68 71 74 77 78 81 84 87 88 91 94 97 98 101 104 107 108 111 114 117 118 121 124 126 129 131 134 136 139 141 144 146 149 151 154 156 159 161 164
a 2 4 7 8 10 13 17 18 21 24 27 28 31 34 37 38 41 44 47 48 51 54 57 58 61 64 67 68 71 74 77 78 81 84 87 88 91 94 97 98 101 104 107 108 111 114 117 118 121 124 126 129 131 134 136 139 141 144 146 149 151 154 156 159 161 164
a 2 4 7 8 10 14 17 18 21 24 27 28 31 34 37 38 41 44 47 48 51 54 57 58 61 64 67 68 71 74 77 78 81 84 87 88 91 94 97 98 101 104 107 108 111 114 117 118 121 124 126 129 131 134 136 139 141 144 146 149 151 154 156 159 161 164
a 2 4 7 8 11 14 17 18 21 24 27 28 31 34 37 38 41 44 47 48 51 54 57 58 61 64 67 68 71 74 77 78 81 84 87 88 91 94 97 98 101 104 107 108 111 114 117 118 121 124 126 129 131 134 136 139 141 144 146 149 151 154 156 159 161 164
a 1 4 7 8 11 14 17 18 21 24 27 28 31 34 37 38 41 44 47 48 51 54 57 58 61 64 67 68 71 74 77 78 81 84 87 88 91 94 97 98 101 104 107 108 111 114 117 118 121 124 126 129 131 134 136 139 141 144 146 149 151 154 156 159 161 164
a 1 3 7 8 11 14 17 18 21 24 27 28 31 34 37 38 41 44 47 48 51 54 57 58 61 64 67 68 71 74 77 78 81 84 87 88 91 94 97 98 101 104 107 108 111 114 117 118 121 124 126 129 131 134 136 139 141 144 146 149 151 154 156 159 161 164
a 1 3 5 8 11 14 17 18 21 24 27 28 31 34 37 38 41 44 47 48 51 54 57 58 61 64 67 68 71 74 77 78 81 84 87 88 91 94 97 98 101 104 107 108 111 114 117 118 121 124 126 129 131 134 136 139 141 144 146 149 151 154 156 159 161 164
a 1 3 5 9 11 14 17 18 21 24 27 28 31 34 37 38 41 44 47 48 51 54 57 58 61 64 67 68 71 74 77 78 81 84 87 88 91 94 97 98 101 104 107 108 111 114 117 118 121 124 126 129 131 134 136 139 141 144 146 149 151 154 156 159 161 164
a 1 3 5 9 11 14 17 18 20 24 27 28 31 34 37 38 41 44 47 48 51 54 57 58 61 64 67 68 71 74 77 78 81 84 87 88 91 94 97 98 101 104 107 108 111 114 117 118 121 124 126 129 131 134 136 139 141 144 146 149 151 154 156 159 161 164
a 1 3 5 9 11 14 17 18 20 23 27 28 31 34 37 38 41 44 47 48 51 54 57 58 61 64 67 68 71 74 77 78 81 84 87 88 91 94 97 98 101 104 107 108 111 114 117 118 121 124 126 129 131 134 136 139 141 144 146 149 151 154 156 159 161 164
a 1 3 5 9 11 14 17 18 20 23 25 28 31 34 37 38 41 44 47 48 51 54 57 58 61 64 67 68 71 74 77 78 81 84 87 88 91 94 97 98 101 104 107 108 111 114 117 118 121 124 126 129 131 134 136 139 141 144 146 149 151 154 156 159 161 164
a 1 3 5 9 11 14 17 18 20 23 25 29 31 34 37 38 41 44 47 48 51 54 57 58 61 64 67 68 71 74 77 78 81 84 87 88 91 94 97 98 101 104 107 108 111 114 117 118 121 124 126 129 131 134 136 139 141 144 146 149 151 154 156 159 161 164
a 1 3 5 9 11 14 17 18 20 23 25 29 31 34 37 38 40 44 47 48 51 54 57 58 61 64 67 68 71 74 77 78 81 84 87 88 91 94 97 98 101 104 107 108 111 114 117 118 121 124 126 129 131 134 136 139 141 144 146 149 151 154 156 159 161 164
a 1 3 5 9 11 14 17 18 20 23 25 29 31 34 37 38 40 43 47 48 51 54 57 58 61 64 67 68 71 74 77 78 81 84 87 88 91 94 97 98 101 104 107 108 111 114 117 118 121 124 126 129 131 134 136 139 141 144 146 149 151 154 156 159 161 164
a 1 3 5 9 11 14 17 18 20 23 25 29 31 34 37 38 40 43 45 48 51 54 57 58 61 64 67 68 71 74 77 78 81 84 87 88 91 94 97 98 101 104 107 108 111 114 117 118 121 124 126 129 131 134 136 139 141 144 146 149 151 154 156 159 161 164
a 1 3 5 9 11 14 17 18 20 23 25 29 31 34 37 38 40 43 45 49 51 54 57 58 61 64 67 68 71 74 77 78 81 84 87 88 91 94 97 98 101 104 107 108 111 114 117 118 121 124 126 129 131 134 136 139 141 144 146 149 151 154 156 159 161 164
a 1 3 5 9 11 14 17 18 20 23 25 29 31 34 37 38 40 43 45 49 51 54 57 58 60 64 67 68 71 74 77 78 81 84 87 88 91 94 97 98 101 104 107 108 111 114 117 118 121 124 126 129 131 134 136 139 141 144 146 149 151 154 156 159 161 164
a 1 3 5 9 11 14 17 18 20 23 25 29 31 34 37 38 40 43 45 49 51 54 57 58 60 63 67 68 71 74 77 78 81 84 87 88 91 94 97 98 101 104 107 108 111 114 117 118 121 124 126 129 131 134 136 139 141 144 146 149 151 154 156 159 161 164
a 1 3 5 9 11 14 17 18 20 23 25 29 31 34 37 38 40 43 45 49 51 54 57 58 60 63 65 68 71 74 77 78 81 84 87 88 91 94 97 98 101 104 107 108 111 114 117 118 121 124 126 129 131 134 136 139 141 144 146 149 151 154 156 159 161 164
a 1 3 5 9 11 14 17 18 20 23 25 29 31 34 37 38 40 43 45 49 51 54 57 58 60 63 65 69 71 74 77 78 81 84 87 88 91 94 97 98 101 104 107 108 111 114 117 118 121 124 126 129 131 134 136 139 141 144 146 149 151 154 156 159 161 164
a 1 3 5 9 11 14 17 18 20 23 25 29 31 34 37 38 40 43 45 49 51 54 57 58 60 63 65 69 71 74 77 78 80 84 87 88 91 94 97 98 101 104 107 108 111 114 117 118 121 124 126 129 131 134 136 139 141 144 146 149 151 154 156 159 161 164
a 1 3 5 9 11 14 17 18 20 23 25 29 31 34 37 38 40 43 45 49 51 54 57 58 60 63 65 69 71 74 77 78 80 83 87 88 91 94 97 98 101 104 107 108 111 114 117 118 121 124 126 129 131 134 136 139 141 144 146 149 151 154 156 159 161 164
a 1 3 5 9 11 14 17 18 20 23 25 29 31 34 37 38 40 43 45 49 51 54 57 58 60 63 65 69 71 74 77 78 80 83 85 88 91 94 97 98 101 104 107 108 111 114 117 118 121 124 126 129 131 134 136 139 141 144 146 149 151 154 156 159 161 164
a 1 3 5 9 11 14 17 18 20 23 25 29 31 34 37 38 40 43 45 49 51 54 57 58 60 63 65 69 71 74 77 78 80 83 85 89 91 94 97 98 101 104 107 108 111 114 117 118 121 124 126 129 131 134 136 139 141 144 146 149 151 154 156 159 161 164
a 1 3 5 9 11 14 17 18 20 23 25 29 31 34 37 38 40 43 45 49 51 54 57 58 60 63 65 69 71 74 77 78 80 83 85 89 91 94 97 98 100 104 107 108 111 114 117 118 121 124 126 129 131 134 136 139 141 144 146 149 151 154 156 159 161 164
a 1 3 5 9 11 14 17 18 20 23 25 29 31 34 37 38 40 43 45 49 51 54 57 58 60 63 65 69 71 74 77 78 80 83 85 89 91 94 97 98 100 103 107 108 111 114 117 118 121 124 126 129 131 134 136 139 141 144 146 149 151 154 156 159 161 164
a 1 3 5 9 11 14 17 18 20 23 25 29 31 34 37 38 40 43 45 49 51 54 57 58 60 63 65 69 71 74 77 78 80 83 85 89 91 94 97 98 100 103 105 108 111 114 117 118 121 124 126 129 131 134 136 139 141 144 146 149 151 154 156 159 161 164
a 1 3 5 9 11 14 17 18 20 23 25 29 31 34 37 38 40 43 45 49 51 54 57 58 60 63 65 69 71 74 77 78 80 83 85 89 91 94 97 98 100 103 105 109 111 114 117 118 121 124 126 129 131 134 136 139 141 144 146 149 151 154 156 159 161 164
a 1 3 5 9 11 14 17 18 20 23 25 29 31 34 37 38 40 43 45 49 51 54 57 58 60 63 65 69 71 74 77 78 80 83 85 89 91 94 97 98 100 103 105 109 111 114 117 118 120 124 126 129 131 134 136 139 141 144 146 149 151 154 156 159 161 164
a 1 3 5 9 11 14 17 18 20 23 25 29 31 34 37 38 40 43 45 49 51 54 57 58 60 63 65 69 71 74 77 78 80 83 85 89 91 94 97 98 100 103 105 109 111 114 117 118 120 123 126 129 131 134 136 139 141 144 146 149 151 154 156 159 161 164
a 1 3 5 9 11 14 17 18 20 23 25 29 31 34 37 38 40 43 45 49 51 54 57 58 60 63 65 69 71 74 77 78 80 83 85 89 91 94 97 98 100 103 105 109 111 114 117 118 120 123 125 129 131 134 136 139 141 144 146 149 151 154 156 159 161 164
a 1 3 5 9 11 14 17 18 20 23 25 29 31 34 37 38 40 43 45 49 51 54 57 58 60 63 65 69 71 74 77 78 80 83 85 89 91 94 97 98 100 103 105 109 111 114 117 118 120 123 125 128 131 134 136 139 141 144 146 149 151 154 156 159 161 164
a 1 3 5 9 11 14 17 18 20 23 25 29 31 34 37 38 40 43 45 49 51 54 57 58 60 63 65 69 71 74 77 78 80 83 85 89 91 94 97 98 100 103 105 109 111 114 117 118 120 123 127 128 131 134 136 139 141 144 146 149 151 154 156 159 161 164
a 1 3 5 9 11 14 17 18 20 23 25 29 31 34 37 38 40 43 45 49 51 54 57 58 60 63 65 69 71 74 77 78 80 83 85 89 91 94 97 98 100 103 105 109 111 114 117 118 120 124 127 128 131 134 136 139 141 144 146 149 151 154 156 159 161 164
a 1 3 5 9 11 14 17 18 20 23 25 29 31 34 37 38 40 43 45 49 51 54 57 58 60 63 65 69 71 74 77 78 80 83 85 89 91 94 97 98 100 103 105 109 111 114 117 118 121 124 127 128 131 134 136 139 141 144 146 149 151 154 156 159 161 164
a 1 3 5 9 11 14 17 18 20 23 25 29 31 34 37 38 40 43 45 49 51 54 57 58 60 63 65 69 71 74 77 78 80 83 85 89 91 94 97 98 100 103 105 108 111 114 117 118 121 124 127 128 131 134 136 139 141 144 146 149 151 154 156 159 161 164
a 1 3 5 9 11 14 17 18 20 23 25 29 31 34 37 38 40 43 45 49 51 54 57 58 60 63 65 69 71 74 77 78 80 83 85 89 91 94 97 98 100 103 107 108 111 114 117 118 121 124 127 128 131 134 136 139 141 144 146 149 151 154 156 159 161 164
a 1 3 5 9 11 14 17 18 20 23 25 29 31 34 37 38 40 43 45 49 51 54 57 58 60 63 65 69 71 74 77 78 80 83 85 89 91 94 97 98 100 104 107 108 111 114 117 118 121 124 127 128 131 134 136 139 141 144 146 149 151 154 156 159 161 164
a 1 3 5 9 11 14 17 18 20 23 25 29 31 34 37 38 40 43 45 49 51 54 57 58 60 63 65 69 71 74 77 78 80 83 85 89 91 94 97 98 101 104 107 108 111 114 117 118 121 124 127 128 131 134 136 139 141 144 146 149 151 154 156 159 161 164
a 1 3 5 9 11 14 17 18 20 23 25 29 31 34 37 38 40 43 45 49 51 54 57 58 60 63 65 69 71 74 77 78 80 83 85 88 91 94 97 98 101 104 107 108 111 114 117 118 121 124 127 128 131 134 136 139 141 144 146 149 151 154 156 159 161 164
a 1 3 5 9 11 14 17 18 20 23 25 29 31 34 37 38 40 43 45 49 51 54 57 58 60 63 65 69 71 74 77 78 80 83 87 88 91 94 97 98 101 104 107 108 111 114 117 118 121 124 127 128 131 134 136 139 141 144 146 149 151 154 156 159 161 164
a 1 3 5 9 11 14 17 18 20 23 25 29 31 34 37 38 40 43 45 49 51 54 57 58 60 63 65 69 71 74 77 78 80 84 87 88 91 94 97 98 101 104 107 108 111 114 117 118 121 124 127 128 131 134 136 139 141 144 146 149 151 154 156 159 161 164
a 1 3 5 9 11 14 17 18 20 23 25 29 31 34 37 38 40 43 45 49 51 54 57 58 60 63 65 69 71 74 77 78 81 84 87 88 91 94 97 98 101 104 107 108 111 114 117 118 121 124 127 128 131 134 136 139 141 144 146 149 151 154 156 159 161 164
a 1 3 5 9 11 14 17 18 20 23 25 29 31 34 37 38 40 43 45 49 51 54 57 58 60 63 65 68 71 74 77 78 81 84 87 88 91 94 97 98 101 104 107 108 111 114 117 118 121 124 127 128 131 134 136 139 141 144 146 149 151 154 156 159 161 164
a 1 3 5 9 11 14 17 18 20 23 25 29 31 34 37 38 40 43 45 49 51 54 57 58 60 63 67 68 71 74 77 78 81 84 87 88 91 94 97 98 101 104 107 108 111 114 117 118 121 124 127 128 131 134 136 139 141 144 146 149 151 154 156 159 161 164
a 1 3 5 9 11 14 17 18 20 23 25 29 31 34 37 38 40 43 45 49 51 54 57 58 60 64 67 68 71 74 77 78 81 84 87 88 91 94 97 98 101 104 107 108 111 114 117 118 121 124 127 128 131 134 136 139 141 144 146 149 151 154 156 159 161 164
a 1 3 5 9 11 14 17 18 20 23 25 29 31 34 37 38 40 43 45 49 51 54 57 58 61 64 67 68 71 74 77 78 81 84 87 88 91 94 97 98 101 104 107 108 111 114 117 118 121 124 127 128 131 134 136 139 141 144 146 149 151 154 156 159 161 164
a 1 3 5 9 11 14 17 18 20 23 25 29 31 34 37 38 40 43 45 48 51 54 57 58 61 64 67 68 71 74 77 78 81 84 87 88 91 94 97 98 101 104 107 108 111 114 117 118 121 124 127 128 131 134 136 139 141 144 146 149 151 154 156 159 161 164
a 1 3 5 9 11 14 17 18 20 23 25 29 31 34 37 38 40 43 47 48 51 54 57 58 61 64 67 68 71 74 77 78 81 84 87 88 91 94 97 98 101 104 107 108 111 114 117 118 121 124 127 128 131 134 136 139 141 144 146 149 151 154 156 159 161 164
a 1 3 5 9 11 14 17 18 20 23 25 29 31 34 37 38 40 44 47 48 51 54 57 58 61 64 67 68 71 74 77 78 81 84 87 88 91 94 97 98 101 104 107 108 111 114 117 118 121 124 127 128 131 134 136 139 141 144 146 149 151 154 156 159 161 164
a 1 3 5 9 11 14 17 18 20 23 25 29 31 34 37 38 41 44 47 48 51 54 57 58 61 64 67 68 71 74 77 78 81 84 87 88 91 94 97 98 101 104 107 108 111 114 117 118 121 124 127 128 131 134 136 139 141 144 146 149 151 154 156 159 161 164
a 1 3 5 9 11 14 17 18 20 23 25 28 31 34 37 38 41 44 47 48 51 54 57 58 61 64 67 68 71 74 77 78 81 84 87 88 91 94 97 98 101 104 107 108 111 114 117 118 121 124 127 128 131 134 136 139 141 144 146 149 151 154 156 159 161 164
a 1 3 5 9 11 14 17 18 20 23 27 28 31 34 37 38 41 44 47 48 51 54 57 58 61 64 67 68 71 74 77 78 81 84 87 88 91 94 97 98 101 104 107 108 111 114 117 118 121 124 127 128 131 134 136 139 141 144 146 149 151 154 156 159 161 164
a 1 3 5 9 11 14 17 18 20 24 27 28 31 34 37 38 41 44 47 48 51 54 57 58 61 64 67 68 71 74 77 78 81 84 87 88 91 94 97 98 101 104 107 108 111 114 117 118 121 124 127 128 131 134 136 139 141 144 146 149 151 154 156 159 161 164
a 1 3 5 9 11 14 17 18 21 24 27 28 31 34 37 38 41 44 47 48 51 54 57 58 61 64 67 68 71 74 77 78 81 84 87 88 91 94 97 98 101 104 107 108 111 114 117 118 121 124 127 128 131 134 136 139 141 144 146 149 151 154 156 159 161 164
a 1 3 5 8 11 14 17 18 21 24 27 28 31 34 37 38 41 44 47 48 51 54 57 58 61 64 67 68 71 74 77 78 81 84 87 88 91 94 97 98 101 104 107 108 111 114 117 118 121 124 127 128 131 134 136 139 141 144 146 149 151 154 156 159 161 164
a 1 3 7 8 11 14 17 18 21 24 27 28 31 34 37 38 41 44 47 48 51 54 57 58 61 64 67 68 71 74 77 78 81 84 87 88 91 94 97 98 101 104 107 108 111 114 117 118 121 124 127 128 131 134 136 139 141 144 146 149 151 154 156 159 161 164
a 1 4 7 8 11 14 17 18 21 24 27 28 31 34 37 38 41 44 47 48 51 54 57 58 61 64 67 68 71 74 77 78 81 84 87 88 91 94 97 98 101 104 107 108 111 114 117 118 121 124 127 128 131 134 136 139 141 144 146 149 151 154 156 159 161 164
a 2 4 7 8 11 14 17 18 21 24 27 28 31 34 37 38 41 44 47 48 51 54 57 58 61 64 67 68 71 74 77 78 81 84 87 88 91 94 97 98 101 104 107 108 111 114 117 118 121 124 127 128 131 134 136 139 141 144 146 149 151 154 156 159 161 164
a 2 4 7 8 10 14 17 18 21 24 27 28 31 34 37 38 41 44 47 48 51 54 57 58 61 64 67 68 71 74 77 78 81 84 87 88 91 94 97 98 101 104 107 108 111 114 117 118 121 124 127 128 131 134 136 139 141 144 146 149 151 154 156 159 161 164
a 2 4 7 8 10 13 17 18 21 24 27 28 31 34 37 38 41 44 47 48 51 54 57 58 61 64 67 68 71 74 77 78 81 84 87 88 91 94 97 98 101 104 107 108 111 114 117 118 121 124 127 128 131 134 136 139 141 144 146 149 151 154 156 159 161 164
a 2 4 7 8 10 13 15 18 21 24 27 28 31 34 37 38 41 44 47 48 51 54 57 58 61 64 67 68 71 74 77 78 81 84 87 88 91 94 97 98 101 104 107 108 111 114 117 118 121 124 127 128 131 134 136 139 141 144 146 149 151 154 156 159 161 164
a 2 4 7 8 10 13 15 19 21 24 27 28 31 34 37 38 41 44 47 48 51 54 57 58 61 64 67 68 71 74 77 78 81 84 87 88 91 94 97 98 101 104 107 108 111 114 117 118 121 124 127 128 131 134 136 139 141 144 146 149 151 154 156 159 161 164
a 2 4 7 8 10 13 15 19 21 24 27 28 30 34 37 38 41 44 47 48 51 54 57 58 61 64 67 68 71 74 77 78 81 84 87 88 91 94 97 98 101 104 107 108 111 114 117 118 121 124 127 128 131 134 136 139 141 144 146 149 151 154 156 159 161 164
a 2 4 7 8 10 13 15 19 21 24 27 28 30 33 37 38 41 44 47 48 51 54 57 58 61 64 67 68 71 74 77 78 81 84 87 88 91 94 97 98 101 104 107 108 111 114 117 118 121 124 127 128 131 134 136 139 141 144 146 149 151 154 156 159 161 164
a 2 4 7 8 10 13 15 19 21 24 27 28 30 33 35 38 41 44 47 48 51 54 57 58 61 64 67 68 71 74 77 78 81 84 87 88 91 94 97 98 101 104 107 108 111 114 117 118 121 124 127 128 131 134 136 139 141 144 146 149 151 154 156 159 161 164
a 2 4 7 8 10 13 15 19 21 24 27 28 30 33 35 39 41 44 47 48 51 54 57 58 61 64 67 68 71 74 77 78 81 84 87 88 91 94 97 98 101 104 107 108 111 114 117 118 121 124 127 128 131 134 136 139 141 144 146 149 151 154 156 159 161 164
a 2 4 7 8 10 13 15 19 21 24 27 28 30 33 35 39 41 44 47 48 50 54 57 58 61 64 67 68 71 74 77 78 81 84 87 88 91 94 97 98 101 104 107 108 111 114 117 118 121 124 127 128 131 134 136 139 141 144 146 149 151 154 156 159 161 164
a 2 4 7 8 10 13 15 19 21 24 27 28 30 33 35 39 41 44 47 48 50 53 57 58 61 64 67 68 71 74 77 78 81 84 87 88 91 94 97 98 101 104 107 108 111 114 117 118 121 124 127 128 131 134 136 139 141 144 146 149 151 154 156 159 161 164
a 2 4 7 8 10 13 15 19 21 24 27 28 30 33 35 39 41 44 47 48 50 53 55 58 61 64 67 68 71 74 77 78 81 84 87 88 91 94 97 98 101 104 107 108 111 114 117 118 121 124 127 128 131 134 136 139 141 144 146 149 151 154 156 159 161 164
a 2 4 7 8 10 13 15 19 21 24 27 28 30 33 35 39 41 44 47 48 50 53 55 59 61 64 67 68 71 74 77 78 81 84 87 88 91 94 97 98 101 104 107 108 111 114 117 118 121 124 127 128 131 134 136 139 141 144 146 149 151 154 156 159 161 164
a 2 4 7 8 10 13 15 19 21 24 27 28 30 33 35 39 41 44 47 48 50 53 55 59 61 64 67 68 70 74 77 78 81 84 87 88 91 94 97 98 101 104 107 108 111 114 117 118 121 124 127 128 131 134 136 139 141 144 146 149 151 154 156 159 161 164
a 2 4 7 8 10 13 15 19 21 24 27 28 30 33 35 39 41 44 47 48 50 53 55 59 61 64 67 68 70 73 77 78 81 84 87 88 91 94 97 98 101 104 107 108 111 114 117 118 121 124 127 128 131 134 136 139 141 144 146 149 151 154 156 159 161 164
a 2 4 7 8 10 13 15 19 21 24 27 28 30 33 35 39 41 44 47 48 50 53 55 59 61 64 67 68 70 73 75 78 81 84 87 88 91 94 97 98 101 104 107 108 111 114 117 118 121 124 127 128 131 134 136 139 141 144 146 149 151 154 156 159 161 164
a 2 4 7 8 10 13 15 19 21 24 27 28 30 33 35 39 41 44 47 48 50 53 55 59 61 64 67 68 70 73 75 79 81 84 87 88 91 94 97 98 101 104 107 108 111 114 117 118 121 124 127 128 131 134 136 139 141 144 146 149 151 154 156 159 161 164
a 2 4 7 8 10 13 15 19 21 24 27 28 30 33 35 39 41 44 47 48 50 53 55 59 61 64 67 68 70 73 75 79 81 84 87 88 90 94 97 98 101 104 107 108 111 114 117 118 121 124 127 128 131 134 136 139 141 144 146 149 151 154 156 159 161 164
a 2 4 7 8 10 13 15 19 21 24 27 28 30 33 35 39 41 44 47 48 50 53 55 59 61 64 67 68 70 73 75 79 81 84 87 88 90 93 97 98 101 104 107 108 111 114 117 118 121 124 127 128 131 134 136 139 141 144 146 149 151 154 156 159 161 164
a 2 4 7 8 10 13 15 19 21 24 27 28 30 33 35 39 41 44 47 48 50 53 55 59 61 64 67 68 70 73 75 79 81 84 87 88 90 93 95 98 101 104 107 108 111 114 117 118 121 124 127 128 131 134 136 139 141 144 146 149 151 154 156 159 161 164
a 2 4 7 8 10 13 15 19 21 24 27 28 30 33 35 39 41 44 47 48 50 53 55 59 61 64 67 68 70 73 75 79 81 84 87 88 90 93 95 99 101 104 107 108 111 114 117 118 121 124 127 128 131 134 136 139 141 144 146 149 151 154 156 159 161 164
a 2 4 7 8 10 13 15 19 21 24 27 28 30 33 35 39 41 44 47 48 50 53 55 59 61 64 67 68 70 73 75 79 81 84 87 88 90 93 95 99 101 104 107 108 110 114 117 118 121 124 127 128 131 134 136 139 141 144 146 149 151 154 156 159 161 164
a 2 4 7 8 10 13 15 19 21 24 27 28 30 33 35 39 41 44 47 48 50 53 55 59 61 64 67 68 70 73 75 79 81 84 87 88 90 93 95 99 101 104 107 108 110 113 117 118 121 124 127 128 131 134 136 139 141 144 146 149 151 154 156 159 161 164
a 2 4 7 8 10 13 15 19 21 24 27 28 30 33 35 39 41 44 47 48 50 53 55 59 61 64 67 68 70 73 75 79 81 84 87 88 90 93 95 99 101 104 107 108 110 113 115 118 121 124 127 128 131 134 136 139 141 144 146 149 151 154 156 159 161 164
a 2 4 7 8 10 13 15 19 21 24 27 28 30 33 35 39 41 44 47 48 50 53 55 59 61 64 67 68 70 73 75 79 81 84 87 88 90 93 95 99 101 104 107 108 110 113 115 119 121 124 127 128 131 134 136 139 141 144 146 149 151 154 156 159 161 164
a 2 4 7 8 10 13 15 19 21 24 27 28 30 33 35 39 41 44 47 48 50 53 55 59 61 64 67 68 70 73 75 79 81 84 87 88 90 93 95 99 101 104 107 108 110 113 115 119 121 124 127 128 130 134 136 139 141 144 146 149 151 154 156 159 161 164
a 2 4 7 8 10 13 15 19 21 24 27 28 30 33 35 39 41 44 47 48 50 53 55 59 61 64 67 68 70 73 75 79 81 84 87 88 90 93 95 99 101 104 107 108 110 113 115 119 121 124 127 128 130 133 136 139 141 144 146 149 151 154 156 159 161 164
a 2 4 7 8 10 13 15 19 21 24 27 28 30 33 35 39 41 44 47 48 50 53 55 59 61 64 67 68 70 73 75 79 81 84 87 88 90 93 95 99 101 104 107 108 110 113 115 119 121 124 127 128 130 133 135 139 141 144 146 149 151 154 156 159 161 164
a 2 4 7 8 10 13 15 19 21 24 27 28 30 33 35 39 41 44 47 48 50 53 55 59 61 64 67 68 70 73 75 79 81 84 87 88 90 93 95 99 101 104 107 108 110 113 115 119 121 124 127 128 130 133 135 138 141 144 146 149 151 154 156 159 161 164
a 2 4 7 8 10 13 15 19 21 24 27 28 30 33 35 39 41 44 47 48 50 53 55 59 61 64 67 68 70 73 75 79 81 84 87 88 90 93 95 99 101 104 107 108 110 113 115 119 121 124 127 128 130 133 137 138 141 144 146 149 151 154 156 159 161 164
a 2 4 7 8 10 13 15 19 21 24 27 28 30 33 35 39 41 44 47 48 50 53 55 59 61 64 67 68 70 73 75 79 81 84 87 88 90 93 95 99 101 104 107 108 110 113 115 119 121 124 127 128 130 134 137 138 141 144 146 149 151 154 156 159 161 164
a 2 4 7 8 10 13 15 19 21 24 27 28 30 33 35 39 41 44 47 48 50 53 55 59 61 64 67 68 70 73 75 79 81 84 87 88 90 93 95 99 101 104 107 108 110 113 115 119 121 124 127 128 131 134 137 138 141 144 146 149 151 154 156 159 161 164
a 2 4 7 8 10 13 15 19 21 24 27 28 30 33 35 39 41 44 47 48 50 53 55 59 61 64 67 68 70 73 75 79 81 84 87 88 90 93 95 99 101 104 107 108 110 113 115 118 121 124 127 128 131 134 137 138 141 144 146 149 151 154 156 159 161 164
a 2 4 7 8 10 13 15 19 21 24 27 28 30 33 35 39 41 44 47 48 50 53 55 59 61 64 67 68 70 73 75 79 81 84 87 88 90 93 95 99 101 104 107 108 110 113 117 118 121 124 127 128 131 134 137 138 141 144 146 149 151 154 156 159 161 164
a 2 4 7 8 10 13 15 19 21 24 27 28 30 33 35 39 41 44 47 48 50 53 55 59 61 64 67 68 70 73 75 79 81 84 87 88 90 93 95 99 101 104 107 108 110 114 117 118 121 124 127 128 131 134 137 138 141 144 146 149 151 154 156 159 161 164
a 2 4 7 8 10 13 15 19 21 24 27 28 30 33 35 39 41 44 47 48 50 53 55 59 61 64 67 68 70 73 75 79 81 84 87 88 90 93 95 99 101 104 107 108 111 114 117 118 121 124 127 128 131 134 137 138 141 144 146 149 151 154 156 159 161 164
a 2 4 7 8 10 13 15 19 21 24 27 28 30 33 35 39 41 44 47 48 50 53 55 59 61 64 67 68 70 73 75 79 81 84 87 88 90 93 95 98 101 104 107 108 111 114 117 118 121 124 127 128 131 134 137 138 141 144 146 149 151 154 156 159 161 164
a 2 4 7 8 10 13 15 19 21 24 27 28 30 33 35 39 41 44 47 48 50 53 55 59 61 64 67 68 70 73 75 79 81 84 87 88 90 93 97 98 101 104 107 108 111 114 117 118 121 124 127 128 131 134 137 138 141 144 146 149 151 154 156 159 161 164
a 2 4 7 8 10 13 15 19 21 24 27 28 30 33 35 39 41 44 47 48 50 53 55 59 61 64 67 68 70 73 75 79 81 84 87 88 90 94 97 98 101 104 107 108 111 114 117 118 121 124 127 128 131 134 137 138 141 144 146 149 151 154 156 159 161 164
a 2 4 7 8 10 13 15 19 21 24 27 28 30 33 35 39 41 44 47 48 50 53 55 59 61 64 67 68 70 73 75 79 81 84 87 88 91 94 97 98 101 104 107 108 111 114 117 118 121 124 127 128 131 134 137 138 141 144 146 149 151 154 156 159 161 164
a 2 4 7 8 10 13 15 19 21 24 27 28 30 33 35 39 41 44 47 48 50 53 55 59 61 64 67 68 70 73 75 78 81 84 87 88 91 94 97 98 101 104 107 108 111 114 117 118 121 124 127 128 131 134 137 138 141 144 146 149 151 154 156 159 161 164
a 2 4 7 8 10 13 15 19 21 24 27 28 30 33 35 39 41 44 47 48 50 53 55 59 61 64 67 68 70 73 77 78 81 84 87 88 91 94 97 98 101 104 107 108 111 114 117 118 121 124 127 128 131 134 137 138 141 144 146 149 151 154 156 159 161 164
a 2 4 7 8 10 13 15 19 21 24 27 28 30 33 35 39 41 44 47 48 50 53 55 59 61 64 67 68 70 74 77 78 81 84 87 88 91 94 97 98 101 104 107 108 111 114 117 118 121 124 127 128 131 134 137 138 141 144 146 149 151 154 156 159 161 164
a 2 4 7 8 10 13 15 19 21 24 27 28 30 33 35 39 41 44 47 48 50 53 55 59 61 64 67 68 71 74 77 78 81 84 87 88 91 94 97 98 101 104 107 108 111 114 117 118 121 124 127 128 131 134 137 138 141 144 146 149 151 154 156 159 161 164
a 2 4 7 8 10 13 15 19 21 24 27 28 30 33 35 39 41 44 47 48 50 53 55 58 61 64 67 68 71 74 77 78 81 84 87 88 91 94 97 98 101 104 107 108 111 114 117 118 121 124 127 128 131 134 137 138 141 144 146 149 151 154 156 159 161 164
a 2 4 7 8 10 13 15 19 21 24 27 28 30 33 35 39 41 44 47 48 50 53 57 58 61 64 67 68 71 74 77 78 81 84 87 88 91 94 97 98 101 104 107 108 111 114 117 118 121 124 127 128 131 134 137 138 141 144 146 149 151 154 156 159 161 164
a 2 4 7 8 10 13 15 19 21 24 27 28 30 33 35 39 41 44 47 48 50 54 57 58 61 64 67 68 71 74 77 78 81 84 87 88 91 94 97 98 101 104 107 108 111 114 117 118 121 124 127 128 131 134 137 138 141 144 146 149 151 154 156 159 161 164
a 2 4 7 8 10 13 15 19 21 24 27 28 30 33 35 39 41 44 47 48 51 54 57 58 61 64 67 68 71 74 77 78 81 84 87 88 91 94 97 98 101 104 107 108 111 114 117 118 121 124 127 128 131 134 137 138 141 144 146 149 151 154 156 159 161 164
a 2 4 7 8 10 13 15 19 21 24 27 28 30 33 35 38 41 44 47 48 51 54 57 58 61 64 67 68 71 74 77 78 81 84 87 88 91 94 97 98 101 104 107 108 111 114 117 118 121 124 127 128 131 134 137 138 141 144 146 149 151 154 156 159 161 164
a 2 4 7 8 10 13 15 19 21 24 27 28 30 33 37 38 41 44 47 48 51 54 57 58 61 64 67 68 71 74 77 78 81 84 87 88 91 94 97 98 101 104 107 108 111 114 117 118 121 124 127 128 131 134 137 138 141 144 146 149 151 154 156 159 161 164
a 2 4 7 8 10 13 15 19 21 24 27 28 30 34 37 38 41 44 47 48 51 54 57 58 61 64 67 68 71 74 77 78 81 84 87 88 91 94 97 98 101 104 107 108 111 114 117 118 121 124 127 128 131 134 137 138 141 144 146 149 151 154 156 159 161 164
a 2 4 7 8 10 13 15 19 21 24 27 28 31 34 37 38 41 44 47 48 51 54 57 58 61 64 67 68 71 74 77 78 81 84 87 88 91 94 97 98 101 104 107 108 111 114 117 118 121 124 127 128 131 134 137 138 141 144 146 149 151 154 156 159 161 164
a 2 4 7 8 10 13 15 18 21 24 27 28 31 34 37 38 41 44 47 48 51 54 57 58 61 64 67 68 71 74 77 78 81 84 87 88 91 94 97 98 101 104 107 108 111 114 117 118 121 124 127 128 131 134 137 138 141 144 146 149 151 154 156 159 161 164
a 2 4 7 8 10 13 17 18 21 24 27 28 31 34 37 38 41 44 47 48 51 54 57 58 61 64 67 68 71 74 77 78 81 84 87 88 91 94 97 98 101 104 107 108 111 114 117 118 121 124 127 128 131 134 137 138 141 144 146 149 151 154 156 159 161 164
a 2 4 7 8 10 14 17 18 21 24 27 28 31 34 37 38 41 44 47 48 51 54 57 58 61 64 67 68 71 74 77 78 81 84 87 88 91 94 97 98 101 104 107 108 111 114 117 118 121 124 127 128 131 134 137 138 141 144 146 149 151 154 156 159 161 164
a 2 4 7 8 11 14 17 18 21 24 27 28 31 34 37 38 41 44 47 48 51 54 57 58 61 64 67 68 71 74 77 78 81 84 87 88 91 94 97 98 101 104 107 108 111 114 117 118 121 124 127 128 131 134 137 138 141 144 146 149 151 154 156 159 161 164
a 1 4 7 8 11 14 17 18 21 24 27 28 31 34 37 38 41 44 47 48 51 54 57 58 61 64 67 68 71 74 77 78 81 84 87 88 91 94 97 98 101 104 107 108 111 114 117 118 121 124 127 128 131 134 137 138 141 144 146 149 151 154 156 159 161 164
a 1 3 7 8 11 14 17 18 21 24 27 28 31 34 37 38 41 44 47 48 51 54 57 58 61 64 67 68 71 74 77 78 81 84 87 88 91 94 97 98 101 104 107 108 111 114 117 118 121 124 127 128 131 134 137 138 141 144 146 149 151 154 156 159 161 164
a 1 3 5 8 11 14 17 18 21 24 27 28 31 34 37 38 41 44 47 48 51 54 57 58 61 64 67 68 71 74 77 78 81 84 87 88 91 94 97 98 101 104 107 108 111 114 117 118 121 124 127 128 131 134 137 138 141 144 146 149 151 154 156 159 161 164
a 1 3 5 9 11 14 17 18 21 24 27 28 31 34 37 38 41 44 47 48 51 54 57 58 61 64 67 68 71 74 77 78 81 84 87 88 91 94 97 98 101 104 107 108 111 114 117 118 121 124 127 128 131 134 137 138 141 144 146 149 151 154 156 159 161 164
a 1 3 5 9 11 14 17 18 20 24 27 28 31 34 37 38 41 44 47 48 51 54 57 58 61 64 67 68 71 74 77 78 81 84 87 88 91 94 97 98 101 104 107 108 111 114 117 118 121 124 127 128 131 134 137 138 141 144 146 149 151 154 156 159 161 164
a 1 3 5 9 11 14 17 18 20 23 27 28 31 34 37 38 41 44 47 48 51 54 57 58 61 64 67 68 71 74 77 78 81 84 87 88 91 94 97 98 101 104 107 108 111 114 117 118 121 124 127 128 131 134 137 138 141 144 146 149 151 154 156 159 161 164
a 1 3 5 9 11 14 17 18 20 23 25 28 31 34 37 38 41 44 47 48 51 54 57 58 61 64 67 68 71 74 77 78 81 84 87 88 91 94 97 98 101 104 107 108 111 114 117 118 121 124 127 128 131 134 137 138 141 144 146 149 151 154 156 159 161 164
a 1 3 5 9 11 14 17 18 20 23 25 29 31 34 37 38 41 44 47 48 51 54 57 58 61 64 67 68 71 74 77 78 81 84 87 88 91 94 97 98 101 104 107 108 111 114 117 118 121 124 127 128 131 134 137 138 141 144 146 149 151 154 156 159 161 164
a 1 3 5 9 11 14 17 18 20 23 25 29 31 34 37 38 40 44 47 48 51 54 57 58 61 64 67 68 71 74 77 78 81 84 87 88 91 94 97 98 101 104 107 108 111 114 117 118 121 124 127 128 131 134 137 138 141 144 146 149 151 154 156 159 161 164
a 1 3 5 9 11 14 17 18 20 23 25 29 31 34 37 38 40 43 47 48 51 54 57 58 61 64 67 68 71 74 77 78 81 84 87 88 91 94 97 98 101 104 107 108 111 114 117 118 121 124 127 128 131 134 137 138 141 144 146 149 151 154 156 159 161 164
a 1 3 5 9 11 14 17 18 20 23 25 29 31 34 37 38 40 43 45 48 51 54 57 58 61 64 67 68 71 74 77 78 81 84 87 88 91 94 97 98 101 104 107 108 111 114 117 118 121 124 127 128 131 134 137 138 141 144 146 149 151 154 156 159 161 164
a 1 3 5 9 11 14 17 18 20 23 25 29 31 34 37 38 40 43 45 49 51 54 57 58 61 64 67 68 71 74 77 78 81 84 87 88 91 94 97 98 101 104 107 108 111 114 117 118 121 124 127 128 131 134 137 138 141 144 146 149 151 154 156 159 161 164
a 1 3 5 9 11 14 17 18 20 23 25 29 31 34 37 38 40 43 45 49 51 54 57 58 60 64 67 68 71 74 77 78 81 84 87 88 91 94 97 98 101 104 107 108 111 114 117 118 121 124 127 128 131 134 137 138 141 144 146 149 151 154 156 159 161 164
a 1 3 5 9 11 14 17 18 20 23 25 29 31 34 37 38 40 43 45 49 51 54 57 58 60 63 67 68 71 74 77 78 81 84 87 88 91 94 97 98 101 104 107 108 111 114 117 118 121 124 127 128 131 134 137 138 141 144 146 149 151 154 156 159 161 164
a 1 3 5 9 11 14 17 18 20 23 25 29 31 34 37 38 40 43 45 49 51 54 57 58 60 63 65 68 71 74 77 78 81 84 87 88 91 94 97 98 101 104 107 108 111 114 117 118 121 124 127 128 131 134 137 138 141 144 146 149 151 154 156 159 161 164
a 1 3 5 9 11 14 17 18 20 23 25 29 31 34 37 38 40 43 45 49 51 54 57 58 60 63 65 69 71 74 77 78 81 84 87 88 91 94 97 98 101 104 107 108 111 114 117 118 121 124 127 128 131 134 137 138 141 144 146 149 151 154 156 159 161 164
a 1 3 5 9 11 14 17 18 20 23 25 29 31 34 37 38 40 43 45 49 51 54 57 58 60 63 65 69 71 74 77 78 80 84 87 88 91 94 97 98 101 104 107 108 111 114 117 118 121 124 127 128 131 134 137 138 141 144 146 149 151 154 156 159 161 164
a 1 3 5 9 11 14 17 18 20 23 25 29 31 34 37 38 40 43 45 49 51 54 57 58 60 63 65 69 71 74 77 78 80 83 87 88 91 94 97 98 101 104 107 108 111 114 117 118 121 124 127 128 131 134 137 138 141 144 146 149 151 154 156 159 161 164
a 1 3 5 9 11 14 17 18 20 23 25 29 31 34 37 38 40 43 45 49 51 54 57 58 60 63 65 69 71 74 77 78 80 83 85 88 91 94 97 98 101 104 107 108 111 114 117 118 121 124 127 128 131 134 137 138 141 144 146 149 151 154 156 159 161 164
a 1 3 5 9 11 14 17 18 20 23 25 29 31 34 37 38 40 43 45 49 51 54 57 58 60 63 65 69 71 74 77 78 80 83 85 89 91 94 97 98 101 104 107 108 111 114 117 118 121 124 127 128 131 134 137 138 141 144 146 149 151 154 156 159 161 164
a 1 3 5 9 11 14 17 18 20 23 25 29 31 34 37 38 40 43 45 49 51 54 57 58 60 63 65 69 71 74 77 78 80 83 85 89 91 94 97 98 100 104 107 108 111 114 117 118 121 124 127 128 131 134 137 138 141 144 146 149 151 154 156 159 161 164
a 1 3 5 9 11 14 17 18 20 23 25 29 31 34 37 38 40 43 45 49 51 54 57 58 60 63 65 69 71 74 77 78 80 83 85 89 91 94 97 98 100 103 107 108 111 114 117 118 121 124 127 128 131 134 137 138 141 144 146 149 151 154 156 159 161 164
a 1 3 5 9 11 14 17 18 20 23 25 29 31 34 37 38 40 43 45 49 51 54 57 58 60 63 65 69 71 74 77 78 80 83 85 89 91 94 97 98 100 103 105 108 111 114 117 118 121 124 127 128 131 134 137 138 141 144 146 149 151 154 156 159 161 164
a 1 3 5 9 11 14 17 18 20 23 25 29 31 34 37 38 40 43 45 49 51 54 57 58 60 63 65 69 71 74 77 78 80 83 85 89 91 94 97 98 100 103 105 109 111 114 117 118 121 124 127 128 131 134 137 138 141 144 146 149 151 154 156 159 161 164
a 1 3 5 9 11 14 17 18 20 23 25 29 31 34 37 38 40 43 45 49 51 54 57 58 60 63 65 69 71 74 77 78 80 83 85 89 91 94 97 98 100 103 105 109 111 114 117 118 120 124 127 128 131 134 137 138 141 144 146 149 151 154 156 159 161 164
a 1 3 5 9 11 14 17 18 20 23 25 29 31 34 37 38 40 43 45 49 51 54 57 58 60 63 65 69 71 74 77 78 80 83 85 89 91 94 97 98 100 103 105 109 111 114 117 118 120 123 127 128 131 134 137 138 141 144 146 149 151 154 156 159 161 164
a 1 3 5 9 11 14 17 18 20 23 25 29 31 34 37 38 40 43 45 49 51 54 57 58 60 63 65 69 71 74 77 78 80 83 85 89 91 94 97 98 100 103 105 109 111 114 117 118 120 123 125 128 131 134 137 138 141 144 146 149 151 154 156 159 161 164
a 1 3 5 9 11 14 17 18 20 23 25 29 31 34 37 38 40 43 45 49 51 54 57 58 60 63 65 69 71 74 77 78 80 83 85 89 91 94 97 98 100 103 105 109 111 114 117 118 120 123 125 129 131 134 137 138 141 144 146 149 151 154 156 159 161 164
a 1 3 5 9 11 14 17 18 20 23 25 29 31 34 37 38 40 43 45 49 51 54 57 58 60 63 65 69 71 74 77 78 80 83 85 89 91 94 97 98 100 103 105 109 111 114 117 118 120 123 125 129 131 134 137 138 140 144 146 149 151 154 156 159 161 164
a 1 3 5 9 11 14 17 18 20 23 25 29 31 34 37 38 40 43 45 49 51 54 57 58 60 63 65 69 71 74 77 78 80 83 85 89 91 94 97 98 100 103 105 109 111 114 117 118 120 123 125 129 131 134 137 138 140 143 146 149 151 154 156 159 161 164
a 1 3 5 9 11 14 17 18 20 23 25 29 31 34 37 38 40 43 45 49 51 54 57 58 60 63 65 69 71 74 77 78 80 83 85 89 91 94 97 98 100 103 105 109 111 114 117 118 120 123 125 129 131 134 137 138 140 143 145 149 151 154 156 159 161 164
a 1 3 5 9 11 14 17 18 20 23 25 29 31 34 37 38 40 43 45 49 51 54 57 58 60 63 65 69 71 74 77 78 80 83 85 89 91 94 97 98 100 103 105 109 111 114 117 118 120 123 125 129 131 134 137 138 140 143 145 148 151 154 156 159 161 164
a 1 3 5 9 11 14 17 18 20 23 25 29 31 34 37 38 40 43 45 49 51 54 57 58 60 63 65 69 71 74 77 78 80 83 85 89 91 94 97 98 100 103 105 109 111 114 117 118 120 123 125 129 131 134 137 138 140 143 147 148 151 154 156 159 161 164
a 1 3 5 9 11 14 17 18 20 23 25 29 31 34 37 38 40 43 45 49 51 54 57 58 60 63 65 69 71 74 77 78 80 83 85 89 91 94 97 98 100 103 105 109 111 114 117 118 120 123 125 129 131 134 137 138 140 144 147 148 151 154 156 159 161 164
a 1 3 5 9 11 14 17 18 20 23 25 29 31 34 37 38 40 43 45 49 51 54 57 58 60 63 65 69 71 74 77 78 80 83 85 89 91 94 97 98 100 103 105 109 111 114 117 118 120 123 125 129 131 134 137 138 141 144 147 148 151 154 156 159 161 164
a 1 3 5 9 11 14 17 18 20 23 25 29 31 34 37 38 40 43 45 49 51 54 57 58 60 63 65 69 71 74 77 78 80 83 85 89 91 94 97 98 100 103 105 109 111 114 117 118 120 123 125 128 131 134 137 138 141 144 147 148 151 154 156 159 161 164
a 1 3 5 9 11 14 17 18 20 23 25 29 31 34 37 38 40 43 45 49 51 54 57 58 60 63 65 69 71 74 77 78 80 83 85 89 91 94 97 98 100 103 105 109 111 114 117 118 120 123 127 128 131 134 137 138 141 144 147 148 151 154 156 159 161 164
a 1 3 5 9 11 14 17 18 20 23 25 29 31 34 37 38 40 43 45 49 51 54 57 58 60 63 65 69 71 74 77 78 80 83 85 89 91 94 97 98 100 103 105 109 111 114 117 118 120 124 127 128 131 134 137 138 141 144 147 148 151 154 156 159 161 164
a 1 3 5 9 11 14 17 18 20 23 25 29 31 34 37 38 40 43 45 49 51 54 57 58 60 63 65 69 71 74 77 78 80 83 85 89 91 94 97 98 100 103 105 109 111 114 117 118 121 124 127 128 131 134 137 138 141 144 147 148 151 154 156 159 161 164
a 1 3 5 9 11 14 17 18 20 23 25 29 31 34 37 38 40 43 45 49 51 54 57 58 60 63 65 69 71 74 77 78 80 83 85 89 91 94 97 98 100 103 105 108 111 114 117 118 121 124 127 128 131 134 137 138 141 144 147 148 151 154 156 159 161 164
a 1 3 5 9 11 14 17 18 20 23 25 29 31 34 37 38 40 43 45 49 51 54 57 58 60 63 65 69 71 74 77 78 80 83 85 89 91 94 97 98 100 103 107 108 111 114 117 118 121 124 127 128 131 134 137 138 141 144 147 148 151 154 156 159 161 164
a 1 3 5 9 11 14 17 18 20 23 25 29 31 34 37 38 40 43 45 49 51 54 57 58 60 63 65 69 71 74 77 78 80 83 85 89 91 94 97 98 100 104 107 108 111 114 117 118 121 124 127 128 131 134 137 138 141 144 147 148 151 154 156 159 161 164
a 1 3 5 9 11 14 17 18 20 23 25 29 31 34 37 38 40 43 45 49 51 54 57 58 60 63 65 69 71 74 77 78 80 83 85 89 91 94 97 98 101 104 107 108 111 114 117 118 121 124 127 128 131 134 137 138 141 144 147 148 151 154 156 159 161 164
a 1 3 5 9 11 14 17 18 20 23 25 29 31 34 37 38 40 43 45 49 51 54 57 58 60 63 65 69 71 74 77 78 80 83 85 88 91 94 97 98 101 104 107 108 111 114 117 118 121 124 127 128 131 134 137 138 141 144 147 148 151 154 156 159 161 164
a 1 3 5 9 11 14 17 18 20 23 25 29 31 34 37 38 40 43 45 49 51 54 57 58 60 63 65 69 71 74 77 78 80 83 87 88 91 94 97 98 101 104 107 108 111 114 117 118 121 124 127 128 131 134 137 138 141 144 147 148 151 154 156 159 161 164
a 1 3 5 9 11 14 17 18 20 23 25 29 31 34 37 38 40 43 45 49 51 54 57 58 60 63 65 69 71 74 77 78 80 84 87 88 91 94 97 98 101 104 107 108 111 114 117 118 121 124 127 128 131 134 137 138 141 144 147 148 151 154 156 159 161 164
a 1 3 5 9 11 14 17 18 20 23 25 29 31 34 37 38 40 43 45 49 51 54 57 58 60 63 65 69 71 74 77 78 81 84 87 88 91 94 97 98 101 104 107 108 111 114 117 118 121 124 127 128 131 134 137 138 141 144 147 148 151 154 156 159 161 164
a 1 3 5 9 11 14 17 18 20 23 25 29 31 34 37 38 40 43 45 49 51 54 57 58 60 63 65 68 71 74 77 78 81 84 87 88 91 94 97 98 101 104 107 108 111 114 117 118 121 124 127 128 131 134 137 138 141 144 147 148 151 154 156 159 161 164
a 1 3 5 9 11 14 17 18 20 23 25 29 31 34 37 38 40 43 45 49 51 54 57 58 60 63 67 68 71 74 77 78 81 84 87 88 91 94 97 98 101 104 107 108 111 114 117 118 121 124 127 128 131 134 137 138 141 144 147 148 151 154 156 159 161 164
a 1 3 5 9 11 14 17 18 20 23 25 29 31 34 37 38 40 43 45 49 51 54 57 58 60 64 67 68 71 74 77 78 81 84 87 88 91 94 97 98 101 104 107 108 111 114 117 118 121 124 127 128 131 134 137 138 141 144 147 148 151 154 156 159 161 164
a 1 3 5 9 11 14 17 18 20 23 25 29 31 34 37 38 40 43 45 49 51 54 57 58 61 64 67 68 71 74 77 78 81 84 87 88 91 94 97 98 101 104 107 108 111 114 117 118 121 124 127 128 131 134 137 138 141 144 147 148 151 154 156 159 161 164
a 1 3 5 9 11 14 17 18 20 23 25 29 31 34 37 38 40 43 45 48 51 54 57 58 61 64 67 68 71 74 77 78 81 84 87 88 91 94 97 98 101 104 107 108 111 114 117 118 121 124 127 128 131 134 137 138 141 144 147 148 151 154 156 159 161 164
a 1 3 5 9 11 14 17 18 20 23 25 29 31 34 37 38 40 43 47 48 51 54 57 58 61 64 67 68 71 74 77 78 81 84 87 88 91 94 97 98 101 104 107 108 111 114 117 118 121 124 127 128 131 134 137 138 141 144 147 148 151 154 156 159 161 164
a 1 3 5 9 11 14 17 18 20 23 25 29 31 34 37 38 40 44 47 48 51 54 57 58 61 64 67 68 71 74 77 78 81 84 87 88 91 94 97 98 101 104 107 108 111 114 117 118 121 124 127 128 131 134 137 138 141 144 147 148 151 154 156 159 161 164
a 1 3 5 9 11 14 17 18 20 23 25 29 31 34 37 38 41 44 47 48 51 54 57 58 61 64 67 68 71 74 77 78 81 84 87 88 91 94 97 98 101 104 107 108 111 114 117 118 121 124 127 128 131 134 137 138 141 144 147 148 151 154 156 159 161 164
a 1 3 5 9 11 14 17 18 20 23 25 28 31 34 37 38 41 44 47 48 51 54 57 58 61 64 67 68 71 74 77 78 81 84 87 88 91 94 97 98 101 104 107 108 111 114 117 118 121 124 127 128 131 134 137 138 141 144 147 148 151 154 156 159 161 164
a 1 3 5 9 11 14 17 18 20 23 27 28 31 34 37 38 41 44 47 48 51 54 57 58 61 64 67 68 71 74 77 78 81 84 87 88 91 94 97 98 101 104 107 108 111 114 117 118 121 124 127 128 131 134 137 138 141 144 147 148 151 154 156 159 161 164
a 1 3 5 9 11 14 17 18 20 24 27 28 31 34 37 38 41 44 47 48 51 54 57 58 61 64 67 68 71 74 77 78 81 84 87 88 91 94 97 98 101 104 107 108 111 114 117 118 121 124 127 128 131 134 137 138 141 144 147 148 151 154 156 159 161 164
a 1 3 5 9 11 14 17 18 21 24 27 28 31 34 37 38 41 44 47 48 51 54 57 58 61 64 67 68 71 74 77 78 81 84 87 88 91 94 97 98 101 104 107 108 111 114 117 118 121 124 127 128 131 134 137 138 141 144 147 148 151 154 156 159 161 164
a 1 3 5 8 11 14 17 18 21 24 27 28 31 34 37 38 41 44 47 48 51 54 57 58 61 64 67 68 71 74 77 78 81 84 87 88 91 94 97 98 101 104 107 108 111 114 117 118 121 124 127 128 131 134 137 138 141 144 147 148 151 154 156 159 161 164
a 1 3 7 8 11 14 17 18 21 24 27 28 31 34 37 38 41 44 47 48 51 54 57 58 61 64 67 68 71 74 77 78 81 84 87 88 91 94 97 98 101 104 107 108 111 114 117 118 121 124 127 128 131 134 137 138 141 144 147 148 151 154 156 159 161 164
a 1 4 7 8 11 14 17 18 21 24 27 28 31 34 37 38 41 44 47 48 51 54 57 58 61 64 67 68 71 74 77 78 81 84 87 88 91 94 97 98 101 104 107 108 111 114 117 118 121 124 127 128 131 134 137 138 141 144 147 148 151 154 156 159 161 164
a 2 4 7 8 11 14 17 18 21 24 27 28 31 34 37 38 41 44 47 48 51 54 57 58 61 64 67 68 71 74 77 78 81 84 87 88 91 94 97 98 101 104 107 108 111 114 117 118 121 124 127 128 131 134 137 138 141 144 147 148 151 154 156 159 161 164
a 2 4 7 8 10 14 17 18 21 24 27 28 31 34 37 38 41 44 47 48 51 54 57 58 61 64 67 68 71 74 77 78 81 84 87 88 91 94 97 98 101 104 107 108 111 114 117 118 121 124 127 128 131 134 137 138 141 144 147 148 151 154 156 159 161 164
a 2 4 7 8 10 13 17 18 21 24 27 28 31 34 37 38 41 44 47 48 51 54 57 58 61 64 67 68 71 74 77 78 81 84 87 88 91 94 97 98 101 104 107 108 111 114 117 118 121 124 127 128 131 134 137 138 141 144 147 148 151 154 156 159 161 164
a 2 4 7 8 10 13 15 18 21 24 27 28 31 34 37 38 41 44 47 48 51 54 57 58 61 64 67 68 71 74 77 78 81 84 87 88 91 94 97 98 101 104 107 108 111 114 117 118 121 124 127 128 131 134 137 138 141 144 147 148 151 154 156 159 161 164
a 2 4 7 8 10 13 15 19 21 24 27 28 31 34 37 38 41 44 47 48 51 54 57 58 61 64 67 68 71 74 77 78 81 84 87 88 91 94 97 98 101 104 107 108 111 114 117 118 121 124 127 128 131 134 137 138 141 144 147 148 151 154 156 159 161 164
a 2 4 7 8 10 13 15 19 21 24 27 28 30 34 37 38 41 44 47 48 51 54 57 58 61 64 67 68 71 74 77 78 81 84 87 88 91 94 97 98 101 104 107 108 111 114 117 118 121 124 127 128 131 134 137 138 141 144 147 148 151 154 156 159 161 164
a 2 4 7 8 10 13 15 19 21 24 27 28 30 33 37 38 41 44 47 48 51 54 57 58 61 64 67 68 71 74 77 78 81 84 87 88 91 94 97 98 101 104 107 108 111 114 117 118 121 124 127 128 131 134 137 138 141 144 147 148 151 154 156 159 161 164
a 2 4 7 8 10 13 15 19 21 24 27 28 30 33 35 38 41 44 47 48 51 54 57 58 61 64 67 68 71 74 77 78 81 84 87 88 91 94 97 98 101 104 107 108 111 114 117 118 121 124 127 128 131 134 137 138 141 144 147 148 151 154 156 159 161 164
a 2 4 7 8 10 13 15 19 21 24 27 28 30 33 35 39 41 44 47 48 51 54 57 58 61 64 67 68 71 74 77 78 81 84 87 88 91 94 97 98 101 104 107 108 111 114 117 118 121 124 127 128 131 134 137 138 141 144 147 148 151 154 156 159 161 164
a 2 4 7 8 10 13 15 19 21 24 27 28 30 33 35 39 41 44 47 48 50 54 57 58 61 64 67 68 71 74 77 78 81 84 87 88 91 94 97 98 101 104 107 108 111 114 117 118 121 124 127 128 131 134 137 138 141 144 147 148 151 154 156 159 161 164
a 2 4 7 8 10 13 15 19 21 24 27 28 30 33 35 39 41 44 47 48 50 53 57 58 61 64 67 68 71 74 77 78 81 84 87 88 91 94 97 98 101 104 107 108 111 114 117 118 121 124 127 128 131 134 137 138 141 144 147 148 151 154 156 159 161 164
a 2 4 7 8 10 13 15 19 21 24 27 28 30 33 35 39 41 44 47 48 50 53 55 58 61 64 67 68 71 74 77 78 81 84 87 88 91 94 97 98 101 104 107 108 111 114 117 118 121 124 127 128 131 134 137 138 141 144 147 148 151 154 156 159 161 164
a 2 4 7 8 10 13 15 19 21 24 27 28 30 33 35 39 41 44 47 48 50 53 55 59 61 64 67 68 71 74 77 78 81 84 87 88 91 94 97 98 101 104 107 108 111 114 117 118 121 124 127 128 131 134 137 138 141 144 147 148 151 154 156 159 161 164
a 2 4 7 8 10 13 15 19 21 24 27 28 30 33 35 39 41 44 47 48 50 53 55 59 61 64 67 68 70 74 77 78 81 84 87 88 91 94 97 98 101 104 107 108 111 114 117 118 121 124 127 128 131 134 137 138 141 144 147 148 151 154 156 159 161 164
a 2 4 7 8 10 13 15 19 21 24 27 28 30 33 35 39 41 44 47 48 50 53 55 59 61 64 67 68 70 73 77 78 81 84 87 88 91 94 97 98 101 104 107 108 111 114 117 118 121 124 127 128 131 134 137 138 141 144 147 148 151 154 156 159 161 164
a 2 4 7 8 10 13 15 19 21 24 27 28 30 33 35 39 41 44 47 48 50 53 55 59 61 64 67 68 70 73 75 78 81 84 87 88 91 94 97 98 101 104 107 108 111 114 117 118 121 124 127 128 131 134 137 138 141 144 147 148 151 154 156 159 161 164
a 2 4 7 8 10 13 15 19 21 24 27 28 30 33 35 39 41 44 47 48 50 53 55 59 61 64 67 68 70 73 75 79 81 84 87 88 91 94 97 98 101 104 107 108 111 114 117 118 121 124 127 128 131 134 137 138 141 144 147 148 151 154 156 159 161 164
a 2 4 7 8 10 13 15 19 21 24 27 28 30 33 35 39 41 44 47 48 50 53 55 59 61 64 67 68 70 73 75 79 81 84 87 88 90 94 97 98 101 104 107 108 111 114 117 118 121 124 127 128 131 134 137 138 141 144 147 148 151 154 156 159 161 164
a 2 4 7 8 10 13 15 19 21 24 27 28 30 33 35 39 41 44 47 48 50 53 55 59 61 64 67 68 70 73 75 79 81 84 87 88 90 93 97 98 101 104 107 108 111 114 117 118 121 124 127 128 131 134 137 138 141 144 147 148 151 154 156 159 161 164
a 2 4 7 8 10 13 15 19 21 24 27 28 30 33 35 39 41 44 47 48 50 53 55 59 61 64 67 68 70 73 75 79 81 84 87 88 90 93 95 98 101 104 107 108 111 114 117 118 121 124 127 128 131 134 137 138 141 144 147 148 151 154 156 159 161 164
a 2 4 7 8 10 13 15 19 21 24 27 28 30 33 35 39 41 44 47 48 50 53 55 59 61 64 67 68 70 73 75 79 81 84 87 88 90 93 95 99 101 104 107 108 111 114 117 118 121 124 127 128 131 134 137 138 141 144 147 148 151 154 156 159 161 164
a 2 4 7 8 10 13 15 19 21 24 27 28 30 33 35 39 41 44 47 48 50 53 55 59 61 64 67 68 70 73 75 79 81 84 87 88 90 93 95 99 101 104 107 108 110 114 117 118 121 124 127 128 131 134 137 138 141 144 147 148 151 154 156 159 161 164
a 2 4 7 8 10 13 15 19 21 24 27 28 30 33 35 39 41 44 47 48 50 53 55 59 61 64 67 68 70 73 75 79 81 84 87 88 90 93 95 99 101 104 107 108 110 113 117 118 121 124 127 128 131 134 137 138 141 144 147 148 151 154 156 159 161 164
a 2 4 7 8 10 13 15 19 21 24 27 28 30 33 35 39 41 44 47 48 50 53 55 59 61 64 67 68 70 73 75 79 81 84 87 88 90 93 95 99 101 104 107 108 110 113 115 118 121 124 127 128 131 134 137 138 141 144 147 148 151 154 156 159 161 164
a 2 4 7 8 10 13 15 19 21 24 27 28 30 33 35 39 41 44 47 48 50 53 55 59 61 64 67 68 70 73 75 79 81 84 87 88 90 93 95 99 101 104 107 108 110 113 115 119 121 124 127 128 131 134 137 138 141 144 147 148 151 154 156 159 161 164
a 2 4 7 8 10 13 15 19 21 24 27 28 30 33 35 39 41 44 47 48 50 53 55 59 61 64 67 68 70 73 75 79 81 84 87 88 90 93 95 99 101 104 107 108 110 113 115 119 121 124 127 128 130 134 137 138 141 144 147 148 151 154 156 159 161 164
a 2 4 7 8 10 13 15 19 21 24 27 28 30 33 35 39 41 44 47 48 50 53 55 59 61 64 67 68 70 73 75 79 81 84 87 88 90 93 95 99 101 104 107 108 110 113 115 119 121 124 127 128 130 133 137 138 141 144 147 148 151 154 156 159 161 164
a 2 4 7 8 10 13 15 19 21 24 27 28 30 33 35 39 41 44 47 48 50 53 55 59 61 64 67 68 70 73 75 79 81 84 87 88 90 93 95 99 101 104 107 108 110 113 115 119 121 124 127 128 130 133 135 138 141 144 147 148 151 154 156 159 161 164
a 2 4 7 8 10 13 15 19 21 24 27 28 30 33 35 39 41 44 47 48 50 53 55 59 61 64 67 68 70 73 75 79 81 84 87 88 90 93 95 99 101 104 107 108 110 113 115 119 121 124 127 128 130 133 135 139 141 144 147 148 151 154 156 159 161 164
a 2 4 7 8 10 13 15 19 21 24 27 28 30 33 35 39 41 44 47 48 50 53 55 59 61 64 67 68 70 73 75 79 81 84 87 88 90 93 95 99 101 104 107 108 110 113 115 119 121 124 127 128 130 133 135 139 141 144 147 148 150 154 156 159 161 164
a 2 4 7 8 10 13 15 19 21 24 27 28 30 33 35 39 41 44 47 48 50 53 55 59 61 64 67 68 70 73 75 79 81 84 87 88 90 93 95 99 101 104 107 108 110 113 115 119 121 124 127 128 130 133 135 139 141 144 147 148 150 153 156 159 161 164
a 2 4 7 8 10 13 15 19 21 24 27 28 30 33 35 39 41 44 47 48 50 53 55 59 61 64 67 68 70 73 75 79 81 84 87 88 90 93 95 99 101 104 107 108 110 113 115 119 121 124 127 128 130 133 135 139 141 144 147 148 150 153 155 159 161 164
a 2 4 7 8 10 13 15 19 21 24 27 28 30 33 35 39 41 44 47 48 50 53 55 59 61 64 67 68 70 73 75 79 81 84 87 88 90 93 95 99 101 104 107 108 110 113 115 119 121 124 127 128 130 133 135 139 141 144 147 148 150 153 155 158 161 164
a 2 4 7 8 10 13 15 19 21 24 27 28 30 33 35 39 41 44 47 48 50 53 55 59 61 64 67 68 70 73 75 79 81 84 87 88 90 93 95 99 101 104 107 108 110 113 115 119 121 124 127 128 130 133 135 139 141 144 147 148 150 153 157 158 161 164
a 2 4 7 8 10 13 15 19 21 24 27 28 30 33 35 39 41 44 47 48 50 53 55 59 61 64 67 68 70 73 75 79 81 84 87 88 90 93 95 99 101 104 107 108 110 113 115 119 121 124 127 128 130 133 135 139 141 144 147 148 150 154 157 158 161 164
a 2 4 7 8 10 13 15 19 21 24 27 28 30 33 35 39 41 44 47 48 50 53 55 59 61 64 67 68 70 73 75 79 81 84 87 88 90 93 95 99 101 104 107 108 110 113 115 119 121 124 127 128 130 133 135 139 141 144 147 148 151 154 157 158 161 164
a 2 4 7 8 10 13 15 19 21 24 27 28 30 33 35 39 41 44 47 48 50 53 55 59 61 64 67 68 70 73 75 79 81 84 87 88 90 93 95 99 101 104 107 108 110 113 115 119 121 124 127 128 130 133 135 138 141 144 147 148 151 154 157 158 161 164
a 2 4 7 8 10 13 15 19 21 24 27 28 30 33 35 39 41 44 47 48 50 53 55 59 61 64 67 68 70 73 75 79 81 84 87 88 90 93 95 99 101 104 107 108 110 113 115 119 121 124 127 128 130 133 137 138 141 144 147 148 151 154 157 158 161 164
a 2 4 7 8 10 13 15 19 21 24 27 28 30 33 35 39 41 44 47 48 50 53 55 59 61 64 67 68 70 73 75 79 81 84 87 88 90 93 95 99 101 104 107 108 110 113 115 119 121 124 127 128 130 134 137 138 141 144 147 148 151 154 157 158 161 164
a 2 4 7 8 10 13 15 19 21 24 27 28 30 33 35 39 41 44 47 48 50 53 55 59 61 64 67 68 70 73 75 79 81 84 87 88 90 93 95 99 101 104 107 108 110 113 115 119 121 124 127 128 131 134 137 138 141 144 147 148 151 154 157 158 161 164
a 2 4 7 8 10 13 15 19 21 24 27 28 30 33 35 39 41 44 47 48 50 53 55 59 61 64 67 68 70 73 75 79 81 84 87 88 90 93 95 99 101 104 107 108 110 113 115 118 121 124 127 128 131 134 137 138 141 144 147 148 151 154 157 158 161 164
a 2 4 7 8 10 13 15 19 21 24 27 28 30 33 35 39 41 44 47 48 50 53 55 59 61 64 67 68 70 73 75 79 81 84 87 88 90 93 95 99 101 104 107 108 110 113 117 118 121 124 127 128 131 134 137 138 141 144 147 148 151 154 157 158 161 164
a 2 4 7 8 10 13 15 19 21 24 27 28 30 33 35 39 41 44 47 48 50 53 55 59 61 64 67 68 70 73 75 79 81 84 87 88 90 93 95 99 101 104 107 108 110 114 117 118 121 124 127 128 131 134 137 138 141 144 147 148 151 154 157 158 161 164
a 2 4 7 8 10 13 15 19 21 24 27 28 30 33 35 39 41 44 47 48 50 53 55 59 61 64 67 68 70 73 75 79 81 84 87 88 90 93 95 99 101 104 107 108 111 114 117 118 121 124 127 128 131 134 137 138 141 144 147 148 151 154 157 158 161 164
a 2 4 7 8 10 13 15 19 21 24 27 28 30 33 35 39 41 44 47 48 50 53 55 59 61 64 67 68 70 73 75 79 81 84 87 88 90 93 95 98 101 104 107 108 111 114 117 118 121 124 127 128 131 134 137 138 141 144 147 148 151 154 157 158 161 164
a 2 4 7 8 10 13 15 19 21 24 27 28 30 33 35 39 41 44 47 48 50 53 55 59 61 64 67 68 70 73 75 79 81 84 87 88 90 93 97 98 101 104 107 108 111 114 117 118 121 124 127 128 131 134 137 138 141 144 147 148 151 154 157 158 161 164
a 2 4 7 8 10 13 15 19 21 24 27 28 30 33 35 39 41 44 47 48 50 53 55 59 61 64 67 68 70 73 75 79 81 84 87 88 90 94 97 98 101 104 107 108 111 114 117 118 121 124 127 128 131 134 137 138 141 144 147 148 151 154 157 158 161 164
a 2 4 7 8 10 13 15 19 21 24 27 28 30 33 35 39 41 44 47 48 50 53 55 59 61 64 67 68 70 73 75 79 81 84 87 88 91 94 97 98 101 104 107 108 111 114 117 118 121 124 127 128 131 134 137 138 141 144 147 148 151 154 157 158 161 164
a 2 4 7 8 10 13 15 19 21 24 27 28 30 33 35 39 41 44 47 48 50 53 55 59 61 64 67 68 70 73 75 78 81 84 87 88 91 94 97 98 101 104 107 108 111 114 117 118 121 124 127 128 131 134 137 138 141 144 147 148 151 154 157 158 161 164
a 2 4 7 8 10 13 15 19 21 24 27 28 30 33 35 39 41 44 47 48 50 53 55 59 61 64 67 68 70 73 77 78 81 84 87 88 91 94 97 98 101 104 107 108 111 114 117 118 121 124 127 128 131 134 137 138 141 144 147 148 151 154 157 158 161 164
a 2 4 7 8 10 13 15 19 21 24 27 28 30 33 35 39 41 44 47 48 50 53 55 59 61 64 67 68 70 74 77 78 81 84 87 88 91 94 97 98 101 104 107 108 111 114 117 118 121 124 127 128 131 134 137 138 141 144 147 148 151 154 157 158 161 164
a 2 4 7 8 10 13 15 19 21 24 27 28 30 33 35 39 41 44 47 48 50 53 55 59 61 64 67 68 71 74 77 78 81 84 87 88 91 94 97 98 101 104 107 108 111 114 117 118 121 124 127 128 131 134 137 138 141 144 147 148 151 154 157 158 161 164
a 2 4 7 8 10 13 15 19 21 24 27 28 30 33 35 39 41 44 47 48 50 53 55 58 61 64 67 68 71 74 77 78 81 84 87 88 91 94 97 98 101 104 107 108 111 114 117 118 121 124 127 128 131 134 137 138 141 144 147 148 151 154 157 158 161 164
a 2 4 7 8 10 13 15 19 21 24 27 28 30 33 35 39 41 44 47 48 50 53 57 58 61 64 67 68 71 74 77 78 81 84 87 88 91 94 97 98 101 104 107 108 111 114 117 118 121 124 127 128 131 134 137 138 141 144 147 148 151 154 157 158 161 164
a 2 4 7 8 10 13 15 19 21 24 27 28 30 33 35 39 41 44 47 48 50 54 57 58 61 64 67 68 71 74 77 78 81 84 87 88 91 94 97 98 101 104 107 108 111 114 117 118 121 124 127 128 131 134 137 138 141 144 147 148 151 154 157 158 161 164
a 2 4 7 8 10 13 15 19 21 24 27 28 30 33 35 39 41 44 47 48 51 54 57 58 61 64 67 68 71 74 77 78 81 84 87 88 91 94 97 98 101 104 107 108 111 114 117 118 121 124 127 128 131 134 137 138 141 144 147 148 151 154 157 158 161 164
a 2 4 7 8 10 13 15 19 21 24 27 28 30 33 35 38 41 44 47 48 51 54 57 58 61 64 67 68 71 74 77 78 81 84 87 88 91 94 97 98 101 104 107 108 111 114 117 118 121 124 127 128 131 134 137 138 141 144 147 148 151 154 157 158 161 164
a 2 4 7 8 10 13 15 19 21 24 27 28 30 33 37 38 41 44 47 48 51 54 57 58 61 64 67 68 71 74 77 78 81 84 87 88 91 94 97 98 101 104 107 108 111 114 117 118 121 124 127 128 131 134 137 138 141 144 147 148 151 154 157 158 161 164
a 2 4 7 8 10 13 15 19 21 24 27 28 30 34 37 38 41 44 47 48 51 54 57 58 61 64 67 68 71 74 77 78 81 84 87 88 91 94 97 98 101 104 107 108 111 114 117 118 121 124 127 128 131 134 137 138 141 144 147 148 151 154 157 158 161 164
a 2 4 7 8 10 13 15 19 21 24 27 28 31 34 37 38 41 44 47 48 51 54 57 58 61 64 67 68 71 74 77 78 81 84 87 88 91 94 97 98 101 104 107 108 111 114 117 118 121 124 127 128 131 134 137 138 141 144 147 148 151 154 157 158 161 164
a 2 4 7 8 10 13 15 18 21 24 27 28 31 34 37 38 41 44 47 48 51 54 57 58 61 64 67 68 71 74 77 78 81 84 87 88 91 94 97 98 101 104 107 108 111 114 117 118 121 124 127 128 131 134 137 138 141 144 147 148 151 154 157 158 161 164
a 2 4 7 8 10 13 17 18 21 24 27 28 31 34 37 38 41 44 47 48 51 54 57 58 61 64 67 68 71 74 77 78 81 84 87 88 91 94 97 98 101 104 107 108 111 114 117 118 121 124 127 128 131 134 137 138 141 144 147 148 151 154 157 158 161 164
a 2 4 7 8 10 14 17 18 21 24 27 28 31 34 37 38 41 44 47 48 51 54 57 58 61 64 67 68 71 74 77 78 81 84 87 88 91 94 97 98 101 104 107 108 111 114 117 118 121 124 127 128 131 134 137 138 141 144 147 148 151 154 157 158 161 164
a 2 4 7 8 11 14 17 18 21 24 27 28 31 34 37 38 41 44 47 48 51 54 57 58 61 64 67 68 71 74 77 78 81 84 87 88 91 94 97 98 101 104 107 108 111 114 117 118 121 124 127 128 131 134 137 138 141 144 147 148 151 154 157 158 161 164
a 1 4 7 8 11 14 17 18 21 24 27 28 31 34 37 38 41 44 47 48 51 54 57 58 61 64 67 68 71 74 77 78 81 84 87 88 91 94 97 98 101 104 107 108 111 114 117 118 121 124 127 128 131 134 137 138 141 144 147 148 151 154 157 158 161 164
a 1 3 7 8 11 14 17 18 21 24 27 28 31 34 37 38 41 44 47 48 51 54 57 58 61 64 67 68 71 74 77 78 81 84 87 88 91 94 97 98 101 104 107 108 111 114 117 118 121 124 127 128 131 134 137 138 141 144 147 148 151 154 157 158 161 164
a 1 3 5 8 11 14 17 18 21 24 27 28 31 34 37 38 41 44 47 48 51 54 57 58 61 64 67 68 71 74 77 78 81 84 87 88 91 94 97 98 101 104 107 108 111 114 117 118 121 124 127 128 131 134 137 138 141 144 147 148 151 154 157 158 161 164
a 1 3 5 9 11 14 17 18 21 24 27 28 31 34 37 38 41 44 47 48 51 54 57 58 61 64 67 68 71 74 77 78 81 84 87 88 91 94 97 98 101 104 107 108 111 114 117 118 121 124 127 128 131 134 137 138 141 144 147 148 151 154 157 158 161 164
a 1 3 5 9 11 14 17 18 20 24 27 28 31 34 37 38 41 44 47 48 51 54 57 58 61 64 67 68 71 74 77 78 81 84 87 88 91 94 97 98 101 104 107 108 111 114 117 118 121 124 127 128 131 134 137 138 141 144 147 148 151 154 157 158 161 164
a 1 3 5 9 11 14 17 18 20 23 27 28 31 34 37 38 41 44 47 48 51 54 57 58 61 64 67 68 71 74 77 78 81 84 87 88 91 94 97 98 101 104 107 108 111 114 117 118 121 124 127 128 131 134 137 138 141 144 147 148 151 154 157 158 161 164
a 1 3 5 9 11 14 17 18 20 23 25 28 31 34 37 38 41 44 47 48 51 54 57 58 61 64 67 68 71 74 77 78 81 84 87 88 91 94 97 98 101 104 107 108 111 114 117 118 121 124 127 128 131 134 137 138 141 144 147 148 151 154 157 158 161 164
a 1 3 5 9 11 14 17 18 20 23 25 29 31 34 37 38 41 44 47 48 51 54 57 58 61 64 67 68 71 74 77 78 81 84 87 88 91 94 97 98 101 104 107 108 111 114 117 118 121 124 127 128 131 134 137 138 141 144 147 148 151 154 157 158 161 164
a 1 3 5 9 11 14 17 18 20 23 25 29 31 34 37 38 40 44 47 48 51 54 57 58 61 64 67 68 71 74 77 78 81 84 87 88 91 94 97 98 101 104 107 108 111 114 117 118 121 124 127 128 131 134 137 138 141 144 147 148 151 154 157 158 161 164
a 1 3 5 9 11 14 17 18 20 23 25 29 31 34 37 38 40 43 47 48 51 54 57 58 61 64 67 68 71 74 77 78 81 84 87 88 91 94 97 98 101 104 107 108 111 114 117 118 121 124 127 128 131 134 137 138 141 144 147 148 151 154 157 158 161 164
a 1 3 5 9 11 14 17 18 20 23 25 29 31 34 37 38 40 43 45 48 51 54 57 58 61 64 67 68 71 74 77 78 81 84 87 88 91 94 97 98 101 104 107 108 111 114 117 118 121 124 127 128 131 134 137 138 141 144 147 148 151 154 157 158 161 164
a 1 3 5 9 11 14 17 18 20 23 25 29 31 34 37 38 40 43 45 49 51 54 57 58 61 64 67 68 71 74 77 78 81 84 87 88 91 94 97 98 101 104 107 108 111 114 117 118 121 124 127 128 131 134 137 138 141 144 147 148 151 154 157 158 161 164
a 1 3 5 9 11 14 17 18 20 23 25 29 31 34 37 38 40 43 45 49 51 54 57 58 60 64 67 68 71 74 77 78 81 84 87 88 91 94 97 98 101 104 107 108 111 114 117 118 121 124 127 128 131 134 137 138 141 144 147 148 151 154 157 158 161 164
a 1 3 5 9 11 14 17 18 20 23 25 29 31 34 37 38 40 43 45 49 51 54 57 58 60 63 67 68 71 74 77 78 81 84 87 88 91 94 97 98 101 104 107 108 111 114 117 118 121 124 127 128 131 134 137 138 141 144 147 148 151 154 157 158 161 164
a 1 3 5 9 11 14 17 18 20 23 25 29 31 34 37 38 40 43 45 49 51 54 57 58 60 63 65 68 71 74 77 78 81 84 87 88 91 94 97 98 101 104 107 108 111 114 117 118 121 124 127 128 131 134 137 138 141 144 147 148 151 154 157 158 161 164
a 1 3 5 9 11 14 17 18 20 23 25 29 31 34 37 38 40 43 45 49 51 54 57 58 60 63 65 69 71 74 77 78 81 84 87 88 91 94 97 98 101 104 107 108 111 114 117 118 121 124 127 128 131 134 137 138 141 144 147 148 151 154 157 158 161 164
a 1 3 5 9 11 14 17 18 20 23 25 29 31 34 37 38 40 43 45 49 51 54 57 58 60 63 65 69 71 74 77 78 80 84 87 88 91 94 97 98 101 104 107 108 111 114 117 118 121 124 127 128 131 134 137 138 141 144 147 148 151 154 157 158 161 164
a 1 3 5 9 11 14 17 18 20 23 25 29 31 34 37 38 40 43 45 49 51 54 57 58 60 63 65 69 71 74 77 78 80 83 87 88 91 94 97 98 101 104 107 108 111 114 117 118 121 124 127 128 131 134 137 138 141 144 147 148 151 154 157 158 161 164
a 1 3 5 9 11 14 17 18 20 23 25 29 31 34 37 38 40 43 45 49 51 54 57 58 60 63 65 69 71 74 77 78 80 83 85 88 91 94 97 98 101 104 107 108 111 114 117 118 121 124 127 128 131 134 137 138 141 144 147 148 151 154 157 158 161 164
a 1 3 5 9 11 14 17 18 20 23 25 29 31 34 37 38 40 43 45 49 51 54 57 58 60 63 65 69 71 74 77 78 80 83 85 89 91 94 97 98 101 104 107 108 111 114 117 118 121 124 127 128 131 134 137 138 141 144 147 148 151 154 157 158 161 164
a 1 3 5 9 11 14 17 18 20 23 25 29 31 34 37 38 40 43 45 49 51 54 57 58 60 63 65 69 71 74 77 78 80 83 85 89 91 94 97 98 100 104 107 108 111 114 117 118 121 124 127 128 131 134 137 138 141 144 147 148 151 154 157 158 161 164
a 1 3 5 9 11 14 17 18 20 23 25 29 31 34 37 38 40 43 45 49 51 54 57 58 60 63 65 69 71 74 77 78 80 83 85 89 91 94 97 98 100 103 107 108 111 114 117 118 121 124 127 128 131 134 137 138 141 144 147 148 151 154 157 158 161 164
a 1 3 5 9 11 14 17 18 20 23 25 29 31 34 37 38 40 43 45 49 51 54 57 58 60 63 65 69 71 74 77 78 80 83 85 89 91 94 97 98 100 103 105 108 111 114 117 118 121 124 127 128 131 134 137 138 141 144 147 148 151 154 157 158 161 164
a 1 3 5 9 11 14 17 18 20 23 25 29 31 34 37 38 40 43 45 49 51 54 57 58 60 63 65 69 71 74 77 78 80 83 85 89 91 94 97 98 100 103 105 109 111 114 117 118 121 124 127 128 131 134 137 138 141 144 147 148 151 154 157 158 161 164
a 1 3 5 9 11 14 17 18 20 23 25 29 31 34 37 38 40 43 45 49 51 54 57 58 60 63 65 69 71 74 77 78 80 83 85 89 91 94 97 98 100 103 105 109 111 114 117 118 120 124 127 128 131 134 137 138 141 144 147 148 151 154 157 158 161 164
a 1 3 5 9 11 14 17 18 20 23 25 29 31 34 37 38 40 43 45 49 51 54 57 58 60 63 65 69 71 74 77 78 80 83 85 89 91 94 97 98 100 103 105 109 111 114 117 118 120 123 127 128 131 134 137 138 141 144 147 148 151 154 157 158 161 164
a 1 3 5 9 11 14 17 18 20 23 25 29 31 34 37 38 40 43 45 49 51 54 57 58 60 63 65 69 71 74 77 78 80 83 85 89 91 94 97 98 100 103 105 109 111 114 117 118 120 123 125 128 131 134 137 138 141 144 147 148 151 154 157 158 161 164
a 1 3 5 9 11 14 17 18 20 23 25 29 31 34 37 38 40 43 45 49 51 54 57 58 60 63 65 69 71 74 77 78 80 83 85 89 91 94 97 98 100 103 105 109 111 114 117 118 120 123 125 129 131 134 137 138 141 144 147 148 151 154 157 158 161 164
a 1 3 5 9 11 14 17 18 20 23 25 29 31 34 37 38 40 43 45 49 51 54 57 58 60 63 65 69 71 74 77 78 80 83 85 89 91 94 97 98 100 103 105 109 111 114 117 118 120 123 125 129 131 134 137 138 140 144 147 148 151 154 157 158 161 164
a 1 3 5 9 11 14 17 18 20 23 25 29 31 34 37 38 40 43 45 49 51 54 57 58 60 63 65 69 71 74 77 78 80 83 85 89 91 94 97 98 100 103 105 109 111 114 117 118 120 123 125 129 131 134 137 138 140 143 147 148 151 154 157 158 161 164
a 1 3 5 9 11 14 17 18 20 23 25 29 31 34 37 38 40 43 45 49 51 54 57 58 60 63 65 69 71 74 77 78 80 83 85 89 91 94 97 98 100 103 105 109 111 114 117 118 120 123 125 129 131 134 137 138 140 143 145 148 151 154 157 158 161 164
a 1 3 5 9 11 14 17 18 20 23 25 29 31 34 37 38 40 43 45 49 51 54 57 58 60 63 65 69 71 74 77 78 80 83 85 89 91 94 97 98 100 103 105 109 111 114 117 118 120 123 125 129 131 134 137 138 140 143 145 149 151 154 157 158 161 164
a 1 3 5 9 11 14 17 18 20 23 25 29 31 34 37 38 40 43 45 49 51 54 57 58 60 63 65 69 71 74 77 78 80 83 85 89 91 94 97 98 100 103 105 109 111 114 117 118 120 123 125 129 131 134 137 138 140 143 145 149 151 154 157 158 160 164
a 1 3 5 9 11 14 17 18 20 23 25 29 31 34 37 38 40 43 45 49 51 54 57 58 60 63 65 69 71 74 77 78 80 83 85 89 91 94 97 98 100 103 105 109 111 114 117 118 120 123 125 129 131 134 137 138 140 143 145 149 151 154 157 158 160 163
a 1 3 5 9 11 14 17 18 20 23 25 29 31 34 37 38 40 43 45 49 51 54 57 58 60 63 65 69 71 74 77 78 80 83 85 89 91 94 97 98 100 103 105 109 111 114 117 118 120 123 125 129 131 134 137 138 140 143 145 149 151 154 157 158 162 163
a 1 3 5 9 11 14 17 18 20 23 25 29 31 34 37 38 40 43 45 49 51 54 57 58 60 63 65 69 71 74 77 78 80 83 85 89 91 94 97 98 100 103 105 109 111 114 117 118 120 123 125 129 131 134 137 138 140 143 145 148 151 154 157 158 162 163
a 1 3 5 9 11 14 17 18 20 23 25 29 31 34 37 38 40 43 45 49 51 54 57 58 60 63 65 69 71 74 77 78 80 83 85 89 91 94 97 98 100 103 105 109 111 114 117 118 120 123 125 129 131 134 137 138 140 143 147 148 151 154 157 158 162 163
a 1 3 5 9 11 14 17 18 20 23 25 29 31 34 37 38 40 43 45 49 51 54 57 58 60 63 65 69 71 74 77 78 80 83 85 89 91 94 97 98 100 103 105 109 111 114 117 118 120 123 125 129 131 134 137 138 140 144 147 148 151 154 157 158 162 163
a 1 3 5 9 11 14 17 18 20 23 25 29 31 34 37 38 40 43 45 49 51 54 57 58 60 63 65 69 71 74 77 78 80 83 85 89 91 94 97 98 100 103 105 109 111 114 117 118 120 123 125 129 131 134 137 138 141 144 147 148 151 154 157 158 162 163
a 1 3 5 9 11 14 17 18 20 23 25 29 31 34 37 38 40 43 45 49 51 54 57 58 60 63 65 69 71 74 77 78 80 83 85 89 91 94 97 98 100 103 105 109 111 114 117 118 120 123 125 128 131 134 137 138 141 144 147 148 151 154 157 158 162 163
a 1 3 5 9 11 14 17 18 20 23 25 29 31 34 37 38 40 43 45 49 51 54 57 58 60 63 65 69 71 74 77 78 80 83 85 89 91 94 97 98 100 103 105 109 111 114 117 118 120 123 127 128 131 134 137 138 141 144 147 148 151 154 157 158 162 163
a 1 3 5 9 11 14 17 18 20 23 25 29 31 34 37 38 40 43 45 49 51 54 57 58 60 63 65 69 71 74 77 78 80 83 85 89 91 94 97 98 100 103 105 109 111 114 117 118 120 124 127 128 131 134 137 138 141 144 147 148 151 154 157 158 162 163
a 1 3 5 9 11 14 17 18 20 23 25 29 31 34 37 38 40 43 45 49 51 54 57 58 60 63 65 69 71 74 77 78 80 83 85 89 91 94 97 98 100 103 105 109 111 114 117 118 121 124 127 128 131 134 137 138 141 144 147 148 151 154 157 158 162 163
a 1 3 5 9 11 14 17 18 20 23 25 29 31 34 37 38 40 43 45 49 51 54 57 58 60 63 65 69 71 74 77 78 80 83 85 89 91 94 97 98 100 103 105 108 111 114 117 118 121 124 127 128 131 134 137 138 141 144 147 148 151 154 157 158 162 163
a 1 3 5 9 11 14 17 18 20 23 25 29 31 34 37 38 40 43 45 49 51 54 57 58 60 63 65 69 71 74 77 78 80 83 85 89 91 94 97 98 100 103 107 108 111 114 117 118 121 124 127 128 131 134 137 138 141 144 147 148 151 154 157 158 162 163
a 1 3 5 9 11 14 17 18 20 23 25 29 31 34 37 38 40 43 45 49 51 54 57 58 60 63 65 69 71 74 77 78 80 83 85 89 91 94 97 98 100 104 107 108 111 114 117 118 121 124 127 128 131 134 137 138 141 144 147 148 151 154 157 158 162 163
a 1 3 5 9 11 14 17 18 20 23 25 29 31 34 37 38 40 43 45 49 51 54 57 58 60 63 65 69 71 74 77 78 80 83 85 89 91 94 97 98 101 104 107 108 111 114 117 118 121 124 127 128 131 134 137 138 141 144 147 148 151 154 157 158 162 163
a 1 3 5 9 11 14 17 18 20 23 25 29 31 34 37 38 40 43 45 49 51 54 57 58 60 63 65 69 71 74 77 78 80 83 85 88 91 94 97 98 101 104 107 108 111 114 117 118 121 124 127 128 131 134 137 138 141 144 147 148 151 154 157 158 162 163
a 1 3 5 9 11 14 17 18 20 23 25 29 31 34 37 38 40 43 45 49 51 54 57 58 60 63 65 69 71 74 77 78 80 83 87 88 91 94 97 98 101 104 107 108 111 114 117 118 121 124 127 128 131 134 137 138 141 144 147 148 151 154 157 158 162 163
a 1 3 5 9 11 14 17 18 20 23 25 29 31 34 37 38 40 43 45 49 51 54 57 58 60 63 65 69 71 74 77 78 80 84 87 88 91 94 97 98 101 104 107 108 111 114 117 118 121 124 127 128 131 134 137 138 141 144 147 148 151 154 157 158 162 163
a 1 3 5 9 11 14 17 18 20 23 25 29 31 34 37 38 40 43 45 49 51 54 57 58 60 63 65 69 71 74 77 78 81 84 87 88 91 94 97 98 101 104 107 108 111 114 117 118 121 124 127 128 131 134 137 138 141 144 147 148 151 154 157 158 162 163
a 1 3 5 9 11 14 17 18 20 23 25 29 31 34 37 38 40 43 45 49 51 54 57 58 60 63 65 68 71 74 77 78 81 84 87 88 91 94 97 98 101 104 107 108 111 114 117 118 121 124 127 128 131 134 137 138 141 144 147 148 151 154 157 158 162 163
a 1 3 5 9 11 14 17 18 20 23 25 29 31 34 37 38 40 43 45 49 51 54 57 58 60 63 67 68 71 74 77 78 81 84 87 88 91 94 97 98 101 104 107 108 111 114 117 118 121 124 127 128 131 134 137 138 141 144 147 148 151 154 157 158 162 163
a 1 3 5 9 11 14 17 18 20 23 25 29 31 34 37 38 40 43 45 49 51 54 57 58 60 64 67 68 71 74 77 78 81 84 87 88 91 94 97 98 101 104 107 108 111 114 117 118 121 124 127 128 131 134 137 138 141 144 147 148 151 154 157 158 162 163
a 1 3 5 9 11 14 17 18 20 23 25 29 31 34 37 38 40 43 45 49 51 54 57 58 61 64 67 68 71 74 77 78 81 84 87 88 91 94 97 98 101 104 107 108 111 114 117 118 121 124 127 128 131 134 137 138 141 144 147 148 151 154 157 158 162 163
a 1 3 5 9 11 14 17 18 20 23 25 29 31 34 37 38 40 43 45 48 51 54 57 58 61 64 67 68 71 74 77 78 81 84 87 88 91 94 97 98 101 104 107 108 111 114 117 118 121 124 127 128 131 134 137 138 141 144 147 148 151 154 157 158 162 163
a 1 3 5 9 11 14 17 18 20 23 25 29 31 34 37 38 40 43 47 48 51 54 57 58 61 64 67 68 71 74 77 78 81 84 87 88 91 94 97 98 101 104 107 108 111 114 117 118 121 124 127 128 131 134 137 138 141 144 147 148 151 154 157 158 162 163
a 1 3 5 9 11 14 17 18 20 23 25 29 31 34 37 38 40 44 47 48 51 54 57 58 61 64 67 68 71 74 77 78 81 84 87 88 91 94 97 98 101 104 107 108 111 114 117 118 121 124 127 128 131 134 137 138 141 144 147 148 151 154 157 158 162 163
a 1 3 5 9 11 14 17 18 20 23 25 29 31 34 37 38 41 44 47 48 51 54 57 58 61 64 67 68 71 74 77 78 81 84 87 88 91 94 97 98 101 104 107 108 111 114 117 118 121 124 127 128 131 134 137 138 141 144 147 148 151 154 157 158 162 163
a 1 3 5 9 11 14 17 18 20 23 25 28 31 34 37 38 41 44 47 48 51 54 57 58 61 64 67 68 71 74 77 78 81 84 87 88 91 94 97 98 101 104 107 108 111 114 117 118 121 124 127 128 131 134 137 138 141 144 147 148 151 154 157 158 162 163
a 1 3 5 9 11 14 17 18 20 23 27 28 31 34 37 38 41 44 47 48 51 54 57 58 61 64 67 68 71 74 77 78 81 84 87 88 91 94 97 98 101 104 107 108 111 114 117 118 121 124 127 128 131 134 137 138 141 144 147 148 151 154 157 158 162 163
a 1 3 5 9 11 14 17 18 20 24 27 28 31 34 37 38 41 44 47 48 51 54 57 58 61 64 67 68 71 74 77 78 81 84 87 88 91 94 97 98 101 104 107 108 111 114 117 118 121 124 127 128 131 134 137 138 141 144 147 148 151 154 157 158 162 163
a 1 3 5 9 11 14 17 18 21 24 27 28 31 34 37 38 41 44 47 48 51 54 57 58 61 64 67 68 71 74 77 78 81 84 87 88 91 94 97 98 101 104 107 108 111 114 117 118 121 124 127 128 131 134 137 138 141 144 147 148 151 154 157 158 162 163
a 1 3 5 8 11 14 17 18 21 24 27 28 31 34 37 38 41 44 47 48 51 54 57 58 61 64 67 68 71 74 77 78 81 84 87 88 91 94 97 98 101 104 107 108 111 114 117 118 121 124 127 128 131 134 137 138 141 144 147 148 151 154 157 158 162 163
a 1 3 7 8 11 14 17 18 21 24 27 28 31 34 37 38 41 44 47 48 51 54 57 58 61 64 67 68 71 74 77 78 81 84 87 88 91 94 97 98 101 104 107 108 111 114 117 118 121 124 127 128 131 134 137 138 141 144 147 148 151 154 157 158 162 163
a 1 4 7 8 11 14 17 18 21 24 27 28 31 34 37 38 41 44 47 48 51 54 57 58 61 64 67 68 71 74 77 78 81 84 87 88 91 94 97 98 101 104 107 108 111 114 117 118 121 124 127 128 131 134 137 138 141 144 147 148 151 154 157 158 162 163
a 2 4 7 8 11 14 17 18 21 24 27 28 31 34 37 38 41 44 47 48 51 54 57 58 61 64 67 68 71 74 77 78 81 84 87 88 91 94 97 98 101 104 107 108 111 114 117 118 121 124 127 128 131 134 137 138 141 144 147 148 151 154 157 158 162 163
a 2 4 7 8 10 14 17 18 21 24 27 28 31 34 37 38 41 44 47 48 51 54 57 58 61 64 67 68 71 74 77 78 81 84 87 88 91 94 97 98 101 104 107 108 111 114 117 118 121 124 127 128 131 134 137 138 141 144 147 148 151 154 157 158 162 163
a 2 4 7 8 10 13 17 18 21 24 27 28 31 34 37 38 41 44 47 48 51 54 57 58 61 64 67 68 71 74 77 78 81 84 87 88 91 94 97 98 101 104 107 108 111 114 117 118 121 124 127 128 131 134 137 138 141 144 147 148 151 154 157 158 162 163
a 2 4 7 8 10 13 15 18 21 24 27 28 31 34 37 38 41 44 47 48 51 54 57 58 61 64 67 68 71 74 77 78 81 84 87 88 91 94 97 98 101 104 107 108 111 114 117 118 121 124 127 128 131 134 137 138 141 144 147 148 151 154 157 158 162 163
a 2 4 7 8 10 13 15 19 21 24 27 28 31 34 37 38 41 44 47 48 51 54 57 58 61 64 67 68 71 74 77 78 81 84 87 88 91 94 97 98 101 104 107 108 111 114 117 118 121 124 127 128 131 134 137 138 141 144 147 148 151 154 157 158 162 163
a 2 4 7 8 10 13 15 19 21 24 27 28 30 34 37 38 41 44 47 48 51 54 57 58 61 64 67 68 71 74 77 78 81 84 87 88 91 94 97 98 101 104 107 108 111 114 117 118 121 124 127 128 131 134 137 138 141 144 147 148 151 154 157 158 162 163
a 2 4 7 8 10 13 15 19 21 24 27 28 30 33 37 38 41 44 47 48 51 54 57 58 61 64 67 68 71 74 77 78 81 84 87 88 91 94 97 98 101 104 107 108 111 114 117 118 121 124 127 128 131 134 137 138 141 144 147 148 151 154 157 158 162 163
a 2 4 7 8 10 13 15 19 21 24 27 28 30 33 35 38 41 44 47 48 51 54 57 58 61 64 67 68 71 74 77 78 81 84 87 88 91 94 97 98 101 104 107 108 111 114 117 118 121 124 127 128 131 134 137 138 141 144 147 148 151 154 157 158 162 163
a 2 4 7 8 10 13 15 19 21 24 27 28 30 33 35 39 41 44 47 48 51 54 57 58 61 64 67 68 71 74 77 78 81 84 87 88 91 94 97 98 101 104 107 108 111 114 117 118 121 124 127 128 131 134 137 138 141 144 147 148 151 154 157 158 162 163
a 2 4 7 8 10 13 15 19 21 24 27 28 30 33 35 39 41 44 47 48 50 54 57 58 61 64 67 68 71 74 77 78 81 84 87 88 91 94 97 98 101 104 107 108 111 114 117 118 121 124 127 128 131 134 137 138 141 144 147 148 151 154 157 158 162 163
a 2 4 7 8 10 13 15 19 21 24 27 28 30 33 35 39 41 44 47 48 50 53 57 58 61 64 67 68 71 74 77 78 81 84 87 88 91 94 97 98 101 104 107 108 111 114 117 118 121 124 127 128 131 134 137 138 141 144 147 148 151 154 157 158 162 163
a 2 4 7 8 10 13 15 19 21 24 27 28 30 33 35 39 41 44 47 48 50 53 55 58 61 64 67 68 71 74 77 78 81 84 87 88 91 94 97 98 101 104 107 108 111 114 117 118 121 124 127 128 131 134 137 138 141 144 147 148 151 154 157 158 162 163
a 2 4 7 8 10 13 15 19 21 24 27 28 30 33 35 39 41 44 47 48 50 53 55 59 61 64 67 68 71 74 77 78 81 84 87 88 91 94 97 98 101 104 107 108 111 114 117 118 121 124 127 128 131 134 137 138 141 144 147 148 151 154 157 158 162 163
a 2 4 7 8 10 13 15 19 21 24 27 28 30 33 35 39 41 44 47 48 50 53 55 59 61 64 67 68 70 74 77 78 81 84 87 88 91 94 97 98 101 104 107 108 111 114 117 118 121 124 127 128 131 134 137 138 141 144 147 148 151 154 157 158 162 163
a 2 4 7 8 10 13 15 19 21 24 27 28 30 33 35 39 41 44 47 48 50 53 55 59 61 64 67 68 70 73 77 78 81 84 87 88 91 94 97 98 101 104 107 108 111 114 117 118 121 124 127 128 131 134 137 138 141 144 147 148 151 154 157 158 162 163
a 2 4 7 8 10 13 15 19 21 24 27 28 30 33 35 39 41 44 47 48 50 53 55 59 61 64 67 68 70 73 75 78 81 84 87 88 91 94 97 98 101 104 107 108 111 114 117 118 121 124 127 128 131 134 137 138 141 144 147 148 151 154 157 158 162 163
a 2 4 7 8 10 13 15 19 21 24 27 28 30 33 35 39 41 44 47 48 50 53 55 59 61 64 67 68 70 73 75 79 81 84 87 88 91 94 97 98 101 104 107 108 111 114 117 118 121 124 127 128 131 134 137 138 141 144 147 148 151 154 157 158 162 163
a 2 4 7 8 10 13 15 19 21 24 27 28 30 33 35 39 41 44 47 48 50 53 55 59 61 64 67 68 70 73 75 79 81 84 87 88 90 94 97 98 101 104 107 108 111 114 117 118 121 124 127 128 131 134 137 138 141 144 147 148 151 154 157 158 162 163
a 2 4 7 8 10 13 15 19 21 24 27 28 30 33 35 39 41 44 47 48 50 53 55 59 61 64 67 68 70 73 75 79 81 84 87 88 90 93 97 98 101 104 107 108 111 114 117 118 121 124 127 128 131 134 137 138 141 144 147 148 151 154 157 158 162 163
a 2 4 7 8 10 13 15 19 21 24 27 28 30 33 35 39 41 44 47 48 50 53 55 59 61 64 67 68 70 73 75 79 81 84 87 88 90 93 95 98 101 104 107 108 111 114 117 118 121 124 127 128 131 134 137 138 141 144 147 148 151 154 157 158 162 163
a 2 4 7 8 10 13 15 19 21 24 27 28 30 33 35 39 41 44 47 48 50 53 55 59 61 64 67 68 70 73 75 79 81 84 87 88 90 93 95 99 101 104 107 108 111 114 117 118 121 124 127 128 131 134 137 138 141 144 147 148 151 154 157 158 162 163
a 2 4 7 8 10 13 15 19 21 24 27 28 30 33 35 39 41 44 47 48 50 53 55 59 61 64 67 68 70 73 75 79 81 84 87 88 90 93 95 99 101 104 107 108 110 114 117 118 121 124 127 128 131 134 137 138 141 144 147 148 151 154 157 158 162 163
a 2 4 7 8 10 13 15 19 21 24 27 28 30 33 35 39 41 44 47 48 50 53 55 59 61 64 67 68 70 73 75 79 81 84 87 88 90 93 95 99 101 104 107 108 110 113 117 118 121 124 127 128 131 134 137 138 141 144 147 148 151 154 157 158 162 163
a 2 4 7 8 10 13 15 19 21 24 27 28 30 33 35 39 41 44 47 48 50 53 55 59 61 64 67 68 70 73 75 79 81 84 87 88 90 93 95 99 101 104 107 108 110 113 115 118 121 124 127 128 131 134 137 138 141 144 147 148 151 154 157 158 162 163
a 2 4 7 8 10 13 15 19 21 24 27 28 30 33 35 39 41 44 47 48 50 53 55 59 61 64 67 68 70 73 75 79 81 84 87 88 90 93 95 99 101 104 107 108 110 113 115 119 121 124 127 128 131 134 137 138 141 144 147 148 151 154 157 158 162 163
a 2 4 7 8 10 13 15 19 21 24 27 28 30 33 35 39 41 44 47 48 50 53 55 59 61 64 67 68 70 73 75 79 81 84 87 88 90 93 95 99 101 104 107 108 110 113 115 119 121 124 127 128 130 134 137 138 141 144 147 148 151 154 157 158 162 163
a 2 4 7 8 10 13 15 19 21 24 27 28 30 33 35 39 41 44 47 48 50 53 55 59 61 64 67 68 70 73 75 79 81 84 87 88 90 93 95 99 101 104 107 108 110 113 115 119 121 124 127 128 130 133 137 138 141 144 147 148 151 154 157 158 162 163
a 2 4 7 8 10 13 15 19 21 24 27 28 30 33 35 39 41 44 47 48 50 53 55 59 61 64 67 68 70 73 75 79 81 84 87 88 90 93 95 99 101 104 107 108 110 113 115 119 121 124 127 128 130 133 135 138 141 144 147 148 151 154 157 158 162 163
a 2 4 7 8 10 13 15 19 21 24 27 28 30 33 35 39 41 44 47 48 50 53 55 59 61 64 67 68 70 73 75 79 81 84 87 88 90 93 95 99 101 104 107 108 110 113 115 119 121 124 127 128 130 133 135 139 141 144 147 148 151 154 157 158 162 163
a 2 4 7 8 10 13 15 19 21 24 27 28 30 33 35 39 41 44 47 48 50 53 55 59 61 64 67 68 70 73 75 79 81 84 87 88 90 93 95 99 101 104 107 108 110 113 115 119 121 124 127 128 130 133 135 139 141 144 147 148 150 154 157 158 162 163
a 2 4 7 8 10 13 15 19 21 24 27 28 30 33 35 39 41 44 47 48 50 53 55 59 61 64 67 68 70 73 75 79 81 84 87 88 90 93 95 99 101 104 107 108 110 113 115 119 121 124 127 128 130 133 135 139 141 144 147 148 150 153 157 158 162 163
a 2 4 7 8 10 13 15 19 21 24 27 28 30 33 35 39 41 44 47 48 50 53 55 59 61 64 67 68 70 73 75 79 81 84 87 88 90 93 95 99 101 104 107 108 110 113 115 119 121 124 127 128 130 133 135 139 141 144 147 148 150 153 155 158 162 163
a 2 4 7 8 10 13 15 19 21 24 27 28 30 33 35 39 41 44 47 48 50 53 55 59 61 64 67 68 70 73 75 79 81 84 87 88 90 93 95 99 101 104 107 108 110 113 115 119 121 124 127 128 130 133 135 139 141 144 147 148 152 153 155 158 162 163
a 2 4 7 8 10 13 15 19 21 24 27 28 30 33 35 39 41 44 47 48 50 53 55 59 61 64 67 68 70 73 75 79 81 84 87 88 90 93 95 99 101 104 107 108 110 113 115 119 121 124 127 128 130 133 135 138 141 144 147 148 152 153 155 158 162 163
a 2 4 7 8 10 13 15 19 21 24 27 28 30 33 35 39 41 44 47 48 50 53 55 59 61 64 67 68 70 73 75 79 81 84 87 88 90 93 95 99 101 104 107 108 110 113 115 119 121 124 127 128 130 133 137 138 141 144 147 148 152 153 155 158 162 163
a 2 4 7 8 10 13 15 19 21 24 27 28 30 33 35 39 41 44 47 48 50 53 55 59 61 64 67 68 70 73 75 79 81 84 87 88 90 93 95 99 101 104 107 108 110 113 115 119 121 124 127 128 130 134 137 138 141 144 147 148 152 153 155 158 162 163
a 2 4 7 8 10 13 15 19 21 24 27 28 30 33 35 39 41 44 47 48 50 53 55 59 61 64 67 68 70 73 75 79 81 84 87 88 90 93 95 99 101 104 107 108 110 113 115 119 121 124 127 128 131 134 137 138 141 144 147 148 152 153 155 158 162 163
a 2 4 7 8 10 13 15 19 21 24 27 28 30 33 35 39 41 44 47 48 50 53 55 59 61 64 67 68 70 73 75 79 81 84 87 88 90 93 95 99 101 104 107 108 110 113 115 118 121 124 127 128 131 134 137 138 141 144 147 148 152 153 155 158 162 163
a 2 4 7 8 10 13 15 19 21 24 27 28 30 33 35 39 41 44 47 48 50 53 55 59 61 64 67 68 70 73 75 79 81 84 87 88 90 93 95 99 101 104 107 108 110 113 117 118 121 124 127 128 131 134 137 138 141 144 147 148 152 153 155 158 162 163
a 2 4 7 8 10 13 15 19 21 24 27 28 30 33 35 39 41 44 47 48 50 53 55 59 61 64 67 68 70 73 75 79 81 84 87 88 90 93 95 99 101 104 107 108 110 114 117 118 121 124 127 128 131 134 137 138 141 144 147 148 152 153 155 158 162 163
a 2 4 7 8 10 13 15 19 21 24 27 28 30 33 35 39 41 44 47 48 50 53 55 59 61 64 67 68 70 73 75 79 81 84 87 88 90 93 95 99 101 104 107 108 111 114 117 118 121 124 127 128 131 134 137 138 141 144 147 148 152 153 155 158 162 163
a 2 4 7 8 10 13 15 19 21 24 27 28 30 33 35 39 41 44 47 48 50 53 55 59 61 64 67 68 70 73 75 79 81 84 87 88 90 93 95 98 101 104 107 108 111 114 117 118 121 124 127 128 131 134 137 138 141 144 147 148 152 153 155 158 162 163
a 2 4 7 8 10 13 15 19 21 24 27 28 30 33 35 39 41 44 47 48 50 53 55 59 61 64 67 68 70 73 75 79 81 84 87 88 90 93 97 98 101 104 107 108 111 114 117 118 121 124 127 128 131 134 137 138 141 144 147 148 152 153 155 158 162 163
a 2 4 7 8 10 13 15 19 21 24 27 28 30 33 35 39 41 44 47 48 50 53 55 59 61 64 67 68 70 73 75 79 81 84 87 88 90 94 97 98 101 104 107 108 111 114 117 118 121 124 127 128 131 134 137 138 141 144 147 148 152 153 155 158 162 163
a 2 4 7 8 10 13 15 19 21 24 27 28 30 33 35 39 41 44 47 48 50 53 55 59 61 64 67 68 70 73 75 79 81 84 87 88 91 94 97 98 101 104 107 108 111 114 117 118 121 124 127 128 131 134 137 138 141 144 147 148 152 153 155 158 162 163
a 2 4 7 8 10 13 15 19 21 24 27 28 30 33 35 39 41 44 47 48 50 53 55 59 61 64 67 68 70 73 75 78 81 84 87 88 91 94 97 98 101 104 107 108 111 114 117 118 121 124 127 128 131 134 137 138 141 144 147 148 152 153 155 158 162 163
a 2 4 7 8 10 13 15 19 21 24 27 28 30 33 35 39 41 44 47 48 50 53 55 59 61 64 67 68 70 73 77 78 81 84 87 88 91 94 97 98 101 104 107 108 111 114 117 118 121 124 127 128 131 134 137 138 141 144 147 148 152 153 155 158 162 163
a 2 4 7 8 10 13 15 19 21 24 27 28 30 33 35 39 41 44 47 48 50 53 55 59 61 64 67 68 70 74 77 78 81 84 87 88 91 94 97 98 101 104 107 108 111 114 117 118 121 124 127 128 131 134 137 138 141 144 147 148 152 153 155 158 162 163
a 2 4 7 8 10 13 15 19 21 24 27 28 30 33 35 39 41 44 47 48 50 53 55 59 61 64 67 68 71 74 77 78 81 84 87 88 91 94 97 98 101 104 107 108 111 114 117 118 121 124 127 128 131 134 137 138 141 144 147 148 152 153 155 158 162 163
a 2 4 7 8 10 13 15 19 21 24 27 28 30 33 35 39 41 44 47 48 50 53 55 58 61 64 67 68 71 74 77 78 81 84 87 88 91 94 97 98 101 104 107 108 111 114 117 118 121 124 127 128 131 134 137 138 141 144 147 148 152 153 155 158 162 163
a 2 4 7 8 10 13 15 19 21 24 27 28 30 33 35 39 41 44 47 48 50 53 57 58 61 64 67 68 71 74 77 78 81 84 87 88 91 94 97 98 101 104 107 108 111 114 117 118 121 124 127 128 131 134 137 138 141 144 147 148 152 153 155 158 162 163
a 2 4 7 8 10 13 15 19 21 24 27 28 30 33 35 39 41 44 47 48 50 54 57 58 61 64 67 68 71 74 77 78 81 84 87 88 91 94 97 98 101 104 107 108 111 114 117 118 121 124 127 128 131 134 137 138 141 144 147 148 152 153 155 158 162 163
a 2 4 7 8 10 13 15 19 21 24 27 28 30 33 35 39 41 44 47 48 51 54 57 58 61 64 67 68 71 74 77 78 81 84 87 88 91 94 97 98 101 104 107 108 111 114 117 118 121 124 127 128 131 134 137 138 141 144 147 148 152 153 155 158 162 163
a 2 4 7 8 10 13 15 19 21 24 27 28 30 33 35 38 41 44 47 48 51 54 57 58 61 64 67 68 71 74 77 78 81 84 87 88 91 94 97 98 101 104 107 108 111 114 117 118 121 124 127 128 131 134 137 138 141 144 147 148 152 153 155 158 162 163
a 2 4 7 8 10 13 15 19 21 24 27 28 30 33 37 38 41 44 47 48 51 54 57 58 61 64 67 68 71 74 77 78 81 84 87 88 91 94 97 98 101 104 107 108 111 114 117 118 121 124 127 128 131 134 137 138 141 144 147 148 152 153 155 158 162 163
a 2 4 7 8 10 13 15 19 21 24 27 28 30 34 37 38 41 44 47 48 51 54 57 58 61 64 67 68 71 74 77 78 81 84 87 88 91 94 97 98 101 104 107 108 111 114 117 118 121 124 127 128 131 134 137 138 141 144 147 148 152 153 155 158 162 163
a 2 4 7 8 10 13 15 19 21 24 27 28 31 34 37 38 41 44 47 48 51 54 57 58 61 64 67 68 71 74 77 78 81 84 87 88 91 94 97 98 101 104 107 108 111 114 117 118 121 124 127 128 131 134 137 138 141 144 147 148 152 153 155 158 162 163
a 2 4 7 8 10 13 15 18 21 24 27 28 31 34 37 38 41 44 47 48 51 54 57 58 61 64 67 68 71 74 77 78 81 84 87 88 91 94 97 98 101 104 107 108 111 114 117 118 121 124 127 128 131 134 137 138 141 144 147 148 152 153 155 158 162 163
a 2 4 7 8 10 13 17 18 21 24 27 28 31 34 37 38 41 44 47 48 51 54 57 58 61 64 67 68 71 74 77 78 81 84 87 88 91 94 97 98 101 104 107 108 111 114 117 118 121 124 127 128 131 134 137 138 141 144 147 148 152 153 155 158 162 163
a 2 4 7 8 10 14 17 18 21 24 27 28 31 34 37 38 41 44 47 48 51 54 57 58 61 64 67 68 71 74 77 78 81 84 87 88 91 94 97 98 101 104 107 108 111 114 117 118 121 124 127 128 131 134 137 138 141 144 147 148 152 153 155 158 162 163
a 2 4 7 8 11 14 17 18 21 24 27 28 31 34 37 38 41 44 47 48 51 54 57 58 61 64 67 68 71 74 77 78 81 84 87 88 91 94 97 98 101 104 107 108 111 114 117 118 121 124 127 128 131 134 137 138 141 144 147 148 152 153 155 158 162 163
a 1 4 7 8 11 14 17 18 21 24 27 28 31 34 37 38 41 44 47 48 51 54 57 58 61 64 67 68 71 74 77 78 81 84 87 88 91 94 97 98 101 104 107 108 111 114 117 118 121 124 127 128 131 134 137 138 141 144 147 148 152 153 155 158 162 163
a 1 3 7 8 11 14 17 18 21 24 27 28 31 34 37 38 41 44 47 48 51 54 57 58 61 64 67 68 71 74 77 78 81 84 87 88 91 94 97 98 101 104 107 108 111 114 117 118 121 124 127 128 131 134 137 138 141 144 147 148 152 153 155 158 162 163
a 1 3 5 8 11 14 17 18 21 24 27 28 31 34 37 38 41 44 47 48 51 54 57 58 61 64 67 68 71 74 77 78 81 84 87 88 91 94 97 98 101 104 107 108 111 114 117 118 121 124 127 128 131 134 137 138 141 144 147 148 152 153 155 158 162 163
a 1 3 5 9 11 14 17 18 21 24 27 28 31 34 37 38 41 44 47 48 51 54 57 58 61 64 67 68 71 74 77 78 81 84 87 88 91 94 97 98 101 104 107 108 111 114 117 118 121 124 127 128 131 134 137 138 141 144 147 148 152 153 155 158 162 163
a 1 3 5 9 11 14 17 18 20 24 27 28 31 34 37 38 41 44 47 48 51 54 57 58 61 64 67 68 71 74 77 78 81 84 87 88 91 94 97 98 101 104 107 108 111 114 117 118 121 124 127 128 131 134 137 138 141 144 147 148 152 153 155 158 162 163
a 1 3 5 9 11 14 17 18 20 23 27 28 31 34 37 38 41 44 47 48 51 54 57 58 61 64 67 68 71 74 77 78 81 84 87 88 91 94 97 98 101 104 107 108 111 114 117 118 121 124 127 128 131 134 137 138 141 144 147 148 152 153 155 158 162 163
a 1 3 5 9 11 14 17 18 20 23 25 28 31 34 37 38 41 44 47 48 51 54 57 58 61 64 67 68 71 74 77 78 81 84 87 88 91 94 97 98 101 104 107 108 111 114 117 118 121 124 127 128 131 134 137 138 141 144 147 148 152 153 155 158 162 163
a 1 3 5 9 11 14 17 18 20 23 25 29 31 34 37 38 41 44 47 48 51 54 57 58 61 64 67 68 71 74 77 78 81 84 87 88 91 94 97 98 101 104 107 108 111 114 117 118 121 124 127 128 131 134 137 138 141 144 147 148 152 153 155 158 162 163
a 1 3 5 9 11 14 17 18 20 23 25 29 31 34 37 38 40 44 47 48 51 54 57 58 61 64 67 68 71 74 77 78 81 84 87 88 91 94 97 98 101 104 107 108 111 114 117 118 121 124 127 128 131 134 137 138 141 144 147 148 152 153 155 158 162 163
a 1 3 5 9 11 14 17 18 20 23 25 29 31 34 37 38 40 43 47 48 51 54 57 58 61 64 67 68 71 74 77 78 81 84 87 88 91 94 97 98 101 104 107 108 111 114 117 118 121 124 127 128 131 134 137 138 141 144 147 148 152 153 155 158 162 163
a 1 3 5 9 11 14 17 18 20 23 25 29 31 34 37 38 40 43 45 48 51 54 57 58 61 64 67 68 71 74 77 78 81 84 87 88 91 94 97 98 101 104 107 108 111 114 117 118 121 124 127 128 131 134 137 138 141 144 147 148 152 153 155 158 162 163
a 1 3 5 9 11 14 17 18 20 23 25 29 31 34 37 38 40 43 45 49 51 54 57 58 61 64 67 68 71 74 77 78 81 84 87 88 91 94 97 98 101 104 107 108 111 114 117 118 121 124 127 128 131 134 137 138 141 144 147 148 152 153 155 158 162 163
a 1 3 5 9 11 14 17 18 20 23 25 29 31 34 37 38 40 43 45 49 51 54 57 58 60 64 67 68 71 74 77 78 81 84 87 88 91 94 97 98 101 104 107 108 111 114 117 118 121 124 127 128 131 134 137 138 141 144 147 148 152 153 155 158 162 163
a 1 3 5 9 11 14 17 18 20 23 25 29 31 34 37 38 40 43 45 49 51 54 57 58 60 63 67 68 71 74 77 78 81 84 87 88 91 94 97 98 101 104 107 108 111 114 117 118 121 124 127 128 131 134 137 138 141 144 147 148 152 153 155 158 162 163
a 1 3 5 9 11 14 17 18 20 23 25 29 31 34 37 38 40 43 45 49 51 54 57 58 60 63 65 68 71 74 77 78 81 84 87 88 91 94 97 98 101 104 107 108 111 114 117 118 121 124 127 128 131 134 137 138 141 144 147 148 152 153 155 158 162 163
a 1 3 5 9 11 14 17 18 20 23 25 29 31 34 37 38 40 43 45 49 51 54 57 58 60 63 65 69 71 74 77 78 81 84 87 88 91 94 97 98 101 104 107 108 111 114 117 118 121 124 127 128 131 134 137 138 141 144 147 148 152 153 155 158 162 163
a 1 3 5 9 11 14 17 18 20 23 25 29 31 34 37 38 40 43 45 49 51 54 57 58 60 63 65 69 71 74 77 78 80 84 87 88 91 94 97 98 101 104 107 108 111 114 117 118 121 124 127 128 131 134 137 138 141 144 147 148 152 153 155 158 162 163
a 1 3 5 9 11 14 17 18 20 23 25 29 31 34 37 38 40 43 45 49 51 54 57 58 60 63 65 69 71 74 77 78 80 83 87 88 91 94 97 98 101 104 107 108 111 114 117 118 121 124 127 128 131 134 137 138 141 144 147 148 152 153 155 158 162 163
a 1 3 5 9 11 14 17 18 20 23 25 29 31 34 37 38 40 43 45 49 51 54 57 58 60 63 65 69 71 74 77 78 80 83 85 88 91 94 97 98 101 104 107 108 111 114 117 118 121 124 127 128 131 134 137 138 141 144 147 148 152 153 155 158 162 163
a 1 3 5 9 11 14 17 18 20 23 25 29 31 34 37 38 40 43 45 49 51 54 57 58 60 63 65 69 71 74 77 78 80 83 85 89 91 94 97 98 101 104 107 108 111 114 117 118 121 124 127 128 131 134 137 138 141 144 147 148 152 153 155 158 162 163
a 1 3 5 9 11 14 17 18 20 23 25 29 31 34 37 38 40 43 45 49 51 54 57 58 60 63 65 69 71 74 77 78 80 83 85 89 91 94 97 98 100 104 107 108 111 114 117 118 121 124 127 128 131 134 137 138 141 144 147 148 152 153 155 158 162 163
a 1 3 5 9 11 14 17 18 20 23 25 29 31 34 37 38 40 43 45 49 51 54 57 58 60 63 65 69 71 74 77 78 80 83 85 89 91 94 97 98 100 103 107 108 111 114 117 118 121 124 127 128 131 134 137 138 141 144 147 148 152 153 155 158 162 163
a 1 3 5 9 11 14 17 18 20 23 25 29 31 34 37 38 40 43 45 49 51 54 57 58 60 63 65 69 71 74 77 78 80 83 85 89 91 94 97 98 100 103 105 108 111 114 117 118 121 124 127 128 131 134 137 138 141 144 147 148 152 153 155 158 162 163
a 1 3 5 9 11 14 17 18 20 23 25 29 31 34 37 38 40 43 45 49 51 54 57 58 60 63 65 69 71 74 77 78 80 83 85 89 91 94 97 98 100 103 105 109 111 114 117 118 121 124 127 128 131 134 137 138 141 144 147 148 152 153 155 158 162 163
a 1 3 5 9 11 14 17 18 20 23 25 29 31 34 37 38 40 43 45 49 51 54 57 58 60 63 65 69 71 74 77 78 80 83 85 89 91 94 97 98 100 103 105 109 111 114 117 118 120 124 127 128 131 134 137 138 141 144 147 148 152 153 155 158 162 163
a 1 3 5 9 11 14 17 18 20 23 25 29 31 34 37 38 40 43 45 49 51 54 57 58 60 63 65 69 71 74 77 78 80 83 85 89 91 94 97 98 100 103 105 109 111 114 117 118 120 123 127 128 131 134 137 138 141 144 147 148 152 153 155 158 162 163
a 1 3 5 9 11 14 17 18 20 23 25 29 31 34 37 38 40 43 45 49 51 54 57 58 60 63 65 69 71 74 77 78 80 83 85 89 91 94 97 98 100 103 105 109 111 114 117 118 120 123 125 128 131 134 137 138 141 144 147 148 152 153 155 158 162 163
a 1 3 5 9 11 14 17 18 20 23 25 29 31 34 37 38 40 43 45 49 51 54 57 58 60 63 65 69 71 74 77 78 80 83 85 89 91 94 97 98 100 103 105 109 111 114 117 118 120 123 125 129 131 134 137 138 141 144 147 148 152 153 155 158 162 163
a 1 3 5 9 11 14 17 18 20 23 25 29 31 34 37 38 40 43 45 49 51 54 57 58 60 63 65 69 71 74 77 78 80 83 85 89 91 94 97 98 100 103 105 109 111 114 117 118 120 123 125 129 131 134 137 138 140 144 147 148 152 153 155 158 162 163
a 1 3 5 9 11 14 17 18 20 23 25 29 31 34 37 38 40 43 45 49 51 54 57 58 60 63 65 69 71 74 77 78 80 83 85 89 91 94 97 98 100 103 105 109 111 114 117 118 120 123 125 129 131 134 137 138 140 143 147 148 152 153 155 158 162 163
a 1 3 5 9 11 14 17 18 20 23 25 29 31 34 37 38 40 43 45 49 51 54 57 58 60 63 65 69 71 74 77 78 80 83 85 89 91 94 97 98 100 103 105 109 111 114 117 118 120 123 125 129 131 134 137 138 140 143 145 148 152 153 155 158 162 163
a 1 3 5 9 11 14 17 18 20 23 25 29 31 34 37 38 40 43 45 49 51 54 57 58 60 63 65 69 71 74 77 78 80 83 85 89 91 94 97 98 100 103 105 109 111 114 117 118 120 123 125 129 131 134 137 138 142 143 145 148 152 153 155 158 162 163
a 1 3 5 9 11 14 17 18 20 23 25 29 31 34 37 38 40 43 45 49 51 54 57 58 60 63 65 69 71 74 77 78 80 83 85 89 91 94 97 98 100 103 105 109 111 114 117 118 120 123 125 128 131 134 137 138 142 143 145 148 152 153 155 158 162 163
a 1 3 5 9 11 14 17 18 20 23 25 29 31 34 37 38 40 43 45 49 51 54 57 58 60 63 65 69 71 74 77 78 80 83 85 89 91 94 97 98 100 103 105 109 111 114 117 118 120 123 127 128 131 134 137 138 142 143 145 148 152 153 155 158 162 163
a 1 3 5 9 11 14 17 18 20 23 25 29 31 34 37 38 40 43 45 49 51 54 57 58 60 63 65 69 71 74 77 78 80 83 85 89 91 94 97 98 100 103 105 109 111 114 117 118 120 124 127 128 131 134 137 138 142 143 145 148 152 153 155 158 162 163
a 1 3 5 9 11 14 17 18 20 23 25 29 31 34 37 38 40 43 45 49 51 54 57 58 60 63 65 69 71 74 77 78 80 83 85 89 91 94 97 98 100 103 105 109 111 114 117 118 121 124 127 128 131 134 137 138 142 143 145 148 152 153 155 158 162 163
a 1 3 5 9 11 14 17 18 20 23 25 29 31 34 37 38 40 43 45 49 51 54 57 58 60 63 65 69 71 74 77 78 80 83 85 89 91 94 97 98 100 103 105 108 111 114 117 118 121 124 127 128 131 134 137 138 142 143 145 148 152 153 155 158 162 163
a 1 3 5 9 11 14 17 18 20 23 25 29 31 34 37 38 40 43 45 49 51 54 57 58 60 63 65 69 71 74 77 78 80 83 85 89 91 94 97 98 100 103 107 108 111 114 117 118 121 124 127 128 131 134 137 138 142 143 145 148 152 153 155 158 162 163
a 1 3 5 9 11 14 17 18 20 23 25 29 31 34 37 38 40 43 45 49 51 54 57 58 60 63 65 69 71 74 77 78 80 83 85 89 91 94 97 98 100 104 107 108 111 114 117 118 121 124 127 128 131 134 137 138 142 143 145 148 152 153 155 158 162 163
a 1 3 5 9 11 14 17 18 20 23 25 29 31 34 37 38 40 43 45 49 51 54 57 58 60 63 65 69 71 74 77 78 80 83 85 89 91 94 97 98 101 104 107 108 111 114 117 118 121 124 127 128 131 134 137 138 142 143 145 148 152 153 155 158 162 163
a 1 3 5 9 11 14 17 18 20 23 25 29 31 34 37 38 40 43 45 49 51 54 57 58 60 63 65 69 71 74 77 78 80 83 85 88 91 94 97 98 101 104 107 108 111 114 117 118 121 124 127 128 131 134 137 138 142 143 145 148 152 153 155 158 162 163
a 1 3 5 9 11 14 17 18 20 23 25 29 31 34 37 38 40 43 45 49 51 54 57 58 60 63 65 69 71 74 77 78 80 83 87 88 91 94 97 98 101 104 107 108 111 114 117 118 121 124 127 128 131 134 137 138 142 143 145 148 152 153 155 158 162 163
a 1 3 5 9 11 14 17 18 20 23 25 29 31 34 37 38 40 43 45 49 51 54 57 58 60 63 65 69 71 74 77 78 80 84 87 88 91 94 97 98 101 104 107 108 111 114 117 118 121 124 127 128 131 134 137 138 142 143 145 148 152 153 155 158 162 163
a 1 3 5 9 11 14 17 18 20 23 25 29 31 34 37 38 40 43 45 49 51 54 57 58 60 63 65 69 71 74 77 78 81 84 87 88 91 94 97 98 101 104 107 108 111 114 117 118 121 124 127 128 131 134 137 138 142 143 145 148 152 153 155 158 162 163
a 1 3 5 9 11 14 17 18 20 23 25 29 31 34 37 38 40 43 45 49 51 54 57 58 60 63 65 68 71 74 77 78 81 84 87 88 91 94 97 98 101 104 107 108 111 114 117 118 121 124 127 128 131 134 137 138 142 143 145 148 152 153 155 158 162 163
a 1 3 5 9 11 14 17 18 20 23 25 29 31 34 37 38 40 43 45 49 51 54 57 58 60 63 67 68 71 74 77 78 81 84 87 88 91 94 97 98 101 104 107 108 111 114 117 118 121 124 127 128 131 134 137 138 142 143 145 148 152 153 155 158 162 163
a 1 3 5 9 11 14 17 18 20 23 25 29 31 34 37 38 40 43 45 49 51 54 57 58 60 64 67 68 71 74 77 78 81 84 87 88 91 94 97 98 101 104 107 108 111 114 117 118 121 124 127 128 131 134 137 138 142 143 145 148 152 153 155 158 162 163
a 1 3 5 9 11 14 17 18 20 23 25 29 31 34 37 38 40 43 45 49 51 54 57 58 61 64 67 68 71 74 77 78 81 84 87 88 91 94 97 98 101 104 107 108 111 114 117 118 121 124 127 128 131 134 137 138 142 143 145 148 152 153 155 158 162 163
a 1 3 5 9 11 14 17 18 20 23 25 29 31 34 37 38 40 43 45 48 51 54 57 58 61 64 67 68 71 74 77 78 81 84 87 88 91 94 97 98 101 104 107 108 111 114 117 118 121 124 127 128 131 134 137 138 142 143 145 148 152 153 155 158 162 163
a 1 3 5 9 11 14 17 18 20 23 25 29 31 34 37 38 40 43 47 48 51 54 57 58 61 64 67 68 71 74 77 78 81 84 87 88 91 94 97 98 101 104 107 108 111 114 117 118 121 124 127 128 131 134 137 138 142 143 145 148 152 153 155 158 162 163
a 1 3 5 9 11 14 17 18 20 23 25 29 31 34 37 38 40 44 47 48 51 54 57 58 61 64 67 68 71 74 77 78 81 84 87 88 91 94 97 98 101 104 107 108 111 114 117 118 121 124 127 128 131 134 137 138 142 143 145 148 152 153 155 158 162 163
a 1 3 5 9 11 14 17 18 20 23 25 29 31 34 37 38 41 44 47 48 51 54 57 58 61 64 67 68 71 74 77 78 81 84 87 88 91 94 97 98 101 104 107 108 111 114 117 118 121 124 127 128 131 134 137 138 142 143 145 148 152 153 155 158 162 163
a 1 3 5 9 11 14 17 18 20 23 25 28 31 34 37 38 41 44 47 48 51 54 57 58 61 64 67 68 71 74 77 78 81 84 87 88 91 94 97 98 101 104 107 108 111 114 117 118 121 124 127 128 131 134 137 138 142 143 145 148 152 153 155 158 162 163
a 1 3 5 9 11 14 17 18 20 23 27 28 31 34 37 38 41 44 47 48 51 54 57 58 61 64 67 68 71 74 77 78 81 84 87 88 91 94 97 98 101 104 107 108 111 114 117 118 121 124 127 128 131 134 137 138 142 143 145 148 152 153 155 158 162 163
a 1 3 5 9 11 14 17 18 20 24 27 28 31 34 37 38 41 44 47 48 51 54 57 58 61 64 67 68 71 74 77 78 81 84 87 88 91 94 97 98 101 104 107 108 111 114 117 118 121 124 127 128 131 134 137 138 142 143 145 148 152 153 155 158 162 163
a 1 3 5 9 11 14 17 18 21 24 27 28 31 34 37 38 41 44 47 48 51 54 57 58 61 64 67 68 71 74 77 78 81 84 87 88 91 94 97 98 101 104 107 108 111 114 117 118 121 124 127 128 131 134 137 138 142 143 145 148 152 153 155 158 162 163
a 1 3 5 8 11 14 17 18 21 24 27 28 31 34 37 38 41 44 47 48 51 54 57 58 61 64 67 68 71 74 77 78 81 84 87 88 91 94 97 98 101 104 107 108 111 114 117 118 121 124 127 128 131 134 137 138 142 143 145 148 152 153 155 158 162 163
a 1 3 7 8 11 14 17 18 21 24 27 28 31 34 37 38 41 44 47 48 51 54 57 58 61 64 67 68 71 74 77 78 81 84 87 88 91 94 97 98 101 104 107 108 111 114 117 118 121 124 127 128 131 134 137 138 142 143 145 148 152 153 155 158 162 163
a 1 4 7 8 11 14 17 18 21 24 27 28 31 34 37 38 41 44 47 48 51 54 57 58 61 64 67 68 71 74 77 78 81 84 87 88 91 94 97 98 101 104 107 108 111 114 117 118 121 124 127 128 131 134 137 138 142 143 145 148 152 153 155 158 162 163
a 2 4 7 8 11 14 17 18 21 24 27 28 31 34 37 38 41 44 47 48 51 54 57 58 61 64 67 68 71 74 77 78 81 84 87 88 91 94 97 98 101 104 107 108 111 114 117 118 121 124 127 128 131 134 137 138 142 143 145 148 152 153 155 158 162 163
a 2 4 7 8 10 14 17 18 21 24 27 28 31 34 37 38 41 44 47 48 51 54 57 58 61 64 67 68 71 74 77 78 81 84 87 88 91 94 97 98 101 104 107 108 111 114 117 118 121 124 127 128 131 134 137 138 142 143 145 148 152 153 155 158 162 163
a 2 4 7 8 10 13 17 18 21 24 27 28 31 34 37 38 41 44 47 48 51 54 57 58 61 64 67 68 71 74 77 78 81 84 87 88 91 94 97 98 101 104 107 108 111 114 117 118 121 124 127 128 131 134 137 138 142 143 145 148 152 153 155 158 162 163
a 2 4 7 8 10 13 15 18 21 24 27 28 31 34 37 38 41 44 47 48 51 54 57 58 61 64 67 68 71 74 77 78 81 84 87 88 91 94 97 98 101 104 107 108 111 114 117 118 121 124 127 128 131 134 137 138 142 143 145 148 152 153 155 158 162 163
a 2 4 7 8 10 13 15 19 21 24 27 28 31 34 37 38 41 44 47 48 51 54 57 58 61 64 67 68 71 74 77 78 81 84 87 88 91 94 97 98 101 104 107 108 111 114 117 118 121 124 127 128 131 134 137 138 142 143 145 148 152 153 155 158 162 163
a 2 4 7 8 10 13 15 19 21 24 27 28 30 34 37 38 41 44 47 48 51 54 57 58 61 64 67 68 71 74 77 78 81 84 87 88 91 94 97 98 101 104 107 108 111 114 117 118 121 124 127 128 131 134 137 138 142 143 145 148 152 153 155 158 162 163
a 2 4 7 8 10 13 15 19 21 24 27 28 30 33 37 38 41 44 47 48 51 54 57 58 61 64 67 68 71 74 77 78 81 84 87 88 91 94 97 98 101 104 107 108 111 114 117 118 121 124 127 128 131 134 137 138 142 143 145 148 152 153 155 158 162 163
a 2 4 7 8 10 13 15 19 21 24 27 28 30 33 35 38 41 44 47 48 51 54 57 58 61 64 67 68 71 74 77 78 81 84 87 88 91 94 97 98 101 104 107 108 111 114 117 118 121 124 127 128 131 134 137 138 142 143 145 148 152 153 155 158 162 163
a 2 4 7 8 10 13 15 19 21 24 27 28 30 33 35 39 41 44 47 48 51 54 57 58 61 64 67 68 71 74 77 78 81 84 87 88 91 94 97 98 101 104 107 108 111 114 117 118 121 124 127 128 131 134 137 138 142 143 145 148 152 153 155 158 162 163
a 2 4 7 8 10 13 15 19 21 24 27 28 30 33 35 39 41 44 47 48 50 54 57 58 61 64 67 68 71 74 77 78 81 84 87 88 91 94 97 98 101 104 107 108 111 114 117 118 121 124 127 128 131 134 137 138 142 143 145 148 152 153 155 158 162 163
a 2 4 7 8 10 13 15 19 21 24 27 28 30 33 35 39 41 44 47 48 50 53 57 58 61 64 67 68 71 74 77 78 81 84 87 88 91 94 97 98 101 104 107 108 111 114 117 118 121 124 127 128 131 134 137 138 142 143 145 148 152 153 155 158 162 163
a 2 4 7 8 10 13 15 19 21 24 27 28 30 33 35 39 41 44 47 48 50 53 55 58 61 64 67 68 71 74 77 78 81 84 87 88 91 94 97 98 101 104 107 108 111 114 117 118 121 124 127 128 131 134 137 138 142 143 145 148 152 153 155 158 162 163
a 2 4 7 8 10 13 15 19 21 24 27 28 30 33 35 39 41 44 47 48 50 53 55 59 61 64 67 68 71 74 77 78 81 84 87 88 91 94 97 98 101 104 107 108 111 114 117 118 121 124 127 128 131 134 137 138 142 143 145 148 152 153 155 158 162 163
a 2 4 7 8 10 13 15 19 21 24 27 28 30 33 35 39 41 44 47 48 50 53 55 59 61 64 67 68 70 74 77 78 81 84 87 88 91 94 97 98 101 104 107 108 111 114 117 118 121 124 127 128 131 134 137 138 142 143 145 148 152 153 155 158 162 163
a 2 4 7 8 10 13 15 19 21 24 27 28 30 33 35 39 41 44 47 48 50 53 55 59 61 64 67 68 70 73 77 78 81 84 87 88 91 94 97 98 101 104 107 108 111 114 117 118 121 124 127 128 131 134 137 138 142 143 145 148 152 153 155 158 162 163
a 2 4 7 8 10 13 15 19 21 24 27 28 30 33 35 39 41 44 47 48 50 53 55 59 61 64 67 68 70 73 75 78 81 84 87 88 91 94 97 98 101 104 107 108 111 114 117 118 121 124 127 128 131 134 137 138 142 143 145 148 152 153 155 158 162 163
a 2 4 7 8 10 13 15 19 21 24 27 28 30 33 35 39 41 44 47 48 50 53 55 59 61 64 67 68 70 73 75 79 81 84 87 88 91 94 97 98 101 104 107 108 111 114 117 118 121 124 127 128 131 134 137 138 142 143 145 148 152 153 155 158 162 163
a 2 4 7 8 10 13 15 19 21 24 27 28 30 33 35 39 41 44 47 48 50 53 55 59 61 64 67 68 70 73 75 79 81 84 87 88 90 94 97 98 101 104 107 108 111 114 117 118 121 124 127 128 131 134 137 138 142 143 145 148 152 153 155 158 162 163
a 2 4 7 8 10 13 15 19 21 24 27 28 30 33 35 39 41 44 47 48 50 53 55 59 61 64 67 68 70 73 75 79 81 84 87 88 90 93 97 98 101 104 107 108 111 114 117 118 121 124 127 128 131 134 137 138 142 143 145 148 152 153 155 158 162 163
a 2 4 7 8 10 13 15 19 21 24 27 28 30 33 35 39 41 44 47 48 50 53 55 59 61 64 67 68 70 73 75 79 81 84 87 88 90 93 95 98 101 104 107 108 111 114 117 118 121 124 127 128 131 134 137 138 142 143 145 148 152 153 155 158 162 163
a 2 4 7 8 10 13 15 19 21 24 27 28 30 33 35 39 41 44 47 48 50 53 55 59 61 64 67 68 70 73 75 79 81 84 87 88 90 93 95 99 101 104 107 108 111 114 117 118 121 124 127 128 131 134 137 138 142 143 145 148 152 153 155 158 162 163
a 2 4 7 8 10 13 15 19 21 24 27 28 30 33 35 39 41 44 47 48 50 53 55 59 61 64 67 68 70 73 75 79 81 84 87 88 90 93 95 99 101 104 107 108 110 114 117 118 121 124 127 128 131 134 137 138 142 143 145 148 152 153 155 158 162 163
a 2 4 7 8 10 13 15 19 21 24 27 28 30 33 35 39 41 44 47 48 50 53 55 59 61 64 67 68 70 73 75 79 81 84 87 88 90 93 95 99 101 104 107 108 110 113 117 118 121 124 127 128 131 134 137 138 142 143 145 148 152 153 155 158 162 163
a 2 4 7 8 10 13 15 19 21 24 27 28 30 33 35 39 41 44 47 48 50 53 55 59 61 64 67 68 70 73 75 79 81 84 87 88 90 93 95 99 101 104 107 108 110 113 115 118 121 124 127 128 131 134 137 138 142 143 145 148 152 153 155 158 162 163
a 2 4 7 8 10 13 15 19 21 24 27 28 30 33 35 39 41 44 47 48 50 53 55 59 61 64 67 68 70 73 75 79 81 84 87 88 90 93 95 99 101 104 107 108 110 113 115 119 121 124 127 128 131 134 137 138 142 143 145 148 152 153 155 158 162 163
a 2 4 7 8 10 13 15 19 21 24 27 28 30 33 35 39 41 44 47 48 50 53 55 59 61 64 67 68 70 73 75 79 81 84 87 88 90 93 95 99 101 104 107 108 110 113 115 119 121 124 127 128 130 134 137 138 142 143 145 148 152 153 155 158 162 163
a 2 4 7 8 10 13 15 19 21 24 27 28 30 33 35 39 41 44 47 48 50 53 55 59 61 64 67 68 70 73 75 79 81 84 87 88 90 93 95 99 101 104 107 108 110 113 115 119 121 124 127 128 130 133 137 138 142 143 145 148 152 153 155 158 162 163
a 2 4 7 8 10 13 15 19 21 24 27 28 30 33 35 39 41 44 47 48 50 53 55 59 61 64 67 68 70 73 75 79 81 84 87 88 90 93 95 99 101 104 107 108 110 113 115 119 121 124 127 128 130 133 135 138 142 143 145 148 152 153 155 158 162 163
a 2 4 7 8 10 13 15 19 21 24 27 28 30 33 35 39 41 44 47 48 50 53 55 59 61 64 67 68 70 73 75 79 81 84 87 88 90 93 95 99 101 104 107 108 110 113 115 119 121 124 127 128 132 133 135 138 142 143 145 148 152 153 155 158 162 163
a 2 4 7 8 10 13 15 19 21 24 27 28 30 33 35 39 41 44 47 48 50 53 55 59 61 64 67 68 70 73 75 79 81 84 87 88 90 93 95 99 101 104 107 108 110 113 115 118 121 124 127 128 132 133 135 138 142 143 145 148 152 153 155 158 162 163
a 2 4 7 8 10 13 15 19 21 24 27 28 30 33 35 39 41 44 47 48 50 53 55 59 61 64 67 68 70 73 75 79 81 84 87 88 90 93 95 99 101 104 107 108 110 113 117 118 121 124 127 128 132 133 135 138 142 143 145 148 152 153 155 158 162 163
a 2 4 7 8 10 13 15 19 21 24 27 28 30 33 35 39 41 44 47 48 50 53 55 59 61 64 67 68 70 73 75 79 81 84 87 88 90 93 95 99 101 104 107 108 110 114 117 118 121 124 127 128 132 133 135 138 142 143 145 148 152 153 155 158 162 163
a 2 4 7 8 10 13 15 19 21 24 27 28 30 33 35 39 41 44 47 48 50 53 55 59 61 64 67 68 70 73 75 79 81 84 87 88 90 93 95 99 101 104 107 108 111 114 117 118 121 124 127 128 132 133 135 138 142 143 145 148 152 153 155 158 162 163
a 2 4 7 8 10 13 15 19 21 24 27 28 30 33 35 39 41 44 47 48 50 53 55 59 61 64 67 68 70 73 75 79 81 84 87 88 90 93 95 98 101 104 107 108 111 114 117 118 121 124 127 128 132 133 135 138 142 143 145 148 152 153 155 158 162 163
a 2 4 7 8 10 13 15 19 21 24 27 28 30 33 35 39 41 44 47 48 50 53 55 59 61 64 67 68 70 73 75 79 81 84 87 88 90 93 97 98 101 104 107 108 111 114 117 118 121 124 127 128 132 133 135 138 142 143 145 148 152 153 155 158 162 163
a 2 4 7 8 10 13 15 19 21 24 27 28 30 33 35 39 41 44 47 48 50 53 55 59 61 64 67 68 70 73 75 79 81 84 87 88 90 94 97 98 101 104 107 108 111 114 117 118 121 124 127 128 132 133 135 138 142 143 145 148 152 153 155 158 162 163
a 2 4 7 8 10 13 15 19 21 24 27 28 30 33 35 39 41 44 47 48 50 53 55 59 61 64 67 68 70 73 75 79 81 84 87 88 91 94 97 98 101 104 107 108 111 114 117 118 121 124 127 128 132 133 135 138 142 143 145 148 152 153 155 158 162 163
a 2 4 7 8 10 13 15 19 21 24 27 28 30 33 35 39 41 44 47 48 50 53 55 59 61 64 67 68 70 73 75 78 81 84 87 88 91 94 97 98 101 104 107 108 111 114 117 118 121 124 127 128 132 133 135 138 142 143 145 148 152 153 155 158 162 163
a 2 4 7 8 10 13 15 19 21 24 27 28 30 33 35 39 41 44 47 48 50 53 55 59 61 64 67 68 70 73 77 78 81 84 87 88 91 94 97 98 101 104 107 108 111 114 117 118 121 124 127 128 132 133 135 138 142 143 145 148 152 153 155 158 162 163
a 2 4 7 8 10 13 15 19 21 24 27 28 30 33 35 39 41 44 47 48 50 53 55 59 61 64 67 68 70 74 77 78 81 84 87 88 91 94 97 98 101 104 107 108 111 114 117 118 121 124 127 128 132 133 135 138 142 143 145 148 152 153 155 158 162 163
a 2 4 7 8 10 13 15 19 21 24 27 28 30 33 35 39 41 44 47 48 50 53 55 59 61 64 67 68 71 74 77 78 81 84 87 88 91 94 97 98 101 104 107 108 111 114 117 118 121 124 127 128 132 133 135 138 142 143 145 148 152 153 155 158 162 163
a 2 4 7 8 10 13 15 19 21 24 27 28 30 33 35 39 41 44 47 48 50 53 55 58 61 64 67 68 71 74 77 78 81 84 87 88 91 94 97 98 101 104 107 108 111 114 117 118 121 124 127 128 132 133 135 138 142 143 145 148 152 153 155 158 162 163
a 2 4 7 8 10 13 15 19 21 24 27 28 30 33 35 39 41 44 47 48 50 53 57 58 61 64 67 68 71 74 77 78 81 84 87 88 91 94 97 98 101 104 107 108 111 114 117 118 121 124 127 128 132 133 135 138 142 143 145 148 152 153 155 158 162 163
a 2 4 7 8 10 13 15 19 21 24 27 28 30 33 35 39 41 44 47 48 50 54 57 58 61 64 67 68 71 74 77 78 81 84 87 88 91 94 97 98 101 104 107 108 111 114 117 118 121 124 127 128 132 133 135 138 142 143 145 148 152 153 155 158 162 163
a 2 4 7 8 10 13 15 19 21 24 27 28 30 33 35 39 41 44 47 48 51 54 57 58 61 64 67 68 71 74 77 78 81 84 87 88 91 94 97 98 101 104 107 108 111 114 117 118 121 124 127 128 132 133 135 138 142 143 145 148 152 153 155 158 162 163
a 2 4 7 8 10 13 15 19 21 24 27 28 30 33 35 38 41 44 47 48 51 54 57 58 61 64 67 68 71 74 77 78 81 84 87 88 91 94 97 98 101 104 107 108 111 114 117 118 121 124 127 128 132 133 135 138 142 143 145 148 152 153 155 158 162 163
a 2 4 7 8 10 13 15 19 21 24 27 28 30 33 37 38 41 44 47 48 51 54 57 58 61 64 67 68 71 74 77 78 81 84 87 88 91 94 97 98 101 104 107 108 111 114 117 118 121 124 127 128 132 133 135 138 142 143 145 148 152 153 155 158 162 163
a 2 4 7 8 10 13 15 19 21 24 27 28 30 34 37 38 41 44 47 48 51 54 57 58 61 64 67 68 71 74 77 78 81 84 87 88 91 94 97 98 101 104 107 108 111 114 117 118 121 124 127 128 132 133 135 138 142 143 145 148 152 153 155 158 162 163
a 2 4 7 8 10 13 15 19 21 24 27 28 31 34 37 38 41 44 47 48 51 54 57 58 61 64 67 68 71 74 77 78 81 84 87 88 91 94 97 98 101 104 107 108 111 114 117 118 121 124 127 128 132 133 135 138 142 143 145 148 152 153 155 158 162 163
a 2 4 7 8 10 13 15 18 21 24 27 28 31 34 37 38 41 44 47 48 51 54 57 58 61 64 67 68 71 74 77 78 81 84 87 88 91 94 97 98 101 104 107 108 111 114 117 118 121 124 127 128 132 133 135 138 142 143 145 148 152 153 155 158 162 163
a 2 4 7 8 10 13 17 18 21 24 27 28 31 34 37 38 41 44 47 48 51 54 57 58 61 64 67 68 71 74 77 78 81 84 87 88 91 94 97 98 101 104 107 108 111 114 117 118 121 124 127 128 132 133 135 138 142 143 145 148 152 153 155 158 162 163
a 2 4 7 8 10 14 17 18 21 24 27 28 31 34 37 38 41 44 47 48 51 54 57 58 61 64 67 68 71 74 77 78 81 84 87 88 91 94 97 98 101 104 107 108 111 114 117 118 121 124 127 128 132 133 135 138 142 143 145 148 152 153 155 158 162 163
a 2 4 7 8 11 14 17 18 21 24 27 28 31 34 37 38 41 44 47 48 51 54 57 58 61 64 67 68 71 74 77 78 81 84 87 88 91 94 97 98 101 104 107 108 111 114 117 118 121 124 127 128 132 133 135 138 142 143 145 148 152 153 155 158 162 163
a 1 4 7 8 11 14 17 18 21 24 27 28 31 34 37 38 41 44 47 48 51 54 57 58 61 64 67 68 71 74 77 78 81 84 87 88 91 94 97 98 101 104 107 108 111 114 117 118 121 124 127 128 132 133 135 138 142 143 145 148 152 153 155 158 162 163
a 1 3 7 8 11 14 17 18 21 24 27 28 31 34 37 38 41 44 47 48 51 54 57 58 61 64 67 68 71 74 77 78 81 84 87 88 91 94 97 98 101 104 107 108 111 114 117 118 121 124 127 128 132 133 135 138 142 143 145 148 152 153 155 158 162 163
a 1 3 5 8 11 14 17 18 21 24 27 28 31 34 37 38 41 44 47 48 51 54 57 58 61 64 67 68 71 74 77 78 81 84 87 88 91 94 97 98 101 104 107 108 111 114 117 118 121 124 127 128 132 133 135 138 142 143 145 148 152 153 155 158 162 163
a 1 3 5 9 11 14 17 18 21 24 27 28 31 34 37 38 41 44 47 48 51 54 57 58 61 64 67 68 71 74 77 78 81 84 87 88 91 94 97 98 101 104 107 108 111 114 117 118 121 124 127 128 132 133 135 138 142 143 145 148 152 153 155 158 162 163
a 1 3 5 9 11 14 17 18 20 24 27 28 31 34 37 38 41 44 47 48 51 54 57 58 61 64 67 68 71 74 77 78 81 84 87 88 91 94 97 98 101 104 107 108 111 114 117 118 121 124 127 128 132 133 135 138 142 143 145 148 152 153 155 158 162 163
a 1 3 5 9 11 14 17 18 20 23 27 28 31 34 37 38 41 44 47 48 51 54 57 58 61 64 67 68 71 74 77 78 81 84 87 88 91 94 97 98 101 104 107 108 111 114 117 118 121 124 127 128 132 133 135 138 142 143 145 148 152 153 155 158 162 163
a 1 3 5 9 11 14 17 18 20 23 25 28 31 34 37 38 41 44 47 48 51 54 57 58 61 64 67 68 71 74 77 78 81 84 87 88 91 94 97 98 101 104 107 108 111 114 117 118 121 124 127 128 132 133 135 138 142 143 145 148 152 153 155 158 162 163
a 1 3 5 9 11 14 17 18 20 23 25 29 31 34 37 38 41 44 47 48 51 54 57 58 61 64 67 68 71 74 77 78 81 84 87 88 91 94 97 98 101 104 107 108 111 114 117 118 121 124 127 128 132 133 135 138 142 143 145 148 152 153 155 158 162 163
a 1 3 5 9 11 14 17 18 20 23 25 29 31 34 37 38 40 44 47 48 51 54 57 58 61 64 67 68 71 74 77 78 81 84 87 88 91 94 97 98 101 104 107 108 111 114 117 118 121 124 127 128 132 133 135 138 142 143 145 148 152 153 155 158 162 163
a 1 3 5 9 11 14 17 18 20 23 25 29 31 34 37 38 40 43 47 48 51 54 57 58 61 64 67 68 71 74 77 78 81 84 87 88 91 94 97 98 101 104 107 108 111 114 117 118 121 124 127 128 132 133 135 138 142 143 145 148 152 153 155 158 162 163
a 1 3 5 9 11 14 17 18 20 23 25 29 31 34 37 38 40 43 45 48 51 54 57 58 61 64 67 68 71 74 77 78 81 84 87 88 91 94 97 98 101 104 107 108 111 114 117 118 121 124 127 128 132 133 135 138 142 143 145 148 152 153 155 158 162 163
a 1 3 5 9 11 14 17 18 20 23 25 29 31 34 37 38 40 43 45 49 51 54 57 58 61 64 67 68 71 74 77 78 81 84 87 88 91 94 97 98 101 104 107 108 111 114 117 118 121 124 127 128 132 133 135 138 142 143 145 148 152 153 155 158 162 163
a 1 3 5 9 11 14 17 18 20 23 25 29 31 34 37 38 40 43 45 49 51 54 57 58 60 64 67 68 71 74 77 78 81 84 87 88 91 94 97 98 101 104 107 108 111 114 117 118 121 124 127 128 132 133 135 138 142 143 145 148 152 153 155 158 162 163
a 1 3 5 9 11 14 17 18 20 23 25 29 31 34 37 38 40 43 45 49 51 54 57 58 60 63 67 68 71 74 77 78 81 84 87 88 91 94 97 98 101 104 107 108 111 114 117 118 121 124 127 128 132 133 135 138 142 143 145 148 152 153 155 158 162 163
a 1 3 5 9 11 14 17 18 20 23 25 29 31 34 37 38 40 43 45 49 51 54 57 58 60 63 65 68 71 74 77 78 81 84 87 88 91 94 97 98 101 104 107 108 111 114 117 118 121 124 127 128 132 133 135 138 142 143 145 148 152 153 155 158 162 163
a 1 3 5 9 11 14 17 18 20 23 25 29 31 34 37 38 40 43 45 49 51 54 57 58 60 63 65 69 71 74 77 78 81 84 87 88 91 94 97 98 101 104 107 108 111 114 117 118 121 124 127 128 132 133 135 138 142 143 145 148 152 153 155 158 162 163
a 1 3 5 9 11 14 17 18 20 23 25 29 31 34 37 38 40 43 45 49 51 54 57 58 60 63 65 69 71 74 77 78 80 84 87 88 91 94 97 98 101 104 107 108 111 114 117 118 121 124 127 128 132 133 135 138 142 143 145 148 152 153 155 158 162 163
a 1 3 5 9 11 14 17 18 20 23 25 29 31 34 37 38 40 43 45 49 51 54 57 58 60 63 65 69 71 74 77 78 80 83 87 88 91 94 97 98 101 104 107 108 111 114 117 118 121 124 127 128 132 133 135 138 142 143 145 148 152 153 155 158 162 163
a 1 3 5 9 11 14 17 18 20 23 25 29 31 34 37 38 40 43 45 49 51 54 57 58 60 63 65 69 71 74 77 78 80 83 85 88 91 94 97 98 101 104 107 108 111 114 117 118 121 124 127 128 132 133 135 138 142 143 145 148 152 153 155 158 162 163
a 1 3 5 9 11 14 17 18 20 23 25 29 31 34 37 38 40 43 45 49 51 54 57 58 60 63 65 69 71 74 77 78 80 83 85 89 91 94 97 98 101 104 107 108 111 114 117 118 121 124 127 128 132 133 135 138 142 143 145 148 152 153 155 158 162 163
a 1 3 5 9 11 14 17 18 20 23 25 29 31 34 37 38 40 43 45 49 51 54 57 58 60 63 65 69 71 74 77 78 80 83 85 89 91 94 97 98 100 104 107 108 111 114 117 118 121 124 127 128 132 133 135 138 142 143 145 148 152 153 155 158 162 163
a 1 3 5 9 11 14 17 18 20 23 25 29 31 34 37 38 40 43 45 49 51 54 57 58 60 63 65 69 71 74 77 78 80 83 85 89 91 94 97 98 100 103 107 108 111 114 117 118 121 124 127 128 132 133 135 138 142 143 145 148 152 153 155 158 162 163
a 1 3 5 9 11 14 17 18 20 23 25 29 31 34 37 38 40 43 45 49 51 54 57 58 60 63 65 69 71 74 77 78 80 83 85 89 91 94 97 98 100 103 105 108 111 114 117 118 121 124 127 128 132 133 135 138 142 143 145 148 152 153 155 158 162 163
a 1 3 5 9 11 14 17 18 20 23 25 29 31 34 37 38 40 43 45 49 51 54 57 58 60 63 65 69 71 74 77 78 80 83 85 89 91 94 97 98 100 103 105 109 111 114 117 118 121 124 127 128 132 133 135 138 142 143 145 148 152 153 155 158 162 163
a 1 3 5 9 11 14 17 18 20 23 25 29 31 34 37 38 40 43 45 49 51 54 57 58 60 63 65 69 71 74 77 78 80 83 85 89 91 94 97 98 100 103 105 109 111 114 117 118 120 124 127 128 132 133 135 138 142 143 145 148 152 153 155 158 162 163
a 1 3 5 9 11 14 17 18 20 23 25 29 31 34 37 38 40 43 45 49 51 54 57 58 60 63 65 69 71 74 77 78 80 83 85 89 91 94 97 98 100 103 105 109 111 114 117 118 120 123 127 128 132 133 135 138 142 143 145 148 152 153 155 158 162 163
a 1 3 5 9 11 14 17 18 20 23 25 29 31 34 37 38 40 43 45 49 51 54 57 58 60 63 65 69 71 74 77 78 80 83 85 89 91 94 97 98 100 103 105 109 111 114 117 118 120 123 125 128 132 133 135 138 142 143 145 148 152 153 155 158 162 163
a 1 3 5 9 11 14 17 18 20 23 25 29 31 34 37 38 40 43 45 49 51 54 57 58 60 63 65 69 71 74 77 78 80 83 85 89 91 94 97 98 100 103 105 109 111 114 117 118 122 123 125 128 132 133 135 138 142 143 145 148 152 153 155 158 162 163
a 1 3 5 9 11 14 17 18 20 23 25 29 31 34 37 38 40 43 45 49 51 54 57 58 60 63 65 69 71 74 77 78 80 83 85 89 91 94 97 98 100 103 105 108 111 114 117 118 122 123 125 128 132 133 135 138 142 143 145 148 152 153 155 158 162 163
a 1 3 5 9 11 14 17 18 20 23 25 29 31 34 37 38 40 43 45 49 51 54 57 58 60 63 65 69 71 74 77 78 80 83 85 89 91 94 97 98 100 103 107 108 111 114 117 118 122 123 125 128 132 133 135 138 142 143 145 148 152 153 155 158 162 163
a 1 3 5 9 11 14 17 18 20 23 25 29 31 34 37 38 40 43 45 49 51 54 57 58 60 63 65 69 71 74 77 78 80 83 85 89 91 94 97 98 100 104 107 108 111 114 117 118 122 123 125 128 132 133 135 138 142 143 145 148 152 153 155 158 162 163
a 1 3 5 9 11 14 17 18 20 23 25 29 31 34 37 38 40 43 45 49 51 54 57 58 60 63 65 69 71 74 77 78 80 83 85 89 91 94 97 98 101 104 107 108 111 114 117 118 122 123 125 128 132 133 135 138 142 143 145 148 152 153 155 158 162 163
a 1 3 5 9 11 14 17 18 20 23 25 29 31 34 37 38 40 43 45 49 51 54 57 58 60 63 65 69 71 74 77 78 80 83 85 88 91 94 97 98 101 104 107 108 111 114 117 118 122 123 125 128 132 133 135 138 142 143 145 148 152 153 155 158 162 163
a 1 3 5 9 11 14 17 18 20 23 25 29 31 34 37 38 40 43 45 49 51 54 57 58 60 63 65 69 71 74 77 78 80 83 87 88 91 94 97 98 101 104 107 108 111 114 117 118 122 123 125 128 132 133 135 138 142 143 145 148 152 153 155 158 162 163
a 1 3 5 9 11 14 17 18 20 23 25 29 31 34 37 38 40 43 45 49 51 54 57 58 60 63 65 69 71 74 77 78 80 84 87 88 91 94 97 98 101 104 107 108 111 114 117 118 122 123 125 128 132 133 135 138 142 143 145 148 152 153 155 158 162 163
a 1 3 5 9 11 14 17 18 20 23 25 29 31 34 37 38 40 43 45 49 51 54 57 58 60 63 65 69 71 74 77 78 81 84 87 88 91 94 97 98 101 104 107 108 111 114 117 118 122 123 125 128 132 133 135 138 142 143 145 148 152 153 155 158 162 163
a 1 3 5 9 11 14 17 18 20 23 25 29 31 34 37 38 40 43 45 49 51 54 57 58 60 63 65 68 71 74 77 78 81 84 87 88 91 94 97 98 101 104 107 108 111 114 117 118 122 123 125 128 132 133 135 138 142 143 145 148 152 153 155 158 162 163
a 1 3 5 9 11 14 17 18 20 23 25 29 31 34 37 38 40 43 45 49 51 54 57 58 60 63 67 68 71 74 77 78 81 84 87 88 91 94 97 98 101 104 107 108 111 114 117 118 122 123 125 128 132 133 135 138 142 143 145 148 152 153 155 158 162 163
a 1 3 5 9 11 14 17 18 20 23 25 29 31 34 37 38 40 43 45 49 51 54 57 58 60 64 67 68 71 74 77 78 81 84 87 88 91 94 97 98 101 104 107 108 111 114 117 118 122 123 125 128 132 133 135 138 142 143 145 148 152 153 155 158 162 163
a 1 3 5 9 11 14 17 18 20 23 25 29 31 34 37 38 40 43 45 49 51 54 57 58 61 64 67 68 71 74 77 78 81 84 87 88 91 94 97 98 101 104 107 108 111 114 117 118 122 123 125 128 132 133 135 138 142 143 145 148 152 153 155 158 162 163
a 1 3 5 9 11 14 17 18 20 23 25 29 31 34 37 38 40 43 45 48 51 54 57 58 61 64 67 68 71 74 77 78 81 84 87 88 91 94 97 98 101 104 107 108 111 114 117 118 122 123 125 128 132 133 135 138 142 143 145 148 152 153 155 158 162 163
a 1 3 5 9 11 14 17 18 20 23 25 29 31 34 37 38 40 43 47 48 51 54 57 58 61 64 67 68 71 74 77 78 81 84 87 88 91 94 97 98 101 104 107 108 111 114 117 118 122 123 125 128 132 133 135 138 142 143 145 148 152 153 155 158 162 163
a 1 3 5 9 11 14 17 18 20 23 25 29 31 34 37 38 40 44 47 48 51 54 57 58 61 64 67 68 71 74 77 78 81 84 87 88 91 94 97 98 101 104 107 108 111 114 117 118 122 123 125 128 132 133 135 138 142 143 145 148 152 153 155 158 162 163
a 1 3 5 9 11 14 17 18 20 23 25 29 31 34 37 38 41 44 47 48 51 54 57 58 61 64 67 68 71 74 77 78 81 84 87 88 91 94 97 98 101 104 107 108 111 114 117 118 122 123 125 128 132 133 135 138 142 143 145 148 152 153 155 158 162 163
a 1 3 5 9 11 14 17 18 20 23 25 28 31 34 37 38 41 44 47 48 51 54 57 58 61 64 67 68 71 74 77 78 81 84 87 88 91 94 97 98 101 104 107 108 111 114 117 118 122 123 125 128 132 133 135 138 142 143 145 148 152 153 155 158 162 163
a 1 3 5 9 11 14 17 18 20 23 27 28 31 34 37 38 41 44 47 48 51 54 57 58 61 64 67 68 71 74 77 78 81 84 87 88 91 94 97 98 101 104 107 108 111 114 117 118 122 123 125 128 132 133 135 138 142 143 145 148 152 153 155 158 162 163
a 1 3 5 9 11 14 17 18 20 24 27 28 31 34 37 38 41 44 47 48 51 54 57 58 61 64 67 68 71 74 77 78 81 84 87 88 91 94 97 98 101 104 107 108 111 114 117 118 122 123 125 128 132 133 135 138 142 143 145 148 152 153 155 158 162 163
a 1 3 5 9 11 14 17 18 21 24 27 28 31 34 37 38 41 44 47 48 51 54 57 58 61 64 67 68 71 74 77 78 81 84 87 88 91 94 97 98 101 104 107 108 111 114 117 118 122 123 125 128 132 133 135 138 142 143 145 148 152 153 155 158 162 163
a 1 3 5 8 11 14 17 18 21 24 27 28 31 34 37 38 41 44 47 48 51 54 57 58 61 64 67 68 71 74 77 78 81 84 87 88 91 94 97 98 101 104 107 108 111 114 117 118 122 123 125 128 132 133 135 138 142 143 145 148 152 153 155 158 162 163
a 1 3 7 8 11 14 17 18 21 24 27 28 31 34 37 38 41 44 47 48 51 54 57 58 61 64 67 68 71 74 77 78 81 84 87 88 91 94 97 98 101 104 107 108 111 114 117 118 122 123 125 128 132 133 135 138 142 143 145 148 152 153 155 158 162 163
a 1 4 7 8 11 14 17 18 21 24 27 28 31 34 37 38 41 44 47 48 51 54 57 58 61 64 67 68 71 74 77 78 81 84 87 88 91 94 97 98 101 104 107 108 111 114 117 118 122 123 125 128 132 133 135 138 142 143 145 148 152 153 155 158 162 163
a 2 4 7 8 11 14 17 18 21 24 27 28 31 34 37 38 41 44 47 48 51 54 57 58 61 64 67 68 71 74 77 78 81 84 87 88 91 94 97 98 101 104 107 108 111 114 117 118 122 123 125 128 132 133 135 138 142 143 145 148 152 153 155 158 162 163
a 2 4 7 8 10 14 17 18 21 24 27 28 31 34 37 38 41 44 47 48 51 54 57 58 61 64 67 68 71 74 77 78 81 84 87 88 91 94 97 98 101 104 107 108 111 114 117 118 122 123 125 128 132 133 135 138 142 143 145 148 152 153 155 158 162 163
a 2 4 7 8 10 13 17 18 21 24 27 28 31 34 37 38 41 44 47 48 51 54 57 58 61 64 67 68 71 74 77 78 81 84 87 88 91 94 97 98 101 104 107 108 111 114 117 118 122 123 125 128 132 133 135 138 142 143 145 148 152 153 155 158 162 163
a 2 4 7 8 10 13 15 18 21 24 27 28 31 34 37 38 41 44 47 48 51 54 57 58 61 64 67 68 71 74 77 78 81 84 87 88 91 94 97 98 101 104 107 108 111 114 117 118 122 123 125 128 132 133 135 138 142 143 145 148 152 153 155 158 162 163
a 2 4 7 8 10 13 15 19 21 24 27 28 31 34 37 38 41 44 47 48 51 54 57 58 61 64 67 68 71 74 77 78 81 84 87 88 91 94 97 98 101 104 107 108 111 114 117 118 122 123 125 128 132 133 135 138 142 143 145 148 152 153 155 158 162 163
a 2 4 7 8 10 13 15 19 21 24 27 28 30 34 37 38 41 44 47 48 51 54 57 58 61 64 67 68 71 74 77 78 81 84 87 88 91 94 97 98 101 104 107 108 111 114 117 118 122 123 125 128 132 133 135 138 142 143 145 148 152 153 155 158 162 163
a 2 4 7 8 10 13 15 19 21 24 27 28 30 33 37 38 41 44 47 48 51 54 57 58 61 64 67 68 71 74 77 78 81 84 87 88 91 94 97 98 101 104 107 108 111 114 117 118 122 123 125 128 132 133 135 138 142 143 145 148 152 153 155 158 162 163
a 2 4 7 8 10 13 15 19 21 24 27 28 30 33 35 38 41 44 47 48 51 54 57 58 61 64 67 68 71 74 77 78 81 84 87 88 91 94 97 98 101 104 107 108 111 114 117 118 122 123 125 128 132 133 135 138 142 143 145 148 152 153 155 158 162 163
a 2 4 7 8 10 13 15 19 21 24 27 28 30 33 35 39 41 44 47 48 51 54 57 58 61 64 67 68 71 74 77 78 81 84 87 88 91 94 97 98 101 104 107 108 111 114 117 118 122 123 125 128 132 133 135 138 142 143 145 148 152 153 155 158 162 163
a 2 4 7 8 10 13 15 19 21 24 27 28 30 33 35 39 41 44 47 48 50 54 57 58 61 64 67 68 71 74 77 78 81 84 87 88 91 94 97 98 101 104 107 108 111 114 117 118 122 123 125 128 132 133 135 138 142 143 145 148 152 153 155 158 162 163
a 2 4 7 8 10 13 15 19 21 24 27 28 30 33 35 39 41 44 47 48 50 53 57 58 61 64 67 68 71 74 77 78 81 84 87 88 91 94 97 98 101 104 107 108 111 114 117 118 122 123 125 128 132 133 135 138 142 143 145 148 152 153 155 158 162 163
a 2 4 7 8 10 13 15 19 21 24 27 28 30 33 35 39 41 44 47 48 50 53 55 58 61 64 67 68 71 74 77 78 81 84 87 88 91 94 97 98 101 104 107 108 111 114 117 118 122 123 125 128 132 133 135 138 142 143 145 148 152 153 155 158 162 163
a 2 4 7 8 10 13 15 19 21 24 27 28 30 33 35 39 41 44 47 48 50 53 55 59 61 64 67 68 71 74 77 78 81 84 87 88 91 94 97 98 101 104 107 108 111 114 117 118 122 123 125 128 132 133 135 138 142 143 145 148 152 153 155 158 162 163
a 2 4 7 8 10 13 15 19 21 24 27 28 30 33 35 39 41 44 47 48 50 53 55 59 61 64 67 68 70 74 77 78 81 84 87 88 91 94 97 98 101 104 107 108 111 114 117 118 122 123 125 128 132 133 135 138 142 143 145 148 152 153 155 158 162 163
a 2 4 7 8 10 13 15 19 21 24 27 28 30 33 35 39 41 44 47 48 50 53 55 59 61 64 67 68 70 73 77 78 81 84 87 88 91 94 97 98 101 104 107 108 111 114 117 118 122 123 125 128 132 133 135 138 142 143 145 148 152 153 155 158 162 163
a 2 4 7 8 10 13 15 19 21 24 27 28 30 33 35 39 41 44 47 48 50 53 55 59 61 64 67 68 70 73 75 78 81 84 87 88 91 94 97 98 101 104 107 108 111 114 117 118 122 123 125 128 132 133 135 138 142 143 145 148 152 153 155 158 162 163
a 2 4 7 8 10 13 15 19 21 24 27 28 30 33 35 39 41 44 47 48 50 53 55 59 61 64 67 68 70 73 75 79 81 84 87 88 91 94 97 98 101 104 107 108 111 114 117 118 122 123 125 128 132 133 135 138 142 143 145 148 152 153 155 158 162 163
a 2 4 7 8 10 13 15 19 21 24 27 28 30 33 35 39 41 44 47 48 50 53 55 59 61 64 67 68 70 73 75 79 81 84 87 88 90 94 97 98 101 104 107 108 111 114 117 118 122 123 125 128 132 133 135 138 142 143 145 148 152 153 155 158 162 163
a 2 4 7 8 10 13 15 19 21 24 27 28 30 33 35 39 41 44 47 48 50 53 55 59 61 64 67 68 70 73 75 79 81 84 87 88 90 93 97 98 101 104 107 108 111 114 117 118 122 123 125 128 132 133 135 138 142 143 145 148 152 153 155 158 162 163
a 2 4 7 8 10 13 15 19 21 24 27 28 30 33 35 39 41 44 47 48 50 53 55 59 61 64 67 68 70 73 75 79 81 84 87 88 90 93 95 98 101 104 107 108 111 114 117 118 122 123 125 128 132 133 135 138 142 143 145 148 152 153 155 158 162 163
a 2 4 7 8 10 13 15 19 21 24 27 28 30 33 35 39 41 44 47 48 50 53 55 59 61 64 67 68 70 73 75 79 81 84 87 88 90 93 95 99 101 104 107 108 111 114 117 118 122 123 125 128 132 133 135 138 142 143 145 148 152 153 155 158 162 163
a 2 4 7 8 10 13 15 19 21 24 27 28 30 33 35 39 41 44 47 48 50 53 55 59 61 64 67 68 70 73 75 79 81 84 87 88 90 93 95 99 101 104 107 108 110 114 117 118 122 123 125 128 132 133 135 138 142 143 145 148 152 153 155 158 162 163
a 2 4 7 8 10 13 15 19 21 24 27 28 30 33 35 39 41 44 47 48 50 53 55 59 61 64 67 68 70 73 75 79 81 84 87 88 90 93 95 99 101 104 107 108 110 113 117 118 122 123 125 128 132 133 135 138 142 143 145 148 152 153 155 158 162 163
a 2 4 7 8 10 13 15 19 21 24 27 28 30 33 35 39 41 44 47 48 50 53 55 59 61 64 67 68 70 73 75 79 81 84 87 88 90 93 95 99 101 104 107 108 110 113 115 118 122 123 125 128 132 133 135 138 142 143 145 148 152 153 155 158 162 163
a 2 4 7 8 10 13 15 19 21 24 27 28 30 33 35 39 41 44 47 48 50 53 55 59 61 64 67 68 70 73 75 79 81 84 87 88 90 93 95 99 101 104 107 108 112 113 115 118 122 123 125 128 132 133 135 138 142 143 145 148 152 153 155 158 162 163
a 2 4 7 8 10 13 15 19 21 24 27 28 30 33 35 39 41 44 47 48 50 53 55 59 61 64 67 68 70 73 75 79 81 84 87 88 90 93 95 98 101 104 107 108 112 113 115 118 122 123 125 128 132 133 135 138 142 143 145 148 152 153 155 158 162 163
a 2 4 7 8 10 13 15 19 21 24 27 28 30 33 35 39 41 44 47 48 50 53 55 59 61 64 67 68 70 73 75 79 81 84 87 88 90 93 97 98 101 104 107 108 112 113 115 118 122 123 125 128 132 133 135 138 142 143 145 148 152 153 155 158 162 163
a 2 4 7 8 10 13 15 19 21 24 27 28 30 33 35 39 41 44 47 48 50 53 55 59 61 64 67 68 70 73 75 79 81 84 87 88 90 94 97 98 101 104 107 108 112 113 115 118 122 123 125 128 132 133 135 138 142 143 145 148 152 153 155 158 162 163
a 2 4 7 8 10 13 15 19 21 24 27 28 30 33 35 39 41 44 47 48 50 53 55 59 61 64 67 68 70 73 75 79 81 84 87 88 91 94 97 98 101 104 107 108 112 113 115 118 122 123 125 128 132 133 135 138 142 143 145 148 152 153 155 158 162 163
a 2 4 7 8 10 13 15 19 21 24 27 28 30 33 35 39 41 44 47 48 50 53 55 59 61 64 67 68 70 73 75 78 81 84 87 88 91 94 97 98 101 104 107 108 112 113 115 118 122 123 125 128 132 133 135 138 142 143 145 148 152 153 155 158 162 163
a 2 4 7 8 10 13 15 19 21 24 27 28 30 33 35 39 41 44 47 48 50 53 55 59 61 64 67 68 70 73 77 78 81 84 87 88 91 94 97 98 101 104 107 108 112 113 115 118 122 123 125 128 132 133 135 138 142 143 145 148 152 153 155 158 162 163
a 2 4 7 8 10 13 15 19 21 24 27 28 30 33 35 39 41 44 47 48 50 53 55 59 61 64 67 68 70 74 77 78 81 84 87 88 91 94 97 98 101 104 107 108 112 113 115 118 122 123 125 128 132 133 135 138 142 143 145 148 152 153 155 158 162 163
a 2 4 7 8 10 13 15 19 21 24 27 28 30 33 35 39 41 44 47 48 50 53 55 59 61 64 67 68 71 74 77 78 81 84 87 88 91 94 97 98 101 104 107 108 112 113 115 118 122 123 125 128 132 133 135 138 142 143 145 148 152 153 155 158 162 163
a 2 4 7 8 10 13 15 19 21 24 27 28 30 33 35 39 41 44 47 48 50 53 55 58 61 64 67 68 71 74 77 78 81 84 87 88 91 94 97 98 101 104 107 108 112 113 115 118 122 123 125 128 132 133 135 138 142 143 145 148 152 153 155 158 162 163
a 2 4 7 8 10 13 15 19 21 24 27 28 30 33 35 39 41 44 47 48 50 53 57 58 61 64 67 68 71 74 77 78 81 84 87 88 91 94 97 98 101 104 107 108 112 113 115 118 122 123 125 128 132 133 135 138 142 143 145 148 152 153 155 158 162 163
a 2 4 7 8 10 13 15 19 21 24 27 28 30 33 35 39 41 44 47 48 50 54 57 58 61 64 67 68 71 74 77 78 81 84 87 88 91 94 97 98 101 104 107 108 112 113 115 118 122 123 125 128 132 133 135 138 142 143 145 148 152 153 155 158 162 163
a 2 4 7 8 10 13 15 19 21 24 27 28 30 33 35 39 41 44 47 48 51 54 57 58 61 64 67 68 71 74 77 78 81 84 87 88 91 94 97 98 101 104 107 108 112 113 115 118 122 123 125 128 132 133 135 138 142 143 145 148 152 153 155 158 162 163
a 2 4 7 8 10 13 15 19 21 24 27 28 30 33 35 38 41 44 47 48 51 54 57 58 61 64 67 68 71 74 77 78 81 84 87 88 91 94 97 98 101 104 107 108 112 113 115 118 122 123 125 128 132 133 135 138 142 143 145 148 152 153 155 158 162 163
a 2 4 7 8 10 13 15 19 21 24 27 28 30 33 37 38 41 44 47 48 51 54 57 58 61 64 67 68 71 74 77 78 81 84 87 88 91 94 97 98 101 104 107 108 112 113 115 118 122 123 125 128 132 133 135 138 142 143 145 148 152 153 155 158 162 163
a 2 4 7 8 10 13 15 19 21 24 27 28 30 34 37 38 41 44 47 48 51 54 57 58 61 64 67 68 71 74 77 78 81 84 87 88 91 94 97 98 101 104 107 108 112 113 115 118 122 123 125 128 132 133 135 138 142 143 145 148 152 153 155 158 162 163
a 2 4 7 8 10 13 15 19 21 24 27 28 31 34 37 38 41 44 47 48 51 54 57 58 61 64 67 68 71 74 77 78 81 84 87 88 91 94 97 98 101 104 107 108 112 113 115 118 122 123 125 128 132 133 135 138 142 143 145 148 152 153 155 158 162 163
a 2 4 7 8 10 13 15 18 21 24 27 28 31 34 37 38 41 44 47 48 51 54 57 58 61 64 67 68 71 74 77 78 81 84 87 88 91 94 97 98 101 104 107 108 112 113 115 118 122 123 125 128 132 133 135 138 142 143 145 148 152 153 155 158 162 163
a 2 4 7 8 10 13 17 18 21 24 27 28 31 34 37 38 41 44 47 48 51 54 57 58 61 64 67 68 71 74 77 78 81 84 87 88 91 94 97 98 101 104 107 108 112 113 115 118 122 123 125 128 132 133 135 138 142 143 145 148 152 153 155 158 162 163
a 2 4 7 8 10 14 17 18 21 24 27 28 31 34 37 38 41 44 47 48 51 54 57 58 61 64 67 68 71 74 77 78 81 84 87 88 91 94 97 98 101 104 107 108 112 113 115 118 122 123 125 128 132 133 135 138 142 143 145 148 152 153 155 158 162 163
a 2 4 7 8 11 14 17 18 21 24 27 28 31 34 37 38 41 44 47 48 51 54 57 58 61 64 67 68 71 74 77 78 81 84 87 88 91 94 97 98 101 104 107 108 112 113 115 118 122 123 125 128 132 133 135 138 142 143 145 148 152 153 155 158 162 163
a 1 4 7 8 11 14 17 18 21 24 27 28 31 34 37 38 41 44 47 48 51 54 57 58 61 64 67 68 71 74 77 78 81 84 87 88 91 94 97 98 101 104 107 108 112 113 115 118 122 123 125 128 132 133 135 138 142 143 145 148 152 153 155 158 162 163
a 1 3 7 8 11 14 17 18 21 24 27 28 31 34 37 38 41 44 47 48 51 54 57 58 61 64 67 68 71 74 77 78 81 84 87 88 91 94 97 98 101 104 107 108 112 113 115 118 122 123 125 128 132 133 135 138 142 143 145 148 152 153 155 158 162 163
a 1 3 5 8 11 14 17 18 21 24 27 28 31 34 37 38 41 44 47 48 51 54 57 58 61 64 67 68 71 74 77 78 81 84 87 88 91 94 97 98 101 104 107 108 112 113 115 118 122 123 125 128 132 133 135 138 142 143 145 148 152 153 155 158 162 163
a 1 3 5 9 11 14 17 18 21 24 27 28 31 34 37 38 41 44 47 48 51 54 57 58 61 64 67 68 71 74 77 78 81 84 87 88 91 94 97 98 101 104 107 108 112 113 115 118 122 123 125 128 132 133 135 138 142 143 145 148 152 153 155 158 162 163
a 1 3 5 9 11 14 17 18 20 24 27 28 31 34 37 38 41 44 47 48 51 54 57 58 61 64 67 68 71 74 77 78 81 84 87 88 91 94 97 98 101 104 107 108 112 113 115 118 122 123 125 128 132 133 135 138 142 143 145 148 152 153 155 158 162 163
a 1 3 5 9 11 14 17 18 20 23 27 28 31 34 37 38 41 44 47 48 51 54 57 58 61 64 67 68 71 74 77 78 81 84 87 88 91 94 97 98 101 104 107 108 112 113 115 118 122 123 125 128 132 133 135 138 142 143 145 148 152 153 155 158 162 163
a 1 3 5 9 11 14 17 18 20 23 25 28 31 34 37 38 41 44 47 48 51 54 57 58 61 64 67 68 71 74 77 78 81 84 87 88 91 94 97 98 101 104 107 108 112 113 115 118 122 123 125 128 132 133 135 138 142 143 145 148 152 153 155 158 162 163
a 1 3 5 9 11 14 17 18 20 23 25 29 31 34 37 38 41 44 47 48 51 54 57 58 61 64 67 68 71 74 77 78 81 84 87 88 91 94 97 98 101 104 107 108 112 113 115 118 122 123 125 128 132 133 135 138 142 143 145 148 152 153 155 158 162 163
a 1 3 5 9 11 14 17 18 20 23 25 29 31 34 37 38 40 44 47 48 51 54 57 58 61 64 67 68 71 74 77 78 81 84 87 88 91 94 97 98 101 104 107 108 112 113 115 118 122 123 125 128 132 133 135 138 142 143 145 148 152 153 155 158 162 163
a 1 3 5 9 11 14 17 18 20 23 25 29 31 34 37 38 40 43 47 48 51 54 57 58 61 64 67 68 71 74 77 78 81 84 87 88 91 94 97 98 101 104 107 108 112 113 115 118 122 123 125 128 132 133 135 138 142 143 145 148 152 153 155 158 162 163
a 1 3 5 9 11 14 17 18 20 23 25 29 31 34 37 38 40 43 45 48 51 54 57 58 61 64 67 68 71 74 77 78 81 84 87 88 91 94 97 98 101 104 107 108 112 113 115 118 122 123 125 128 132 133 135 138 142 143 145 148 152 153 155 158 162 163
a 1 3 5 9 11 14 17 18 20 23 25 29 31 34 37 38 40 43 45 49 51 54 57 58 61 64 67 68 71 74 77 78 81 84 87 88 91 94 97 98 101 104 107 108 112 113 115 118 122 123 125 128 132 133 135 138 142 143 145 148 152 153 155 158 162 163
a 1 3 5 9 11 14 17 18 20 23 25 29 31 34 37 38 40 43 45 49 51 54 57 58 60 64 67 68 71 74 77 78 81 84 87 88 91 94 97 98 101 104 107 108 112 113 115 118 122 123 125 128 132 133 135 138 142 143 145 148 152 153 155 158 162 163
a 1 3 5 9 11 14 17 18 20 23 25 29 31 34 37 38 40 43 45 49 51 54 57 58 60 63 67 68 71 74 77 78 81 84 87 88 91 94 97 98 101 104 107 108 112 113 115 118 122 123 125 128 132 133 135 138 142 143 145 148 152 153 155 158 162 163
a 1 3 5 9 11 14 17 18 20 23 25 29 31 34 37 38 40 43 45 49 51 54 57 58 60 63 65 68 71 74 77 78 81 84 87 88 91 94 97 98 101 104 107 108 112 113 115 118 122 123 125 128 132 133 135 138 142 143 145 148 152 153 155 158 162 163
a 1 3 5 9 11 14 17 18 20 23 25 29 31 34 37 38 40 43 45 49 51 54 57 58 60 63 65 69 71 74 77 78 81 84 87 88 91 94 97 98 101 104 107 108 112 113 115 118 122 123 125 128 132 133 135 138 142 143 145 148 152 153 155 158 162 163
a 1 3 5 9 11 14 17 18 20 23 25 29 31 34 37 38 40 43 45 49 51 54 57 58 60 63 65 69 71 74 77 78 80 84 87 88 91 94 97 98 101 104 107 108 112 113 115 118 122 123 125 128 132 133 135 138 142 143 145 148 152 153 155 158 162 163
a 1 3 5 9 11 14 17 18 20 23 25 29 31 34 37 38 40 43 45 49 51 54 57 58 60 63 65 69 71 74 77 78 80 83 87 88 91 94 97 98 101 104 107 108 112 113 115 118 122 123 125 128 132 133 135 138 142 143 145 148 152 153 155 158 162 163
a 1 3 5 9 11 14 17 18 20 23 25 29 31 34 37 38 40 43 45 49 51 54 57 58 60 63 65 69 71 74 77 78 80 83 85 88 91 94 97 98 101 104 107 108 112 113 115 118 122 123 125 128 132 133 135 138 142 143 145 148 152 153 155 158 162 163
a 1 3 5 9 11 14 17 18 20 23 25 29 31 34 37 38 40 43 45 49 51 54 57 58 60 63 65 69 71 74 77 78 80 83 85 89 91 94 97 98 101 104 107 108 112 113 115 118 122 123 125 128 132 133 135 138 142 143 145 148 152 153 155 158 162 163
a 1 3 5 9 11 14 17 18 20 23 25 29 31 34 37 38 40 43 45 49 51 54 57 58 60 63 65 69 71 74 77 78 80 83 85 89 91 94 97 98 100 104 107 108 112 113 115 118 122 123 125 128 132 133 135 138 142 143 145 148 152 153 155 158 162 163
a 1 3 5 9 11 14 17 18 20 23 25 29 31 34 37 38 40 43 45 49 51 54 57 58 60 63 65 69 71 74 77 78 80 83 85 89 91 94 97 98 100 103 107 108 112 113 115 118 122 123 125 128 132 133 135 138 142 143 145 148 152 153 155 158 162 163
a 1 3 5 9 11 14 17 18 20 23 25 29 31 34 37 38 40 43 45 49 51 54 57 58 60 63 65 69 71 74 77 78 80 83 85 89 91 94 97 98 100 103 105 108 112 113 115 118 122 123 125 128 132 133 135 138 142 143 145 148 152 153 155 158 162 163
a 1 3 5 9 11 14 17 18 20 23 25 29 31 34 37 38 40 43 45 49 51 54 57 58 60 63 65 69 71 74 77 78 80 83 85 89 91 94 97 98 102 103 105 108 112 113 115 118 122 123 125 128 132 133 135 138 142 143 145 148 152 153 155 158 162 163
a 1 3 5 9 11 14 17 18 20 23 25 29 31 34 37 38 40 43 45 49 51 54 57 58 60 63 65 69 71 74 77 78 80 83 85 88 91 94 97 98 102 103 105 108 112 113 115 118 122 123 125 128 132 133 135 138 142 143 145 148 152 153 155 158 162 163
a 1 3 5 9 11 14 17 18 20 23 25 29 31 34 37 38 40 43 45 49 51 54 57 58 60 63 65 69 71 74 77 78 80 83 87 88 91 94 97 98 102 103 105 108 112 113 115 118 122 123 125 128 132 133 135 138 142 143 145 148 152 153 155 158 162 163
a 1 3 5 9 11 14 17 18 20 23 25 29 31 34 37 38 40 43 45 49 51 54 57 58 60 63 65 69 71 74 77 78 80 84 87 88 91 94 97 98 102 103 105 108 112 113 115 118 122 123 125 128 132 133 135 138 142 143 145 148 152 153 155 158 162 163
a 1 3 5 9 11 14 17 18 20 23 25 29 31 34 37 38 40 43 45 49 51 54 57 58 60 63 65 69 71 74 77 78 81 84 87 88 91 94 97 98 102 103 105 108 112 113 115 118 122 123 125 128 132 133 135 138 142 143 145 148 152 153 155 158 162 163
a 1 3 5 9 11 14 17 18 20 23 25 29 31 34 37 38 40 43 45 49 51 54 57 58 60 63 65 68 71 74 77 78 81 84 87 88 91 94 97 98 102 103 105 108 112 113 115 118 122 123 125 128 132 133 135 138 142 143 145 148 152 153 155 158 162 163
a 1 3 5 9 11 14 17 18 20 23 25 29 31 34 37 38 40 43 45 49 51 54 57 58 60 63 67 68 71 74 77 78 81 84 87 88 91 94 97 98 102 103 105 108 112 113 115 118 122 123 125 128 132 133 135 138 142 143 145 148 152 153 155 158 162 163
a 1 3 5 9 11 14 17 18 20 23 25 29 31 34 37 38 40 43 45 49 51 54 57 58 60 64 67 68 71 74 77 78 81 84 87 88 91 94 97 98 102 103 105 108 112 113 115 118 122 123 125 128 132 133 135 138 142 143 145 148 152 153 155 158 162 163
a 1 3 5 9 11 14 17 18 20 23 25 29 31 34 37 38 40 43 45 49 51 54 57 58 61 64 67 68 71 74 77 78 81 84 87 88 91 94 97 98 102 103 105 108 112 113 115 118 122 123 125 128 132 133 135 138 142 143 145 148 152 153 155 158 162 163
a 1 3 5 9 11 14 17 18 20 23 25 29 31 34 37 38 40 43 45 48 51 54 57 58 61 64 67 68 71 74 77 78 81 84 87 88 91 94 97 98 102 103 105 108 112 113 115 118 122 123 125 128 132 133 135 138 142 143 145 148 152 153 155 158 162 163
a 1 3 5 9 11 14 17 18 20 23 25 29 31 34 37 38 40 43 47 48 51 54 57 58 61 64 67 68 71 74 77 78 81 84 87 88 91 94 97 98 102 103 105 108 112 113 115 118 122 123 125 128 132 133 135 138 142 143 145 148 152 153 155 158 162 163
a 1 3 5 9 11 14 17 18 20 23 25 29 31 34 37 38 40 44 47 48 51 54 57 58 61 64 67 68 71 74 77 78 81 84 87 88 91 94 97 98 102 103 105 108 112 113 115 118 122 123 125 128 132 133 135 138 142 143 145 148 152 153 155 158 162 163
a 1 3 5 9 11 14 17 18 20 23 25 29 31 34 37 38 41 44 47 48 51 54 57 58 61 64 67 68 71 74 77 78 81 84 87 88 91 94 97 98 102 103 105 108 112 113 115 118 122 123 125 128 132 133 135 138 142 143 145 148 152 153 155 158 162 163
a 1 3 5 9 11 14 17 18 20 23 25 28 31 34 37 38 41 44 47 48 51 54 57 58 61 64 67 68 71 74 77 78 81 84 87 88 91 94 97 98 102 103 105 108 112 113 115 118 122 123 125 128 132 133 135 138 142 143 145 148 152 153 155 158 162 163
a 1 3 5 9 11 14 17 18 20 23 27 28 31 34 37 38 41 44 47 48 51 54 57 58 61 64 67 68 71 74 77 78 81 84 87 88 91 94 97 98 102 103 105 108 112 113 115 118 122 123 125 128 132 133 135 138 142 143 145 148 152 153 155 158 162 163
a 1 3 5 9 11 14 17 18 20 24 27 28 31 34 37 38 41 44 47 48 51 54 57 58 61 64 67 68 71 74 77 78 81 84 87 88 91 94 97 98 102 103 105 108 112 113 115 118 122 123 125 128 132 133 135 138 142 143 145 148 152 153 155 158 162 163
a 1 3 5 9 11 14 17 18 21 24 27 28 31 34 37 38 41 44 47 48 51 54 57 58 61 64 67 68 71 74 77 78 81 84 87 88 91 94 97 98 102 103 105 108 112 113 115 118 122 123 125 128 132 133 135 138 142 143 145 148 152 153 155 158 162 163
a 1 3 5 8 11 14 17 18 21 24 27 28 31 34 37 38 41 44 47 48 51 54 57 58 61 64 67 68 71 74 77 78 81 84 87 88 91 94 97 98 102 103 105 108 112 113 115 118 122 123 125 128 132 133 135 138 142 143 145 148 152 153 155 158 162 163
a 1 3 7 8 11 14 17 18 21 24 27 28 31 34 37 38 41 44 47 48 51 54 57 58 61 64 67 68 71 74 77 78 81 84 87 88 91 94 97 98 102 103 105 108 112 113 115 118 122 123 125 128 132 133 135 138 142 143 145 148 152 153 155 158 162 163
a 1 4 7 8 11 14 17 18 21 24 27 28 31 34 37 38 41 44 47 48 51 54 57 58 61 64 67 68 71 74 77 78 81 84 87 88 91 94 97 98 102 103 105 108 112 113 115 118 122 123 125 128 132 133 135 138 142 143 145 148 152 153 155 158 162 163
a 2 4 7 8 11 14 17 18 21 24 27 28 31 34 37 38 41 44 47 48 51 54 57 58 61 64 67 68 71 74 77 78 81 84 87 88 91 94 97 98 102 103 105 108 112 113 115 118 122 123 125 128 132 133 135 138 142 143 145 148 152 153 155 158 162 163
a 2 4 7 8 10 14 17 18 21 24 27 28 31 34 37 38 41 44 47 48 51 54 57 58 61 64 67 68 71 74 77 78 81 84 87 88 91 94 97 98 102 103 105 108 112 113 115 118 122 123 125 128 132 133 135 138 142 143 145 148 152 153 155 158 162 163
a 2 4 7 8 10 13 17 18 21 24 27 28 31 34 37 38 41 44 47 48 51 54 57 58 61 64 67 68 71 74 77 78 81 84 87 88 91 94 97 98 102 103 105 108 112 113 115 118 122 123 125 128 132 133 135 138 142 143 145 148 152 153 155 158 162 163
a 2 4 7 8 10 13 15 18 21 24 27 28 31 34 37 38 41 44 47 48 51 54 57 58 61 64 67 68 71 74 77 78 81 84 87 88 91 94 97 98 102 103 105 108 112 113 115 118 122 123 125 128 132 133 135 138 142 143 145 148 152 153 155 158 162 163
a 2 4 7 8 10 13 15 19 21 24 27 28 31 34 37 38 41 44 47 48 51 54 57 58 61 64 67 68 71 74 77 78 81 84 87 88 91 94 97 98 102 103 105 108 112 113 115 118 122 123 125 128 132 133 135 138 142 143 145 148 152 153 155 158 162 163
a 2 4 7 8 10 13 15 19 21 24 27 28 30 34 37 38 41 44 47 48 51 54 57 58 61 64 67 68 71 74 77 78 81 84 87 88 91 94 97 98 102 103 105 108 112 113 115 118 122 123 125 128 132 133 135 138 142 143 145 148 152 153 155 158 162 163
a 2 4 7 8 10 13 15 19 21 24 27 28 30 33 37 38 41 44 47 48 51 54 57 58 61 64 67 68 71 74 77 78 81 84 87 88 91 94 97 98 102 103 105 108 112 113 115 118 122 123 125 128 132 133 135 138 142 143 145 148 152 153 155 158 162 163
a 2 4 7 8 10 13 15 19 21 24 27 28 30 33 35 38 41 44 47 48 51 54 57 58 61 64 67 68 71 74 77 78 81 84 87 88 91 94 97 98 102 103 105 108 112 113 115 118 122 123 125 128 132 133 135 138 142 143 145 148 152 153 155 158 162 163
a 2 4 7 8 10 13 15 19 21 24 27 28 30 33 35 39 41 44 47 48 51 54 57 58 61 64 67 68 71 74 77 78 81 84 87 88 91 94 97 98 102 103 105 108 112 113 115 118 122 123 125 128 132 133 135 138 142 143 145 148 152 153 155 158 162 163
a 2 4 7 8 10 13 15 19 21 24 27 28 30 33 35 39 41 44 47 48 50 54 57 58 61 64 67 68 71 74 77 78 81 84 87 88 91 94 97 98 102 103 105 108 112 113 115 118 122 123 125 128 132 133 135 138 142 143 145 148 152 153 155 158 162 163
a 2 4 7 8 10 13 15 19 21 24 27 28 30 33 35 39 41 44 47 48 50 53 57 58 61 64 67 68 71 74 77 78 81 84 87 88 91 94 97 98 102 103 105 108 112 113 115 118 122 123 125 128 132 133 135 138 142 143 145 148 152 153 155 158 162 163
a 2 4 7 8 10 13 15 19 21 24 27 28 30 33 35 39 41 44 47 48 50 53 55 58 61 64 67 68 71 74 77 78 81 84 87 88 91 94 97 98 102 103 105 108 112 113 115 118 122 123 125 128 132 133 135 138 142 143 145 148 152 153 155 158 162 163
a 2 4 7 8 10 13 15 19 21 24 27 28 30 33 35 39 41 44 47 48 50 53 55 59 61 64 67 68 71 74 77 78 81 84 87 88 91 94 97 98 102 103 105 108 112 113 115 118 122 123 125 128 132 133 135 138 142 143 145 148 152 153 155 158 162 163
a 2 4 7 8 10 13 15 19 21 24 27 28 30 33 35 39 41 44 47 48 50 53 55 59 61 64 67 68 70 74 77 78 81 84 87 88 91 94 97 98 102 103 105 108 112 113 115 118 122 123 125 128 132 133 135 138 142 143 145 148 152 153 155 158 162 163
a 2 4 7 8 10 13 15 19 21 24 27 28 30 33 35 39 41 44 47 48 50 53 55 59 61 64 67 68 70 73 77 78 81 84 87 88 91 94 97 98 102 103 105 108 112 113 115 118 122 123 125 128 132 133 135 138 142 143 145 148 152 153 155 158 162 163
a 2 4 7 8 10 13 15 19 21 24 27 28 30 33 35 39 41 44 47 48 50 53 55 59 61 64 67 68 70 73 75 78 81 84 87 88 91 94 97 98 102 103 105 108 112 113 115 118 122 123 125 128 132 133 135 138 142 143 145 148 152 153 155 158 162 163
a 2 4 7 8 10 13 15 19 21 24 27 28 30 33 35 39 41 44 47 48 50 53 55 59 61 64 67 68 70 73 75 79 81 84 87 88 91 94 97 98 102 103 105 108 112 113 115 118 122 123 125 128 132 133 135 138 142 143 145 148 152 153 155 158 162 163
a 2 4 7 8 10 13 15 19 21 24 27 28 30 33 35 39 41 44 47 48 50 53 55 59 61 64 67 68 70 73 75 79 81 84 87 88 90 94 97 98 102 103 105 108 112 113 115 118 122 123 125 128 132 133 135 138 142 143 145 148 152 153 155 158 162 163
a 2 4 7 8 10 13 15 19 21 24 27 28 30 33 35 39 41 44 47 48 50 53 55 59 61 64 67 68 70 73 75 79 81 84 87 88 90 93 97 98 102 103 105 108 112 113 115 118 122 123 125 128 132 133 135 138 142 143 145 148 152 153 155 158 162 163
a 2 4 7 8 10 13 15 19 21 24 27 28 30 33 35 39 41 44 47 48 50 53 55 59 61 64 67 68 70 73 75 79 81 84 87 88 90 93 95 98 102 103 105 108 112 113 115 118 122 123 125 128 132 133 135 138 142 143 145 148 152 153 155 158 162 163
a 2 4 7 8 10 13 15 19 21 24 27 28 30 33 35 39 41 44 47 48 50 53 55 59 61 64 67 68 70 73 75 79 81 84 87 88 92 93 95 98 102 103 105 108 112 113 115 118 122 123 125 128 132 133 135 138 142 143 145 148 152 153 155 158 162 163
a 2 4 7 8 10 13 15 19 21 24 27 28 30 33 35 39 41 44 47 48 50 53 55 59 61 64 67 68 70 73 75 78 81 84 87 88 92 93 95 98 102 103 105 108 112 113 115 118 122 123 125 128 132 133 135 138 142 143 145 148 152 153 155 158 162 163
a 2 4 7 8 10 13 15 19 21 24 27 28 30 33 35 39 41 44 47 48 50 53 55 59 61 64 67 68 70 73 77 78 81 84 87 88 92 93 95 98 102 103 105 108 112 113 115 118 122 123 125 128 132 133 135 138 142 143 145 148 152 153 155 158 162 163
a 2 4 7 8 10 13 15 19 21 24 27 28 30 33 35 39 41 44 47 48 50 53 55 59 61 64 67 68 70 74 77 78 81 84 87 88 92 93 95 98 102 103 105 108 112 113 115 118 122 123 125 128 132 133 135 138 142 143 145 148 152 153 155 158 162 163
a 2 4 7 8 10 13 15 19 21 24 27 28 30 33 35 39 41 44 47 48 50 53 55 59 61 64 67 68 71 74 77 78 81 84 87 88 92 93 95 98 102 103 105 108 112 113 115 118 122 123 125 128 132 133 135 138 142 143 145 148 152 153 155 158 162 163
a 2 4 7 8 10 13 15 19 21 24 27 28 30 33 35 39 41 44 47 48 50 53 55 58 61 64 67 68 71 74 77 78 81 84 87 88 92 93 95 98 102 103 105 108 112 113 115 118 122 123 125 128 132 133 135 138 142 143 145 148 152 153 155 158 162 163
a 2 4 7 8 10 13 15 19 21 24 27 28 30 33 35 39 41 44 47 48 50 53 57 58 61 64 67 68 71 74 77 78 81 84 87 88 92 93 95 98 102 103 105 108 112 113 115 118 122 123 125 128 132 133 135 138 142 143 145 148 152 153 155 158 162 163
a 2 4 7 8 10 13 15 19 21 24 27 28 30 33 35 39 41 44 47 48 50 54 57 58 61 64 67 68 71 74 77 78 81 84 87 88 92 93 95 98 102 103 105 108 112 113 115 118 122 123 125 128 132 133 135 138 142 143 145 148 152 153 155 158 162 163
a 2 4 7 8 10 13 15 19 21 24 27 28 30 33 35 39 41 44 47 48 51 54 57 58 61 64 67 68 71 74 77 78 81 84 87 88 92 93 95 98 102 103 105 108 112 113 115 118 122 123 125 128 132 133 135 138 142 143 145 148 152 153 155 158 162 163
a 2 4 7 8 10 13 15 19 21 24 27 28 30 33 35 38 41 44 47 48 51 54 57 58 61 64 67 68 71 74 77 78 81 84 87 88 92 93 95 98 102 103 105 108 112 113 115 118 122 123 125 128 132 133 135 138 142 143 145 148 152 153 155 158 162 163
a 2 4 7 8 10 13 15 19 21 24 27 28 30 33 37 38 41 44 47 48 51 54 57 58 61 64 67 68 71 74 77 78 81 84 87 88 92 93 95 98 102 103 105 108 112 113 115 118 122 123 125 128 132 133 135 138 142 143 145 148 152 153 155 158 162 163
a 2 4 7 8 10 13 15 19 21 24 27 28 30 34 37 38 41 44 47 48 51 54 57 58 61 64 67 68 71 74 77 78 81 84 87 88 92 93 95 98 102 103 105 108 112 113 115 118 122 123 125 128 132 133 135 138 142 143 145 148 152 153 155 158 162 163
a 2 4 7 8 10 13 15 19 21 24 27 28 31 34 37 38 41 44 47 48 51 54 57 58 61 64 67 68 71 74 77 78 81 84 87 88 92 93 95 98 102 103 105 108 112 113 115 118 122 123 125 128 132 133 135 138 142 143 145 148 152 153 155 158 162 163
a 2 4 7 8 10 13 15 18 21 24 27 28 31 34 37 38 41 44 47 48 51 54 57 58 61 64 67 68 71 74 77 78 81 84 87 88 92 93 95 98 102 103 105 108 112 113 115 118 122 123 125 128 132 133 135 138 142 143 145 148 152 153 155 158 162 163
a 2 4 7 8 10 13 17 18 21 24 27 28 31 34 37 38 41 44 47 48 51 54 57 58 61 64 67 68 71 74 77 78 81 84 87 88 92 93 95 98 102 103 105 108 112 113 115 118 122 123 125 128 132 133 135 138 142 143 145 148 152 153 155 158 162 163
a 2 4 7 8 10 14 17 18 21 24 27 28 31 34 37 38 41 44 47 48 51 54 57 58 61 64 67 68 71 74 77 78 81 84 87 88 92 93 95 98 102 103 105 108 112 113 115 118 122 123 125 128 132 133 135 138 142 143 145 148 152 153 155 158 162 163
a 2 4 7 8 11 14 17 18 21 24 27 28 31 34 37 38 41 44 47 48 51 54 57 58 61 64 67 68 71 74 77 78 81 84 87 88 92 93 95 98 102 103 105 108 112 113 115 118 122 123 125 128 132 133 135 138 142 143 145 148 152 153 155 158 162 163
a 1 4 7 8 11 14 17 18 21 24 27 28 31 34 37 38 41 44 47 48 51 54 57 58 61 64 67 68 71 74 77 78 81 84 87 88 92 93 95 98 102 103 105 108 112 113 115 118 122 123 125 128 132 133 135 138 142 143 145 148 152 153 155 158 162 163
a 1 3 7 8 11 14 17 18 21 24 27 28 31 34 37 38 41 44 47 48 51 54 57 58 61 64 67 68 71 74 77 78 81 84 87 88 92 93 95 98 102 103 105 108 112 113 115 118 122 123 125 128 132 133 135 138 142 143 145 148 152 153 155 158 162 163
a 1 3 5 8 11 14 17 18 21 24 27 28 31 34 37 38 41 44 47 48 51 54 57 58 61 64 67 68 71 74 77 78 81 84 87 88 92 93 95 98 102 103 105 108 112 113 115 118 122 123 125 128 132 133 135 138 142 143 145 148 152 153 155 158 162 163
a 1 3 5 9 11 14 17 18 21 24 27 28 31 34 37 38 41 44 47 48 51 54 57 58 61 64 67 68 71 74 77 78 81 84 87 88 92 93 95 98 102 103 105 108 112 113 115 118 122 123 125 128 132 133 135 138 142 143 145 148 152 153 155 158 162 163
a 1 3 5 9 11 14 17 18 20 24 27 28 31 34 37 38 41 44 47 48 51 54 57 58 61 64 67 68 71 74 77 78 81 84 87 88 92 93 95 98 102 103 105 108 112 113 115 118 122 123 125 128 132 133 135 138 142 143 145 148 152 153 155 158 162 163
a 1 3 5 9 11 14 17 18 20 23 27 28 31 34 37 38 41 44 47 48 51 54 57 58 61 64 67 68 71 74 77 78 81 84 87 88 92 93 95 98 102 103 105 108 112 113 115 118 122 123 125 128 132 133 135 138 142 143 145 148 152 153 155 158 162 163
a 1 3 5 9 11 14 17 18 20 23 25 28 31 34 37 38 41 44 47 48 51 54 57 58 61 64 67 68 71 74 77 78 81 84 87 88 92 93 95 98 102 103 105 108 112 113 115 118 122 123 125 128 132 133 135 138 142 143 145 148 152 153 155 158 162 163
a 1 3 5 9 11 14 17 18 20 23 25 29 31 34 37 38 41 44 47 48 51 54 57 58 61 64 67 68 71 74 77 78 81 84 87 88 92 93 95 98 102 103 105 108 112 113 115 118 122 123 125 128 132 133 135 138 142 143 145 148 152 153 155 158 162 163
a 1 3 5 9 11 14 17 18 20 23 25 29 31 34 37 38 40 44 47 48 51 54 57 58 61 64 67 68 71 74 77 78 81 84 87 88 92 93 95 98 102 103 105 108 112 113 115 118 122 123 125 128 132 133 135 138 142 143 145 148 152 153 155 158 162 163
a 1 3 5 9 11 14 17 18 20 23 25 29 31 34 37 38 40 43 47 48 51 54 57 58 61 64 67 68 71 74 77 78 81 84 87 88 92 93 95 98 102 103 105 108 112 113 115 118 122 123 125 128 132 133 135 138 142 143 145 148 152 153 155 158 162 163
a 1 3 5 9 11 14 17 18 20 23 25 29 31 34 37 38 40 43 45 48 51 54 57 58 61 64 67 68 71 74 77 78 81 84 87 88 92 93 95 98 102 103 105 108 112 113 115 118 122 123 125 128 132 133 135 138 142 143 145 148 152 153 155 158 162 163
a 1 3 5 9 11 14 17 18 20 23 25 29 31 34 37 38 40 43 45 49 51 54 57 58 61 64 67 68 71 74 77 78 81 84 87 88 92 93 95 98 102 103 105 108 112 113 115 118 122 123 125 128 132 133 135 138 142 143 145 148 152 153 155 158 162 163
a 1 3 5 9 11 14 17 18 20 23 25 29 31 34 37 38 40 43 45 49 51 54 57 58 60 64 67 68 71 74 77 78 81 84 87 88 92 93 95 98 102 103 105 108 112 113 115 118 122 123 125 128 132 133 135 138 142 143 145 148 152 153 155 158 162 163
a 1 3 5 9 11 14 17 18 20 23 25 29 31 34 37 38 40 43 45 49 51 54 57 58 60 63 67 68 71 74 77 78 81 84 87 88 92 93 95 98 102 103 105 108 112 113 115 118 122 123 125 128 132 133 135 138 142 143 145 148 152 153 155 158 162 163
a 1 3 5 9 11 14 17 18 20 23 25 29 31 34 37 38 40 43 45 49 51 54 57 58 60 63 65 68 71 74 77 78 81 84 87 88 92 93 95 98 102 103 105 108 112 113 115 118 122 123 125 128 132 133 135 138 142 143 145 148 152 153 155 158 162 163
a 1 3 5 9 11 14 17 18 20 23 25 29 31 34 37 38 40 43 45 49 51 54 57 58 60 63 65 69 71 74 77 78 81 84 87 88 92 93 95 98 102 103 105 108 112 113 115 118 122 123 125 128 132 133 135 138 142 143 145 148 152 153 155 158 162 163
a 1 3 5 9 11 14 17 18 20 23 25 29 31 34 37 38 40 43 45 49 51 54 57 58 60 63 65 69 71 74 77 78 80 84 87 88 92 93 95 98 102 103 105 108 112 113 115 118 122 123 125 128 132 133 135 138 142 143 145 148 152 153 155 158 162 163
a 1 3 5 9 11 14 17 18 20 23 25 29 31 34 37 38 40 43 45 49 51 54 57 58 60 63 65 69 71 74 77 78 80 83 87 88 92 93 95 98 102 103 105 108 112 113 115 118 122 123 125 128 132 133 135 138 142 143 145 148 152 153 155 158 162 163
a 1 3 5 9 11 14 17 18 20 23 25 29 31 34 37 38 40 43 45 49 51 54 57 58 60 63 65 69 71 74 77 78 80 83 85 88 92 93 95 98 102 103 105 108 112 113 115 118 122 123 125 128 132 133 135 138 142 143 145 148 152 153 155 158 162 163
a 1 3 5 9 11 14 17 18 20 23 25 29 31 34 37 38 40 43 45 49 51 54 57 58 60 63 65 69 71 74 77 78 82 83 85 88 92 93 95 98 102 103 105 108 112 113 115 118 122 123 125 128 132 133 135 138 142 143 145 148 152 153 155 158 162 163
a 1 3 5 9 11 14 17 18 20 23 25 29 31 34 37 38 40 43 45 49 51 54 57 58 60 63 65 68 71 74 77 78 82 83 85 88 92 93 95 98 102 103 105 108 112 113 115 118 122 123 125 128 132 133 135 138 142 143 145 148 152 153 155 158 162 163
a 1 3 5 9 11 14 17 18 20 23 25 29 31 34 37 38 40 43 45 49 51 54 57 58 60 63 67 68 71 74 77 78 82 83 85 88 92 93 95 98 102 103 105 108 112 113 115 118 122 123 125 128 132 133 135 138 142 143 145 148 152 153 155 158 162 163
a 1 3 5 9 11 14 17 18 20 23 25 29 31 34 37 38 40 43 45 49 51 54 57 58 60 64 67 68 71 74 77 78 82 83 85 88 92 93 95 98 102 103 105 108 112 113 115 118 122 123 125 128 132 133 135 138 142 143 145 148 152 153 155 158 162 163
a 1 3 5 9 11 14 17 18 20 23 25 29 31 34 37 38 40 43 45 49 51 54 57 58 61 64 67 68 71 74 77 78 82 83 85 88 92 93 95 98 102 103 105 108 112 113 115 118 122 123 125 128 132 133 135 138 142 143 145 148 152 153 155 158 162 163
a 1 3 5 9 11 14 17 18 20 23 25 29 31 34 37 38 40 43 45 48 51 54 57 58 61 64 67 68 71 74 77 78 82 83 85 88 92 93 95 98 102 103 105 108 112 113 115 118 122 123 125 128 132 133 135 138 142 143 145 148 152 153 155 158 162 163
a 1 3 5 9 11 14 17 18 20 23 25 29 31 34 37 38 40 43 47 48 51 54 57 58 61 64 67 68 71 74 77 78 82 83 85 88 92 93 95 98 102 103 105 108 112 113 115 118 122 123 125 128 132 133 135 138 142 143 145 148 152 153 155 158 162 163
a 1 3 5 9 11 14 17 18 20 23 25 29 31 34 37 38 40 44 47 48 51 54 57 58 61 64 67 68 71 74 77 78 82 83 85 88 92 93 95 98 102 103 105 108 112 113 115 118 122 123 125 128 132 133 135 138 142 143 145 148 152 153 155 158 162 163
a 1 3 5 9 11 14 17 18 20 23 25 29 31 34 37 38 41 44 47 48 51 54 57 58 61 64 67 68 71 74 77 78 82 83 85 88 92 93 95 98 102 103 105 108 112 113 115 118 122 123 125 128 132 133 135 138 142 143 145 148 152 153 155 158 162 163
a 1 3 5 9 11 14 17 18 20 23 25 28 31 34 37 38 41 44 47 48 51 54 57 58 61 64 67 68 71 74 77 78 82 83 85 88 92 93 95 98 102 103 105 108 112 113 115 118 122 123 125 128 132 133 135 138 142 143 145 148 152 153 155 158 162 163
a 1 3 5 9 11 14 17 18 20 23 27 28 31 34 37 38 41 44 47 48 51 54 57 58 61 64 67 68 71 74 77 78 82 83 85 88 92 93 95 98 102 103 105 108 112 113 115 118 122 123 125 128 132 133 135 138 142 143 145 148 152 153 155 158 162 163
a 1 3 5 9 11 14 17 18 20 24 27 28 31 34 37 38 41 44 47 48 51 54 57 58 61 64 67 68 71 74 77 78 82 83 85 88 92 93 95 98 102 103 105 108 112 113 115 118 122 123 125 128 132 133 135 138 142 143 145 148 152 153 155 158 162 163
a 1 3 5 9 11 14 17 18 21 24 27 28 31 34 37 38 41 44 47 48 51 54 57 58 61 64 67 68 71 74 77 78 82 83 85 88 92 93 95 98 102 103 105 108 112 113 115 118 122 123 125 128 132 133 135 138 142 143 145 148 152 153 155 158 162 163
a 1 3 5 8 11 14 17 18 21 24 27 28 31 34 37 38 41 44 47 48 51 54 57 58 61 64 67 68 71 74 77 78 82 83 85 88 92 93 95 98 102 103 105 108 112 113 115 118 122 123 125 128 132 133 135 138 142 143 145 148 152 153 155 158 162 163
a 1 3 7 8 11 14 17 18 21 24 27 28 31 34 37 38 41 44 47 48 51 54 57 58 61 64 67 68 71 74 77 78 82 83 85 88 92 93 95 98 102 103 105 108 112 113 115 118 122 123 125 128 132 133 135 138 142 143 145 148 152 153 155 158 162 163
a 1 4 7 8 11 14 17 18 21 24 27 28 31 34 37 38 41 44 47 48 51 54 57 58 61 64 67 68 71 74 77 78 82 83 85 88 92 93 95 98 102 103 105 108 112 113 115 118 122 123 125 128 132 133 135 138 142 143 145 148 152 153 155 158 162 163
a 2 4 7 8 11 14 17 18 21 24 27 28 31 34 37 38 41 44 47 48 51 54 57 58 61 64 67 68 71 74 77 78 82 83 85 88 92 93 95 98 102 103 105 108 112 113 115 118 122 123 125 128 132 133 135 138 142 143 145 148 152 153 155 158 162 163
a 2 4 7 8 10 14 17 18 21 24 27 28 31 34 37 38 41 44 47 48 51 54 57 58 61 64 67 68 71 74 77 78 82 83 85 88 92 93 95 98 102 103 105 108 112 113 115 118 122 123 125 128 132 133 135 138 142 143 145 148 152 153 155 158 162 163
a 2 4 7 8 10 13 17 18 21 24 27 28 31 34 37 38 41 44 47 48 51 54 57 58 61 64 67 68 71 74 77 78 82 83 85 88 92 93 95 98 102 103 105 108 112 113 115 118 122 123 125 128 132 133 135 138 142 143 145 148 152 153 155 158 162 163
a 2 4 7 8 10 13 15 18 21 24 27 28 31 34 37 38 41 44 47 48 51 54 57 58 61 64 67 68 71 74 77 78 82 83 85 88 92 93 95 98 102 103 105 108 112 113 115 118 122 123 125 128 132 133 135 138 142 143 145 148 152 153 155 158 162 163
a 2 4 7 8 10 13 15 19 21 24 27 28 31 34 37 38 41 44 47 48 51 54 57 58 61 64 67 68 71 74 77 78 82 83 85 88 92 93 95 98 102 103 105 108 112 113 115 118 122 123 125 128 132 133 135 138 142 143 145 148 152 153 155 158 162 163
a 2 4 7 8 10 13 15 19 21 24 27 28 30 34 37 38 41 44 47 48 51 54 57 58 61 64 67 68 71 74 77 78 82 83 85 88 92 93 95 98 102 103 105 108 112 113 115 118 122 123 125 128 132 133 135 138 142 143 145 148 152 153 155 158 162 163
a 2 4 7 8 10 13 15 19 21 24 27 28 30 33 37 38 41 44 47 48 51 54 57 58 61 64 67 68 71 74 77 78 82 83 85 88 92 93 95 98 102 103 105 108 112 113 115 118 122 123 125 128 132 133 135 138 142 143 145 148 152 153 155 158 162 163
a 2 4 7 8 10 13 15 19 21 24 27 28 30 33 35 38 41 44 47 48 51 54 57 58 61 64 67 68 71 74 77 78 82 83 85 88 92 93 95 98 102 103 105 108 112 113 115 118 122 123 125 128 132 133 135 138 142 143 145 148 152 153 155 158 162 163
a 2 4 7 8 10 13 15 19 21 24 27 28 30 33 35 39 41 44 47 48 51 54 57 58 61 64 67 68 71 74 77 78 82 83 85 88 92 93 95 98 102 103 105 108 112 113 115 118 122 123 125 128 132 133 135 138 142 143 145 148 152 153 155 158 162 163
a 2 4 7 8 10 13 15 19 21 24 27 28 30 33 35 39 41 44 47 48 50 54 57 58 61 64 67 68 71 74 77 78 82 83 85 88 92 93 95 98 102 103 105 108 112 113 115 118 122 123 125 128 132 133 135 138 142 143 145 148 152 153 155 158 162 163
a 2 4 7 8 10 13 15 19 21 24 27 28 30 33 35 39 41 44 47 48 50 53 57 58 61 64 67 68 71 74 77 78 82 83 85 88 92 93 95 98 102 103 105 108 112 113 115 118 122 123 125 128 132 133 135 138 142 143 145 148 152 153 155 158 162 163
a 2 4 7 8 10 13 15 19 21 24 27 28 30 33 35 39 41 44 47 48 50 53 55 58 61 64 67 68 71 74 77 78 82 83 85 88 92 93 95 98 102 103 105 108 112 113 115 118 122 123 125 128 132 133 135 138 142 143 145 148 152 153 155 158 162 163
a 2 4 7 8 10 13 15 19 21 24 27 28 30 33 35 39 41 44 47 48 50 53 55 59 61 64 67 68 71 74 77 78 82 83 85 88 92 93 95 98 102 103 105 108 112 113 115 118 122 123 125 128 132 133 135 138 142 143 145 148 152 153 155 158 162 163
a 2 4 7 8 10 13 15 19 21 24 27 28 30 33 35 39 41 44 47 48 50 53 55 59 61 64 67 68 70 74 77 78 82 83 85 88 92 93 95 98 102 103 105 108 112 113 115 118 122 123 125 128 132 133 135 138 142 143 145 148 152 153 155 158 162 163
a 2 4 7 8 10 13 15 19 21 24 27 28 30 33 35 39 41 44 47 48 50 53 55 59 61 64 67 68 70 73 77 78 82 83 85 88 92 93 95 98 102 103 105 108 112 113 115 118 122 123 125 128 132 133 135 138 142 143 145 148 152 153 155 158 162 163
a 2 4 7 8 10 13 15 19 21 24 27 28 30 33 35 39 41 44 47 48 50 53 55 59 61 64 67 68 70 73 75 78 82 83 85 88 92 93 95 98 102 103 105 108 112 113 115 118 122 123 125 128 132 133 135 138 142 143 145 148 152 153 155 158 162 163
a 2 4 7 8 10 13 15 19 21 24 27 28 30 33 35 39 41 44 47 48 50 53 55 59 61 64 67 68 72 73 75 78 82 83 85 88 92 93 95 98 102 103 105 108 112 113 115 118 122 123 125 128 132 133 135 138 142 143 145 148 152 153 155 158 162 163
a 2 4 7 8 10 13 15 19 21 24 27 28 30 33 35 39 41 44 47 48 50 53 55 58 61 64 67 68 72 73 75 78 82 83 85 88 92 93 95 98 102 103 105 108 112 113 115 118 122 123 125 128 132 133 135 138 142 143 145 148 152 153 155 158 162 163
a 2 4 7 8 10 13 15 19 21 24 27 28 30 33 35 39 41 44 47 48 50 53 57 58 61 64 67 68 72 73 75 78 82 83 85 88 92 93 95 98 102 103 105 108 112 113 115 118 122 123 125 128 132 133 135 138 142 143 145 148 152 153 155 158 162 163
a 2 4 7 8 10 13 15 19 21 24 27 28 30 33 35 39 41 44 47 48 50 54 57 58 61 64 67 68 72 73 75 78 82 83 85 88 92 93 95 98 102 103 105 108 112 113 115 118 122 123 125 128 132 133 135 138 142 143 145 148 152 153 155 158 162 163
a 2 4 7 8 10 13 15 19 21 24 27 28 30 33 35 39 41 44 47 48 51 54 57 58 61 64 67 68 72 73 75 78 82 83 85 88 92 93 95 98 102 103 105 108 112 113 115 118 122 123 125 128 132 133 135 138 142 143 145 148 152 153 155 158 162 163
a 2 4 7 8 10 13 15 19 21 24 27 28 30 33 35 38 41 44 47 48 51 54 57 58 61 64 67 68 72 73 75 78 82 83 85 88 92 93 95 98 102 103 105 108 112 113 115 118 122 123 125 128 132 133 135 138 142 143 145 148 152 153 155 158 162 163
a 2 4 7 8 10 13 15 19 21 24 27 28 30 33 37 38 41 44 47 48 51 54 57 58 61 64 67 68 72 73 75 78 82 83 85 88 92 93 95 98 102 103 105 108 112 113 115 118 122 123 125 128 132 133 135 138 142 143 145 148 152 153 155 158 162 163
a 2 4 7 8 10 13 15 19 21 24 27 28 30 34 37 38 41 44 47 48 51 54 57 58 61 64 67 68 72 73 75 78 82 83 85 88 92 93 95 98 102 103 105 108 112 113 115 118 122 123 125 128 132 133 135 138 142 143 145 148 152 153 155 158 162 163
a 2 4 7 8 10 13 15 19 21 24 27 28 31 34 37 38 41 44 47 48 51 54 57 58 61 64 67 68 72 73 75 78 82 83 85 88 92 93 95 98 102 103 105 108 112 113 115 118 122 123 125 128 132 133 135 138 142 143 145 148 152 153 155 158 162 163
a 2 4 7 8 10 13 15 18 21 24 27 28 31 34 37 38 41 44 47 48 51 54 57 58 61 64 67 68 72 73 75 78 82 83 85 88 92 93 95 98 102 103 105 108 112 113 115 118 122 123 125 128 132 133 135 138 142 143 145 148 152 153 155 158 162 163
a 2 4 7 8 10 13 17 18 21 24 27 28 31 34 37 38 41 44 47 48 51 54 57 58 61 64 67 68 72 73 75 78 82 83 85 88 92 93 95 98 102 103 105 108 112 113 115 118 122 123 125 128 132 133 135 138 142 143 145 148 152 153 155 158 162 163
a 2 4 7 8 10 14 17 18 21 24 27 28 31 34 37 38 41 44 47 48 51 54 57 58 61 64 67 68 72 73 75 78 82 83 85 88 92 93 95 98 102 103 105 108 112 113 115 118 122 123 125 128 132 133 135 138 142 143 145 148 152 153 155 158 162 163
a 2 4 7 8 11 14 17 18 21 24 27 28 31 34 37 38 41 44 47 48 51 54 57 58 61 64 67 68 72 73 75 78 82 83 85 88 92 93 95 98 102 103 105 108 112 113 115 118 122 123 125 128 132 133 135 138 142 143 145 148 152 153 155 158 162 163
a 1 4 7 8 11 14 17 18 21 24 27 28 31 34 37 38 41 44 47 48 51 54 57 58 61 64 67 68 72 73 75 78 82 83 85 88 92 93 95 98 102 103 105 108 112 113 115 118 122 123 125 128 132 133 135 138 142 143 145 148 152 153 155 158 162 163
a 1 3 7 8 11 14 17 18 21 24 27 28 31 34 37 38 41 44 47 48 51 54 57 58 61 64 67 68 72 73 75 78 82 83 85 88 92 93 95 98 102 103 105 108 112 113 115 118 122 123 125 128 132 133 135 138 142 143 145 148 152 153 155 158 162 163
a 1 3 5 8 11 14 17 18 21 24 27 28 31 34 37 38 41 44 47 48 51 54 57 58 61 64 67 68 72 73 75 78 82 83 85 88 92 93 95 98 102 103 105 108 112 113 115 118 122 123 125 128 132 133 135 138 142 143 145 148 152 153 155 158 162 163
a 1 3 5 9 11 14 17 18 21 24 27 28 31 34 37 38 41 44 47 48 51 54 57 58 61 64 67 68 72 73 75 78 82 83 85 88 92 93 95 98 102 103 105 108 112 113 115 118 122 123 125 128 132 133 135 138 142 143 145 148 152 153 155 158 162 163
a 1 3 5 9 11 14 17 18 20 24 27 28 31 34 37 38 41 44 47 48 51 54 57 58 61 64 67 68 72 73 75 78 82 83 85 88 92 93 95 98 102 103 105 108 112 113 115 118 122 123 125 128 132 133 135 138 142 143 145 148 152 153 155 158 162 163
a 1 3 5 9 11 14 17 18 20 23 27 28 31 34 37 38 41 44 47 48 51 54 57 58 61 64 67 68 72 73 75 78 82 83 85 88 92 93 95 98 102 103 105 108 112 113 115 118 122 123 125 128 132 133 135 138 142 143 145 148 152 153 155 158 162 163
a 1 3 5 9 11 14 17 18 20 23 25 28 31 34 37 38 41 44 47 48 51 54 57 58 61 64 67 68 72 73 75 78 82 83 85 88 92 93 95 98 102 103 105 108 112 113 115 118 122 123 125 128 132 133 135 138 142 143 145 148 152 153 155 158 162 163
a 1 3 5 9 11 14 17 18 20 23 25 29 31 34 37 38 41 44 47 48 51 54 57 58 61 64 67 68 72 73 75 78 82 83 85 88 92 93 95 98 102 103 105 108 112 113 115 118 122 123 125 128 132 133 135 138 142 143 145 148 152 153 155 158 162 163
a 1 3 5 9 11 14 17 18 20 23 25 29 31 34 37 38 40 44 47 48 51 54 57 58 61 64 67 68 72 73 75 78 82 83 85 88 92 93 95 98 102 103 105 108 112 113 115 118 122 123 125 128 132 133 135 138 142 143 145 148 152 153 155 158 162 163
a 1 3 5 9 11 14 17 18 20 23 25 29 31 34 37 38 40 43 47 48 51 54 57 58 61 64 67 68 72 73 75 78 82 83 85 88 92 93 95 98 102 103 105 108 112 113 115 118 122 123 125 128 132 133 135 138 142 143 145 148 152 153 155 158 162 163
a 1 3 5 9 11 14 17 18 20 23 25 29 31 34 37 38 40 43 45 48 51 54 57 58 61 64 67 68 72 73 75 78 82 83 85 88 92 93 95 98 102 103 105 108 112 113 115 118 122 123 125 128 132 133 135 138 142 143 145 148 152 153 155 158 162 163
a 1 3 5 9 11 14 17 18 20 23 25 29 31 34 37 38 40 43 45 49 51 54 57 58 61 64 67 68 72 73 75 78 82 83 85 88 92 93 95 98 102 103 105 108 112 113 115 118 122 123 125 128 132 133 135 138 142 143 145 148 152 153 155 158 162 163
a 1 3 5 9 11 14 17 18 20 23 25 29 31 34 37 38 40 43 45 49 51 54 57 58 60 64 67 68 72 73 75 78 82 83 85 88 92 93 95 98 102 103 105 108 112 113 115 118 122 123 125 128 132 133 135 138 142 143 145 148 152 153 155 158 162 163
a 1 3 5 9 11 14 17 18 20 23 25 29 31 34 37 38 40 43 45 49 51 54 57 58 60 63 67 68 72 73 75 78 82 83 85 88 92 93 95 98 102 103 105 108 112 113 115 118 122 123 125 128 132 133 135 138 142 143 145 148 152 153 155 158 162 163
a 1 3 5 9 11 14 17 18 20 23 25 29 31 34 37 38 40 43 45 49 51 54 57 58 60 63 65 68 72 73 75 78 82 83 85 88 92 93 95 98 102 103 105 108 112 113 115 118 122 123 125 128 132 133 135 138 142 143 145 148 152 153 155 158 162 163
a 1 3 5 9 11 14 17 18 20 23 25 29 31 34 37 38 40 43 45 49 51 54 57 58 62 63 65 68 72 73 75 78 82 83 85 88 92 93 95 98 102 103 105 108 112 113 115 118 122 123 125 128 132 133 135 138 142 143 145 148 152 153 155 158 162 163
a 1 3 5 9 11 14 17 18 20 23 25 29 31 34 37 38 40 43 45 48 51 54 57 58 62 63 65 68 72 73 75 78 82 83 85 88 92 93 95 98 102 103 105 108 112 113 115 118 122 123 125 128 132 133 135 138 142 143 145 148 152 153 155 158 162 163
a 1 3 5 9 11 14 17 18 20 23 25 29 31 34 37 38 40 43 47 48 51 54 57 58 62 63 65 68 72 73 75 78 82 83 85 88 92 93 95 98 102 103 105 108 112 113 115 118 122 123 125 128 132 133 135 138 142 143 145 148 152 153 155 158 162 163
a 1 3 5 9 11 14 17 18 20 23 25 29 31 34 37 38 40 44 47 48 51 54 57 58 62 63 65 68 72 73 75 78 82 83 85 88 92 93 95 98 102 103 105 108 112 113 115 118 122 123 125 128 132 133 135 138 142 143 145 148 152 153 155 158 162 163
a 1 3 5 9 11 14 17 18 20 23 25 29 31 34 37 38 41 44 47 48 51 54 57 58 62 63 65 68 72 73 75 78 82 83 85 88 92 93 95 98 102 103 105 108 112 113 115 118 122 123 125 128 132 133 135 138 142 143 145 148 152 153 155 158 162 163
a 1 3 5 9 11 14 17 18 20 23 25 28 31 34 37 38 41 44 47 48 51 54 57 58 62 63 65 68 72 73 75 78 82 83 85 88 92 93 95 98 102 103 105 108 112 113 115 118 122 123 125 128 132 133 135 138 142 143 145 148 152 153 155 158 162 163
a 1 3 5 9 11 14 17 18 20 23 27 28 31 34 37 38 41 44 47 48 51 54 57 58 62 63 65 68 72 73 75 78 82 83 85 88 92 93 95 98 102 103 105 108 112 113 115 118 122 123 125 128 132 133 135 138 142 143 145 148 152 153 155 158 162 163
a 1 3 5 9 11 14 17 18 20 24 27 28 31 34 37 38 41 44 47 48 51 54 57 58 62 63 65 68 72 73 75 78 82 83 85 88 92 93 95 98 102 103 105 108 112 113 115 118 122 123 125 128 132 133 135 138 142 143 145 148 152 153 155 158 162 163
a 1 3 5 9 11 14 17 18 21 24 27 28 31 34 37 38 41 44 47 48 51 54 57 58 62 63 65 68 72 73 75 78 82 83 85 88 92 93 95 98 102 103 105 108 112 113 115 118 122 123 125 128 132 133 135 138 142 143 145 148 152 153 155 158 162 163
a 1 3 5 8 11 14 17 18 21 24 27 28 31 34 37 38 41 44 47 48 51 54 57 58 62 63 65 68 72 73 75 78 82 83 85 88 92 93 95 98 102 103 105 108 112 113 115 118 122 123 125 128 132 133 135 138 142 143 145 148 152 153 155 158 162 163
a 1 3 7 8 11 14 17 18 21 24 27 28 31 34 37 38 41 44 47 48 51 54 57 58 62 63 65 68 72 73 75 78 82 83 85 88 92 93 95 98 102 103 105 108 112 113 115 118 122 123 125 128 132 133 135 138 142 143 145 148 152 153 155 158 162 163
a 1 4 7 8 11 14 17 18 21 24 27 28 31 34 37 38 41 44 47 48 51 54 57 58 62 63 65 68 72 73 75 78 82 83 85 88 92 93 95 98 102 103 105 108 112 113 115 118 122 123 125 128 132 133 135 138 142 143 145 148 152 153 155 158 162 163
a 2 4 7 8 11 14 17 18 21 24 27 28 31 34 37 38 41 44 47 48 51 54 57 58 62 63 65 68 72 73 75 78 82 83 85 88 92 93 95 98 102 103 105 108 112 113 115 118 122 123 125 128 132 133 135 138 142 143 145 148 152 153 155 158 162 163
a 2 4 7 8 10 14 17 18 21 24 27 28 31 34 37 38 41 44 47 48 51 54 57 58 62 63 65 68 72 73 75 78 82 83 85 88 92 93 95 98 102 103 105 108 112 113 115 118 122 123 125 128 132 133 135 138 142 143 145 148 152 153 155 158 162 163
a 2 4 7 8 10 13 17 18 21 24 27 28 31 34 37 38 41 44 47 48 51 54 57 58 62 63 65 68 72 73 75 78 82 83 85 88 92 93 95 98 102 103 105 108 112 113 115 118 122 123 125 128 132 133 135 138 142 143 145 148 152 153 155 158 162 163
a 2 4 7 8 10 13 15 18 21 24 27 28 31 34 37 38 41 44 47 48 51 54 57 58 62 63 65 68 72 73 75 78 82 83 85 88 92 93 95 98 102 103 105 108 112 113 115 118 122 123 125 128 132 133 135 138 142 143 145 148 152 153 155 158 162 163
a 2 4 7 8 10 13 15 19 21 24 27 28 31 34 37 38 41 44 47 48 51 54 57 58 62 63 65 68 72 73 75 78 82 83 85 88 92 93 95 98 102 103 105 108 112 113 115 118 122 123 125 128 132 133 135 138 142 143 145 148 152 153 155 158 162 163
a 2 4 7 8 10 13 15 19 21 24 27 28 30 34 37 38 41 44 47 48 51 54 57 58 62 63 65 68 72 73 75 78 82 83 85 88 92 93 95 98 102 103 105 108 112 113 115 118 122 123 125 128 132 133 135 138 142 143 145 148 152 153 155 158 162 163
a 2 4 7 8 10 13 15 19 21 24 27 28 30 33 37 38 41 44 47 48 51 54 57 58 62 63 65 68 72 73 75 78 82 83 85 88 92 93 95 98 102 103 105 108 112 113 115 118 122 123 125 128 132 133 135 138 142 143 145 148 152 153 155 158 162 163
a 2 4 7 8 10 13 15 19 21 24 27 28 30 33 35 38 41 44 47 48 51 54 57 58 62 63 65 68 72 73 75 78 82 83 85 88 92 93 95 98 102 103 105 108 112 113 115 118 122 123 125 128 132 133 135 138 142 143 145 148 152 153 155 158 162 163
a 2 4 7 8 10 13 15 19 21 24 27 28 30 33 35 39 41 44 47 48 51 54 57 58 62 63 65 68 72 73 75 78 82 83 85 88 92 93 95 98 102 103 105 108 112 113 115 118 122 123 125 128 132 133 135 138 142 143 145 148 152 153 155 158 162 163
a 2 4 7 8 10 13 15 19 21 24 27 28 30 33 35 39 41 44 47 48 50 54 57 58 62 63 65 68 72 73 75 78 82 83 85 88 92 93 95 98 102 103 105 108 112 113 115 118 122 123 125 128 132 133 135 138 142 143 145 148 152 153 155 158 162 163
a 2 4 7 8 10 13 15 19 21 24 27 28 30 33 35 39 41 44 47 48 50 53 57 58 62 63 65 68 72 73 75 78 82 83 85 88 92 93 95 98 102 103 105 108 112 113 115 118 122 123 125 128 132 133 135 138 142 143 145 148 152 153 155 158 162 163
a 2 4 7 8 10 13 15 19 21 24 27 28 30 33 35 39 41 44 47 48 50 53 55 58 62 63 65 68 72 73 75 78 82 83 85 88 92 93 95 98 102 103 105 108 112 113 115 118 122 123 125 128 132 133 135 138 142 143 145 148 152 153 155 158 162 163
a 2 4 7 8 10 13 15 19 21 24 27 28 30 33 35 39 41 44 47 48 52 53 55 58 62 63 65 68 72 73 75 78 82 83 85 88 92 93 95 98 102 103 105 108 112 113 115 118 122 123 125 128 132 133 135 138 142 143 145 148 152 153 155 158 162 163
a 2 4 7 8 10 13 15 19 21 24 27 28 30 33 35 38 41 44 47 48 52 53 55 58 62 63 65 68 72 73 75 78 82 83 85 88 92 93 95 98 102 103 105 108 112 113 115 118 122 123 125 128 132 133 135 138 142 143 145 148 152 153 155 158 162 163
a 2 4 7 8 10 13 15 19 21 24 27 28 30 33 37 38 41 44 47 48 52 53 55 58 62 63 65 68 72 73 75 78 82 83 85 88 92 93 95 98 102 103 105 108 112 113 115 118 122 123 125 128 132 133 135 138 142 143 145 148 152 153 155 158 162 163
a 2 4 7 8 10 13 15 19 21 24 27 28 30 34 37 38 41 44 47 48 52 53 55 58 62 63 65 68 72 73 75 78 82 83 85 88 92 93 95 98 102 103 105 108 112 113 115 118 122 123 125 128 132 133 135 138 142 143 145 148 152 153 155 158 162 163
a 2 4 7 8 10 13 15 19 21 24 27 28 31 34 37 38 41 44 47 48 52 53 55 58 62 63 65 68 72 73 75 78 82 83 85 88 92 93 95 98 102 103 105 108 112 113 115 118 122 123 125 128 132 133 135 138 142 143 145 148 152 153 155 158 162 163
a 2 4 7 8 10 13 15 18 21 24 27 28 31 34 37 38 41 44 47 48 52 53 55 58 62 63 65 68 72 73 75 78 82 83 85 88 92 93 95 98 102 103 105 108 112 113 115 118 122 123 125 128 132 133 135 138 142 143 145 148 152 153 155 158 162 163
a 2 4 7 8 10 13 17 18 21 24 27 28 31 34 37 38 41 44 47 48 52 53 55 58 62 63 65 68 72 73 75 78 82 83 85 88 92 93 95 98 102 103 105 108 112 113 115 118 122 123 125 128 132 133 135 138 142 143 145 148 152 153 155 158 162 163
a 2 4 7 8 10 14 17 18 21 24 27 28 31 34 37 38 41 44 47 48 52 53 55 58 62 63 65 68 72 73 75 78 82 83 85 88 92 93 95 98 102 103 105 108 112 113 115 118 122 123 125 128 132 133 135 138 142 143 145 148 152 153 155 158 162 163
a 2 4 7 8 11 14 17 18 21 24 27 28 31 34 37 38 41 44 47 48 52 53 55 58 62 63 65 68 72 73 75 78 82 83 85 88 92 93 95 98 102 103 105 108 112 113 115 118 122 123 125 128 132 133 135 138 142 143 145 148 152 153 155 158 162 163
a 1 4 7 8 11 14 17 18 21 24 27 28 31 34 37 38 41 44 47 48 52 53 55 58 62 63 65 68 72 73 75 78 82 83 85 88 92 93 95 98 102 103 105 108 112 113 115 118 122 123 125 128 132 133 135 138 142 143 145 148 152 153 155 158 162 163
a 1 3 7 8 11 14 17 18 21 24 27 28 31 34 37 38 41 44 47 48 52 53 55 58 62 63 65 68 72 73 75 78 82 83 85 88 92 93 95 98 102 103 105 108 112 113 115 118 122 123 125 128 132 133 135 138 142 143 145 148 152 153 155 158 162 163
a 1 3 5 8 11 14 17 18 21 24 27 28 31 34 37 38 41 44 47 48 52 53 55 58 62 63 65 68 72 73 75 78 82 83 85 88 92 93 95 98 102 103 105 108 112 113 115 118 122 123 125 128 132 133 135 138 142 143 145 148 152 153 155 158 162 163
a 1 3 5 9 11 14 17 18 21 24 27 28 31 34 37 38 41 44 47 48 52 53 55 58 62 63 65 68 72 73 75 78 82 83 85 88 92 93 95 98 102 103 105 108 112 113 115 118 122 123 125 128 132 133 135 138 142 143 145 148 152 153 155 158 162 163
a 1 3 5 9 11 14 17 18 20 24 27 28 31 34 37 38 41 44 47 48 52 53 55 58 62 63 65 68 72 73 75 78 82 83 85 88 92 93 95 98 102 103 105 108 112 113 115 118 122 123 125 128 132 133 135 138 142 143 145 148 152 153 155 158 162 163
a 1 3 5 9 11 14 17 18 20 23 27 28 31 34 37 38 41 44 47 48 52 53 55 58 62 63 65 68 72 73 75 78 82 83 85 88 92 93 95 98 102 103 105 108 112 113 115 118 122 123 125 128 132 133 135 138 142 143 145 148 152 153 155 158 162 163
a 1 3 5 9 11 14 17 18 20 23 25 28 31 34 37 38 41 44 47 48 52 53 55 58 62 63 65 68 72 73 75 78 82 83 85 88 92 93 95 98 102 103 105 108 112 113 115 118 122 123 125 128 132 133 135 138 142 143 145 148 152 153 155 158 162 163
a 1 3 5 9 11 14 17 18 20 23 25 29 31 34 37 38 41 44 47 48 52 53 55 58 62 63 65 68 72 73 75 78 82 83 85 88 92 93 95 98 102 103 105 108 112 113 115 118 122 123 125 128 132 133 135 138 142 143 145 148 152 153 155 158 162 163
a 1 3 5 9 11 14 17 18 20 23 25 29 31 34 37 38 40 44 47 48 52 53 55 58 62 63 65 68 72 73 75 78 82 83 85 88 92 93 95 98 102 103 105 108 112 113 115 118 122 123 125 128 132 133 135 138 142 143 145 148 152 153 155 158 162 163
a 1 3 5 9 11 14 17 18 20 23 25 29 31 34 37 38 40 43 47 48 52 53 55 58 62 63 65 68 72 73 75 78 82 83 85 88 92 93 95 98 102 103 105 108 112 113 115 118 122 123 125 128 132 133 135 138 142 143 145 148 152 153 155 158 162 163
a 1 3 5 9 11 14 17 18 20 23 25 29 31 34 37 38 40 43 45 48 52 53 55 58 62 63 65 68 72 73 75 78 82 83 85 88 92 93 95 98 102 103 105 108 112 113 115 118 122 123 125 128 132 133 135 138 142 143 145 148 152 153 155 158 162 163
a 1 3 5 9 11 14 17 18 20 23 25 29 31 34 37 38 42 43 45 48 52 53 55 58 62 63 65 68 72 73 75 78 82 83 85 88 92 93 95 98 102 103 105 108 112 113 115 118 122 123 125 128 132 133 135 138 142 143 145 148 152 153 155 158 162 163
a 1 3 5 9 11 14 17 18 20 23 25 28 31 34 37 38 42 43 45 48 52 53 55 58 62 63 65 68 72 73 75 78 82 83 85 88 92 93 95 98 102 103 105 108 112 113 115 118 122 123 125 128 132 133 135 138 142 143 145 148 152 153 155 158 162 163
a 1 3 5 9 11 14 17 18 20 23 27 28 31 34 37 38 42 43 45 48 52 53 55 58 62 63 65 68 72 73 75 78 82 83 85 88 92 93 95 98 102 103 105 108 112 113 115 118 122 123 125 128 132 133 135 138 142 143 145 148 152 153 155 158 162 163
a 1 3 5 9 11 14 17 18 20 24 27 28 31 34 37 38 42 43 45 48 52 53 55 58 62 63 65 68 72 73 75 78 82 83 85 88 92 93 95 98 102 103 105 108 112 113 115 118 122 123 125 128 132 133 135 138 142 143 145 148 152 153 155 158 162 163
a 1 3 5 9 11 14 17 18 21 24 27 28 31 34 37 38 42 43 45 48 52 53 55 58 62 63 65 68 72 73 75 78 82 83 85 88 92 93 95 98 102 103 105 108 112 113 115 118 122 123 125 128 132 133 135 138 142 143 145 148 152 153 155 158 162 163
a 1 3 5 8 11 14 17 18 21 24 27 28 31 34 37 38 42 43 45 48 52 53 55 58 62 63 65 68 72 73 75 78 82 83 85 88 92 93 95 98 102 103 105 108 112 113 115 118 122 123 125 128 132 133 135 138 142 143 145 148 152 153 155 158 162 163
a 1 3 7 8 11 14 17 18 21 24 27 28 31 34 37 38 42 43 45 48 52 53 55 58 62 63 65 68 72 73 75 78 82 83 85 88 92 93 95 98 102 103 105 108 112 113 115 118 122 123 125 128 132 133 135 138 142 143 145 148 152 153 155 158 162 163
a 1 4 7 8 11 14 17 18 21 24 27 28 31 34 37 38 42 43 45 48 52 53 55 58 62 63 65 68 72 73 75 78 82 83 85 88 92 93 95 98 102 103 105 108 112 113 115 118 122 123 125 128 132 133 135 138 142 143 145 148 152 153 155 158 162 163
a 2 4 7 8 11 14 17 18 21 24 27 28 31 34 37 38 42 43 45 48 52 53 55 58 62 63 65 68 72 73 75 78 82 83 85 88 92 93 95 98 102 103 105 108 112 113 115 118 122 123 125 128 132 133 135 138 142 143 145 148 152 153 155 158 162 163
a 2 4 7 8 10 14 17 18 21 24 27 28 31 34 37 38 42 43 45 48 52 53 55 58 62 63 65 68 72 73 75 78 82 83 85 88 92 93 95 98 102 103 105 108 112 113 115 118 122 123 125 128 132 133 135 138 142 143 145 148 152 153 155 158 162 163
a 2 4 7 8 10 13 17 18 21 24 27 28 31 34 37 38 42 43 45 48 52 53 55 58 62 63 65 68 72 73 75 78 82 83 85 88 92 93 95 98 102 103 105 108 112 113 115 118 122 123 125 128 132 133 135 138 142 143 145 148 152 153 155 158 162 163
a 2 4 7 8 10 13 15 18 21 24 27 28 31 34 37 38 42 43 45 48 52 53 55 58 62 63 65 68 72 73 75 78 82 83 85 88 92 93 95 98 102 103 105 108 112 113 115 118 122 123 125 128 132 133 135 138 142 143 145 148 152 153 155 158 162 163
a 2 4 7 8 10 13 15 19 21 24 27 28 31 34 37 38 42 43 45 48 52 53 55 58 62 63 65 68 72 73 75 78 82 83 85 88 92 93 95 98 102 103 105 108 112 113 115 118 122 123 125 128 132 133 135 138 142 143 145 148 152 153 155 158 162 163
a 2 4 7 8 10 13 15 19 21 24 27 28 30 34 37 38 42 43 45 48 52 53 55 58 62 63 65 68 72 73 75 78 82 83 85 88 92 93 95 98 102 103 105 108 112 113 115 118 122 123 125 128 132 133 135 138 142 143 145 148 152 153 155 158 162 163
a 2 4 7 8 10 13 15 19 21 24 27 28 30 33 37 38 42 43 45 48 52 53 55 58 62 63 65 68 72 73 75 78 82 83 85 88 92 93 95 98 102 103 105 108 112 113 115 118 122 123 125 128 132 133 135 138 142 143 145 148 152 153 155 158 162 163
a 2 4 7 8 10 13 15 19 21 24 27 28 30 33 35 38 42 43 45 48 52 53 55 58 62 63 65 68 72 73 75 78 82 83 85 88 92 93 95 98 102 103 105 108 112 113 115 118 122 123 125 128 132 133 135 138 142 143 145 148 152 153 155 158 162 163
a 2 4 7 8 10 13 15 19 21 24 27 28 32 33 35 38 42 43 45 48 52 53 55 58 62 63 65 68 72 73 75 78 82 83 85 88 92 93 95 98 102 103 105 108 112 113 115 118 122 123 125 128 132 133 135 138 142 143 145 148 152 153 155 158 162 163
a 2 4 7 8 10 13 15 18 21 24 27 28 32 33 35 38 42 43 45 48 52 53 55 58 62 63 65 68 72 73 75 78 82 83 85 88 92 93 95 98 102 103 105 108 112 113 115 118 122 123 125 128 132 133 135 138 142 143 145 148 152 153 155 158 162 163
a 2 4 7 8 10 13 17 18 21 24 27 28 32 33 35 38 42 43 45 48 52 53 55 58 62 63 65 68 72 73 75 78 82 83 85 88 92 93 95 98 102 103 105 108 112 113 115 118 122 123 125 128 132 133 135 138 142 143 145 148 152 153 155 158 162 163
a 2 4 7 8 10 14 17 18 21 24 27 28 32 33 35 38 42 43 45 48 52 53 55 58 62 63 65 68 72 73 75 78 82 83 85 88 92 93 95 98 102 103 105 108 112 113 115 118 122 123 125 128 132 133 135 138 142 143 145 148 152 153 155 158 162 163
a 2 4 7 8 11 14 17 18 21 24 27 28 32 33 35 38 42 43 45 48 52 53 55 58 62 63 65 68 72 73 75 78 82 83 85 88 92 93 95 98 102 103 105 108 112 113 115 118 122 123 125 128 132 133 135 138 142 143 145 148 152 153 155 158 162 163
a 1 4 7 8 11 14 17 18 21 24 27 28 32 33 35 38 42 43 45 48 52 53 55 58 62 63 65 68 72 73 75 78 82 83 85 88 92 93 95 98 102 103 105 108 112 113 115 118 122 123 125 128 132 133 135 138 142 143 145 148 152 153 155 158 162 163
a 1 3 7 8 11 14 17 18 21 24 27 28 32 33 35 38 42 43 45 48 52 53 55 58 62 63 65 68 72 73 75 78 82 83 85 88 92 93 95 98 102 103 105 108 112 113 115 118 122 123 125 128 132 133 135 138 142 143 145 148 152 153 155 158 162 163
a 1 3 5 8 11 14 17 18 21 24 27 28 32 33 35 38 42 43 45 48 52 53 55 58 62 63 65 68 72 73 75 78 82 83 85 88 92 93 95 98 102 103 105 108 112 113 115 118 122 123 125 128 132 133 135 138 142 143 145 148 152 153 155 158 162 163
a 1 3 5 9 11 14 17 18 21 24 27 28 32 33 35 38 42 43 45 48 52 53 55 58 62 63 65 68 72 73 75 78 82 83 85 88 92 93 95 98 102 103 105 108 112 113 115 118 122 123 125 128 132 133 135 138 142 143 145 148 152 153 155 158 162 163
a 1 3 5 9 11 14 17 18 20 24 27 28 32 33 35 38 42 43 45 48 52 53 55 58 62 63 65 68 72 73 75 78 82 83 85 88 92 93 95 98 102 103 105 108 112 113 115 118 122 123 125 128 132 133 135 138 142 143 145 148 152 153 155 158 162 163
a 1 3 5 9 11 14 17 18 20 23 27 28 32 33 35 38 42 43 45 48 52 53 55 58 62 63 65 68 72 73 75 78 82 83 85 88 92 93 95 98 102 103 105 108 112 113 115 118 122 123 125 128 132 133 135 138 142 143 145 148 152 153 155 158 162 163
a 1 3 5 9 11 14 17 18 20 23 25 28 32 33 35 38 42 43 45 48 52 53 55 58 62 63 65 68 72 73 75 78 82 83 85 88 92 93 95 98 102 103 105 108 112 113 115 118 122 123 125 128 132 133 135 138 142 143 145 148 152 153 155 158 162 163
a 1 3 5 9 11 14 17 18 22 23 25 28 32 33 35 38 42 43 45 48 52 53 55 58 62 63 65 68 72 73 75 78 82 83 85 88 92 93 95 98 102 103 105 108 112 113 115 118 122 123 125 128 132 133 135 138 142 143 145 148 152 153 155 158 162 163
a 1 3 5 8 11 14 17 18 22 23 25 28 32 33 35 38 42 43 45 48 52 53 55 58 62 63 65 68 72 73 75 78 82 83 85 88 92 93 95 98 102 103 105 108 112 113 115 118 122 123 125 128 132 133 135 138 142 143 145 148 152 153 155 158 162 163
a 1 3 7 8 11 14 17 18 22 23 25 28 32 33 35 38 42 43 45 48 52 53 55 58 62 63 65 68 72 73 75 78 82 83 85 88 92 93 95 98 102 103 105 108 112 113 115 118 122 123 125 128 132 133 135 138 142 143 145 148 152 153 155 158 162 163
a 1 4 7 8 11 14 17 18 22 23 25 28 32 33 35 38 42 43 45 48 52 53 55 58 62 63 65 68 72 73 75 78 82 83 85 88 92 93 95 98 102 103 105 108 112 113 115 118 122 123 125 128 132 133 135 138 142 143 145 148 152 153 155 158 162 163
a 2 4 7 8 11 14 17 18 22 23 25 28 32 33 35 38 42 43 45 48 52 53 55 58 62 63 65 68 72 73 75 78 82 83 85 88 92 93 95 98 102 103 105 108 112 113 115 118 122 123 125 128 132 133 135 138 142 143 145 148 152 153 155 158 162 163
a 2 4 7 8 10 14 17 18 22 23 25 28 32 33 35 38 42 43 45 48 52 53 55 58 62 63 65 68 72 73 75 78 82 83 85 88 92 93 95 98 102 103 105 108 112 113 115 118 122 123 125 128 132 133 135 138 142 143 145 148 152 153 155 158 162 163
a 2 4 7 8 10 13 17 18 22 23 25 28 32 33 35 38 42 43 45 48 52 53 55 58 62 63 65 68 72 73 75 78 82 83 85 88 92 93 95 98 102 103 105 108 112 113 115 118 122 123 125 128 132 133 135 138 142 143 145 148 152 153 155 158 162 163
a 2 4 7 8 10 13 15 18 22 23 25 28 32 33 35 38 42 43 45 48 52 53 55 58 62 63 65 68 72 73 75 78 82 83 85 88 92 93 95 98 102 103 105 108 112 113 115 118 122 123 125 128 132 133 135 138 142 143 145 148 152 153 155 158 162 163
a 2 4 7 8 12 13 15 18 22 23 25 28 32 33 35 38 42 43 45 48 52 53 55 58 62 63 65 68 72 73 75 78 82 83 85 88 92 93 95 98 102 103 105 108 112 113 115 118 122 123 125 128 132 133 135 138 142 143 145 148 152 153 155 158 162 163
a 1 4 7 8 12 13 15 18 22 23 25 28 32 33 35 38 42 43 45 48 52 53 55 58 62 63 65 68 72 73 75 78 82 83 85 88 92 93 95 98 102 103 105 108 112 113 115 118 122 123 125 128 132 133 135 138 142 143 145 148 152 153 155 158 162 163
a 1 3 7 8 12 13 15 18 22 23 25 28 32 33 35 38 42 43 45 48 52 53 55 58 62 63 65 68 72 73 75 78 82 83 85 88 92 93 95 98 102 103 105 108 112 113 115 118 122 123 125 128 132 133 135 138 142 143 145 148 152 153 155 158 162 163
a 1 3 5 8 12 13 15 18 22 23 25 28 32 33 35 38 42 43 45 48 52 53 55 58 62 63 65 68 72 73 75 78 82 83 85 88 92 93 95 98 102 103 105 108 112 113 115 118 122 123 125 128 132 133 135 138 142 143 145 148 152 153 155 158 162 163
Reconfiguration time = 17.985250
	Command being timed: "timeout 20m ../ddreconf/ddreconf ../instances_pwwt_col/hc-square-016-002.pwwt.col --stfile=../benchmark_instances/2023result/docs/solver/benchmark/2022benchmark/benchmark/square/hc-square-016-002_01.dat --tj --indset --longest"
	User time (seconds): 17.83
	System time (seconds): 0.15
	Percent of CPU this job got: 99%
	Elapsed (wall clock) time (h:mm:ss or m:ss): 0:18.03
	Average shared text size (kbytes): 0
	Average unshared data size (kbytes): 0
	Average stack size (kbytes): 0
	Average total size (kbytes): 0
	Maximum resident set size (kbytes): 153804
	Average resident set size (kbytes): 0
	Major (requiring I/O) page faults: 0
	Minor (reclaiming a frame) page faults: 44243
	Voluntary context switches: 9
	Involuntary context switches: 91
	Swaps: 0
	File system inputs: 8
	File system outputs: 648
	Socket messages sent: 0
	Socket messages received: 0
	Signals delivered: 0
	Page size (bytes): 4096
	Exit status: 0
