Input graph file parsed. # of vertices = 134, # of edges = 198
s 2 4 6 9 11 14 16 19 21 24 26 29 31 34 36 39 41 44 46 49 51 54 56 59 61 64 66 69 71 74 76 79 81 84 86 89 91 94 96 99 101 104 106 109 111 114 116 119 121 124 126 129 131 134
Solution space ZDD construction start
Solution space ZDD construction end
Solution space ZDD construction time = 0.018571
Solution space ZDD size = 338
# of elements in the solution space = 16062586565311667817634198
Start searching the longest reconfiguration sequence
Step 1 time = 0.000399, # ZDD nodes = 119, # elems = 14
Step 2 time = 0.000406, # ZDD nodes = 178, # elems = 91
Step 3 time = 0.000469, # ZDD nodes = 231, # elems = 365
Step 4 time = 0.000382, # ZDD nodes = 278, # elems = 1014
Step 5 time = 0.000248, # ZDD nodes = 320, # elems = 2080
Step 6 time = 0.000284, # ZDD nodes = 357, # elems = 3290
Step 7 time = 0.000289, # ZDD nodes = 388, # elems = 4159
Step 8 time = 0.000281, # ZDD nodes = 413, # elems = 4357
Step 9 time = 0.000294, # ZDD nodes = 432, # elems = 3950
Step 10 time = 0.000280, # ZDD nodes = 448, # elems = 3280
Step 11 time = 0.000265, # ZDD nodes = 465, # elems = 2688
Step 12 time = 0.000295, # ZDD nodes = 478, # elems = 2371
Step 13 time = 0.000347, # ZDD nodes = 487, # elems = 2416
Step 14 time = 0.000480, # ZDD nodes = 487, # elems = 2864
Step 15 time = 0.000304, # ZDD nodes = 483, # elems = 3678
Step 16 time = 0.000306, # ZDD nodes = 474, # elems = 4654
Step 17 time = 0.000313, # ZDD nodes = 474, # elems = 5425
Step 18 time = 0.000292, # ZDD nodes = 475, # elems = 5622
Step 19 time = 0.000250, # ZDD nodes = 478, # elems = 5096
Step 20 time = 0.000287, # ZDD nodes = 482, # elems = 4039
Step 21 time = 0.000267, # ZDD nodes = 488, # elems = 2899
Step 22 time = 0.000327, # ZDD nodes = 492, # elems = 2141
Step 23 time = 0.000327, # ZDD nodes = 493, # elems = 2043
Step 24 time = 0.000396, # ZDD nodes = 490, # elems = 2660
Step 25 time = 0.000354, # ZDD nodes = 489, # elems = 3889
Step 26 time = 0.000328, # ZDD nodes = 490, # elems = 5495
Step 27 time = 0.000368, # ZDD nodes = 498, # elems = 7107
Step 28 time = 0.000400, # ZDD nodes = 512, # elems = 8300
Step 29 time = 0.000368, # ZDD nodes = 527, # elems = 8767
Step 30 time = 0.000341, # ZDD nodes = 542, # elems = 8468
Step 31 time = 0.000366, # ZDD nodes = 557, # elems = 7667
Step 32 time = 0.000350, # ZDD nodes = 562, # elems = 6810
Step 33 time = 0.000341, # ZDD nodes = 565, # elems = 6270
Step 34 time = 0.000357, # ZDD nodes = 561, # elems = 6130
Step 35 time = 0.000397, # ZDD nodes = 553, # elems = 6182
Step 36 time = 0.000354, # ZDD nodes = 542, # elems = 6132
Step 37 time = 0.000397, # ZDD nodes = 538, # elems = 5853
Step 38 time = 0.002306, # ZDD nodes = 541, # elems = 5517
Step 39 time = 0.000465, # ZDD nodes = 544, # elems = 5514
Step 40 time = 0.000468, # ZDD nodes = 554, # elems = 6210
Step 41 time = 0.000439, # ZDD nodes = 567, # elems = 7705
Step 42 time = 0.000482, # ZDD nodes = 580, # elems = 9736
Step 43 time = 0.000492, # ZDD nodes = 592, # elems = 11777
Step 44 time = 0.000429, # ZDD nodes = 602, # elems = 13271
Step 45 time = 0.000541, # ZDD nodes = 616, # elems = 13862
Step 46 time = 0.000483, # ZDD nodes = 623, # elems = 13539
Step 47 time = 0.000460, # ZDD nodes = 633, # elems = 12643
Step 48 time = 0.000461, # ZDD nodes = 641, # elems = 11695
Step 49 time = 0.000397, # ZDD nodes = 643, # elems = 11129
Step 50 time = 0.000446, # ZDD nodes = 636, # elems = 11121
Step 51 time = 0.000453, # ZDD nodes = 627, # elems = 11572
Step 52 time = 0.000365, # ZDD nodes = 621, # elems = 12170
Step 53 time = 0.000513, # ZDD nodes = 617, # elems = 12520
Step 54 time = 0.000534, # ZDD nodes = 617, # elems = 12341
Step 55 time = 0.000590, # ZDD nodes = 621, # elems = 11627
Step 56 time = 0.000610, # ZDD nodes = 644, # elems = 10690
Step 57 time = 0.000677, # ZDD nodes = 668, # elems = 10087
Step 58 time = 0.000665, # ZDD nodes = 690, # elems = 10426
Step 59 time = 0.000597, # ZDD nodes = 708, # elems = 12082
Step 60 time = 0.000634, # ZDD nodes = 721, # elems = 14965
Step 61 time = 0.000670, # ZDD nodes = 729, # elems = 18479
Step 62 time = 0.000517, # ZDD nodes = 742, # elems = 21707
Step 63 time = 0.000544, # ZDD nodes = 762, # elems = 23770
Step 64 time = 0.000601, # ZDD nodes = 773, # elems = 24207
Step 65 time = 0.000569, # ZDD nodes = 783, # elems = 23170
Step 66 time = 0.000613, # ZDD nodes = 790, # elems = 21337
Step 67 time = 0.000564, # ZDD nodes = 787, # elems = 19596
Step 68 time = 0.000611, # ZDD nodes = 778, # elems = 18641
Step 69 time = 0.000477, # ZDD nodes = 767, # elems = 18689
Step 70 time = 0.000577, # ZDD nodes = 755, # elems = 19475
Step 71 time = 0.000517, # ZDD nodes = 753, # elems = 20480
Step 72 time = 0.000526, # ZDD nodes = 753, # elems = 21238
Step 73 time = 0.000636, # ZDD nodes = 757, # elems = 21589
Step 74 time = 0.000566, # ZDD nodes = 761, # elems = 21727
Step 75 time = 0.000488, # ZDD nodes = 768, # elems = 21974
Step 76 time = 0.000685, # ZDD nodes = 773, # elems = 22481
Step 77 time = 0.000573, # ZDD nodes = 777, # elems = 23131
Step 78 time = 0.000525, # ZDD nodes = 781, # elems = 23668
Step 79 time = 0.000577, # ZDD nodes = 794, # elems = 23914
Step 80 time = 0.000531, # ZDD nodes = 808, # elems = 23965
Step 81 time = 0.000551, # ZDD nodes = 824, # elems = 24239
Step 82 time = 0.000640, # ZDD nodes = 848, # elems = 25295
Step 83 time = 0.000585, # ZDD nodes = 877, # elems = 27544
Step 84 time = 0.000761, # ZDD nodes = 904, # elems = 31022
Step 85 time = 0.000660, # ZDD nodes = 931, # elems = 35266
Step 86 time = 0.000615, # ZDD nodes = 952, # elems = 39345
Step 87 time = 0.000810, # ZDD nodes = 971, # elems = 42156
Step 88 time = 0.000747, # ZDD nodes = 987, # elems = 42922
Step 89 time = 0.000716, # ZDD nodes = 997, # elems = 41611
Step 90 time = 0.000763, # ZDD nodes = 1006, # elems = 39016
Step 91 time = 0.000724, # ZDD nodes = 1017, # elems = 36420
Step 92 time = 0.000692, # ZDD nodes = 1031, # elems = 34986
Step 93 time = 0.000685, # ZDD nodes = 1037, # elems = 35208
Step 94 time = 0.000852, # ZDD nodes = 1033, # elems = 36751
Step 95 time = 0.000777, # ZDD nodes = 1024, # elems = 38733
Step 96 time = 0.000648, # ZDD nodes = 1008, # elems = 40241
Step 97 time = 0.000738, # ZDD nodes = 993, # elems = 40802
Step 98 time = 0.000590, # ZDD nodes = 983, # elems = 40564
Step 99 time = 0.000735, # ZDD nodes = 970, # elems = 40111
Step 100 time = 0.000576, # ZDD nodes = 962, # elems = 40103
Step 101 time = 0.000530, # ZDD nodes = 958, # elems = 40977
Step 102 time = 0.000619, # ZDD nodes = 956, # elems = 42765
Step 103 time = 0.000565, # ZDD nodes = 957, # elems = 45046
Step 104 time = 0.000705, # ZDD nodes = 961, # elems = 47108
Step 105 time = 0.000584, # ZDD nodes = 970, # elems = 48285
Step 106 time = 0.000607, # ZDD nodes = 997, # elems = 48313
Step 107 time = 0.000730, # ZDD nodes = 1031, # elems = 47571
Step 108 time = 0.000709, # ZDD nodes = 1065, # elems = 47059
Step 109 time = 0.000737, # ZDD nodes = 1102, # elems = 47992
Step 110 time = 0.001001, # ZDD nodes = 1140, # elems = 51179
Step 111 time = 0.001071, # ZDD nodes = 1179, # elems = 56589
Step 112 time = 0.000733, # ZDD nodes = 1213, # elems = 63316
Step 113 time = 0.000744, # ZDD nodes = 1245, # elems = 69881
Step 114 time = 0.000775, # ZDD nodes = 1270, # elems = 74785
Step 115 time = 0.000844, # ZDD nodes = 1285, # elems = 77153
Step 116 time = 0.000759, # ZDD nodes = 1295, # elems = 77105
Step 117 time = 0.000753, # ZDD nodes = 1306, # elems = 75599
Step 118 time = 0.000886, # ZDD nodes = 1314, # elems = 73882
Step 119 time = 0.000721, # ZDD nodes = 1313, # elems = 72875
Step 120 time = 0.000694, # ZDD nodes = 1302, # elems = 72789
Step 121 time = 0.000719, # ZDD nodes = 1295, # elems = 73186
Step 122 time = 0.000709, # ZDD nodes = 1287, # elems = 73431
Step 123 time = 0.000896, # ZDD nodes = 1279, # elems = 73173
Step 124 time = 0.000877, # ZDD nodes = 1273, # elems = 72549
Step 125 time = 0.000754, # ZDD nodes = 1268, # elems = 72095
Step 126 time = 0.000705, # ZDD nodes = 1263, # elems = 72470
Step 127 time = 0.000775, # ZDD nodes = 1259, # elems = 74106
Step 128 time = 0.001007, # ZDD nodes = 1257, # elems = 76959
Step 129 time = 0.001017, # ZDD nodes = 1262, # elems = 80510
Step 130 time = 0.001028, # ZDD nodes = 1274, # elems = 84001
Step 131 time = 0.001077, # ZDD nodes = 1284, # elems = 86784
Step 132 time = 0.000851, # ZDD nodes = 1294, # elems = 88633
Step 133 time = 0.001064, # ZDD nodes = 1310, # elems = 89829
Step 134 time = 0.000765, # ZDD nodes = 1333, # elems = 90911
Step 135 time = 0.000881, # ZDD nodes = 1356, # elems = 92254
Step 136 time = 0.000997, # ZDD nodes = 1383, # elems = 93793
Step 137 time = 0.000848, # ZDD nodes = 1418, # elems = 95093
Step 138 time = 0.001231, # ZDD nodes = 1451, # elems = 95762
Step 139 time = 0.001317, # ZDD nodes = 1479, # elems = 95990
Step 140 time = 0.001054, # ZDD nodes = 1507, # elems = 96784
Step 141 time = 0.001271, # ZDD nodes = 1535, # elems = 99593
Step 142 time = 0.000901, # ZDD nodes = 1552, # elems = 105526
Step 143 time = 0.000917, # ZDD nodes = 1569, # elems = 114653
Step 144 time = 0.000967, # ZDD nodes = 1590, # elems = 125716
Step 145 time = 0.000917, # ZDD nodes = 1602, # elems = 136402
Step 146 time = 0.000868, # ZDD nodes = 1609, # elems = 144193
Step 147 time = 0.001085, # ZDD nodes = 1626, # elems = 147452
Step 148 time = 0.001046, # ZDD nodes = 1644, # elems = 146155
Step 149 time = 0.001144, # ZDD nodes = 1660, # elems = 141905
Step 150 time = 0.001027, # ZDD nodes = 1669, # elems = 137246
Step 151 time = 0.001024, # ZDD nodes = 1671, # elems = 134542
Step 152 time = 0.001062, # ZDD nodes = 1670, # elems = 134932
Step 153 time = 0.001037, # ZDD nodes = 1667, # elems = 137958
Step 154 time = 0.001117, # ZDD nodes = 1659, # elems = 142046
Step 155 time = 0.001318, # ZDD nodes = 1650, # elems = 145444
Step 156 time = 0.001185, # ZDD nodes = 1645, # elems = 147091
Step 157 time = 0.000897, # ZDD nodes = 1643, # elems = 147082
Step 158 time = 0.001180, # ZDD nodes = 1648, # elems = 146533
Step 159 time = 0.001001, # ZDD nodes = 1660, # elems = 146896
Step 160 time = 0.001118, # ZDD nodes = 1672, # elems = 149166
Step 161 time = 0.001192, # ZDD nodes = 1682, # elems = 153456
Step 162 time = 0.001085, # ZDD nodes = 1690, # elems = 159037
Step 163 time = 0.001203, # ZDD nodes = 1699, # elems = 164716
Step 164 time = 0.000964, # ZDD nodes = 1712, # elems = 169420
Step 165 time = 0.000936, # ZDD nodes = 1724, # elems = 172724
Step 166 time = 0.001152, # ZDD nodes = 1736, # elems = 174998
Step 167 time = 0.001149, # ZDD nodes = 1747, # elems = 177105
Step 168 time = 0.001068, # ZDD nodes = 1763, # elems = 179843
Step 169 time = 0.001082, # ZDD nodes = 1775, # elems = 183401
Step 170 time = 0.000931, # ZDD nodes = 1787, # elems = 187154
Step 171 time = 0.000949, # ZDD nodes = 1803, # elems = 190024
Step 172 time = 0.000973, # ZDD nodes = 1828, # elems = 191237
Step 173 time = 0.001154, # ZDD nodes = 1853, # elems = 190997
Step 174 time = 0.001072, # ZDD nodes = 1879, # elems = 190690
Step 175 time = 0.001253, # ZDD nodes = 1914, # elems = 192485
Step 176 time = 0.001104, # ZDD nodes = 1955, # elems = 198425
Step 177 time = 0.001269, # ZDD nodes = 2001, # elems = 209386
Step 178 time = 0.001129, # ZDD nodes = 2045, # elems = 224464
Step 179 time = 0.001133, # ZDD nodes = 2083, # elems = 241139
Step 180 time = 0.001151, # ZDD nodes = 2114, # elems = 256140
Step 181 time = 0.001163, # ZDD nodes = 2143, # elems = 266666
Step 182 time = 0.001169, # ZDD nodes = 2169, # elems = 271489
Step 183 time = 0.001209, # ZDD nodes = 2190, # elems = 271410
Step 184 time = 0.001272, # ZDD nodes = 2205, # elems = 268789
Step 185 time = 0.001365, # ZDD nodes = 2218, # elems = 266402
Step 186 time = 0.001293, # ZDD nodes = 2226, # elems = 266215
Step 187 time = 0.001543, # ZDD nodes = 2228, # elems = 268629
Step 188 time = 0.001670, # ZDD nodes = 2220, # elems = 272566
Step 189 time = 0.001315, # ZDD nodes = 2208, # elems = 276384
Step 190 time = 0.001895, # ZDD nodes = 2200, # elems = 279016
Step 191 time = 0.001598, # ZDD nodes = 2193, # elems = 280549
Step 192 time = 0.001846, # ZDD nodes = 2187, # elems = 282007
Step 193 time = 0.001412, # ZDD nodes = 2178, # elems = 284660
Step 194 time = 0.001238, # ZDD nodes = 2169, # elems = 289267
Step 195 time = 0.001597, # ZDD nodes = 2166, # elems = 295635
Step 196 time = 0.001230, # ZDD nodes = 2161, # elems = 302788
Step 197 time = 0.001405, # ZDD nodes = 2165, # elems = 309604
Step 198 time = 0.001410, # ZDD nodes = 2173, # elems = 315406
Step 199 time = 0.001258, # ZDD nodes = 2179, # elems = 320188
Step 200 time = 0.001275, # ZDD nodes = 2184, # elems = 324510
Step 201 time = 0.001420, # ZDD nodes = 2192, # elems = 329145
Step 202 time = 0.001273, # ZDD nodes = 2202, # elems = 334594
Step 203 time = 0.001290, # ZDD nodes = 2219, # elems = 340767
Step 204 time = 0.001597, # ZDD nodes = 2238, # elems = 347067
Step 205 time = 0.001595, # ZDD nodes = 2254, # elems = 352783
Step 206 time = 0.001604, # ZDD nodes = 2275, # elems = 357552
Step 207 time = 0.001319, # ZDD nodes = 2298, # elems = 361698
Step 208 time = 0.002134, # ZDD nodes = 2329, # elems = 366207
Step 209 time = 0.001547, # ZDD nodes = 2367, # elems = 372176
Step 210 time = 0.002322, # ZDD nodes = 2408, # elems = 380025
Step 211 time = 0.001756, # ZDD nodes = 2462, # elems = 389081
Step 212 time = 0.001506, # ZDD nodes = 2524, # elems = 397876
Step 213 time = 0.001553, # ZDD nodes = 2588, # elems = 405029
Step 214 time = 0.001571, # ZDD nodes = 2641, # elems = 410301
Step 215 time = 0.001638, # ZDD nodes = 2687, # elems = 415200
Step 216 time = 0.001787, # ZDD nodes = 2725, # elems = 422536
Step 217 time = 0.001650, # ZDD nodes = 2752, # elems = 434965
Step 218 time = 0.002009, # ZDD nodes = 2774, # elems = 453346
Step 219 time = 0.001651, # ZDD nodes = 2794, # elems = 475869
Step 220 time = 0.001649, # ZDD nodes = 2812, # elems = 498476
Step 221 time = 0.001718, # ZDD nodes = 2821, # elems = 516509
Step 222 time = 0.002081, # ZDD nodes = 2821, # elems = 526840
Step 223 time = 0.001806, # ZDD nodes = 2819, # elems = 529317
Step 224 time = 0.001940, # ZDD nodes = 2813, # elems = 526734
Step 225 time = 0.001615, # ZDD nodes = 2801, # elems = 523418
Step 226 time = 0.001775, # ZDD nodes = 2790, # elems = 523193
Step 227 time = 0.001822, # ZDD nodes = 2782, # elems = 527724
Step 228 time = 0.001741, # ZDD nodes = 2772, # elems = 536082
Step 229 time = 0.001584, # ZDD nodes = 2765, # elems = 545686
Step 230 time = 0.001896, # ZDD nodes = 2768, # elems = 553936
Step 231 time = 0.002083, # ZDD nodes = 2772, # elems = 559591
Step 232 time = 0.001966, # ZDD nodes = 2776, # elems = 563322
Step 233 time = 0.002117, # ZDD nodes = 2780, # elems = 567301
Step 234 time = 0.001589, # ZDD nodes = 2784, # elems = 574004
Step 235 time = 0.001882, # ZDD nodes = 2788, # elems = 584796
Step 236 time = 0.001918, # ZDD nodes = 2792, # elems = 599079
Step 237 time = 0.001597, # ZDD nodes = 2802, # elems = 614474
Step 238 time = 0.001944, # ZDD nodes = 2820, # elems = 627942
Step 239 time = 0.001599, # ZDD nodes = 2841, # elems = 637336
Step 240 time = 0.001685, # ZDD nodes = 2864, # elems = 642609
Step 241 time = 0.001659, # ZDD nodes = 2885, # elems = 645899
Step 242 time = 0.001686, # ZDD nodes = 2907, # elems = 650333
Step 243 time = 0.002054, # ZDD nodes = 2932, # elems = 658314
Step 244 time = 0.001706, # ZDD nodes = 2963, # elems = 670349
Step 245 time = 0.001712, # ZDD nodes = 2990, # elems = 684976
Step 246 time = 0.001728, # ZDD nodes = 3017, # elems = 699732
Step 247 time = 0.001741, # ZDD nodes = 3040, # elems = 712641
Step 248 time = 0.001776, # ZDD nodes = 3058, # elems = 723335
Step 249 time = 0.001751, # ZDD nodes = 3067, # elems = 733092
Step 250 time = 0.001809, # ZDD nodes = 3081, # elems = 743889
Step 251 time = 0.002038, # ZDD nodes = 3098, # elems = 757142
Step 252 time = 0.001735, # ZDD nodes = 3120, # elems = 772722
Step 253 time = 0.001740, # ZDD nodes = 3155, # elems = 788705
Step 254 time = 0.001764, # ZDD nodes = 3203, # elems = 802219
Step 255 time = 0.001987, # ZDD nodes = 3256, # elems = 811154
Step 256 time = 0.002223, # ZDD nodes = 3306, # elems = 815762
Step 257 time = 0.002467, # ZDD nodes = 3360, # elems = 819161
Step 258 time = 0.001923, # ZDD nodes = 3406, # elems = 826380
Step 259 time = 0.002995, # ZDD nodes = 3444, # elems = 842242
Step 260 time = 0.002240, # ZDD nodes = 3475, # elems = 868977
Step 261 time = 0.001950, # ZDD nodes = 3499, # elems = 904819
Step 262 time = 0.002035, # ZDD nodes = 3520, # elems = 944432
Step 263 time = 0.002006, # ZDD nodes = 3535, # elems = 980945
Step 264 time = 0.001953, # ZDD nodes = 3538, # elems = 1008590
Step 265 time = 0.002140, # ZDD nodes = 3548, # elems = 1024841
Step 266 time = 0.002334, # ZDD nodes = 3567, # elems = 1031195
Step 267 time = 0.001994, # ZDD nodes = 3587, # elems = 1032214
Step 268 time = 0.002353, # ZDD nodes = 3601, # elems = 1033294
Step 269 time = 0.002605, # ZDD nodes = 3613, # elems = 1038339
Step 270 time = 0.001985, # ZDD nodes = 3624, # elems = 1048452
Step 271 time = 0.002042, # ZDD nodes = 3636, # elems = 1062108
Step 272 time = 0.002002, # ZDD nodes = 3648, # elems = 1076587
Step 273 time = 0.002429, # ZDD nodes = 3659, # elems = 1089842
Step 274 time = 0.002051, # ZDD nodes = 3671, # elems = 1101664
Step 275 time = 0.002113, # ZDD nodes = 3684, # elems = 1113488
Step 276 time = 0.002104, # ZDD nodes = 3699, # elems = 1127196
Step 277 time = 0.002121, # ZDD nodes = 3716, # elems = 1143826
Step 278 time = 0.002115, # ZDD nodes = 3729, # elems = 1162911
Step 279 time = 0.002197, # ZDD nodes = 3737, # elems = 1182776
Step 280 time = 0.002412, # ZDD nodes = 3738, # elems = 1201627
Step 281 time = 0.002465, # ZDD nodes = 3735, # elems = 1218688
Step 282 time = 0.002076, # ZDD nodes = 3730, # elems = 1234587
Step 283 time = 0.002089, # ZDD nodes = 3726, # elems = 1250833
Step 284 time = 0.002524, # ZDD nodes = 3726, # elems = 1268795
Step 285 time = 0.002426, # ZDD nodes = 3735, # elems = 1288733
Step 286 time = 0.002484, # ZDD nodes = 3747, # elems = 1309449
Step 287 time = 0.002329, # ZDD nodes = 3756, # elems = 1328906
Step 288 time = 0.002131, # ZDD nodes = 3770, # elems = 1345504
Step 289 time = 0.002478, # ZDD nodes = 3787, # elems = 1359197
Step 290 time = 0.002431, # ZDD nodes = 3804, # elems = 1371808
Step 291 time = 0.002396, # ZDD nodes = 3820, # elems = 1386372
Step 292 time = 0.002091, # ZDD nodes = 3844, # elems = 1405725
Step 293 time = 0.002248, # ZDD nodes = 3873, # elems = 1430987
Step 294 time = 0.002215, # ZDD nodes = 3902, # elems = 1460849
Step 295 time = 0.002330, # ZDD nodes = 3928, # elems = 1492142
Step 296 time = 0.002172, # ZDD nodes = 3954, # elems = 1521316
Step 297 time = 0.002158, # ZDD nodes = 3985, # elems = 1546025
Step 298 time = 0.003070, # ZDD nodes = 4018, # elems = 1566109
Step 299 time = 0.002674, # ZDD nodes = 4053, # elems = 1583480
Step 300 time = 0.002872, # ZDD nodes = 4092, # elems = 1600860
Step 301 time = 0.002329, # ZDD nodes = 4143, # elems = 1620103
Step 302 time = 0.002438, # ZDD nodes = 4190, # elems = 1641256
Step 303 time = 0.003153, # ZDD nodes = 4238, # elems = 1662990
Step 304 time = 0.003898, # ZDD nodes = 4289, # elems = 1684095
Step 305 time = 0.002603, # ZDD nodes = 4337, # elems = 1705142
Step 306 time = 0.002936, # ZDD nodes = 4384, # elems = 1729231
Step 307 time = 0.002651, # ZDD nodes = 4432, # elems = 1761017
Step 308 time = 0.002909, # ZDD nodes = 4478, # elems = 1804194
Step 309 time = 0.002794, # ZDD nodes = 4519, # elems = 1858813
Step 310 time = 0.002600, # ZDD nodes = 4558, # elems = 1920071
Step 311 time = 0.002860, # ZDD nodes = 4596, # elems = 1979408
Step 312 time = 0.002660, # ZDD nodes = 4626, # elems = 2027662
Step 313 time = 0.003318, # ZDD nodes = 4645, # elems = 2059041
Step 314 time = 0.002675, # ZDD nodes = 4652, # elems = 2073888
Step 315 time = 0.003140, # ZDD nodes = 4652, # elems = 2078554
Step 316 time = 0.003487, # ZDD nodes = 4648, # elems = 2082371
Step 317 time = 0.002788, # ZDD nodes = 4643, # elems = 2093396
Step 318 time = 0.002542, # ZDD nodes = 4634, # elems = 2115009
Step 319 time = 0.002698, # ZDD nodes = 4621, # elems = 2144930
Step 320 time = 0.003988, # ZDD nodes = 4609, # elems = 2177122
Step 321 time = 0.002889, # ZDD nodes = 4605, # elems = 2205516
Step 322 time = 0.003334, # ZDD nodes = 4599, # elems = 2227393
Step 323 time = 0.002564, # ZDD nodes = 4599, # elems = 2244654
Step 324 time = 0.002762, # ZDD nodes = 4601, # elems = 2262597
Step 325 time = 0.003732, # ZDD nodes = 4600, # elems = 2287030
Step 326 time = 0.004664, # ZDD nodes = 4600, # elems = 2321192
Step 327 time = 0.003503, # ZDD nodes = 4609, # elems = 2364071
Step 328 time = 0.002581, # ZDD nodes = 4625, # elems = 2410995
Step 329 time = 0.002689, # ZDD nodes = 4643, # elems = 2456046
Step 330 time = 0.003349, # ZDD nodes = 4661, # elems = 2494913
Step 331 time = 0.002747, # ZDD nodes = 4675, # elems = 2526787
Step 332 time = 0.003180, # ZDD nodes = 4695, # elems = 2554424
Step 333 time = 0.002933, # ZDD nodes = 4718, # elems = 2582308
Step 334 time = 0.002685, # ZDD nodes = 4741, # elems = 2613911
Step 335 time = 0.003500, # ZDD nodes = 4764, # elems = 2649722
Step 336 time = 0.002733, # ZDD nodes = 4793, # elems = 2687236
Step 337 time = 0.002926, # ZDD nodes = 4821, # elems = 2722815
Step 338 time = 0.003413, # ZDD nodes = 4850, # elems = 2754278
Step 339 time = 0.003783, # ZDD nodes = 4880, # elems = 2782693
Step 340 time = 0.003006, # ZDD nodes = 4909, # elems = 2812172
Step 341 time = 0.002970, # ZDD nodes = 4936, # elems = 2847607
Step 342 time = 0.003091, # ZDD nodes = 4964, # elems = 2891700
Step 343 time = 0.002817, # ZDD nodes = 5000, # elems = 2943137
Step 344 time = 0.003378, # ZDD nodes = 5043, # elems = 2996959
Step 345 time = 0.002837, # ZDD nodes = 5087, # elems = 3046949
Step 346 time = 0.003678, # ZDD nodes = 5132, # elems = 3088877
Step 347 time = 0.002992, # ZDD nodes = 5175, # elems = 3122863
Step 348 time = 0.003882, # ZDD nodes = 5220, # elems = 3153398
Step 349 time = 0.003553, # ZDD nodes = 5263, # elems = 3186947
Step 350 time = 0.003397, # ZDD nodes = 5309, # elems = 3228499
Step 351 time = 0.003862, # ZDD nodes = 5358, # elems = 3278837
Step 352 time = 0.003197, # ZDD nodes = 5409, # elems = 3333903
Step 353 time = 0.003250, # ZDD nodes = 5458, # elems = 3386818
Step 354 time = 0.003591, # ZDD nodes = 5504, # elems = 3431758
Step 355 time = 0.003248, # ZDD nodes = 5547, # elems = 3467637
Step 356 time = 0.004206, # ZDD nodes = 5584, # elems = 3499600
Step 357 time = 0.004235, # ZDD nodes = 5617, # elems = 3537561
Step 358 time = 0.003497, # ZDD nodes = 5650, # elems = 3592360
Step 359 time = 0.004011, # ZDD nodes = 5684, # elems = 3671117
Step 360 time = 0.003306, # ZDD nodes = 5713, # elems = 3773893
Step 361 time = 0.003445, # ZDD nodes = 5735, # elems = 3893236
Step 362 time = 0.003415, # ZDD nodes = 5759, # elems = 4016681
Step 363 time = 0.003276, # ZDD nodes = 5781, # elems = 4130944
Step 364 time = 0.003951, # ZDD nodes = 5795, # elems = 4226142
Step 365 time = 0.004173, # ZDD nodes = 5800, # elems = 4298491
Step 366 time = 0.004346, # ZDD nodes = 5805, # elems = 4350471
Step 367 time = 0.003567, # ZDD nodes = 5807, # elems = 4388630
Step 368 time = 0.005215, # ZDD nodes = 5806, # elems = 4420458
Step 369 time = 0.004160, # ZDD nodes = 5800, # elems = 4451940
Step 370 time = 0.003455, # ZDD nodes = 5793, # elems = 4486594
Step 371 time = 0.005359, # ZDD nodes = 5792, # elems = 4525943
Step 372 time = 0.003834, # ZDD nodes = 5793, # elems = 4570806
Step 373 time = 0.029092, # ZDD nodes = 5795, # elems = 4622366
Step 374 time = 0.005818, # ZDD nodes = 5798, # elems = 4682157
Step 375 time = 0.005158, # ZDD nodes = 5804, # elems = 4751077
Step 376 time = 0.003832, # ZDD nodes = 5822, # elems = 4828369
Step 377 time = 0.003838, # ZDD nodes = 5846, # elems = 4911392
Step 378 time = 0.003742, # ZDD nodes = 5870, # elems = 4996398
Step 379 time = 0.004183, # ZDD nodes = 5895, # elems = 5080035
Step 380 time = 0.003626, # ZDD nodes = 5921, # elems = 5160829
Step 381 time = 0.003907, # ZDD nodes = 5948, # elems = 5239642
Step 382 time = 0.003541, # ZDD nodes = 5978, # elems = 5318696
Step 383 time = 0.004924, # ZDD nodes = 6014, # elems = 5399861
Step 384 time = 0.004654, # ZDD nodes = 6052, # elems = 5483350
Step 385 time = 0.003424, # ZDD nodes = 6091, # elems = 5567533
Step 386 time = 0.003836, # ZDD nodes = 6131, # elems = 5650010
Step 387 time = 0.003639, # ZDD nodes = 6167, # elems = 5729483
Step 388 time = 0.003871, # ZDD nodes = 6198, # elems = 5807238
Step 389 time = 0.003980, # ZDD nodes = 6224, # elems = 5887039
Step 390 time = 0.004346, # ZDD nodes = 6245, # elems = 5973393
Step 391 time = 0.003989, # ZDD nodes = 6265, # elems = 6069268
Step 392 time = 0.003542, # ZDD nodes = 6283, # elems = 6174454
Step 393 time = 0.003634, # ZDD nodes = 6302, # elems = 6285354
Step 394 time = 0.005003, # ZDD nodes = 6319, # elems = 6396464
Step 395 time = 0.003552, # ZDD nodes = 6345, # elems = 6502902
Step 396 time = 0.004223, # ZDD nodes = 6372, # elems = 6602610
Step 397 time = 0.003503, # ZDD nodes = 6402, # elems = 6697146
Step 398 time = 0.003674, # ZDD nodes = 6440, # elems = 6790895
Step 399 time = 0.003723, # ZDD nodes = 6484, # elems = 6889129
Step 400 time = 0.004670, # ZDD nodes = 6521, # elems = 6995680
Step 401 time = 0.003534, # ZDD nodes = 6556, # elems = 7111313
Step 402 time = 0.004092, # ZDD nodes = 6597, # elems = 7233689
Step 403 time = 0.003673, # ZDD nodes = 6641, # elems = 7358872
Step 404 time = 0.003826, # ZDD nodes = 6687, # elems = 7483461
Step 405 time = 0.003585, # ZDD nodes = 6738, # elems = 7606229
Step 406 time = 0.004990, # ZDD nodes = 6790, # elems = 7728414
Step 407 time = 0.006405, # ZDD nodes = 6846, # elems = 7852441
Step 408 time = 0.003918, # ZDD nodes = 6893, # elems = 7979923
Step 409 time = 0.004061, # ZDD nodes = 6938, # elems = 8110518
Step 410 time = 0.004487, # ZDD nodes = 6980, # elems = 8242617
Step 411 time = 0.004711, # ZDD nodes = 7016, # elems = 8375323
Step 412 time = 0.003919, # ZDD nodes = 7047, # elems = 8510135
Step 413 time = 0.004920, # ZDD nodes = 7076, # elems = 8650849
Step 414 time = 0.003945, # ZDD nodes = 7103, # elems = 8801224
Step 415 time = 0.003966, # ZDD nodes = 7123, # elems = 8961561
Step 416 time = 0.004174, # ZDD nodes = 7137, # elems = 9126544
Step 417 time = 0.004159, # ZDD nodes = 7151, # elems = 9286228
Step 418 time = 0.004105, # ZDD nodes = 7167, # elems = 9429983
Step 419 time = 0.004072, # ZDD nodes = 7178, # elems = 9551331
Step 420 time = 0.004459, # ZDD nodes = 7183, # elems = 9651214
Step 421 time = 0.004092, # ZDD nodes = 7187, # elems = 9738069
Step 422 time = 0.004129, # ZDD nodes = 7188, # elems = 9824536
Step 423 time = 0.004125, # ZDD nodes = 7189, # elems = 9922361
Step 424 time = 0.004116, # ZDD nodes = 7196, # elems = 10038027
Step 425 time = 0.004868, # ZDD nodes = 7208, # elems = 10171000
Step 426 time = 0.003891, # ZDD nodes = 7220, # elems = 10314941
Step 427 time = 0.005403, # ZDD nodes = 7229, # elems = 10461140
Step 428 time = 0.003833, # ZDD nodes = 7234, # elems = 10602719
Step 429 time = 0.003877, # ZDD nodes = 7240, # elems = 10737638
Step 430 time = 0.004000, # ZDD nodes = 7250, # elems = 10869018
Step 431 time = 0.004154, # ZDD nodes = 7259, # elems = 11002875
Step 432 time = 0.004078, # ZDD nodes = 7268, # elems = 11144630
Step 433 time = 0.005863, # ZDD nodes = 7278, # elems = 11296051
Step 434 time = 0.004737, # ZDD nodes = 7287, # elems = 11454119
Step 435 time = 0.004419, # ZDD nodes = 7295, # elems = 11612603
Step 436 time = 0.003854, # ZDD nodes = 7303, # elems = 11765550
Step 437 time = 0.004696, # ZDD nodes = 7309, # elems = 11910565
Step 438 time = 0.004941, # ZDD nodes = 7314, # elems = 12050009
Step 439 time = 0.003746, # ZDD nodes = 7322, # elems = 12189613
Step 440 time = 0.004057, # ZDD nodes = 7335, # elems = 12335276
Step 441 time = 0.004532, # ZDD nodes = 7349, # elems = 12489693
Step 442 time = 0.004089, # ZDD nodes = 7368, # elems = 12650772
Step 443 time = 0.004061, # ZDD nodes = 7383, # elems = 12812864
Step 444 time = 0.003889, # ZDD nodes = 7396, # elems = 12969967
Step 445 time = 0.005056, # ZDD nodes = 7410, # elems = 13118914
Step 446 time = 0.004003, # ZDD nodes = 7424, # elems = 13260892
Step 447 time = 0.004027, # ZDD nodes = 7435, # elems = 13400635
Step 448 time = 0.003775, # ZDD nodes = 7448, # elems = 13543656
Step 449 time = 0.003848, # ZDD nodes = 7466, # elems = 13692978
Step 450 time = 0.004167, # ZDD nodes = 7492, # elems = 13847359
Step 451 time = 0.003891, # ZDD nodes = 7523, # elems = 14002092
Step 452 time = 0.003989, # ZDD nodes = 7562, # elems = 14151746
Step 453 time = 0.004810, # ZDD nodes = 7605, # elems = 14293235
Step 454 time = 0.004404, # ZDD nodes = 7655, # elems = 14427678
Step 455 time = 0.003948, # ZDD nodes = 7704, # elems = 14560049
Step 456 time = 0.004125, # ZDD nodes = 7754, # elems = 14696611
Step 457 time = 0.004035, # ZDD nodes = 7806, # elems = 14841524
Step 458 time = 0.005680, # ZDD nodes = 7860, # elems = 14994667
Step 459 time = 0.004091, # ZDD nodes = 7909, # elems = 15151828
Step 460 time = 0.004067, # ZDD nodes = 7951, # elems = 15306929
Step 461 time = 0.004063, # ZDD nodes = 7991, # elems = 15455062
Step 462 time = 0.003972, # ZDD nodes = 8028, # elems = 15594829
Step 463 time = 0.004020, # ZDD nodes = 8059, # elems = 15728665
Step 464 time = 0.004378, # ZDD nodes = 8083, # elems = 15860862
Step 465 time = 0.005034, # ZDD nodes = 8111, # elems = 15994505
Step 466 time = 0.004854, # ZDD nodes = 8138, # elems = 16129160
Step 467 time = 0.004414, # ZDD nodes = 8160, # elems = 16260572
Step 468 time = 0.004203, # ZDD nodes = 8175, # elems = 16382653
Step 469 time = 0.004195, # ZDD nodes = 8184, # elems = 16490974
Step 470 time = 0.005006, # ZDD nodes = 8185, # elems = 16585827
Step 471 time = 0.004371, # ZDD nodes = 8179, # elems = 16672759
Step 472 time = 0.004014, # ZDD nodes = 8164, # elems = 16760054
Step 473 time = 0.004716, # ZDD nodes = 8144, # elems = 16854673
Step 474 time = 0.004044, # ZDD nodes = 8118, # elems = 16958954
Step 475 time = 0.006688, # ZDD nodes = 8093, # elems = 17069836
Step 476 time = 0.003821, # ZDD nodes = 8076, # elems = 17181044
Step 477 time = 0.007091, # ZDD nodes = 8071, # elems = 17286949
Step 478 time = 0.003905, # ZDD nodes = 8071, # elems = 17385688
Step 479 time = 0.003823, # ZDD nodes = 8077, # elems = 17479694
Step 480 time = 0.003914, # ZDD nodes = 8080, # elems = 17573585
Step 481 time = 0.003778, # ZDD nodes = 8088, # elems = 17670895
Step 482 time = 0.004112, # ZDD nodes = 8100, # elems = 17771598
Step 483 time = 0.004652, # ZDD nodes = 8111, # elems = 17871866
Step 484 time = 0.003945, # ZDD nodes = 8120, # elems = 17966223
Step 485 time = 0.003876, # ZDD nodes = 8129, # elems = 18050767
Step 486 time = 0.003836, # ZDD nodes = 8133, # elems = 18125465
Step 487 time = 0.003805, # ZDD nodes = 8138, # elems = 18194185
Step 488 time = 0.003684, # ZDD nodes = 8149, # elems = 18262515
Step 489 time = 0.004126, # ZDD nodes = 8160, # elems = 18334640
Step 490 time = 0.003708, # ZDD nodes = 8171, # elems = 18411071
Step 491 time = 0.003728, # ZDD nodes = 8180, # elems = 18488544
Step 492 time = 0.003798, # ZDD nodes = 8184, # elems = 18562061
Step 493 time = 0.003765, # ZDD nodes = 8194, # elems = 18627726
Step 494 time = 0.003649, # ZDD nodes = 8206, # elems = 18684694
Step 495 time = 0.003710, # ZDD nodes = 8216, # elems = 18735242
Step 496 time = 0.003718, # ZDD nodes = 8233, # elems = 18783064
Step 497 time = 0.003760, # ZDD nodes = 8252, # elems = 18830846
Step 498 time = 0.003721, # ZDD nodes = 8270, # elems = 18878568
Step 499 time = 0.003689, # ZDD nodes = 8286, # elems = 18923508
Step 500 time = 0.005867, # ZDD nodes = 8302, # elems = 18961884
Step 501 time = 0.004564, # ZDD nodes = 8319, # elems = 18991203
Step 502 time = 0.005902, # ZDD nodes = 8337, # elems = 19012054
Step 503 time = 0.003762, # ZDD nodes = 8355, # elems = 19028245
Step 504 time = 0.003779, # ZDD nodes = 8381, # elems = 19044954
Step 505 time = 0.003804, # ZDD nodes = 8411, # elems = 19065821
Step 506 time = 0.003732, # ZDD nodes = 8440, # elems = 19090728
Step 507 time = 0.004075, # ZDD nodes = 8469, # elems = 19115596
Step 508 time = 0.005919, # ZDD nodes = 8496, # elems = 19134308
Step 509 time = 0.003996, # ZDD nodes = 8521, # elems = 19141787
Step 510 time = 0.003735, # ZDD nodes = 8543, # elems = 19136644
Step 511 time = 0.003742, # ZDD nodes = 8559, # elems = 19121837
Step 512 time = 0.004086, # ZDD nodes = 8567, # elems = 19102854
Step 513 time = 0.004595, # ZDD nodes = 8571, # elems = 19084556
Step 514 time = 0.003810, # ZDD nodes = 8568, # elems = 19068542
Step 515 time = 0.003872, # ZDD nodes = 8558, # elems = 19052335
Step 516 time = 0.003897, # ZDD nodes = 8542, # elems = 19030775
Step 517 time = 0.004589, # ZDD nodes = 8521, # elems = 18999056
Step 518 time = 0.003737, # ZDD nodes = 8495, # elems = 18955734
Step 519 time = 0.005568, # ZDD nodes = 8464, # elems = 18903779
Step 520 time = 0.003727, # ZDD nodes = 8434, # elems = 18849088
Step 521 time = 0.003683, # ZDD nodes = 8403, # elems = 18797488
Step 522 time = 0.003876, # ZDD nodes = 8370, # elems = 18751771
Step 523 time = 0.003832, # ZDD nodes = 8343, # elems = 18710174
Step 524 time = 0.003816, # ZDD nodes = 8316, # elems = 18667322
Step 525 time = 0.005625, # ZDD nodes = 8290, # elems = 18617352
Step 526 time = 0.003683, # ZDD nodes = 8271, # elems = 18557295
Step 527 time = 0.003473, # ZDD nodes = 8251, # elems = 18488636
Step 528 time = 0.005138, # ZDD nodes = 8229, # elems = 18416393
Step 529 time = 0.003509, # ZDD nodes = 8208, # elems = 18346366
Step 530 time = 0.003516, # ZDD nodes = 8191, # elems = 18281837
Step 531 time = 0.003480, # ZDD nodes = 8178, # elems = 18221465
Step 532 time = 0.003441, # ZDD nodes = 8173, # elems = 18159817
Step 533 time = 0.003538, # ZDD nodes = 8169, # elems = 18090272
Step 534 time = 0.003457, # ZDD nodes = 8164, # elems = 18008407
Step 535 time = 0.003537, # ZDD nodes = 8160, # elems = 17914068
Step 536 time = 0.003459, # ZDD nodes = 8155, # elems = 17811383
Step 537 time = 0.003408, # ZDD nodes = 8149, # elems = 17706711
Step 538 time = 0.003462, # ZDD nodes = 8143, # elems = 17605351
Step 539 time = 0.003470, # ZDD nodes = 8134, # elems = 17508888
Step 540 time = 0.003359, # ZDD nodes = 8127, # elems = 17414850
Step 541 time = 0.003359, # ZDD nodes = 8126, # elems = 17318585
Step 542 time = 0.003354, # ZDD nodes = 8126, # elems = 17215927
Step 543 time = 0.003358, # ZDD nodes = 8124, # elems = 17105321
Step 544 time = 0.003336, # ZDD nodes = 8124, # elems = 16988485
Step 545 time = 0.003318, # ZDD nodes = 8126, # elems = 16869057
Step 546 time = 0.003329, # ZDD nodes = 8133, # elems = 16749892
Step 547 time = 0.003376, # ZDD nodes = 8145, # elems = 16630971
Step 548 time = 0.003356, # ZDD nodes = 8163, # elems = 16509411
Step 549 time = 0.003360, # ZDD nodes = 8182, # elems = 16381331
Step 550 time = 0.003564, # ZDD nodes = 8198, # elems = 16244390
Step 551 time = 0.003328, # ZDD nodes = 8208, # elems = 16099779
Step 552 time = 0.003390, # ZDD nodes = 8211, # elems = 15952377
Step 553 time = 0.003362, # ZDD nodes = 8213, # elems = 15808416
Step 554 time = 0.003377, # ZDD nodes = 8218, # elems = 15671920
Step 555 time = 0.004599, # ZDD nodes = 8222, # elems = 15542375
Step 556 time = 0.005105, # ZDD nodes = 8219, # elems = 15414952
Step 557 time = 0.003441, # ZDD nodes = 8214, # elems = 15282828
Step 558 time = 0.003565, # ZDD nodes = 8205, # elems = 15140515
Step 559 time = 0.006086, # ZDD nodes = 8192, # elems = 14986770
Step 560 time = 0.003359, # ZDD nodes = 8175, # elems = 14825246
Step 561 time = 0.003323, # ZDD nodes = 8153, # elems = 14662195
Step 562 time = 0.003390, # ZDD nodes = 8126, # elems = 14502913
Step 563 time = 0.003391, # ZDD nodes = 8094, # elems = 14349286
Step 564 time = 0.003456, # ZDD nodes = 8057, # elems = 14199330
Step 565 time = 0.003258, # ZDD nodes = 8013, # elems = 14048539
Step 566 time = 0.003372, # ZDD nodes = 7970, # elems = 13892579
Step 567 time = 0.003289, # ZDD nodes = 7940, # elems = 13729954
Step 568 time = 0.003131, # ZDD nodes = 7911, # elems = 13562737
Step 569 time = 0.003140, # ZDD nodes = 7888, # elems = 13395001
Step 570 time = 0.004324, # ZDD nodes = 7867, # elems = 13230460
Step 571 time = 0.002967, # ZDD nodes = 7842, # elems = 13070714
Step 572 time = 0.002945, # ZDD nodes = 7818, # elems = 12914567
Step 573 time = 0.002948, # ZDD nodes = 7796, # elems = 12758786
Step 574 time = 0.004723, # ZDD nodes = 7774, # elems = 12600211
Step 575 time = 0.003007, # ZDD nodes = 7751, # elems = 12437749
Step 576 time = 0.002856, # ZDD nodes = 7728, # elems = 12272681
Step 577 time = 0.002861, # ZDD nodes = 7700, # elems = 12107473
Step 578 time = 0.002837, # ZDD nodes = 7676, # elems = 11944287
Step 579 time = 0.002824, # ZDD nodes = 7664, # elems = 11783722
Step 580 time = 0.002804, # ZDD nodes = 7658, # elems = 11624089
Step 581 time = 0.002800, # ZDD nodes = 7653, # elems = 11462038
Step 582 time = 0.002789, # ZDD nodes = 7646, # elems = 11294593
Step 583 time = 0.002785, # ZDD nodes = 7632, # elems = 11121090
Step 584 time = 0.002799, # ZDD nodes = 7619, # elems = 10943668
Step 585 time = 0.002796, # ZDD nodes = 7607, # elems = 10766406
Step 586 time = 0.004482, # ZDD nodes = 7592, # elems = 10593605
Step 587 time = 0.002761, # ZDD nodes = 7579, # elems = 10427573
Step 588 time = 0.002746, # ZDD nodes = 7567, # elems = 10267124
Step 589 time = 0.002749, # ZDD nodes = 7553, # elems = 10108309
Step 590 time = 0.002743, # ZDD nodes = 7536, # elems = 9947022
Step 591 time = 0.002742, # ZDD nodes = 7513, # elems = 9781377
Step 592 time = 0.002698, # ZDD nodes = 7483, # elems = 9612491
Step 593 time = 0.002666, # ZDD nodes = 7452, # elems = 9443761
Step 594 time = 0.002713, # ZDD nodes = 7424, # elems = 9278945
Step 595 time = 0.002649, # ZDD nodes = 7395, # elems = 9119711
Step 596 time = 0.004124, # ZDD nodes = 7358, # elems = 8964389
Step 597 time = 0.002641, # ZDD nodes = 7320, # elems = 8809135
Step 598 time = 0.002629, # ZDD nodes = 7287, # elems = 8650410
Step 599 time = 0.002609, # ZDD nodes = 7257, # elems = 8486829
Step 600 time = 0.002600, # ZDD nodes = 7234, # elems = 8319780
Step 601 time = 0.002623, # ZDD nodes = 7213, # elems = 8152950
Step 602 time = 0.002600, # ZDD nodes = 7192, # elems = 7990585
Step 603 time = 0.002583, # ZDD nodes = 7171, # elems = 7835137
Step 604 time = 0.005585, # ZDD nodes = 7150, # elems = 7686120
Step 605 time = 0.002543, # ZDD nodes = 7129, # elems = 7540921
Step 606 time = 0.002536, # ZDD nodes = 7108, # elems = 7396380
Step 607 time = 0.002506, # ZDD nodes = 7084, # elems = 7250137
Step 608 time = 0.002491, # ZDD nodes = 7055, # elems = 7101743
Step 609 time = 0.002497, # ZDD nodes = 7022, # elems = 6952995
Step 610 time = 0.002480, # ZDD nodes = 6988, # elems = 6806672
Step 611 time = 0.002481, # ZDD nodes = 6954, # elems = 6664502
Step 612 time = 0.004714, # ZDD nodes = 6915, # elems = 6526139
Step 613 time = 0.002465, # ZDD nodes = 6872, # elems = 6389508
Step 614 time = 0.002407, # ZDD nodes = 6828, # elems = 6251781
Step 615 time = 0.002336, # ZDD nodes = 6785, # elems = 6110819
Step 616 time = 0.002335, # ZDD nodes = 6740, # elems = 5966789
Step 617 time = 0.002351, # ZDD nodes = 6691, # elems = 5822537
Step 618 time = 0.002320, # ZDD nodes = 6643, # elems = 5681943
Step 619 time = 0.002298, # ZDD nodes = 6592, # elems = 5547656
Step 620 time = 0.002291, # ZDD nodes = 6544, # elems = 5419946
Step 621 time = 0.002254, # ZDD nodes = 6505, # elems = 5296832
Step 622 time = 0.002230, # ZDD nodes = 6470, # elems = 5175064
Step 623 time = 0.002265, # ZDD nodes = 6431, # elems = 5051904
Step 624 time = 0.003759, # ZDD nodes = 6392, # elems = 4926891
Step 625 time = 0.002223, # ZDD nodes = 6358, # elems = 4802015
Step 626 time = 0.002237, # ZDD nodes = 6327, # elems = 4680125
Step 627 time = 0.002210, # ZDD nodes = 6296, # elems = 4563151
Step 628 time = 0.002174, # ZDD nodes = 6257, # elems = 4451217
Step 629 time = 0.002165, # ZDD nodes = 6214, # elems = 4342507
Step 630 time = 0.002821, # ZDD nodes = 6168, # elems = 4233987
Step 631 time = 0.002106, # ZDD nodes = 6116, # elems = 4123197
Step 632 time = 0.003432, # ZDD nodes = 6062, # elems = 4009965
Step 633 time = 0.002067, # ZDD nodes = 6008, # elems = 3896449
Step 634 time = 0.002050, # ZDD nodes = 5952, # elems = 3785685
Step 635 time = 0.002026, # ZDD nodes = 5894, # elems = 3680045
Step 636 time = 0.001978, # ZDD nodes = 5836, # elems = 3580194
Step 637 time = 0.001983, # ZDD nodes = 5778, # elems = 3484602
Step 638 time = 0.001938, # ZDD nodes = 5720, # elems = 3390240
Step 639 time = 0.001895, # ZDD nodes = 5662, # elems = 3294515
Step 640 time = 0.001876, # ZDD nodes = 5604, # elems = 3196889
Step 641 time = 0.001872, # ZDD nodes = 5547, # elems = 3098875
Step 642 time = 0.001841, # ZDD nodes = 5496, # elems = 3002976
Step 643 time = 0.001823, # ZDD nodes = 5452, # elems = 2911553
Step 644 time = 0.001792, # ZDD nodes = 5414, # elems = 2825697
Step 645 time = 0.001789, # ZDD nodes = 5377, # elems = 2744435
Step 646 time = 0.001766, # ZDD nodes = 5340, # elems = 2665260
Step 647 time = 0.001758, # ZDD nodes = 5303, # elems = 2585810
Step 648 time = 0.001744, # ZDD nodes = 5272, # elems = 2505113
Step 649 time = 0.001764, # ZDD nodes = 5244, # elems = 2423676
Step 650 time = 0.001747, # ZDD nodes = 5218, # elems = 2343101
Step 651 time = 0.001962, # ZDD nodes = 5191, # elems = 2265476
Step 652 time = 0.001724, # ZDD nodes = 5166, # elems = 2192234
Step 653 time = 0.001710, # ZDD nodes = 5146, # elems = 2123202
Step 654 time = 0.001705, # ZDD nodes = 5127, # elems = 2056935
Step 655 time = 0.001689, # ZDD nodes = 5107, # elems = 1991862
Step 656 time = 0.001682, # ZDD nodes = 5092, # elems = 1927007
Step 657 time = 0.001674, # ZDD nodes = 5074, # elems = 1862235
Step 658 time = 0.001666, # ZDD nodes = 5051, # elems = 1798415
Step 659 time = 0.001656, # ZDD nodes = 5021, # elems = 1736980
Step 660 time = 0.001634, # ZDD nodes = 4979, # elems = 1678695
Step 661 time = 0.001610, # ZDD nodes = 4930, # elems = 1622849
Step 662 time = 0.001589, # ZDD nodes = 4873, # elems = 1567756
Step 663 time = 0.001550, # ZDD nodes = 4805, # elems = 1511837
Step 664 time = 0.001506, # ZDD nodes = 4730, # elems = 1454397
Step 665 time = 0.001470, # ZDD nodes = 4655, # elems = 1396085
Step 666 time = 0.001427, # ZDD nodes = 4580, # elems = 1338870
Step 667 time = 0.001396, # ZDD nodes = 4510, # elems = 1285034
Step 668 time = 0.001350, # ZDD nodes = 4454, # elems = 1235719
Step 669 time = 0.001318, # ZDD nodes = 4400, # elems = 1190393
Step 670 time = 0.001290, # ZDD nodes = 4342, # elems = 1147521
Step 671 time = 0.001258, # ZDD nodes = 4284, # elems = 1105485
Step 672 time = 0.001225, # ZDD nodes = 4226, # elems = 1063221
Step 673 time = 0.001211, # ZDD nodes = 4164, # elems = 1020705
Step 674 time = 0.001202, # ZDD nodes = 4109, # elems = 978985
Step 675 time = 0.001177, # ZDD nodes = 4063, # elems = 939374
Step 676 time = 0.001168, # ZDD nodes = 4013, # elems = 902458
Step 677 time = 0.001154, # ZDD nodes = 3964, # elems = 867869
Step 678 time = 0.001138, # ZDD nodes = 3916, # elems = 834674
Step 679 time = 0.001124, # ZDD nodes = 3864, # elems = 801742
Step 680 time = 0.001109, # ZDD nodes = 3823, # elems = 768167
Step 681 time = 0.001095, # ZDD nodes = 3783, # elems = 733903
Step 682 time = 0.001093, # ZDD nodes = 3746, # elems = 699977
Step 683 time = 0.001084, # ZDD nodes = 3712, # elems = 667839
Step 684 time = 0.001077, # ZDD nodes = 3678, # elems = 638495
Step 685 time = 0.001060, # ZDD nodes = 3639, # elems = 612112
Step 686 time = 0.001044, # ZDD nodes = 3597, # elems = 587957
Step 687 time = 0.001027, # ZDD nodes = 3549, # elems = 564560
Step 688 time = 0.001008, # ZDD nodes = 3487, # elems = 540433
Step 689 time = 0.000984, # ZDD nodes = 3424, # elems = 515064
Step 690 time = 0.000963, # ZDD nodes = 3367, # elems = 489191
Step 691 time = 0.000942, # ZDD nodes = 3314, # elems = 464120
Step 692 time = 0.000922, # ZDD nodes = 3262, # elems = 440918
Step 693 time = 0.000911, # ZDD nodes = 3210, # elems = 420004
Step 694 time = 0.000884, # ZDD nodes = 3153, # elems = 400976
Step 695 time = 0.000864, # ZDD nodes = 3094, # elems = 382766
Step 696 time = 0.000848, # ZDD nodes = 3035, # elems = 364359
Step 697 time = 0.000838, # ZDD nodes = 2977, # elems = 345538
Step 698 time = 0.000824, # ZDD nodes = 2925, # elems = 326880
Step 699 time = 0.000814, # ZDD nodes = 2879, # elems = 309196
Step 700 time = 0.000786, # ZDD nodes = 2834, # elems = 293109
Step 701 time = 0.000778, # ZDD nodes = 2790, # elems = 278836
Step 702 time = 0.000761, # ZDD nodes = 2746, # elems = 265997
Step 703 time = 0.000753, # ZDD nodes = 2709, # elems = 253760
Step 704 time = 0.000729, # ZDD nodes = 2679, # elems = 241443
Step 705 time = 0.000729, # ZDD nodes = 2651, # elems = 228955
Step 706 time = 0.000723, # ZDD nodes = 2629, # elems = 216665
Step 707 time = 0.000719, # ZDD nodes = 2608, # elems = 205072
Step 708 time = 0.000715, # ZDD nodes = 2582, # elems = 194567
Step 709 time = 0.000705, # ZDD nodes = 2549, # elems = 185140
Step 710 time = 0.000688, # ZDD nodes = 2508, # elems = 176198
Step 711 time = 0.000666, # ZDD nodes = 2456, # elems = 166904
Step 712 time = 0.000647, # ZDD nodes = 2392, # elems = 156801
Step 713 time = 0.000630, # ZDD nodes = 2322, # elems = 146069
Step 714 time = 0.000606, # ZDD nodes = 2250, # elems = 135325
Step 715 time = 0.000590, # ZDD nodes = 2177, # elems = 125334
Step 716 time = 0.000553, # ZDD nodes = 2094, # elems = 116729
Step 717 time = 0.000510, # ZDD nodes = 2010, # elems = 109686
Step 718 time = 0.000475, # ZDD nodes = 1928, # elems = 103795
Step 719 time = 0.000436, # ZDD nodes = 1847, # elems = 98342
Step 720 time = 0.000406, # ZDD nodes = 1772, # elems = 92742
Step 721 time = 0.000391, # ZDD nodes = 1701, # elems = 86753
Step 722 time = 0.000774, # ZDD nodes = 1640, # elems = 80490
Step 723 time = 0.000369, # ZDD nodes = 1584, # elems = 74392
Step 724 time = 0.000358, # ZDD nodes = 1534, # elems = 69055
Step 725 time = 0.000342, # ZDD nodes = 1483, # elems = 64880
Step 726 time = 0.000325, # ZDD nodes = 1430, # elems = 61802
Step 727 time = 0.000317, # ZDD nodes = 1377, # elems = 59328
Step 728 time = 0.000304, # ZDD nodes = 1330, # elems = 56772
Step 729 time = 0.000291, # ZDD nodes = 1284, # elems = 53526
Step 730 time = 0.000286, # ZDD nodes = 1239, # elems = 49355
Step 731 time = 0.000271, # ZDD nodes = 1193, # elems = 44585
Step 732 time = 0.000261, # ZDD nodes = 1144, # elems = 39929
Step 733 time = 0.000248, # ZDD nodes = 1095, # elems = 36019
Step 734 time = 0.000239, # ZDD nodes = 1042, # elems = 33063
Step 735 time = 0.000224, # ZDD nodes = 988, # elems = 30854
Step 736 time = 0.000232, # ZDD nodes = 940, # elems = 28979
Step 737 time = 0.000218, # ZDD nodes = 894, # elems = 27061
Step 738 time = 0.000213, # ZDD nodes = 853, # elems = 24981
Step 739 time = 0.000203, # ZDD nodes = 820, # elems = 22942
Step 740 time = 0.000197, # ZDD nodes = 792, # elems = 21260
Step 741 time = 0.000190, # ZDD nodes = 764, # elems = 20065
Step 742 time = 0.000184, # ZDD nodes = 736, # elems = 19200
Step 743 time = 0.000176, # ZDD nodes = 705, # elems = 18335
Step 744 time = 0.000169, # ZDD nodes = 677, # elems = 17140
Step 745 time = 0.000164, # ZDD nodes = 652, # elems = 15459
Step 746 time = 0.000156, # ZDD nodes = 629, # elems = 13432
Step 747 time = 0.000152, # ZDD nodes = 607, # elems = 11422
Step 748 time = 0.000150, # ZDD nodes = 585, # elems = 9769
Step 749 time = 0.000142, # ZDD nodes = 562, # elems = 8626
Step 750 time = 0.000132, # ZDD nodes = 534, # elems = 7986
Step 751 time = 0.000128, # ZDD nodes = 509, # elems = 7732
Step 752 time = 0.000122, # ZDD nodes = 491, # elems = 7629
Step 753 time = 0.000120, # ZDD nodes = 474, # elems = 7387
Step 754 time = 0.000116, # ZDD nodes = 466, # elems = 6815
Step 755 time = 0.000117, # ZDD nodes = 458, # elems = 5913
Step 756 time = 0.000110, # ZDD nodes = 456, # elems = 4856
Step 757 time = 0.000111, # ZDD nodes = 455, # elems = 3933
Step 758 time = 0.000108, # ZDD nodes = 448, # elems = 3415
Step 759 time = 0.000105, # ZDD nodes = 432, # elems = 3359
Step 760 time = 0.000102, # ZDD nodes = 412, # elems = 3534
Step 761 time = 0.000097, # ZDD nodes = 388, # elems = 3578
Step 762 time = 0.000089, # ZDD nodes = 362, # elems = 3236
Step 763 time = 0.000086, # ZDD nodes = 330, # elems = 2498
Step 764 time = 0.000077, # ZDD nodes = 299, # elems = 1585
Step 765 time = 0.000069, # ZDD nodes = 264, # elems = 794
Step 766 time = 0.000060, # ZDD nodes = 221, # elems = 299
Step 767 time = 0.000225, # ZDD nodes = 170, # elems = 79
Step 768 time = 0.000043, # ZDD nodes = 114, # elems = 13
Step 769 time = 0.000030, # ZDD nodes = 54, # elems = 1
Step 770 time = 0.000009, # ZDD nodes = 0, # elems = 0
a 2 4 6 9 11 14 16 19 21 24 26 29 31 34 36 39 41 44 46 49 51 54 56 59 61 64 66 69 71 74 76 79 81 84 86 89 91 94 96 99 101 104 106 109 111 114 116 119 121 124 126 129 131 134
a 1 4 6 9 11 14 16 19 21 24 26 29 31 34 36 39 41 44 46 49 51 54 56 59 61 64 66 69 71 74 76 79 81 84 86 89 91 94 96 99 101 104 106 109 111 114 116 119 121 124 126 129 131 134
a 1 3 6 9 11 14 16 19 21 24 26 29 31 34 36 39 41 44 46 49 51 54 56 59 61 64 66 69 71 74 76 79 81 84 86 89 91 94 96 99 101 104 106 109 111 114 116 119 121 124 126 129 131 134
a 1 3 5 9 11 14 16 19 21 24 26 29 31 34 36 39 41 44 46 49 51 54 56 59 61 64 66 69 71 74 76 79 81 84 86 89 91 94 96 99 101 104 106 109 111 114 116 119 121 124 126 129 131 134
a 1 3 5 8 11 14 16 19 21 24 26 29 31 34 36 39 41 44 46 49 51 54 56 59 61 64 66 69 71 74 76 79 81 84 86 89 91 94 96 99 101 104 106 109 111 114 116 119 121 124 126 129 131 134
a 1 3 7 8 11 14 16 19 21 24 26 29 31 34 36 39 41 44 46 49 51 54 56 59 61 64 66 69 71 74 76 79 81 84 86 89 91 94 96 99 101 104 106 109 111 114 116 119 121 124 126 129 131 134
a 1 4 7 8 11 14 16 19 21 24 26 29 31 34 36 39 41 44 46 49 51 54 56 59 61 64 66 69 71 74 76 79 81 84 86 89 91 94 96 99 101 104 106 109 111 114 116 119 121 124 126 129 131 134
a 2 4 7 8 11 14 16 19 21 24 26 29 31 34 36 39 41 44 46 49 51 54 56 59 61 64 66 69 71 74 76 79 81 84 86 89 91 94 96 99 101 104 106 109 111 114 116 119 121 124 126 129 131 134
a 2 4 7 8 10 14 16 19 21 24 26 29 31 34 36 39 41 44 46 49 51 54 56 59 61 64 66 69 71 74 76 79 81 84 86 89 91 94 96 99 101 104 106 109 111 114 116 119 121 124 126 129 131 134
a 2 4 7 8 10 13 16 19 21 24 26 29 31 34 36 39 41 44 46 49 51 54 56 59 61 64 66 69 71 74 76 79 81 84 86 89 91 94 96 99 101 104 106 109 111 114 116 119 121 124 126 129 131 134
a 2 4 7 8 10 13 15 19 21 24 26 29 31 34 36 39 41 44 46 49 51 54 56 59 61 64 66 69 71 74 76 79 81 84 86 89 91 94 96 99 101 104 106 109 111 114 116 119 121 124 126 129 131 134
a 2 4 7 8 10 13 15 18 21 24 26 29 31 34 36 39 41 44 46 49 51 54 56 59 61 64 66 69 71 74 76 79 81 84 86 89 91 94 96 99 101 104 106 109 111 114 116 119 121 124 126 129 131 134
a 2 4 7 8 10 13 17 18 21 24 26 29 31 34 36 39 41 44 46 49 51 54 56 59 61 64 66 69 71 74 76 79 81 84 86 89 91 94 96 99 101 104 106 109 111 114 116 119 121 124 126 129 131 134
a 2 4 7 8 10 14 17 18 21 24 26 29 31 34 36 39 41 44 46 49 51 54 56 59 61 64 66 69 71 74 76 79 81 84 86 89 91 94 96 99 101 104 106 109 111 114 116 119 121 124 126 129 131 134
a 2 4 7 8 11 14 17 18 21 24 26 29 31 34 36 39 41 44 46 49 51 54 56 59 61 64 66 69 71 74 76 79 81 84 86 89 91 94 96 99 101 104 106 109 111 114 116 119 121 124 126 129 131 134
a 1 4 7 8 11 14 17 18 21 24 26 29 31 34 36 39 41 44 46 49 51 54 56 59 61 64 66 69 71 74 76 79 81 84 86 89 91 94 96 99 101 104 106 109 111 114 116 119 121 124 126 129 131 134
a 1 3 7 8 11 14 17 18 21 24 26 29 31 34 36 39 41 44 46 49 51 54 56 59 61 64 66 69 71 74 76 79 81 84 86 89 91 94 96 99 101 104 106 109 111 114 116 119 121 124 126 129 131 134
a 1 3 5 8 11 14 17 18 21 24 26 29 31 34 36 39 41 44 46 49 51 54 56 59 61 64 66 69 71 74 76 79 81 84 86 89 91 94 96 99 101 104 106 109 111 114 116 119 121 124 126 129 131 134
a 1 3 5 9 11 14 17 18 21 24 26 29 31 34 36 39 41 44 46 49 51 54 56 59 61 64 66 69 71 74 76 79 81 84 86 89 91 94 96 99 101 104 106 109 111 114 116 119 121 124 126 129 131 134
a 1 3 5 9 11 14 17 18 20 24 26 29 31 34 36 39 41 44 46 49 51 54 56 59 61 64 66 69 71 74 76 79 81 84 86 89 91 94 96 99 101 104 106 109 111 114 116 119 121 124 126 129 131 134
a 1 3 5 9 11 14 17 18 20 23 26 29 31 34 36 39 41 44 46 49 51 54 56 59 61 64 66 69 71 74 76 79 81 84 86 89 91 94 96 99 101 104 106 109 111 114 116 119 121 124 126 129 131 134
a 1 3 5 9 11 14 17 18 20 23 25 29 31 34 36 39 41 44 46 49 51 54 56 59 61 64 66 69 71 74 76 79 81 84 86 89 91 94 96 99 101 104 106 109 111 114 116 119 121 124 126 129 131 134
a 1 3 5 9 11 14 17 18 20 23 25 28 31 34 36 39 41 44 46 49 51 54 56 59 61 64 66 69 71 74 76 79 81 84 86 89 91 94 96 99 101 104 106 109 111 114 116 119 121 124 126 129 131 134
a 1 3 5 9 11 14 17 18 20 23 27 28 31 34 36 39 41 44 46 49 51 54 56 59 61 64 66 69 71 74 76 79 81 84 86 89 91 94 96 99 101 104 106 109 111 114 116 119 121 124 126 129 131 134
a 1 3 5 9 11 14 17 18 20 24 27 28 31 34 36 39 41 44 46 49 51 54 56 59 61 64 66 69 71 74 76 79 81 84 86 89 91 94 96 99 101 104 106 109 111 114 116 119 121 124 126 129 131 134
a 1 3 5 9 11 14 17 18 21 24 27 28 31 34 36 39 41 44 46 49 51 54 56 59 61 64 66 69 71 74 76 79 81 84 86 89 91 94 96 99 101 104 106 109 111 114 116 119 121 124 126 129 131 134
a 1 3 5 8 11 14 17 18 21 24 27 28 31 34 36 39 41 44 46 49 51 54 56 59 61 64 66 69 71 74 76 79 81 84 86 89 91 94 96 99 101 104 106 109 111 114 116 119 121 124 126 129 131 134
a 1 3 7 8 11 14 17 18 21 24 27 28 31 34 36 39 41 44 46 49 51 54 56 59 61 64 66 69 71 74 76 79 81 84 86 89 91 94 96 99 101 104 106 109 111 114 116 119 121 124 126 129 131 134
a 1 4 7 8 11 14 17 18 21 24 27 28 31 34 36 39 41 44 46 49 51 54 56 59 61 64 66 69 71 74 76 79 81 84 86 89 91 94 96 99 101 104 106 109 111 114 116 119 121 124 126 129 131 134
a 2 4 7 8 11 14 17 18 21 24 27 28 31 34 36 39 41 44 46 49 51 54 56 59 61 64 66 69 71 74 76 79 81 84 86 89 91 94 96 99 101 104 106 109 111 114 116 119 121 124 126 129 131 134
a 2 4 7 8 10 14 17 18 21 24 27 28 31 34 36 39 41 44 46 49 51 54 56 59 61 64 66 69 71 74 76 79 81 84 86 89 91 94 96 99 101 104 106 109 111 114 116 119 121 124 126 129 131 134
a 2 4 7 8 10 13 17 18 21 24 27 28 31 34 36 39 41 44 46 49 51 54 56 59 61 64 66 69 71 74 76 79 81 84 86 89 91 94 96 99 101 104 106 109 111 114 116 119 121 124 126 129 131 134
a 2 4 7 8 10 13 15 18 21 24 27 28 31 34 36 39 41 44 46 49 51 54 56 59 61 64 66 69 71 74 76 79 81 84 86 89 91 94 96 99 101 104 106 109 111 114 116 119 121 124 126 129 131 134
a 2 4 7 8 10 13 15 19 21 24 27 28 31 34 36 39 41 44 46 49 51 54 56 59 61 64 66 69 71 74 76 79 81 84 86 89 91 94 96 99 101 104 106 109 111 114 116 119 121 124 126 129 131 134
a 2 4 7 8 10 13 15 19 21 24 27 28 30 34 36 39 41 44 46 49 51 54 56 59 61 64 66 69 71 74 76 79 81 84 86 89 91 94 96 99 101 104 106 109 111 114 116 119 121 124 126 129 131 134
a 2 4 7 8 10 13 15 19 21 24 27 28 30 33 36 39 41 44 46 49 51 54 56 59 61 64 66 69 71 74 76 79 81 84 86 89 91 94 96 99 101 104 106 109 111 114 116 119 121 124 126 129 131 134
a 2 4 7 8 10 13 15 19 21 24 27 28 30 33 35 39 41 44 46 49 51 54 56 59 61 64 66 69 71 74 76 79 81 84 86 89 91 94 96 99 101 104 106 109 111 114 116 119 121 124 126 129 131 134
a 2 4 7 8 10 13 15 19 21 24 27 28 30 33 35 38 41 44 46 49 51 54 56 59 61 64 66 69 71 74 76 79 81 84 86 89 91 94 96 99 101 104 106 109 111 114 116 119 121 124 126 129 131 134
a 2 4 7 8 10 13 15 19 21 24 27 28 30 33 37 38 41 44 46 49 51 54 56 59 61 64 66 69 71 74 76 79 81 84 86 89 91 94 96 99 101 104 106 109 111 114 116 119 121 124 126 129 131 134
a 2 4 7 8 10 13 15 19 21 24 27 28 30 34 37 38 41 44 46 49 51 54 56 59 61 64 66 69 71 74 76 79 81 84 86 89 91 94 96 99 101 104 106 109 111 114 116 119 121 124 126 129 131 134
a 2 4 7 8 10 13 15 19 21 24 27 28 31 34 37 38 41 44 46 49 51 54 56 59 61 64 66 69 71 74 76 79 81 84 86 89 91 94 96 99 101 104 106 109 111 114 116 119 121 124 126 129 131 134
a 2 4 7 8 10 13 15 18 21 24 27 28 31 34 37 38 41 44 46 49 51 54 56 59 61 64 66 69 71 74 76 79 81 84 86 89 91 94 96 99 101 104 106 109 111 114 116 119 121 124 126 129 131 134
a 2 4 7 8 10 13 17 18 21 24 27 28 31 34 37 38 41 44 46 49 51 54 56 59 61 64 66 69 71 74 76 79 81 84 86 89 91 94 96 99 101 104 106 109 111 114 116 119 121 124 126 129 131 134
a 2 4 7 8 10 14 17 18 21 24 27 28 31 34 37 38 41 44 46 49 51 54 56 59 61 64 66 69 71 74 76 79 81 84 86 89 91 94 96 99 101 104 106 109 111 114 116 119 121 124 126 129 131 134
a 2 4 7 8 11 14 17 18 21 24 27 28 31 34 37 38 41 44 46 49 51 54 56 59 61 64 66 69 71 74 76 79 81 84 86 89 91 94 96 99 101 104 106 109 111 114 116 119 121 124 126 129 131 134
a 1 4 7 8 11 14 17 18 21 24 27 28 31 34 37 38 41 44 46 49 51 54 56 59 61 64 66 69 71 74 76 79 81 84 86 89 91 94 96 99 101 104 106 109 111 114 116 119 121 124 126 129 131 134
a 1 3 7 8 11 14 17 18 21 24 27 28 31 34 37 38 41 44 46 49 51 54 56 59 61 64 66 69 71 74 76 79 81 84 86 89 91 94 96 99 101 104 106 109 111 114 116 119 121 124 126 129 131 134
a 1 3 5 8 11 14 17 18 21 24 27 28 31 34 37 38 41 44 46 49 51 54 56 59 61 64 66 69 71 74 76 79 81 84 86 89 91 94 96 99 101 104 106 109 111 114 116 119 121 124 126 129 131 134
a 1 3 5 9 11 14 17 18 21 24 27 28 31 34 37 38 41 44 46 49 51 54 56 59 61 64 66 69 71 74 76 79 81 84 86 89 91 94 96 99 101 104 106 109 111 114 116 119 121 124 126 129 131 134
a 1 3 5 9 11 14 17 18 20 24 27 28 31 34 37 38 41 44 46 49 51 54 56 59 61 64 66 69 71 74 76 79 81 84 86 89 91 94 96 99 101 104 106 109 111 114 116 119 121 124 126 129 131 134
a 1 3 5 9 11 14 17 18 20 23 27 28 31 34 37 38 41 44 46 49 51 54 56 59 61 64 66 69 71 74 76 79 81 84 86 89 91 94 96 99 101 104 106 109 111 114 116 119 121 124 126 129 131 134
a 1 3 5 9 11 14 17 18 20 23 25 28 31 34 37 38 41 44 46 49 51 54 56 59 61 64 66 69 71 74 76 79 81 84 86 89 91 94 96 99 101 104 106 109 111 114 116 119 121 124 126 129 131 134
a 1 3 5 9 11 14 17 18 20 23 25 29 31 34 37 38 41 44 46 49 51 54 56 59 61 64 66 69 71 74 76 79 81 84 86 89 91 94 96 99 101 104 106 109 111 114 116 119 121 124 126 129 131 134
a 1 3 5 9 11 14 17 18 20 23 25 29 31 34 37 38 40 44 46 49 51 54 56 59 61 64 66 69 71 74 76 79 81 84 86 89 91 94 96 99 101 104 106 109 111 114 116 119 121 124 126 129 131 134
a 1 3 5 9 11 14 17 18 20 23 25 29 31 34 37 38 40 43 46 49 51 54 56 59 61 64 66 69 71 74 76 79 81 84 86 89 91 94 96 99 101 104 106 109 111 114 116 119 121 124 126 129 131 134
a 1 3 5 9 11 14 17 18 20 23 25 29 31 34 37 38 40 43 45 49 51 54 56 59 61 64 66 69 71 74 76 79 81 84 86 89 91 94 96 99 101 104 106 109 111 114 116 119 121 124 126 129 131 134
a 1 3 5 9 11 14 17 18 20 23 25 29 31 34 37 38 40 43 45 48 51 54 56 59 61 64 66 69 71 74 76 79 81 84 86 89 91 94 96 99 101 104 106 109 111 114 116 119 121 124 126 129 131 134
a 1 3 5 9 11 14 17 18 20 23 25 29 31 34 37 38 40 43 47 48 51 54 56 59 61 64 66 69 71 74 76 79 81 84 86 89 91 94 96 99 101 104 106 109 111 114 116 119 121 124 126 129 131 134
a 1 3 5 9 11 14 17 18 20 23 25 29 31 34 37 38 40 44 47 48 51 54 56 59 61 64 66 69 71 74 76 79 81 84 86 89 91 94 96 99 101 104 106 109 111 114 116 119 121 124 126 129 131 134
a 1 3 5 9 11 14 17 18 20 23 25 29 31 34 37 38 41 44 47 48 51 54 56 59 61 64 66 69 71 74 76 79 81 84 86 89 91 94 96 99 101 104 106 109 111 114 116 119 121 124 126 129 131 134
a 1 3 5 9 11 14 17 18 20 23 25 28 31 34 37 38 41 44 47 48 51 54 56 59 61 64 66 69 71 74 76 79 81 84 86 89 91 94 96 99 101 104 106 109 111 114 116 119 121 124 126 129 131 134
a 1 3 5 9 11 14 17 18 20 23 27 28 31 34 37 38 41 44 47 48 51 54 56 59 61 64 66 69 71 74 76 79 81 84 86 89 91 94 96 99 101 104 106 109 111 114 116 119 121 124 126 129 131 134
a 1 3 5 9 11 14 17 18 20 24 27 28 31 34 37 38 41 44 47 48 51 54 56 59 61 64 66 69 71 74 76 79 81 84 86 89 91 94 96 99 101 104 106 109 111 114 116 119 121 124 126 129 131 134
a 1 3 5 9 11 14 17 18 21 24 27 28 31 34 37 38 41 44 47 48 51 54 56 59 61 64 66 69 71 74 76 79 81 84 86 89 91 94 96 99 101 104 106 109 111 114 116 119 121 124 126 129 131 134
a 1 3 5 8 11 14 17 18 21 24 27 28 31 34 37 38 41 44 47 48 51 54 56 59 61 64 66 69 71 74 76 79 81 84 86 89 91 94 96 99 101 104 106 109 111 114 116 119 121 124 126 129 131 134
a 1 3 7 8 11 14 17 18 21 24 27 28 31 34 37 38 41 44 47 48 51 54 56 59 61 64 66 69 71 74 76 79 81 84 86 89 91 94 96 99 101 104 106 109 111 114 116 119 121 124 126 129 131 134
a 1 4 7 8 11 14 17 18 21 24 27 28 31 34 37 38 41 44 47 48 51 54 56 59 61 64 66 69 71 74 76 79 81 84 86 89 91 94 96 99 101 104 106 109 111 114 116 119 121 124 126 129 131 134
a 2 4 7 8 11 14 17 18 21 24 27 28 31 34 37 38 41 44 47 48 51 54 56 59 61 64 66 69 71 74 76 79 81 84 86 89 91 94 96 99 101 104 106 109 111 114 116 119 121 124 126 129 131 134
a 2 4 7 8 10 14 17 18 21 24 27 28 31 34 37 38 41 44 47 48 51 54 56 59 61 64 66 69 71 74 76 79 81 84 86 89 91 94 96 99 101 104 106 109 111 114 116 119 121 124 126 129 131 134
a 2 4 7 8 10 13 17 18 21 24 27 28 31 34 37 38 41 44 47 48 51 54 56 59 61 64 66 69 71 74 76 79 81 84 86 89 91 94 96 99 101 104 106 109 111 114 116 119 121 124 126 129 131 134
a 2 4 7 8 10 13 15 18 21 24 27 28 31 34 37 38 41 44 47 48 51 54 56 59 61 64 66 69 71 74 76 79 81 84 86 89 91 94 96 99 101 104 106 109 111 114 116 119 121 124 126 129 131 134
a 2 4 7 8 10 13 15 19 21 24 27 28 31 34 37 38 41 44 47 48 51 54 56 59 61 64 66 69 71 74 76 79 81 84 86 89 91 94 96 99 101 104 106 109 111 114 116 119 121 124 126 129 131 134
a 2 4 7 8 10 13 15 19 21 24 27 28 30 34 37 38 41 44 47 48 51 54 56 59 61 64 66 69 71 74 76 79 81 84 86 89 91 94 96 99 101 104 106 109 111 114 116 119 121 124 126 129 131 134
a 2 4 7 8 10 13 15 19 21 24 27 28 30 33 37 38 41 44 47 48 51 54 56 59 61 64 66 69 71 74 76 79 81 84 86 89 91 94 96 99 101 104 106 109 111 114 116 119 121 124 126 129 131 134
a 2 4 7 8 10 13 15 19 21 24 27 28 30 33 35 38 41 44 47 48 51 54 56 59 61 64 66 69 71 74 76 79 81 84 86 89 91 94 96 99 101 104 106 109 111 114 116 119 121 124 126 129 131 134
a 2 4 7 8 10 13 15 19 21 24 27 28 30 33 35 39 41 44 47 48 51 54 56 59 61 64 66 69 71 74 76 79 81 84 86 89 91 94 96 99 101 104 106 109 111 114 116 119 121 124 126 129 131 134
a 2 4 7 8 10 13 15 19 21 24 27 28 30 33 35 39 41 44 47 48 50 54 56 59 61 64 66 69 71 74 76 79 81 84 86 89 91 94 96 99 101 104 106 109 111 114 116 119 121 124 126 129 131 134
a 2 4 7 8 10 13 15 19 21 24 27 28 30 33 35 39 41 44 47 48 50 53 56 59 61 64 66 69 71 74 76 79 81 84 86 89 91 94 96 99 101 104 106 109 111 114 116 119 121 124 126 129 131 134
a 2 4 7 8 10 13 15 19 21 24 27 28 30 33 35 39 41 44 47 48 50 53 55 59 61 64 66 69 71 74 76 79 81 84 86 89 91 94 96 99 101 104 106 109 111 114 116 119 121 124 126 129 131 134
a 2 4 7 8 10 13 15 19 21 24 27 28 30 33 35 39 41 44 47 48 50 53 55 58 61 64 66 69 71 74 76 79 81 84 86 89 91 94 96 99 101 104 106 109 111 114 116 119 121 124 126 129 131 134
a 2 4 7 8 10 13 15 19 21 24 27 28 30 33 35 39 41 44 47 48 50 53 57 58 61 64 66 69 71 74 76 79 81 84 86 89 91 94 96 99 101 104 106 109 111 114 116 119 121 124 126 129 131 134
a 2 4 7 8 10 13 15 19 21 24 27 28 30 33 35 39 41 44 47 48 50 54 57 58 61 64 66 69 71 74 76 79 81 84 86 89 91 94 96 99 101 104 106 109 111 114 116 119 121 124 126 129 131 134
a 2 4 7 8 10 13 15 19 21 24 27 28 30 33 35 39 41 44 47 48 51 54 57 58 61 64 66 69 71 74 76 79 81 84 86 89 91 94 96 99 101 104 106 109 111 114 116 119 121 124 126 129 131 134
a 2 4 7 8 10 13 15 19 21 24 27 28 30 33 35 38 41 44 47 48 51 54 57 58 61 64 66 69 71 74 76 79 81 84 86 89 91 94 96 99 101 104 106 109 111 114 116 119 121 124 126 129 131 134
a 2 4 7 8 10 13 15 19 21 24 27 28 30 33 37 38 41 44 47 48 51 54 57 58 61 64 66 69 71 74 76 79 81 84 86 89 91 94 96 99 101 104 106 109 111 114 116 119 121 124 126 129 131 134
a 2 4 7 8 10 13 15 19 21 24 27 28 30 34 37 38 41 44 47 48 51 54 57 58 61 64 66 69 71 74 76 79 81 84 86 89 91 94 96 99 101 104 106 109 111 114 116 119 121 124 126 129 131 134
a 2 4 7 8 10 13 15 19 21 24 27 28 31 34 37 38 41 44 47 48 51 54 57 58 61 64 66 69 71 74 76 79 81 84 86 89 91 94 96 99 101 104 106 109 111 114 116 119 121 124 126 129 131 134
a 2 4 7 8 10 13 15 18 21 24 27 28 31 34 37 38 41 44 47 48 51 54 57 58 61 64 66 69 71 74 76 79 81 84 86 89 91 94 96 99 101 104 106 109 111 114 116 119 121 124 126 129 131 134
a 2 4 7 8 10 13 17 18 21 24 27 28 31 34 37 38 41 44 47 48 51 54 57 58 61 64 66 69 71 74 76 79 81 84 86 89 91 94 96 99 101 104 106 109 111 114 116 119 121 124 126 129 131 134
a 2 4 7 8 10 14 17 18 21 24 27 28 31 34 37 38 41 44 47 48 51 54 57 58 61 64 66 69 71 74 76 79 81 84 86 89 91 94 96 99 101 104 106 109 111 114 116 119 121 124 126 129 131 134
a 2 4 7 8 11 14 17 18 21 24 27 28 31 34 37 38 41 44 47 48 51 54 57 58 61 64 66 69 71 74 76 79 81 84 86 89 91 94 96 99 101 104 106 109 111 114 116 119 121 124 126 129 131 134
a 1 4 7 8 11 14 17 18 21 24 27 28 31 34 37 38 41 44 47 48 51 54 57 58 61 64 66 69 71 74 76 79 81 84 86 89 91 94 96 99 101 104 106 109 111 114 116 119 121 124 126 129 131 134
a 1 3 7 8 11 14 17 18 21 24 27 28 31 34 37 38 41 44 47 48 51 54 57 58 61 64 66 69 71 74 76 79 81 84 86 89 91 94 96 99 101 104 106 109 111 114 116 119 121 124 126 129 131 134
a 1 3 5 8 11 14 17 18 21 24 27 28 31 34 37 38 41 44 47 48 51 54 57 58 61 64 66 69 71 74 76 79 81 84 86 89 91 94 96 99 101 104 106 109 111 114 116 119 121 124 126 129 131 134
a 1 3 5 9 11 14 17 18 21 24 27 28 31 34 37 38 41 44 47 48 51 54 57 58 61 64 66 69 71 74 76 79 81 84 86 89 91 94 96 99 101 104 106 109 111 114 116 119 121 124 126 129 131 134
a 1 3 5 9 11 14 17 18 20 24 27 28 31 34 37 38 41 44 47 48 51 54 57 58 61 64 66 69 71 74 76 79 81 84 86 89 91 94 96 99 101 104 106 109 111 114 116 119 121 124 126 129 131 134
a 1 3 5 9 11 14 17 18 20 23 27 28 31 34 37 38 41 44 47 48 51 54 57 58 61 64 66 69 71 74 76 79 81 84 86 89 91 94 96 99 101 104 106 109 111 114 116 119 121 124 126 129 131 134
a 1 3 5 9 11 14 17 18 20 23 25 28 31 34 37 38 41 44 47 48 51 54 57 58 61 64 66 69 71 74 76 79 81 84 86 89 91 94 96 99 101 104 106 109 111 114 116 119 121 124 126 129 131 134
a 1 3 5 9 11 14 17 18 20 23 25 29 31 34 37 38 41 44 47 48 51 54 57 58 61 64 66 69 71 74 76 79 81 84 86 89 91 94 96 99 101 104 106 109 111 114 116 119 121 124 126 129 131 134
a 1 3 5 9 11 14 17 18 20 23 25 29 31 34 37 38 40 44 47 48 51 54 57 58 61 64 66 69 71 74 76 79 81 84 86 89 91 94 96 99 101 104 106 109 111 114 116 119 121 124 126 129 131 134
a 1 3 5 9 11 14 17 18 20 23 25 29 31 34 37 38 40 43 47 48 51 54 57 58 61 64 66 69 71 74 76 79 81 84 86 89 91 94 96 99 101 104 106 109 111 114 116 119 121 124 126 129 131 134
a 1 3 5 9 11 14 17 18 20 23 25 29 31 34 37 38 40 43 45 48 51 54 57 58 61 64 66 69 71 74 76 79 81 84 86 89 91 94 96 99 101 104 106 109 111 114 116 119 121 124 126 129 131 134
a 1 3 5 9 11 14 17 18 20 23 25 29 31 34 37 38 40 43 45 49 51 54 57 58 61 64 66 69 71 74 76 79 81 84 86 89 91 94 96 99 101 104 106 109 111 114 116 119 121 124 126 129 131 134
a 1 3 5 9 11 14 17 18 20 23 25 29 31 34 37 38 40 43 45 49 51 54 57 58 60 64 66 69 71 74 76 79 81 84 86 89 91 94 96 99 101 104 106 109 111 114 116 119 121 124 126 129 131 134
a 1 3 5 9 11 14 17 18 20 23 25 29 31 34 37 38 40 43 45 49 51 54 57 58 60 63 66 69 71 74 76 79 81 84 86 89 91 94 96 99 101 104 106 109 111 114 116 119 121 124 126 129 131 134
a 1 3 5 9 11 14 17 18 20 23 25 29 31 34 37 38 40 43 45 49 51 54 57 58 60 63 65 69 71 74 76 79 81 84 86 89 91 94 96 99 101 104 106 109 111 114 116 119 121 124 126 129 131 134
a 1 3 5 9 11 14 17 18 20 23 25 29 31 34 37 38 40 43 45 49 51 54 57 58 60 63 65 68 71 74 76 79 81 84 86 89 91 94 96 99 101 104 106 109 111 114 116 119 121 124 126 129 131 134
a 1 3 5 9 11 14 17 18 20 23 25 29 31 34 37 38 40 43 45 49 51 54 57 58 60 63 67 68 71 74 76 79 81 84 86 89 91 94 96 99 101 104 106 109 111 114 116 119 121 124 126 129 131 134
a 1 3 5 9 11 14 17 18 20 23 25 29 31 34 37 38 40 43 45 49 51 54 57 58 60 64 67 68 71 74 76 79 81 84 86 89 91 94 96 99 101 104 106 109 111 114 116 119 121 124 126 129 131 134
a 1 3 5 9 11 14 17 18 20 23 25 29 31 34 37 38 40 43 45 49 51 54 57 58 61 64 67 68 71 74 76 79 81 84 86 89 91 94 96 99 101 104 106 109 111 114 116 119 121 124 126 129 131 134
a 1 3 5 9 11 14 17 18 20 23 25 29 31 34 37 38 40 43 45 48 51 54 57 58 61 64 67 68 71 74 76 79 81 84 86 89 91 94 96 99 101 104 106 109 111 114 116 119 121 124 126 129 131 134
a 1 3 5 9 11 14 17 18 20 23 25 29 31 34 37 38 40 43 47 48 51 54 57 58 61 64 67 68 71 74 76 79 81 84 86 89 91 94 96 99 101 104 106 109 111 114 116 119 121 124 126 129 131 134
a 1 3 5 9 11 14 17 18 20 23 25 29 31 34 37 38 40 44 47 48 51 54 57 58 61 64 67 68 71 74 76 79 81 84 86 89 91 94 96 99 101 104 106 109 111 114 116 119 121 124 126 129 131 134
a 1 3 5 9 11 14 17 18 20 23 25 29 31 34 37 38 41 44 47 48 51 54 57 58 61 64 67 68 71 74 76 79 81 84 86 89 91 94 96 99 101 104 106 109 111 114 116 119 121 124 126 129 131 134
a 1 3 5 9 11 14 17 18 20 23 25 28 31 34 37 38 41 44 47 48 51 54 57 58 61 64 67 68 71 74 76 79 81 84 86 89 91 94 96 99 101 104 106 109 111 114 116 119 121 124 126 129 131 134
a 1 3 5 9 11 14 17 18 20 23 27 28 31 34 37 38 41 44 47 48 51 54 57 58 61 64 67 68 71 74 76 79 81 84 86 89 91 94 96 99 101 104 106 109 111 114 116 119 121 124 126 129 131 134
a 1 3 5 9 11 14 17 18 20 24 27 28 31 34 37 38 41 44 47 48 51 54 57 58 61 64 67 68 71 74 76 79 81 84 86 89 91 94 96 99 101 104 106 109 111 114 116 119 121 124 126 129 131 134
a 1 3 5 9 11 14 17 18 21 24 27 28 31 34 37 38 41 44 47 48 51 54 57 58 61 64 67 68 71 74 76 79 81 84 86 89 91 94 96 99 101 104 106 109 111 114 116 119 121 124 126 129 131 134
a 1 3 5 8 11 14 17 18 21 24 27 28 31 34 37 38 41 44 47 48 51 54 57 58 61 64 67 68 71 74 76 79 81 84 86 89 91 94 96 99 101 104 106 109 111 114 116 119 121 124 126 129 131 134
a 1 3 7 8 11 14 17 18 21 24 27 28 31 34 37 38 41 44 47 48 51 54 57 58 61 64 67 68 71 74 76 79 81 84 86 89 91 94 96 99 101 104 106 109 111 114 116 119 121 124 126 129 131 134
a 1 4 7 8 11 14 17 18 21 24 27 28 31 34 37 38 41 44 47 48 51 54 57 58 61 64 67 68 71 74 76 79 81 84 86 89 91 94 96 99 101 104 106 109 111 114 116 119 121 124 126 129 131 134
a 2 4 7 8 11 14 17 18 21 24 27 28 31 34 37 38 41 44 47 48 51 54 57 58 61 64 67 68 71 74 76 79 81 84 86 89 91 94 96 99 101 104 106 109 111 114 116 119 121 124 126 129 131 134
a 2 4 7 8 10 14 17 18 21 24 27 28 31 34 37 38 41 44 47 48 51 54 57 58 61 64 67 68 71 74 76 79 81 84 86 89 91 94 96 99 101 104 106 109 111 114 116 119 121 124 126 129 131 134
a 2 4 7 8 10 13 17 18 21 24 27 28 31 34 37 38 41 44 47 48 51 54 57 58 61 64 67 68 71 74 76 79 81 84 86 89 91 94 96 99 101 104 106 109 111 114 116 119 121 124 126 129 131 134
a 2 4 7 8 10 13 15 18 21 24 27 28 31 34 37 38 41 44 47 48 51 54 57 58 61 64 67 68 71 74 76 79 81 84 86 89 91 94 96 99 101 104 106 109 111 114 116 119 121 124 126 129 131 134
a 2 4 7 8 10 13 15 19 21 24 27 28 31 34 37 38 41 44 47 48 51 54 57 58 61 64 67 68 71 74 76 79 81 84 86 89 91 94 96 99 101 104 106 109 111 114 116 119 121 124 126 129 131 134
a 2 4 7 8 10 13 15 19 21 24 27 28 30 34 37 38 41 44 47 48 51 54 57 58 61 64 67 68 71 74 76 79 81 84 86 89 91 94 96 99 101 104 106 109 111 114 116 119 121 124 126 129 131 134
a 2 4 7 8 10 13 15 19 21 24 27 28 30 33 37 38 41 44 47 48 51 54 57 58 61 64 67 68 71 74 76 79 81 84 86 89 91 94 96 99 101 104 106 109 111 114 116 119 121 124 126 129 131 134
a 2 4 7 8 10 13 15 19 21 24 27 28 30 33 35 38 41 44 47 48 51 54 57 58 61 64 67 68 71 74 76 79 81 84 86 89 91 94 96 99 101 104 106 109 111 114 116 119 121 124 126 129 131 134
a 2 4 7 8 10 13 15 19 21 24 27 28 30 33 35 39 41 44 47 48 51 54 57 58 61 64 67 68 71 74 76 79 81 84 86 89 91 94 96 99 101 104 106 109 111 114 116 119 121 124 126 129 131 134
a 2 4 7 8 10 13 15 19 21 24 27 28 30 33 35 39 41 44 47 48 50 54 57 58 61 64 67 68 71 74 76 79 81 84 86 89 91 94 96 99 101 104 106 109 111 114 116 119 121 124 126 129 131 134
a 2 4 7 8 10 13 15 19 21 24 27 28 30 33 35 39 41 44 47 48 50 53 57 58 61 64 67 68 71 74 76 79 81 84 86 89 91 94 96 99 101 104 106 109 111 114 116 119 121 124 126 129 131 134
a 2 4 7 8 10 13 15 19 21 24 27 28 30 33 35 39 41 44 47 48 50 53 55 58 61 64 67 68 71 74 76 79 81 84 86 89 91 94 96 99 101 104 106 109 111 114 116 119 121 124 126 129 131 134
a 2 4 7 8 10 13 15 19 21 24 27 28 30 33 35 39 41 44 47 48 50 53 55 59 61 64 67 68 71 74 76 79 81 84 86 89 91 94 96 99 101 104 106 109 111 114 116 119 121 124 126 129 131 134
a 2 4 7 8 10 13 15 19 21 24 27 28 30 33 35 39 41 44 47 48 50 53 55 59 61 64 67 68 70 74 76 79 81 84 86 89 91 94 96 99 101 104 106 109 111 114 116 119 121 124 126 129 131 134
a 2 4 7 8 10 13 15 19 21 24 27 28 30 33 35 39 41 44 47 48 50 53 55 59 61 64 67 68 70 73 76 79 81 84 86 89 91 94 96 99 101 104 106 109 111 114 116 119 121 124 126 129 131 134
a 2 4 7 8 10 13 15 19 21 24 27 28 30 33 35 39 41 44 47 48 50 53 55 59 61 64 67 68 70 73 75 79 81 84 86 89 91 94 96 99 101 104 106 109 111 114 116 119 121 124 126 129 131 134
a 2 4 7 8 10 13 15 19 21 24 27 28 30 33 35 39 41 44 47 48 50 53 55 59 61 64 67 68 70 73 75 78 81 84 86 89 91 94 96 99 101 104 106 109 111 114 116 119 121 124 126 129 131 134
a 2 4 7 8 10 13 15 19 21 24 27 28 30 33 35 39 41 44 47 48 50 53 55 59 61 64 67 68 70 73 77 78 81 84 86 89 91 94 96 99 101 104 106 109 111 114 116 119 121 124 126 129 131 134
a 2 4 7 8 10 13 15 19 21 24 27 28 30 33 35 39 41 44 47 48 50 53 55 59 61 64 67 68 70 74 77 78 81 84 86 89 91 94 96 99 101 104 106 109 111 114 116 119 121 124 126 129 131 134
a 2 4 7 8 10 13 15 19 21 24 27 28 30 33 35 39 41 44 47 48 50 53 55 59 61 64 67 68 71 74 77 78 81 84 86 89 91 94 96 99 101 104 106 109 111 114 116 119 121 124 126 129 131 134
a 2 4 7 8 10 13 15 19 21 24 27 28 30 33 35 39 41 44 47 48 50 53 55 58 61 64 67 68 71 74 77 78 81 84 86 89 91 94 96 99 101 104 106 109 111 114 116 119 121 124 126 129 131 134
a 2 4 7 8 10 13 15 19 21 24 27 28 30 33 35 39 41 44 47 48 50 53 57 58 61 64 67 68 71 74 77 78 81 84 86 89 91 94 96 99 101 104 106 109 111 114 116 119 121 124 126 129 131 134
a 2 4 7 8 10 13 15 19 21 24 27 28 30 33 35 39 41 44 47 48 50 54 57 58 61 64 67 68 71 74 77 78 81 84 86 89 91 94 96 99 101 104 106 109 111 114 116 119 121 124 126 129 131 134
a 2 4 7 8 10 13 15 19 21 24 27 28 30 33 35 39 41 44 47 48 51 54 57 58 61 64 67 68 71 74 77 78 81 84 86 89 91 94 96 99 101 104 106 109 111 114 116 119 121 124 126 129 131 134
a 2 4 7 8 10 13 15 19 21 24 27 28 30 33 35 38 41 44 47 48 51 54 57 58 61 64 67 68 71 74 77 78 81 84 86 89 91 94 96 99 101 104 106 109 111 114 116 119 121 124 126 129 131 134
a 2 4 7 8 10 13 15 19 21 24 27 28 30 33 37 38 41 44 47 48 51 54 57 58 61 64 67 68 71 74 77 78 81 84 86 89 91 94 96 99 101 104 106 109 111 114 116 119 121 124 126 129 131 134
a 2 4 7 8 10 13 15 19 21 24 27 28 30 34 37 38 41 44 47 48 51 54 57 58 61 64 67 68 71 74 77 78 81 84 86 89 91 94 96 99 101 104 106 109 111 114 116 119 121 124 126 129 131 134
a 2 4 7 8 10 13 15 19 21 24 27 28 31 34 37 38 41 44 47 48 51 54 57 58 61 64 67 68 71 74 77 78 81 84 86 89 91 94 96 99 101 104 106 109 111 114 116 119 121 124 126 129 131 134
a 2 4 7 8 10 13 15 18 21 24 27 28 31 34 37 38 41 44 47 48 51 54 57 58 61 64 67 68 71 74 77 78 81 84 86 89 91 94 96 99 101 104 106 109 111 114 116 119 121 124 126 129 131 134
a 2 4 7 8 10 13 17 18 21 24 27 28 31 34 37 38 41 44 47 48 51 54 57 58 61 64 67 68 71 74 77 78 81 84 86 89 91 94 96 99 101 104 106 109 111 114 116 119 121 124 126 129 131 134
a 2 4 7 8 10 14 17 18 21 24 27 28 31 34 37 38 41 44 47 48 51 54 57 58 61 64 67 68 71 74 77 78 81 84 86 89 91 94 96 99 101 104 106 109 111 114 116 119 121 124 126 129 131 134
a 2 4 7 8 11 14 17 18 21 24 27 28 31 34 37 38 41 44 47 48 51 54 57 58 61 64 67 68 71 74 77 78 81 84 86 89 91 94 96 99 101 104 106 109 111 114 116 119 121 124 126 129 131 134
a 1 4 7 8 11 14 17 18 21 24 27 28 31 34 37 38 41 44 47 48 51 54 57 58 61 64 67 68 71 74 77 78 81 84 86 89 91 94 96 99 101 104 106 109 111 114 116 119 121 124 126 129 131 134
a 1 3 7 8 11 14 17 18 21 24 27 28 31 34 37 38 41 44 47 48 51 54 57 58 61 64 67 68 71 74 77 78 81 84 86 89 91 94 96 99 101 104 106 109 111 114 116 119 121 124 126 129 131 134
a 1 3 5 8 11 14 17 18 21 24 27 28 31 34 37 38 41 44 47 48 51 54 57 58 61 64 67 68 71 74 77 78 81 84 86 89 91 94 96 99 101 104 106 109 111 114 116 119 121 124 126 129 131 134
a 1 3 5 9 11 14 17 18 21 24 27 28 31 34 37 38 41 44 47 48 51 54 57 58 61 64 67 68 71 74 77 78 81 84 86 89 91 94 96 99 101 104 106 109 111 114 116 119 121 124 126 129 131 134
a 1 3 5 9 11 14 17 18 20 24 27 28 31 34 37 38 41 44 47 48 51 54 57 58 61 64 67 68 71 74 77 78 81 84 86 89 91 94 96 99 101 104 106 109 111 114 116 119 121 124 126 129 131 134
a 1 3 5 9 11 14 17 18 20 23 27 28 31 34 37 38 41 44 47 48 51 54 57 58 61 64 67 68 71 74 77 78 81 84 86 89 91 94 96 99 101 104 106 109 111 114 116 119 121 124 126 129 131 134
a 1 3 5 9 11 14 17 18 20 23 25 28 31 34 37 38 41 44 47 48 51 54 57 58 61 64 67 68 71 74 77 78 81 84 86 89 91 94 96 99 101 104 106 109 111 114 116 119 121 124 126 129 131 134
a 1 3 5 9 11 14 17 18 20 23 25 29 31 34 37 38 41 44 47 48 51 54 57 58 61 64 67 68 71 74 77 78 81 84 86 89 91 94 96 99 101 104 106 109 111 114 116 119 121 124 126 129 131 134
a 1 3 5 9 11 14 17 18 20 23 25 29 31 34 37 38 40 44 47 48 51 54 57 58 61 64 67 68 71 74 77 78 81 84 86 89 91 94 96 99 101 104 106 109 111 114 116 119 121 124 126 129 131 134
a 1 3 5 9 11 14 17 18 20 23 25 29 31 34 37 38 40 43 47 48 51 54 57 58 61 64 67 68 71 74 77 78 81 84 86 89 91 94 96 99 101 104 106 109 111 114 116 119 121 124 126 129 131 134
a 1 3 5 9 11 14 17 18 20 23 25 29 31 34 37 38 40 43 45 48 51 54 57 58 61 64 67 68 71 74 77 78 81 84 86 89 91 94 96 99 101 104 106 109 111 114 116 119 121 124 126 129 131 134
a 1 3 5 9 11 14 17 18 20 23 25 29 31 34 37 38 40 43 45 49 51 54 57 58 61 64 67 68 71 74 77 78 81 84 86 89 91 94 96 99 101 104 106 109 111 114 116 119 121 124 126 129 131 134
a 1 3 5 9 11 14 17 18 20 23 25 29 31 34 37 38 40 43 45 49 51 54 57 58 60 64 67 68 71 74 77 78 81 84 86 89 91 94 96 99 101 104 106 109 111 114 116 119 121 124 126 129 131 134
a 1 3 5 9 11 14 17 18 20 23 25 29 31 34 37 38 40 43 45 49 51 54 57 58 60 63 67 68 71 74 77 78 81 84 86 89 91 94 96 99 101 104 106 109 111 114 116 119 121 124 126 129 131 134
a 1 3 5 9 11 14 17 18 20 23 25 29 31 34 37 38 40 43 45 49 51 54 57 58 60 63 65 68 71 74 77 78 81 84 86 89 91 94 96 99 101 104 106 109 111 114 116 119 121 124 126 129 131 134
a 1 3 5 9 11 14 17 18 20 23 25 29 31 34 37 38 40 43 45 49 51 54 57 58 60 63 65 69 71 74 77 78 81 84 86 89 91 94 96 99 101 104 106 109 111 114 116 119 121 124 126 129 131 134
a 1 3 5 9 11 14 17 18 20 23 25 29 31 34 37 38 40 43 45 49 51 54 57 58 60 63 65 69 71 74 77 78 80 84 86 89 91 94 96 99 101 104 106 109 111 114 116 119 121 124 126 129 131 134
a 1 3 5 9 11 14 17 18 20 23 25 29 31 34 37 38 40 43 45 49 51 54 57 58 60 63 65 69 71 74 77 78 80 83 86 89 91 94 96 99 101 104 106 109 111 114 116 119 121 124 126 129 131 134
a 1 3 5 9 11 14 17 18 20 23 25 29 31 34 37 38 40 43 45 49 51 54 57 58 60 63 65 69 71 74 77 78 80 83 85 89 91 94 96 99 101 104 106 109 111 114 116 119 121 124 126 129 131 134
a 1 3 5 9 11 14 17 18 20 23 25 29 31 34 37 38 40 43 45 49 51 54 57 58 60 63 65 69 71 74 77 78 80 83 85 88 91 94 96 99 101 104 106 109 111 114 116 119 121 124 126 129 131 134
a 1 3 5 9 11 14 17 18 20 23 25 29 31 34 37 38 40 43 45 49 51 54 57 58 60 63 65 69 71 74 77 78 80 83 87 88 91 94 96 99 101 104 106 109 111 114 116 119 121 124 126 129 131 134
a 1 3 5 9 11 14 17 18 20 23 25 29 31 34 37 38 40 43 45 49 51 54 57 58 60 63 65 69 71 74 77 78 80 84 87 88 91 94 96 99 101 104 106 109 111 114 116 119 121 124 126 129 131 134
a 1 3 5 9 11 14 17 18 20 23 25 29 31 34 37 38 40 43 45 49 51 54 57 58 60 63 65 69 71 74 77 78 81 84 87 88 91 94 96 99 101 104 106 109 111 114 116 119 121 124 126 129 131 134
a 1 3 5 9 11 14 17 18 20 23 25 29 31 34 37 38 40 43 45 49 51 54 57 58 60 63 65 68 71 74 77 78 81 84 87 88 91 94 96 99 101 104 106 109 111 114 116 119 121 124 126 129 131 134
a 1 3 5 9 11 14 17 18 20 23 25 29 31 34 37 38 40 43 45 49 51 54 57 58 60 63 67 68 71 74 77 78 81 84 87 88 91 94 96 99 101 104 106 109 111 114 116 119 121 124 126 129 131 134
a 1 3 5 9 11 14 17 18 20 23 25 29 31 34 37 38 40 43 45 49 51 54 57 58 60 64 67 68 71 74 77 78 81 84 87 88 91 94 96 99 101 104 106 109 111 114 116 119 121 124 126 129 131 134
a 1 3 5 9 11 14 17 18 20 23 25 29 31 34 37 38 40 43 45 49 51 54 57 58 61 64 67 68 71 74 77 78 81 84 87 88 91 94 96 99 101 104 106 109 111 114 116 119 121 124 126 129 131 134
a 1 3 5 9 11 14 17 18 20 23 25 29 31 34 37 38 40 43 45 48 51 54 57 58 61 64 67 68 71 74 77 78 81 84 87 88 91 94 96 99 101 104 106 109 111 114 116 119 121 124 126 129 131 134
a 1 3 5 9 11 14 17 18 20 23 25 29 31 34 37 38 40 43 47 48 51 54 57 58 61 64 67 68 71 74 77 78 81 84 87 88 91 94 96 99 101 104 106 109 111 114 116 119 121 124 126 129 131 134
a 1 3 5 9 11 14 17 18 20 23 25 29 31 34 37 38 40 44 47 48 51 54 57 58 61 64 67 68 71 74 77 78 81 84 87 88 91 94 96 99 101 104 106 109 111 114 116 119 121 124 126 129 131 134
a 1 3 5 9 11 14 17 18 20 23 25 29 31 34 37 38 41 44 47 48 51 54 57 58 61 64 67 68 71 74 77 78 81 84 87 88 91 94 96 99 101 104 106 109 111 114 116 119 121 124 126 129 131 134
a 1 3 5 9 11 14 17 18 20 23 25 28 31 34 37 38 41 44 47 48 51 54 57 58 61 64 67 68 71 74 77 78 81 84 87 88 91 94 96 99 101 104 106 109 111 114 116 119 121 124 126 129 131 134
a 1 3 5 9 11 14 17 18 20 23 27 28 31 34 37 38 41 44 47 48 51 54 57 58 61 64 67 68 71 74 77 78 81 84 87 88 91 94 96 99 101 104 106 109 111 114 116 119 121 124 126 129 131 134
a 1 3 5 9 11 14 17 18 20 24 27 28 31 34 37 38 41 44 47 48 51 54 57 58 61 64 67 68 71 74 77 78 81 84 87 88 91 94 96 99 101 104 106 109 111 114 116 119 121 124 126 129 131 134
a 1 3 5 9 11 14 17 18 21 24 27 28 31 34 37 38 41 44 47 48 51 54 57 58 61 64 67 68 71 74 77 78 81 84 87 88 91 94 96 99 101 104 106 109 111 114 116 119 121 124 126 129 131 134
a 1 3 5 8 11 14 17 18 21 24 27 28 31 34 37 38 41 44 47 48 51 54 57 58 61 64 67 68 71 74 77 78 81 84 87 88 91 94 96 99 101 104 106 109 111 114 116 119 121 124 126 129 131 134
a 1 3 7 8 11 14 17 18 21 24 27 28 31 34 37 38 41 44 47 48 51 54 57 58 61 64 67 68 71 74 77 78 81 84 87 88 91 94 96 99 101 104 106 109 111 114 116 119 121 124 126 129 131 134
a 1 4 7 8 11 14 17 18 21 24 27 28 31 34 37 38 41 44 47 48 51 54 57 58 61 64 67 68 71 74 77 78 81 84 87 88 91 94 96 99 101 104 106 109 111 114 116 119 121 124 126 129 131 134
a 2 4 7 8 11 14 17 18 21 24 27 28 31 34 37 38 41 44 47 48 51 54 57 58 61 64 67 68 71 74 77 78 81 84 87 88 91 94 96 99 101 104 106 109 111 114 116 119 121 124 126 129 131 134
a 2 4 7 8 10 14 17 18 21 24 27 28 31 34 37 38 41 44 47 48 51 54 57 58 61 64 67 68 71 74 77 78 81 84 87 88 91 94 96 99 101 104 106 109 111 114 116 119 121 124 126 129 131 134
a 2 4 7 8 10 13 17 18 21 24 27 28 31 34 37 38 41 44 47 48 51 54 57 58 61 64 67 68 71 74 77 78 81 84 87 88 91 94 96 99 101 104 106 109 111 114 116 119 121 124 126 129 131 134
a 2 4 7 8 10 13 15 18 21 24 27 28 31 34 37 38 41 44 47 48 51 54 57 58 61 64 67 68 71 74 77 78 81 84 87 88 91 94 96 99 101 104 106 109 111 114 116 119 121 124 126 129 131 134
a 2 4 7 8 10 13 15 19 21 24 27 28 31 34 37 38 41 44 47 48 51 54 57 58 61 64 67 68 71 74 77 78 81 84 87 88 91 94 96 99 101 104 106 109 111 114 116 119 121 124 126 129 131 134
a 2 4 7 8 10 13 15 19 21 24 27 28 30 34 37 38 41 44 47 48 51 54 57 58 61 64 67 68 71 74 77 78 81 84 87 88 91 94 96 99 101 104 106 109 111 114 116 119 121 124 126 129 131 134
a 2 4 7 8 10 13 15 19 21 24 27 28 30 33 37 38 41 44 47 48 51 54 57 58 61 64 67 68 71 74 77 78 81 84 87 88 91 94 96 99 101 104 106 109 111 114 116 119 121 124 126 129 131 134
a 2 4 7 8 10 13 15 19 21 24 27 28 30 33 35 38 41 44 47 48 51 54 57 58 61 64 67 68 71 74 77 78 81 84 87 88 91 94 96 99 101 104 106 109 111 114 116 119 121 124 126 129 131 134
a 2 4 7 8 10 13 15 19 21 24 27 28 30 33 35 39 41 44 47 48 51 54 57 58 61 64 67 68 71 74 77 78 81 84 87 88 91 94 96 99 101 104 106 109 111 114 116 119 121 124 126 129 131 134
a 2 4 7 8 10 13 15 19 21 24 27 28 30 33 35 39 41 44 47 48 50 54 57 58 61 64 67 68 71 74 77 78 81 84 87 88 91 94 96 99 101 104 106 109 111 114 116 119 121 124 126 129 131 134
a 2 4 7 8 10 13 15 19 21 24 27 28 30 33 35 39 41 44 47 48 50 53 57 58 61 64 67 68 71 74 77 78 81 84 87 88 91 94 96 99 101 104 106 109 111 114 116 119 121 124 126 129 131 134
a 2 4 7 8 10 13 15 19 21 24 27 28 30 33 35 39 41 44 47 48 50 53 55 58 61 64 67 68 71 74 77 78 81 84 87 88 91 94 96 99 101 104 106 109 111 114 116 119 121 124 126 129 131 134
a 2 4 7 8 10 13 15 19 21 24 27 28 30 33 35 39 41 44 47 48 50 53 55 59 61 64 67 68 71 74 77 78 81 84 87 88 91 94 96 99 101 104 106 109 111 114 116 119 121 124 126 129 131 134
a 2 4 7 8 10 13 15 19 21 24 27 28 30 33 35 39 41 44 47 48 50 53 55 59 61 64 67 68 70 74 77 78 81 84 87 88 91 94 96 99 101 104 106 109 111 114 116 119 121 124 126 129 131 134
a 2 4 7 8 10 13 15 19 21 24 27 28 30 33 35 39 41 44 47 48 50 53 55 59 61 64 67 68 70 73 77 78 81 84 87 88 91 94 96 99 101 104 106 109 111 114 116 119 121 124 126 129 131 134
a 2 4 7 8 10 13 15 19 21 24 27 28 30 33 35 39 41 44 47 48 50 53 55 59 61 64 67 68 70 73 75 78 81 84 87 88 91 94 96 99 101 104 106 109 111 114 116 119 121 124 126 129 131 134
a 2 4 7 8 10 13 15 19 21 24 27 28 30 33 35 39 41 44 47 48 50 53 55 59 61 64 67 68 70 73 75 79 81 84 87 88 91 94 96 99 101 104 106 109 111 114 116 119 121 124 126 129 131 134
a 2 4 7 8 10 13 15 19 21 24 27 28 30 33 35 39 41 44 47 48 50 53 55 59 61 64 67 68 70 73 75 79 81 84 87 88 90 94 96 99 101 104 106 109 111 114 116 119 121 124 126 129 131 134
a 2 4 7 8 10 13 15 19 21 24 27 28 30 33 35 39 41 44 47 48 50 53 55 59 61 64 67 68 70 73 75 79 81 84 87 88 90 93 96 99 101 104 106 109 111 114 116 119 121 124 126 129 131 134
a 2 4 7 8 10 13 15 19 21 24 27 28 30 33 35 39 41 44 47 48 50 53 55 59 61 64 67 68 70 73 75 79 81 84 87 88 90 93 95 99 101 104 106 109 111 114 116 119 121 124 126 129 131 134
a 2 4 7 8 10 13 15 19 21 24 27 28 30 33 35 39 41 44 47 48 50 53 55 59 61 64 67 68 70 73 75 79 81 84 87 88 90 93 95 98 101 104 106 109 111 114 116 119 121 124 126 129 131 134
a 2 4 7 8 10 13 15 19 21 24 27 28 30 33 35 39 41 44 47 48 50 53 55 59 61 64 67 68 70 73 75 79 81 84 87 88 90 93 97 98 101 104 106 109 111 114 116 119 121 124 126 129 131 134
a 2 4 7 8 10 13 15 19 21 24 27 28 30 33 35 39 41 44 47 48 50 53 55 59 61 64 67 68 70 73 75 79 81 84 87 88 90 94 97 98 101 104 106 109 111 114 116 119 121 124 126 129 131 134
a 2 4 7 8 10 13 15 19 21 24 27 28 30 33 35 39 41 44 47 48 50 53 55 59 61 64 67 68 70 73 75 79 81 84 87 88 91 94 97 98 101 104 106 109 111 114 116 119 121 124 126 129 131 134
a 2 4 7 8 10 13 15 19 21 24 27 28 30 33 35 39 41 44 47 48 50 53 55 59 61 64 67 68 70 73 75 78 81 84 87 88 91 94 97 98 101 104 106 109 111 114 116 119 121 124 126 129 131 134
a 2 4 7 8 10 13 15 19 21 24 27 28 30 33 35 39 41 44 47 48 50 53 55 59 61 64 67 68 70 73 77 78 81 84 87 88 91 94 97 98 101 104 106 109 111 114 116 119 121 124 126 129 131 134
a 2 4 7 8 10 13 15 19 21 24 27 28 30 33 35 39 41 44 47 48 50 53 55 59 61 64 67 68 70 74 77 78 81 84 87 88 91 94 97 98 101 104 106 109 111 114 116 119 121 124 126 129 131 134
a 2 4 7 8 10 13 15 19 21 24 27 28 30 33 35 39 41 44 47 48 50 53 55 59 61 64 67 68 71 74 77 78 81 84 87 88 91 94 97 98 101 104 106 109 111 114 116 119 121 124 126 129 131 134
a 2 4 7 8 10 13 15 19 21 24 27 28 30 33 35 39 41 44 47 48 50 53 55 58 61 64 67 68 71 74 77 78 81 84 87 88 91 94 97 98 101 104 106 109 111 114 116 119 121 124 126 129 131 134
a 2 4 7 8 10 13 15 19 21 24 27 28 30 33 35 39 41 44 47 48 50 53 57 58 61 64 67 68 71 74 77 78 81 84 87 88 91 94 97 98 101 104 106 109 111 114 116 119 121 124 126 129 131 134
a 2 4 7 8 10 13 15 19 21 24 27 28 30 33 35 39 41 44 47 48 50 54 57 58 61 64 67 68 71 74 77 78 81 84 87 88 91 94 97 98 101 104 106 109 111 114 116 119 121 124 126 129 131 134
a 2 4 7 8 10 13 15 19 21 24 27 28 30 33 35 39 41 44 47 48 51 54 57 58 61 64 67 68 71 74 77 78 81 84 87 88 91 94 97 98 101 104 106 109 111 114 116 119 121 124 126 129 131 134
a 2 4 7 8 10 13 15 19 21 24 27 28 30 33 35 38 41 44 47 48 51 54 57 58 61 64 67 68 71 74 77 78 81 84 87 88 91 94 97 98 101 104 106 109 111 114 116 119 121 124 126 129 131 134
a 2 4 7 8 10 13 15 19 21 24 27 28 30 33 37 38 41 44 47 48 51 54 57 58 61 64 67 68 71 74 77 78 81 84 87 88 91 94 97 98 101 104 106 109 111 114 116 119 121 124 126 129 131 134
a 2 4 7 8 10 13 15 19 21 24 27 28 30 34 37 38 41 44 47 48 51 54 57 58 61 64 67 68 71 74 77 78 81 84 87 88 91 94 97 98 101 104 106 109 111 114 116 119 121 124 126 129 131 134
a 2 4 7 8 10 13 15 19 21 24 27 28 31 34 37 38 41 44 47 48 51 54 57 58 61 64 67 68 71 74 77 78 81 84 87 88 91 94 97 98 101 104 106 109 111 114 116 119 121 124 126 129 131 134
a 2 4 7 8 10 13 15 18 21 24 27 28 31 34 37 38 41 44 47 48 51 54 57 58 61 64 67 68 71 74 77 78 81 84 87 88 91 94 97 98 101 104 106 109 111 114 116 119 121 124 126 129 131 134
a 2 4 7 8 10 13 17 18 21 24 27 28 31 34 37 38 41 44 47 48 51 54 57 58 61 64 67 68 71 74 77 78 81 84 87 88 91 94 97 98 101 104 106 109 111 114 116 119 121 124 126 129 131 134
a 2 4 7 8 10 14 17 18 21 24 27 28 31 34 37 38 41 44 47 48 51 54 57 58 61 64 67 68 71 74 77 78 81 84 87 88 91 94 97 98 101 104 106 109 111 114 116 119 121 124 126 129 131 134
a 2 4 7 8 11 14 17 18 21 24 27 28 31 34 37 38 41 44 47 48 51 54 57 58 61 64 67 68 71 74 77 78 81 84 87 88 91 94 97 98 101 104 106 109 111 114 116 119 121 124 126 129 131 134
a 1 4 7 8 11 14 17 18 21 24 27 28 31 34 37 38 41 44 47 48 51 54 57 58 61 64 67 68 71 74 77 78 81 84 87 88 91 94 97 98 101 104 106 109 111 114 116 119 121 124 126 129 131 134
a 1 3 7 8 11 14 17 18 21 24 27 28 31 34 37 38 41 44 47 48 51 54 57 58 61 64 67 68 71 74 77 78 81 84 87 88 91 94 97 98 101 104 106 109 111 114 116 119 121 124 126 129 131 134
a 1 3 5 8 11 14 17 18 21 24 27 28 31 34 37 38 41 44 47 48 51 54 57 58 61 64 67 68 71 74 77 78 81 84 87 88 91 94 97 98 101 104 106 109 111 114 116 119 121 124 126 129 131 134
a 1 3 5 9 11 14 17 18 21 24 27 28 31 34 37 38 41 44 47 48 51 54 57 58 61 64 67 68 71 74 77 78 81 84 87 88 91 94 97 98 101 104 106 109 111 114 116 119 121 124 126 129 131 134
a 1 3 5 9 11 14 17 18 20 24 27 28 31 34 37 38 41 44 47 48 51 54 57 58 61 64 67 68 71 74 77 78 81 84 87 88 91 94 97 98 101 104 106 109 111 114 116 119 121 124 126 129 131 134
a 1 3 5 9 11 14 17 18 20 23 27 28 31 34 37 38 41 44 47 48 51 54 57 58 61 64 67 68 71 74 77 78 81 84 87 88 91 94 97 98 101 104 106 109 111 114 116 119 121 124 126 129 131 134
a 1 3 5 9 11 14 17 18 20 23 25 28 31 34 37 38 41 44 47 48 51 54 57 58 61 64 67 68 71 74 77 78 81 84 87 88 91 94 97 98 101 104 106 109 111 114 116 119 121 124 126 129 131 134
a 1 3 5 9 11 14 17 18 20 23 25 29 31 34 37 38 41 44 47 48 51 54 57 58 61 64 67 68 71 74 77 78 81 84 87 88 91 94 97 98 101 104 106 109 111 114 116 119 121 124 126 129 131 134
a 1 3 5 9 11 14 17 18 20 23 25 29 31 34 37 38 40 44 47 48 51 54 57 58 61 64 67 68 71 74 77 78 81 84 87 88 91 94 97 98 101 104 106 109 111 114 116 119 121 124 126 129 131 134
a 1 3 5 9 11 14 17 18 20 23 25 29 31 34 37 38 40 43 47 48 51 54 57 58 61 64 67 68 71 74 77 78 81 84 87 88 91 94 97 98 101 104 106 109 111 114 116 119 121 124 126 129 131 134
a 1 3 5 9 11 14 17 18 20 23 25 29 31 34 37 38 40 43 45 48 51 54 57 58 61 64 67 68 71 74 77 78 81 84 87 88 91 94 97 98 101 104 106 109 111 114 116 119 121 124 126 129 131 134
a 1 3 5 9 11 14 17 18 20 23 25 29 31 34 37 38 40 43 45 49 51 54 57 58 61 64 67 68 71 74 77 78 81 84 87 88 91 94 97 98 101 104 106 109 111 114 116 119 121 124 126 129 131 134
a 1 3 5 9 11 14 17 18 20 23 25 29 31 34 37 38 40 43 45 49 51 54 57 58 60 64 67 68 71 74 77 78 81 84 87 88 91 94 97 98 101 104 106 109 111 114 116 119 121 124 126 129 131 134
a 1 3 5 9 11 14 17 18 20 23 25 29 31 34 37 38 40 43 45 49 51 54 57 58 60 63 67 68 71 74 77 78 81 84 87 88 91 94 97 98 101 104 106 109 111 114 116 119 121 124 126 129 131 134
a 1 3 5 9 11 14 17 18 20 23 25 29 31 34 37 38 40 43 45 49 51 54 57 58 60 63 65 68 71 74 77 78 81 84 87 88 91 94 97 98 101 104 106 109 111 114 116 119 121 124 126 129 131 134
a 1 3 5 9 11 14 17 18 20 23 25 29 31 34 37 38 40 43 45 49 51 54 57 58 60 63 65 69 71 74 77 78 81 84 87 88 91 94 97 98 101 104 106 109 111 114 116 119 121 124 126 129 131 134
a 1 3 5 9 11 14 17 18 20 23 25 29 31 34 37 38 40 43 45 49 51 54 57 58 60 63 65 69 71 74 77 78 80 84 87 88 91 94 97 98 101 104 106 109 111 114 116 119 121 124 126 129 131 134
a 1 3 5 9 11 14 17 18 20 23 25 29 31 34 37 38 40 43 45 49 51 54 57 58 60 63 65 69 71 74 77 78 80 83 87 88 91 94 97 98 101 104 106 109 111 114 116 119 121 124 126 129 131 134
a 1 3 5 9 11 14 17 18 20 23 25 29 31 34 37 38 40 43 45 49 51 54 57 58 60 63 65 69 71 74 77 78 80 83 85 88 91 94 97 98 101 104 106 109 111 114 116 119 121 124 126 129 131 134
a 1 3 5 9 11 14 17 18 20 23 25 29 31 34 37 38 40 43 45 49 51 54 57 58 60 63 65 69 71 74 77 78 80 83 85 89 91 94 97 98 101 104 106 109 111 114 116 119 121 124 126 129 131 134
a 1 3 5 9 11 14 17 18 20 23 25 29 31 34 37 38 40 43 45 49 51 54 57 58 60 63 65 69 71 74 77 78 80 83 85 89 91 94 97 98 100 104 106 109 111 114 116 119 121 124 126 129 131 134
a 1 3 5 9 11 14 17 18 20 23 25 29 31 34 37 38 40 43 45 49 51 54 57 58 60 63 65 69 71 74 77 78 80 83 85 89 91 94 97 98 100 103 106 109 111 114 116 119 121 124 126 129 131 134
a 1 3 5 9 11 14 17 18 20 23 25 29 31 34 37 38 40 43 45 49 51 54 57 58 60 63 65 69 71 74 77 78 80 83 85 89 91 94 97 98 100 103 105 109 111 114 116 119 121 124 126 129 131 134
a 1 3 5 9 11 14 17 18 20 23 25 29 31 34 37 38 40 43 45 49 51 54 57 58 60 63 65 69 71 74 77 78 80 83 85 89 91 94 97 98 100 103 105 108 111 114 116 119 121 124 126 129 131 134
a 1 3 5 9 11 14 17 18 20 23 25 29 31 34 37 38 40 43 45 49 51 54 57 58 60 63 65 69 71 74 77 78 80 83 85 89 91 94 97 98 100 103 107 108 111 114 116 119 121 124 126 129 131 134
a 1 3 5 9 11 14 17 18 20 23 25 29 31 34 37 38 40 43 45 49 51 54 57 58 60 63 65 69 71 74 77 78 80 83 85 89 91 94 97 98 100 104 107 108 111 114 116 119 121 124 126 129 131 134
a 1 3 5 9 11 14 17 18 20 23 25 29 31 34 37 38 40 43 45 49 51 54 57 58 60 63 65 69 71 74 77 78 80 83 85 89 91 94 97 98 101 104 107 108 111 114 116 119 121 124 126 129 131 134
a 1 3 5 9 11 14 17 18 20 23 25 29 31 34 37 38 40 43 45 49 51 54 57 58 60 63 65 69 71 74 77 78 80 83 85 88 91 94 97 98 101 104 107 108 111 114 116 119 121 124 126 129 131 134
a 1 3 5 9 11 14 17 18 20 23 25 29 31 34 37 38 40 43 45 49 51 54 57 58 60 63 65 69 71 74 77 78 80 83 87 88 91 94 97 98 101 104 107 108 111 114 116 119 121 124 126 129 131 134
a 1 3 5 9 11 14 17 18 20 23 25 29 31 34 37 38 40 43 45 49 51 54 57 58 60 63 65 69 71 74 77 78 80 84 87 88 91 94 97 98 101 104 107 108 111 114 116 119 121 124 126 129 131 134
a 1 3 5 9 11 14 17 18 20 23 25 29 31 34 37 38 40 43 45 49 51 54 57 58 60 63 65 69 71 74 77 78 81 84 87 88 91 94 97 98 101 104 107 108 111 114 116 119 121 124 126 129 131 134
a 1 3 5 9 11 14 17 18 20 23 25 29 31 34 37 38 40 43 45 49 51 54 57 58 60 63 65 68 71 74 77 78 81 84 87 88 91 94 97 98 101 104 107 108 111 114 116 119 121 124 126 129 131 134
a 1 3 5 9 11 14 17 18 20 23 25 29 31 34 37 38 40 43 45 49 51 54 57 58 60 63 67 68 71 74 77 78 81 84 87 88 91 94 97 98 101 104 107 108 111 114 116 119 121 124 126 129 131 134
a 1 3 5 9 11 14 17 18 20 23 25 29 31 34 37 38 40 43 45 49 51 54 57 58 60 64 67 68 71 74 77 78 81 84 87 88 91 94 97 98 101 104 107 108 111 114 116 119 121 124 126 129 131 134
a 1 3 5 9 11 14 17 18 20 23 25 29 31 34 37 38 40 43 45 49 51 54 57 58 61 64 67 68 71 74 77 78 81 84 87 88 91 94 97 98 101 104 107 108 111 114 116 119 121 124 126 129 131 134
a 1 3 5 9 11 14 17 18 20 23 25 29 31 34 37 38 40 43 45 48 51 54 57 58 61 64 67 68 71 74 77 78 81 84 87 88 91 94 97 98 101 104 107 108 111 114 116 119 121 124 126 129 131 134
a 1 3 5 9 11 14 17 18 20 23 25 29 31 34 37 38 40 43 47 48 51 54 57 58 61 64 67 68 71 74 77 78 81 84 87 88 91 94 97 98 101 104 107 108 111 114 116 119 121 124 126 129 131 134
a 1 3 5 9 11 14 17 18 20 23 25 29 31 34 37 38 40 44 47 48 51 54 57 58 61 64 67 68 71 74 77 78 81 84 87 88 91 94 97 98 101 104 107 108 111 114 116 119 121 124 126 129 131 134
a 1 3 5 9 11 14 17 18 20 23 25 29 31 34 37 38 41 44 47 48 51 54 57 58 61 64 67 68 71 74 77 78 81 84 87 88 91 94 97 98 101 104 107 108 111 114 116 119 121 124 126 129 131 134
a 1 3 5 9 11 14 17 18 20 23 25 28 31 34 37 38 41 44 47 48 51 54 57 58 61 64 67 68 71 74 77 78 81 84 87 88 91 94 97 98 101 104 107 108 111 114 116 119 121 124 126 129 131 134
a 1 3 5 9 11 14 17 18 20 23 27 28 31 34 37 38 41 44 47 48 51 54 57 58 61 64 67 68 71 74 77 78 81 84 87 88 91 94 97 98 101 104 107 108 111 114 116 119 121 124 126 129 131 134
a 1 3 5 9 11 14 17 18 20 24 27 28 31 34 37 38 41 44 47 48 51 54 57 58 61 64 67 68 71 74 77 78 81 84 87 88 91 94 97 98 101 104 107 108 111 114 116 119 121 124 126 129 131 134
a 1 3 5 9 11 14 17 18 21 24 27 28 31 34 37 38 41 44 47 48 51 54 57 58 61 64 67 68 71 74 77 78 81 84 87 88 91 94 97 98 101 104 107 108 111 114 116 119 121 124 126 129 131 134
a 1 3 5 8 11 14 17 18 21 24 27 28 31 34 37 38 41 44 47 48 51 54 57 58 61 64 67 68 71 74 77 78 81 84 87 88 91 94 97 98 101 104 107 108 111 114 116 119 121 124 126 129 131 134
a 1 3 7 8 11 14 17 18 21 24 27 28 31 34 37 38 41 44 47 48 51 54 57 58 61 64 67 68 71 74 77 78 81 84 87 88 91 94 97 98 101 104 107 108 111 114 116 119 121 124 126 129 131 134
a 1 4 7 8 11 14 17 18 21 24 27 28 31 34 37 38 41 44 47 48 51 54 57 58 61 64 67 68 71 74 77 78 81 84 87 88 91 94 97 98 101 104 107 108 111 114 116 119 121 124 126 129 131 134
a 2 4 7 8 11 14 17 18 21 24 27 28 31 34 37 38 41 44 47 48 51 54 57 58 61 64 67 68 71 74 77 78 81 84 87 88 91 94 97 98 101 104 107 108 111 114 116 119 121 124 126 129 131 134
a 2 4 7 8 10 14 17 18 21 24 27 28 31 34 37 38 41 44 47 48 51 54 57 58 61 64 67 68 71 74 77 78 81 84 87 88 91 94 97 98 101 104 107 108 111 114 116 119 121 124 126 129 131 134
a 2 4 7 8 10 13 17 18 21 24 27 28 31 34 37 38 41 44 47 48 51 54 57 58 61 64 67 68 71 74 77 78 81 84 87 88 91 94 97 98 101 104 107 108 111 114 116 119 121 124 126 129 131 134
a 2 4 7 8 10 13 15 18 21 24 27 28 31 34 37 38 41 44 47 48 51 54 57 58 61 64 67 68 71 74 77 78 81 84 87 88 91 94 97 98 101 104 107 108 111 114 116 119 121 124 126 129 131 134
a 2 4 7 8 10 13 15 19 21 24 27 28 31 34 37 38 41 44 47 48 51 54 57 58 61 64 67 68 71 74 77 78 81 84 87 88 91 94 97 98 101 104 107 108 111 114 116 119 121 124 126 129 131 134
a 2 4 7 8 10 13 15 19 21 24 27 28 30 34 37 38 41 44 47 48 51 54 57 58 61 64 67 68 71 74 77 78 81 84 87 88 91 94 97 98 101 104 107 108 111 114 116 119 121 124 126 129 131 134
a 2 4 7 8 10 13 15 19 21 24 27 28 30 33 37 38 41 44 47 48 51 54 57 58 61 64 67 68 71 74 77 78 81 84 87 88 91 94 97 98 101 104 107 108 111 114 116 119 121 124 126 129 131 134
a 2 4 7 8 10 13 15 19 21 24 27 28 30 33 35 38 41 44 47 48 51 54 57 58 61 64 67 68 71 74 77 78 81 84 87 88 91 94 97 98 101 104 107 108 111 114 116 119 121 124 126 129 131 134
a 2 4 7 8 10 13 15 19 21 24 27 28 30 33 35 39 41 44 47 48 51 54 57 58 61 64 67 68 71 74 77 78 81 84 87 88 91 94 97 98 101 104 107 108 111 114 116 119 121 124 126 129 131 134
a 2 4 7 8 10 13 15 19 21 24 27 28 30 33 35 39 41 44 47 48 50 54 57 58 61 64 67 68 71 74 77 78 81 84 87 88 91 94 97 98 101 104 107 108 111 114 116 119 121 124 126 129 131 134
a 2 4 7 8 10 13 15 19 21 24 27 28 30 33 35 39 41 44 47 48 50 53 57 58 61 64 67 68 71 74 77 78 81 84 87 88 91 94 97 98 101 104 107 108 111 114 116 119 121 124 126 129 131 134
a 2 4 7 8 10 13 15 19 21 24 27 28 30 33 35 39 41 44 47 48 50 53 55 58 61 64 67 68 71 74 77 78 81 84 87 88 91 94 97 98 101 104 107 108 111 114 116 119 121 124 126 129 131 134
a 2 4 7 8 10 13 15 19 21 24 27 28 30 33 35 39 41 44 47 48 50 53 55 59 61 64 67 68 71 74 77 78 81 84 87 88 91 94 97 98 101 104 107 108 111 114 116 119 121 124 126 129 131 134
a 2 4 7 8 10 13 15 19 21 24 27 28 30 33 35 39 41 44 47 48 50 53 55 59 61 64 67 68 70 74 77 78 81 84 87 88 91 94 97 98 101 104 107 108 111 114 116 119 121 124 126 129 131 134
a 2 4 7 8 10 13 15 19 21 24 27 28 30 33 35 39 41 44 47 48 50 53 55 59 61 64 67 68 70 73 77 78 81 84 87 88 91 94 97 98 101 104 107 108 111 114 116 119 121 124 126 129 131 134
a 2 4 7 8 10 13 15 19 21 24 27 28 30 33 35 39 41 44 47 48 50 53 55 59 61 64 67 68 70 73 75 78 81 84 87 88 91 94 97 98 101 104 107 108 111 114 116 119 121 124 126 129 131 134
a 2 4 7 8 10 13 15 19 21 24 27 28 30 33 35 39 41 44 47 48 50 53 55 59 61 64 67 68 70 73 75 79 81 84 87 88 91 94 97 98 101 104 107 108 111 114 116 119 121 124 126 129 131 134
a 2 4 7 8 10 13 15 19 21 24 27 28 30 33 35 39 41 44 47 48 50 53 55 59 61 64 67 68 70 73 75 79 81 84 87 88 90 94 97 98 101 104 107 108 111 114 116 119 121 124 126 129 131 134
a 2 4 7 8 10 13 15 19 21 24 27 28 30 33 35 39 41 44 47 48 50 53 55 59 61 64 67 68 70 73 75 79 81 84 87 88 90 93 97 98 101 104 107 108 111 114 116 119 121 124 126 129 131 134
a 2 4 7 8 10 13 15 19 21 24 27 28 30 33 35 39 41 44 47 48 50 53 55 59 61 64 67 68 70 73 75 79 81 84 87 88 90 93 95 98 101 104 107 108 111 114 116 119 121 124 126 129 131 134
a 2 4 7 8 10 13 15 19 21 24 27 28 30 33 35 39 41 44 47 48 50 53 55 59 61 64 67 68 70 73 75 79 81 84 87 88 90 93 95 99 101 104 107 108 111 114 116 119 121 124 126 129 131 134
a 2 4 7 8 10 13 15 19 21 24 27 28 30 33 35 39 41 44 47 48 50 53 55 59 61 64 67 68 70 73 75 79 81 84 87 88 90 93 95 99 101 104 107 108 110 114 116 119 121 124 126 129 131 134
a 2 4 7 8 10 13 15 19 21 24 27 28 30 33 35 39 41 44 47 48 50 53 55 59 61 64 67 68 70 73 75 79 81 84 87 88 90 93 95 99 101 104 107 108 110 113 116 119 121 124 126 129 131 134
a 2 4 7 8 10 13 15 19 21 24 27 28 30 33 35 39 41 44 47 48 50 53 55 59 61 64 67 68 70 73 75 79 81 84 87 88 90 93 95 99 101 104 107 108 110 113 115 119 121 124 126 129 131 134
a 2 4 7 8 10 13 15 19 21 24 27 28 30 33 35 39 41 44 47 48 50 53 55 59 61 64 67 68 70 73 75 79 81 84 87 88 90 93 95 99 101 104 107 108 110 113 115 118 121 124 126 129 131 134
a 2 4 7 8 10 13 15 19 21 24 27 28 30 33 35 39 41 44 47 48 50 53 55 59 61 64 67 68 70 73 75 79 81 84 87 88 90 93 95 99 101 104 107 108 110 113 117 118 121 124 126 129 131 134
a 2 4 7 8 10 13 15 19 21 24 27 28 30 33 35 39 41 44 47 48 50 53 55 59 61 64 67 68 70 73 75 79 81 84 87 88 90 93 95 99 101 104 107 108 110 114 117 118 121 124 126 129 131 134
a 2 4 7 8 10 13 15 19 21 24 27 28 30 33 35 39 41 44 47 48 50 53 55 59 61 64 67 68 70 73 75 79 81 84 87 88 90 93 95 99 101 104 107 108 111 114 117 118 121 124 126 129 131 134
a 2 4 7 8 10 13 15 19 21 24 27 28 30 33 35 39 41 44 47 48 50 53 55 59 61 64 67 68 70 73 75 79 81 84 87 88 90 93 95 98 101 104 107 108 111 114 117 118 121 124 126 129 131 134
a 2 4 7 8 10 13 15 19 21 24 27 28 30 33 35 39 41 44 47 48 50 53 55 59 61 64 67 68 70 73 75 79 81 84 87 88 90 93 97 98 101 104 107 108 111 114 117 118 121 124 126 129 131 134
a 2 4 7 8 10 13 15 19 21 24 27 28 30 33 35 39 41 44 47 48 50 53 55 59 61 64 67 68 70 73 75 79 81 84 87 88 90 94 97 98 101 104 107 108 111 114 117 118 121 124 126 129 131 134
a 2 4 7 8 10 13 15 19 21 24 27 28 30 33 35 39 41 44 47 48 50 53 55 59 61 64 67 68 70 73 75 79 81 84 87 88 91 94 97 98 101 104 107 108 111 114 117 118 121 124 126 129 131 134
a 2 4 7 8 10 13 15 19 21 24 27 28 30 33 35 39 41 44 47 48 50 53 55 59 61 64 67 68 70 73 75 78 81 84 87 88 91 94 97 98 101 104 107 108 111 114 117 118 121 124 126 129 131 134
a 2 4 7 8 10 13 15 19 21 24 27 28 30 33 35 39 41 44 47 48 50 53 55 59 61 64 67 68 70 73 77 78 81 84 87 88 91 94 97 98 101 104 107 108 111 114 117 118 121 124 126 129 131 134
a 2 4 7 8 10 13 15 19 21 24 27 28 30 33 35 39 41 44 47 48 50 53 55 59 61 64 67 68 70 74 77 78 81 84 87 88 91 94 97 98 101 104 107 108 111 114 117 118 121 124 126 129 131 134
a 2 4 7 8 10 13 15 19 21 24 27 28 30 33 35 39 41 44 47 48 50 53 55 59 61 64 67 68 71 74 77 78 81 84 87 88 91 94 97 98 101 104 107 108 111 114 117 118 121 124 126 129 131 134
a 2 4 7 8 10 13 15 19 21 24 27 28 30 33 35 39 41 44 47 48 50 53 55 58 61 64 67 68 71 74 77 78 81 84 87 88 91 94 97 98 101 104 107 108 111 114 117 118 121 124 126 129 131 134
a 2 4 7 8 10 13 15 19 21 24 27 28 30 33 35 39 41 44 47 48 50 53 57 58 61 64 67 68 71 74 77 78 81 84 87 88 91 94 97 98 101 104 107 108 111 114 117 118 121 124 126 129 131 134
a 2 4 7 8 10 13 15 19 21 24 27 28 30 33 35 39 41 44 47 48 50 54 57 58 61 64 67 68 71 74 77 78 81 84 87 88 91 94 97 98 101 104 107 108 111 114 117 118 121 124 126 129 131 134
a 2 4 7 8 10 13 15 19 21 24 27 28 30 33 35 39 41 44 47 48 51 54 57 58 61 64 67 68 71 74 77 78 81 84 87 88 91 94 97 98 101 104 107 108 111 114 117 118 121 124 126 129 131 134
a 2 4 7 8 10 13 15 19 21 24 27 28 30 33 35 38 41 44 47 48 51 54 57 58 61 64 67 68 71 74 77 78 81 84 87 88 91 94 97 98 101 104 107 108 111 114 117 118 121 124 126 129 131 134
a 2 4 7 8 10 13 15 19 21 24 27 28 30 33 37 38 41 44 47 48 51 54 57 58 61 64 67 68 71 74 77 78 81 84 87 88 91 94 97 98 101 104 107 108 111 114 117 118 121 124 126 129 131 134
a 2 4 7 8 10 13 15 19 21 24 27 28 30 34 37 38 41 44 47 48 51 54 57 58 61 64 67 68 71 74 77 78 81 84 87 88 91 94 97 98 101 104 107 108 111 114 117 118 121 124 126 129 131 134
a 2 4 7 8 10 13 15 19 21 24 27 28 31 34 37 38 41 44 47 48 51 54 57 58 61 64 67 68 71 74 77 78 81 84 87 88 91 94 97 98 101 104 107 108 111 114 117 118 121 124 126 129 131 134
a 2 4 7 8 10 13 15 18 21 24 27 28 31 34 37 38 41 44 47 48 51 54 57 58 61 64 67 68 71 74 77 78 81 84 87 88 91 94 97 98 101 104 107 108 111 114 117 118 121 124 126 129 131 134
a 2 4 7 8 10 13 17 18 21 24 27 28 31 34 37 38 41 44 47 48 51 54 57 58 61 64 67 68 71 74 77 78 81 84 87 88 91 94 97 98 101 104 107 108 111 114 117 118 121 124 126 129 131 134
a 2 4 7 8 10 14 17 18 21 24 27 28 31 34 37 38 41 44 47 48 51 54 57 58 61 64 67 68 71 74 77 78 81 84 87 88 91 94 97 98 101 104 107 108 111 114 117 118 121 124 126 129 131 134
a 2 4 7 8 11 14 17 18 21 24 27 28 31 34 37 38 41 44 47 48 51 54 57 58 61 64 67 68 71 74 77 78 81 84 87 88 91 94 97 98 101 104 107 108 111 114 117 118 121 124 126 129 131 134
a 1 4 7 8 11 14 17 18 21 24 27 28 31 34 37 38 41 44 47 48 51 54 57 58 61 64 67 68 71 74 77 78 81 84 87 88 91 94 97 98 101 104 107 108 111 114 117 118 121 124 126 129 131 134
a 1 3 7 8 11 14 17 18 21 24 27 28 31 34 37 38 41 44 47 48 51 54 57 58 61 64 67 68 71 74 77 78 81 84 87 88 91 94 97 98 101 104 107 108 111 114 117 118 121 124 126 129 131 134
a 1 3 5 8 11 14 17 18 21 24 27 28 31 34 37 38 41 44 47 48 51 54 57 58 61 64 67 68 71 74 77 78 81 84 87 88 91 94 97 98 101 104 107 108 111 114 117 118 121 124 126 129 131 134
a 1 3 5 9 11 14 17 18 21 24 27 28 31 34 37 38 41 44 47 48 51 54 57 58 61 64 67 68 71 74 77 78 81 84 87 88 91 94 97 98 101 104 107 108 111 114 117 118 121 124 126 129 131 134
a 1 3 5 9 11 14 17 18 20 24 27 28 31 34 37 38 41 44 47 48 51 54 57 58 61 64 67 68 71 74 77 78 81 84 87 88 91 94 97 98 101 104 107 108 111 114 117 118 121 124 126 129 131 134
a 1 3 5 9 11 14 17 18 20 23 27 28 31 34 37 38 41 44 47 48 51 54 57 58 61 64 67 68 71 74 77 78 81 84 87 88 91 94 97 98 101 104 107 108 111 114 117 118 121 124 126 129 131 134
a 1 3 5 9 11 14 17 18 20 23 25 28 31 34 37 38 41 44 47 48 51 54 57 58 61 64 67 68 71 74 77 78 81 84 87 88 91 94 97 98 101 104 107 108 111 114 117 118 121 124 126 129 131 134
a 1 3 5 9 11 14 17 18 20 23 25 29 31 34 37 38 41 44 47 48 51 54 57 58 61 64 67 68 71 74 77 78 81 84 87 88 91 94 97 98 101 104 107 108 111 114 117 118 121 124 126 129 131 134
a 1 3 5 9 11 14 17 18 20 23 25 29 31 34 37 38 40 44 47 48 51 54 57 58 61 64 67 68 71 74 77 78 81 84 87 88 91 94 97 98 101 104 107 108 111 114 117 118 121 124 126 129 131 134
a 1 3 5 9 11 14 17 18 20 23 25 29 31 34 37 38 40 43 47 48 51 54 57 58 61 64 67 68 71 74 77 78 81 84 87 88 91 94 97 98 101 104 107 108 111 114 117 118 121 124 126 129 131 134
a 1 3 5 9 11 14 17 18 20 23 25 29 31 34 37 38 40 43 45 48 51 54 57 58 61 64 67 68 71 74 77 78 81 84 87 88 91 94 97 98 101 104 107 108 111 114 117 118 121 124 126 129 131 134
a 1 3 5 9 11 14 17 18 20 23 25 29 31 34 37 38 40 43 45 49 51 54 57 58 61 64 67 68 71 74 77 78 81 84 87 88 91 94 97 98 101 104 107 108 111 114 117 118 121 124 126 129 131 134
a 1 3 5 9 11 14 17 18 20 23 25 29 31 34 37 38 40 43 45 49 51 54 57 58 60 64 67 68 71 74 77 78 81 84 87 88 91 94 97 98 101 104 107 108 111 114 117 118 121 124 126 129 131 134
a 1 3 5 9 11 14 17 18 20 23 25 29 31 34 37 38 40 43 45 49 51 54 57 58 60 63 67 68 71 74 77 78 81 84 87 88 91 94 97 98 101 104 107 108 111 114 117 118 121 124 126 129 131 134
a 1 3 5 9 11 14 17 18 20 23 25 29 31 34 37 38 40 43 45 49 51 54 57 58 60 63 65 68 71 74 77 78 81 84 87 88 91 94 97 98 101 104 107 108 111 114 117 118 121 124 126 129 131 134
a 1 3 5 9 11 14 17 18 20 23 25 29 31 34 37 38 40 43 45 49 51 54 57 58 60 63 65 69 71 74 77 78 81 84 87 88 91 94 97 98 101 104 107 108 111 114 117 118 121 124 126 129 131 134
a 1 3 5 9 11 14 17 18 20 23 25 29 31 34 37 38 40 43 45 49 51 54 57 58 60 63 65 69 71 74 77 78 80 84 87 88 91 94 97 98 101 104 107 108 111 114 117 118 121 124 126 129 131 134
a 1 3 5 9 11 14 17 18 20 23 25 29 31 34 37 38 40 43 45 49 51 54 57 58 60 63 65 69 71 74 77 78 80 83 87 88 91 94 97 98 101 104 107 108 111 114 117 118 121 124 126 129 131 134
a 1 3 5 9 11 14 17 18 20 23 25 29 31 34 37 38 40 43 45 49 51 54 57 58 60 63 65 69 71 74 77 78 80 83 85 88 91 94 97 98 101 104 107 108 111 114 117 118 121 124 126 129 131 134
a 1 3 5 9 11 14 17 18 20 23 25 29 31 34 37 38 40 43 45 49 51 54 57 58 60 63 65 69 71 74 77 78 80 83 85 89 91 94 97 98 101 104 107 108 111 114 117 118 121 124 126 129 131 134
a 1 3 5 9 11 14 17 18 20 23 25 29 31 34 37 38 40 43 45 49 51 54 57 58 60 63 65 69 71 74 77 78 80 83 85 89 91 94 97 98 100 104 107 108 111 114 117 118 121 124 126 129 131 134
a 1 3 5 9 11 14 17 18 20 23 25 29 31 34 37 38 40 43 45 49 51 54 57 58 60 63 65 69 71 74 77 78 80 83 85 89 91 94 97 98 100 103 107 108 111 114 117 118 121 124 126 129 131 134
a 1 3 5 9 11 14 17 18 20 23 25 29 31 34 37 38 40 43 45 49 51 54 57 58 60 63 65 69 71 74 77 78 80 83 85 89 91 94 97 98 100 103 105 108 111 114 117 118 121 124 126 129 131 134
a 1 3 5 9 11 14 17 18 20 23 25 29 31 34 37 38 40 43 45 49 51 54 57 58 60 63 65 69 71 74 77 78 80 83 85 89 91 94 97 98 100 103 105 109 111 114 117 118 121 124 126 129 131 134
a 1 3 5 9 11 14 17 18 20 23 25 29 31 34 37 38 40 43 45 49 51 54 57 58 60 63 65 69 71 74 77 78 80 83 85 89 91 94 97 98 100 103 105 109 111 114 117 118 120 124 126 129 131 134
a 1 3 5 9 11 14 17 18 20 23 25 29 31 34 37 38 40 43 45 49 51 54 57 58 60 63 65 69 71 74 77 78 80 83 85 89 91 94 97 98 100 103 105 109 111 114 117 118 120 123 126 129 131 134
a 1 3 5 9 11 14 17 18 20 23 25 29 31 34 37 38 40 43 45 49 51 54 57 58 60 63 65 69 71 74 77 78 80 83 85 89 91 94 97 98 100 103 105 109 111 114 117 118 120 123 125 129 131 134
a 1 3 5 9 11 14 17 18 20 23 25 29 31 34 37 38 40 43 45 49 51 54 57 58 60 63 65 69 71 74 77 78 80 83 85 89 91 94 97 98 100 103 105 109 111 114 117 118 120 123 125 128 131 134
a 1 3 5 9 11 14 17 18 20 23 25 29 31 34 37 38 40 43 45 49 51 54 57 58 60 63 65 69 71 74 77 78 80 83 85 89 91 94 97 98 100 103 105 109 111 114 117 118 120 123 127 128 131 134
a 1 3 5 9 11 14 17 18 20 23 25 29 31 34 37 38 40 43 45 49 51 54 57 58 60 63 65 69 71 74 77 78 80 83 85 89 91 94 97 98 100 103 105 109 111 114 117 118 120 124 127 128 131 134
a 1 3 5 9 11 14 17 18 20 23 25 29 31 34 37 38 40 43 45 49 51 54 57 58 60 63 65 69 71 74 77 78 80 83 85 89 91 94 97 98 100 103 105 109 111 114 117 118 121 124 127 128 131 134
a 1 3 5 9 11 14 17 18 20 23 25 29 31 34 37 38 40 43 45 49 51 54 57 58 60 63 65 69 71 74 77 78 80 83 85 89 91 94 97 98 100 103 105 108 111 114 117 118 121 124 127 128 131 134
a 1 3 5 9 11 14 17 18 20 23 25 29 31 34 37 38 40 43 45 49 51 54 57 58 60 63 65 69 71 74 77 78 80 83 85 89 91 94 97 98 100 103 107 108 111 114 117 118 121 124 127 128 131 134
a 1 3 5 9 11 14 17 18 20 23 25 29 31 34 37 38 40 43 45 49 51 54 57 58 60 63 65 69 71 74 77 78 80 83 85 89 91 94 97 98 100 104 107 108 111 114 117 118 121 124 127 128 131 134
a 1 3 5 9 11 14 17 18 20 23 25 29 31 34 37 38 40 43 45 49 51 54 57 58 60 63 65 69 71 74 77 78 80 83 85 89 91 94 97 98 101 104 107 108 111 114 117 118 121 124 127 128 131 134
a 1 3 5 9 11 14 17 18 20 23 25 29 31 34 37 38 40 43 45 49 51 54 57 58 60 63 65 69 71 74 77 78 80 83 85 88 91 94 97 98 101 104 107 108 111 114 117 118 121 124 127 128 131 134
a 1 3 5 9 11 14 17 18 20 23 25 29 31 34 37 38 40 43 45 49 51 54 57 58 60 63 65 69 71 74 77 78 80 83 87 88 91 94 97 98 101 104 107 108 111 114 117 118 121 124 127 128 131 134
a 1 3 5 9 11 14 17 18 20 23 25 29 31 34 37 38 40 43 45 49 51 54 57 58 60 63 65 69 71 74 77 78 80 84 87 88 91 94 97 98 101 104 107 108 111 114 117 118 121 124 127 128 131 134
a 1 3 5 9 11 14 17 18 20 23 25 29 31 34 37 38 40 43 45 49 51 54 57 58 60 63 65 69 71 74 77 78 81 84 87 88 91 94 97 98 101 104 107 108 111 114 117 118 121 124 127 128 131 134
a 1 3 5 9 11 14 17 18 20 23 25 29 31 34 37 38 40 43 45 49 51 54 57 58 60 63 65 68 71 74 77 78 81 84 87 88 91 94 97 98 101 104 107 108 111 114 117 118 121 124 127 128 131 134
a 1 3 5 9 11 14 17 18 20 23 25 29 31 34 37 38 40 43 45 49 51 54 57 58 60 63 67 68 71 74 77 78 81 84 87 88 91 94 97 98 101 104 107 108 111 114 117 118 121 124 127 128 131 134
a 1 3 5 9 11 14 17 18 20 23 25 29 31 34 37 38 40 43 45 49 51 54 57 58 60 64 67 68 71 74 77 78 81 84 87 88 91 94 97 98 101 104 107 108 111 114 117 118 121 124 127 128 131 134
a 1 3 5 9 11 14 17 18 20 23 25 29 31 34 37 38 40 43 45 49 51 54 57 58 61 64 67 68 71 74 77 78 81 84 87 88 91 94 97 98 101 104 107 108 111 114 117 118 121 124 127 128 131 134
a 1 3 5 9 11 14 17 18 20 23 25 29 31 34 37 38 40 43 45 48 51 54 57 58 61 64 67 68 71 74 77 78 81 84 87 88 91 94 97 98 101 104 107 108 111 114 117 118 121 124 127 128 131 134
a 1 3 5 9 11 14 17 18 20 23 25 29 31 34 37 38 40 43 47 48 51 54 57 58 61 64 67 68 71 74 77 78 81 84 87 88 91 94 97 98 101 104 107 108 111 114 117 118 121 124 127 128 131 134
a 1 3 5 9 11 14 17 18 20 23 25 29 31 34 37 38 40 44 47 48 51 54 57 58 61 64 67 68 71 74 77 78 81 84 87 88 91 94 97 98 101 104 107 108 111 114 117 118 121 124 127 128 131 134
a 1 3 5 9 11 14 17 18 20 23 25 29 31 34 37 38 41 44 47 48 51 54 57 58 61 64 67 68 71 74 77 78 81 84 87 88 91 94 97 98 101 104 107 108 111 114 117 118 121 124 127 128 131 134
a 1 3 5 9 11 14 17 18 20 23 25 28 31 34 37 38 41 44 47 48 51 54 57 58 61 64 67 68 71 74 77 78 81 84 87 88 91 94 97 98 101 104 107 108 111 114 117 118 121 124 127 128 131 134
a 1 3 5 9 11 14 17 18 20 23 27 28 31 34 37 38 41 44 47 48 51 54 57 58 61 64 67 68 71 74 77 78 81 84 87 88 91 94 97 98 101 104 107 108 111 114 117 118 121 124 127 128 131 134
a 1 3 5 9 11 14 17 18 20 24 27 28 31 34 37 38 41 44 47 48 51 54 57 58 61 64 67 68 71 74 77 78 81 84 87 88 91 94 97 98 101 104 107 108 111 114 117 118 121 124 127 128 131 134
a 1 3 5 9 11 14 17 18 21 24 27 28 31 34 37 38 41 44 47 48 51 54 57 58 61 64 67 68 71 74 77 78 81 84 87 88 91 94 97 98 101 104 107 108 111 114 117 118 121 124 127 128 131 134
a 1 3 5 8 11 14 17 18 21 24 27 28 31 34 37 38 41 44 47 48 51 54 57 58 61 64 67 68 71 74 77 78 81 84 87 88 91 94 97 98 101 104 107 108 111 114 117 118 121 124 127 128 131 134
a 1 3 7 8 11 14 17 18 21 24 27 28 31 34 37 38 41 44 47 48 51 54 57 58 61 64 67 68 71 74 77 78 81 84 87 88 91 94 97 98 101 104 107 108 111 114 117 118 121 124 127 128 131 134
a 1 4 7 8 11 14 17 18 21 24 27 28 31 34 37 38 41 44 47 48 51 54 57 58 61 64 67 68 71 74 77 78 81 84 87 88 91 94 97 98 101 104 107 108 111 114 117 118 121 124 127 128 131 134
a 2 4 7 8 11 14 17 18 21 24 27 28 31 34 37 38 41 44 47 48 51 54 57 58 61 64 67 68 71 74 77 78 81 84 87 88 91 94 97 98 101 104 107 108 111 114 117 118 121 124 127 128 131 134
a 2 4 7 8 10 14 17 18 21 24 27 28 31 34 37 38 41 44 47 48 51 54 57 58 61 64 67 68 71 74 77 78 81 84 87 88 91 94 97 98 101 104 107 108 111 114 117 118 121 124 127 128 131 134
a 2 4 7 8 10 13 17 18 21 24 27 28 31 34 37 38 41 44 47 48 51 54 57 58 61 64 67 68 71 74 77 78 81 84 87 88 91 94 97 98 101 104 107 108 111 114 117 118 121 124 127 128 131 134
a 2 4 7 8 10 13 15 18 21 24 27 28 31 34 37 38 41 44 47 48 51 54 57 58 61 64 67 68 71 74 77 78 81 84 87 88 91 94 97 98 101 104 107 108 111 114 117 118 121 124 127 128 131 134
a 2 4 7 8 10 13 15 19 21 24 27 28 31 34 37 38 41 44 47 48 51 54 57 58 61 64 67 68 71 74 77 78 81 84 87 88 91 94 97 98 101 104 107 108 111 114 117 118 121 124 127 128 131 134
a 2 4 7 8 10 13 15 19 21 24 27 28 30 34 37 38 41 44 47 48 51 54 57 58 61 64 67 68 71 74 77 78 81 84 87 88 91 94 97 98 101 104 107 108 111 114 117 118 121 124 127 128 131 134
a 2 4 7 8 10 13 15 19 21 24 27 28 30 33 37 38 41 44 47 48 51 54 57 58 61 64 67 68 71 74 77 78 81 84 87 88 91 94 97 98 101 104 107 108 111 114 117 118 121 124 127 128 131 134
a 2 4 7 8 10 13 15 19 21 24 27 28 30 33 35 38 41 44 47 48 51 54 57 58 61 64 67 68 71 74 77 78 81 84 87 88 91 94 97 98 101 104 107 108 111 114 117 118 121 124 127 128 131 134
a 2 4 7 8 10 13 15 19 21 24 27 28 30 33 35 39 41 44 47 48 51 54 57 58 61 64 67 68 71 74 77 78 81 84 87 88 91 94 97 98 101 104 107 108 111 114 117 118 121 124 127 128 131 134
a 2 4 7 8 10 13 15 19 21 24 27 28 30 33 35 39 41 44 47 48 50 54 57 58 61 64 67 68 71 74 77 78 81 84 87 88 91 94 97 98 101 104 107 108 111 114 117 118 121 124 127 128 131 134
a 2 4 7 8 10 13 15 19 21 24 27 28 30 33 35 39 41 44 47 48 50 53 57 58 61 64 67 68 71 74 77 78 81 84 87 88 91 94 97 98 101 104 107 108 111 114 117 118 121 124 127 128 131 134
a 2 4 7 8 10 13 15 19 21 24 27 28 30 33 35 39 41 44 47 48 50 53 55 58 61 64 67 68 71 74 77 78 81 84 87 88 91 94 97 98 101 104 107 108 111 114 117 118 121 124 127 128 131 134
a 2 4 7 8 10 13 15 19 21 24 27 28 30 33 35 39 41 44 47 48 50 53 55 59 61 64 67 68 71 74 77 78 81 84 87 88 91 94 97 98 101 104 107 108 111 114 117 118 121 124 127 128 131 134
a 2 4 7 8 10 13 15 19 21 24 27 28 30 33 35 39 41 44 47 48 50 53 55 59 61 64 67 68 70 74 77 78 81 84 87 88 91 94 97 98 101 104 107 108 111 114 117 118 121 124 127 128 131 134
a 2 4 7 8 10 13 15 19 21 24 27 28 30 33 35 39 41 44 47 48 50 53 55 59 61 64 67 68 70 73 77 78 81 84 87 88 91 94 97 98 101 104 107 108 111 114 117 118 121 124 127 128 131 134
a 2 4 7 8 10 13 15 19 21 24 27 28 30 33 35 39 41 44 47 48 50 53 55 59 61 64 67 68 70 73 75 78 81 84 87 88 91 94 97 98 101 104 107 108 111 114 117 118 121 124 127 128 131 134
a 2 4 7 8 10 13 15 19 21 24 27 28 30 33 35 39 41 44 47 48 50 53 55 59 61 64 67 68 70 73 75 79 81 84 87 88 91 94 97 98 101 104 107 108 111 114 117 118 121 124 127 128 131 134
a 2 4 7 8 10 13 15 19 21 24 27 28 30 33 35 39 41 44 47 48 50 53 55 59 61 64 67 68 70 73 75 79 81 84 87 88 90 94 97 98 101 104 107 108 111 114 117 118 121 124 127 128 131 134
a 2 4 7 8 10 13 15 19 21 24 27 28 30 33 35 39 41 44 47 48 50 53 55 59 61 64 67 68 70 73 75 79 81 84 87 88 90 93 97 98 101 104 107 108 111 114 117 118 121 124 127 128 131 134
a 2 4 7 8 10 13 15 19 21 24 27 28 30 33 35 39 41 44 47 48 50 53 55 59 61 64 67 68 70 73 75 79 81 84 87 88 90 93 95 98 101 104 107 108 111 114 117 118 121 124 127 128 131 134
a 2 4 7 8 10 13 15 19 21 24 27 28 30 33 35 39 41 44 47 48 50 53 55 59 61 64 67 68 70 73 75 79 81 84 87 88 90 93 95 99 101 104 107 108 111 114 117 118 121 124 127 128 131 134
a 2 4 7 8 10 13 15 19 21 24 27 28 30 33 35 39 41 44 47 48 50 53 55 59 61 64 67 68 70 73 75 79 81 84 87 88 90 93 95 99 101 104 107 108 110 114 117 118 121 124 127 128 131 134
a 2 4 7 8 10 13 15 19 21 24 27 28 30 33 35 39 41 44 47 48 50 53 55 59 61 64 67 68 70 73 75 79 81 84 87 88 90 93 95 99 101 104 107 108 110 113 117 118 121 124 127 128 131 134
a 2 4 7 8 10 13 15 19 21 24 27 28 30 33 35 39 41 44 47 48 50 53 55 59 61 64 67 68 70 73 75 79 81 84 87 88 90 93 95 99 101 104 107 108 110 113 115 118 121 124 127 128 131 134
a 2 4 7 8 10 13 15 19 21 24 27 28 30 33 35 39 41 44 47 48 50 53 55 59 61 64 67 68 70 73 75 79 81 84 87 88 90 93 95 99 101 104 107 108 110 113 115 119 121 124 127 128 131 134
a 2 4 7 8 10 13 15 19 21 24 27 28 30 33 35 39 41 44 47 48 50 53 55 59 61 64 67 68 70 73 75 79 81 84 87 88 90 93 95 99 101 104 107 108 110 113 115 119 121 124 127 128 130 134
a 2 4 7 8 10 13 15 19 21 24 27 28 30 33 35 39 41 44 47 48 50 53 55 59 61 64 67 68 70 73 75 79 81 84 87 88 90 93 95 99 101 104 107 108 110 113 115 119 121 124 127 128 130 133
a 2 4 7 8 10 13 15 19 21 24 27 28 30 33 35 39 41 44 47 48 50 53 55 59 61 64 67 68 70 73 75 79 81 84 87 88 90 93 95 99 101 104 107 108 110 113 115 119 121 124 127 128 132 133
a 2 4 7 8 10 13 15 19 21 24 27 28 30 33 35 39 41 44 47 48 50 53 55 59 61 64 67 68 70 73 75 79 81 84 87 88 90 93 95 99 101 104 107 108 110 113 115 118 121 124 127 128 132 133
a 2 4 7 8 10 13 15 19 21 24 27 28 30 33 35 39 41 44 47 48 50 53 55 59 61 64 67 68 70 73 75 79 81 84 87 88 90 93 95 99 101 104 107 108 110 113 117 118 121 124 127 128 132 133
a 2 4 7 8 10 13 15 19 21 24 27 28 30 33 35 39 41 44 47 48 50 53 55 59 61 64 67 68 70 73 75 79 81 84 87 88 90 93 95 99 101 104 107 108 110 114 117 118 121 124 127 128 132 133
a 2 4 7 8 10 13 15 19 21 24 27 28 30 33 35 39 41 44 47 48 50 53 55 59 61 64 67 68 70 73 75 79 81 84 87 88 90 93 95 99 101 104 107 108 111 114 117 118 121 124 127 128 132 133
a 2 4 7 8 10 13 15 19 21 24 27 28 30 33 35 39 41 44 47 48 50 53 55 59 61 64 67 68 70 73 75 79 81 84 87 88 90 93 95 98 101 104 107 108 111 114 117 118 121 124 127 128 132 133
a 2 4 7 8 10 13 15 19 21 24 27 28 30 33 35 39 41 44 47 48 50 53 55 59 61 64 67 68 70 73 75 79 81 84 87 88 90 93 97 98 101 104 107 108 111 114 117 118 121 124 127 128 132 133
a 2 4 7 8 10 13 15 19 21 24 27 28 30 33 35 39 41 44 47 48 50 53 55 59 61 64 67 68 70 73 75 79 81 84 87 88 90 94 97 98 101 104 107 108 111 114 117 118 121 124 127 128 132 133
a 2 4 7 8 10 13 15 19 21 24 27 28 30 33 35 39 41 44 47 48 50 53 55 59 61 64 67 68 70 73 75 79 81 84 87 88 91 94 97 98 101 104 107 108 111 114 117 118 121 124 127 128 132 133
a 2 4 7 8 10 13 15 19 21 24 27 28 30 33 35 39 41 44 47 48 50 53 55 59 61 64 67 68 70 73 75 78 81 84 87 88 91 94 97 98 101 104 107 108 111 114 117 118 121 124 127 128 132 133
a 2 4 7 8 10 13 15 19 21 24 27 28 30 33 35 39 41 44 47 48 50 53 55 59 61 64 67 68 70 73 77 78 81 84 87 88 91 94 97 98 101 104 107 108 111 114 117 118 121 124 127 128 132 133
a 2 4 7 8 10 13 15 19 21 24 27 28 30 33 35 39 41 44 47 48 50 53 55 59 61 64 67 68 70 74 77 78 81 84 87 88 91 94 97 98 101 104 107 108 111 114 117 118 121 124 127 128 132 133
a 2 4 7 8 10 13 15 19 21 24 27 28 30 33 35 39 41 44 47 48 50 53 55 59 61 64 67 68 71 74 77 78 81 84 87 88 91 94 97 98 101 104 107 108 111 114 117 118 121 124 127 128 132 133
a 2 4 7 8 10 13 15 19 21 24 27 28 30 33 35 39 41 44 47 48 50 53 55 58 61 64 67 68 71 74 77 78 81 84 87 88 91 94 97 98 101 104 107 108 111 114 117 118 121 124 127 128 132 133
a 2 4 7 8 10 13 15 19 21 24 27 28 30 33 35 39 41 44 47 48 50 53 57 58 61 64 67 68 71 74 77 78 81 84 87 88 91 94 97 98 101 104 107 108 111 114 117 118 121 124 127 128 132 133
a 2 4 7 8 10 13 15 19 21 24 27 28 30 33 35 39 41 44 47 48 50 54 57 58 61 64 67 68 71 74 77 78 81 84 87 88 91 94 97 98 101 104 107 108 111 114 117 118 121 124 127 128 132 133
a 2 4 7 8 10 13 15 19 21 24 27 28 30 33 35 39 41 44 47 48 51 54 57 58 61 64 67 68 71 74 77 78 81 84 87 88 91 94 97 98 101 104 107 108 111 114 117 118 121 124 127 128 132 133
a 2 4 7 8 10 13 15 19 21 24 27 28 30 33 35 38 41 44 47 48 51 54 57 58 61 64 67 68 71 74 77 78 81 84 87 88 91 94 97 98 101 104 107 108 111 114 117 118 121 124 127 128 132 133
a 2 4 7 8 10 13 15 19 21 24 27 28 30 33 37 38 41 44 47 48 51 54 57 58 61 64 67 68 71 74 77 78 81 84 87 88 91 94 97 98 101 104 107 108 111 114 117 118 121 124 127 128 132 133
a 2 4 7 8 10 13 15 19 21 24 27 28 30 34 37 38 41 44 47 48 51 54 57 58 61 64 67 68 71 74 77 78 81 84 87 88 91 94 97 98 101 104 107 108 111 114 117 118 121 124 127 128 132 133
a 2 4 7 8 10 13 15 19 21 24 27 28 31 34 37 38 41 44 47 48 51 54 57 58 61 64 67 68 71 74 77 78 81 84 87 88 91 94 97 98 101 104 107 108 111 114 117 118 121 124 127 128 132 133
a 2 4 7 8 10 13 15 18 21 24 27 28 31 34 37 38 41 44 47 48 51 54 57 58 61 64 67 68 71 74 77 78 81 84 87 88 91 94 97 98 101 104 107 108 111 114 117 118 121 124 127 128 132 133
a 2 4 7 8 10 13 17 18 21 24 27 28 31 34 37 38 41 44 47 48 51 54 57 58 61 64 67 68 71 74 77 78 81 84 87 88 91 94 97 98 101 104 107 108 111 114 117 118 121 124 127 128 132 133
a 2 4 7 8 10 14 17 18 21 24 27 28 31 34 37 38 41 44 47 48 51 54 57 58 61 64 67 68 71 74 77 78 81 84 87 88 91 94 97 98 101 104 107 108 111 114 117 118 121 124 127 128 132 133
a 2 4 7 8 11 14 17 18 21 24 27 28 31 34 37 38 41 44 47 48 51 54 57 58 61 64 67 68 71 74 77 78 81 84 87 88 91 94 97 98 101 104 107 108 111 114 117 118 121 124 127 128 132 133
a 1 4 7 8 11 14 17 18 21 24 27 28 31 34 37 38 41 44 47 48 51 54 57 58 61 64 67 68 71 74 77 78 81 84 87 88 91 94 97 98 101 104 107 108 111 114 117 118 121 124 127 128 132 133
a 1 3 7 8 11 14 17 18 21 24 27 28 31 34 37 38 41 44 47 48 51 54 57 58 61 64 67 68 71 74 77 78 81 84 87 88 91 94 97 98 101 104 107 108 111 114 117 118 121 124 127 128 132 133
a 1 3 5 8 11 14 17 18 21 24 27 28 31 34 37 38 41 44 47 48 51 54 57 58 61 64 67 68 71 74 77 78 81 84 87 88 91 94 97 98 101 104 107 108 111 114 117 118 121 124 127 128 132 133
a 1 3 5 9 11 14 17 18 21 24 27 28 31 34 37 38 41 44 47 48 51 54 57 58 61 64 67 68 71 74 77 78 81 84 87 88 91 94 97 98 101 104 107 108 111 114 117 118 121 124 127 128 132 133
a 1 3 5 9 11 14 17 18 20 24 27 28 31 34 37 38 41 44 47 48 51 54 57 58 61 64 67 68 71 74 77 78 81 84 87 88 91 94 97 98 101 104 107 108 111 114 117 118 121 124 127 128 132 133
a 1 3 5 9 11 14 17 18 20 23 27 28 31 34 37 38 41 44 47 48 51 54 57 58 61 64 67 68 71 74 77 78 81 84 87 88 91 94 97 98 101 104 107 108 111 114 117 118 121 124 127 128 132 133
a 1 3 5 9 11 14 17 18 20 23 25 28 31 34 37 38 41 44 47 48 51 54 57 58 61 64 67 68 71 74 77 78 81 84 87 88 91 94 97 98 101 104 107 108 111 114 117 118 121 124 127 128 132 133
a 1 3 5 9 11 14 17 18 20 23 25 29 31 34 37 38 41 44 47 48 51 54 57 58 61 64 67 68 71 74 77 78 81 84 87 88 91 94 97 98 101 104 107 108 111 114 117 118 121 124 127 128 132 133
a 1 3 5 9 11 14 17 18 20 23 25 29 31 34 37 38 40 44 47 48 51 54 57 58 61 64 67 68 71 74 77 78 81 84 87 88 91 94 97 98 101 104 107 108 111 114 117 118 121 124 127 128 132 133
a 1 3 5 9 11 14 17 18 20 23 25 29 31 34 37 38 40 43 47 48 51 54 57 58 61 64 67 68 71 74 77 78 81 84 87 88 91 94 97 98 101 104 107 108 111 114 117 118 121 124 127 128 132 133
a 1 3 5 9 11 14 17 18 20 23 25 29 31 34 37 38 40 43 45 48 51 54 57 58 61 64 67 68 71 74 77 78 81 84 87 88 91 94 97 98 101 104 107 108 111 114 117 118 121 124 127 128 132 133
a 1 3 5 9 11 14 17 18 20 23 25 29 31 34 37 38 40 43 45 49 51 54 57 58 61 64 67 68 71 74 77 78 81 84 87 88 91 94 97 98 101 104 107 108 111 114 117 118 121 124 127 128 132 133
a 1 3 5 9 11 14 17 18 20 23 25 29 31 34 37 38 40 43 45 49 51 54 57 58 60 64 67 68 71 74 77 78 81 84 87 88 91 94 97 98 101 104 107 108 111 114 117 118 121 124 127 128 132 133
a 1 3 5 9 11 14 17 18 20 23 25 29 31 34 37 38 40 43 45 49 51 54 57 58 60 63 67 68 71 74 77 78 81 84 87 88 91 94 97 98 101 104 107 108 111 114 117 118 121 124 127 128 132 133
a 1 3 5 9 11 14 17 18 20 23 25 29 31 34 37 38 40 43 45 49 51 54 57 58 60 63 65 68 71 74 77 78 81 84 87 88 91 94 97 98 101 104 107 108 111 114 117 118 121 124 127 128 132 133
a 1 3 5 9 11 14 17 18 20 23 25 29 31 34 37 38 40 43 45 49 51 54 57 58 60 63 65 69 71 74 77 78 81 84 87 88 91 94 97 98 101 104 107 108 111 114 117 118 121 124 127 128 132 133
a 1 3 5 9 11 14 17 18 20 23 25 29 31 34 37 38 40 43 45 49 51 54 57 58 60 63 65 69 71 74 77 78 80 84 87 88 91 94 97 98 101 104 107 108 111 114 117 118 121 124 127 128 132 133
a 1 3 5 9 11 14 17 18 20 23 25 29 31 34 37 38 40 43 45 49 51 54 57 58 60 63 65 69 71 74 77 78 80 83 87 88 91 94 97 98 101 104 107 108 111 114 117 118 121 124 127 128 132 133
a 1 3 5 9 11 14 17 18 20 23 25 29 31 34 37 38 40 43 45 49 51 54 57 58 60 63 65 69 71 74 77 78 80 83 85 88 91 94 97 98 101 104 107 108 111 114 117 118 121 124 127 128 132 133
a 1 3 5 9 11 14 17 18 20 23 25 29 31 34 37 38 40 43 45 49 51 54 57 58 60 63 65 69 71 74 77 78 80 83 85 89 91 94 97 98 101 104 107 108 111 114 117 118 121 124 127 128 132 133
a 1 3 5 9 11 14 17 18 20 23 25 29 31 34 37 38 40 43 45 49 51 54 57 58 60 63 65 69 71 74 77 78 80 83 85 89 91 94 97 98 100 104 107 108 111 114 117 118 121 124 127 128 132 133
a 1 3 5 9 11 14 17 18 20 23 25 29 31 34 37 38 40 43 45 49 51 54 57 58 60 63 65 69 71 74 77 78 80 83 85 89 91 94 97 98 100 103 107 108 111 114 117 118 121 124 127 128 132 133
a 1 3 5 9 11 14 17 18 20 23 25 29 31 34 37 38 40 43 45 49 51 54 57 58 60 63 65 69 71 74 77 78 80 83 85 89 91 94 97 98 100 103 105 108 111 114 117 118 121 124 127 128 132 133
a 1 3 5 9 11 14 17 18 20 23 25 29 31 34 37 38 40 43 45 49 51 54 57 58 60 63 65 69 71 74 77 78 80 83 85 89 91 94 97 98 100 103 105 109 111 114 117 118 121 124 127 128 132 133
a 1 3 5 9 11 14 17 18 20 23 25 29 31 34 37 38 40 43 45 49 51 54 57 58 60 63 65 69 71 74 77 78 80 83 85 89 91 94 97 98 100 103 105 109 111 114 117 118 120 124 127 128 132 133
a 1 3 5 9 11 14 17 18 20 23 25 29 31 34 37 38 40 43 45 49 51 54 57 58 60 63 65 69 71 74 77 78 80 83 85 89 91 94 97 98 100 103 105 109 111 114 117 118 120 123 127 128 132 133
a 1 3 5 9 11 14 17 18 20 23 25 29 31 34 37 38 40 43 45 49 51 54 57 58 60 63 65 69 71 74 77 78 80 83 85 89 91 94 97 98 100 103 105 109 111 114 117 118 120 123 125 128 132 133
a 1 3 5 9 11 14 17 18 20 23 25 29 31 34 37 38 40 43 45 49 51 54 57 58 60 63 65 69 71 74 77 78 80 83 85 89 91 94 97 98 100 103 105 109 111 114 117 118 122 123 125 128 132 133
a 1 3 5 9 11 14 17 18 20 23 25 29 31 34 37 38 40 43 45 49 51 54 57 58 60 63 65 69 71 74 77 78 80 83 85 89 91 94 97 98 100 103 105 108 111 114 117 118 122 123 125 128 132 133
a 1 3 5 9 11 14 17 18 20 23 25 29 31 34 37 38 40 43 45 49 51 54 57 58 60 63 65 69 71 74 77 78 80 83 85 89 91 94 97 98 100 103 107 108 111 114 117 118 122 123 125 128 132 133
a 1 3 5 9 11 14 17 18 20 23 25 29 31 34 37 38 40 43 45 49 51 54 57 58 60 63 65 69 71 74 77 78 80 83 85 89 91 94 97 98 100 104 107 108 111 114 117 118 122 123 125 128 132 133
a 1 3 5 9 11 14 17 18 20 23 25 29 31 34 37 38 40 43 45 49 51 54 57 58 60 63 65 69 71 74 77 78 80 83 85 89 91 94 97 98 101 104 107 108 111 114 117 118 122 123 125 128 132 133
a 1 3 5 9 11 14 17 18 20 23 25 29 31 34 37 38 40 43 45 49 51 54 57 58 60 63 65 69 71 74 77 78 80 83 85 88 91 94 97 98 101 104 107 108 111 114 117 118 122 123 125 128 132 133
a 1 3 5 9 11 14 17 18 20 23 25 29 31 34 37 38 40 43 45 49 51 54 57 58 60 63 65 69 71 74 77 78 80 83 87 88 91 94 97 98 101 104 107 108 111 114 117 118 122 123 125 128 132 133
a 1 3 5 9 11 14 17 18 20 23 25 29 31 34 37 38 40 43 45 49 51 54 57 58 60 63 65 69 71 74 77 78 80 84 87 88 91 94 97 98 101 104 107 108 111 114 117 118 122 123 125 128 132 133
a 1 3 5 9 11 14 17 18 20 23 25 29 31 34 37 38 40 43 45 49 51 54 57 58 60 63 65 69 71 74 77 78 81 84 87 88 91 94 97 98 101 104 107 108 111 114 117 118 122 123 125 128 132 133
a 1 3 5 9 11 14 17 18 20 23 25 29 31 34 37 38 40 43 45 49 51 54 57 58 60 63 65 68 71 74 77 78 81 84 87 88 91 94 97 98 101 104 107 108 111 114 117 118 122 123 125 128 132 133
a 1 3 5 9 11 14 17 18 20 23 25 29 31 34 37 38 40 43 45 49 51 54 57 58 60 63 67 68 71 74 77 78 81 84 87 88 91 94 97 98 101 104 107 108 111 114 117 118 122 123 125 128 132 133
a 1 3 5 9 11 14 17 18 20 23 25 29 31 34 37 38 40 43 45 49 51 54 57 58 60 64 67 68 71 74 77 78 81 84 87 88 91 94 97 98 101 104 107 108 111 114 117 118 122 123 125 128 132 133
a 1 3 5 9 11 14 17 18 20 23 25 29 31 34 37 38 40 43 45 49 51 54 57 58 61 64 67 68 71 74 77 78 81 84 87 88 91 94 97 98 101 104 107 108 111 114 117 118 122 123 125 128 132 133
a 1 3 5 9 11 14 17 18 20 23 25 29 31 34 37 38 40 43 45 48 51 54 57 58 61 64 67 68 71 74 77 78 81 84 87 88 91 94 97 98 101 104 107 108 111 114 117 118 122 123 125 128 132 133
a 1 3 5 9 11 14 17 18 20 23 25 29 31 34 37 38 40 43 47 48 51 54 57 58 61 64 67 68 71 74 77 78 81 84 87 88 91 94 97 98 101 104 107 108 111 114 117 118 122 123 125 128 132 133
a 1 3 5 9 11 14 17 18 20 23 25 29 31 34 37 38 40 44 47 48 51 54 57 58 61 64 67 68 71 74 77 78 81 84 87 88 91 94 97 98 101 104 107 108 111 114 117 118 122 123 125 128 132 133
a 1 3 5 9 11 14 17 18 20 23 25 29 31 34 37 38 41 44 47 48 51 54 57 58 61 64 67 68 71 74 77 78 81 84 87 88 91 94 97 98 101 104 107 108 111 114 117 118 122 123 125 128 132 133
a 1 3 5 9 11 14 17 18 20 23 25 28 31 34 37 38 41 44 47 48 51 54 57 58 61 64 67 68 71 74 77 78 81 84 87 88 91 94 97 98 101 104 107 108 111 114 117 118 122 123 125 128 132 133
a 1 3 5 9 11 14 17 18 20 23 27 28 31 34 37 38 41 44 47 48 51 54 57 58 61 64 67 68 71 74 77 78 81 84 87 88 91 94 97 98 101 104 107 108 111 114 117 118 122 123 125 128 132 133
a 1 3 5 9 11 14 17 18 20 24 27 28 31 34 37 38 41 44 47 48 51 54 57 58 61 64 67 68 71 74 77 78 81 84 87 88 91 94 97 98 101 104 107 108 111 114 117 118 122 123 125 128 132 133
a 1 3 5 9 11 14 17 18 21 24 27 28 31 34 37 38 41 44 47 48 51 54 57 58 61 64 67 68 71 74 77 78 81 84 87 88 91 94 97 98 101 104 107 108 111 114 117 118 122 123 125 128 132 133
a 1 3 5 8 11 14 17 18 21 24 27 28 31 34 37 38 41 44 47 48 51 54 57 58 61 64 67 68 71 74 77 78 81 84 87 88 91 94 97 98 101 104 107 108 111 114 117 118 122 123 125 128 132 133
a 1 3 7 8 11 14 17 18 21 24 27 28 31 34 37 38 41 44 47 48 51 54 57 58 61 64 67 68 71 74 77 78 81 84 87 88 91 94 97 98 101 104 107 108 111 114 117 118 122 123 125 128 132 133
a 1 4 7 8 11 14 17 18 21 24 27 28 31 34 37 38 41 44 47 48 51 54 57 58 61 64 67 68 71 74 77 78 81 84 87 88 91 94 97 98 101 104 107 108 111 114 117 118 122 123 125 128 132 133
a 2 4 7 8 11 14 17 18 21 24 27 28 31 34 37 38 41 44 47 48 51 54 57 58 61 64 67 68 71 74 77 78 81 84 87 88 91 94 97 98 101 104 107 108 111 114 117 118 122 123 125 128 132 133
a 2 4 7 8 10 14 17 18 21 24 27 28 31 34 37 38 41 44 47 48 51 54 57 58 61 64 67 68 71 74 77 78 81 84 87 88 91 94 97 98 101 104 107 108 111 114 117 118 122 123 125 128 132 133
a 2 4 7 8 10 13 17 18 21 24 27 28 31 34 37 38 41 44 47 48 51 54 57 58 61 64 67 68 71 74 77 78 81 84 87 88 91 94 97 98 101 104 107 108 111 114 117 118 122 123 125 128 132 133
a 2 4 7 8 10 13 15 18 21 24 27 28 31 34 37 38 41 44 47 48 51 54 57 58 61 64 67 68 71 74 77 78 81 84 87 88 91 94 97 98 101 104 107 108 111 114 117 118 122 123 125 128 132 133
a 2 4 7 8 10 13 15 19 21 24 27 28 31 34 37 38 41 44 47 48 51 54 57 58 61 64 67 68 71 74 77 78 81 84 87 88 91 94 97 98 101 104 107 108 111 114 117 118 122 123 125 128 132 133
a 2 4 7 8 10 13 15 19 21 24 27 28 30 34 37 38 41 44 47 48 51 54 57 58 61 64 67 68 71 74 77 78 81 84 87 88 91 94 97 98 101 104 107 108 111 114 117 118 122 123 125 128 132 133
a 2 4 7 8 10 13 15 19 21 24 27 28 30 33 37 38 41 44 47 48 51 54 57 58 61 64 67 68 71 74 77 78 81 84 87 88 91 94 97 98 101 104 107 108 111 114 117 118 122 123 125 128 132 133
a 2 4 7 8 10 13 15 19 21 24 27 28 30 33 35 38 41 44 47 48 51 54 57 58 61 64 67 68 71 74 77 78 81 84 87 88 91 94 97 98 101 104 107 108 111 114 117 118 122 123 125 128 132 133
a 2 4 7 8 10 13 15 19 21 24 27 28 30 33 35 39 41 44 47 48 51 54 57 58 61 64 67 68 71 74 77 78 81 84 87 88 91 94 97 98 101 104 107 108 111 114 117 118 122 123 125 128 132 133
a 2 4 7 8 10 13 15 19 21 24 27 28 30 33 35 39 41 44 47 48 50 54 57 58 61 64 67 68 71 74 77 78 81 84 87 88 91 94 97 98 101 104 107 108 111 114 117 118 122 123 125 128 132 133
a 2 4 7 8 10 13 15 19 21 24 27 28 30 33 35 39 41 44 47 48 50 53 57 58 61 64 67 68 71 74 77 78 81 84 87 88 91 94 97 98 101 104 107 108 111 114 117 118 122 123 125 128 132 133
a 2 4 7 8 10 13 15 19 21 24 27 28 30 33 35 39 41 44 47 48 50 53 55 58 61 64 67 68 71 74 77 78 81 84 87 88 91 94 97 98 101 104 107 108 111 114 117 118 122 123 125 128 132 133
a 2 4 7 8 10 13 15 19 21 24 27 28 30 33 35 39 41 44 47 48 50 53 55 59 61 64 67 68 71 74 77 78 81 84 87 88 91 94 97 98 101 104 107 108 111 114 117 118 122 123 125 128 132 133
a 2 4 7 8 10 13 15 19 21 24 27 28 30 33 35 39 41 44 47 48 50 53 55 59 61 64 67 68 70 74 77 78 81 84 87 88 91 94 97 98 101 104 107 108 111 114 117 118 122 123 125 128 132 133
a 2 4 7 8 10 13 15 19 21 24 27 28 30 33 35 39 41 44 47 48 50 53 55 59 61 64 67 68 70 73 77 78 81 84 87 88 91 94 97 98 101 104 107 108 111 114 117 118 122 123 125 128 132 133
a 2 4 7 8 10 13 15 19 21 24 27 28 30 33 35 39 41 44 47 48 50 53 55 59 61 64 67 68 70 73 75 78 81 84 87 88 91 94 97 98 101 104 107 108 111 114 117 118 122 123 125 128 132 133
a 2 4 7 8 10 13 15 19 21 24 27 28 30 33 35 39 41 44 47 48 50 53 55 59 61 64 67 68 70 73 75 79 81 84 87 88 91 94 97 98 101 104 107 108 111 114 117 118 122 123 125 128 132 133
a 2 4 7 8 10 13 15 19 21 24 27 28 30 33 35 39 41 44 47 48 50 53 55 59 61 64 67 68 70 73 75 79 81 84 87 88 90 94 97 98 101 104 107 108 111 114 117 118 122 123 125 128 132 133
a 2 4 7 8 10 13 15 19 21 24 27 28 30 33 35 39 41 44 47 48 50 53 55 59 61 64 67 68 70 73 75 79 81 84 87 88 90 93 97 98 101 104 107 108 111 114 117 118 122 123 125 128 132 133
a 2 4 7 8 10 13 15 19 21 24 27 28 30 33 35 39 41 44 47 48 50 53 55 59 61 64 67 68 70 73 75 79 81 84 87 88 90 93 95 98 101 104 107 108 111 114 117 118 122 123 125 128 132 133
a 2 4 7 8 10 13 15 19 21 24 27 28 30 33 35 39 41 44 47 48 50 53 55 59 61 64 67 68 70 73 75 79 81 84 87 88 90 93 95 99 101 104 107 108 111 114 117 118 122 123 125 128 132 133
a 2 4 7 8 10 13 15 19 21 24 27 28 30 33 35 39 41 44 47 48 50 53 55 59 61 64 67 68 70 73 75 79 81 84 87 88 90 93 95 99 101 104 107 108 110 114 117 118 122 123 125 128 132 133
a 2 4 7 8 10 13 15 19 21 24 27 28 30 33 35 39 41 44 47 48 50 53 55 59 61 64 67 68 70 73 75 79 81 84 87 88 90 93 95 99 101 104 107 108 110 113 117 118 122 123 125 128 132 133
a 2 4 7 8 10 13 15 19 21 24 27 28 30 33 35 39 41 44 47 48 50 53 55 59 61 64 67 68 70 73 75 79 81 84 87 88 90 93 95 99 101 104 107 108 110 113 115 118 122 123 125 128 132 133
a 2 4 7 8 10 13 15 19 21 24 27 28 30 33 35 39 41 44 47 48 50 53 55 59 61 64 67 68 70 73 75 79 81 84 87 88 90 93 95 99 101 104 107 108 112 113 115 118 122 123 125 128 132 133
a 2 4 7 8 10 13 15 19 21 24 27 28 30 33 35 39 41 44 47 48 50 53 55 59 61 64 67 68 70 73 75 79 81 84 87 88 90 93 95 98 101 104 107 108 112 113 115 118 122 123 125 128 132 133
a 2 4 7 8 10 13 15 19 21 24 27 28 30 33 35 39 41 44 47 48 50 53 55 59 61 64 67 68 70 73 75 79 81 84 87 88 90 93 97 98 101 104 107 108 112 113 115 118 122 123 125 128 132 133
a 2 4 7 8 10 13 15 19 21 24 27 28 30 33 35 39 41 44 47 48 50 53 55 59 61 64 67 68 70 73 75 79 81 84 87 88 90 94 97 98 101 104 107 108 112 113 115 118 122 123 125 128 132 133
a 2 4 7 8 10 13 15 19 21 24 27 28 30 33 35 39 41 44 47 48 50 53 55 59 61 64 67 68 70 73 75 79 81 84 87 88 91 94 97 98 101 104 107 108 112 113 115 118 122 123 125 128 132 133
a 2 4 7 8 10 13 15 19 21 24 27 28 30 33 35 39 41 44 47 48 50 53 55 59 61 64 67 68 70 73 75 78 81 84 87 88 91 94 97 98 101 104 107 108 112 113 115 118 122 123 125 128 132 133
a 2 4 7 8 10 13 15 19 21 24 27 28 30 33 35 39 41 44 47 48 50 53 55 59 61 64 67 68 70 73 77 78 81 84 87 88 91 94 97 98 101 104 107 108 112 113 115 118 122 123 125 128 132 133
a 2 4 7 8 10 13 15 19 21 24 27 28 30 33 35 39 41 44 47 48 50 53 55 59 61 64 67 68 70 74 77 78 81 84 87 88 91 94 97 98 101 104 107 108 112 113 115 118 122 123 125 128 132 133
a 2 4 7 8 10 13 15 19 21 24 27 28 30 33 35 39 41 44 47 48 50 53 55 59 61 64 67 68 71 74 77 78 81 84 87 88 91 94 97 98 101 104 107 108 112 113 115 118 122 123 125 128 132 133
a 2 4 7 8 10 13 15 19 21 24 27 28 30 33 35 39 41 44 47 48 50 53 55 58 61 64 67 68 71 74 77 78 81 84 87 88 91 94 97 98 101 104 107 108 112 113 115 118 122 123 125 128 132 133
a 2 4 7 8 10 13 15 19 21 24 27 28 30 33 35 39 41 44 47 48 50 53 57 58 61 64 67 68 71 74 77 78 81 84 87 88 91 94 97 98 101 104 107 108 112 113 115 118 122 123 125 128 132 133
a 2 4 7 8 10 13 15 19 21 24 27 28 30 33 35 39 41 44 47 48 50 54 57 58 61 64 67 68 71 74 77 78 81 84 87 88 91 94 97 98 101 104 107 108 112 113 115 118 122 123 125 128 132 133
a 2 4 7 8 10 13 15 19 21 24 27 28 30 33 35 39 41 44 47 48 51 54 57 58 61 64 67 68 71 74 77 78 81 84 87 88 91 94 97 98 101 104 107 108 112 113 115 118 122 123 125 128 132 133
a 2 4 7 8 10 13 15 19 21 24 27 28 30 33 35 38 41 44 47 48 51 54 57 58 61 64 67 68 71 74 77 78 81 84 87 88 91 94 97 98 101 104 107 108 112 113 115 118 122 123 125 128 132 133
a 2 4 7 8 10 13 15 19 21 24 27 28 30 33 37 38 41 44 47 48 51 54 57 58 61 64 67 68 71 74 77 78 81 84 87 88 91 94 97 98 101 104 107 108 112 113 115 118 122 123 125 128 132 133
a 2 4 7 8 10 13 15 19 21 24 27 28 30 34 37 38 41 44 47 48 51 54 57 58 61 64 67 68 71 74 77 78 81 84 87 88 91 94 97 98 101 104 107 108 112 113 115 118 122 123 125 128 132 133
a 2 4 7 8 10 13 15 19 21 24 27 28 31 34 37 38 41 44 47 48 51 54 57 58 61 64 67 68 71 74 77 78 81 84 87 88 91 94 97 98 101 104 107 108 112 113 115 118 122 123 125 128 132 133
a 2 4 7 8 10 13 15 18 21 24 27 28 31 34 37 38 41 44 47 48 51 54 57 58 61 64 67 68 71 74 77 78 81 84 87 88 91 94 97 98 101 104 107 108 112 113 115 118 122 123 125 128 132 133
a 2 4 7 8 10 13 17 18 21 24 27 28 31 34 37 38 41 44 47 48 51 54 57 58 61 64 67 68 71 74 77 78 81 84 87 88 91 94 97 98 101 104 107 108 112 113 115 118 122 123 125 128 132 133
a 2 4 7 8 10 14 17 18 21 24 27 28 31 34 37 38 41 44 47 48 51 54 57 58 61 64 67 68 71 74 77 78 81 84 87 88 91 94 97 98 101 104 107 108 112 113 115 118 122 123 125 128 132 133
a 2 4 7 8 11 14 17 18 21 24 27 28 31 34 37 38 41 44 47 48 51 54 57 58 61 64 67 68 71 74 77 78 81 84 87 88 91 94 97 98 101 104 107 108 112 113 115 118 122 123 125 128 132 133
a 1 4 7 8 11 14 17 18 21 24 27 28 31 34 37 38 41 44 47 48 51 54 57 58 61 64 67 68 71 74 77 78 81 84 87 88 91 94 97 98 101 104 107 108 112 113 115 118 122 123 125 128 132 133
a 1 3 7 8 11 14 17 18 21 24 27 28 31 34 37 38 41 44 47 48 51 54 57 58 61 64 67 68 71 74 77 78 81 84 87 88 91 94 97 98 101 104 107 108 112 113 115 118 122 123 125 128 132 133
a 1 3 5 8 11 14 17 18 21 24 27 28 31 34 37 38 41 44 47 48 51 54 57 58 61 64 67 68 71 74 77 78 81 84 87 88 91 94 97 98 101 104 107 108 112 113 115 118 122 123 125 128 132 133
a 1 3 5 9 11 14 17 18 21 24 27 28 31 34 37 38 41 44 47 48 51 54 57 58 61 64 67 68 71 74 77 78 81 84 87 88 91 94 97 98 101 104 107 108 112 113 115 118 122 123 125 128 132 133
a 1 3 5 9 11 14 17 18 20 24 27 28 31 34 37 38 41 44 47 48 51 54 57 58 61 64 67 68 71 74 77 78 81 84 87 88 91 94 97 98 101 104 107 108 112 113 115 118 122 123 125 128 132 133
a 1 3 5 9 11 14 17 18 20 23 27 28 31 34 37 38 41 44 47 48 51 54 57 58 61 64 67 68 71 74 77 78 81 84 87 88 91 94 97 98 101 104 107 108 112 113 115 118 122 123 125 128 132 133
a 1 3 5 9 11 14 17 18 20 23 25 28 31 34 37 38 41 44 47 48 51 54 57 58 61 64 67 68 71 74 77 78 81 84 87 88 91 94 97 98 101 104 107 108 112 113 115 118 122 123 125 128 132 133
a 1 3 5 9 11 14 17 18 20 23 25 29 31 34 37 38 41 44 47 48 51 54 57 58 61 64 67 68 71 74 77 78 81 84 87 88 91 94 97 98 101 104 107 108 112 113 115 118 122 123 125 128 132 133
a 1 3 5 9 11 14 17 18 20 23 25 29 31 34 37 38 40 44 47 48 51 54 57 58 61 64 67 68 71 74 77 78 81 84 87 88 91 94 97 98 101 104 107 108 112 113 115 118 122 123 125 128 132 133
a 1 3 5 9 11 14 17 18 20 23 25 29 31 34 37 38 40 43 47 48 51 54 57 58 61 64 67 68 71 74 77 78 81 84 87 88 91 94 97 98 101 104 107 108 112 113 115 118 122 123 125 128 132 133
a 1 3 5 9 11 14 17 18 20 23 25 29 31 34 37 38 40 43 45 48 51 54 57 58 61 64 67 68 71 74 77 78 81 84 87 88 91 94 97 98 101 104 107 108 112 113 115 118 122 123 125 128 132 133
a 1 3 5 9 11 14 17 18 20 23 25 29 31 34 37 38 40 43 45 49 51 54 57 58 61 64 67 68 71 74 77 78 81 84 87 88 91 94 97 98 101 104 107 108 112 113 115 118 122 123 125 128 132 133
a 1 3 5 9 11 14 17 18 20 23 25 29 31 34 37 38 40 43 45 49 51 54 57 58 60 64 67 68 71 74 77 78 81 84 87 88 91 94 97 98 101 104 107 108 112 113 115 118 122 123 125 128 132 133
a 1 3 5 9 11 14 17 18 20 23 25 29 31 34 37 38 40 43 45 49 51 54 57 58 60 63 67 68 71 74 77 78 81 84 87 88 91 94 97 98 101 104 107 108 112 113 115 118 122 123 125 128 132 133
a 1 3 5 9 11 14 17 18 20 23 25 29 31 34 37 38 40 43 45 49 51 54 57 58 60 63 65 68 71 74 77 78 81 84 87 88 91 94 97 98 101 104 107 108 112 113 115 118 122 123 125 128 132 133
a 1 3 5 9 11 14 17 18 20 23 25 29 31 34 37 38 40 43 45 49 51 54 57 58 60 63 65 69 71 74 77 78 81 84 87 88 91 94 97 98 101 104 107 108 112 113 115 118 122 123 125 128 132 133
a 1 3 5 9 11 14 17 18 20 23 25 29 31 34 37 38 40 43 45 49 51 54 57 58 60 63 65 69 71 74 77 78 80 84 87 88 91 94 97 98 101 104 107 108 112 113 115 118 122 123 125 128 132 133
a 1 3 5 9 11 14 17 18 20 23 25 29 31 34 37 38 40 43 45 49 51 54 57 58 60 63 65 69 71 74 77 78 80 83 87 88 91 94 97 98 101 104 107 108 112 113 115 118 122 123 125 128 132 133
a 1 3 5 9 11 14 17 18 20 23 25 29 31 34 37 38 40 43 45 49 51 54 57 58 60 63 65 69 71 74 77 78 80 83 85 88 91 94 97 98 101 104 107 108 112 113 115 118 122 123 125 128 132 133
a 1 3 5 9 11 14 17 18 20 23 25 29 31 34 37 38 40 43 45 49 51 54 57 58 60 63 65 69 71 74 77 78 80 83 85 89 91 94 97 98 101 104 107 108 112 113 115 118 122 123 125 128 132 133
a 1 3 5 9 11 14 17 18 20 23 25 29 31 34 37 38 40 43 45 49 51 54 57 58 60 63 65 69 71 74 77 78 80 83 85 89 91 94 97 98 100 104 107 108 112 113 115 118 122 123 125 128 132 133
a 1 3 5 9 11 14 17 18 20 23 25 29 31 34 37 38 40 43 45 49 51 54 57 58 60 63 65 69 71 74 77 78 80 83 85 89 91 94 97 98 100 103 107 108 112 113 115 118 122 123 125 128 132 133
a 1 3 5 9 11 14 17 18 20 23 25 29 31 34 37 38 40 43 45 49 51 54 57 58 60 63 65 69 71 74 77 78 80 83 85 89 91 94 97 98 100 103 105 108 112 113 115 118 122 123 125 128 132 133
a 1 3 5 9 11 14 17 18 20 23 25 29 31 34 37 38 40 43 45 49 51 54 57 58 60 63 65 69 71 74 77 78 80 83 85 89 91 94 97 98 102 103 105 108 112 113 115 118 122 123 125 128 132 133
a 1 3 5 9 11 14 17 18 20 23 25 29 31 34 37 38 40 43 45 49 51 54 57 58 60 63 65 69 71 74 77 78 80 83 85 88 91 94 97 98 102 103 105 108 112 113 115 118 122 123 125 128 132 133
a 1 3 5 9 11 14 17 18 20 23 25 29 31 34 37 38 40 43 45 49 51 54 57 58 60 63 65 69 71 74 77 78 80 83 87 88 91 94 97 98 102 103 105 108 112 113 115 118 122 123 125 128 132 133
a 1 3 5 9 11 14 17 18 20 23 25 29 31 34 37 38 40 43 45 49 51 54 57 58 60 63 65 69 71 74 77 78 80 84 87 88 91 94 97 98 102 103 105 108 112 113 115 118 122 123 125 128 132 133
a 1 3 5 9 11 14 17 18 20 23 25 29 31 34 37 38 40 43 45 49 51 54 57 58 60 63 65 69 71 74 77 78 81 84 87 88 91 94 97 98 102 103 105 108 112 113 115 118 122 123 125 128 132 133
a 1 3 5 9 11 14 17 18 20 23 25 29 31 34 37 38 40 43 45 49 51 54 57 58 60 63 65 68 71 74 77 78 81 84 87 88 91 94 97 98 102 103 105 108 112 113 115 118 122 123 125 128 132 133
a 1 3 5 9 11 14 17 18 20 23 25 29 31 34 37 38 40 43 45 49 51 54 57 58 60 63 67 68 71 74 77 78 81 84 87 88 91 94 97 98 102 103 105 108 112 113 115 118 122 123 125 128 132 133
a 1 3 5 9 11 14 17 18 20 23 25 29 31 34 37 38 40 43 45 49 51 54 57 58 60 64 67 68 71 74 77 78 81 84 87 88 91 94 97 98 102 103 105 108 112 113 115 118 122 123 125 128 132 133
a 1 3 5 9 11 14 17 18 20 23 25 29 31 34 37 38 40 43 45 49 51 54 57 58 61 64 67 68 71 74 77 78 81 84 87 88 91 94 97 98 102 103 105 108 112 113 115 118 122 123 125 128 132 133
a 1 3 5 9 11 14 17 18 20 23 25 29 31 34 37 38 40 43 45 48 51 54 57 58 61 64 67 68 71 74 77 78 81 84 87 88 91 94 97 98 102 103 105 108 112 113 115 118 122 123 125 128 132 133
a 1 3 5 9 11 14 17 18 20 23 25 29 31 34 37 38 40 43 47 48 51 54 57 58 61 64 67 68 71 74 77 78 81 84 87 88 91 94 97 98 102 103 105 108 112 113 115 118 122 123 125 128 132 133
a 1 3 5 9 11 14 17 18 20 23 25 29 31 34 37 38 40 44 47 48 51 54 57 58 61 64 67 68 71 74 77 78 81 84 87 88 91 94 97 98 102 103 105 108 112 113 115 118 122 123 125 128 132 133
a 1 3 5 9 11 14 17 18 20 23 25 29 31 34 37 38 41 44 47 48 51 54 57 58 61 64 67 68 71 74 77 78 81 84 87 88 91 94 97 98 102 103 105 108 112 113 115 118 122 123 125 128 132 133
a 1 3 5 9 11 14 17 18 20 23 25 28 31 34 37 38 41 44 47 48 51 54 57 58 61 64 67 68 71 74 77 78 81 84 87 88 91 94 97 98 102 103 105 108 112 113 115 118 122 123 125 128 132 133
a 1 3 5 9 11 14 17 18 20 23 27 28 31 34 37 38 41 44 47 48 51 54 57 58 61 64 67 68 71 74 77 78 81 84 87 88 91 94 97 98 102 103 105 108 112 113 115 118 122 123 125 128 132 133
a 1 3 5 9 11 14 17 18 20 24 27 28 31 34 37 38 41 44 47 48 51 54 57 58 61 64 67 68 71 74 77 78 81 84 87 88 91 94 97 98 102 103 105 108 112 113 115 118 122 123 125 128 132 133
a 1 3 5 9 11 14 17 18 21 24 27 28 31 34 37 38 41 44 47 48 51 54 57 58 61 64 67 68 71 74 77 78 81 84 87 88 91 94 97 98 102 103 105 108 112 113 115 118 122 123 125 128 132 133
a 1 3 5 8 11 14 17 18 21 24 27 28 31 34 37 38 41 44 47 48 51 54 57 58 61 64 67 68 71 74 77 78 81 84 87 88 91 94 97 98 102 103 105 108 112 113 115 118 122 123 125 128 132 133
a 1 3 7 8 11 14 17 18 21 24 27 28 31 34 37 38 41 44 47 48 51 54 57 58 61 64 67 68 71 74 77 78 81 84 87 88 91 94 97 98 102 103 105 108 112 113 115 118 122 123 125 128 132 133
a 1 4 7 8 11 14 17 18 21 24 27 28 31 34 37 38 41 44 47 48 51 54 57 58 61 64 67 68 71 74 77 78 81 84 87 88 91 94 97 98 102 103 105 108 112 113 115 118 122 123 125 128 132 133
a 2 4 7 8 11 14 17 18 21 24 27 28 31 34 37 38 41 44 47 48 51 54 57 58 61 64 67 68 71 74 77 78 81 84 87 88 91 94 97 98 102 103 105 108 112 113 115 118 122 123 125 128 132 133
a 2 4 7 8 10 14 17 18 21 24 27 28 31 34 37 38 41 44 47 48 51 54 57 58 61 64 67 68 71 74 77 78 81 84 87 88 91 94 97 98 102 103 105 108 112 113 115 118 122 123 125 128 132 133
a 2 4 7 8 10 13 17 18 21 24 27 28 31 34 37 38 41 44 47 48 51 54 57 58 61 64 67 68 71 74 77 78 81 84 87 88 91 94 97 98 102 103 105 108 112 113 115 118 122 123 125 128 132 133
a 2 4 7 8 10 13 15 18 21 24 27 28 31 34 37 38 41 44 47 48 51 54 57 58 61 64 67 68 71 74 77 78 81 84 87 88 91 94 97 98 102 103 105 108 112 113 115 118 122 123 125 128 132 133
a 2 4 7 8 10 13 15 19 21 24 27 28 31 34 37 38 41 44 47 48 51 54 57 58 61 64 67 68 71 74 77 78 81 84 87 88 91 94 97 98 102 103 105 108 112 113 115 118 122 123 125 128 132 133
a 2 4 7 8 10 13 15 19 21 24 27 28 30 34 37 38 41 44 47 48 51 54 57 58 61 64 67 68 71 74 77 78 81 84 87 88 91 94 97 98 102 103 105 108 112 113 115 118 122 123 125 128 132 133
a 2 4 7 8 10 13 15 19 21 24 27 28 30 33 37 38 41 44 47 48 51 54 57 58 61 64 67 68 71 74 77 78 81 84 87 88 91 94 97 98 102 103 105 108 112 113 115 118 122 123 125 128 132 133
a 2 4 7 8 10 13 15 19 21 24 27 28 30 33 35 38 41 44 47 48 51 54 57 58 61 64 67 68 71 74 77 78 81 84 87 88 91 94 97 98 102 103 105 108 112 113 115 118 122 123 125 128 132 133
a 2 4 7 8 10 13 15 19 21 24 27 28 30 33 35 39 41 44 47 48 51 54 57 58 61 64 67 68 71 74 77 78 81 84 87 88 91 94 97 98 102 103 105 108 112 113 115 118 122 123 125 128 132 133
a 2 4 7 8 10 13 15 19 21 24 27 28 30 33 35 39 41 44 47 48 50 54 57 58 61 64 67 68 71 74 77 78 81 84 87 88 91 94 97 98 102 103 105 108 112 113 115 118 122 123 125 128 132 133
a 2 4 7 8 10 13 15 19 21 24 27 28 30 33 35 39 41 44 47 48 50 53 57 58 61 64 67 68 71 74 77 78 81 84 87 88 91 94 97 98 102 103 105 108 112 113 115 118 122 123 125 128 132 133
a 2 4 7 8 10 13 15 19 21 24 27 28 30 33 35 39 41 44 47 48 50 53 55 58 61 64 67 68 71 74 77 78 81 84 87 88 91 94 97 98 102 103 105 108 112 113 115 118 122 123 125 128 132 133
a 2 4 7 8 10 13 15 19 21 24 27 28 30 33 35 39 41 44 47 48 50 53 55 59 61 64 67 68 71 74 77 78 81 84 87 88 91 94 97 98 102 103 105 108 112 113 115 118 122 123 125 128 132 133
a 2 4 7 8 10 13 15 19 21 24 27 28 30 33 35 39 41 44 47 48 50 53 55 59 61 64 67 68 70 74 77 78 81 84 87 88 91 94 97 98 102 103 105 108 112 113 115 118 122 123 125 128 132 133
a 2 4 7 8 10 13 15 19 21 24 27 28 30 33 35 39 41 44 47 48 50 53 55 59 61 64 67 68 70 73 77 78 81 84 87 88 91 94 97 98 102 103 105 108 112 113 115 118 122 123 125 128 132 133
a 2 4 7 8 10 13 15 19 21 24 27 28 30 33 35 39 41 44 47 48 50 53 55 59 61 64 67 68 70 73 75 78 81 84 87 88 91 94 97 98 102 103 105 108 112 113 115 118 122 123 125 128 132 133
a 2 4 7 8 10 13 15 19 21 24 27 28 30 33 35 39 41 44 47 48 50 53 55 59 61 64 67 68 70 73 75 79 81 84 87 88 91 94 97 98 102 103 105 108 112 113 115 118 122 123 125 128 132 133
a 2 4 7 8 10 13 15 19 21 24 27 28 30 33 35 39 41 44 47 48 50 53 55 59 61 64 67 68 70 73 75 79 81 84 87 88 90 94 97 98 102 103 105 108 112 113 115 118 122 123 125 128 132 133
a 2 4 7 8 10 13 15 19 21 24 27 28 30 33 35 39 41 44 47 48 50 53 55 59 61 64 67 68 70 73 75 79 81 84 87 88 90 93 97 98 102 103 105 108 112 113 115 118 122 123 125 128 132 133
a 2 4 7 8 10 13 15 19 21 24 27 28 30 33 35 39 41 44 47 48 50 53 55 59 61 64 67 68 70 73 75 79 81 84 87 88 90 93 95 98 102 103 105 108 112 113 115 118 122 123 125 128 132 133
a 2 4 7 8 10 13 15 19 21 24 27 28 30 33 35 39 41 44 47 48 50 53 55 59 61 64 67 68 70 73 75 79 81 84 87 88 92 93 95 98 102 103 105 108 112 113 115 118 122 123 125 128 132 133
a 2 4 7 8 10 13 15 19 21 24 27 28 30 33 35 39 41 44 47 48 50 53 55 59 61 64 67 68 70 73 75 78 81 84 87 88 92 93 95 98 102 103 105 108 112 113 115 118 122 123 125 128 132 133
a 2 4 7 8 10 13 15 19 21 24 27 28 30 33 35 39 41 44 47 48 50 53 55 59 61 64 67 68 70 73 77 78 81 84 87 88 92 93 95 98 102 103 105 108 112 113 115 118 122 123 125 128 132 133
a 2 4 7 8 10 13 15 19 21 24 27 28 30 33 35 39 41 44 47 48 50 53 55 59 61 64 67 68 70 74 77 78 81 84 87 88 92 93 95 98 102 103 105 108 112 113 115 118 122 123 125 128 132 133
a 2 4 7 8 10 13 15 19 21 24 27 28 30 33 35 39 41 44 47 48 50 53 55 59 61 64 67 68 71 74 77 78 81 84 87 88 92 93 95 98 102 103 105 108 112 113 115 118 122 123 125 128 132 133
a 2 4 7 8 10 13 15 19 21 24 27 28 30 33 35 39 41 44 47 48 50 53 55 58 61 64 67 68 71 74 77 78 81 84 87 88 92 93 95 98 102 103 105 108 112 113 115 118 122 123 125 128 132 133
a 2 4 7 8 10 13 15 19 21 24 27 28 30 33 35 39 41 44 47 48 50 53 57 58 61 64 67 68 71 74 77 78 81 84 87 88 92 93 95 98 102 103 105 108 112 113 115 118 122 123 125 128 132 133
a 2 4 7 8 10 13 15 19 21 24 27 28 30 33 35 39 41 44 47 48 50 54 57 58 61 64 67 68 71 74 77 78 81 84 87 88 92 93 95 98 102 103 105 108 112 113 115 118 122 123 125 128 132 133
a 2 4 7 8 10 13 15 19 21 24 27 28 30 33 35 39 41 44 47 48 51 54 57 58 61 64 67 68 71 74 77 78 81 84 87 88 92 93 95 98 102 103 105 108 112 113 115 118 122 123 125 128 132 133
a 2 4 7 8 10 13 15 19 21 24 27 28 30 33 35 38 41 44 47 48 51 54 57 58 61 64 67 68 71 74 77 78 81 84 87 88 92 93 95 98 102 103 105 108 112 113 115 118 122 123 125 128 132 133
a 2 4 7 8 10 13 15 19 21 24 27 28 30 33 37 38 41 44 47 48 51 54 57 58 61 64 67 68 71 74 77 78 81 84 87 88 92 93 95 98 102 103 105 108 112 113 115 118 122 123 125 128 132 133
a 2 4 7 8 10 13 15 19 21 24 27 28 30 34 37 38 41 44 47 48 51 54 57 58 61 64 67 68 71 74 77 78 81 84 87 88 92 93 95 98 102 103 105 108 112 113 115 118 122 123 125 128 132 133
a 2 4 7 8 10 13 15 19 21 24 27 28 31 34 37 38 41 44 47 48 51 54 57 58 61 64 67 68 71 74 77 78 81 84 87 88 92 93 95 98 102 103 105 108 112 113 115 118 122 123 125 128 132 133
a 2 4 7 8 10 13 15 18 21 24 27 28 31 34 37 38 41 44 47 48 51 54 57 58 61 64 67 68 71 74 77 78 81 84 87 88 92 93 95 98 102 103 105 108 112 113 115 118 122 123 125 128 132 133
a 2 4 7 8 10 13 17 18 21 24 27 28 31 34 37 38 41 44 47 48 51 54 57 58 61 64 67 68 71 74 77 78 81 84 87 88 92 93 95 98 102 103 105 108 112 113 115 118 122 123 125 128 132 133
a 2 4 7 8 10 14 17 18 21 24 27 28 31 34 37 38 41 44 47 48 51 54 57 58 61 64 67 68 71 74 77 78 81 84 87 88 92 93 95 98 102 103 105 108 112 113 115 118 122 123 125 128 132 133
a 2 4 7 8 11 14 17 18 21 24 27 28 31 34 37 38 41 44 47 48 51 54 57 58 61 64 67 68 71 74 77 78 81 84 87 88 92 93 95 98 102 103 105 108 112 113 115 118 122 123 125 128 132 133
a 1 4 7 8 11 14 17 18 21 24 27 28 31 34 37 38 41 44 47 48 51 54 57 58 61 64 67 68 71 74 77 78 81 84 87 88 92 93 95 98 102 103 105 108 112 113 115 118 122 123 125 128 132 133
a 1 3 7 8 11 14 17 18 21 24 27 28 31 34 37 38 41 44 47 48 51 54 57 58 61 64 67 68 71 74 77 78 81 84 87 88 92 93 95 98 102 103 105 108 112 113 115 118 122 123 125 128 132 133
a 1 3 5 8 11 14 17 18 21 24 27 28 31 34 37 38 41 44 47 48 51 54 57 58 61 64 67 68 71 74 77 78 81 84 87 88 92 93 95 98 102 103 105 108 112 113 115 118 122 123 125 128 132 133
a 1 3 5 9 11 14 17 18 21 24 27 28 31 34 37 38 41 44 47 48 51 54 57 58 61 64 67 68 71 74 77 78 81 84 87 88 92 93 95 98 102 103 105 108 112 113 115 118 122 123 125 128 132 133
a 1 3 5 9 11 14 17 18 20 24 27 28 31 34 37 38 41 44 47 48 51 54 57 58 61 64 67 68 71 74 77 78 81 84 87 88 92 93 95 98 102 103 105 108 112 113 115 118 122 123 125 128 132 133
a 1 3 5 9 11 14 17 18 20 23 27 28 31 34 37 38 41 44 47 48 51 54 57 58 61 64 67 68 71 74 77 78 81 84 87 88 92 93 95 98 102 103 105 108 112 113 115 118 122 123 125 128 132 133
a 1 3 5 9 11 14 17 18 20 23 25 28 31 34 37 38 41 44 47 48 51 54 57 58 61 64 67 68 71 74 77 78 81 84 87 88 92 93 95 98 102 103 105 108 112 113 115 118 122 123 125 128 132 133
a 1 3 5 9 11 14 17 18 20 23 25 29 31 34 37 38 41 44 47 48 51 54 57 58 61 64 67 68 71 74 77 78 81 84 87 88 92 93 95 98 102 103 105 108 112 113 115 118 122 123 125 128 132 133
a 1 3 5 9 11 14 17 18 20 23 25 29 31 34 37 38 40 44 47 48 51 54 57 58 61 64 67 68 71 74 77 78 81 84 87 88 92 93 95 98 102 103 105 108 112 113 115 118 122 123 125 128 132 133
a 1 3 5 9 11 14 17 18 20 23 25 29 31 34 37 38 40 43 47 48 51 54 57 58 61 64 67 68 71 74 77 78 81 84 87 88 92 93 95 98 102 103 105 108 112 113 115 118 122 123 125 128 132 133
a 1 3 5 9 11 14 17 18 20 23 25 29 31 34 37 38 40 43 45 48 51 54 57 58 61 64 67 68 71 74 77 78 81 84 87 88 92 93 95 98 102 103 105 108 112 113 115 118 122 123 125 128 132 133
a 1 3 5 9 11 14 17 18 20 23 25 29 31 34 37 38 40 43 45 49 51 54 57 58 61 64 67 68 71 74 77 78 81 84 87 88 92 93 95 98 102 103 105 108 112 113 115 118 122 123 125 128 132 133
a 1 3 5 9 11 14 17 18 20 23 25 29 31 34 37 38 40 43 45 49 51 54 57 58 60 64 67 68 71 74 77 78 81 84 87 88 92 93 95 98 102 103 105 108 112 113 115 118 122 123 125 128 132 133
a 1 3 5 9 11 14 17 18 20 23 25 29 31 34 37 38 40 43 45 49 51 54 57 58 60 63 67 68 71 74 77 78 81 84 87 88 92 93 95 98 102 103 105 108 112 113 115 118 122 123 125 128 132 133
a 1 3 5 9 11 14 17 18 20 23 25 29 31 34 37 38 40 43 45 49 51 54 57 58 60 63 65 68 71 74 77 78 81 84 87 88 92 93 95 98 102 103 105 108 112 113 115 118 122 123 125 128 132 133
a 1 3 5 9 11 14 17 18 20 23 25 29 31 34 37 38 40 43 45 49 51 54 57 58 60 63 65 69 71 74 77 78 81 84 87 88 92 93 95 98 102 103 105 108 112 113 115 118 122 123 125 128 132 133
a 1 3 5 9 11 14 17 18 20 23 25 29 31 34 37 38 40 43 45 49 51 54 57 58 60 63 65 69 71 74 77 78 80 84 87 88 92 93 95 98 102 103 105 108 112 113 115 118 122 123 125 128 132 133
a 1 3 5 9 11 14 17 18 20 23 25 29 31 34 37 38 40 43 45 49 51 54 57 58 60 63 65 69 71 74 77 78 80 83 87 88 92 93 95 98 102 103 105 108 112 113 115 118 122 123 125 128 132 133
a 1 3 5 9 11 14 17 18 20 23 25 29 31 34 37 38 40 43 45 49 51 54 57 58 60 63 65 69 71 74 77 78 80 83 85 88 92 93 95 98 102 103 105 108 112 113 115 118 122 123 125 128 132 133
a 1 3 5 9 11 14 17 18 20 23 25 29 31 34 37 38 40 43 45 49 51 54 57 58 60 63 65 69 71 74 77 78 82 83 85 88 92 93 95 98 102 103 105 108 112 113 115 118 122 123 125 128 132 133
a 1 3 5 9 11 14 17 18 20 23 25 29 31 34 37 38 40 43 45 49 51 54 57 58 60 63 65 68 71 74 77 78 82 83 85 88 92 93 95 98 102 103 105 108 112 113 115 118 122 123 125 128 132 133
a 1 3 5 9 11 14 17 18 20 23 25 29 31 34 37 38 40 43 45 49 51 54 57 58 60 63 67 68 71 74 77 78 82 83 85 88 92 93 95 98 102 103 105 108 112 113 115 118 122 123 125 128 132 133
a 1 3 5 9 11 14 17 18 20 23 25 29 31 34 37 38 40 43 45 49 51 54 57 58 60 64 67 68 71 74 77 78 82 83 85 88 92 93 95 98 102 103 105 108 112 113 115 118 122 123 125 128 132 133
a 1 3 5 9 11 14 17 18 20 23 25 29 31 34 37 38 40 43 45 49 51 54 57 58 61 64 67 68 71 74 77 78 82 83 85 88 92 93 95 98 102 103 105 108 112 113 115 118 122 123 125 128 132 133
a 1 3 5 9 11 14 17 18 20 23 25 29 31 34 37 38 40 43 45 48 51 54 57 58 61 64 67 68 71 74 77 78 82 83 85 88 92 93 95 98 102 103 105 108 112 113 115 118 122 123 125 128 132 133
a 1 3 5 9 11 14 17 18 20 23 25 29 31 34 37 38 40 43 47 48 51 54 57 58 61 64 67 68 71 74 77 78 82 83 85 88 92 93 95 98 102 103 105 108 112 113 115 118 122 123 125 128 132 133
a 1 3 5 9 11 14 17 18 20 23 25 29 31 34 37 38 40 44 47 48 51 54 57 58 61 64 67 68 71 74 77 78 82 83 85 88 92 93 95 98 102 103 105 108 112 113 115 118 122 123 125 128 132 133
a 1 3 5 9 11 14 17 18 20 23 25 29 31 34 37 38 41 44 47 48 51 54 57 58 61 64 67 68 71 74 77 78 82 83 85 88 92 93 95 98 102 103 105 108 112 113 115 118 122 123 125 128 132 133
a 1 3 5 9 11 14 17 18 20 23 25 28 31 34 37 38 41 44 47 48 51 54 57 58 61 64 67 68 71 74 77 78 82 83 85 88 92 93 95 98 102 103 105 108 112 113 115 118 122 123 125 128 132 133
a 1 3 5 9 11 14 17 18 20 23 27 28 31 34 37 38 41 44 47 48 51 54 57 58 61 64 67 68 71 74 77 78 82 83 85 88 92 93 95 98 102 103 105 108 112 113 115 118 122 123 125 128 132 133
a 1 3 5 9 11 14 17 18 20 24 27 28 31 34 37 38 41 44 47 48 51 54 57 58 61 64 67 68 71 74 77 78 82 83 85 88 92 93 95 98 102 103 105 108 112 113 115 118 122 123 125 128 132 133
a 1 3 5 9 11 14 17 18 21 24 27 28 31 34 37 38 41 44 47 48 51 54 57 58 61 64 67 68 71 74 77 78 82 83 85 88 92 93 95 98 102 103 105 108 112 113 115 118 122 123 125 128 132 133
a 1 3 5 8 11 14 17 18 21 24 27 28 31 34 37 38 41 44 47 48 51 54 57 58 61 64 67 68 71 74 77 78 82 83 85 88 92 93 95 98 102 103 105 108 112 113 115 118 122 123 125 128 132 133
a 1 3 7 8 11 14 17 18 21 24 27 28 31 34 37 38 41 44 47 48 51 54 57 58 61 64 67 68 71 74 77 78 82 83 85 88 92 93 95 98 102 103 105 108 112 113 115 118 122 123 125 128 132 133
a 1 4 7 8 11 14 17 18 21 24 27 28 31 34 37 38 41 44 47 48 51 54 57 58 61 64 67 68 71 74 77 78 82 83 85 88 92 93 95 98 102 103 105 108 112 113 115 118 122 123 125 128 132 133
a 2 4 7 8 11 14 17 18 21 24 27 28 31 34 37 38 41 44 47 48 51 54 57 58 61 64 67 68 71 74 77 78 82 83 85 88 92 93 95 98 102 103 105 108 112 113 115 118 122 123 125 128 132 133
a 2 4 7 8 10 14 17 18 21 24 27 28 31 34 37 38 41 44 47 48 51 54 57 58 61 64 67 68 71 74 77 78 82 83 85 88 92 93 95 98 102 103 105 108 112 113 115 118 122 123 125 128 132 133
a 2 4 7 8 10 13 17 18 21 24 27 28 31 34 37 38 41 44 47 48 51 54 57 58 61 64 67 68 71 74 77 78 82 83 85 88 92 93 95 98 102 103 105 108 112 113 115 118 122 123 125 128 132 133
a 2 4 7 8 10 13 15 18 21 24 27 28 31 34 37 38 41 44 47 48 51 54 57 58 61 64 67 68 71 74 77 78 82 83 85 88 92 93 95 98 102 103 105 108 112 113 115 118 122 123 125 128 132 133
a 2 4 7 8 10 13 15 19 21 24 27 28 31 34 37 38 41 44 47 48 51 54 57 58 61 64 67 68 71 74 77 78 82 83 85 88 92 93 95 98 102 103 105 108 112 113 115 118 122 123 125 128 132 133
a 2 4 7 8 10 13 15 19 21 24 27 28 30 34 37 38 41 44 47 48 51 54 57 58 61 64 67 68 71 74 77 78 82 83 85 88 92 93 95 98 102 103 105 108 112 113 115 118 122 123 125 128 132 133
a 2 4 7 8 10 13 15 19 21 24 27 28 30 33 37 38 41 44 47 48 51 54 57 58 61 64 67 68 71 74 77 78 82 83 85 88 92 93 95 98 102 103 105 108 112 113 115 118 122 123 125 128 132 133
a 2 4 7 8 10 13 15 19 21 24 27 28 30 33 35 38 41 44 47 48 51 54 57 58 61 64 67 68 71 74 77 78 82 83 85 88 92 93 95 98 102 103 105 108 112 113 115 118 122 123 125 128 132 133
a 2 4 7 8 10 13 15 19 21 24 27 28 30 33 35 39 41 44 47 48 51 54 57 58 61 64 67 68 71 74 77 78 82 83 85 88 92 93 95 98 102 103 105 108 112 113 115 118 122 123 125 128 132 133
a 2 4 7 8 10 13 15 19 21 24 27 28 30 33 35 39 41 44 47 48 50 54 57 58 61 64 67 68 71 74 77 78 82 83 85 88 92 93 95 98 102 103 105 108 112 113 115 118 122 123 125 128 132 133
a 2 4 7 8 10 13 15 19 21 24 27 28 30 33 35 39 41 44 47 48 50 53 57 58 61 64 67 68 71 74 77 78 82 83 85 88 92 93 95 98 102 103 105 108 112 113 115 118 122 123 125 128 132 133
a 2 4 7 8 10 13 15 19 21 24 27 28 30 33 35 39 41 44 47 48 50 53 55 58 61 64 67 68 71 74 77 78 82 83 85 88 92 93 95 98 102 103 105 108 112 113 115 118 122 123 125 128 132 133
a 2 4 7 8 10 13 15 19 21 24 27 28 30 33 35 39 41 44 47 48 50 53 55 59 61 64 67 68 71 74 77 78 82 83 85 88 92 93 95 98 102 103 105 108 112 113 115 118 122 123 125 128 132 133
a 2 4 7 8 10 13 15 19 21 24 27 28 30 33 35 39 41 44 47 48 50 53 55 59 61 64 67 68 70 74 77 78 82 83 85 88 92 93 95 98 102 103 105 108 112 113 115 118 122 123 125 128 132 133
a 2 4 7 8 10 13 15 19 21 24 27 28 30 33 35 39 41 44 47 48 50 53 55 59 61 64 67 68 70 73 77 78 82 83 85 88 92 93 95 98 102 103 105 108 112 113 115 118 122 123 125 128 132 133
a 2 4 7 8 10 13 15 19 21 24 27 28 30 33 35 39 41 44 47 48 50 53 55 59 61 64 67 68 70 73 75 78 82 83 85 88 92 93 95 98 102 103 105 108 112 113 115 118 122 123 125 128 132 133
a 2 4 7 8 10 13 15 19 21 24 27 28 30 33 35 39 41 44 47 48 50 53 55 59 61 64 67 68 72 73 75 78 82 83 85 88 92 93 95 98 102 103 105 108 112 113 115 118 122 123 125 128 132 133
a 2 4 7 8 10 13 15 19 21 24 27 28 30 33 35 39 41 44 47 48 50 53 55 58 61 64 67 68 72 73 75 78 82 83 85 88 92 93 95 98 102 103 105 108 112 113 115 118 122 123 125 128 132 133
a 2 4 7 8 10 13 15 19 21 24 27 28 30 33 35 39 41 44 47 48 50 53 57 58 61 64 67 68 72 73 75 78 82 83 85 88 92 93 95 98 102 103 105 108 112 113 115 118 122 123 125 128 132 133
a 2 4 7 8 10 13 15 19 21 24 27 28 30 33 35 39 41 44 47 48 50 54 57 58 61 64 67 68 72 73 75 78 82 83 85 88 92 93 95 98 102 103 105 108 112 113 115 118 122 123 125 128 132 133
a 2 4 7 8 10 13 15 19 21 24 27 28 30 33 35 39 41 44 47 48 51 54 57 58 61 64 67 68 72 73 75 78 82 83 85 88 92 93 95 98 102 103 105 108 112 113 115 118 122 123 125 128 132 133
a 2 4 7 8 10 13 15 19 21 24 27 28 30 33 35 38 41 44 47 48 51 54 57 58 61 64 67 68 72 73 75 78 82 83 85 88 92 93 95 98 102 103 105 108 112 113 115 118 122 123 125 128 132 133
a 2 4 7 8 10 13 15 19 21 24 27 28 30 33 37 38 41 44 47 48 51 54 57 58 61 64 67 68 72 73 75 78 82 83 85 88 92 93 95 98 102 103 105 108 112 113 115 118 122 123 125 128 132 133
a 2 4 7 8 10 13 15 19 21 24 27 28 30 34 37 38 41 44 47 48 51 54 57 58 61 64 67 68 72 73 75 78 82 83 85 88 92 93 95 98 102 103 105 108 112 113 115 118 122 123 125 128 132 133
a 2 4 7 8 10 13 15 19 21 24 27 28 31 34 37 38 41 44 47 48 51 54 57 58 61 64 67 68 72 73 75 78 82 83 85 88 92 93 95 98 102 103 105 108 112 113 115 118 122 123 125 128 132 133
a 2 4 7 8 10 13 15 18 21 24 27 28 31 34 37 38 41 44 47 48 51 54 57 58 61 64 67 68 72 73 75 78 82 83 85 88 92 93 95 98 102 103 105 108 112 113 115 118 122 123 125 128 132 133
a 2 4 7 8 10 13 17 18 21 24 27 28 31 34 37 38 41 44 47 48 51 54 57 58 61 64 67 68 72 73 75 78 82 83 85 88 92 93 95 98 102 103 105 108 112 113 115 118 122 123 125 128 132 133
a 2 4 7 8 10 14 17 18 21 24 27 28 31 34 37 38 41 44 47 48 51 54 57 58 61 64 67 68 72 73 75 78 82 83 85 88 92 93 95 98 102 103 105 108 112 113 115 118 122 123 125 128 132 133
a 2 4 7 8 11 14 17 18 21 24 27 28 31 34 37 38 41 44 47 48 51 54 57 58 61 64 67 68 72 73 75 78 82 83 85 88 92 93 95 98 102 103 105 108 112 113 115 118 122 123 125 128 132 133
a 1 4 7 8 11 14 17 18 21 24 27 28 31 34 37 38 41 44 47 48 51 54 57 58 61 64 67 68 72 73 75 78 82 83 85 88 92 93 95 98 102 103 105 108 112 113 115 118 122 123 125 128 132 133
a 1 3 7 8 11 14 17 18 21 24 27 28 31 34 37 38 41 44 47 48 51 54 57 58 61 64 67 68 72 73 75 78 82 83 85 88 92 93 95 98 102 103 105 108 112 113 115 118 122 123 125 128 132 133
a 1 3 5 8 11 14 17 18 21 24 27 28 31 34 37 38 41 44 47 48 51 54 57 58 61 64 67 68 72 73 75 78 82 83 85 88 92 93 95 98 102 103 105 108 112 113 115 118 122 123 125 128 132 133
a 1 3 5 9 11 14 17 18 21 24 27 28 31 34 37 38 41 44 47 48 51 54 57 58 61 64 67 68 72 73 75 78 82 83 85 88 92 93 95 98 102 103 105 108 112 113 115 118 122 123 125 128 132 133
a 1 3 5 9 11 14 17 18 20 24 27 28 31 34 37 38 41 44 47 48 51 54 57 58 61 64 67 68 72 73 75 78 82 83 85 88 92 93 95 98 102 103 105 108 112 113 115 118 122 123 125 128 132 133
a 1 3 5 9 11 14 17 18 20 23 27 28 31 34 37 38 41 44 47 48 51 54 57 58 61 64 67 68 72 73 75 78 82 83 85 88 92 93 95 98 102 103 105 108 112 113 115 118 122 123 125 128 132 133
a 1 3 5 9 11 14 17 18 20 23 25 28 31 34 37 38 41 44 47 48 51 54 57 58 61 64 67 68 72 73 75 78 82 83 85 88 92 93 95 98 102 103 105 108 112 113 115 118 122 123 125 128 132 133
a 1 3 5 9 11 14 17 18 20 23 25 29 31 34 37 38 41 44 47 48 51 54 57 58 61 64 67 68 72 73 75 78 82 83 85 88 92 93 95 98 102 103 105 108 112 113 115 118 122 123 125 128 132 133
a 1 3 5 9 11 14 17 18 20 23 25 29 31 34 37 38 40 44 47 48 51 54 57 58 61 64 67 68 72 73 75 78 82 83 85 88 92 93 95 98 102 103 105 108 112 113 115 118 122 123 125 128 132 133
a 1 3 5 9 11 14 17 18 20 23 25 29 31 34 37 38 40 43 47 48 51 54 57 58 61 64 67 68 72 73 75 78 82 83 85 88 92 93 95 98 102 103 105 108 112 113 115 118 122 123 125 128 132 133
a 1 3 5 9 11 14 17 18 20 23 25 29 31 34 37 38 40 43 45 48 51 54 57 58 61 64 67 68 72 73 75 78 82 83 85 88 92 93 95 98 102 103 105 108 112 113 115 118 122 123 125 128 132 133
a 1 3 5 9 11 14 17 18 20 23 25 29 31 34 37 38 40 43 45 49 51 54 57 58 61 64 67 68 72 73 75 78 82 83 85 88 92 93 95 98 102 103 105 108 112 113 115 118 122 123 125 128 132 133
a 1 3 5 9 11 14 17 18 20 23 25 29 31 34 37 38 40 43 45 49 51 54 57 58 60 64 67 68 72 73 75 78 82 83 85 88 92 93 95 98 102 103 105 108 112 113 115 118 122 123 125 128 132 133
a 1 3 5 9 11 14 17 18 20 23 25 29 31 34 37 38 40 43 45 49 51 54 57 58 60 63 67 68 72 73 75 78 82 83 85 88 92 93 95 98 102 103 105 108 112 113 115 118 122 123 125 128 132 133
a 1 3 5 9 11 14 17 18 20 23 25 29 31 34 37 38 40 43 45 49 51 54 57 58 60 63 65 68 72 73 75 78 82 83 85 88 92 93 95 98 102 103 105 108 112 113 115 118 122 123 125 128 132 133
a 1 3 5 9 11 14 17 18 20 23 25 29 31 34 37 38 40 43 45 49 51 54 57 58 62 63 65 68 72 73 75 78 82 83 85 88 92 93 95 98 102 103 105 108 112 113 115 118 122 123 125 128 132 133
a 1 3 5 9 11 14 17 18 20 23 25 29 31 34 37 38 40 43 45 48 51 54 57 58 62 63 65 68 72 73 75 78 82 83 85 88 92 93 95 98 102 103 105 108 112 113 115 118 122 123 125 128 132 133
a 1 3 5 9 11 14 17 18 20 23 25 29 31 34 37 38 40 43 47 48 51 54 57 58 62 63 65 68 72 73 75 78 82 83 85 88 92 93 95 98 102 103 105 108 112 113 115 118 122 123 125 128 132 133
a 1 3 5 9 11 14 17 18 20 23 25 29 31 34 37 38 40 44 47 48 51 54 57 58 62 63 65 68 72 73 75 78 82 83 85 88 92 93 95 98 102 103 105 108 112 113 115 118 122 123 125 128 132 133
a 1 3 5 9 11 14 17 18 20 23 25 29 31 34 37 38 41 44 47 48 51 54 57 58 62 63 65 68 72 73 75 78 82 83 85 88 92 93 95 98 102 103 105 108 112 113 115 118 122 123 125 128 132 133
a 1 3 5 9 11 14 17 18 20 23 25 28 31 34 37 38 41 44 47 48 51 54 57 58 62 63 65 68 72 73 75 78 82 83 85 88 92 93 95 98 102 103 105 108 112 113 115 118 122 123 125 128 132 133
a 1 3 5 9 11 14 17 18 20 23 27 28 31 34 37 38 41 44 47 48 51 54 57 58 62 63 65 68 72 73 75 78 82 83 85 88 92 93 95 98 102 103 105 108 112 113 115 118 122 123 125 128 132 133
a 1 3 5 9 11 14 17 18 20 24 27 28 31 34 37 38 41 44 47 48 51 54 57 58 62 63 65 68 72 73 75 78 82 83 85 88 92 93 95 98 102 103 105 108 112 113 115 118 122 123 125 128 132 133
a 1 3 5 9 11 14 17 18 21 24 27 28 31 34 37 38 41 44 47 48 51 54 57 58 62 63 65 68 72 73 75 78 82 83 85 88 92 93 95 98 102 103 105 108 112 113 115 118 122 123 125 128 132 133
a 1 3 5 8 11 14 17 18 21 24 27 28 31 34 37 38 41 44 47 48 51 54 57 58 62 63 65 68 72 73 75 78 82 83 85 88 92 93 95 98 102 103 105 108 112 113 115 118 122 123 125 128 132 133
a 1 3 7 8 11 14 17 18 21 24 27 28 31 34 37 38 41 44 47 48 51 54 57 58 62 63 65 68 72 73 75 78 82 83 85 88 92 93 95 98 102 103 105 108 112 113 115 118 122 123 125 128 132 133
a 1 4 7 8 11 14 17 18 21 24 27 28 31 34 37 38 41 44 47 48 51 54 57 58 62 63 65 68 72 73 75 78 82 83 85 88 92 93 95 98 102 103 105 108 112 113 115 118 122 123 125 128 132 133
a 2 4 7 8 11 14 17 18 21 24 27 28 31 34 37 38 41 44 47 48 51 54 57 58 62 63 65 68 72 73 75 78 82 83 85 88 92 93 95 98 102 103 105 108 112 113 115 118 122 123 125 128 132 133
a 2 4 7 8 10 14 17 18 21 24 27 28 31 34 37 38 41 44 47 48 51 54 57 58 62 63 65 68 72 73 75 78 82 83 85 88 92 93 95 98 102 103 105 108 112 113 115 118 122 123 125 128 132 133
a 2 4 7 8 10 13 17 18 21 24 27 28 31 34 37 38 41 44 47 48 51 54 57 58 62 63 65 68 72 73 75 78 82 83 85 88 92 93 95 98 102 103 105 108 112 113 115 118 122 123 125 128 132 133
a 2 4 7 8 10 13 15 18 21 24 27 28 31 34 37 38 41 44 47 48 51 54 57 58 62 63 65 68 72 73 75 78 82 83 85 88 92 93 95 98 102 103 105 108 112 113 115 118 122 123 125 128 132 133
a 2 4 7 8 10 13 15 19 21 24 27 28 31 34 37 38 41 44 47 48 51 54 57 58 62 63 65 68 72 73 75 78 82 83 85 88 92 93 95 98 102 103 105 108 112 113 115 118 122 123 125 128 132 133
a 2 4 7 8 10 13 15 19 21 24 27 28 30 34 37 38 41 44 47 48 51 54 57 58 62 63 65 68 72 73 75 78 82 83 85 88 92 93 95 98 102 103 105 108 112 113 115 118 122 123 125 128 132 133
a 2 4 7 8 10 13 15 19 21 24 27 28 30 33 37 38 41 44 47 48 51 54 57 58 62 63 65 68 72 73 75 78 82 83 85 88 92 93 95 98 102 103 105 108 112 113 115 118 122 123 125 128 132 133
a 2 4 7 8 10 13 15 19 21 24 27 28 30 33 35 38 41 44 47 48 51 54 57 58 62 63 65 68 72 73 75 78 82 83 85 88 92 93 95 98 102 103 105 108 112 113 115 118 122 123 125 128 132 133
a 2 4 7 8 10 13 15 19 21 24 27 28 30 33 35 39 41 44 47 48 51 54 57 58 62 63 65 68 72 73 75 78 82 83 85 88 92 93 95 98 102 103 105 108 112 113 115 118 122 123 125 128 132 133
a 2 4 7 8 10 13 15 19 21 24 27 28 30 33 35 39 41 44 47 48 50 54 57 58 62 63 65 68 72 73 75 78 82 83 85 88 92 93 95 98 102 103 105 108 112 113 115 118 122 123 125 128 132 133
a 2 4 7 8 10 13 15 19 21 24 27 28 30 33 35 39 41 44 47 48 50 53 57 58 62 63 65 68 72 73 75 78 82 83 85 88 92 93 95 98 102 103 105 108 112 113 115 118 122 123 125 128 132 133
a 2 4 7 8 10 13 15 19 21 24 27 28 30 33 35 39 41 44 47 48 50 53 55 58 62 63 65 68 72 73 75 78 82 83 85 88 92 93 95 98 102 103 105 108 112 113 115 118 122 123 125 128 132 133
a 2 4 7 8 10 13 15 19 21 24 27 28 30 33 35 39 41 44 47 48 52 53 55 58 62 63 65 68 72 73 75 78 82 83 85 88 92 93 95 98 102 103 105 108 112 113 115 118 122 123 125 128 132 133
a 2 4 7 8 10 13 15 19 21 24 27 28 30 33 35 38 41 44 47 48 52 53 55 58 62 63 65 68 72 73 75 78 82 83 85 88 92 93 95 98 102 103 105 108 112 113 115 118 122 123 125 128 132 133
a 2 4 7 8 10 13 15 19 21 24 27 28 30 33 37 38 41 44 47 48 52 53 55 58 62 63 65 68 72 73 75 78 82 83 85 88 92 93 95 98 102 103 105 108 112 113 115 118 122 123 125 128 132 133
a 2 4 7 8 10 13 15 19 21 24 27 28 30 34 37 38 41 44 47 48 52 53 55 58 62 63 65 68 72 73 75 78 82 83 85 88 92 93 95 98 102 103 105 108 112 113 115 118 122 123 125 128 132 133
a 2 4 7 8 10 13 15 19 21 24 27 28 31 34 37 38 41 44 47 48 52 53 55 58 62 63 65 68 72 73 75 78 82 83 85 88 92 93 95 98 102 103 105 108 112 113 115 118 122 123 125 128 132 133
a 2 4 7 8 10 13 15 18 21 24 27 28 31 34 37 38 41 44 47 48 52 53 55 58 62 63 65 68 72 73 75 78 82 83 85 88 92 93 95 98 102 103 105 108 112 113 115 118 122 123 125 128 132 133
a 2 4 7 8 10 13 17 18 21 24 27 28 31 34 37 38 41 44 47 48 52 53 55 58 62 63 65 68 72 73 75 78 82 83 85 88 92 93 95 98 102 103 105 108 112 113 115 118 122 123 125 128 132 133
a 2 4 7 8 10 14 17 18 21 24 27 28 31 34 37 38 41 44 47 48 52 53 55 58 62 63 65 68 72 73 75 78 82 83 85 88 92 93 95 98 102 103 105 108 112 113 115 118 122 123 125 128 132 133
a 2 4 7 8 11 14 17 18 21 24 27 28 31 34 37 38 41 44 47 48 52 53 55 58 62 63 65 68 72 73 75 78 82 83 85 88 92 93 95 98 102 103 105 108 112 113 115 118 122 123 125 128 132 133
a 1 4 7 8 11 14 17 18 21 24 27 28 31 34 37 38 41 44 47 48 52 53 55 58 62 63 65 68 72 73 75 78 82 83 85 88 92 93 95 98 102 103 105 108 112 113 115 118 122 123 125 128 132 133
a 1 3 7 8 11 14 17 18 21 24 27 28 31 34 37 38 41 44 47 48 52 53 55 58 62 63 65 68 72 73 75 78 82 83 85 88 92 93 95 98 102 103 105 108 112 113 115 118 122 123 125 128 132 133
a 1 3 5 8 11 14 17 18 21 24 27 28 31 34 37 38 41 44 47 48 52 53 55 58 62 63 65 68 72 73 75 78 82 83 85 88 92 93 95 98 102 103 105 108 112 113 115 118 122 123 125 128 132 133
a 1 3 5 9 11 14 17 18 21 24 27 28 31 34 37 38 41 44 47 48 52 53 55 58 62 63 65 68 72 73 75 78 82 83 85 88 92 93 95 98 102 103 105 108 112 113 115 118 122 123 125 128 132 133
a 1 3 5 9 11 14 17 18 20 24 27 28 31 34 37 38 41 44 47 48 52 53 55 58 62 63 65 68 72 73 75 78 82 83 85 88 92 93 95 98 102 103 105 108 112 113 115 118 122 123 125 128 132 133
a 1 3 5 9 11 14 17 18 20 23 27 28 31 34 37 38 41 44 47 48 52 53 55 58 62 63 65 68 72 73 75 78 82 83 85 88 92 93 95 98 102 103 105 108 112 113 115 118 122 123 125 128 132 133
a 1 3 5 9 11 14 17 18 20 23 25 28 31 34 37 38 41 44 47 48 52 53 55 58 62 63 65 68 72 73 75 78 82 83 85 88 92 93 95 98 102 103 105 108 112 113 115 118 122 123 125 128 132 133
a 1 3 5 9 11 14 17 18 20 23 25 29 31 34 37 38 41 44 47 48 52 53 55 58 62 63 65 68 72 73 75 78 82 83 85 88 92 93 95 98 102 103 105 108 112 113 115 118 122 123 125 128 132 133
a 1 3 5 9 11 14 17 18 20 23 25 29 31 34 37 38 40 44 47 48 52 53 55 58 62 63 65 68 72 73 75 78 82 83 85 88 92 93 95 98 102 103 105 108 112 113 115 118 122 123 125 128 132 133
a 1 3 5 9 11 14 17 18 20 23 25 29 31 34 37 38 40 43 47 48 52 53 55 58 62 63 65 68 72 73 75 78 82 83 85 88 92 93 95 98 102 103 105 108 112 113 115 118 122 123 125 128 132 133
a 1 3 5 9 11 14 17 18 20 23 25 29 31 34 37 38 40 43 45 48 52 53 55 58 62 63 65 68 72 73 75 78 82 83 85 88 92 93 95 98 102 103 105 108 112 113 115 118 122 123 125 128 132 133
a 1 3 5 9 11 14 17 18 20 23 25 29 31 34 37 38 42 43 45 48 52 53 55 58 62 63 65 68 72 73 75 78 82 83 85 88 92 93 95 98 102 103 105 108 112 113 115 118 122 123 125 128 132 133
a 1 3 5 9 11 14 17 18 20 23 25 28 31 34 37 38 42 43 45 48 52 53 55 58 62 63 65 68 72 73 75 78 82 83 85 88 92 93 95 98 102 103 105 108 112 113 115 118 122 123 125 128 132 133
a 1 3 5 9 11 14 17 18 20 23 27 28 31 34 37 38 42 43 45 48 52 53 55 58 62 63 65 68 72 73 75 78 82 83 85 88 92 93 95 98 102 103 105 108 112 113 115 118 122 123 125 128 132 133
a 1 3 5 9 11 14 17 18 20 24 27 28 31 34 37 38 42 43 45 48 52 53 55 58 62 63 65 68 72 73 75 78 82 83 85 88 92 93 95 98 102 103 105 108 112 113 115 118 122 123 125 128 132 133
a 1 3 5 9 11 14 17 18 21 24 27 28 31 34 37 38 42 43 45 48 52 53 55 58 62 63 65 68 72 73 75 78 82 83 85 88 92 93 95 98 102 103 105 108 112 113 115 118 122 123 125 128 132 133
a 1 3 5 8 11 14 17 18 21 24 27 28 31 34 37 38 42 43 45 48 52 53 55 58 62 63 65 68 72 73 75 78 82 83 85 88 92 93 95 98 102 103 105 108 112 113 115 118 122 123 125 128 132 133
a 1 3 7 8 11 14 17 18 21 24 27 28 31 34 37 38 42 43 45 48 52 53 55 58 62 63 65 68 72 73 75 78 82 83 85 88 92 93 95 98 102 103 105 108 112 113 115 118 122 123 125 128 132 133
a 1 4 7 8 11 14 17 18 21 24 27 28 31 34 37 38 42 43 45 48 52 53 55 58 62 63 65 68 72 73 75 78 82 83 85 88 92 93 95 98 102 103 105 108 112 113 115 118 122 123 125 128 132 133
a 2 4 7 8 11 14 17 18 21 24 27 28 31 34 37 38 42 43 45 48 52 53 55 58 62 63 65 68 72 73 75 78 82 83 85 88 92 93 95 98 102 103 105 108 112 113 115 118 122 123 125 128 132 133
a 2 4 7 8 10 14 17 18 21 24 27 28 31 34 37 38 42 43 45 48 52 53 55 58 62 63 65 68 72 73 75 78 82 83 85 88 92 93 95 98 102 103 105 108 112 113 115 118 122 123 125 128 132 133
a 2 4 7 8 10 13 17 18 21 24 27 28 31 34 37 38 42 43 45 48 52 53 55 58 62 63 65 68 72 73 75 78 82 83 85 88 92 93 95 98 102 103 105 108 112 113 115 118 122 123 125 128 132 133
a 2 4 7 8 10 13 15 18 21 24 27 28 31 34 37 38 42 43 45 48 52 53 55 58 62 63 65 68 72 73 75 78 82 83 85 88 92 93 95 98 102 103 105 108 112 113 115 118 122 123 125 128 132 133
a 2 4 7 8 10 13 15 19 21 24 27 28 31 34 37 38 42 43 45 48 52 53 55 58 62 63 65 68 72 73 75 78 82 83 85 88 92 93 95 98 102 103 105 108 112 113 115 118 122 123 125 128 132 133
a 2 4 7 8 10 13 15 19 21 24 27 28 30 34 37 38 42 43 45 48 52 53 55 58 62 63 65 68 72 73 75 78 82 83 85 88 92 93 95 98 102 103 105 108 112 113 115 118 122 123 125 128 132 133
a 2 4 7 8 10 13 15 19 21 24 27 28 30 33 37 38 42 43 45 48 52 53 55 58 62 63 65 68 72 73 75 78 82 83 85 88 92 93 95 98 102 103 105 108 112 113 115 118 122 123 125 128 132 133
a 2 4 7 8 10 13 15 19 21 24 27 28 30 33 35 38 42 43 45 48 52 53 55 58 62 63 65 68 72 73 75 78 82 83 85 88 92 93 95 98 102 103 105 108 112 113 115 118 122 123 125 128 132 133
a 2 4 7 8 10 13 15 19 21 24 27 28 32 33 35 38 42 43 45 48 52 53 55 58 62 63 65 68 72 73 75 78 82 83 85 88 92 93 95 98 102 103 105 108 112 113 115 118 122 123 125 128 132 133
a 2 4 7 8 10 13 15 18 21 24 27 28 32 33 35 38 42 43 45 48 52 53 55 58 62 63 65 68 72 73 75 78 82 83 85 88 92 93 95 98 102 103 105 108 112 113 115 118 122 123 125 128 132 133
a 2 4 7 8 10 13 17 18 21 24 27 28 32 33 35 38 42 43 45 48 52 53 55 58 62 63 65 68 72 73 75 78 82 83 85 88 92 93 95 98 102 103 105 108 112 113 115 118 122 123 125 128 132 133
a 2 4 7 8 10 14 17 18 21 24 27 28 32 33 35 38 42 43 45 48 52 53 55 58 62 63 65 68 72 73 75 78 82 83 85 88 92 93 95 98 102 103 105 108 112 113 115 118 122 123 125 128 132 133
a 2 4 7 8 11 14 17 18 21 24 27 28 32 33 35 38 42 43 45 48 52 53 55 58 62 63 65 68 72 73 75 78 82 83 85 88 92 93 95 98 102 103 105 108 112 113 115 118 122 123 125 128 132 133
a 1 4 7 8 11 14 17 18 21 24 27 28 32 33 35 38 42 43 45 48 52 53 55 58 62 63 65 68 72 73 75 78 82 83 85 88 92 93 95 98 102 103 105 108 112 113 115 118 122 123 125 128 132 133
a 1 3 7 8 11 14 17 18 21 24 27 28 32 33 35 38 42 43 45 48 52 53 55 58 62 63 65 68 72 73 75 78 82 83 85 88 92 93 95 98 102 103 105 108 112 113 115 118 122 123 125 128 132 133
a 1 3 5 8 11 14 17 18 21 24 27 28 32 33 35 38 42 43 45 48 52 53 55 58 62 63 65 68 72 73 75 78 82 83 85 88 92 93 95 98 102 103 105 108 112 113 115 118 122 123 125 128 132 133
a 1 3 5 9 11 14 17 18 21 24 27 28 32 33 35 38 42 43 45 48 52 53 55 58 62 63 65 68 72 73 75 78 82 83 85 88 92 93 95 98 102 103 105 108 112 113 115 118 122 123 125 128 132 133
a 1 3 5 9 11 14 17 18 20 24 27 28 32 33 35 38 42 43 45 48 52 53 55 58 62 63 65 68 72 73 75 78 82 83 85 88 92 93 95 98 102 103 105 108 112 113 115 118 122 123 125 128 132 133
a 1 3 5 9 11 14 17 18 20 23 27 28 32 33 35 38 42 43 45 48 52 53 55 58 62 63 65 68 72 73 75 78 82 83 85 88 92 93 95 98 102 103 105 108 112 113 115 118 122 123 125 128 132 133
a 1 3 5 9 11 14 17 18 20 23 25 28 32 33 35 38 42 43 45 48 52 53 55 58 62 63 65 68 72 73 75 78 82 83 85 88 92 93 95 98 102 103 105 108 112 113 115 118 122 123 125 128 132 133
a 1 3 5 9 11 14 17 18 22 23 25 28 32 33 35 38 42 43 45 48 52 53 55 58 62 63 65 68 72 73 75 78 82 83 85 88 92 93 95 98 102 103 105 108 112 113 115 118 122 123 125 128 132 133
a 1 3 5 8 11 14 17 18 22 23 25 28 32 33 35 38 42 43 45 48 52 53 55 58 62 63 65 68 72 73 75 78 82 83 85 88 92 93 95 98 102 103 105 108 112 113 115 118 122 123 125 128 132 133
a 1 3 7 8 11 14 17 18 22 23 25 28 32 33 35 38 42 43 45 48 52 53 55 58 62 63 65 68 72 73 75 78 82 83 85 88 92 93 95 98 102 103 105 108 112 113 115 118 122 123 125 128 132 133
a 1 4 7 8 11 14 17 18 22 23 25 28 32 33 35 38 42 43 45 48 52 53 55 58 62 63 65 68 72 73 75 78 82 83 85 88 92 93 95 98 102 103 105 108 112 113 115 118 122 123 125 128 132 133
a 2 4 7 8 11 14 17 18 22 23 25 28 32 33 35 38 42 43 45 48 52 53 55 58 62 63 65 68 72 73 75 78 82 83 85 88 92 93 95 98 102 103 105 108 112 113 115 118 122 123 125 128 132 133
a 2 4 7 8 10 14 17 18 22 23 25 28 32 33 35 38 42 43 45 48 52 53 55 58 62 63 65 68 72 73 75 78 82 83 85 88 92 93 95 98 102 103 105 108 112 113 115 118 122 123 125 128 132 133
a 2 4 7 8 10 13 17 18 22 23 25 28 32 33 35 38 42 43 45 48 52 53 55 58 62 63 65 68 72 73 75 78 82 83 85 88 92 93 95 98 102 103 105 108 112 113 115 118 122 123 125 128 132 133
a 2 4 7 8 10 13 15 18 22 23 25 28 32 33 35 38 42 43 45 48 52 53 55 58 62 63 65 68 72 73 75 78 82 83 85 88 92 93 95 98 102 103 105 108 112 113 115 118 122 123 125 128 132 133
a 2 4 7 8 12 13 15 18 22 23 25 28 32 33 35 38 42 43 45 48 52 53 55 58 62 63 65 68 72 73 75 78 82 83 85 88 92 93 95 98 102 103 105 108 112 113 115 118 122 123 125 128 132 133
a 1 4 7 8 12 13 15 18 22 23 25 28 32 33 35 38 42 43 45 48 52 53 55 58 62 63 65 68 72 73 75 78 82 83 85 88 92 93 95 98 102 103 105 108 112 113 115 118 122 123 125 128 132 133
a 1 3 7 8 12 13 15 18 22 23 25 28 32 33 35 38 42 43 45 48 52 53 55 58 62 63 65 68 72 73 75 78 82 83 85 88 92 93 95 98 102 103 105 108 112 113 115 118 122 123 125 128 132 133
a 1 3 5 8 12 13 15 18 22 23 25 28 32 33 35 38 42 43 45 48 52 53 55 58 62 63 65 68 72 73 75 78 82 83 85 88 92 93 95 98 102 103 105 108 112 113 115 118 122 123 125 128 132 133
Reconfiguration time = 5.803219
	Command being timed: "timeout 20m ../ddreconf/ddreconf ../benchmark_instances/2023result/docs/solver/benchmark/2022benchmark/benchmark/square/hc-square-013-002.col --stfile=../benchmark_instances/2023result/docs/solver/benchmark/2022benchmark/benchmark/square/hc-square-013-002_01.dat --tj --indset --longest"
	User time (seconds): 5.72
	System time (seconds): 0.09
	Percent of CPU this job got: 99%
	Elapsed (wall clock) time (h:mm:ss or m:ss): 0:05.83
	Average shared text size (kbytes): 0
	Average unshared data size (kbytes): 0
	Average stack size (kbytes): 0
	Average total size (kbytes): 0
	Maximum resident set size (kbytes): 75012
	Average resident set size (kbytes): 0
	Major (requiring I/O) page faults: 0
	Minor (reclaiming a frame) page faults: 37353
	Voluntary context switches: 6
	Involuntary context switches: 60
	Swaps: 0
	File system inputs: 8
	File system outputs: 360
	Socket messages sent: 0
	Socket messages received: 0
	Signals delivered: 0
	Page size (bytes): 4096
	Exit status: 0
