Input graph file parsed. # of vertices = 188, # of edges = 658
s 4 12 18 22 28 8 32 42 48 52 58 38 62 72 78 82 88 68 92 102 108 112 118 98 122 132 138 142 148 128 152 162 168 172 178 158 182 188
Solution space ZDD construction start
Solution space ZDD construction end
Solution space ZDD construction time = 0.091257
Solution space ZDD size = 764
# of elements in the solution space = 10003184184743758214255917
Start searching the longest reconfiguration sequence
Step 1 time = 0.000600, # ZDD nodes = 128, # elems = 52
Step 2 time = 0.000560, # ZDD nodes = 223, # elems = 1305
Step 3 time = 0.000564, # ZDD nodes = 317, # elems = 21080
Step 4 time = 0.000780, # ZDD nodes = 409, # elems = 246627
Step 5 time = 0.000749, # ZDD nodes = 500, # elems = 2229668
Step 6 time = 0.001231, # ZDD nodes = 586, # elems = 16228035
Step 7 time = 0.000819, # ZDD nodes = 666, # elems = 97810592
Step 8 time = 0.000738, # ZDD nodes = 737, # elems = 498358964
Step 9 time = 0.000762, # ZDD nodes = 800, # elems = 2180236800
Step 10 time = 0.000729, # ZDD nodes = 861, # elems = 8289440324
Step 11 time = 0.000659, # ZDD nodes = 918, # elems = 27653782112
Step 12 time = 0.000638, # ZDD nodes = 969, # elems = 81563706716
Step 13 time = 0.000758, # ZDD nodes = 1020, # elems = 213992867152
Step 14 time = 0.000683, # ZDD nodes = 1072, # elems = 501863721820
Step 15 time = 0.000680, # ZDD nodes = 1128, # elems = 1056248438720
Step 16 time = 0.000975, # ZDD nodes = 1191, # elems = 2001375037758
Step 17 time = 0.001073, # ZDD nodes = 1255, # elems = 3423177118104
Step 18 time = 0.001198, # ZDD nodes = 1323, # elems = 5297726166670
Step 19 time = 0.001377, # ZDD nodes = 1384, # elems = 7435564692624
Step 20 time = 0.001190, # ZDD nodes = 1438, # elems = 9490013091882
Step 21 time = 0.001130, # ZDD nodes = 1485, # elems = 11055242641080
Step 22 time = 0.001023, # ZDD nodes = 1524, # elems = 11826827166890
Step 23 time = 0.001080, # ZDD nodes = 1561, # elems = 11749770158720
Step 24 time = 0.001023, # ZDD nodes = 1590, # elems = 11078235750644
Step 25 time = 0.000908, # ZDD nodes = 1613, # elems = 10321058483568
Step 26 time = 0.000905, # ZDD nodes = 1631, # elems = 10103381333172
Step 27 time = 0.000768, # ZDD nodes = 1647, # elems = 10990644672416
Step 28 time = 0.000864, # ZDD nodes = 1668, # elems = 13301823239180
Step 29 time = 0.000757, # ZDD nodes = 1686, # elems = 16935861896400
Step 30 time = 0.000787, # ZDD nodes = 1704, # elems = 21276197267020
Step 31 time = 0.000910, # ZDD nodes = 1719, # elems = 25274254936640
Step 32 time = 0.000815, # ZDD nodes = 1734, # elems = 27762655826505
Step 33 time = 0.001200, # ZDD nodes = 1736, # elems = 27904651680852
Step 34 time = 0.000955, # ZDD nodes = 1729, # elems = 25555275476513
Step 35 time = 0.000875, # ZDD nodes = 1710, # elems = 21322794344920
Step 36 time = 0.000843, # ZDD nodes = 1681, # elems = 16292953385419
Step 37 time = 0.000720, # ZDD nodes = 1639, # elems = 11584527260612
Step 38 time = 0.000873, # ZDD nodes = 1593, # elems = 7984478168299
Step 39 time = 0.000816, # ZDD nodes = 1557, # elems = 5817846690784
Step 40 time = 0.000902, # ZDD nodes = 1543, # elems = 5034135779024
Step 41 time = 0.000694, # ZDD nodes = 1527, # elems = 5374913299056
Step 42 time = 0.000734, # ZDD nodes = 1516, # elems = 6493818361408
Step 43 time = 0.000808, # ZDD nodes = 1493, # elems = 7993543103808
Step 44 time = 0.000769, # ZDD nodes = 1474, # elems = 9434346099264
Step 45 time = 0.000731, # ZDD nodes = 1458, # elems = 10386588402112
Step 46 time = 0.000961, # ZDD nodes = 1458, # elems = 10543268563712
Step 47 time = 0.001104, # ZDD nodes = 1472, # elems = 9834261847808
Step 48 time = 0.001494, # ZDD nodes = 1487, # elems = 8459794465024
Step 49 time = 0.001324, # ZDD nodes = 1505, # elems = 6810567334912
Step 50 time = 0.001687, # ZDD nodes = 1536, # elems = 5326376904704
Step 51 time = 0.001435, # ZDD nodes = 1569, # elems = 4395596630016
Step 52 time = 0.001348, # ZDD nodes = 1606, # elems = 4374023434240
Step 53 time = 0.001378, # ZDD nodes = 1641, # elems = 5715383038976
Step 54 time = 0.001254, # ZDD nodes = 1675, # elems = 9100741860352
Step 55 time = 0.001148, # ZDD nodes = 1708, # elems = 15384069712896
Step 56 time = 0.001240, # ZDD nodes = 1742, # elems = 25206352673792
Step 57 time = 0.001178, # ZDD nodes = 1774, # elems = 38332848537600
Step 58 time = 0.001297, # ZDD nodes = 1804, # elems = 53082024468480
Step 59 time = 0.001122, # ZDD nodes = 1828, # elems = 66387450901504
Step 60 time = 0.001237, # ZDD nodes = 1852, # elems = 74776419169280
Step 61 time = 0.001425, # ZDD nodes = 1876, # elems = 75900300734464
Step 62 time = 0.001116, # ZDD nodes = 1902, # elems = 69714075901952
Step 63 time = 0.001265, # ZDD nodes = 1933, # elems = 58523692933120
Step 64 time = 0.001313, # ZDD nodes = 1961, # elems = 45882447675392
Step 65 time = 0.001127, # ZDD nodes = 1977, # elems = 35078116147200
Step 66 time = 0.000996, # ZDD nodes = 1973, # elems = 28080268333056
Step 67 time = 0.001054, # ZDD nodes = 1954, # elems = 25311422967808
Step 68 time = 0.000856, # ZDD nodes = 1925, # elems = 26009796829184
Step 69 time = 0.000898, # ZDD nodes = 1888, # elems = 28746699702272
Step 70 time = 0.000777, # ZDD nodes = 1853, # elems = 31856234004480
Step 71 time = 0.000716, # ZDD nodes = 1817, # elems = 33795094282240
Step 72 time = 0.000694, # ZDD nodes = 1769, # elems = 33500799139840
Step 73 time = 0.000800, # ZDD nodes = 1707, # elems = 30678240972800
Step 74 time = 0.000864, # ZDD nodes = 1655, # elems = 25842525569024
Step 75 time = 0.000783, # ZDD nodes = 1605, # elems = 20039977271296
Step 76 time = 0.000720, # ZDD nodes = 1577, # elems = 14383264514048
Step 77 time = 0.000837, # ZDD nodes = 1557, # elems = 9658470334464
Step 78 time = 0.000844, # ZDD nodes = 1563, # elems = 6181375787008
Step 79 time = 0.001031, # ZDD nodes = 1565, # elems = 3891534856192
Step 80 time = 0.001151, # ZDD nodes = 1565, # elems = 2547263471616
Step 81 time = 0.001317, # ZDD nodes = 1561, # elems = 1893656739840
Step 82 time = 0.001066, # ZDD nodes = 1557, # elems = 1758117494784
Step 83 time = 0.001032, # ZDD nodes = 1553, # elems = 2090869964800
Step 84 time = 0.001094, # ZDD nodes = 1551, # elems = 2976016236544
Step 85 time = 0.001357, # ZDD nodes = 1539, # elems = 4613456969728
Step 86 time = 0.001409, # ZDD nodes = 1518, # elems = 7248139911168
Step 87 time = 0.000984, # ZDD nodes = 1492, # elems = 11025781489664
Step 88 time = 0.000952, # ZDD nodes = 1492, # elems = 15797627322368
Step 89 time = 0.001048, # ZDD nodes = 1514, # elems = 20969466822656
Step 90 time = 0.000959, # ZDD nodes = 1540, # elems = 25534243602432
Step 91 time = 0.000906, # ZDD nodes = 1588, # elems = 28367152152576
Step 92 time = 0.001020, # ZDD nodes = 1630, # elems = 28691431358464
Step 93 time = 0.000901, # ZDD nodes = 1654, # elems = 26461647994880
Step 94 time = 0.000983, # ZDD nodes = 1657, # elems = 22418049204224
Step 95 time = 0.000851, # ZDD nodes = 1660, # elems = 17768713814016
Step 96 time = 0.000845, # ZDD nodes = 1668, # elems = 13696941228032
Step 97 time = 0.000799, # ZDD nodes = 1674, # elems = 10971705049088
Step 98 time = 0.000722, # ZDD nodes = 1676, # elems = 9815954620416
Step 99 time = 0.000683, # ZDD nodes = 1670, # elems = 9997470597120
Step 100 time = 0.000686, # ZDD nodes = 1656, # elems = 11011183607808
Step 101 time = 0.000754, # ZDD nodes = 1626, # elems = 12255881592832
Step 102 time = 0.000649, # ZDD nodes = 1572, # elems = 13183118868480
Step 103 time = 0.000856, # ZDD nodes = 1514, # elems = 13419901091840
Step 104 time = 0.000642, # ZDD nodes = 1462, # elems = 12840162820096
Step 105 time = 0.000701, # ZDD nodes = 1412, # elems = 11550757945344
Step 106 time = 0.000622, # ZDD nodes = 1378, # elems = 9800034287616
Step 107 time = 0.000613, # ZDD nodes = 1352, # elems = 7867647983616
Step 108 time = 0.000616, # ZDD nodes = 1352, # elems = 5993668214784
Step 109 time = 0.000639, # ZDD nodes = 1354, # elems = 4356759552000
Step 110 time = 0.000781, # ZDD nodes = 1370, # elems = 3073194590208
Step 111 time = 0.000814, # ZDD nodes = 1392, # elems = 2196443168768
Step 112 time = 0.001159, # ZDD nodes = 1423, # elems = 1726676860928
Step 113 time = 0.001095, # ZDD nodes = 1445, # elems = 1649295228928
Step 114 time = 0.001167, # ZDD nodes = 1479, # elems = 2009385533440
Step 115 time = 0.001332, # ZDD nodes = 1511, # elems = 3026545999872
Step 116 time = 0.001453, # ZDD nodes = 1547, # elems = 5273347948544
Step 117 time = 0.001678, # ZDD nodes = 1577, # elems = 9933279461376
Step 118 time = 0.001857, # ZDD nodes = 1603, # elems = 19033458737152
Step 119 time = 0.001700, # ZDD nodes = 1649, # elems = 35299861463040
Step 120 time = 0.001791, # ZDD nodes = 1715, # elems = 61136492298240
Step 121 time = 0.001744, # ZDD nodes = 1813, # elems = 96621712375808
Step 122 time = 0.001880, # ZDD nodes = 1901, # elems = 137470452695040
Step 123 time = 0.001701, # ZDD nodes = 1985, # elems = 174827265851392
Step 124 time = 0.001873, # ZDD nodes = 2050, # elems = 198186730782720
Step 125 time = 0.001683, # ZDD nodes = 2100, # elems = 200430725365760
Step 126 time = 0.001669, # ZDD nodes = 2138, # elems = 181782062563328
Step 127 time = 0.002071, # ZDD nodes = 2163, # elems = 149795766534144
Step 128 time = 0.001563, # ZDD nodes = 2196, # elems = 115424436420608
Step 129 time = 0.001906, # ZDD nodes = 2218, # elems = 88024013602816
Step 130 time = 0.002102, # ZDD nodes = 2230, # elems = 72366353285120
Step 131 time = 0.001391, # ZDD nodes = 2227, # elems = 68571959132160
Step 132 time = 0.001700, # ZDD nodes = 2210, # elems = 73746240241664
Step 133 time = 0.001500, # ZDD nodes = 2178, # elems = 83687006535680
Step 134 time = 0.001206, # ZDD nodes = 2144, # elems = 93973538930688
Step 135 time = 0.001464, # ZDD nodes = 2102, # elems = 100680409284608
Step 136 time = 0.002043, # ZDD nodes = 2054, # elems = 101084525232128
Step 137 time = 0.001599, # ZDD nodes = 2008, # elems = 94293588180992
Step 138 time = 0.001273, # ZDD nodes = 1978, # elems = 81407976931328
Step 139 time = 0.001253, # ZDD nodes = 1946, # elems = 65000241102848
Step 140 time = 0.001451, # ZDD nodes = 1940, # elems = 48130344353792
Step 141 time = 0.001105, # ZDD nodes = 1936, # elems = 33366960766976
Step 142 time = 0.001220, # ZDD nodes = 1940, # elems = 22199355834368
Step 143 time = 0.001323, # ZDD nodes = 1940, # elems = 14974278959104
Step 144 time = 0.001165, # ZDD nodes = 1930, # elems = 11268336648192
Step 145 time = 0.001139, # ZDD nodes = 1914, # elems = 10468160438272
Step 146 time = 0.001173, # ZDD nodes = 1896, # elems = 12291251372032
Step 147 time = 0.001567, # ZDD nodes = 1878, # elems = 17031897284608
Step 148 time = 0.001490, # ZDD nodes = 1874, # elems = 25402272645120
Step 149 time = 0.001350, # ZDD nodes = 1860, # elems = 37939675398144
Step 150 time = 0.001338, # ZDD nodes = 1842, # elems = 54143920111616
Step 151 time = 0.001180, # ZDD nodes = 1868, # elems = 71802714849280
Step 152 time = 0.001185, # ZDD nodes = 1904, # elems = 87123675840512
Step 153 time = 0.001349, # ZDD nodes = 1944, # elems = 95987396771840
Step 154 time = 0.001357, # ZDD nodes = 1986, # elems = 95847763148800
Step 155 time = 0.001400, # ZDD nodes = 2030, # elems = 87098346438656
Step 156 time = 0.001257, # ZDD nodes = 2058, # elems = 72886257713152
Step 157 time = 0.001556, # ZDD nodes = 2074, # elems = 57478257573888
Step 158 time = 0.001534, # ZDD nodes = 2078, # elems = 44377545113600
Step 159 time = 0.001187, # ZDD nodes = 2073, # elems = 35379857063936
Step 160 time = 0.001457, # ZDD nodes = 2066, # elems = 30760965767168
Step 161 time = 0.001106, # ZDD nodes = 2053, # elems = 29913793953792
Step 162 time = 0.001078, # ZDD nodes = 2033, # elems = 31752411152384
Step 163 time = 0.001293, # ZDD nodes = 2007, # elems = 34790080249856
Step 164 time = 0.000887, # ZDD nodes = 1976, # elems = 37252124114944
Step 165 time = 0.001012, # ZDD nodes = 1925, # elems = 37519564472320
Step 166 time = 0.000776, # ZDD nodes = 1857, # elems = 34774152380416
Step 167 time = 0.000735, # ZDD nodes = 1767, # elems = 29382243516416
Step 168 time = 0.000682, # ZDD nodes = 1667, # elems = 22666842996736
Step 169 time = 0.000633, # ZDD nodes = 1563, # elems = 16187375222784
Step 170 time = 0.000589, # ZDD nodes = 1475, # elems = 11017930145792
Step 171 time = 0.000579, # ZDD nodes = 1413, # elems = 7452277866496
Step 172 time = 0.000754, # ZDD nodes = 1363, # elems = 5188343562240
Step 173 time = 0.000556, # ZDD nodes = 1313, # elems = 3727511519232
Step 174 time = 0.000526, # ZDD nodes = 1263, # elems = 2685919035392
Step 175 time = 0.000509, # ZDD nodes = 1207, # elems = 1888247349248
Step 176 time = 0.000540, # ZDD nodes = 1163, # elems = 1300134625280
Step 177 time = 0.000531, # ZDD nodes = 1132, # elems = 924781117440
Step 178 time = 0.000583, # ZDD nodes = 1144, # elems = 749018808320
Step 179 time = 0.000915, # ZDD nodes = 1170, # elems = 750591672320
Step 180 time = 0.000828, # ZDD nodes = 1196, # elems = 935153631232
Step 181 time = 0.001291, # ZDD nodes = 1192, # elems = 1372787310592
Step 182 time = 0.001207, # ZDD nodes = 1196, # elems = 2225850023936
Step 183 time = 0.001117, # ZDD nodes = 1216, # elems = 3776144474112
Step 184 time = 0.001423, # ZDD nodes = 1268, # elems = 6458422853632
Step 185 time = 0.001709, # ZDD nodes = 1352, # elems = 10880100073472
Step 186 time = 0.001515, # ZDD nodes = 1432, # elems = 17751125000192
Step 187 time = 0.001442, # ZDD nodes = 1514, # elems = 27607382884352
Step 188 time = 0.001620, # ZDD nodes = 1590, # elems = 40287426576384
Step 189 time = 0.001451, # ZDD nodes = 1668, # elems = 54375774945280
Step 190 time = 0.001961, # ZDD nodes = 1748, # elems = 67102983585792
Step 191 time = 0.001574, # ZDD nodes = 1826, # elems = 75129090473984
Step 192 time = 0.001595, # ZDD nodes = 1910, # elems = 76045633978368
Step 193 time = 0.001761, # ZDD nodes = 1982, # elems = 69718392176640
Step 194 time = 0.001837, # ZDD nodes = 2036, # elems = 58502252855296
Step 195 time = 0.001790, # ZDD nodes = 2078, # elems = 46124538789888
Step 196 time = 0.002080, # ZDD nodes = 2114, # elems = 35996469035008
Step 197 time = 0.001467, # ZDD nodes = 2126, # elems = 30004511506432
Step 198 time = 0.001368, # ZDD nodes = 2122, # elems = 28294690897920
Step 199 time = 0.001495, # ZDD nodes = 2098, # elems = 29806120927232
Step 200 time = 0.001329, # ZDD nodes = 2060, # elems = 32979292258304
Step 201 time = 0.001291, # ZDD nodes = 1998, # elems = 36253030416384
Step 202 time = 0.001529, # ZDD nodes = 1926, # elems = 38319387836416
Step 203 time = 0.001137, # ZDD nodes = 1862, # elems = 38282389880832
Step 204 time = 0.001140, # ZDD nodes = 1812, # elems = 35801106743296
Step 205 time = 0.001095, # ZDD nodes = 1768, # elems = 31158423257088
Step 206 time = 0.001247, # ZDD nodes = 1740, # elems = 25160488845312
Step 207 time = 0.001041, # ZDD nodes = 1704, # elems = 18861613121536
Step 208 time = 0.001041, # ZDD nodes = 1680, # elems = 13223977811968
Step 209 time = 0.001048, # ZDD nodes = 1660, # elems = 8862484660224
Step 210 time = 0.001116, # ZDD nodes = 1652, # elems = 5972412071936
Step 211 time = 0.001420, # ZDD nodes = 1642, # elems = 4438810951680
Step 212 time = 0.001135, # ZDD nodes = 1632, # elems = 4046488338432
Step 213 time = 0.001169, # ZDD nodes = 1620, # elems = 4683234017280
Step 214 time = 0.001138, # ZDD nodes = 1594, # elems = 6445948993536
Step 215 time = 0.001152, # ZDD nodes = 1552, # elems = 9591186259968
Step 216 time = 0.001607, # ZDD nodes = 1518, # elems = 14317034405888
Step 217 time = 0.001709, # ZDD nodes = 1522, # elems = 20445919182848
Step 218 time = 0.001153, # ZDD nodes = 1546, # elems = 27187482722304
Step 219 time = 0.001531, # ZDD nodes = 1586, # elems = 33208016044032
Step 220 time = 0.001135, # ZDD nodes = 1634, # elems = 37098027483136
Step 221 time = 0.001158, # ZDD nodes = 1680, # elems = 38022141706240
Step 222 time = 0.001304, # ZDD nodes = 1716, # elems = 36108347899904
Step 223 time = 0.001333, # ZDD nodes = 1748, # elems = 32280777064448
Step 224 time = 0.001539, # ZDD nodes = 1776, # elems = 27695681372160
Step 225 time = 0.001192, # ZDD nodes = 1792, # elems = 23249811406848
Step 226 time = 0.001528, # ZDD nodes = 1794, # elems = 19469145473024
Step 227 time = 0.001142, # ZDD nodes = 1779, # elems = 16665169362944
Step 228 time = 0.001073, # ZDD nodes = 1762, # elems = 15041097105408
Step 229 time = 0.001193, # ZDD nodes = 1738, # elems = 14605829013504
Step 230 time = 0.000967, # ZDD nodes = 1706, # elems = 15036412067840
Step 231 time = 0.001136, # ZDD nodes = 1666, # elems = 15704518557696
Step 232 time = 0.001057, # ZDD nodes = 1620, # elems = 15920890118144
Step 233 time = 0.000817, # ZDD nodes = 1554, # elems = 15249197498368
Step 234 time = 0.000793, # ZDD nodes = 1476, # elems = 13678816526336
Step 235 time = 0.000751, # ZDD nodes = 1390, # elems = 11556075077632
Step 236 time = 0.000749, # ZDD nodes = 1306, # elems = 9346872246272
Step 237 time = 0.000715, # ZDD nodes = 1248, # elems = 7398605455360
Step 238 time = 0.000708, # ZDD nodes = 1216, # elems = 5832242626560
Step 239 time = 0.000900, # ZDD nodes = 1182, # elems = 4585477373952
Step 240 time = 0.000674, # ZDD nodes = 1142, # elems = 3537077534720
Step 241 time = 0.000863, # ZDD nodes = 1104, # elems = 2616352309248
Step 242 time = 0.000673, # ZDD nodes = 1070, # elems = 1835129634816
Step 243 time = 0.000646, # ZDD nodes = 1034, # elems = 1244684877824
Step 244 time = 0.000655, # ZDD nodes = 1020, # elems = 873891627008
Step 245 time = 0.000858, # ZDD nodes = 1022, # elems = 706555674624
Step 246 time = 0.000721, # ZDD nodes = 1040, # elems = 709072257024
Step 247 time = 0.000747, # ZDD nodes = 1048, # elems = 877683277824
Step 248 time = 0.000823, # ZDD nodes = 1060, # elems = 1276611919872
Step 249 time = 0.000943, # ZDD nodes = 1076, # elems = 2065979932672
Step 250 time = 0.001480, # ZDD nodes = 1115, # elems = 3545579388928
Step 251 time = 0.001340, # ZDD nodes = 1195, # elems = 6283470045184
Step 252 time = 0.001473, # ZDD nodes = 1299, # elems = 11474256789504
Step 253 time = 0.001700, # ZDD nodes = 1407, # elems = 21702335528960
Step 254 time = 0.001812, # ZDD nodes = 1501, # elems = 42008873795584
Step 255 time = 0.002164, # ZDD nodes = 1599, # elems = 80296930181120
Step 256 time = 0.002056, # ZDD nodes = 1700, # elems = 145109026865152
Step 257 time = 0.001917, # ZDD nodes = 1798, # elems = 239435669045248
Step 258 time = 0.001985, # ZDD nodes = 1904, # elems = 352920650383360
Step 259 time = 0.001990, # ZDD nodes = 1998, # elems = 459327945048064
Step 260 time = 0.002404, # ZDD nodes = 2084, # elems = 525373737533440
Step 261 time = 0.002048, # ZDD nodes = 2149, # elems = 528272135815168
Step 262 time = 0.002433, # ZDD nodes = 2200, # elems = 469779731185664
Step 263 time = 0.002496, # ZDD nodes = 2236, # elems = 375371048419328
Step 264 time = 0.002114, # ZDD nodes = 2266, # elems = 279359755649024
Step 265 time = 0.002202, # ZDD nodes = 2280, # elems = 207970033991680
Step 266 time = 0.001989, # ZDD nodes = 2282, # elems = 171552351977472
Step 267 time = 0.002433, # ZDD nodes = 2264, # elems = 167249918820352
Step 268 time = 0.002617, # ZDD nodes = 2232, # elems = 185718060089344
Step 269 time = 0.001901, # ZDD nodes = 2184, # elems = 215845376622592
Step 270 time = 0.002237, # ZDD nodes = 2128, # elems = 246352428662784
Step 271 time = 0.001811, # ZDD nodes = 2080, # elems = 266596505354240
Step 272 time = 0.001843, # ZDD nodes = 2046, # elems = 268539239858176
Step 273 time = 0.002405, # ZDD nodes = 2018, # elems = 249345416888320
Step 274 time = 0.001808, # ZDD nodes = 2006, # elems = 212491124604928
Step 275 time = 0.001842, # ZDD nodes = 1986, # elems = 166137656508416
Step 276 time = 0.002485, # ZDD nodes = 1976, # elems = 119693138460672
Step 277 time = 0.002202, # ZDD nodes = 1970, # elems = 80575113199616
Step 278 time = 0.002061, # ZDD nodes = 1978, # elems = 52548991975424
Step 279 time = 0.001861, # ZDD nodes = 1994, # elems = 35873915666432
Step 280 time = 0.002221, # ZDD nodes = 2004, # elems = 28762020249600
Step 281 time = 0.001860, # ZDD nodes = 2000, # elems = 29295636381696
Step 282 time = 0.001844, # ZDD nodes = 1984, # elems = 36893131538432
Step 283 time = 0.001925, # ZDD nodes = 1952, # elems = 52747013455872
Step 284 time = 0.002285, # ZDD nodes = 1918, # elems = 79077528567808
Step 285 time = 0.002136, # ZDD nodes = 1924, # elems = 117288090992640
Step 286 time = 0.002126, # ZDD nodes = 1950, # elems = 165546058317824
Step 287 time = 0.002515, # ZDD nodes = 1992, # elems = 217138346328064
Step 288 time = 0.001800, # ZDD nodes = 2042, # elems = 261278379540480
Step 289 time = 0.001856, # ZDD nodes = 2090, # elems = 286889454075904
Step 290 time = 0.001874, # ZDD nodes = 2128, # elems = 287652230201344
Step 291 time = 0.002520, # ZDD nodes = 2162, # elems = 265057665548288
Step 292 time = 0.001903, # ZDD nodes = 2192, # elems = 227233985724416
Step 293 time = 0.002363, # ZDD nodes = 2210, # elems = 184632892981248
Step 294 time = 0.002296, # ZDD nodes = 2216, # elems = 145993655910400
Step 295 time = 0.002349, # ZDD nodes = 2210, # elems = 116802474475520
Step 296 time = 0.001929, # ZDD nodes = 2197, # elems = 99591349338112
Step 297 time = 0.001864, # ZDD nodes = 2172, # elems = 94383953149952
Step 298 time = 0.001791, # ZDD nodes = 2141, # elems = 98730996924416
Step 299 time = 0.002531, # ZDD nodes = 2096, # elems = 107916673679360
Step 300 time = 0.001918, # ZDD nodes = 2043, # elems = 115976750235648
Step 301 time = 0.001969, # ZDD nodes = 1968, # elems = 117605247483904
Step 302 time = 0.001355, # ZDD nodes = 1880, # elems = 110251491721216
Step 303 time = 0.001289, # ZDD nodes = 1784, # elems = 95120003170304
Step 304 time = 0.001606, # ZDD nodes = 1690, # elems = 76205906722816
Step 305 time = 0.001237, # ZDD nodes = 1622, # elems = 57934260207616
Step 306 time = 0.001230, # ZDD nodes = 1580, # elems = 43034766999552
Step 307 time = 0.001402, # ZDD nodes = 1536, # elems = 31926555508736
Step 308 time = 0.001206, # ZDD nodes = 1486, # elems = 23606985752576
Step 309 time = 0.001207, # ZDD nodes = 1438, # elems = 17006543765504
Step 310 time = 0.001202, # ZDD nodes = 1400, # elems = 11723582996480
Step 311 time = 0.001586, # ZDD nodes = 1366, # elems = 7860595458048
Step 312 time = 0.001178, # ZDD nodes = 1348, # elems = 5502658412544
Step 313 time = 0.001128, # ZDD nodes = 1336, # elems = 4475221704704
Step 314 time = 0.001150, # ZDD nodes = 1356, # elems = 4515352805376
Step 315 time = 0.001362, # ZDD nodes = 1366, # elems = 5582517960704
Step 316 time = 0.001219, # ZDD nodes = 1374, # elems = 8087154982912
Step 317 time = 0.001684, # ZDD nodes = 1376, # elems = 13027575332864
Step 318 time = 0.001640, # ZDD nodes = 1382, # elems = 22060495536128
Step 319 time = 0.001266, # ZDD nodes = 1418, # elems = 37450504208384
Step 320 time = 0.001234, # ZDD nodes = 1474, # elems = 61697876295680
Step 321 time = 0.001276, # ZDD nodes = 1532, # elems = 96475971321856
Step 322 time = 0.001380, # ZDD nodes = 1588, # elems = 140777351020544
Step 323 time = 0.001393, # ZDD nodes = 1652, # elems = 189091840786432
Step 324 time = 0.001606, # ZDD nodes = 1732, # elems = 231318885498880
Step 325 time = 0.001479, # ZDD nodes = 1814, # elems = 255862610329600
Step 326 time = 0.001512, # ZDD nodes = 1908, # elems = 255283460833280
Step 327 time = 0.002311, # ZDD nodes = 1998, # elems = 230979918626816
Step 328 time = 0.001870, # ZDD nodes = 2074, # elems = 192905838854144
Step 329 time = 0.001540, # ZDD nodes = 2138, # elems = 154122082844672
Step 330 time = 0.001575, # ZDD nodes = 2192, # elems = 124489291530240
Step 331 time = 0.001642, # ZDD nodes = 2236, # elems = 107897765756928
Step 332 time = 0.001969, # ZDD nodes = 2284, # elems = 103412477722624
Step 333 time = 0.002306, # ZDD nodes = 2306, # elems = 107632148873216
Step 334 time = 0.002224, # ZDD nodes = 2302, # elems = 116198796689408
Step 335 time = 0.001878, # ZDD nodes = 2278, # elems = 124541569335296
Step 336 time = 0.001449, # ZDD nodes = 2240, # elems = 128652255690752
Step 337 time = 0.001473, # ZDD nodes = 2186, # elems = 126003804372992
Step 338 time = 0.001450, # ZDD nodes = 2124, # elems = 116146183340032
Step 339 time = 0.001415, # ZDD nodes = 2070, # elems = 100574108319744
Step 340 time = 0.001748, # ZDD nodes = 2030, # elems = 81919320522752
Step 341 time = 0.001420, # ZDD nodes = 1988, # elems = 62973481582592
Step 342 time = 0.001456, # ZDD nodes = 1960, # elems = 46007354130432
Step 343 time = 0.001417, # ZDD nodes = 1924, # elems = 32435190366208
Step 344 time = 0.001430, # ZDD nodes = 1900, # elems = 22720645431296
Step 345 time = 0.001420, # ZDD nodes = 1880, # elems = 16567232364544
Step 346 time = 0.001805, # ZDD nodes = 1876, # elems = 13395197689856
Step 347 time = 0.001401, # ZDD nodes = 1882, # elems = 12877050150912
Step 348 time = 0.001876, # ZDD nodes = 1882, # elems = 15278138195968
Step 349 time = 0.001413, # ZDD nodes = 1866, # elems = 21490875498496
Step 350 time = 0.001407, # ZDD nodes = 1834, # elems = 32635577434112
Step 351 time = 0.001744, # ZDD nodes = 1784, # elems = 49103153135616
Step 352 time = 0.001274, # ZDD nodes = 1732, # elems = 69337146720256
Step 353 time = 0.001294, # ZDD nodes = 1720, # elems = 89238481666048
Step 354 time = 0.001317, # ZDD nodes = 1720, # elems = 103137062944768
Step 355 time = 0.001335, # ZDD nodes = 1738, # elems = 106391104651264
Step 356 time = 0.001359, # ZDD nodes = 1776, # elems = 98130540363776
Step 357 time = 0.001326, # ZDD nodes = 1812, # elems = 81921602224128
Step 358 time = 0.001337, # ZDD nodes = 1856, # elems = 63624303345664
Step 359 time = 0.001377, # ZDD nodes = 1898, # elems = 48233757802496
Step 360 time = 0.002163, # ZDD nodes = 1936, # elems = 38125954924544
Step 361 time = 0.001603, # ZDD nodes = 1962, # elems = 33348609114112
Step 362 time = 0.001401, # ZDD nodes = 1966, # elems = 32807443234816
Step 363 time = 0.001382, # ZDD nodes = 1950, # elems = 35100821553152
Step 364 time = 0.001351, # ZDD nodes = 1923, # elems = 38678327984128
Step 365 time = 0.001268, # ZDD nodes = 1888, # elems = 41728627179520
Step 366 time = 0.001505, # ZDD nodes = 1843, # elems = 42386361155584
Step 367 time = 0.001799, # ZDD nodes = 1785, # elems = 39472896933888
Step 368 time = 0.001235, # ZDD nodes = 1713, # elems = 33241100713984
Step 369 time = 0.000924, # ZDD nodes = 1618, # elems = 25315812311040
Step 370 time = 0.001007, # ZDD nodes = 1509, # elems = 17733651529728
Step 371 time = 0.000764, # ZDD nodes = 1393, # elems = 11863303651328
Step 372 time = 0.000703, # ZDD nodes = 1285, # elems = 7993605226496
Step 373 time = 0.001123, # ZDD nodes = 1189, # elems = 5666672476160
Step 374 time = 0.000623, # ZDD nodes = 1101, # elems = 4260204904448
Step 375 time = 0.000599, # ZDD nodes = 1019, # elems = 3336585609216
Step 376 time = 0.000593, # ZDD nodes = 950, # elems = 2665564078080
Step 377 time = 0.000559, # ZDD nodes = 896, # elems = 2120640102400
Step 378 time = 0.000557, # ZDD nodes = 860, # elems = 1626987298816
Step 379 time = 0.000541, # ZDD nodes = 828, # elems = 1168499539968
Step 380 time = 0.000509, # ZDD nodes = 802, # elems = 781415612416
Step 381 time = 0.000533, # ZDD nodes = 790, # elems = 509490495488
Step 382 time = 0.000527, # ZDD nodes = 778, # elems = 361582559232
Step 383 time = 0.000515, # ZDD nodes = 748, # elems = 311921999872
Step 384 time = 0.001445, # ZDD nodes = 726, # elems = 332591529984
Step 385 time = 0.000891, # ZDD nodes = 722, # elems = 421980536832
Step 386 time = 0.000784, # ZDD nodes = 742, # elems = 618206855168
Step 387 time = 0.000617, # ZDD nodes = 780, # elems = 1007975137280
Step 388 time = 0.000627, # ZDD nodes = 834, # elems = 1735435223040
Step 389 time = 0.001690, # ZDD nodes = 884, # elems = 3022314799104
Step 390 time = 0.001757, # ZDD nodes = 946, # elems = 5223485538304
Step 391 time = 0.001137, # ZDD nodes = 1018, # elems = 8935411023872
Step 392 time = 0.001357, # ZDD nodes = 1104, # elems = 15167408570368
Step 393 time = 0.001614, # ZDD nodes = 1196, # elems = 25526332817408
Step 394 time = 0.002684, # ZDD nodes = 1306, # elems = 42178994765824
Step 395 time = 0.002815, # ZDD nodes = 1418, # elems = 67170604154880
Step 396 time = 0.002576, # ZDD nodes = 1536, # elems = 100817377951744
Step 397 time = 0.002279, # ZDD nodes = 1654, # elems = 139667236192256
Step 398 time = 0.002553, # ZDD nodes = 1764, # elems = 175680268533760
Step 399 time = 0.002324, # ZDD nodes = 1868, # elems = 198459969765376
Step 400 time = 0.002479, # ZDD nodes = 1972, # elems = 200317543120896
Step 401 time = 0.002749, # ZDD nodes = 2048, # elems = 180977573822464
Step 402 time = 0.028085, # ZDD nodes = 2092, # elems = 148176103276544
Step 403 time = 0.002448, # ZDD nodes = 2112, # elems = 113508737875968
Step 404 time = 0.002031, # ZDD nodes = 2114, # elems = 86709752561664
Step 405 time = 0.001877, # ZDD nodes = 2100, # elems = 72268461899776
Step 406 time = 0.001906, # ZDD nodes = 2074, # elems = 69648531849216
Step 407 time = 0.001873, # ZDD nodes = 2028, # elems = 75488613629952
Step 408 time = 0.002386, # ZDD nodes = 1972, # elems = 85580176162816
Step 409 time = 0.001742, # ZDD nodes = 1912, # elems = 95769986072576
Step 410 time = 0.001761, # ZDD nodes = 1868, # elems = 102317126844416
Step 411 time = 0.001697, # ZDD nodes = 1840, # elems = 102452686749696
Step 412 time = 0.001712, # ZDD nodes = 1822, # elems = 95158758539264
Step 413 time = 0.001686, # ZDD nodes = 1804, # elems = 81546665000960
Step 414 time = 0.001681, # ZDD nodes = 1788, # elems = 64387465347072
Step 415 time = 0.003610, # ZDD nodes = 1776, # elems = 47007074877440
Step 416 time = 0.001694, # ZDD nodes = 1778, # elems = 32157225451520
Step 417 time = 0.001658, # ZDD nodes = 1786, # elems = 21367730733056
Step 418 time = 0.001585, # ZDD nodes = 1810, # elems = 14937090949120
Step 419 time = 0.001655, # ZDD nodes = 1824, # elems = 12411381743616
Step 420 time = 0.001642, # ZDD nodes = 1822, # elems = 13226351788032
Step 421 time = 0.002221, # ZDD nodes = 1796, # elems = 17168058023936
Step 422 time = 0.001754, # ZDD nodes = 1750, # elems = 24457422831616
Step 423 time = 0.003069, # ZDD nodes = 1732, # elems = 35457907818496
Step 424 time = 0.001659, # ZDD nodes = 1738, # elems = 50128173924352
Step 425 time = 0.001814, # ZDD nodes = 1770, # elems = 67452729819136
Step 426 time = 0.001770, # ZDD nodes = 1810, # elems = 85161685286912
Step 427 time = 0.001735, # ZDD nodes = 1852, # elems = 100001334165504
Step 428 time = 0.001735, # ZDD nodes = 1898, # elems = 108656498573312
Step 429 time = 0.001808, # ZDD nodes = 1944, # elems = 109073378836480
Step 430 time = 0.002721, # ZDD nodes = 1984, # elems = 101454106853376
Step 431 time = 0.001829, # ZDD nodes = 2020, # elems = 88193126891520
Step 432 time = 0.001804, # ZDD nodes = 2052, # elems = 72783857975296
Step 433 time = 0.002911, # ZDD nodes = 2070, # elems = 58485643411456
Step 434 time = 0.001920, # ZDD nodes = 2076, # elems = 47507975438336
Step 435 time = 0.001760, # ZDD nodes = 2064, # elems = 40841917759488
Step 436 time = 0.001744, # ZDD nodes = 2038, # elems = 38412576882688
Step 437 time = 0.001611, # ZDD nodes = 1992, # elems = 39274254696448
Step 438 time = 0.001794, # ZDD nodes = 1926, # elems = 41819828125696
Step 439 time = 0.001305, # ZDD nodes = 1844, # elems = 44110119436288
Step 440 time = 0.001244, # ZDD nodes = 1760, # elems = 44401103470592
Step 441 time = 0.002232, # ZDD nodes = 1668, # elems = 41756208922624
Step 442 time = 0.001709, # ZDD nodes = 1568, # elems = 36406827155456
Step 443 time = 0.001941, # ZDD nodes = 1478, # elems = 29562796769280
Step 444 time = 0.000978, # ZDD nodes = 1410, # elems = 22731114414080
Step 445 time = 0.000885, # ZDD nodes = 1350, # elems = 16973710753792
Step 446 time = 0.000933, # ZDD nodes = 1288, # elems = 12580764516352
Step 447 time = 0.000849, # ZDD nodes = 1230, # elems = 9283303374848
Step 448 time = 0.000890, # ZDD nodes = 1182, # elems = 6704980819968
Step 449 time = 0.000989, # ZDD nodes = 1138, # elems = 4658965774336
Step 450 time = 0.000853, # ZDD nodes = 1102, # elems = 3145258237952
Step 451 time = 0.000822, # ZDD nodes = 1072, # elems = 2190970191872
Step 452 time = 0.002103, # ZDD nodes = 1066, # elems = 1748856995840
Step 453 time = 0.000876, # ZDD nodes = 1052, # elems = 1731408691200
Step 454 time = 0.001685, # ZDD nodes = 1058, # elems = 2116613570560
Step 455 time = 0.001036, # ZDD nodes = 1080, # elems = 3047816167424
Step 456 time = 0.000942, # ZDD nodes = 1108, # elems = 4894920540160
Step 457 time = 0.001304, # ZDD nodes = 1132, # elems = 8279086333952
Step 458 time = 0.001075, # ZDD nodes = 1172, # elems = 14059575443456
Step 459 time = 0.001376, # ZDD nodes = 1228, # elems = 23194434011136
Step 460 time = 0.001172, # ZDD nodes = 1276, # elems = 36326296518656
Step 461 time = 0.001269, # ZDD nodes = 1328, # elems = 53092775100416
Step 462 time = 0.001369, # ZDD nodes = 1390, # elems = 71487583158272
Step 463 time = 0.001316, # ZDD nodes = 1460, # elems = 87904558776320
Step 464 time = 0.001273, # ZDD nodes = 1556, # elems = 98375152173056
Step 465 time = 0.001333, # ZDD nodes = 1652, # elems = 100584912846848
Step 466 time = 0.001894, # ZDD nodes = 1740, # elems = 95193655148544
Step 467 time = 0.001527, # ZDD nodes = 1818, # elems = 85253221777408
Step 468 time = 0.001819, # ZDD nodes = 1892, # elems = 74230725083136
Step 469 time = 0.002318, # ZDD nodes = 1952, # elems = 64416724811776
Step 470 time = 0.001488, # ZDD nodes = 2008, # elems = 56806848069632
Step 471 time = 0.001494, # ZDD nodes = 2040, # elems = 51823880699904
Step 472 time = 0.001402, # ZDD nodes = 2046, # elems = 49647137587200
Step 473 time = 0.001333, # ZDD nodes = 2026, # elems = 49900272222208
Step 474 time = 0.001248, # ZDD nodes = 1992, # elems = 51414248194048
Step 475 time = 0.001274, # ZDD nodes = 1938, # elems = 52586237394944
Step 476 time = 0.001216, # ZDD nodes = 1870, # elems = 52097147994112
Step 477 time = 0.001155, # ZDD nodes = 1798, # elems = 49411988127744
Step 478 time = 0.001116, # ZDD nodes = 1742, # elems = 44762149158912
Step 479 time = 0.001094, # ZDD nodes = 1702, # elems = 38782749376512
Step 480 time = 0.001091, # ZDD nodes = 1672, # elems = 32171184095232
Step 481 time = 0.001058, # ZDD nodes = 1634, # elems = 25549418266624
Step 482 time = 0.001005, # ZDD nodes = 1594, # elems = 19452443754496
Step 483 time = 0.000991, # ZDD nodes = 1548, # elems = 14303046402048
Step 484 time = 0.001439, # ZDD nodes = 1528, # elems = 10361608601600
Step 485 time = 0.001014, # ZDD nodes = 1526, # elems = 7738457325568
Step 486 time = 0.001076, # ZDD nodes = 1540, # elems = 6492916809728
Step 487 time = 0.001053, # ZDD nodes = 1544, # elems = 6753567637504
Step 488 time = 0.001095, # ZDD nodes = 1532, # elems = 8781060636672
Step 489 time = 0.001921, # ZDD nodes = 1494, # elems = 12884901888000
Step 490 time = 0.001000, # ZDD nodes = 1442, # elems = 19130858078208
Step 491 time = 0.000971, # ZDD nodes = 1418, # elems = 26935350525952
Step 492 time = 0.001031, # ZDD nodes = 1408, # elems = 34856880832512
Step 493 time = 0.000980, # ZDD nodes = 1422, # elems = 40930769895424
Step 494 time = 0.000944, # ZDD nodes = 1436, # elems = 43544525930496
Step 495 time = 0.000981, # ZDD nodes = 1454, # elems = 42292542963712
Step 496 time = 0.000947, # ZDD nodes = 1488, # elems = 38122935025664
Step 497 time = 0.001014, # ZDD nodes = 1522, # elems = 32686043299840
Step 498 time = 0.001013, # ZDD nodes = 1568, # elems = 27480006066176
Step 499 time = 0.000998, # ZDD nodes = 1612, # elems = 23402203054080
Step 500 time = 0.001067, # ZDD nodes = 1652, # elems = 20765630005248
Step 501 time = 0.001022, # ZDD nodes = 1672, # elems = 19472576413696
Step 502 time = 0.001055, # ZDD nodes = 1670, # elems = 19162265026560
Step 503 time = 0.002113, # ZDD nodes = 1648, # elems = 19338090250240
Step 504 time = 0.000972, # ZDD nodes = 1609, # elems = 19466670833664
Step 505 time = 0.000851, # ZDD nodes = 1560, # elems = 19057575198720
Step 506 time = 0.000788, # ZDD nodes = 1498, # elems = 17799686651904
Step 507 time = 0.000662, # ZDD nodes = 1416, # elems = 15719311867904
Step 508 time = 0.000599, # ZDD nodes = 1324, # elems = 13178033405952
Step 509 time = 0.000533, # ZDD nodes = 1226, # elems = 10646150184960
Step 510 time = 0.001557, # ZDD nodes = 1130, # elems = 8441758220288
Step 511 time = 0.000450, # ZDD nodes = 1048, # elems = 6652099035136
Step 512 time = 0.000448, # ZDD nodes = 984, # elems = 5232343908352
Step 513 time = 0.000443, # ZDD nodes = 914, # elems = 4121826426880
Step 514 time = 0.000417, # ZDD nodes = 850, # elems = 3275986305024
Step 515 time = 0.000406, # ZDD nodes = 800, # elems = 2636036177920
Step 516 time = 0.000413, # ZDD nodes = 764, # elems = 2112050167808
Step 517 time = 0.000413, # ZDD nodes = 730, # elems = 1622423896064
Step 518 time = 0.000361, # ZDD nodes = 706, # elems = 1151051235328
Step 519 time = 0.000358, # ZDD nodes = 694, # elems = 749471793152
Step 520 time = 0.000347, # ZDD nodes = 676, # elems = 475667628032
Step 521 time = 0.000336, # ZDD nodes = 648, # elems = 337154932736
Step 522 time = 0.000343, # ZDD nodes = 620, # elems = 296352743424
Step 523 time = 0.000342, # ZDD nodes = 600, # elems = 317827579904
Step 524 time = 0.000321, # ZDD nodes = 596, # elems = 398358216704
Step 525 time = 0.000331, # ZDD nodes = 612, # elems = 573378134016
Step 526 time = 0.000319, # ZDD nodes = 652, # elems = 927712935936
Step 527 time = 0.000327, # ZDD nodes = 694, # elems = 1603096543232
Step 528 time = 0.000386, # ZDD nodes = 744, # elems = 2807834869760
Step 529 time = 0.000495, # ZDD nodes = 792, # elems = 4871566655488
Step 530 time = 0.000651, # ZDD nodes = 858, # elems = 8364448808960
Step 531 time = 0.001065, # ZDD nodes = 942, # elems = 14367739346944
Step 532 time = 0.001093, # ZDD nodes = 1050, # elems = 25215752994816
Step 533 time = 0.001230, # ZDD nodes = 1159, # elems = 46348065832960
Step 534 time = 0.001939, # ZDD nodes = 1276, # elems = 90016072073216
Step 535 time = 0.001538, # ZDD nodes = 1393, # elems = 179922622480384
Step 536 time = 0.001714, # ZDD nodes = 1512, # elems = 350953588916224
Step 537 time = 0.001730, # ZDD nodes = 1626, # elems = 634073538101248
Step 538 time = 0.001872, # ZDD nodes = 1744, # elems = 1023813902925824
Step 539 time = 0.003058, # ZDD nodes = 1850, # elems = 1448122312032256
Step 540 time = 0.001948, # ZDD nodes = 1942, # elems = 1777057751105536
Step 541 time = 0.002075, # ZDD nodes = 2006, # elems = 1886039325016064
Step 542 time = 0.002084, # ZDD nodes = 2050, # elems = 1735620980375552
Step 543 time = 0.002019, # ZDD nodes = 2070, # elems = 1400624268705792
Step 544 time = 0.002152, # ZDD nodes = 2072, # elems = 1021421606141952
Step 545 time = 0.001971, # ZDD nodes = 2058, # elems = 721157221253120
Step 546 time = 0.001943, # ZDD nodes = 2032, # elems = 555426244460544
Step 547 time = 0.001985, # ZDD nodes = 1986, # elems = 517636974706688
Step 548 time = 0.002136, # ZDD nodes = 1930, # elems = 572166953238528
Step 549 time = 0.002830, # ZDD nodes = 1870, # elems = 679203980705792
Step 550 time = 0.002040, # ZDD nodes = 1826, # elems = 800529290625024
Step 551 time = 0.002073, # ZDD nodes = 1798, # elems = 897696483246080
Step 552 time = 0.002135, # ZDD nodes = 1782, # elems = 935905586053120
Step 553 time = 0.002682, # ZDD nodes = 1776, # elems = 895368610971648
Step 554 time = 0.002826, # ZDD nodes = 1770, # elems = 780869077827584
Step 555 time = 0.001769, # ZDD nodes = 1758, # elems = 619768075780096
Step 556 time = 0.001788, # ZDD nodes = 1760, # elems = 448935751581696
Step 557 time = 0.001796, # ZDD nodes = 1768, # elems = 300066816393216
Step 558 time = 0.002928, # ZDD nodes = 1792, # elems = 191254893690880
Step 559 time = 0.001840, # ZDD nodes = 1806, # elems = 126007898013696
Step 560 time = 0.002994, # ZDD nodes = 1804, # elems = 97672925020160
Step 561 time = 0.001884, # ZDD nodes = 1778, # elems = 96691524993024
Step 562 time = 0.001772, # ZDD nodes = 1732, # elems = 117252607180800
Step 563 time = 0.002163, # ZDD nodes = 1714, # elems = 160463199404032
Step 564 time = 0.001714, # ZDD nodes = 1720, # elems = 233587165102080
Step 565 time = 0.001705, # ZDD nodes = 1752, # elems = 345800701902848
Step 566 time = 0.002690, # ZDD nodes = 1792, # elems = 500145720393728
Step 567 time = 0.002170, # ZDD nodes = 1834, # elems = 683697590239232
Step 568 time = 0.001813, # ZDD nodes = 1880, # elems = 863073678131200
Step 569 time = 0.002347, # ZDD nodes = 1926, # elems = 992623850422272
Step 570 time = 0.002304, # ZDD nodes = 1966, # elems = 1034576017227776
Step 571 time = 0.001901, # ZDD nodes = 2002, # elems = 979510241525760
Step 572 time = 0.001932, # ZDD nodes = 2034, # elems = 851465455271936
Step 573 time = 0.002503, # ZDD nodes = 2052, # elems = 692749233815552
Step 574 time = 0.002356, # ZDD nodes = 2058, # elems = 541959374503936
Step 575 time = 0.002029, # ZDD nodes = 2046, # elems = 422854562676736
Step 576 time = 0.002045, # ZDD nodes = 2020, # elems = 346311803011072
Step 577 time = 0.001970, # ZDD nodes = 1968, # elems = 314873716146176
Step 578 time = 0.001771, # ZDD nodes = 1906, # elems = 323364866490368
Step 579 time = 0.001638, # ZDD nodes = 1830, # elems = 357926468321280
Step 580 time = 0.001630, # ZDD nodes = 1752, # elems = 397496002019328
Step 581 time = 0.001509, # ZDD nodes = 1666, # elems = 419275781177344
Step 582 time = 0.001517, # ZDD nodes = 1580, # elems = 407425966407680
Step 583 time = 0.001416, # ZDD nodes = 1506, # elems = 360675247390720
Step 584 time = 0.001361, # ZDD nodes = 1454, # elems = 292420700864512
Step 585 time = 0.001353, # ZDD nodes = 1412, # elems = 221938140053504
Step 586 time = 0.001376, # ZDD nodes = 1378, # elems = 163412768194560
Step 587 time = 0.001396, # ZDD nodes = 1344, # elems = 120719719530496
Step 588 time = 0.001431, # ZDD nodes = 1308, # elems = 89929098985472
Step 589 time = 0.001408, # ZDD nodes = 1276, # elems = 65613141639168
Step 590 time = 0.001395, # ZDD nodes = 1252, # elems = 45395656835072
Step 591 time = 0.002495, # ZDD nodes = 1224, # elems = 29983166693376
Step 592 time = 0.001414, # ZDD nodes = 1218, # elems = 20460150456320
Step 593 time = 0.002160, # ZDD nodes = 1204, # elems = 16465830871040
Step 594 time = 0.002133, # ZDD nodes = 1208, # elems = 16761109872640
Step 595 time = 0.001631, # ZDD nodes = 1228, # elems = 20869246091264
Step 596 time = 0.001326, # ZDD nodes = 1254, # elems = 30119531905024
Step 597 time = 0.001309, # ZDD nodes = 1276, # elems = 48025250562048
Step 598 time = 0.001301, # ZDD nodes = 1312, # elems = 80497350803456
Step 599 time = 0.001289, # ZDD nodes = 1362, # elems = 135554536570880
Step 600 time = 0.001342, # ZDD nodes = 1406, # elems = 221999343337472
Step 601 time = 0.001422, # ZDD nodes = 1454, # elems = 346433135837184
Step 602 time = 0.001798, # ZDD nodes = 1512, # elems = 507745665024000
Step 603 time = 0.001559, # ZDD nodes = 1578, # elems = 690749926539264
Step 604 time = 0.003830, # ZDD nodes = 1670, # elems = 864333177290752
Step 605 time = 0.001597, # ZDD nodes = 1762, # elems = 988850721652736
Step 606 time = 0.001691, # ZDD nodes = 1846, # elems = 1032193384120320
Step 607 time = 0.002976, # ZDD nodes = 1926, # elems = 986618412400640
Step 608 time = 0.001720, # ZDD nodes = 2002, # elems = 873835792433152
Step 609 time = 0.001735, # ZDD nodes = 2062, # elems = 732949053964288
Step 610 time = 0.001768, # ZDD nodes = 2118, # elems = 601383468269568
Step 611 time = 0.001902, # ZDD nodes = 2150, # elems = 503487204950016
Step 612 time = 0.001872, # ZDD nodes = 2158, # elems = 449645494927360
Step 613 time = 0.001852, # ZDD nodes = 2140, # elems = 438576290463744
Step 614 time = 0.001872, # ZDD nodes = 2108, # elems = 458634861477888
Step 615 time = 0.002602, # ZDD nodes = 2056, # elems = 490852484907008
Step 616 time = 0.001729, # ZDD nodes = 1994, # elems = 515502375960576
Step 617 time = 0.001693, # ZDD nodes = 1928, # elems = 518680651759616
Step 618 time = 0.002579, # ZDD nodes = 1878, # elems = 495094838853632
Step 619 time = 0.002166, # ZDD nodes = 1844, # elems = 447080325709824
Step 620 time = 0.001643, # ZDD nodes = 1820, # elems = 381671195017216
Step 621 time = 0.001567, # ZDD nodes = 1788, # elems = 307614147674112
Step 622 time = 0.001947, # ZDD nodes = 1754, # elems = 233764332503040
Step 623 time = 0.001617, # ZDD nodes = 1714, # elems = 168217762856960
Step 624 time = 0.001835, # ZDD nodes = 1694, # elems = 116731842396160
Step 625 time = 0.002739, # ZDD nodes = 1692, # elems = 81352049295360
Step 626 time = 0.001621, # ZDD nodes = 1706, # elems = 61137785716736
Step 627 time = 0.001831, # ZDD nodes = 1710, # elems = 54494545051648
Step 628 time = 0.002633, # ZDD nodes = 1698, # elems = 61095909785600
Step 629 time = 0.001606, # ZDD nodes = 1660, # elems = 82600811036672
Step 630 time = 0.002304, # ZDD nodes = 1608, # elems = 122187524603904
Step 631 time = 0.001506, # ZDD nodes = 1584, # elems = 182134530637824
Step 632 time = 0.001464, # ZDD nodes = 1574, # elems = 259465416802304
Step 633 time = 0.001445, # ZDD nodes = 1588, # elems = 342447406186496
Step 634 time = 0.001438, # ZDD nodes = 1602, # elems = 411555577462784
Step 635 time = 0.001430, # ZDD nodes = 1620, # elems = 446432859389952
Step 636 time = 0.001485, # ZDD nodes = 1654, # elems = 436529738547200
Step 637 time = 0.001593, # ZDD nodes = 1688, # elems = 388208135241728
Step 638 time = 0.001518, # ZDD nodes = 1734, # elems = 321280733609984
Step 639 time = 0.001586, # ZDD nodes = 1778, # elems = 257281425932288
Step 640 time = 0.001559, # ZDD nodes = 1818, # elems = 209523537084416
Step 641 time = 0.002498, # ZDD nodes = 1838, # elems = 181079042424832
Step 642 time = 0.001638, # ZDD nodes = 1836, # elems = 168528074244096
Step 643 time = 0.002422, # ZDD nodes = 1816, # elems = 166694123208704
Step 644 time = 0.001641, # ZDD nodes = 1778, # elems = 171211355062272
Step 645 time = 0.001532, # ZDD nodes = 1725, # elems = 177972707328000
Step 646 time = 0.001361, # ZDD nodes = 1656, # elems = 181461294514176
Step 647 time = 0.002332, # ZDD nodes = 1569, # elems = 175625507700736
Step 648 time = 0.001204, # ZDD nodes = 1474, # elems = 157694019239936
Step 649 time = 0.001081, # ZDD nodes = 1369, # elems = 130614250438656
Step 650 time = 0.001530, # ZDD nodes = 1264, # elems = 101000450932736
Step 651 time = 0.000892, # ZDD nodes = 1172, # elems = 74862353711104
Step 652 time = 0.000811, # ZDD nodes = 1099, # elems = 55008867385344
Step 653 time = 0.001435, # ZDD nodes = 1026, # elems = 41227391074304
Step 654 time = 0.000787, # ZDD nodes = 964, # elems = 31915901976576
Step 655 time = 0.001832, # ZDD nodes = 910, # elems = 25439091294208
Step 656 time = 0.001302, # ZDD nodes = 860, # elems = 20486994001920
Step 657 time = 0.000808, # ZDD nodes = 826, # elems = 16063177687040
Step 658 time = 0.000756, # ZDD nodes = 802, # elems = 11742440587264
Step 659 time = 0.000746, # ZDD nodes = 790, # elems = 7825430413312
Step 660 time = 0.000741, # ZDD nodes = 772, # elems = 4917737553920
Step 661 time = 0.000738, # ZDD nodes = 744, # elems = 3289944948736
Step 662 time = 0.001568, # ZDD nodes = 716, # elems = 2692944494592
Step 663 time = 0.000709, # ZDD nodes = 696, # elems = 2731599200256
Step 664 time = 0.000676, # ZDD nodes = 692, # elems = 3264175144960
Step 665 time = 0.000665, # ZDD nodes = 708, # elems = 4492535791616
Step 666 time = 0.000643, # ZDD nodes = 748, # elems = 7009386627072
Step 667 time = 0.000695, # ZDD nodes = 790, # elems = 11918534246400
Step 668 time = 0.000742, # ZDD nodes = 842, # elems = 20877836025856
Step 669 time = 0.000775, # ZDD nodes = 892, # elems = 36378372997120
Step 670 time = 0.000835, # ZDD nodes = 954, # elems = 62504659058688
Step 671 time = 0.001031, # ZDD nodes = 1024, # elems = 105797929402368
Step 672 time = 0.001113, # ZDD nodes = 1106, # elems = 175608327831552
Step 673 time = 0.001984, # ZDD nodes = 1188, # elems = 282144991608832
Step 674 time = 0.001018, # ZDD nodes = 1272, # elems = 429818852147200
Step 675 time = 0.002142, # ZDD nodes = 1360, # elems = 607428634738688
Step 676 time = 0.001149, # ZDD nodes = 1456, # elems = 782482911789056
Step 677 time = 0.001246, # ZDD nodes = 1558, # elems = 908106410229760
Step 678 time = 0.001288, # ZDD nodes = 1680, # elems = 944630812114944
Step 679 time = 0.002017, # ZDD nodes = 1794, # elems = 884479795134464
Step 680 time = 0.001388, # ZDD nodes = 1898, # elems = 759337333030912
Step 681 time = 0.001472, # ZDD nodes = 1974, # elems = 620231932248064
Step 682 time = 0.001458, # ZDD nodes = 2018, # elems = 507433206153216
Step 683 time = 0.001489, # ZDD nodes = 2038, # elems = 436042259759104
Step 684 time = 0.001436, # ZDD nodes = 2040, # elems = 403310313996288
Step 685 time = 0.001433, # ZDD nodes = 2026, # elems = 401734060998656
Step 686 time = 0.001366, # ZDD nodes = 2000, # elems = 423311976693760
Step 687 time = 0.001417, # ZDD nodes = 1954, # elems = 456585088335872
Step 688 time = 0.002342, # ZDD nodes = 1898, # elems = 485589002485760
Step 689 time = 0.001331, # ZDD nodes = 1838, # elems = 494105922633728
Step 690 time = 0.001270, # ZDD nodes = 1794, # elems = 472253129031680
Step 691 time = 0.001304, # ZDD nodes = 1766, # elems = 420898205073408
Step 692 time = 0.001264, # ZDD nodes = 1750, # elems = 350447856517120
Step 693 time = 0.001282, # ZDD nodes = 1744, # elems = 274744762957824
Step 694 time = 0.001253, # ZDD nodes = 1738, # elems = 205170587729920
Step 695 time = 0.001211, # ZDD nodes = 1726, # elems = 148498494259200
Step 696 time = 0.001235, # ZDD nodes = 1728, # elems = 107417132072960
Step 697 time = 0.002254, # ZDD nodes = 1736, # elems = 81810537054208
Step 698 time = 0.001328, # ZDD nodes = 1760, # elems = 70652212019200
Step 699 time = 0.001268, # ZDD nodes = 1774, # elems = 74268574482432
Step 700 time = 0.001832, # ZDD nodes = 1772, # elems = 95249489723392
Step 701 time = 0.001301, # ZDD nodes = 1746, # elems = 136927852363776
Step 702 time = 0.001236, # ZDD nodes = 1700, # elems = 200450418671616
Step 703 time = 0.001195, # ZDD nodes = 1682, # elems = 281586645860352
Step 704 time = 0.001234, # ZDD nodes = 1688, # elems = 368585503408128
Step 705 time = 0.001255, # ZDD nodes = 1720, # elems = 443962179452928
Step 706 time = 0.001167, # ZDD nodes = 1760, # elems = 490962006573056
Step 707 time = 0.001188, # ZDD nodes = 1802, # elems = 500660042727424
Step 708 time = 0.001222, # ZDD nodes = 1848, # elems = 475345505484800
Step 709 time = 0.001293, # ZDD nodes = 1894, # elems = 426584741773312
Step 710 time = 0.001297, # ZDD nodes = 1934, # elems = 368735827263488
Step 711 time = 0.001276, # ZDD nodes = 1970, # elems = 312519000326144
Step 712 time = 0.001312, # ZDD nodes = 2002, # elems = 263985869881344
Step 713 time = 0.001304, # ZDD nodes = 2020, # elems = 227508712636416
Step 714 time = 0.001400, # ZDD nodes = 2026, # elems = 206600811839488
Step 715 time = 0.001358, # ZDD nodes = 2014, # elems = 201129023504384
Step 716 time = 0.001303, # ZDD nodes = 1988, # elems = 205621559296000
Step 717 time = 0.001228, # ZDD nodes = 1942, # elems = 211518549393408
Step 718 time = 0.001276, # ZDD nodes = 1876, # elems = 210925843906560
Step 719 time = 0.001172, # ZDD nodes = 1794, # elems = 199307957370880
Step 720 time = 0.001088, # ZDD nodes = 1710, # elems = 176965537497088
Step 721 time = 0.001051, # ZDD nodes = 1618, # elems = 148580098637824
Step 722 time = 0.000976, # ZDD nodes = 1526, # elems = 120173184942080
Step 723 time = 0.000996, # ZDD nodes = 1446, # elems = 95653216649216
Step 724 time = 0.000947, # ZDD nodes = 1388, # elems = 75660143886336
Step 725 time = 0.000967, # ZDD nodes = 1342, # elems = 58853936857088
Step 726 time = 0.000960, # ZDD nodes = 1298, # elems = 44006234914816
Step 727 time = 0.000940, # ZDD nodes = 1252, # elems = 31181462568960
Step 728 time = 0.000919, # ZDD nodes = 1204, # elems = 21264383082496
Step 729 time = 0.000927, # ZDD nodes = 1160, # elems = 14684493185024
Step 730 time = 0.000914, # ZDD nodes = 1124, # elems = 10861972291584
Step 731 time = 0.000894, # ZDD nodes = 1094, # elems = 8843337662464
Step 732 time = 0.000877, # ZDD nodes = 1088, # elems = 8177617731584
Step 733 time = 0.001898, # ZDD nodes = 1074, # elems = 9113920602112
Step 734 time = 0.000853, # ZDD nodes = 1080, # elems = 12463995092992
Step 735 time = 0.000840, # ZDD nodes = 1102, # elems = 19782619365376
Step 736 time = 0.000804, # ZDD nodes = 1130, # elems = 33642478829568
Step 737 time = 0.000852, # ZDD nodes = 1154, # elems = 57659935948800
Step 738 time = 0.000849, # ZDD nodes = 1192, # elems = 96112778149888
Step 739 time = 0.001742, # ZDD nodes = 1244, # elems = 152153511428096
Step 740 time = 0.000895, # ZDD nodes = 1286, # elems = 224089918668800
Step 741 time = 0.000861, # ZDD nodes = 1330, # elems = 301794466988032
Step 742 time = 0.001263, # ZDD nodes = 1374, # elems = 366764437274624
Step 743 time = 0.000933, # ZDD nodes = 1424, # elems = 398615914741760
Step 744 time = 0.000940, # ZDD nodes = 1492, # elems = 386714560364544
Step 745 time = 0.000961, # ZDD nodes = 1562, # elems = 338499257499648
Step 746 time = 0.001025, # ZDD nodes = 1636, # elems = 275616641318912
Step 747 time = 0.001102, # ZDD nodes = 1704, # elems = 220507915943936
Step 748 time = 0.001011, # ZDD nodes = 1778, # elems = 185641371435008
Step 749 time = 0.001051, # ZDD nodes = 1838, # elems = 172404282228736
Step 750 time = 0.001085, # ZDD nodes = 1894, # elems = 175668457373696
Step 751 time = 0.001116, # ZDD nodes = 1926, # elems = 187767380246528
Step 752 time = 0.001884, # ZDD nodes = 1932, # elems = 200806900957184
Step 753 time = 0.001114, # ZDD nodes = 1912, # elems = 208606561566720
Step 754 time = 0.002043, # ZDD nodes = 1878, # elems = 207700323467264
Step 755 time = 0.001066, # ZDD nodes = 1824, # elems = 196950020325376
Step 756 time = 0.001033, # ZDD nodes = 1760, # elems = 177133041221632
Step 757 time = 0.001023, # ZDD nodes = 1692, # elems = 150869316206592
Step 758 time = 0.001016, # ZDD nodes = 1640, # elems = 121955596369920
Step 759 time = 0.000986, # ZDD nodes = 1604, # elems = 94296006983680
Step 760 time = 0.000978, # ZDD nodes = 1574, # elems = 71030169141248
Step 761 time = 0.000980, # ZDD nodes = 1544, # elems = 53717155971072
Step 762 time = 0.000948, # ZDD nodes = 1514, # elems = 41918880808960
Step 763 time = 0.000990, # ZDD nodes = 1478, # elems = 33998961115136
Step 764 time = 0.000962, # ZDD nodes = 1468, # elems = 28720446308352
Step 765 time = 0.001013, # ZDD nodes = 1468, # elems = 26186415603712
Step 766 time = 0.001956, # ZDD nodes = 1482, # elems = 27719718928384
Step 767 time = 0.001774, # ZDD nodes = 1486, # elems = 35532264439808
Step 768 time = 0.000937, # ZDD nodes = 1474, # elems = 52080773431296
Step 769 time = 0.000915, # ZDD nodes = 1436, # elems = 78155519885312
Step 770 time = 0.000915, # ZDD nodes = 1384, # elems = 110457968918528
Step 771 time = 0.000896, # ZDD nodes = 1360, # elems = 140887812210688
Step 772 time = 0.000901, # ZDD nodes = 1348, # elems = 159119948382208
Step 773 time = 0.000875, # ZDD nodes = 1358, # elems = 158226595184640
Step 774 time = 0.000851, # ZDD nodes = 1366, # elems = 139719581106176
Step 775 time = 0.000861, # ZDD nodes = 1376, # elems = 112738596552704
Step 776 time = 0.000906, # ZDD nodes = 1392, # elems = 87432649244672
Step 777 time = 0.000864, # ZDD nodes = 1410, # elems = 69200513073152
Step 778 time = 0.000883, # ZDD nodes = 1432, # elems = 58484569669632
Step 779 time = 0.000936, # ZDD nodes = 1454, # elems = 53841710022656
Step 780 time = 0.000903, # ZDD nodes = 1484, # elems = 54026393616384
Step 781 time = 0.000947, # ZDD nodes = 1494, # elems = 58012123267072
Step 782 time = 0.000997, # ZDD nodes = 1500, # elems = 64068027154432
Step 783 time = 0.000960, # ZDD nodes = 1488, # elems = 68998649610240
Step 784 time = 0.000945, # ZDD nodes = 1458, # elems = 68882685493248
Step 785 time = 0.000881, # ZDD nodes = 1411, # elems = 61688615272448
Step 786 time = 0.000814, # ZDD nodes = 1340, # elems = 49190260441088
Step 787 time = 0.000729, # ZDD nodes = 1250, # elems = 35626753720320
Step 788 time = 0.000708, # ZDD nodes = 1145, # elems = 24571507900416
Step 789 time = 0.000553, # ZDD nodes = 1034, # elems = 17209933955072
Step 790 time = 0.000474, # ZDD nodes = 926, # elems = 12820477378560
Step 791 time = 0.000393, # ZDD nodes = 830, # elems = 10101763080192
Step 792 time = 0.000353, # ZDD nodes = 750, # elems = 8108898254848
Step 793 time = 0.000307, # ZDD nodes = 684, # elems = 6459630813184
Step 794 time = 0.000292, # ZDD nodes = 616, # elems = 5085241278464
Step 795 time = 0.000290, # ZDD nodes = 560, # elems = 3985729650688
Step 796 time = 0.000294, # ZDD nodes = 516, # elems = 3161095929856
Step 797 time = 0.000279, # ZDD nodes = 490, # elems = 2576980377600
Step 798 time = 0.000254, # ZDD nodes = 472, # elems = 2113123909632
Step 799 time = 0.000263, # ZDD nodes = 462, # elems = 1632087572480
Step 800 time = 0.000251, # ZDD nodes = 446, # elems = 1116691496960
Step 801 time = 0.000243, # ZDD nodes = 416, # elems = 670014898176
Step 802 time = 0.000238, # ZDD nodes = 380, # elems = 395136991232
Step 803 time = 0.000220, # ZDD nodes = 356, # elems = 292057776128
Step 804 time = 0.000214, # ZDD nodes = 346, # elems = 274877906944
Step 805 time = 0.000228, # ZDD nodes = 352, # elems = 292057776128
Step 806 time = 0.000219, # ZDD nodes = 356, # elems = 360777252864
Step 807 time = 0.000194, # ZDD nodes = 350, # elems = 498216206336
Step 808 time = 0.001131, # ZDD nodes = 364, # elems = 773094113280
Step 809 time = 0.000218, # ZDD nodes = 394, # elems = 1357209665536
Step 810 time = 0.000245, # ZDD nodes = 440, # elems = 2422361554944
Step 811 time = 0.000233, # ZDD nodes = 484, # elems = 4226247819264
Step 812 time = 0.000258, # ZDD nodes = 548, # elems = 7284264534016
Step 813 time = 0.000331, # ZDD nodes = 608, # elems = 12386685681664
Step 814 time = 0.000394, # ZDD nodes = 692, # elems = 20942260535296
Step 815 time = 0.001149, # ZDD nodes = 788, # elems = 35545149341696
Step 816 time = 0.001204, # ZDD nodes = 900, # elems = 60421599920128
Step 817 time = 0.001315, # ZDD nodes = 1018, # elems = 102477919682560
Step 818 time = 0.002812, # ZDD nodes = 1148, # elems = 172640505430016
Step 819 time = 0.001468, # ZDD nodes = 1280, # elems = 284756331724800
Step 820 time = 0.001720, # ZDD nodes = 1420, # elems = 448824082432000
Step 821 time = 0.001905, # ZDD nodes = 1542, # elems = 657576672886784
Step 822 time = 0.001935, # ZDD nodes = 1642, # elems = 873338649968640
Step 823 time = 0.002047, # ZDD nodes = 1722, # elems = 1031771403583488
Step 824 time = 0.001888, # ZDD nodes = 1786, # elems = 1072298714988544
Step 825 time = 0.002265, # ZDD nodes = 1822, # elems = 977878153953280
Step 826 time = 0.001996, # ZDD nodes = 1838, # elems = 789981924687872
Step 827 time = 0.001880, # ZDD nodes = 1830, # elems = 583737595133952
Step 828 time = 0.002120, # ZDD nodes = 1804, # elems = 424566107144192
Step 829 time = 0.002113, # ZDD nodes = 1762, # elems = 341020403302400
Step 830 time = 0.002005, # ZDD nodes = 1712, # elems = 327259328086016
Step 831 time = 0.001958, # ZDD nodes = 1654, # elems = 361241109331968
Step 832 time = 0.001996, # ZDD nodes = 1600, # elems = 419291887304704
Step 833 time = 0.002032, # ZDD nodes = 1572, # elems = 480383502123008
Step 834 time = 0.002877, # ZDD nodes = 1568, # elems = 524999622393856
Step 835 time = 0.002907, # ZDD nodes = 1562, # elems = 536166537363456
Step 836 time = 0.001795, # ZDD nodes = 1550, # elems = 504985074794496
Step 837 time = 0.001998, # ZDD nodes = 1540, # elems = 435458144206848
Step 838 time = 0.001838, # ZDD nodes = 1534, # elems = 343030447996928
Step 839 time = 0.002799, # ZDD nodes = 1524, # elems = 247613454548992
Step 840 time = 0.001960, # ZDD nodes = 1532, # elems = 166112155140096
Step 841 time = 0.001968, # ZDD nodes = 1538, # elems = 108095736905728
Step 842 time = 0.003631, # ZDD nodes = 1550, # elems = 75402445848576
Step 843 time = 0.003987, # ZDD nodes = 1542, # elems = 64561948393472
Step 844 time = 0.003547, # ZDD nodes = 1510, # elems = 70557722738688
Step 845 time = 0.001946, # ZDD nodes = 1498, # elems = 90177133346816
Step 846 time = 0.001879, # ZDD nodes = 1484, # elems = 123145302310912
Step 847 time = 0.001839, # ZDD nodes = 1492, # elems = 171867411316736
Step 848 time = 0.001844, # ZDD nodes = 1520, # elems = 239796614070272
Step 849 time = 0.001788, # ZDD nodes = 1552, # elems = 327035989786624
Step 850 time = 0.003597, # ZDD nodes = 1588, # elems = 425528179818496
Step 851 time = 0.002201, # ZDD nodes = 1628, # elems = 517680998121472
Step 852 time = 0.001866, # ZDD nodes = 1676, # elems = 580370340773888
Step 853 time = 0.001952, # ZDD nodes = 1724, # elems = 594715531542528
Step 854 time = 0.002077, # ZDD nodes = 1766, # elems = 557160337506304
Step 855 time = 0.002127, # ZDD nodes = 1802, # elems = 482049949433856
Step 856 time = 0.002833, # ZDD nodes = 1834, # elems = 392817708892160
Step 857 time = 0.003043, # ZDD nodes = 1846, # elems = 310285617332224
Step 858 time = 0.003235, # ZDD nodes = 1840, # elems = 246823180566528
Step 859 time = 0.002164, # ZDD nodes = 1810, # elems = 207343841181696
Step 860 time = 0.003020, # ZDD nodes = 1760, # elems = 191985038131200
Step 861 time = 0.002000, # ZDD nodes = 1680, # elems = 196864120979456
Step 862 time = 0.002006, # ZDD nodes = 1594, # elems = 214061170032640
Step 863 time = 0.001939, # ZDD nodes = 1506, # elems = 232546709274624
Step 864 time = 0.001902, # ZDD nodes = 1428, # elems = 240707147137024
Step 865 time = 0.001743, # ZDD nodes = 1364, # elems = 230794362617856
Step 866 time = 0.001639, # ZDD nodes = 1318, # elems = 202722456371200
Step 867 time = 0.001640, # ZDD nodes = 1278, # elems = 163672613715968
Step 868 time = 0.001620, # ZDD nodes = 1244, # elems = 123780957470720
Step 869 time = 0.001614, # ZDD nodes = 1208, # elems = 90726889160704
Step 870 time = 0.001614, # ZDD nodes = 1174, # elems = 66675072303104
Step 871 time = 0.001633, # ZDD nodes = 1142, # elems = 49460843380736
Step 872 time = 0.001650, # ZDD nodes = 1112, # elems = 36077725286400
Step 873 time = 0.001626, # ZDD nodes = 1086, # elems = 25099788877824
Step 874 time = 0.003728, # ZDD nodes = 1074, # elems = 16819091931136
Step 875 time = 0.001660, # ZDD nodes = 1044, # elems = 11871289606144
Step 876 time = 0.001667, # ZDD nodes = 1022, # elems = 10118942949376
Step 877 time = 0.001582, # ZDD nodes = 1018, # elems = 11115375362048
Step 878 time = 0.001540, # ZDD nodes = 1040, # elems = 14963666059264
Step 879 time = 0.001503, # ZDD nodes = 1080, # elems = 22763326668800
Step 880 time = 0.001507, # ZDD nodes = 1126, # elems = 37074157699072
Step 881 time = 0.001595, # ZDD nodes = 1162, # elems = 61830349193216
Step 882 time = 0.004584, # ZDD nodes = 1196, # elems = 101326868447232
Step 883 time = 0.001572, # ZDD nodes = 1236, # elems = 159068408774656
Step 884 time = 0.001631, # ZDD nodes = 1282, # elems = 236085762326528
Step 885 time = 0.001705, # ZDD nodes = 1332, # elems = 328238580629504
Step 886 time = 0.001814, # ZDD nodes = 1402, # elems = 425098683088896
Step 887 time = 0.002020, # ZDD nodes = 1478, # elems = 511169827700736
Step 888 time = 0.002011, # ZDD nodes = 1560, # elems = 568705209597952
Step 889 time = 0.002044, # ZDD nodes = 1642, # elems = 583875034087424
Step 890 time = 0.001851, # ZDD nodes = 1726, # elems = 554325659090944
Step 891 time = 0.001897, # ZDD nodes = 1802, # elems = 491516057354240
Step 892 time = 0.002200, # ZDD nodes = 1878, # elems = 415374877130752
Step 893 time = 0.002431, # ZDD nodes = 1926, # elems = 345384090075136
Step 894 time = 0.002042, # ZDD nodes = 1942, # elems = 294256799383552
Step 895 time = 0.003679, # ZDD nodes = 1934, # elems = 266940807380992
Step 896 time = 0.002136, # ZDD nodes = 1914, # elems = 261907105710080
Step 897 time = 0.002082, # ZDD nodes = 1868, # elems = 272111948005376
Step 898 time = 0.001899, # ZDD nodes = 1812, # elems = 287195873148928
Step 899 time = 0.006219, # ZDD nodes = 1748, # elems = 297108657668096
Step 900 time = 0.001982, # ZDD nodes = 1686, # elems = 294926814281728
Step 901 time = 0.002263, # ZDD nodes = 1640, # elems = 278331060649984
Step 902 time = 0.051371, # ZDD nodes = 1618, # elems = 249211182383104
Step 903 time = 0.002520, # ZDD nodes = 1594, # elems = 211518549393408
Step 904 time = 0.001866, # ZDD nodes = 1564, # elems = 169823006883840
Step 905 time = 0.001970, # ZDD nodes = 1528, # elems = 128849018880000
Step 906 time = 0.001938, # ZDD nodes = 1498, # elems = 92857192939520
Step 907 time = 0.001937, # ZDD nodes = 1476, # elems = 64871186038784
Step 908 time = 0.002008, # ZDD nodes = 1474, # elems = 46093589020672
Step 909 time = 0.002007, # ZDD nodes = 1470, # elems = 36301063585792
Step 910 time = 0.002166, # ZDD nodes = 1472, # elems = 35029753266176
Step 911 time = 0.001944, # ZDD nodes = 1454, # elems = 42279658061824
Step 912 time = 0.001979, # ZDD nodes = 1422, # elems = 58566174048256
Step 913 time = 0.001887, # ZDD nodes = 1410, # elems = 84610855731200
Step 914 time = 0.001993, # ZDD nodes = 1392, # elems = 120001386250240
Step 915 time = 0.001794, # ZDD nodes = 1394, # elems = 161731288498176
Step 916 time = 0.001912, # ZDD nodes = 1406, # elems = 203753248522240
Step 917 time = 0.003053, # ZDD nodes = 1420, # elems = 237065014870016
Step 918 time = 0.001937, # ZDD nodes = 1430, # elems = 252063040667648
Step 919 time = 0.002000, # ZDD nodes = 1446, # elems = 243868243066880
Step 920 time = 0.002204, # ZDD nodes = 1482, # elems = 216088394596352
Step 921 time = 0.001900, # ZDD nodes = 1518, # elems = 179100136243200
Step 922 time = 0.002578, # ZDD nodes = 1566, # elems = 144413980360704
Step 923 time = 0.003988, # ZDD nodes = 1604, # elems = 119314191482880
Step 924 time = 0.004085, # ZDD nodes = 1638, # elems = 105157979275264
Step 925 time = 0.002000, # ZDD nodes = 1654, # elems = 99402723098624
Step 926 time = 0.004213, # ZDD nodes = 1642, # elems = 98578089377792
Step 927 time = 0.001911, # ZDD nodes = 1610, # elems = 100107097735168
Step 928 time = 0.001929, # ZDD nodes = 1554, # elems = 102117142429696
Step 929 time = 0.001937, # ZDD nodes = 1472, # elems = 102168682037248
Step 930 time = 0.001684, # ZDD nodes = 1374, # elems = 97495757619200
Step 931 time = 0.001545, # ZDD nodes = 1262, # elems = 86895778332672
Step 932 time = 0.001269, # ZDD nodes = 1154, # elems = 71760313581568
Step 933 time = 0.001187, # ZDD nodes = 1060, # elems = 55370718380032
Step 934 time = 0.001086, # ZDD nodes = 980, # elems = 40973988003840
Step 935 time = 0.001245, # ZDD nodes = 902, # elems = 30081950941184
Step 936 time = 0.000828, # ZDD nodes = 826, # elems = 22539988369408
Step 937 time = 0.000834, # ZDD nodes = 756, # elems = 17489106829312
Step 938 time = 0.000880, # ZDD nodes = 708, # elems = 14001593384960
Step 939 time = 0.000942, # ZDD nodes = 678, # elems = 11287174053888
Step 940 time = 0.000782, # ZDD nodes = 654, # elems = 8813272891392
Step 941 time = 0.000803, # ZDD nodes = 640, # elems = 6408091205632
Step 942 time = 0.000778, # ZDD nodes = 624, # elems = 4243427688448
Step 943 time = 0.000741, # ZDD nodes = 596, # elems = 2662879723520
Step 944 time = 0.000743, # ZDD nodes = 558, # elems = 1786706395136
Step 945 time = 0.000726, # ZDD nodes = 544, # elems = 1460288880640
Step 946 time = 0.000714, # ZDD nodes = 534, # elems = 1494648619008
Step 947 time = 0.000670, # ZDD nodes = 534, # elems = 1803886264320
Step 948 time = 0.000636, # ZDD nodes = 544, # elems = 2456721293312
Step 949 time = 0.000726, # ZDD nodes = 564, # elems = 3831110828032
Step 950 time = 0.000655, # ZDD nodes = 608, # elems = 6579889897472
Step 951 time = 0.000824, # ZDD nodes = 650, # elems = 11510512353280
Step 952 time = 0.001120, # ZDD nodes = 706, # elems = 20066087206912
Step 953 time = 0.000931, # ZDD nodes = 760, # elems = 34565896798208
Step 954 time = 0.001129, # ZDD nodes = 836, # elems = 58566174048256
Step 955 time = 0.001124, # ZDD nodes = 918, # elems = 97598836834304
Step 956 time = 0.001286, # ZDD nodes = 1004, # elems = 157779918585856
Step 957 time = 0.001595, # ZDD nodes = 1092, # elems = 241497421119488
Step 958 time = 0.001368, # ZDD nodes = 1170, # elems = 342068375322624
Step 959 time = 0.003967, # ZDD nodes = 1248, # elems = 440577745223680
Step 960 time = 0.001671, # ZDD nodes = 1354, # elems = 510465453064192
Step 961 time = 0.001969, # ZDD nodes = 1460, # elems = 531751310983168
Step 962 time = 0.001553, # ZDD nodes = 1572, # elems = 504813276102656
Step 963 time = 0.001718, # ZDD nodes = 1664, # elems = 449665896022016
Step 964 time = 0.001780, # ZDD nodes = 1728, # elems = 390412527206400
Step 965 time = 0.001588, # ZDD nodes = 1764, # elems = 340212949450752
Step 966 time = 0.002053, # ZDD nodes = 1780, # elems = 300561811374080
Step 967 time = 0.001663, # ZDD nodes = 1772, # elems = 271149875331072
Step 968 time = 0.003956, # ZDD nodes = 1746, # elems = 255189776859136
Step 969 time = 0.003589, # ZDD nodes = 1704, # elems = 255138237251584
Step 970 time = 0.001781, # ZDD nodes = 1654, # elems = 267215685287936
Step 971 time = 0.001860, # ZDD nodes = 1596, # elems = 281509336449024
Step 972 time = 0.001485, # ZDD nodes = 1540, # elems = 286938175111168
Step 973 time = 0.001919, # ZDD nodes = 1500, # elems = 277025390592000
Step 974 time = 0.001568, # ZDD nodes = 1486, # elems = 252148940013568
Step 975 time = 0.001386, # ZDD nodes = 1480, # elems = 217342525046784
Step 976 time = 0.001446, # ZDD nodes = 1468, # elems = 178670639513600
Step 977 time = 0.001491, # ZDD nodes = 1458, # elems = 140874927308800
Step 978 time = 0.001537, # ZDD nodes = 1452, # elems = 107099304493056
Step 979 time = 0.001512, # ZDD nodes = 1442, # elems = 79559974191104
Step 980 time = 0.001616, # ZDD nodes = 1450, # elems = 59648505806848
Step 981 time = 0.001537, # ZDD nodes = 1456, # elems = 48155173322752
Step 982 time = 0.001404, # ZDD nodes = 1468, # elems = 46282567581696
Step 983 time = 0.001449, # ZDD nodes = 1460, # elems = 55851754717184
Step 984 time = 0.001472, # ZDD nodes = 1428, # elems = 78391743086592
Step 985 time = 0.001440, # ZDD nodes = 1416, # elems = 114143050858496
Step 986 time = 0.001442, # ZDD nodes = 1402, # elems = 160219460009984
Step 987 time = 0.001552, # ZDD nodes = 1410, # elems = 209422605352960
Step 988 time = 0.001457, # ZDD nodes = 1438, # elems = 252063040667648
Step 989 time = 0.001470, # ZDD nodes = 1470, # elems = 279379032670208
Step 990 time = 0.001451, # ZDD nodes = 1506, # elems = 287092793933824
Step 991 time = 0.001575, # ZDD nodes = 1546, # elems = 277403347714048
Step 992 time = 0.001526, # ZDD nodes = 1594, # elems = 256770324824064
Step 993 time = 0.001458, # ZDD nodes = 1642, # elems = 231189499609088
Step 994 time = 0.001616, # ZDD nodes = 1684, # elems = 203873507606528
Step 995 time = 0.001556, # ZDD nodes = 1720, # elems = 176694954557440
Step 996 time = 0.002099, # ZDD nodes = 1752, # elems = 152746216914944
Step 997 time = 0.001634, # ZDD nodes = 1764, # elems = 136064563937280
Step 998 time = 0.001521, # ZDD nodes = 1758, # elems = 128196183851008
Step 999 time = 0.001479, # ZDD nodes = 1728, # elems = 126667175493632
Step 1000 time = 0.001520, # ZDD nodes = 1678, # elems = 126942053400576
Step 1001 time = 0.001527, # ZDD nodes = 1602, # elems = 124743030145024
Step 1002 time = 0.001354, # ZDD nodes = 1510, # elems = 117699283779584
Step 1003 time = 0.001153, # ZDD nodes = 1414, # elems = 106137231818752
Step 1004 time = 0.001232, # ZDD nodes = 1328, # elems = 92255897518080
Step 1005 time = 0.001024, # ZDD nodes = 1250, # elems = 78408922955776
Step 1006 time = 0.001053, # ZDD nodes = 1180, # elems = 65661460021248
Step 1007 time = 0.000974, # ZDD nodes = 1126, # elems = 53652731461632
Step 1008 time = 0.000965, # ZDD nodes = 1090, # elems = 41953240547328
Step 1009 time = 0.000960, # ZDD nodes = 1052, # elems = 31026843746304
Step 1010 time = 0.000937, # ZDD nodes = 1008, # elems = 21852793602048
Step 1011 time = 0.001043, # ZDD nodes = 964, # elems = 15152644620288
Step 1012 time = 0.000953, # ZDD nodes = 922, # elems = 10840497455104
Step 1013 time = 0.000931, # ZDD nodes = 894, # elems = 8126078124032
Step 1014 time = 0.000962, # ZDD nodes = 882, # elems = 6322191859712
Step 1015 time = 0.000879, # ZDD nodes = 852, # elems = 5360119185408
Step 1016 time = 0.003167, # ZDD nodes = 830, # elems = 5497558138880
Step 1017 time = 0.000931, # ZDD nodes = 826, # elems = 7181185318912
Step 1018 time = 0.000886, # ZDD nodes = 850, # elems = 11235634446336
Step 1019 time = 0.000925, # ZDD nodes = 892, # elems = 18966575579136
Step 1020 time = 0.000874, # ZDD nodes = 940, # elems = 32418413150208
Step 1021 time = 0.000967, # ZDD nodes = 978, # elems = 54236847013888
Step 1022 time = 0.002963, # ZDD nodes = 1014, # elems = 86328842649600
Step 1023 time = 0.000993, # ZDD nodes = 1056, # elems = 127801046859776
Step 1024 time = 0.000962, # ZDD nodes = 1100, # elems = 173035642421248
Step 1025 time = 0.001291, # ZDD nodes = 1146, # elems = 211484189655040
Step 1026 time = 0.001153, # ZDD nodes = 1202, # elems = 231893874245632
Step 1027 time = 0.001015, # ZDD nodes = 1262, # elems = 229248174391296
Step 1028 time = 0.001064, # ZDD nodes = 1320, # elems = 208099755425792
Step 1029 time = 0.001124, # ZDD nodes = 1374, # elems = 179237575196672
Step 1030 time = 0.001084, # ZDD nodes = 1442, # elems = 152918015606784
Step 1031 time = 0.001353, # ZDD nodes = 1508, # elems = 134655814664192
Step 1032 time = 0.003463, # ZDD nodes = 1584, # elems = 125756642426880
Step 1033 time = 0.001184, # ZDD nodes = 1632, # elems = 124846109360128
Step 1034 time = 0.001347, # ZDD nodes = 1648, # elems = 128247723458560
Step 1035 time = 0.001257, # ZDD nodes = 1640, # elems = 131546258341888
Step 1036 time = 0.001162, # ZDD nodes = 1618, # elems = 131992934940672
Step 1037 time = 0.001080, # ZDD nodes = 1570, # elems = 128831839010816
Step 1038 time = 0.001081, # ZDD nodes = 1512, # elems = 122080150421504
Step 1039 time = 0.001157, # ZDD nodes = 1446, # elems = 111858128257024
Step 1040 time = 0.001148, # ZDD nodes = 1382, # elems = 98543729639424
Step 1041 time = 0.001128, # ZDD nodes = 1334, # elems = 83322365542400
Step 1042 time = 0.001085, # ZDD nodes = 1310, # elems = 68083821576192
Step 1043 time = 0.001049, # ZDD nodes = 1284, # elems = 54580444397568
Step 1044 time = 0.000990, # ZDD nodes = 1248, # elems = 43791486550016
Step 1045 time = 0.001068, # ZDD nodes = 1214, # elems = 35527969472512
Step 1046 time = 0.001017, # ZDD nodes = 1194, # elems = 28879360098304
Step 1047 time = 0.001042, # ZDD nodes = 1182, # elems = 23433341566976
Step 1048 time = 0.001011, # ZDD nodes = 1190, # elems = 19722489823232
Step 1049 time = 0.002024, # ZDD nodes = 1188, # elems = 18777597018112
Step 1050 time = 0.000961, # ZDD nodes = 1190, # elems = 21955872817152
Step 1051 time = 0.001006, # ZDD nodes = 1172, # elems = 30683246362624
Step 1052 time = 0.001095, # ZDD nodes = 1140, # elems = 45286135169024
Step 1053 time = 0.001015, # ZDD nodes = 1128, # elems = 63754494541824
Step 1054 time = 0.001061, # ZDD nodes = 1110, # elems = 81329500717056
Step 1055 time = 0.000957, # ZDD nodes = 1112, # elems = 92187178041344
Step 1056 time = 0.001001, # ZDD nodes = 1122, # elems = 93011811762176
Step 1057 time = 0.003122, # ZDD nodes = 1132, # elems = 85177791414272
Step 1058 time = 0.000953, # ZDD nodes = 1136, # elems = 73409581023232
Step 1059 time = 0.000964, # ZDD nodes = 1144, # elems = 62173946576896
Step 1060 time = 0.001074, # ZDD nodes = 1162, # elems = 53291954208768
Step 1061 time = 0.001050, # ZDD nodes = 1182, # elems = 46712064311296
Step 1062 time = 0.001074, # ZDD nodes = 1206, # elems = 42382737276928
Step 1063 time = 0.001083, # ZDD nodes = 1222, # elems = 40527311405056
Step 1064 time = 0.001053, # ZDD nodes = 1246, # elems = 41059887349760
Step 1065 time = 0.001037, # ZDD nodes = 1252, # elems = 43258910605312
Step 1066 time = 0.000990, # ZDD nodes = 1248, # elems = 45268955299840
Step 1067 time = 0.000963, # ZDD nodes = 1224, # elems = 44581760532480
Step 1068 time = 0.000968, # ZDD nodes = 1174, # elems = 40011915329536
Step 1069 time = 0.000816, # ZDD nodes = 1095, # elems = 32813550141440
Step 1070 time = 0.000692, # ZDD nodes = 996, # elems = 25460566130688
Step 1071 time = 0.000611, # ZDD nodes = 890, # elems = 19602230738944
Step 1072 time = 0.000540, # ZDD nodes = 784, # elems = 15375982919680
Step 1073 time = 0.000469, # ZDD nodes = 692, # elems = 12300786335744
Step 1074 time = 0.000335, # ZDD nodes = 618, # elems = 9964324126720
Step 1075 time = 0.000291, # ZDD nodes = 556, # elems = 8040178778112
Step 1076 time = 0.000270, # ZDD nodes = 492, # elems = 6390911336448
Step 1077 time = 0.000249, # ZDD nodes = 440, # elems = 5016521801728
Step 1078 time = 0.000233, # ZDD nodes = 392, # elems = 3917010173952
Step 1079 time = 0.000260, # ZDD nodes = 348, # elems = 3092376453120
Step 1080 time = 0.000207, # ZDD nodes = 332, # elems = 2542620639232
Step 1081 time = 0.000222, # ZDD nodes = 328, # elems = 2130303778816
Step 1082 time = 0.000222, # ZDD nodes = 318, # elems = 1649267441664
Step 1083 time = 0.000205, # ZDD nodes = 292, # elems = 1099511627776
Step 1084 time = 0.000218, # ZDD nodes = 256, # elems = 618475290624
Step 1085 time = 0.000199, # ZDD nodes = 226, # elems = 343597383680
Step 1086 time = 0.000190, # ZDD nodes = 212, # elems = 274877906944
Step 1087 time = 0.000178, # ZDD nodes = 218, # elems = 274877906944
Step 1088 time = 0.000169, # ZDD nodes = 222, # elems = 274877906944
Step 1089 time = 0.000159, # ZDD nodes = 222, # elems = 343597383680
Step 1090 time = 0.000179, # ZDD nodes = 222, # elems = 481036337152
Step 1091 time = 0.000176, # ZDD nodes = 226, # elems = 687194767360
Step 1092 time = 0.000185, # ZDD nodes = 250, # elems = 1236950581248
Step 1093 time = 0.000177, # ZDD nodes = 282, # elems = 2267742732288
Step 1094 time = 0.000201, # ZDD nodes = 340, # elems = 3917010173952
Step 1095 time = 0.000216, # ZDD nodes = 394, # elems = 6803228196864
Step 1096 time = 0.000243, # ZDD nodes = 458, # elems = 11613591568384
Step 1097 time = 0.000277, # ZDD nodes = 518, # elems = 19516331393024
Step 1098 time = 0.000352, # ZDD nodes = 600, # elems = 33122787786752
Step 1099 time = 0.000468, # ZDD nodes = 696, # elems = 56487409876992
Step 1100 time = 0.000628, # ZDD nodes = 816, # elems = 96688303767552
Step 1101 time = 0.000820, # ZDD nodes = 936, # elems = 168706315386880
Step 1102 time = 0.000857, # ZDD nodes = 1054, # elems = 300647710720000
Step 1103 time = 0.001093, # ZDD nodes = 1158, # elems = 531888749936640
Step 1104 time = 0.001213, # ZDD nodes = 1256, # elems = 889642345824256
Step 1105 time = 0.001286, # ZDD nodes = 1338, # elems = 1340304674258944
Step 1106 time = 0.001282, # ZDD nodes = 1410, # elems = 1757500617523200
Step 1107 time = 0.001397, # ZDD nodes = 1462, # elems = 1968331972149248
Step 1108 time = 0.001332, # ZDD nodes = 1498, # elems = 1870406717800448
Step 1109 time = 0.002389, # ZDD nodes = 1506, # elems = 1516638851563520
Step 1110 time = 0.001397, # ZDD nodes = 1494, # elems = 1079033223708672
Step 1111 time = 0.001427, # ZDD nodes = 1458, # elems = 725883832762368
Step 1112 time = 0.002447, # ZDD nodes = 1408, # elems = 532507225227264
Step 1113 time = 0.001469, # ZDD nodes = 1354, # elems = 485159505756160
Step 1114 time = 0.001368, # ZDD nodes = 1306, # elems = 535943199064064
Step 1115 time = 0.001317, # ZDD nodes = 1270, # elems = 641702473760768
Step 1116 time = 0.001270, # ZDD nodes = 1254, # elems = 769383261536256
Step 1117 time = 0.002264, # ZDD nodes = 1246, # elems = 884763262976000
Step 1118 time = 0.001299, # ZDD nodes = 1236, # elems = 948534937387008
Step 1119 time = 0.001712, # ZDD nodes = 1226, # elems = 929705800761344
Step 1120 time = 0.001254, # ZDD nodes = 1214, # elems = 824015245541376
Step 1121 time = 0.001294, # ZDD nodes = 1206, # elems = 658332587130880
Step 1122 time = 0.001267, # ZDD nodes = 1206, # elems = 475263901106176
Step 1123 time = 0.001297, # ZDD nodes = 1194, # elems = 312811058102272
Step 1124 time = 0.001237, # ZDD nodes = 1190, # elems = 193514046488576
Step 1125 time = 0.001159, # ZDD nodes = 1174, # elems = 123420180217856
Step 1126 time = 0.001326, # ZDD nodes = 1156, # elems = 95520072663040
Step 1127 time = 0.001289, # ZDD nodes = 1162, # elems = 96550864814080
Step 1128 time = 0.001284, # ZDD nodes = 1162, # elems = 117372866265088
Step 1129 time = 0.001239, # ZDD nodes = 1170, # elems = 156061931667456
Step 1130 time = 0.001204, # ZDD nodes = 1178, # elems = 217703302299648
Step 1131 time = 0.001252, # ZDD nodes = 1192, # elems = 313360813916160
Step 1132 time = 0.001280, # ZDD nodes = 1216, # elems = 452723912736768
Step 1133 time = 0.001315, # ZDD nodes = 1246, # elems = 632906380738560
Step 1134 time = 0.001294, # ZDD nodes = 1284, # elems = 827726097285120
Step 1135 time = 0.003356, # ZDD nodes = 1326, # elems = 988667111800832
Step 1136 time = 0.001291, # ZDD nodes = 1376, # elems = 1062746707722240
Step 1137 time = 0.001365, # ZDD nodes = 1424, # elems = 1024469959180288
Step 1138 time = 0.001376, # ZDD nodes = 1466, # elems = 894040392335360
Step 1139 time = 0.001396, # ZDD nodes = 1496, # elems = 723135053692928
Step 1140 time = 0.001414, # ZDD nodes = 1516, # elems = 560682210689024
Step 1141 time = 0.001425, # ZDD nodes = 1510, # elems = 431695752855552
Step 1142 time = 0.001361, # ZDD nodes = 1480, # elems = 344696895307776
Step 1143 time = 0.002077, # ZDD nodes = 1422, # elems = 303190331359232
Step 1144 time = 0.001287, # ZDD nodes = 1348, # elems = 305251915661312
Step 1145 time = 0.001309, # ZDD nodes = 1256, # elems = 339817812459520
Step 1146 time = 0.001148, # ZDD nodes = 1170, # elems = 387440409837568
Step 1147 time = 0.001214, # ZDD nodes = 1104, # elems = 422968379310080
Step 1148 time = 0.001060, # ZDD nodes = 1066, # elems = 423724293554176
Step 1149 time = 0.001045, # ZDD nodes = 1022, # elems = 381736693268480
Step 1150 time = 0.001034, # ZDD nodes = 982, # elems = 309031486881792
Step 1151 time = 0.000985, # ZDD nodes = 950, # elems = 230072808112128
Step 1152 time = 0.001024, # ZDD nodes = 916, # elems = 165339061026816
Step 1153 time = 0.001059, # ZDD nodes = 882, # elems = 121152437485568
Step 1154 time = 0.000953, # ZDD nodes = 854, # elems = 91946659872768
Step 1155 time = 0.001021, # ZDD nodes = 828, # elems = 68925635166208
Step 1156 time = 0.001039, # ZDD nodes = 810, # elems = 47897475284992
Step 1157 time = 0.001028, # ZDD nodes = 782, # elems = 30442728194048
Step 1158 time = 0.001056, # ZDD nodes = 754, # elems = 19722489823232
Step 1159 time = 0.001010, # ZDD nodes = 734, # elems = 15530601742336
Step 1160 time = 0.000997, # ZDD nodes = 730, # elems = 16011638079488
Step 1161 time = 0.000992, # ZDD nodes = 746, # elems = 20066087206912
Step 1162 time = 0.000956, # ZDD nodes = 788, # elems = 28518582845440
Step 1163 time = 0.000939, # ZDD nodes = 832, # elems = 44667659878400
Step 1164 time = 0.001037, # ZDD nodes = 876, # elems = 74079595921408
Step 1165 time = 0.000974, # ZDD nodes = 912, # elems = 124244813938688
Step 1166 time = 0.000988, # ZDD nodes = 948, # elems = 202653736894464
Step 1167 time = 0.001037, # ZDD nodes = 990, # elems = 316315751415808
Step 1168 time = 0.001016, # ZDD nodes = 1048, # elems = 466742685990912
Step 1169 time = 0.001041, # ZDD nodes = 1108, # elems = 645413325504512
Step 1170 time = 0.001101, # ZDD nodes = 1168, # elems = 829031767343104
Step 1171 time = 0.001084, # ZDD nodes = 1234, # elems = 978977665581056
Step 1172 time = 0.001166, # ZDD nodes = 1316, # elems = 1052988542025728
Step 1173 time = 0.001291, # ZDD nodes = 1394, # elems = 1027768494063616
Step 1174 time = 0.001306, # ZDD nodes = 1478, # elems = 917061417041920
Step 1175 time = 0.001312, # ZDD nodes = 1542, # elems = 765397531885568
Step 1176 time = 0.001267, # ZDD nodes = 1578, # elems = 619987119112192
Step 1177 time = 0.001314, # ZDD nodes = 1586, # elems = 508936444706816
Step 1178 time = 0.001354, # ZDD nodes = 1574, # elems = 443309344423936
Step 1179 time = 0.001327, # ZDD nodes = 1538, # elems = 424411488321536
Step 1180 time = 0.001373, # ZDD nodes = 1494, # elems = 443378063900672
Step 1181 time = 0.001321, # ZDD nodes = 1436, # elems = 480624020291584
Step 1182 time = 0.001266, # ZDD nodes = 1380, # elems = 513471930171392
Step 1183 time = 0.001178, # ZDD nodes = 1326, # elems = 524604485402624
Step 1184 time = 0.001213, # ZDD nodes = 1292, # elems = 506874860404736
Step 1185 time = 0.001184, # ZDD nodes = 1266, # elems = 462413358956544
Step 1186 time = 0.001142, # ZDD nodes = 1238, # elems = 398229367685120
Step 1187 time = 0.001179, # ZDD nodes = 1210, # elems = 323393857519616
Step 1188 time = 0.001137, # ZDD nodes = 1184, # elems = 246565482528768
Step 1189 time = 0.001198, # ZDD nodes = 1166, # elems = 176128018874368
Step 1190 time = 0.001168, # ZDD nodes = 1154, # elems = 120121645334528
Step 1191 time = 0.001058, # ZDD nodes = 1130, # elems = 81982335746048
Step 1192 time = 0.001156, # ZDD nodes = 1116, # elems = 60335700574208
Step 1193 time = 0.002971, # ZDD nodes = 1090, # elems = 52707838656512
Step 1194 time = 0.001128, # ZDD nodes = 1072, # elems = 58205396795392
Step 1195 time = 0.001066, # ZDD nodes = 1080, # elems = 77103252897792
Step 1196 time = 0.001114, # ZDD nodes = 1082, # elems = 111531710742528
Step 1197 time = 0.001059, # ZDD nodes = 1090, # elems = 164651866259456
Step 1198 time = 0.001021, # ZDD nodes = 1094, # elems = 236669877878784
Step 1199 time = 0.001029, # ZDD nodes = 1102, # elems = 321332273217536
Step 1200 time = 0.001056, # ZDD nodes = 1110, # elems = 401734060998656
Step 1201 time = 0.001099, # ZDD nodes = 1122, # elems = 453479826980864
Step 1202 time = 0.001048, # ZDD nodes = 1134, # elems = 456503483957248
Step 1203 time = 0.001144, # ZDD nodes = 1152, # elems = 410323995590656
Step 1204 time = 0.001654, # ZDD nodes = 1190, # elems = 336587997052928
Step 1205 time = 0.001191, # ZDD nodes = 1220, # elems = 264226388049920
Step 1206 time = 0.001149, # ZDD nodes = 1262, # elems = 211243671486464
Step 1207 time = 0.001143, # ZDD nodes = 1296, # elems = 180732223815680
Step 1208 time = 0.001181, # ZDD nodes = 1320, # elems = 167675523235840
Step 1209 time = 0.001156, # ZDD nodes = 1324, # elems = 164789305212928
Step 1210 time = 0.001179, # ZDD nodes = 1294, # elems = 167400645328896
Step 1211 time = 0.001165, # ZDD nodes = 1234, # elems = 173860276142080
Step 1212 time = 0.001174, # ZDD nodes = 1154, # elems = 180800943292416
Step 1213 time = 0.001123, # ZDD nodes = 1060, # elems = 180388626432000
Step 1214 time = 0.000992, # ZDD nodes = 956, # elems = 166026255794176
Step 1215 time = 0.002646, # ZDD nodes = 868, # elems = 138538465099776
Step 1216 time = 0.000698, # ZDD nodes = 796, # elems = 106102872080384
Step 1217 time = 0.000624, # ZDD nodes = 732, # elems = 77378130804736
Step 1218 time = 0.000634, # ZDD nodes = 664, # elems = 56006373539840
Step 1219 time = 0.000596, # ZDD nodes = 604, # elems = 41781441855488
Step 1220 time = 0.000566, # ZDD nodes = 546, # elems = 32435593019392
Step 1221 time = 0.000553, # ZDD nodes = 520, # elems = 25975962206208
Step 1222 time = 0.000550, # ZDD nodes = 502, # elems = 21234318311424
Step 1223 time = 0.000523, # ZDD nodes = 492, # elems = 17042430230528
Step 1224 time = 0.000527, # ZDD nodes = 476, # elems = 12713103196160
Step 1225 time = 0.000537, # ZDD nodes = 446, # elems = 8246337208320
Step 1226 time = 0.000523, # ZDD nodes = 410, # elems = 4879082848256
Step 1227 time = 0.000512, # ZDD nodes = 386, # elems = 3023656976384
Step 1228 time = 0.000483, # ZDD nodes = 376, # elems = 2473901162496
Step 1229 time = 0.000460, # ZDD nodes = 382, # elems = 2542620639232
Step 1230 time = 0.000495, # ZDD nodes = 386, # elems = 2886218022912
Step 1231 time = 0.000474, # ZDD nodes = 380, # elems = 3779571220480
Step 1232 time = 0.000497, # ZDD nodes = 394, # elems = 5497558138880
Step 1233 time = 0.000488, # ZDD nodes = 424, # elems = 9277129359360
Step 1234 time = 0.000494, # ZDD nodes = 470, # elems = 16217796509696
Step 1235 time = 0.000514, # ZDD nodes = 514, # elems = 28724741275648
Step 1236 time = 0.000559, # ZDD nodes = 580, # elems = 49890340110336
Step 1237 time = 0.000597, # ZDD nodes = 642, # elems = 85074712199168
Step 1238 time = 0.000942, # ZDD nodes = 716, # elems = 143417547948032
Step 1239 time = 0.000654, # ZDD nodes = 796, # elems = 237082194739200
Step 1240 time = 0.000696, # ZDD nodes = 868, # elems = 376720171466752
Step 1241 time = 0.000681, # ZDD nodes = 942, # elems = 560132454875136
Step 1242 time = 0.000696, # ZDD nodes = 1028, # elems = 759487656886272
Step 1243 time = 0.000734, # ZDD nodes = 1112, # elems = 922009219366912
Step 1244 time = 0.000720, # ZDD nodes = 1208, # elems = 992034366160896
Step 1245 time = 0.002980, # ZDD nodes = 1292, # elems = 945579999887360
Step 1246 time = 0.000820, # ZDD nodes = 1364, # elems = 810889825484800
Step 1247 time = 0.001142, # ZDD nodes = 1416, # elems = 650223688876032
Step 1248 time = 0.000863, # ZDD nodes = 1452, # elems = 516976623484928
Step 1249 time = 0.000835, # ZDD nodes = 1460, # elems = 430458802274304
Step 1250 time = 0.000847, # ZDD nodes = 1448, # elems = 387234251407360
Step 1251 time = 0.000823, # ZDD nodes = 1412, # elems = 380156145303552
Step 1252 time = 0.000814, # ZDD nodes = 1362, # elems = 403108450533376
Step 1253 time = 0.000763, # ZDD nodes = 1308, # elems = 444821172912128
Step 1254 time = 0.000745, # ZDD nodes = 1258, # elems = 486602614767616
Step 1255 time = 0.000704, # ZDD nodes = 1210, # elems = 508043091509248
Step 1256 time = 0.000700, # ZDD nodes = 1184, # elems = 495398707789824
Step 1257 time = 0.000727, # ZDD nodes = 1176, # elems = 446951476690944
Step 1258 time = 0.000712, # ZDD nodes = 1166, # elems = 373352917106688
Step 1259 time = 0.000740, # ZDD nodes = 1156, # elems = 291508020314112
Step 1260 time = 0.000733, # ZDD nodes = 1144, # elems = 215091962183680
Step 1261 time = 0.000777, # ZDD nodes = 1136, # elems = 151870043586560
Step 1262 time = 0.000705, # ZDD nodes = 1136, # elems = 105827994173440
Step 1263 time = 0.000744, # ZDD nodes = 1124, # elems = 77171972374528
Step 1264 time = 0.000755, # ZDD nodes = 1120, # elems = 63565515980800
Step 1265 time = 0.000707, # ZDD nodes = 1104, # elems = 63634235457536
Step 1266 time = 0.000660, # ZDD nodes = 1086, # elems = 79714593013760
Step 1267 time = 0.000684, # ZDD nodes = 1092, # elems = 115929757253632
Step 1268 time = 0.000703, # ZDD nodes = 1092, # elems = 175646982537216
Step 1269 time = 0.000667, # ZDD nodes = 1100, # elems = 257560598806528
Step 1270 time = 0.000673, # ZDD nodes = 1108, # elems = 351706281934848
Step 1271 time = 0.000687, # ZDD nodes = 1122, # elems = 439804651110400
Step 1272 time = 0.000705, # ZDD nodes = 1146, # elems = 500277790638080
Step 1273 time = 0.000712, # ZDD nodes = 1176, # elems = 519656683077632
Step 1274 time = 0.000704, # ZDD nodes = 1214, # elems = 498147486859264
Step 1275 time = 0.000765, # ZDD nodes = 1256, # elems = 447638671458304
Step 1276 time = 0.000742, # ZDD nodes = 1306, # elems = 385103947628544
Step 1277 time = 0.000766, # ZDD nodes = 1354, # elems = 323874893856768
Step 1278 time = 0.000818, # ZDD nodes = 1396, # elems = 269517787758592
Step 1279 time = 0.000851, # ZDD nodes = 1426, # elems = 225880920031232
Step 1280 time = 0.000780, # ZDD nodes = 1446, # elems = 199561360441344
Step 1281 time = 0.000800, # ZDD nodes = 1440, # elems = 192964290674688
Step 1282 time = 0.000802, # ZDD nodes = 1410, # elems = 200248555208704
Step 1283 time = 0.001572, # ZDD nodes = 1352, # elems = 211037513056256
Step 1284 time = 0.000750, # ZDD nodes = 1278, # elems = 215641717997568
Step 1285 time = 0.000687, # ZDD nodes = 1192, # elems = 208013856079872
Step 1286 time = 0.000671, # ZDD nodes = 1102, # elems = 186916976721920
Step 1287 time = 0.000624, # ZDD nodes = 1028, # elems = 156817845911552
Step 1288 time = 0.000598, # ZDD nodes = 972, # elems = 125619203473408
Step 1289 time = 0.000587, # ZDD nodes = 914, # elems = 98956046499840
Step 1290 time = 0.000595, # ZDD nodes = 872, # elems = 77653008711680
Step 1291 time = 0.000585, # ZDD nodes = 838, # elems = 60266981097472
Step 1292 time = 0.000586, # ZDD nodes = 802, # elems = 45148696215552
Step 1293 time = 0.000589, # ZDD nodes = 766, # elems = 31679678775296
Step 1294 time = 0.000581, # ZDD nodes = 728, # elems = 21096879357952
Step 1295 time = 0.000570, # ZDD nodes = 700, # elems = 14224931684352
Step 1296 time = 0.000544, # ZDD nodes = 682, # elems = 10445360463872
Step 1297 time = 0.000530, # ZDD nodes = 654, # elems = 8315056685056
Step 1298 time = 0.000512, # ZDD nodes = 626, # elems = 7352984010752
Step 1299 time = 0.000515, # ZDD nodes = 606, # elems = 7765300871168
Step 1300 time = 0.000493, # ZDD nodes = 602, # elems = 10101763080192
Step 1301 time = 0.000502, # ZDD nodes = 618, # elems = 15599321219072
Step 1302 time = 0.000514, # ZDD nodes = 662, # elems = 26319559589888
Step 1303 time = 0.000515, # ZDD nodes = 708, # elems = 45973329936384
Step 1304 time = 0.000537, # ZDD nodes = 754, # elems = 79027398246400
Step 1305 time = 0.000543, # ZDD nodes = 792, # elems = 130498286321664
Step 1306 time = 0.000541, # ZDD nodes = 830, # elems = 202172700557312
Step 1307 time = 0.000572, # ZDD nodes = 874, # elems = 287316132233216
Step 1308 time = 0.000591, # ZDD nodes = 930, # elems = 367168164200448
Step 1309 time = 0.000576, # ZDD nodes = 986, # elems = 416096431636480
Step 1310 time = 0.000613, # ZDD nodes = 1032, # elems = 414722042101760
Step 1311 time = 0.000605, # ZDD nodes = 1076, # elems = 364831701991424
Step 1312 time = 0.000648, # ZDD nodes = 1128, # elems = 291370581360640
Step 1313 time = 0.000661, # ZDD nodes = 1180, # elems = 224643969449984
Step 1314 time = 0.000668, # ZDD nodes = 1250, # elems = 181694296489984
Step 1315 time = 0.000712, # ZDD nodes = 1304, # elems = 164514427305984
Step 1316 time = 0.000682, # ZDD nodes = 1340, # elems = 167538084282368
Step 1317 time = 0.000710, # ZDD nodes = 1348, # elems = 181763015966720
Step 1318 time = 0.000679, # ZDD nodes = 1336, # elems = 197912092999680
Step 1319 time = 0.000682, # ZDD nodes = 1300, # elems = 208975928754176
Step 1320 time = 0.000659, # ZDD nodes = 1254, # elems = 211518549393408
Step 1321 time = 0.000634, # ZDD nodes = 1194, # elems = 204028126429184
Step 1322 time = 0.001433, # ZDD nodes = 1136, # elems = 186161062477824
Step 1323 time = 0.000622, # ZDD nodes = 1080, # elems = 159566624980992
Step 1324 time = 0.000604, # ZDD nodes = 1044, # elems = 128780299403264
Step 1325 time = 0.000618, # ZDD nodes = 1016, # elems = 98681168592896
Step 1326 time = 0.000669, # ZDD nodes = 986, # elems = 72773925863424
Step 1327 time = 0.000608, # ZDD nodes = 956, # elems = 53738630807552
Step 1328 time = 0.000620, # ZDD nodes = 930, # elems = 41437844471808
Step 1329 time = 0.000583, # ZDD nodes = 920, # elems = 33328946216960
Step 1330 time = 0.000596, # ZDD nodes = 918, # elems = 27487790694400
Step 1331 time = 0.000542, # ZDD nodes = 904, # elems = 23914377904128
Step 1332 time = 0.000582, # ZDD nodes = 900, # elems = 23914377904128
Step 1333 time = 0.000541, # ZDD nodes = 876, # elems = 29205777612800
Step 1334 time = 0.000558, # ZDD nodes = 858, # elems = 42949672960000
Step 1335 time = 0.000539, # ZDD nodes = 866, # elems = 67688684584960
Step 1336 time = 0.000525, # ZDD nodes = 868, # elems = 102185861906432
Step 1337 time = 0.000525, # ZDD nodes = 876, # elems = 138813343006720
Step 1338 time = 0.000537, # ZDD nodes = 880, # elems = 165064183119872
Step 1339 time = 0.000537, # ZDD nodes = 888, # elems = 170149424398336
Step 1340 time = 0.000567, # ZDD nodes = 894, # elems = 151870043586560
Step 1341 time = 0.000553, # ZDD nodes = 902, # elems = 120671401148416
Step 1342 time = 0.000564, # ZDD nodes = 908, # elems = 90778428768256
Step 1343 time = 0.000551, # ZDD nodes = 918, # elems = 69681549410304
Step 1344 time = 0.000574, # ZDD nodes = 938, # elems = 57174604644352
Step 1345 time = 0.000572, # ZDD nodes = 952, # elems = 51333449121792
Step 1346 time = 0.000593, # ZDD nodes = 970, # elems = 50852412784640
Step 1347 time = 0.000551, # ZDD nodes = 982, # elems = 54631984005120
Step 1348 time = 0.000553, # ZDD nodes = 996, # elems = 61778809585664
Step 1349 time = 0.000548, # ZDD nodes = 990, # elems = 69475390980096
Step 1350 time = 0.000551, # ZDD nodes = 968, # elems = 72567767433216
Step 1351 time = 0.000544, # ZDD nodes = 916, # elems = 66726611910656
Step 1352 time = 0.000520, # ZDD nodes = 844, # elems = 53188874993664
Step 1353 time = 0.000499, # ZDD nodes = 756, # elems = 37658273251328
Step 1354 time = 0.000418, # ZDD nodes = 653, # elems = 25151328485376
Step 1355 time = 0.000336, # ZDD nodes = 560, # elems = 16973710753792
Step 1356 time = 0.000235, # ZDD nodes = 480, # elems = 12369505812480
Step 1357 time = 0.000180, # ZDD nodes = 406, # elems = 9895604649984
Step 1358 time = 0.000126, # ZDD nodes = 348, # elems = 7971459301376
Step 1359 time = 0.000115, # ZDD nodes = 300, # elems = 6322191859712
Step 1360 time = 0.000107, # ZDD nodes = 256, # elems = 4947802324992
Step 1361 time = 0.000092, # ZDD nodes = 216, # elems = 3848290697216
Step 1362 time = 0.000093, # ZDD nodes = 190, # elems = 3023656976384
Step 1363 time = 0.000083, # ZDD nodes = 174, # elems = 2473901162496
Step 1364 time = 0.000088, # ZDD nodes = 166, # elems = 2199023255552
Step 1365 time = 0.000081, # ZDD nodes = 146, # elems = 1649267441664
Step 1366 time = 0.000080, # ZDD nodes = 116, # elems = 1099511627776
Step 1367 time = 0.000077, # ZDD nodes = 90, # elems = 549755813888
Step 1368 time = 0.000060, # ZDD nodes = 76, # elems = 274877906944
Step 1369 time = 0.000064, # ZDD nodes = 76, # elems = 274877906944
Step 1370 time = 0.000067, # ZDD nodes = 76, # elems = 274877906944
Step 1371 time = 0.000061, # ZDD nodes = 76, # elems = 274877906944
Step 1372 time = 0.000060, # ZDD nodes = 76, # elems = 274877906944
Step 1373 time = 0.000079, # ZDD nodes = 86, # elems = 549755813888
Step 1374 time = 0.000067, # ZDD nodes = 96, # elems = 549755813888
Step 1375 time = 0.000066, # ZDD nodes = 102, # elems = 1099511627776
Step 1376 time = 0.000076, # ZDD nodes = 138, # elems = 2199023255552
Step 1377 time = 0.000086, # ZDD nodes = 180, # elems = 3573412790272
Step 1378 time = 0.000104, # ZDD nodes = 238, # elems = 6322191859712
Step 1379 time = 0.000117, # ZDD nodes = 292, # elems = 10995116277760
Step 1380 time = 0.000146, # ZDD nodes = 356, # elems = 18141941858304
Step 1381 time = 0.000143, # ZDD nodes = 418, # elems = 30786325577728
Step 1382 time = 0.000193, # ZDD nodes = 504, # elems = 52776558133248
Step 1383 time = 0.000230, # ZDD nodes = 602, # elems = 89060441849856
Step 1384 time = 0.000314, # ZDD nodes = 706, # elems = 148159191842816
Step 1385 time = 0.000345, # ZDD nodes = 800, # elems = 237219633692672
Step 1386 time = 0.000376, # ZDD nodes = 874, # elems = 351843720888320
Step 1387 time = 0.000373, # ZDD nodes = 938, # elems = 470316098781184
Step 1388 time = 0.000428, # ZDD nodes = 992, # elems = 554703616212992
Step 1389 time = 0.000410, # ZDD nodes = 1034, # elems = 565973610397696
Step 1390 time = 0.000422, # ZDD nodes = 1062, # elems = 493955598778368
Step 1391 time = 0.000407, # ZDD nodes = 1074, # elems = 371634930188288
Step 1392 time = 0.000470, # ZDD nodes = 1066, # elems = 253162552295424
Step 1393 time = 0.000392, # ZDD nodes = 1038, # elems = 177021372071936
Step 1394 time = 0.000428, # ZDD nodes = 998, # elems = 149258703470592
Step 1395 time = 0.000392, # ZDD nodes = 954, # elems = 155855773237248
Step 1396 time = 0.000370, # ZDD nodes = 912, # elems = 181969174396928
Step 1397 time = 0.000384, # ZDD nodes = 890, # elems = 216878668578816
Step 1398 time = 0.000381, # ZDD nodes = 866, # elems = 250413773225984
Step 1399 time = 0.000380, # ZDD nodes = 858, # elems = 272953761595392
Step 1400 time = 0.000352, # ZDD nodes = 848, # elems = 276252296478720
Step 1401 time = 0.000378, # ZDD nodes = 836, # elems = 255086697644032
Step 1402 time = 0.000381, # ZDD nodes = 828, # elems = 212205744160768
Step 1403 time = 0.000384, # ZDD nodes = 824, # elems = 159154308120576
Step 1404 time = 0.000349, # ZDD nodes = 812, # elems = 108576773242880
Step 1405 time = 0.000329, # ZDD nodes = 796, # elems = 68444598829056
Step 1406 time = 0.000331, # ZDD nodes = 768, # elems = 42056319762432
Step 1407 time = 0.000370, # ZDD nodes = 720, # elems = 28862180229120
Step 1408 time = 0.000311, # ZDD nodes = 714, # elems = 26663156973568
Step 1409 time = 0.000315, # ZDD nodes = 716, # elems = 32160715112448
Step 1410 time = 0.000328, # ZDD nodes = 746, # elems = 43155831390208
Step 1411 time = 0.000344, # ZDD nodes = 776, # elems = 61572651155456
Step 1412 time = 0.000383, # ZDD nodes = 796, # elems = 88785563942912
Step 1413 time = 0.000339, # ZDD nodes = 808, # elems = 124519691845632
Step 1414 time = 0.000342, # ZDD nodes = 816, # elems = 170149424398336
Step 1415 time = 0.000355, # ZDD nodes = 828, # elems = 222925982531584
Step 1416 time = 0.000372, # ZDD nodes = 856, # elems = 271304494153728
Step 1417 time = 0.000377, # ZDD nodes = 888, # elems = 302090819731456
Step 1418 time = 0.000358, # ZDD nodes = 928, # elems = 305664232521728
Step 1419 time = 0.000399, # ZDD nodes = 970, # elems = 278726197641216
Step 1420 time = 0.000397, # ZDD nodes = 1014, # elems = 231172319739904
Step 1421 time = 0.000407, # ZDD nodes = 1050, # elems = 180869662769152
Step 1422 time = 0.000405, # ZDD nodes = 1068, # elems = 139912854634496
Step 1423 time = 0.000402, # ZDD nodes = 1068, # elems = 111325552312320
Step 1424 time = 0.000388, # ZDD nodes = 1048, # elems = 94557999988736
Step 1425 time = 0.000370, # ZDD nodes = 1006, # elems = 89885075570688
Step 1426 time = 0.000363, # ZDD nodes = 948, # elems = 96207267430400
Step 1427 time = 0.000372, # ZDD nodes = 882, # elems = 108027017428992
Step 1428 time = 0.000343, # ZDD nodes = 824, # elems = 118747255799808
Step 1429 time = 0.000329, # ZDD nodes = 766, # elems = 123145302310912
Step 1430 time = 0.000327, # ZDD nodes = 718, # elems = 116548232544256
Step 1431 time = 0.000299, # ZDD nodes = 670, # elems = 98681168592896
Step 1432 time = 0.000316, # ZDD nodes = 638, # elems = 75866302316544
Step 1433 time = 0.000283, # ZDD nodes = 600, # elems = 54975581388800
Step 1434 time = 0.000281, # ZDD nodes = 574, # elems = 39307540692992
Step 1435 time = 0.000262, # ZDD nodes = 548, # elems = 29137058136064
Step 1436 time = 0.000284, # ZDD nodes = 522, # elems = 22265110462464
Step 1437 time = 0.000246, # ZDD nodes = 504, # elems = 16217796509696
Step 1438 time = 0.000258, # ZDD nodes = 476, # elems = 10720238370816
Step 1439 time = 0.000235, # ZDD nodes = 440, # elems = 6597069766656
Step 1440 time = 0.000232, # ZDD nodes = 420, # elems = 4398046511104
Step 1441 time = 0.000224, # ZDD nodes = 410, # elems = 4123168604160
Step 1442 time = 0.000244, # ZDD nodes = 416, # elems = 4672924418048
Step 1443 time = 0.000237, # ZDD nodes = 414, # elems = 5772436045824
Step 1444 time = 0.000226, # ZDD nodes = 420, # elems = 8796093022208
Step 1445 time = 0.000229, # ZDD nodes = 448, # elems = 14568529068032
Step 1446 time = 0.000247, # ZDD nodes = 496, # elems = 24464133718016
Step 1447 time = 0.000265, # ZDD nodes = 540, # elems = 42606075576320
Step 1448 time = 0.000271, # ZDD nodes = 588, # elems = 71743133712384
Step 1449 time = 0.000292, # ZDD nodes = 636, # elems = 112425063940096
Step 1450 time = 0.000295, # ZDD nodes = 684, # elems = 164376988352512
Step 1451 time = 0.000310, # ZDD nodes = 726, # elems = 219902325555200
Step 1452 time = 0.000346, # ZDD nodes = 774, # elems = 264982302294016
Step 1453 time = 0.000368, # ZDD nodes = 824, # elems = 289171558105088
Step 1454 time = 0.000352, # ZDD nodes = 880, # elems = 287522290663424
Step 1455 time = 0.000352, # ZDD nodes = 946, # elems = 261134011596800
Step 1456 time = 0.000396, # ZDD nodes = 1012, # elems = 220726959276032
Step 1457 time = 0.000399, # ZDD nodes = 1054, # elems = 180319906955264
Step 1458 time = 0.000391, # ZDD nodes = 1082, # elems = 148434069749760
Step 1459 time = 0.000402, # ZDD nodes = 1094, # elems = 128093104635904
Step 1460 time = 0.000394, # ZDD nodes = 1086, # elems = 119297011613696
Step 1461 time = 0.000388, # ZDD nodes = 1058, # elems = 120946279055360
Step 1462 time = 0.000374, # ZDD nodes = 1018, # elems = 130567005798400
Step 1463 time = 0.000369, # ZDD nodes = 974, # elems = 141287244169216
Step 1464 time = 0.000375, # ZDD nodes = 936, # elems = 145960168587264
Step 1465 time = 0.000367, # ZDD nodes = 898, # elems = 142936511610880
Step 1466 time = 0.000338, # ZDD nodes = 856, # elems = 132216273240064
Step 1467 time = 0.000333, # ZDD nodes = 830, # elems = 114898965102592
Step 1468 time = 0.000332, # ZDD nodes = 802, # elems = 94832877895680
Step 1469 time = 0.000308, # ZDD nodes = 776, # elems = 74491912781824
Step 1470 time = 0.000309, # ZDD nodes = 766, # elems = 54975581388800
Step 1471 time = 0.000310, # ZDD nodes = 760, # elems = 38208029065216
Step 1472 time = 0.000306, # ZDD nodes = 746, # elems = 25838523252736
Step 1473 time = 0.000301, # ZDD nodes = 720, # elems = 18141941858304
Step 1474 time = 0.000285, # ZDD nodes = 680, # elems = 14293651161088
Step 1475 time = 0.000272, # ZDD nodes = 630, # elems = 13469017440256
Step 1476 time = 0.000279, # ZDD nodes = 626, # elems = 16492674416640
Step 1477 time = 0.000276, # ZDD nodes = 630, # elems = 24739011624960
Step 1478 time = 0.000278, # ZDD nodes = 662, # elems = 38208029065216
Step 1479 time = 0.000288, # ZDD nodes = 694, # elems = 57724360458240
Step 1480 time = 0.000292, # ZDD nodes = 716, # elems = 81913616269312
Step 1481 time = 0.000300, # ZDD nodes = 728, # elems = 104453604638720
Step 1482 time = 0.000305, # ZDD nodes = 732, # elems = 119846767427584
Step 1483 time = 0.000314, # ZDD nodes = 738, # elems = 124794569752576
Step 1484 time = 0.000306, # ZDD nodes = 750, # elems = 116548232544256
Step 1485 time = 0.000317, # ZDD nodes = 764, # elems = 97581656965120
Step 1486 time = 0.000316, # ZDD nodes = 772, # elems = 76141180223488
Step 1487 time = 0.000321, # ZDD nodes = 784, # elems = 58823872086016
Step 1488 time = 0.000325, # ZDD nodes = 812, # elems = 48103633715200
Step 1489 time = 0.000327, # ZDD nodes = 832, # elems = 43705587204096
Step 1490 time = 0.000328, # ZDD nodes = 858, # elems = 43705587204096
Step 1491 time = 0.000337, # ZDD nodes = 868, # elems = 45904610459648
Step 1492 time = 0.000336, # ZDD nodes = 858, # elems = 48103633715200
Step 1493 time = 0.000323, # ZDD nodes = 826, # elems = 49203145342976
Step 1494 time = 0.000303, # ZDD nodes = 768, # elems = 49203145342976
Step 1495 time = 0.000293, # ZDD nodes = 700, # elems = 46454366273536
Step 1496 time = 0.000276, # ZDD nodes = 636, # elems = 39582418599936
Step 1497 time = 0.000259, # ZDD nodes = 574, # elems = 30786325577728
Step 1498 time = 0.000219, # ZDD nodes = 506, # elems = 22539988369408
Step 1499 time = 0.000183, # ZDD nodes = 440, # elems = 15942918602752
Step 1500 time = 0.000173, # ZDD nodes = 384, # elems = 11544872091648
Step 1501 time = 0.000145, # ZDD nodes = 320, # elems = 8796093022208
Step 1502 time = 0.000134, # ZDD nodes = 278, # elems = 6871947673600
Step 1503 time = 0.000138, # ZDD nodes = 250, # elems = 5497558138880
Step 1504 time = 0.000129, # ZDD nodes = 246, # elems = 4672924418048
Step 1505 time = 0.000127, # ZDD nodes = 238, # elems = 3848290697216
Step 1506 time = 0.000120, # ZDD nodes = 216, # elems = 2748779069440
Step 1507 time = 0.000112, # ZDD nodes = 182, # elems = 1649267441664
Step 1508 time = 0.000104, # ZDD nodes = 154, # elems = 824633720832
Step 1509 time = 0.000105, # ZDD nodes = 138, # elems = 549755813888
Step 1510 time = 0.000109, # ZDD nodes = 140, # elems = 549755813888
Step 1511 time = 0.000095, # ZDD nodes = 144, # elems = 549755813888
Step 1512 time = 0.000097, # ZDD nodes = 144, # elems = 549755813888
Step 1513 time = 0.000096, # ZDD nodes = 144, # elems = 824633720832
Step 1514 time = 0.000097, # ZDD nodes = 154, # elems = 1099511627776
Step 1515 time = 0.000103, # ZDD nodes = 158, # elems = 1649267441664
Step 1516 time = 0.000111, # ZDD nodes = 184, # elems = 3298534883328
Step 1517 time = 0.000121, # ZDD nodes = 226, # elems = 5772436045824
Step 1518 time = 0.000142, # ZDD nodes = 284, # elems = 9895604649984
Step 1519 time = 0.000152, # ZDD nodes = 338, # elems = 17317308137472
Step 1520 time = 0.000172, # ZDD nodes = 406, # elems = 29137058136064
Step 1521 time = 0.000178, # ZDD nodes = 460, # elems = 48653389529088
Step 1522 time = 0.000200, # ZDD nodes = 528, # elems = 80539226734592
Step 1523 time = 0.000227, # ZDD nodes = 604, # elems = 125069447659520
Step 1524 time = 0.000242, # ZDD nodes = 670, # elems = 175646982537216
Step 1525 time = 0.000249, # ZDD nodes = 718, # elems = 218253058113536
Step 1526 time = 0.000261, # ZDD nodes = 752, # elems = 233921098809344
Step 1527 time = 0.000257, # ZDD nodes = 772, # elems = 211930866253824
Step 1528 time = 0.000274, # ZDD nodes = 786, # elems = 162452843003904
Step 1529 time = 0.000265, # ZDD nodes = 784, # elems = 109676284870656
Step 1530 time = 0.000264, # ZDD nodes = 776, # elems = 73392401154048
Step 1531 time = 0.000261, # ZDD nodes = 760, # elems = 58548994179072
Step 1532 time = 0.000256, # ZDD nodes = 744, # elems = 58823872086016
Step 1533 time = 0.000246, # ZDD nodes = 722, # elems = 67345087201280
Step 1534 time = 0.000267, # ZDD nodes = 702, # elems = 80539226734592
Step 1535 time = 0.000234, # ZDD nodes = 672, # elems = 94832877895680
Step 1536 time = 0.000231, # ZDD nodes = 634, # elems = 106377749987328
Step 1537 time = 0.000222, # ZDD nodes = 608, # elems = 111600430219264
Step 1538 time = 0.000228, # ZDD nodes = 602, # elems = 106652627894272
Step 1539 time = 0.000223, # ZDD nodes = 596, # elems = 90984587198464
Step 1540 time = 0.000221, # ZDD nodes = 592, # elems = 69544110456832
Step 1541 time = 0.000215, # ZDD nodes = 580, # elems = 48103633715200
Step 1542 time = 0.000217, # ZDD nodes = 564, # elems = 30236569763840
Step 1543 time = 0.000207, # ZDD nodes = 532, # elems = 17867063951360
Step 1544 time = 0.000190, # ZDD nodes = 480, # elems = 10995116277760
Step 1545 time = 0.000182, # ZDD nodes = 466, # elems = 8521215115264
Step 1546 time = 0.000182, # ZDD nodes = 456, # elems = 8796093022208
Step 1547 time = 0.000191, # ZDD nodes = 456, # elems = 10445360463872
Step 1548 time = 0.000186, # ZDD nodes = 468, # elems = 14568529068032
Step 1549 time = 0.000191, # ZDD nodes = 490, # elems = 23089744183296
Step 1550 time = 0.000201, # ZDD nodes = 528, # elems = 36558761623552
Step 1551 time = 0.002122, # ZDD nodes = 558, # elems = 55800215109632
Step 1552 time = 0.000223, # ZDD nodes = 578, # elems = 79439715106816
Step 1553 time = 0.000219, # ZDD nodes = 594, # elems = 100880191848448
Step 1554 time = 0.000228, # ZDD nodes = 604, # elems = 114074331381760
Step 1555 time = 0.000235, # ZDD nodes = 618, # elems = 116273354637312
Step 1556 time = 0.000238, # ZDD nodes = 646, # elems = 106377749987328
Step 1557 time = 0.000243, # ZDD nodes = 672, # elems = 88235808129024
Step 1558 time = 0.000247, # ZDD nodes = 700, # elems = 69269232549888
Step 1559 time = 0.000257, # ZDD nodes = 718, # elems = 53601191854080
Step 1560 time = 0.000267, # ZDD nodes = 732, # elems = 41781441855488
Step 1561 time = 0.000268, # ZDD nodes = 728, # elems = 34084860461056
Step 1562 time = 0.000248, # ZDD nodes = 710, # elems = 31336081391616
Step 1563 time = 0.000243, # ZDD nodes = 682, # elems = 33809982554112
Step 1564 time = 0.000234, # ZDD nodes = 654, # elems = 39032662786048
Step 1565 time = 0.000230, # ZDD nodes = 628, # elems = 43705587204096
Step 1566 time = 0.000222, # ZDD nodes = 602, # elems = 46179488366592
Step 1567 time = 0.000211, # ZDD nodes = 562, # elems = 44530220924928
Step 1568 time = 0.000194, # ZDD nodes = 512, # elems = 37933151158272
Step 1569 time = 0.000178, # ZDD nodes = 462, # elems = 28862180229120
Step 1570 time = 0.000163, # ZDD nodes = 398, # elems = 20340965113856
Step 1571 time = 0.000149, # ZDD nodes = 352, # elems = 14018773254144
Step 1572 time = 0.000141, # ZDD nodes = 330, # elems = 10445360463872
Step 1573 time = 0.000140, # ZDD nodes = 308, # elems = 8521215115264
Step 1574 time = 0.000138, # ZDD nodes = 298, # elems = 6597069766656
Step 1575 time = 0.000131, # ZDD nodes = 272, # elems = 4398046511104
Step 1576 time = 0.000128, # ZDD nodes = 236, # elems = 2473901162496
Step 1577 time = 0.000116, # ZDD nodes = 206, # elems = 1374389534720
Step 1578 time = 0.000114, # ZDD nodes = 192, # elems = 1099511627776
Step 1579 time = 0.000108, # ZDD nodes = 198, # elems = 1099511627776
Step 1580 time = 0.000112, # ZDD nodes = 202, # elems = 1099511627776
Step 1581 time = 0.000110, # ZDD nodes = 202, # elems = 1374389534720
Step 1582 time = 0.000109, # ZDD nodes = 202, # elems = 1924145348608
Step 1583 time = 0.000105, # ZDD nodes = 206, # elems = 2748779069440
Step 1584 time = 0.000123, # ZDD nodes = 230, # elems = 4947802324992
Step 1585 time = 0.000130, # ZDD nodes = 262, # elems = 9070970929152
Step 1586 time = 0.000140, # ZDD nodes = 324, # elems = 15668040695808
Step 1587 time = 0.000160, # ZDD nodes = 382, # elems = 26938034880512
Step 1588 time = 0.000166, # ZDD nodes = 432, # elems = 43705587204096
Step 1589 time = 0.000175, # ZDD nodes = 472, # elems = 64046552317952
Step 1590 time = 0.000192, # ZDD nodes = 504, # elems = 83837761617920
Step 1591 time = 0.000193, # ZDD nodes = 530, # elems = 95107755802624
Step 1592 time = 0.000194, # ZDD nodes = 550, # elems = 90159953477632
Step 1593 time = 0.000197, # ZDD nodes = 558, # elems = 70643622084608
Step 1594 time = 0.000200, # ZDD nodes = 548, # elems = 47004122087424
Step 1595 time = 0.000201, # ZDD nodes = 532, # elems = 29137058136064
Step 1596 time = 0.000192, # ZDD nodes = 518, # elems = 20615843020800
Step 1597 time = 0.000190, # ZDD nodes = 508, # elems = 19516331393024
Step 1598 time = 0.000186, # ZDD nodes = 506, # elems = 22814866276352
Step 1599 time = 0.000182, # ZDD nodes = 510, # elems = 28862180229120
Step 1600 time = 0.000190, # ZDD nodes = 508, # elems = 35459249995776
Step 1601 time = 0.000179, # ZDD nodes = 492, # elems = 40132174413824
Step 1602 time = 0.000179, # ZDD nodes = 478, # elems = 42056319762432
Step 1603 time = 0.000174, # ZDD nodes = 446, # elems = 40407052320768
Step 1604 time = 0.000164, # ZDD nodes = 422, # elems = 34909494181888
Step 1605 time = 0.000159, # ZDD nodes = 404, # elems = 27487790694400
Step 1606 time = 0.000153, # ZDD nodes = 384, # elems = 19791209299968
Step 1607 time = 0.000154, # ZDD nodes = 368, # elems = 12644383719424
Step 1608 time = 0.000144, # ZDD nodes = 334, # elems = 7146825580544
Step 1609 time = 0.000128, # ZDD nodes = 278, # elems = 3848290697216
Step 1610 time = 0.000124, # ZDD nodes = 250, # elems = 2473901162496
Step 1611 time = 0.000125, # ZDD nodes = 240, # elems = 2199023255552
Step 1612 time = 0.000119, # ZDD nodes = 246, # elems = 2199023255552
Step 1613 time = 0.000120, # ZDD nodes = 250, # elems = 2473901162496
Step 1614 time = 0.000118, # ZDD nodes = 250, # elems = 3298534883328
Step 1615 time = 0.000120, # ZDD nodes = 244, # elems = 4672924418048
Step 1616 time = 0.000124, # ZDD nodes = 272, # elems = 7696581394432
Step 1617 time = 0.000134, # ZDD nodes = 306, # elems = 13743895347200
Step 1618 time = 0.000146, # ZDD nodes = 350, # elems = 22265110462464
Step 1619 time = 0.000158, # ZDD nodes = 384, # elems = 31610959298560
Step 1620 time = 0.000163, # ZDD nodes = 408, # elems = 38482906972160
Step 1621 time = 0.000166, # ZDD nodes = 416, # elems = 38208029065216
Step 1622 time = 0.002148, # ZDD nodes = 402, # elems = 30236569763840
Step 1623 time = 0.000155, # ZDD nodes = 372, # elems = 19516331393024
Step 1624 time = 0.000141, # ZDD nodes = 336, # elems = 10995116277760
Step 1625 time = 0.000137, # ZDD nodes = 308, # elems = 6322191859712
Step 1626 time = 0.000132, # ZDD nodes = 294, # elems = 4672924418048
Step 1627 time = 0.000125, # ZDD nodes = 284, # elems = 4672924418048
Step 1628 time = 0.000135, # ZDD nodes = 292, # elems = 5772436045824
Step 1629 time = 0.000131, # ZDD nodes = 294, # elems = 7696581394432
Step 1630 time = 0.000128, # ZDD nodes = 298, # elems = 10170482556928
Step 1631 time = 0.000132, # ZDD nodes = 310, # elems = 12919261626368
Step 1632 time = 0.000135, # ZDD nodes = 306, # elems = 14293651161088
Step 1633 time = 0.000131, # ZDD nodes = 292, # elems = 12644383719424
Step 1634 time = 0.000120, # ZDD nodes = 270, # elems = 8796093022208
Step 1635 time = 0.000115, # ZDD nodes = 222, # elems = 4672924418048
Step 1636 time = 0.000097, # ZDD nodes = 146, # elems = 1649267441664
Step 1637 time = 0.000079, # ZDD nodes = 76, # elems = 274877906944
Step 1638 time = 0.000024, # ZDD nodes = 0, # elems = 0
a 4 8 12 18 22 28 32 38 42 48 52 58 62 68 72 78 82 88 92 98 102 108 112 118 122 128 132 138 142 148 152 158 162 168 172 178 182 188
a 2 8 12 18 22 28 32 38 42 48 52 58 62 68 72 78 82 88 92 98 102 108 112 118 122 128 132 138 142 148 152 158 162 168 172 178 182 188
a 2 6 12 18 22 28 32 38 42 48 52 58 62 68 72 78 82 88 92 98 102 108 112 118 122 128 132 138 142 148 152 158 162 168 172 178 182 188
a 2 6 10 18 22 28 32 38 42 48 52 58 62 68 72 78 82 88 92 98 102 108 112 118 122 128 132 138 142 148 152 158 162 168 172 178 182 188
a 2 6 10 16 22 28 32 38 42 48 52 58 62 68 72 78 82 88 92 98 102 108 112 118 122 128 132 138 142 148 152 158 162 168 172 178 182 188
a 2 6 14 16 22 28 32 38 42 48 52 58 62 68 72 78 82 88 92 98 102 108 112 118 122 128 132 138 142 148 152 158 162 168 172 178 182 188
a 2 8 14 16 22 28 32 38 42 48 52 58 62 68 72 78 82 88 92 98 102 108 112 118 122 128 132 138 142 148 152 158 162 168 172 178 182 188
a 4 8 14 16 22 28 32 38 42 48 52 58 62 68 72 78 82 88 92 98 102 108 112 118 122 128 132 138 142 148 152 158 162 168 172 178 182 188
a 4 8 14 16 20 28 32 38 42 48 52 58 62 68 72 78 82 88 92 98 102 108 112 118 122 128 132 138 142 148 152 158 162 168 172 178 182 188
a 4 8 14 16 20 26 32 38 42 48 52 58 62 68 72 78 82 88 92 98 102 108 112 118 122 128 132 138 142 148 152 158 162 168 172 178 182 188
a 4 8 14 16 24 26 32 38 42 48 52 58 62 68 72 78 82 88 92 98 102 108 112 118 122 128 132 138 142 148 152 158 162 168 172 178 182 188
a 2 8 14 16 24 26 32 38 42 48 52 58 62 68 72 78 82 88 92 98 102 108 112 118 122 128 132 138 142 148 152 158 162 168 172 178 182 188
a 2 6 14 16 24 26 32 38 42 48 52 58 62 68 72 78 82 88 92 98 102 108 112 118 122 128 132 138 142 148 152 158 162 168 172 178 182 188
a 2 6 14 16 24 26 30 38 42 48 52 58 62 68 72 78 82 88 92 98 102 108 112 118 122 128 132 138 142 148 152 158 162 168 172 178 182 188
a 2 6 14 16 24 26 30 36 42 48 52 58 62 68 72 78 82 88 92 98 102 108 112 118 122 128 132 138 142 148 152 158 162 168 172 178 182 188
a 2 6 14 16 24 26 30 36 40 48 52 58 62 68 72 78 82 88 92 98 102 108 112 118 122 128 132 138 142 148 152 158 162 168 172 178 182 188
a 2 6 14 16 24 26 30 36 40 46 52 58 62 68 72 78 82 88 92 98 102 108 112 118 122 128 132 138 142 148 152 158 162 168 172 178 182 188
a 2 6 14 16 24 26 30 36 44 46 52 58 62 68 72 78 82 88 92 98 102 108 112 118 122 128 132 138 142 148 152 158 162 168 172 178 182 188
a 2 6 14 16 24 26 30 38 44 46 52 58 62 68 72 78 82 88 92 98 102 108 112 118 122 128 132 138 142 148 152 158 162 168 172 178 182 188
a 2 6 14 16 24 26 32 38 44 46 52 58 62 68 72 78 82 88 92 98 102 108 112 118 122 128 132 138 142 148 152 158 162 168 172 178 182 188
a 2 8 14 16 24 26 32 38 44 46 52 58 62 68 72 78 82 88 92 98 102 108 112 118 122 128 132 138 142 148 152 158 162 168 172 178 182 188
a 4 8 14 16 24 26 32 38 44 46 52 58 62 68 72 78 82 88 92 98 102 108 112 118 122 128 132 138 142 148 152 158 162 168 172 178 182 188
a 4 8 14 16 20 26 32 38 44 46 52 58 62 68 72 78 82 88 92 98 102 108 112 118 122 128 132 138 142 148 152 158 162 168 172 178 182 188
a 4 8 14 16 20 28 32 38 44 46 52 58 62 68 72 78 82 88 92 98 102 108 112 118 122 128 132 138 142 148 152 158 162 168 172 178 182 188
a 4 8 14 16 22 28 32 38 44 46 52 58 62 68 72 78 82 88 92 98 102 108 112 118 122 128 132 138 142 148 152 158 162 168 172 178 182 188
a 2 8 14 16 22 28 32 38 44 46 52 58 62 68 72 78 82 88 92 98 102 108 112 118 122 128 132 138 142 148 152 158 162 168 172 178 182 188
a 2 6 14 16 22 28 32 38 44 46 52 58 62 68 72 78 82 88 92 98 102 108 112 118 122 128 132 138 142 148 152 158 162 168 172 178 182 188
a 2 6 10 16 22 28 32 38 44 46 52 58 62 68 72 78 82 88 92 98 102 108 112 118 122 128 132 138 142 148 152 158 162 168 172 178 182 188
a 2 6 10 18 22 28 32 38 44 46 52 58 62 68 72 78 82 88 92 98 102 108 112 118 122 128 132 138 142 148 152 158 162 168 172 178 182 188
a 2 6 10 18 22 28 32 38 44 46 50 58 62 68 72 78 82 88 92 98 102 108 112 118 122 128 132 138 142 148 152 158 162 168 172 178 182 188
a 2 6 10 18 22 28 32 38 44 46 50 56 62 68 72 78 82 88 92 98 102 108 112 118 122 128 132 138 142 148 152 158 162 168 172 178 182 188
a 2 6 10 18 22 28 32 38 44 46 54 56 62 68 72 78 82 88 92 98 102 108 112 118 122 128 132 138 142 148 152 158 162 168 172 178 182 188
a 2 6 10 16 22 28 32 38 44 46 54 56 62 68 72 78 82 88 92 98 102 108 112 118 122 128 132 138 142 148 152 158 162 168 172 178 182 188
a 2 6 14 16 22 28 32 38 44 46 54 56 62 68 72 78 82 88 92 98 102 108 112 118 122 128 132 138 142 148 152 158 162 168 172 178 182 188
a 2 8 14 16 22 28 32 38 44 46 54 56 62 68 72 78 82 88 92 98 102 108 112 118 122 128 132 138 142 148 152 158 162 168 172 178 182 188
a 4 8 14 16 22 28 32 38 44 46 54 56 62 68 72 78 82 88 92 98 102 108 112 118 122 128 132 138 142 148 152 158 162 168 172 178 182 188
a 4 8 14 16 20 28 32 38 44 46 54 56 62 68 72 78 82 88 92 98 102 108 112 118 122 128 132 138 142 148 152 158 162 168 172 178 182 188
a 4 8 14 16 20 26 32 38 44 46 54 56 62 68 72 78 82 88 92 98 102 108 112 118 122 128 132 138 142 148 152 158 162 168 172 178 182 188
a 4 8 14 16 24 26 32 38 44 46 54 56 62 68 72 78 82 88 92 98 102 108 112 118 122 128 132 138 142 148 152 158 162 168 172 178 182 188
a 2 8 14 16 24 26 32 38 44 46 54 56 62 68 72 78 82 88 92 98 102 108 112 118 122 128 132 138 142 148 152 158 162 168 172 178 182 188
a 2 6 14 16 24 26 32 38 44 46 54 56 62 68 72 78 82 88 92 98 102 108 112 118 122 128 132 138 142 148 152 158 162 168 172 178 182 188
a 2 6 14 16 24 26 30 38 44 46 54 56 62 68 72 78 82 88 92 98 102 108 112 118 122 128 132 138 142 148 152 158 162 168 172 178 182 188
a 2 6 14 16 24 26 30 36 44 46 54 56 62 68 72 78 82 88 92 98 102 108 112 118 122 128 132 138 142 148 152 158 162 168 172 178 182 188
a 2 6 14 16 24 26 30 36 44 46 54 56 60 68 72 78 82 88 92 98 102 108 112 118 122 128 132 138 142 148 152 158 162 168 172 178 182 188
a 2 6 14 16 24 26 30 36 44 46 54 56 60 66 72 78 82 88 92 98 102 108 112 118 122 128 132 138 142 148 152 158 162 168 172 178 182 188
a 2 6 14 16 24 26 30 36 44 46 54 56 60 66 70 78 82 88 92 98 102 108 112 118 122 128 132 138 142 148 152 158 162 168 172 178 182 188
a 2 6 14 16 24 26 30 36 44 46 54 56 60 66 70 76 82 88 92 98 102 108 112 118 122 128 132 138 142 148 152 158 162 168 172 178 182 188
a 2 6 14 16 24 26 30 36 44 46 54 56 60 66 74 76 82 88 92 98 102 108 112 118 122 128 132 138 142 148 152 158 162 168 172 178 182 188
a 2 6 14 16 24 26 30 36 44 46 54 56 60 68 74 76 82 88 92 98 102 108 112 118 122 128 132 138 142 148 152 158 162 168 172 178 182 188
a 2 6 14 16 24 26 30 36 44 46 54 56 62 68 74 76 82 88 92 98 102 108 112 118 122 128 132 138 142 148 152 158 162 168 172 178 182 188
a 2 6 14 16 24 26 30 38 44 46 54 56 62 68 74 76 82 88 92 98 102 108 112 118 122 128 132 138 142 148 152 158 162 168 172 178 182 188
a 2 6 14 16 24 26 32 38 44 46 54 56 62 68 74 76 82 88 92 98 102 108 112 118 122 128 132 138 142 148 152 158 162 168 172 178 182 188
a 2 8 14 16 24 26 32 38 44 46 54 56 62 68 74 76 82 88 92 98 102 108 112 118 122 128 132 138 142 148 152 158 162 168 172 178 182 188
a 4 8 14 16 24 26 32 38 44 46 54 56 62 68 74 76 82 88 92 98 102 108 112 118 122 128 132 138 142 148 152 158 162 168 172 178 182 188
a 4 8 14 16 20 26 32 38 44 46 54 56 62 68 74 76 82 88 92 98 102 108 112 118 122 128 132 138 142 148 152 158 162 168 172 178 182 188
a 4 8 14 16 20 28 32 38 44 46 54 56 62 68 74 76 82 88 92 98 102 108 112 118 122 128 132 138 142 148 152 158 162 168 172 178 182 188
a 4 8 14 16 22 28 32 38 44 46 54 56 62 68 74 76 82 88 92 98 102 108 112 118 122 128 132 138 142 148 152 158 162 168 172 178 182 188
a 2 8 14 16 22 28 32 38 44 46 54 56 62 68 74 76 82 88 92 98 102 108 112 118 122 128 132 138 142 148 152 158 162 168 172 178 182 188
a 2 6 14 16 22 28 32 38 44 46 54 56 62 68 74 76 82 88 92 98 102 108 112 118 122 128 132 138 142 148 152 158 162 168 172 178 182 188
a 2 6 10 16 22 28 32 38 44 46 54 56 62 68 74 76 82 88 92 98 102 108 112 118 122 128 132 138 142 148 152 158 162 168 172 178 182 188
a 2 6 10 18 22 28 32 38 44 46 54 56 62 68 74 76 82 88 92 98 102 108 112 118 122 128 132 138 142 148 152 158 162 168 172 178 182 188
a 2 6 10 18 22 28 32 38 44 46 50 56 62 68 74 76 82 88 92 98 102 108 112 118 122 128 132 138 142 148 152 158 162 168 172 178 182 188
a 2 6 10 18 22 28 32 38 44 46 50 58 62 68 74 76 82 88 92 98 102 108 112 118 122 128 132 138 142 148 152 158 162 168 172 178 182 188
a 2 6 10 18 22 28 32 38 44 46 52 58 62 68 74 76 82 88 92 98 102 108 112 118 122 128 132 138 142 148 152 158 162 168 172 178 182 188
a 2 6 10 16 22 28 32 38 44 46 52 58 62 68 74 76 82 88 92 98 102 108 112 118 122 128 132 138 142 148 152 158 162 168 172 178 182 188
a 2 6 14 16 22 28 32 38 44 46 52 58 62 68 74 76 82 88 92 98 102 108 112 118 122 128 132 138 142 148 152 158 162 168 172 178 182 188
a 2 8 14 16 22 28 32 38 44 46 52 58 62 68 74 76 82 88 92 98 102 108 112 118 122 128 132 138 142 148 152 158 162 168 172 178 182 188
a 4 8 14 16 22 28 32 38 44 46 52 58 62 68 74 76 82 88 92 98 102 108 112 118 122 128 132 138 142 148 152 158 162 168 172 178 182 188
a 4 8 14 16 20 28 32 38 44 46 52 58 62 68 74 76 82 88 92 98 102 108 112 118 122 128 132 138 142 148 152 158 162 168 172 178 182 188
a 4 8 14 16 20 26 32 38 44 46 52 58 62 68 74 76 82 88 92 98 102 108 112 118 122 128 132 138 142 148 152 158 162 168 172 178 182 188
a 4 8 14 16 24 26 32 38 44 46 52 58 62 68 74 76 82 88 92 98 102 108 112 118 122 128 132 138 142 148 152 158 162 168 172 178 182 188
a 2 8 14 16 24 26 32 38 44 46 52 58 62 68 74 76 82 88 92 98 102 108 112 118 122 128 132 138 142 148 152 158 162 168 172 178 182 188
a 2 6 14 16 24 26 32 38 44 46 52 58 62 68 74 76 82 88 92 98 102 108 112 118 122 128 132 138 142 148 152 158 162 168 172 178 182 188
a 2 6 14 16 24 26 30 38 44 46 52 58 62 68 74 76 82 88 92 98 102 108 112 118 122 128 132 138 142 148 152 158 162 168 172 178 182 188
a 2 6 14 16 24 26 30 36 44 46 52 58 62 68 74 76 82 88 92 98 102 108 112 118 122 128 132 138 142 148 152 158 162 168 172 178 182 188
a 2 6 14 16 24 26 30 36 40 46 52 58 62 68 74 76 82 88 92 98 102 108 112 118 122 128 132 138 142 148 152 158 162 168 172 178 182 188
a 2 6 14 16 24 26 30 36 40 48 52 58 62 68 74 76 82 88 92 98 102 108 112 118 122 128 132 138 142 148 152 158 162 168 172 178 182 188
a 2 6 14 16 24 26 30 36 40 48 52 58 62 68 74 76 80 88 92 98 102 108 112 118 122 128 132 138 142 148 152 158 162 168 172 178 182 188
a 2 6 14 16 24 26 30 36 40 48 52 58 62 68 74 76 80 86 92 98 102 108 112 118 122 128 132 138 142 148 152 158 162 168 172 178 182 188
a 2 6 14 16 24 26 30 36 40 48 52 58 62 68 74 76 84 86 92 98 102 108 112 118 122 128 132 138 142 148 152 158 162 168 172 178 182 188
a 2 6 14 16 24 26 30 36 40 46 52 58 62 68 74 76 84 86 92 98 102 108 112 118 122 128 132 138 142 148 152 158 162 168 172 178 182 188
a 2 6 14 16 24 26 30 36 44 46 52 58 62 68 74 76 84 86 92 98 102 108 112 118 122 128 132 138 142 148 152 158 162 168 172 178 182 188
a 2 6 14 16 24 26 30 38 44 46 52 58 62 68 74 76 84 86 92 98 102 108 112 118 122 128 132 138 142 148 152 158 162 168 172 178 182 188
a 2 6 14 16 24 26 32 38 44 46 52 58 62 68 74 76 84 86 92 98 102 108 112 118 122 128 132 138 142 148 152 158 162 168 172 178 182 188
a 2 8 14 16 24 26 32 38 44 46 52 58 62 68 74 76 84 86 92 98 102 108 112 118 122 128 132 138 142 148 152 158 162 168 172 178 182 188
a 4 8 14 16 24 26 32 38 44 46 52 58 62 68 74 76 84 86 92 98 102 108 112 118 122 128 132 138 142 148 152 158 162 168 172 178 182 188
a 4 8 14 16 20 26 32 38 44 46 52 58 62 68 74 76 84 86 92 98 102 108 112 118 122 128 132 138 142 148 152 158 162 168 172 178 182 188
a 4 8 14 16 20 28 32 38 44 46 52 58 62 68 74 76 84 86 92 98 102 108 112 118 122 128 132 138 142 148 152 158 162 168 172 178 182 188
a 4 8 14 16 22 28 32 38 44 46 52 58 62 68 74 76 84 86 92 98 102 108 112 118 122 128 132 138 142 148 152 158 162 168 172 178 182 188
a 2 8 14 16 22 28 32 38 44 46 52 58 62 68 74 76 84 86 92 98 102 108 112 118 122 128 132 138 142 148 152 158 162 168 172 178 182 188
a 2 6 14 16 22 28 32 38 44 46 52 58 62 68 74 76 84 86 92 98 102 108 112 118 122 128 132 138 142 148 152 158 162 168 172 178 182 188
a 2 6 10 16 22 28 32 38 44 46 52 58 62 68 74 76 84 86 92 98 102 108 112 118 122 128 132 138 142 148 152 158 162 168 172 178 182 188
a 2 6 10 18 22 28 32 38 44 46 52 58 62 68 74 76 84 86 92 98 102 108 112 118 122 128 132 138 142 148 152 158 162 168 172 178 182 188
a 2 6 10 18 22 28 32 38 44 46 50 58 62 68 74 76 84 86 92 98 102 108 112 118 122 128 132 138 142 148 152 158 162 168 172 178 182 188
a 2 6 10 18 22 28 32 38 44 46 50 56 62 68 74 76 84 86 92 98 102 108 112 118 122 128 132 138 142 148 152 158 162 168 172 178 182 188
a 2 6 10 18 22 28 32 38 44 46 54 56 62 68 74 76 84 86 92 98 102 108 112 118 122 128 132 138 142 148 152 158 162 168 172 178 182 188
a 2 6 10 16 22 28 32 38 44 46 54 56 62 68 74 76 84 86 92 98 102 108 112 118 122 128 132 138 142 148 152 158 162 168 172 178 182 188
a 2 6 14 16 22 28 32 38 44 46 54 56 62 68 74 76 84 86 92 98 102 108 112 118 122 128 132 138 142 148 152 158 162 168 172 178 182 188
a 2 8 14 16 22 28 32 38 44 46 54 56 62 68 74 76 84 86 92 98 102 108 112 118 122 128 132 138 142 148 152 158 162 168 172 178 182 188
a 4 8 14 16 22 28 32 38 44 46 54 56 62 68 74 76 84 86 92 98 102 108 112 118 122 128 132 138 142 148 152 158 162 168 172 178 182 188
a 4 8 14 16 20 28 32 38 44 46 54 56 62 68 74 76 84 86 92 98 102 108 112 118 122 128 132 138 142 148 152 158 162 168 172 178 182 188
a 4 8 14 16 20 26 32 38 44 46 54 56 62 68 74 76 84 86 92 98 102 108 112 118 122 128 132 138 142 148 152 158 162 168 172 178 182 188
a 4 8 14 16 24 26 32 38 44 46 54 56 62 68 74 76 84 86 92 98 102 108 112 118 122 128 132 138 142 148 152 158 162 168 172 178 182 188
a 2 8 14 16 24 26 32 38 44 46 54 56 62 68 74 76 84 86 92 98 102 108 112 118 122 128 132 138 142 148 152 158 162 168 172 178 182 188
a 2 6 14 16 24 26 32 38 44 46 54 56 62 68 74 76 84 86 92 98 102 108 112 118 122 128 132 138 142 148 152 158 162 168 172 178 182 188
a 2 6 14 16 24 26 30 38 44 46 54 56 62 68 74 76 84 86 92 98 102 108 112 118 122 128 132 138 142 148 152 158 162 168 172 178 182 188
a 2 6 14 16 24 26 30 36 44 46 54 56 62 68 74 76 84 86 92 98 102 108 112 118 122 128 132 138 142 148 152 158 162 168 172 178 182 188
a 2 6 14 16 24 26 30 36 44 46 54 56 60 68 74 76 84 86 92 98 102 108 112 118 122 128 132 138 142 148 152 158 162 168 172 178 182 188
a 2 6 14 16 24 26 30 36 44 46 54 56 60 66 74 76 84 86 92 98 102 108 112 118 122 128 132 138 142 148 152 158 162 168 172 178 182 188
a 2 6 14 16 24 26 30 36 44 46 54 56 60 66 74 76 84 86 90 98 102 108 112 118 122 128 132 138 142 148 152 158 162 168 172 178 182 188
a 2 6 14 16 24 26 30 36 44 46 54 56 60 66 74 76 84 86 90 96 102 108 112 118 122 128 132 138 142 148 152 158 162 168 172 178 182 188
a 2 6 14 16 24 26 30 36 44 46 54 56 60 66 74 76 84 86 90 96 100 108 112 118 122 128 132 138 142 148 152 158 162 168 172 178 182 188
a 2 6 14 16 24 26 30 36 44 46 54 56 60 66 74 76 84 86 90 96 100 106 112 118 122 128 132 138 142 148 152 158 162 168 172 178 182 188
a 2 6 14 16 24 26 30 36 44 46 54 56 60 66 74 76 84 86 90 96 104 106 112 118 122 128 132 138 142 148 152 158 162 168 172 178 182 188
a 2 6 14 16 24 26 30 36 44 46 54 56 60 66 74 76 84 86 90 98 104 106 112 118 122 128 132 138 142 148 152 158 162 168 172 178 182 188
a 2 6 14 16 24 26 30 36 44 46 54 56 60 66 74 76 84 86 92 98 104 106 112 118 122 128 132 138 142 148 152 158 162 168 172 178 182 188
a 2 6 14 16 24 26 30 36 44 46 54 56 60 68 74 76 84 86 92 98 104 106 112 118 122 128 132 138 142 148 152 158 162 168 172 178 182 188
a 2 6 14 16 24 26 30 36 44 46 54 56 62 68 74 76 84 86 92 98 104 106 112 118 122 128 132 138 142 148 152 158 162 168 172 178 182 188
a 2 6 14 16 24 26 30 38 44 46 54 56 62 68 74 76 84 86 92 98 104 106 112 118 122 128 132 138 142 148 152 158 162 168 172 178 182 188
a 2 6 14 16 24 26 32 38 44 46 54 56 62 68 74 76 84 86 92 98 104 106 112 118 122 128 132 138 142 148 152 158 162 168 172 178 182 188
a 2 8 14 16 24 26 32 38 44 46 54 56 62 68 74 76 84 86 92 98 104 106 112 118 122 128 132 138 142 148 152 158 162 168 172 178 182 188
a 4 8 14 16 24 26 32 38 44 46 54 56 62 68 74 76 84 86 92 98 104 106 112 118 122 128 132 138 142 148 152 158 162 168 172 178 182 188
a 4 8 14 16 20 26 32 38 44 46 54 56 62 68 74 76 84 86 92 98 104 106 112 118 122 128 132 138 142 148 152 158 162 168 172 178 182 188
a 4 8 14 16 20 28 32 38 44 46 54 56 62 68 74 76 84 86 92 98 104 106 112 118 122 128 132 138 142 148 152 158 162 168 172 178 182 188
a 4 8 14 16 22 28 32 38 44 46 54 56 62 68 74 76 84 86 92 98 104 106 112 118 122 128 132 138 142 148 152 158 162 168 172 178 182 188
a 2 8 14 16 22 28 32 38 44 46 54 56 62 68 74 76 84 86 92 98 104 106 112 118 122 128 132 138 142 148 152 158 162 168 172 178 182 188
a 2 6 14 16 22 28 32 38 44 46 54 56 62 68 74 76 84 86 92 98 104 106 112 118 122 128 132 138 142 148 152 158 162 168 172 178 182 188
a 2 6 10 16 22 28 32 38 44 46 54 56 62 68 74 76 84 86 92 98 104 106 112 118 122 128 132 138 142 148 152 158 162 168 172 178 182 188
a 2 6 10 18 22 28 32 38 44 46 54 56 62 68 74 76 84 86 92 98 104 106 112 118 122 128 132 138 142 148 152 158 162 168 172 178 182 188
a 2 6 10 18 22 28 32 38 44 46 50 56 62 68 74 76 84 86 92 98 104 106 112 118 122 128 132 138 142 148 152 158 162 168 172 178 182 188
a 2 6 10 18 22 28 32 38 44 46 50 58 62 68 74 76 84 86 92 98 104 106 112 118 122 128 132 138 142 148 152 158 162 168 172 178 182 188
a 2 6 10 18 22 28 32 38 44 46 52 58 62 68 74 76 84 86 92 98 104 106 112 118 122 128 132 138 142 148 152 158 162 168 172 178 182 188
a 2 6 10 16 22 28 32 38 44 46 52 58 62 68 74 76 84 86 92 98 104 106 112 118 122 128 132 138 142 148 152 158 162 168 172 178 182 188
a 2 6 14 16 22 28 32 38 44 46 52 58 62 68 74 76 84 86 92 98 104 106 112 118 122 128 132 138 142 148 152 158 162 168 172 178 182 188
a 2 8 14 16 22 28 32 38 44 46 52 58 62 68 74 76 84 86 92 98 104 106 112 118 122 128 132 138 142 148 152 158 162 168 172 178 182 188
a 4 8 14 16 22 28 32 38 44 46 52 58 62 68 74 76 84 86 92 98 104 106 112 118 122 128 132 138 142 148 152 158 162 168 172 178 182 188
a 4 8 14 16 20 28 32 38 44 46 52 58 62 68 74 76 84 86 92 98 104 106 112 118 122 128 132 138 142 148 152 158 162 168 172 178 182 188
a 4 8 14 16 20 26 32 38 44 46 52 58 62 68 74 76 84 86 92 98 104 106 112 118 122 128 132 138 142 148 152 158 162 168 172 178 182 188
a 4 8 14 16 24 26 32 38 44 46 52 58 62 68 74 76 84 86 92 98 104 106 112 118 122 128 132 138 142 148 152 158 162 168 172 178 182 188
a 2 8 14 16 24 26 32 38 44 46 52 58 62 68 74 76 84 86 92 98 104 106 112 118 122 128 132 138 142 148 152 158 162 168 172 178 182 188
a 2 6 14 16 24 26 32 38 44 46 52 58 62 68 74 76 84 86 92 98 104 106 112 118 122 128 132 138 142 148 152 158 162 168 172 178 182 188
a 2 6 14 16 24 26 30 38 44 46 52 58 62 68 74 76 84 86 92 98 104 106 112 118 122 128 132 138 142 148 152 158 162 168 172 178 182 188
a 2 6 14 16 24 26 30 36 44 46 52 58 62 68 74 76 84 86 92 98 104 106 112 118 122 128 132 138 142 148 152 158 162 168 172 178 182 188
a 2 6 14 16 24 26 30 36 40 46 52 58 62 68 74 76 84 86 92 98 104 106 112 118 122 128 132 138 142 148 152 158 162 168 172 178 182 188
a 2 6 14 16 24 26 30 36 40 48 52 58 62 68 74 76 84 86 92 98 104 106 112 118 122 128 132 138 142 148 152 158 162 168 172 178 182 188
a 2 6 14 16 24 26 30 36 40 48 52 58 62 68 74 76 80 86 92 98 104 106 112 118 122 128 132 138 142 148 152 158 162 168 172 178 182 188
a 2 6 14 16 24 26 30 36 40 48 52 58 62 68 74 76 80 88 92 98 104 106 112 118 122 128 132 138 142 148 152 158 162 168 172 178 182 188
a 2 6 14 16 24 26 30 36 40 48 52 58 62 68 74 76 82 88 92 98 104 106 112 118 122 128 132 138 142 148 152 158 162 168 172 178 182 188
a 2 6 14 16 24 26 30 36 40 46 52 58 62 68 74 76 82 88 92 98 104 106 112 118 122 128 132 138 142 148 152 158 162 168 172 178 182 188
a 2 6 14 16 24 26 30 36 44 46 52 58 62 68 74 76 82 88 92 98 104 106 112 118 122 128 132 138 142 148 152 158 162 168 172 178 182 188
a 2 6 14 16 24 26 30 38 44 46 52 58 62 68 74 76 82 88 92 98 104 106 112 118 122 128 132 138 142 148 152 158 162 168 172 178 182 188
a 2 6 14 16 24 26 32 38 44 46 52 58 62 68 74 76 82 88 92 98 104 106 112 118 122 128 132 138 142 148 152 158 162 168 172 178 182 188
a 2 8 14 16 24 26 32 38 44 46 52 58 62 68 74 76 82 88 92 98 104 106 112 118 122 128 132 138 142 148 152 158 162 168 172 178 182 188
a 4 8 14 16 24 26 32 38 44 46 52 58 62 68 74 76 82 88 92 98 104 106 112 118 122 128 132 138 142 148 152 158 162 168 172 178 182 188
a 4 8 14 16 20 26 32 38 44 46 52 58 62 68 74 76 82 88 92 98 104 106 112 118 122 128 132 138 142 148 152 158 162 168 172 178 182 188
a 4 8 14 16 20 28 32 38 44 46 52 58 62 68 74 76 82 88 92 98 104 106 112 118 122 128 132 138 142 148 152 158 162 168 172 178 182 188
a 4 8 14 16 22 28 32 38 44 46 52 58 62 68 74 76 82 88 92 98 104 106 112 118 122 128 132 138 142 148 152 158 162 168 172 178 182 188
a 2 8 14 16 22 28 32 38 44 46 52 58 62 68 74 76 82 88 92 98 104 106 112 118 122 128 132 138 142 148 152 158 162 168 172 178 182 188
a 2 6 14 16 22 28 32 38 44 46 52 58 62 68 74 76 82 88 92 98 104 106 112 118 122 128 132 138 142 148 152 158 162 168 172 178 182 188
a 2 6 10 16 22 28 32 38 44 46 52 58 62 68 74 76 82 88 92 98 104 106 112 118 122 128 132 138 142 148 152 158 162 168 172 178 182 188
a 2 6 10 18 22 28 32 38 44 46 52 58 62 68 74 76 82 88 92 98 104 106 112 118 122 128 132 138 142 148 152 158 162 168 172 178 182 188
a 2 6 10 18 22 28 32 38 44 46 50 58 62 68 74 76 82 88 92 98 104 106 112 118 122 128 132 138 142 148 152 158 162 168 172 178 182 188
a 2 6 10 18 22 28 32 38 44 46 50 56 62 68 74 76 82 88 92 98 104 106 112 118 122 128 132 138 142 148 152 158 162 168 172 178 182 188
a 2 6 10 18 22 28 32 38 44 46 54 56 62 68 74 76 82 88 92 98 104 106 112 118 122 128 132 138 142 148 152 158 162 168 172 178 182 188
a 2 6 10 16 22 28 32 38 44 46 54 56 62 68 74 76 82 88 92 98 104 106 112 118 122 128 132 138 142 148 152 158 162 168 172 178 182 188
a 2 6 14 16 22 28 32 38 44 46 54 56 62 68 74 76 82 88 92 98 104 106 112 118 122 128 132 138 142 148 152 158 162 168 172 178 182 188
a 2 8 14 16 22 28 32 38 44 46 54 56 62 68 74 76 82 88 92 98 104 106 112 118 122 128 132 138 142 148 152 158 162 168 172 178 182 188
a 4 8 14 16 22 28 32 38 44 46 54 56 62 68 74 76 82 88 92 98 104 106 112 118 122 128 132 138 142 148 152 158 162 168 172 178 182 188
a 4 8 14 16 20 28 32 38 44 46 54 56 62 68 74 76 82 88 92 98 104 106 112 118 122 128 132 138 142 148 152 158 162 168 172 178 182 188
a 4 8 14 16 20 26 32 38 44 46 54 56 62 68 74 76 82 88 92 98 104 106 112 118 122 128 132 138 142 148 152 158 162 168 172 178 182 188
a 4 8 14 16 24 26 32 38 44 46 54 56 62 68 74 76 82 88 92 98 104 106 112 118 122 128 132 138 142 148 152 158 162 168 172 178 182 188
a 2 8 14 16 24 26 32 38 44 46 54 56 62 68 74 76 82 88 92 98 104 106 112 118 122 128 132 138 142 148 152 158 162 168 172 178 182 188
a 2 6 14 16 24 26 32 38 44 46 54 56 62 68 74 76 82 88 92 98 104 106 112 118 122 128 132 138 142 148 152 158 162 168 172 178 182 188
a 2 6 14 16 24 26 30 38 44 46 54 56 62 68 74 76 82 88 92 98 104 106 112 118 122 128 132 138 142 148 152 158 162 168 172 178 182 188
a 2 6 14 16 24 26 30 36 44 46 54 56 62 68 74 76 82 88 92 98 104 106 112 118 122 128 132 138 142 148 152 158 162 168 172 178 182 188
a 2 6 14 16 24 26 30 36 44 46 54 56 60 68 74 76 82 88 92 98 104 106 112 118 122 128 132 138 142 148 152 158 162 168 172 178 182 188
a 2 6 14 16 24 26 30 36 44 46 54 56 60 66 74 76 82 88 92 98 104 106 112 118 122 128 132 138 142 148 152 158 162 168 172 178 182 188
a 2 6 14 16 24 26 30 36 44 46 54 56 60 66 70 76 82 88 92 98 104 106 112 118 122 128 132 138 142 148 152 158 162 168 172 178 182 188
a 2 6 14 16 24 26 30 36 44 46 54 56 60 66 70 78 82 88 92 98 104 106 112 118 122 128 132 138 142 148 152 158 162 168 172 178 182 188
a 2 6 14 16 24 26 30 36 44 46 54 56 60 66 70 78 82 88 92 98 104 106 110 118 122 128 132 138 142 148 152 158 162 168 172 178 182 188
a 2 6 14 16 24 26 30 36 44 46 54 56 60 66 70 78 82 88 92 98 104 106 110 116 122 128 132 138 142 148 152 158 162 168 172 178 182 188
a 2 6 14 16 24 26 30 36 44 46 54 56 60 66 70 78 82 88 92 98 104 106 114 116 122 128 132 138 142 148 152 158 162 168 172 178 182 188
a 2 6 14 16 24 26 30 36 44 46 54 56 60 66 70 76 82 88 92 98 104 106 114 116 122 128 132 138 142 148 152 158 162 168 172 178 182 188
a 2 6 14 16 24 26 30 36 44 46 54 56 60 66 74 76 82 88 92 98 104 106 114 116 122 128 132 138 142 148 152 158 162 168 172 178 182 188
a 2 6 14 16 24 26 30 36 44 46 54 56 60 68 74 76 82 88 92 98 104 106 114 116 122 128 132 138 142 148 152 158 162 168 172 178 182 188
a 2 6 14 16 24 26 30 36 44 46 54 56 62 68 74 76 82 88 92 98 104 106 114 116 122 128 132 138 142 148 152 158 162 168 172 178 182 188
a 2 6 14 16 24 26 30 38 44 46 54 56 62 68 74 76 82 88 92 98 104 106 114 116 122 128 132 138 142 148 152 158 162 168 172 178 182 188
a 2 6 14 16 24 26 32 38 44 46 54 56 62 68 74 76 82 88 92 98 104 106 114 116 122 128 132 138 142 148 152 158 162 168 172 178 182 188
a 2 8 14 16 24 26 32 38 44 46 54 56 62 68 74 76 82 88 92 98 104 106 114 116 122 128 132 138 142 148 152 158 162 168 172 178 182 188
a 4 8 14 16 24 26 32 38 44 46 54 56 62 68 74 76 82 88 92 98 104 106 114 116 122 128 132 138 142 148 152 158 162 168 172 178 182 188
a 4 8 14 16 20 26 32 38 44 46 54 56 62 68 74 76 82 88 92 98 104 106 114 116 122 128 132 138 142 148 152 158 162 168 172 178 182 188
a 4 8 14 16 20 28 32 38 44 46 54 56 62 68 74 76 82 88 92 98 104 106 114 116 122 128 132 138 142 148 152 158 162 168 172 178 182 188
a 4 8 14 16 22 28 32 38 44 46 54 56 62 68 74 76 82 88 92 98 104 106 114 116 122 128 132 138 142 148 152 158 162 168 172 178 182 188
a 2 8 14 16 22 28 32 38 44 46 54 56 62 68 74 76 82 88 92 98 104 106 114 116 122 128 132 138 142 148 152 158 162 168 172 178 182 188
a 2 6 14 16 22 28 32 38 44 46 54 56 62 68 74 76 82 88 92 98 104 106 114 116 122 128 132 138 142 148 152 158 162 168 172 178 182 188
a 2 6 10 16 22 28 32 38 44 46 54 56 62 68 74 76 82 88 92 98 104 106 114 116 122 128 132 138 142 148 152 158 162 168 172 178 182 188
a 2 6 10 18 22 28 32 38 44 46 54 56 62 68 74 76 82 88 92 98 104 106 114 116 122 128 132 138 142 148 152 158 162 168 172 178 182 188
a 2 6 10 18 22 28 32 38 44 46 50 56 62 68 74 76 82 88 92 98 104 106 114 116 122 128 132 138 142 148 152 158 162 168 172 178 182 188
a 2 6 10 18 22 28 32 38 44 46 50 58 62 68 74 76 82 88 92 98 104 106 114 116 122 128 132 138 142 148 152 158 162 168 172 178 182 188
a 2 6 10 18 22 28 32 38 44 46 52 58 62 68 74 76 82 88 92 98 104 106 114 116 122 128 132 138 142 148 152 158 162 168 172 178 182 188
a 2 6 10 16 22 28 32 38 44 46 52 58 62 68 74 76 82 88 92 98 104 106 114 116 122 128 132 138 142 148 152 158 162 168 172 178 182 188
a 2 6 14 16 22 28 32 38 44 46 52 58 62 68 74 76 82 88 92 98 104 106 114 116 122 128 132 138 142 148 152 158 162 168 172 178 182 188
a 2 8 14 16 22 28 32 38 44 46 52 58 62 68 74 76 82 88 92 98 104 106 114 116 122 128 132 138 142 148 152 158 162 168 172 178 182 188
a 4 8 14 16 22 28 32 38 44 46 52 58 62 68 74 76 82 88 92 98 104 106 114 116 122 128 132 138 142 148 152 158 162 168 172 178 182 188
a 4 8 14 16 20 28 32 38 44 46 52 58 62 68 74 76 82 88 92 98 104 106 114 116 122 128 132 138 142 148 152 158 162 168 172 178 182 188
a 4 8 14 16 20 26 32 38 44 46 52 58 62 68 74 76 82 88 92 98 104 106 114 116 122 128 132 138 142 148 152 158 162 168 172 178 182 188
a 4 8 14 16 24 26 32 38 44 46 52 58 62 68 74 76 82 88 92 98 104 106 114 116 122 128 132 138 142 148 152 158 162 168 172 178 182 188
a 2 8 14 16 24 26 32 38 44 46 52 58 62 68 74 76 82 88 92 98 104 106 114 116 122 128 132 138 142 148 152 158 162 168 172 178 182 188
a 2 6 14 16 24 26 32 38 44 46 52 58 62 68 74 76 82 88 92 98 104 106 114 116 122 128 132 138 142 148 152 158 162 168 172 178 182 188
a 2 6 14 16 24 26 30 38 44 46 52 58 62 68 74 76 82 88 92 98 104 106 114 116 122 128 132 138 142 148 152 158 162 168 172 178 182 188
a 2 6 14 16 24 26 30 36 44 46 52 58 62 68 74 76 82 88 92 98 104 106 114 116 122 128 132 138 142 148 152 158 162 168 172 178 182 188
a 2 6 14 16 24 26 30 36 40 46 52 58 62 68 74 76 82 88 92 98 104 106 114 116 122 128 132 138 142 148 152 158 162 168 172 178 182 188
a 2 6 14 16 24 26 30 36 40 48 52 58 62 68 74 76 82 88 92 98 104 106 114 116 122 128 132 138 142 148 152 158 162 168 172 178 182 188
a 2 6 14 16 24 26 30 36 40 48 52 58 62 68 74 76 80 88 92 98 104 106 114 116 122 128 132 138 142 148 152 158 162 168 172 178 182 188
a 2 6 14 16 24 26 30 36 40 48 52 58 62 68 74 76 80 86 92 98 104 106 114 116 122 128 132 138 142 148 152 158 162 168 172 178 182 188
a 2 6 14 16 24 26 30 36 40 48 52 58 62 68 74 76 84 86 92 98 104 106 114 116 122 128 132 138 142 148 152 158 162 168 172 178 182 188
a 2 6 14 16 24 26 30 36 40 46 52 58 62 68 74 76 84 86 92 98 104 106 114 116 122 128 132 138 142 148 152 158 162 168 172 178 182 188
a 2 6 14 16 24 26 30 36 44 46 52 58 62 68 74 76 84 86 92 98 104 106 114 116 122 128 132 138 142 148 152 158 162 168 172 178 182 188
a 2 6 14 16 24 26 30 38 44 46 52 58 62 68 74 76 84 86 92 98 104 106 114 116 122 128 132 138 142 148 152 158 162 168 172 178 182 188
a 2 6 14 16 24 26 32 38 44 46 52 58 62 68 74 76 84 86 92 98 104 106 114 116 122 128 132 138 142 148 152 158 162 168 172 178 182 188
a 2 8 14 16 24 26 32 38 44 46 52 58 62 68 74 76 84 86 92 98 104 106 114 116 122 128 132 138 142 148 152 158 162 168 172 178 182 188
a 4 8 14 16 24 26 32 38 44 46 52 58 62 68 74 76 84 86 92 98 104 106 114 116 122 128 132 138 142 148 152 158 162 168 172 178 182 188
a 4 8 14 16 20 26 32 38 44 46 52 58 62 68 74 76 84 86 92 98 104 106 114 116 122 128 132 138 142 148 152 158 162 168 172 178 182 188
a 4 8 14 16 20 28 32 38 44 46 52 58 62 68 74 76 84 86 92 98 104 106 114 116 122 128 132 138 142 148 152 158 162 168 172 178 182 188
a 4 8 14 16 22 28 32 38 44 46 52 58 62 68 74 76 84 86 92 98 104 106 114 116 122 128 132 138 142 148 152 158 162 168 172 178 182 188
a 2 8 14 16 22 28 32 38 44 46 52 58 62 68 74 76 84 86 92 98 104 106 114 116 122 128 132 138 142 148 152 158 162 168 172 178 182 188
a 2 6 14 16 22 28 32 38 44 46 52 58 62 68 74 76 84 86 92 98 104 106 114 116 122 128 132 138 142 148 152 158 162 168 172 178 182 188
a 2 6 10 16 22 28 32 38 44 46 52 58 62 68 74 76 84 86 92 98 104 106 114 116 122 128 132 138 142 148 152 158 162 168 172 178 182 188
a 2 6 10 18 22 28 32 38 44 46 52 58 62 68 74 76 84 86 92 98 104 106 114 116 122 128 132 138 142 148 152 158 162 168 172 178 182 188
a 2 6 10 18 22 28 32 38 44 46 50 58 62 68 74 76 84 86 92 98 104 106 114 116 122 128 132 138 142 148 152 158 162 168 172 178 182 188
a 2 6 10 18 22 28 32 38 44 46 50 56 62 68 74 76 84 86 92 98 104 106 114 116 122 128 132 138 142 148 152 158 162 168 172 178 182 188
a 2 6 10 18 22 28 32 38 44 46 54 56 62 68 74 76 84 86 92 98 104 106 114 116 122 128 132 138 142 148 152 158 162 168 172 178 182 188
a 2 6 10 16 22 28 32 38 44 46 54 56 62 68 74 76 84 86 92 98 104 106 114 116 122 128 132 138 142 148 152 158 162 168 172 178 182 188
a 2 6 14 16 22 28 32 38 44 46 54 56 62 68 74 76 84 86 92 98 104 106 114 116 122 128 132 138 142 148 152 158 162 168 172 178 182 188
a 2 8 14 16 22 28 32 38 44 46 54 56 62 68 74 76 84 86 92 98 104 106 114 116 122 128 132 138 142 148 152 158 162 168 172 178 182 188
a 4 8 14 16 22 28 32 38 44 46 54 56 62 68 74 76 84 86 92 98 104 106 114 116 122 128 132 138 142 148 152 158 162 168 172 178 182 188
a 4 8 14 16 20 28 32 38 44 46 54 56 62 68 74 76 84 86 92 98 104 106 114 116 122 128 132 138 142 148 152 158 162 168 172 178 182 188
a 4 8 14 16 20 26 32 38 44 46 54 56 62 68 74 76 84 86 92 98 104 106 114 116 122 128 132 138 142 148 152 158 162 168 172 178 182 188
a 4 8 14 16 24 26 32 38 44 46 54 56 62 68 74 76 84 86 92 98 104 106 114 116 122 128 132 138 142 148 152 158 162 168 172 178 182 188
a 2 8 14 16 24 26 32 38 44 46 54 56 62 68 74 76 84 86 92 98 104 106 114 116 122 128 132 138 142 148 152 158 162 168 172 178 182 188
a 2 6 14 16 24 26 32 38 44 46 54 56 62 68 74 76 84 86 92 98 104 106 114 116 122 128 132 138 142 148 152 158 162 168 172 178 182 188
a 2 6 14 16 24 26 30 38 44 46 54 56 62 68 74 76 84 86 92 98 104 106 114 116 122 128 132 138 142 148 152 158 162 168 172 178 182 188
a 2 6 14 16 24 26 30 36 44 46 54 56 62 68 74 76 84 86 92 98 104 106 114 116 122 128 132 138 142 148 152 158 162 168 172 178 182 188
a 2 6 14 16 24 26 30 36 44 46 54 56 60 68 74 76 84 86 92 98 104 106 114 116 122 128 132 138 142 148 152 158 162 168 172 178 182 188
a 2 6 14 16 24 26 30 36 44 46 54 56 60 66 74 76 84 86 92 98 104 106 114 116 122 128 132 138 142 148 152 158 162 168 172 178 182 188
a 2 6 14 16 24 26 30 36 44 46 54 56 60 66 74 76 84 86 90 98 104 106 114 116 122 128 132 138 142 148 152 158 162 168 172 178 182 188
a 2 6 14 16 24 26 30 36 44 46 54 56 60 66 74 76 84 86 90 96 104 106 114 116 122 128 132 138 142 148 152 158 162 168 172 178 182 188
a 2 6 14 16 24 26 30 36 44 46 54 56 60 66 74 76 84 86 90 96 104 106 114 116 120 128 132 138 142 148 152 158 162 168 172 178 182 188
a 2 6 14 16 24 26 30 36 44 46 54 56 60 66 74 76 84 86 90 96 104 106 114 116 120 126 132 138 142 148 152 158 162 168 172 178 182 188
a 2 6 14 16 24 26 30 36 44 46 54 56 60 66 74 76 84 86 90 96 104 106 114 116 120 126 130 138 142 148 152 158 162 168 172 178 182 188
a 2 6 14 16 24 26 30 36 44 46 54 56 60 66 74 76 84 86 90 96 104 106 114 116 120 126 130 136 142 148 152 158 162 168 172 178 182 188
a 2 6 14 16 24 26 30 36 44 46 54 56 60 66 74 76 84 86 90 96 104 106 114 116 120 126 134 136 142 148 152 158 162 168 172 178 182 188
a 2 6 14 16 24 26 30 36 44 46 54 56 60 66 74 76 84 86 90 96 104 106 114 116 120 128 134 136 142 148 152 158 162 168 172 178 182 188
a 2 6 14 16 24 26 30 36 44 46 54 56 60 66 74 76 84 86 90 96 104 106 114 116 122 128 134 136 142 148 152 158 162 168 172 178 182 188
a 2 6 14 16 24 26 30 36 44 46 54 56 60 66 74 76 84 86 90 98 104 106 114 116 122 128 134 136 142 148 152 158 162 168 172 178 182 188
a 2 6 14 16 24 26 30 36 44 46 54 56 60 66 74 76 84 86 92 98 104 106 114 116 122 128 134 136 142 148 152 158 162 168 172 178 182 188
a 2 6 14 16 24 26 30 36 44 46 54 56 60 68 74 76 84 86 92 98 104 106 114 116 122 128 134 136 142 148 152 158 162 168 172 178 182 188
a 2 6 14 16 24 26 30 36 44 46 54 56 62 68 74 76 84 86 92 98 104 106 114 116 122 128 134 136 142 148 152 158 162 168 172 178 182 188
a 2 6 14 16 24 26 30 38 44 46 54 56 62 68 74 76 84 86 92 98 104 106 114 116 122 128 134 136 142 148 152 158 162 168 172 178 182 188
a 2 6 14 16 24 26 32 38 44 46 54 56 62 68 74 76 84 86 92 98 104 106 114 116 122 128 134 136 142 148 152 158 162 168 172 178 182 188
a 2 8 14 16 24 26 32 38 44 46 54 56 62 68 74 76 84 86 92 98 104 106 114 116 122 128 134 136 142 148 152 158 162 168 172 178 182 188
a 4 8 14 16 24 26 32 38 44 46 54 56 62 68 74 76 84 86 92 98 104 106 114 116 122 128 134 136 142 148 152 158 162 168 172 178 182 188
a 4 8 14 16 20 26 32 38 44 46 54 56 62 68 74 76 84 86 92 98 104 106 114 116 122 128 134 136 142 148 152 158 162 168 172 178 182 188
a 4 8 14 16 20 28 32 38 44 46 54 56 62 68 74 76 84 86 92 98 104 106 114 116 122 128 134 136 142 148 152 158 162 168 172 178 182 188
a 4 8 14 16 22 28 32 38 44 46 54 56 62 68 74 76 84 86 92 98 104 106 114 116 122 128 134 136 142 148 152 158 162 168 172 178 182 188
a 2 8 14 16 22 28 32 38 44 46 54 56 62 68 74 76 84 86 92 98 104 106 114 116 122 128 134 136 142 148 152 158 162 168 172 178 182 188
a 2 6 14 16 22 28 32 38 44 46 54 56 62 68 74 76 84 86 92 98 104 106 114 116 122 128 134 136 142 148 152 158 162 168 172 178 182 188
a 2 6 10 16 22 28 32 38 44 46 54 56 62 68 74 76 84 86 92 98 104 106 114 116 122 128 134 136 142 148 152 158 162 168 172 178 182 188
a 2 6 10 18 22 28 32 38 44 46 54 56 62 68 74 76 84 86 92 98 104 106 114 116 122 128 134 136 142 148 152 158 162 168 172 178 182 188
a 2 6 10 18 22 28 32 38 44 46 50 56 62 68 74 76 84 86 92 98 104 106 114 116 122 128 134 136 142 148 152 158 162 168 172 178 182 188
a 2 6 10 18 22 28 32 38 44 46 50 58 62 68 74 76 84 86 92 98 104 106 114 116 122 128 134 136 142 148 152 158 162 168 172 178 182 188
a 2 6 10 18 22 28 32 38 44 46 52 58 62 68 74 76 84 86 92 98 104 106 114 116 122 128 134 136 142 148 152 158 162 168 172 178 182 188
a 2 6 10 16 22 28 32 38 44 46 52 58 62 68 74 76 84 86 92 98 104 106 114 116 122 128 134 136 142 148 152 158 162 168 172 178 182 188
a 2 6 14 16 22 28 32 38 44 46 52 58 62 68 74 76 84 86 92 98 104 106 114 116 122 128 134 136 142 148 152 158 162 168 172 178 182 188
a 2 8 14 16 22 28 32 38 44 46 52 58 62 68 74 76 84 86 92 98 104 106 114 116 122 128 134 136 142 148 152 158 162 168 172 178 182 188
a 4 8 14 16 22 28 32 38 44 46 52 58 62 68 74 76 84 86 92 98 104 106 114 116 122 128 134 136 142 148 152 158 162 168 172 178 182 188
a 4 8 14 16 20 28 32 38 44 46 52 58 62 68 74 76 84 86 92 98 104 106 114 116 122 128 134 136 142 148 152 158 162 168 172 178 182 188
a 4 8 14 16 20 26 32 38 44 46 52 58 62 68 74 76 84 86 92 98 104 106 114 116 122 128 134 136 142 148 152 158 162 168 172 178 182 188
a 4 8 14 16 24 26 32 38 44 46 52 58 62 68 74 76 84 86 92 98 104 106 114 116 122 128 134 136 142 148 152 158 162 168 172 178 182 188
a 2 8 14 16 24 26 32 38 44 46 52 58 62 68 74 76 84 86 92 98 104 106 114 116 122 128 134 136 142 148 152 158 162 168 172 178 182 188
a 2 6 14 16 24 26 32 38 44 46 52 58 62 68 74 76 84 86 92 98 104 106 114 116 122 128 134 136 142 148 152 158 162 168 172 178 182 188
a 2 6 14 16 24 26 30 38 44 46 52 58 62 68 74 76 84 86 92 98 104 106 114 116 122 128 134 136 142 148 152 158 162 168 172 178 182 188
a 2 6 14 16 24 26 30 36 44 46 52 58 62 68 74 76 84 86 92 98 104 106 114 116 122 128 134 136 142 148 152 158 162 168 172 178 182 188
a 2 6 14 16 24 26 30 36 40 46 52 58 62 68 74 76 84 86 92 98 104 106 114 116 122 128 134 136 142 148 152 158 162 168 172 178 182 188
a 2 6 14 16 24 26 30 36 40 48 52 58 62 68 74 76 84 86 92 98 104 106 114 116 122 128 134 136 142 148 152 158 162 168 172 178 182 188
a 2 6 14 16 24 26 30 36 40 48 52 58 62 68 74 76 80 86 92 98 104 106 114 116 122 128 134 136 142 148 152 158 162 168 172 178 182 188
a 2 6 14 16 24 26 30 36 40 48 52 58 62 68 74 76 80 88 92 98 104 106 114 116 122 128 134 136 142 148 152 158 162 168 172 178 182 188
a 2 6 14 16 24 26 30 36 40 48 52 58 62 68 74 76 82 88 92 98 104 106 114 116 122 128 134 136 142 148 152 158 162 168 172 178 182 188
a 2 6 14 16 24 26 30 36 40 46 52 58 62 68 74 76 82 88 92 98 104 106 114 116 122 128 134 136 142 148 152 158 162 168 172 178 182 188
a 2 6 14 16 24 26 30 36 44 46 52 58 62 68 74 76 82 88 92 98 104 106 114 116 122 128 134 136 142 148 152 158 162 168 172 178 182 188
a 2 6 14 16 24 26 30 38 44 46 52 58 62 68 74 76 82 88 92 98 104 106 114 116 122 128 134 136 142 148 152 158 162 168 172 178 182 188
a 2 6 14 16 24 26 32 38 44 46 52 58 62 68 74 76 82 88 92 98 104 106 114 116 122 128 134 136 142 148 152 158 162 168 172 178 182 188
a 2 8 14 16 24 26 32 38 44 46 52 58 62 68 74 76 82 88 92 98 104 106 114 116 122 128 134 136 142 148 152 158 162 168 172 178 182 188
a 4 8 14 16 24 26 32 38 44 46 52 58 62 68 74 76 82 88 92 98 104 106 114 116 122 128 134 136 142 148 152 158 162 168 172 178 182 188
a 4 8 14 16 20 26 32 38 44 46 52 58 62 68 74 76 82 88 92 98 104 106 114 116 122 128 134 136 142 148 152 158 162 168 172 178 182 188
a 4 8 14 16 20 28 32 38 44 46 52 58 62 68 74 76 82 88 92 98 104 106 114 116 122 128 134 136 142 148 152 158 162 168 172 178 182 188
a 4 8 14 16 22 28 32 38 44 46 52 58 62 68 74 76 82 88 92 98 104 106 114 116 122 128 134 136 142 148 152 158 162 168 172 178 182 188
a 2 8 14 16 22 28 32 38 44 46 52 58 62 68 74 76 82 88 92 98 104 106 114 116 122 128 134 136 142 148 152 158 162 168 172 178 182 188
a 2 6 14 16 22 28 32 38 44 46 52 58 62 68 74 76 82 88 92 98 104 106 114 116 122 128 134 136 142 148 152 158 162 168 172 178 182 188
a 2 6 10 16 22 28 32 38 44 46 52 58 62 68 74 76 82 88 92 98 104 106 114 116 122 128 134 136 142 148 152 158 162 168 172 178 182 188
a 2 6 10 18 22 28 32 38 44 46 52 58 62 68 74 76 82 88 92 98 104 106 114 116 122 128 134 136 142 148 152 158 162 168 172 178 182 188
a 2 6 10 18 22 28 32 38 44 46 50 58 62 68 74 76 82 88 92 98 104 106 114 116 122 128 134 136 142 148 152 158 162 168 172 178 182 188
a 2 6 10 18 22 28 32 38 44 46 50 56 62 68 74 76 82 88 92 98 104 106 114 116 122 128 134 136 142 148 152 158 162 168 172 178 182 188
a 2 6 10 18 22 28 32 38 44 46 54 56 62 68 74 76 82 88 92 98 104 106 114 116 122 128 134 136 142 148 152 158 162 168 172 178 182 188
a 2 6 10 16 22 28 32 38 44 46 54 56 62 68 74 76 82 88 92 98 104 106 114 116 122 128 134 136 142 148 152 158 162 168 172 178 182 188
a 2 6 14 16 22 28 32 38 44 46 54 56 62 68 74 76 82 88 92 98 104 106 114 116 122 128 134 136 142 148 152 158 162 168 172 178 182 188
a 2 8 14 16 22 28 32 38 44 46 54 56 62 68 74 76 82 88 92 98 104 106 114 116 122 128 134 136 142 148 152 158 162 168 172 178 182 188
a 4 8 14 16 22 28 32 38 44 46 54 56 62 68 74 76 82 88 92 98 104 106 114 116 122 128 134 136 142 148 152 158 162 168 172 178 182 188
a 4 8 14 16 20 28 32 38 44 46 54 56 62 68 74 76 82 88 92 98 104 106 114 116 122 128 134 136 142 148 152 158 162 168 172 178 182 188
a 4 8 14 16 20 26 32 38 44 46 54 56 62 68 74 76 82 88 92 98 104 106 114 116 122 128 134 136 142 148 152 158 162 168 172 178 182 188
a 4 8 14 16 24 26 32 38 44 46 54 56 62 68 74 76 82 88 92 98 104 106 114 116 122 128 134 136 142 148 152 158 162 168 172 178 182 188
a 2 8 14 16 24 26 32 38 44 46 54 56 62 68 74 76 82 88 92 98 104 106 114 116 122 128 134 136 142 148 152 158 162 168 172 178 182 188
a 2 6 14 16 24 26 32 38 44 46 54 56 62 68 74 76 82 88 92 98 104 106 114 116 122 128 134 136 142 148 152 158 162 168 172 178 182 188
a 2 6 14 16 24 26 30 38 44 46 54 56 62 68 74 76 82 88 92 98 104 106 114 116 122 128 134 136 142 148 152 158 162 168 172 178 182 188
a 2 6 14 16 24 26 30 36 44 46 54 56 62 68 74 76 82 88 92 98 104 106 114 116 122 128 134 136 142 148 152 158 162 168 172 178 182 188
a 2 6 14 16 24 26 30 36 44 46 54 56 60 68 74 76 82 88 92 98 104 106 114 116 122 128 134 136 142 148 152 158 162 168 172 178 182 188
a 2 6 14 16 24 26 30 36 44 46 54 56 60 66 74 76 82 88 92 98 104 106 114 116 122 128 134 136 142 148 152 158 162 168 172 178 182 188
a 2 6 14 16 24 26 30 36 44 46 54 56 60 66 70 76 82 88 92 98 104 106 114 116 122 128 134 136 142 148 152 158 162 168 172 178 182 188
a 2 6 14 16 24 26 30 36 44 46 54 56 60 66 70 78 82 88 92 98 104 106 114 116 122 128 134 136 142 148 152 158 162 168 172 178 182 188
a 2 6 14 16 24 26 30 36 44 46 54 56 60 66 70 78 82 88 92 98 104 106 110 116 122 128 134 136 142 148 152 158 162 168 172 178 182 188
a 2 6 14 16 24 26 30 36 44 46 54 56 60 66 70 78 82 88 92 98 104 106 110 118 122 128 134 136 142 148 152 158 162 168 172 178 182 188
a 2 6 14 16 24 26 30 36 44 46 54 56 60 66 70 78 82 88 92 98 104 106 112 118 122 128 134 136 142 148 152 158 162 168 172 178 182 188
a 2 6 14 16 24 26 30 36 44 46 54 56 60 66 70 76 82 88 92 98 104 106 112 118 122 128 134 136 142 148 152 158 162 168 172 178 182 188
a 2 6 14 16 24 26 30 36 44 46 54 56 60 66 74 76 82 88 92 98 104 106 112 118 122 128 134 136 142 148 152 158 162 168 172 178 182 188
a 2 6 14 16 24 26 30 36 44 46 54 56 60 68 74 76 82 88 92 98 104 106 112 118 122 128 134 136 142 148 152 158 162 168 172 178 182 188
a 2 6 14 16 24 26 30 36 44 46 54 56 62 68 74 76 82 88 92 98 104 106 112 118 122 128 134 136 142 148 152 158 162 168 172 178 182 188
a 2 6 14 16 24 26 30 38 44 46 54 56 62 68 74 76 82 88 92 98 104 106 112 118 122 128 134 136 142 148 152 158 162 168 172 178 182 188
a 2 6 14 16 24 26 32 38 44 46 54 56 62 68 74 76 82 88 92 98 104 106 112 118 122 128 134 136 142 148 152 158 162 168 172 178 182 188
a 2 8 14 16 24 26 32 38 44 46 54 56 62 68 74 76 82 88 92 98 104 106 112 118 122 128 134 136 142 148 152 158 162 168 172 178 182 188
a 4 8 14 16 24 26 32 38 44 46 54 56 62 68 74 76 82 88 92 98 104 106 112 118 122 128 134 136 142 148 152 158 162 168 172 178 182 188
a 4 8 14 16 20 26 32 38 44 46 54 56 62 68 74 76 82 88 92 98 104 106 112 118 122 128 134 136 142 148 152 158 162 168 172 178 182 188
a 4 8 14 16 20 28 32 38 44 46 54 56 62 68 74 76 82 88 92 98 104 106 112 118 122 128 134 136 142 148 152 158 162 168 172 178 182 188
a 4 8 14 16 22 28 32 38 44 46 54 56 62 68 74 76 82 88 92 98 104 106 112 118 122 128 134 136 142 148 152 158 162 168 172 178 182 188
a 2 8 14 16 22 28 32 38 44 46 54 56 62 68 74 76 82 88 92 98 104 106 112 118 122 128 134 136 142 148 152 158 162 168 172 178 182 188
a 2 6 14 16 22 28 32 38 44 46 54 56 62 68 74 76 82 88 92 98 104 106 112 118 122 128 134 136 142 148 152 158 162 168 172 178 182 188
a 2 6 10 16 22 28 32 38 44 46 54 56 62 68 74 76 82 88 92 98 104 106 112 118 122 128 134 136 142 148 152 158 162 168 172 178 182 188
a 2 6 10 18 22 28 32 38 44 46 54 56 62 68 74 76 82 88 92 98 104 106 112 118 122 128 134 136 142 148 152 158 162 168 172 178 182 188
a 2 6 10 18 22 28 32 38 44 46 50 56 62 68 74 76 82 88 92 98 104 106 112 118 122 128 134 136 142 148 152 158 162 168 172 178 182 188
a 2 6 10 18 22 28 32 38 44 46 50 58 62 68 74 76 82 88 92 98 104 106 112 118 122 128 134 136 142 148 152 158 162 168 172 178 182 188
a 2 6 10 18 22 28 32 38 44 46 52 58 62 68 74 76 82 88 92 98 104 106 112 118 122 128 134 136 142 148 152 158 162 168 172 178 182 188
a 2 6 10 16 22 28 32 38 44 46 52 58 62 68 74 76 82 88 92 98 104 106 112 118 122 128 134 136 142 148 152 158 162 168 172 178 182 188
a 2 6 14 16 22 28 32 38 44 46 52 58 62 68 74 76 82 88 92 98 104 106 112 118 122 128 134 136 142 148 152 158 162 168 172 178 182 188
a 2 8 14 16 22 28 32 38 44 46 52 58 62 68 74 76 82 88 92 98 104 106 112 118 122 128 134 136 142 148 152 158 162 168 172 178 182 188
a 4 8 14 16 22 28 32 38 44 46 52 58 62 68 74 76 82 88 92 98 104 106 112 118 122 128 134 136 142 148 152 158 162 168 172 178 182 188
a 4 8 14 16 20 28 32 38 44 46 52 58 62 68 74 76 82 88 92 98 104 106 112 118 122 128 134 136 142 148 152 158 162 168 172 178 182 188
a 4 8 14 16 20 26 32 38 44 46 52 58 62 68 74 76 82 88 92 98 104 106 112 118 122 128 134 136 142 148 152 158 162 168 172 178 182 188
a 4 8 14 16 24 26 32 38 44 46 52 58 62 68 74 76 82 88 92 98 104 106 112 118 122 128 134 136 142 148 152 158 162 168 172 178 182 188
a 2 8 14 16 24 26 32 38 44 46 52 58 62 68 74 76 82 88 92 98 104 106 112 118 122 128 134 136 142 148 152 158 162 168 172 178 182 188
a 2 6 14 16 24 26 32 38 44 46 52 58 62 68 74 76 82 88 92 98 104 106 112 118 122 128 134 136 142 148 152 158 162 168 172 178 182 188
a 2 6 14 16 24 26 30 38 44 46 52 58 62 68 74 76 82 88 92 98 104 106 112 118 122 128 134 136 142 148 152 158 162 168 172 178 182 188
a 2 6 14 16 24 26 30 36 44 46 52 58 62 68 74 76 82 88 92 98 104 106 112 118 122 128 134 136 142 148 152 158 162 168 172 178 182 188
a 2 6 14 16 24 26 30 36 40 46 52 58 62 68 74 76 82 88 92 98 104 106 112 118 122 128 134 136 142 148 152 158 162 168 172 178 182 188
a 2 6 14 16 24 26 30 36 40 48 52 58 62 68 74 76 82 88 92 98 104 106 112 118 122 128 134 136 142 148 152 158 162 168 172 178 182 188
a 2 6 14 16 24 26 30 36 40 48 52 58 62 68 74 76 80 88 92 98 104 106 112 118 122 128 134 136 142 148 152 158 162 168 172 178 182 188
a 2 6 14 16 24 26 30 36 40 48 52 58 62 68 74 76 80 86 92 98 104 106 112 118 122 128 134 136 142 148 152 158 162 168 172 178 182 188
a 2 6 14 16 24 26 30 36 40 48 52 58 62 68 74 76 84 86 92 98 104 106 112 118 122 128 134 136 142 148 152 158 162 168 172 178 182 188
a 2 6 14 16 24 26 30 36 40 46 52 58 62 68 74 76 84 86 92 98 104 106 112 118 122 128 134 136 142 148 152 158 162 168 172 178 182 188
a 2 6 14 16 24 26 30 36 44 46 52 58 62 68 74 76 84 86 92 98 104 106 112 118 122 128 134 136 142 148 152 158 162 168 172 178 182 188
a 2 6 14 16 24 26 30 38 44 46 52 58 62 68 74 76 84 86 92 98 104 106 112 118 122 128 134 136 142 148 152 158 162 168 172 178 182 188
a 2 6 14 16 24 26 32 38 44 46 52 58 62 68 74 76 84 86 92 98 104 106 112 118 122 128 134 136 142 148 152 158 162 168 172 178 182 188
a 2 8 14 16 24 26 32 38 44 46 52 58 62 68 74 76 84 86 92 98 104 106 112 118 122 128 134 136 142 148 152 158 162 168 172 178 182 188
a 4 8 14 16 24 26 32 38 44 46 52 58 62 68 74 76 84 86 92 98 104 106 112 118 122 128 134 136 142 148 152 158 162 168 172 178 182 188
a 4 8 14 16 20 26 32 38 44 46 52 58 62 68 74 76 84 86 92 98 104 106 112 118 122 128 134 136 142 148 152 158 162 168 172 178 182 188
a 4 8 14 16 20 28 32 38 44 46 52 58 62 68 74 76 84 86 92 98 104 106 112 118 122 128 134 136 142 148 152 158 162 168 172 178 182 188
a 4 8 14 16 22 28 32 38 44 46 52 58 62 68 74 76 84 86 92 98 104 106 112 118 122 128 134 136 142 148 152 158 162 168 172 178 182 188
a 2 8 14 16 22 28 32 38 44 46 52 58 62 68 74 76 84 86 92 98 104 106 112 118 122 128 134 136 142 148 152 158 162 168 172 178 182 188
a 2 6 14 16 22 28 32 38 44 46 52 58 62 68 74 76 84 86 92 98 104 106 112 118 122 128 134 136 142 148 152 158 162 168 172 178 182 188
a 2 6 10 16 22 28 32 38 44 46 52 58 62 68 74 76 84 86 92 98 104 106 112 118 122 128 134 136 142 148 152 158 162 168 172 178 182 188
a 2 6 10 18 22 28 32 38 44 46 52 58 62 68 74 76 84 86 92 98 104 106 112 118 122 128 134 136 142 148 152 158 162 168 172 178 182 188
a 2 6 10 18 22 28 32 38 44 46 50 58 62 68 74 76 84 86 92 98 104 106 112 118 122 128 134 136 142 148 152 158 162 168 172 178 182 188
a 2 6 10 18 22 28 32 38 44 46 50 56 62 68 74 76 84 86 92 98 104 106 112 118 122 128 134 136 142 148 152 158 162 168 172 178 182 188
a 2 6 10 18 22 28 32 38 44 46 54 56 62 68 74 76 84 86 92 98 104 106 112 118 122 128 134 136 142 148 152 158 162 168 172 178 182 188
a 2 6 10 16 22 28 32 38 44 46 54 56 62 68 74 76 84 86 92 98 104 106 112 118 122 128 134 136 142 148 152 158 162 168 172 178 182 188
a 2 6 14 16 22 28 32 38 44 46 54 56 62 68 74 76 84 86 92 98 104 106 112 118 122 128 134 136 142 148 152 158 162 168 172 178 182 188
a 2 8 14 16 22 28 32 38 44 46 54 56 62 68 74 76 84 86 92 98 104 106 112 118 122 128 134 136 142 148 152 158 162 168 172 178 182 188
a 4 8 14 16 22 28 32 38 44 46 54 56 62 68 74 76 84 86 92 98 104 106 112 118 122 128 134 136 142 148 152 158 162 168 172 178 182 188
a 4 8 14 16 20 28 32 38 44 46 54 56 62 68 74 76 84 86 92 98 104 106 112 118 122 128 134 136 142 148 152 158 162 168 172 178 182 188
a 4 8 14 16 20 26 32 38 44 46 54 56 62 68 74 76 84 86 92 98 104 106 112 118 122 128 134 136 142 148 152 158 162 168 172 178 182 188
a 4 8 14 16 24 26 32 38 44 46 54 56 62 68 74 76 84 86 92 98 104 106 112 118 122 128 134 136 142 148 152 158 162 168 172 178 182 188
a 2 8 14 16 24 26 32 38 44 46 54 56 62 68 74 76 84 86 92 98 104 106 112 118 122 128 134 136 142 148 152 158 162 168 172 178 182 188
a 2 6 14 16 24 26 32 38 44 46 54 56 62 68 74 76 84 86 92 98 104 106 112 118 122 128 134 136 142 148 152 158 162 168 172 178 182 188
a 2 6 14 16 24 26 30 38 44 46 54 56 62 68 74 76 84 86 92 98 104 106 112 118 122 128 134 136 142 148 152 158 162 168 172 178 182 188
a 2 6 14 16 24 26 30 36 44 46 54 56 62 68 74 76 84 86 92 98 104 106 112 118 122 128 134 136 142 148 152 158 162 168 172 178 182 188
a 2 6 14 16 24 26 30 36 44 46 54 56 60 68 74 76 84 86 92 98 104 106 112 118 122 128 134 136 142 148 152 158 162 168 172 178 182 188
a 2 6 14 16 24 26 30 36 44 46 54 56 60 66 74 76 84 86 92 98 104 106 112 118 122 128 134 136 142 148 152 158 162 168 172 178 182 188
a 2 6 14 16 24 26 30 36 44 46 54 56 60 66 74 76 84 86 90 98 104 106 112 118 122 128 134 136 142 148 152 158 162 168 172 178 182 188
a 2 6 14 16 24 26 30 36 44 46 54 56 60 66 74 76 84 86 90 96 104 106 112 118 122 128 134 136 142 148 152 158 162 168 172 178 182 188
a 2 6 14 16 24 26 30 36 44 46 54 56 60 66 74 76 84 86 90 96 100 106 112 118 122 128 134 136 142 148 152 158 162 168 172 178 182 188
a 2 6 14 16 24 26 30 36 44 46 54 56 60 66 74 76 84 86 90 96 100 108 112 118 122 128 134 136 142 148 152 158 162 168 172 178 182 188
a 2 6 14 16 24 26 30 36 44 46 54 56 60 66 74 76 84 86 90 96 100 108 112 118 122 128 134 136 140 148 152 158 162 168 172 178 182 188
a 2 6 14 16 24 26 30 36 44 46 54 56 60 66 74 76 84 86 90 96 100 108 112 118 122 128 134 136 140 146 152 158 162 168 172 178 182 188
a 2 6 14 16 24 26 30 36 44 46 54 56 60 66 74 76 84 86 90 96 100 108 112 118 122 128 134 136 144 146 152 158 162 168 172 178 182 188
a 2 6 14 16 24 26 30 36 44 46 54 56 60 66 74 76 84 86 90 96 100 106 112 118 122 128 134 136 144 146 152 158 162 168 172 178 182 188
a 2 6 14 16 24 26 30 36 44 46 54 56 60 66 74 76 84 86 90 96 104 106 112 118 122 128 134 136 144 146 152 158 162 168 172 178 182 188
a 2 6 14 16 24 26 30 36 44 46 54 56 60 66 74 76 84 86 90 98 104 106 112 118 122 128 134 136 144 146 152 158 162 168 172 178 182 188
a 2 6 14 16 24 26 30 36 44 46 54 56 60 66 74 76 84 86 92 98 104 106 112 118 122 128 134 136 144 146 152 158 162 168 172 178 182 188
a 2 6 14 16 24 26 30 36 44 46 54 56 60 68 74 76 84 86 92 98 104 106 112 118 122 128 134 136 144 146 152 158 162 168 172 178 182 188
a 2 6 14 16 24 26 30 36 44 46 54 56 62 68 74 76 84 86 92 98 104 106 112 118 122 128 134 136 144 146 152 158 162 168 172 178 182 188
a 2 6 14 16 24 26 30 38 44 46 54 56 62 68 74 76 84 86 92 98 104 106 112 118 122 128 134 136 144 146 152 158 162 168 172 178 182 188
a 2 6 14 16 24 26 32 38 44 46 54 56 62 68 74 76 84 86 92 98 104 106 112 118 122 128 134 136 144 146 152 158 162 168 172 178 182 188
a 2 8 14 16 24 26 32 38 44 46 54 56 62 68 74 76 84 86 92 98 104 106 112 118 122 128 134 136 144 146 152 158 162 168 172 178 182 188
a 4 8 14 16 24 26 32 38 44 46 54 56 62 68 74 76 84 86 92 98 104 106 112 118 122 128 134 136 144 146 152 158 162 168 172 178 182 188
a 4 8 14 16 20 26 32 38 44 46 54 56 62 68 74 76 84 86 92 98 104 106 112 118 122 128 134 136 144 146 152 158 162 168 172 178 182 188
a 4 8 14 16 20 28 32 38 44 46 54 56 62 68 74 76 84 86 92 98 104 106 112 118 122 128 134 136 144 146 152 158 162 168 172 178 182 188
a 4 8 14 16 22 28 32 38 44 46 54 56 62 68 74 76 84 86 92 98 104 106 112 118 122 128 134 136 144 146 152 158 162 168 172 178 182 188
a 2 8 14 16 22 28 32 38 44 46 54 56 62 68 74 76 84 86 92 98 104 106 112 118 122 128 134 136 144 146 152 158 162 168 172 178 182 188
a 2 6 14 16 22 28 32 38 44 46 54 56 62 68 74 76 84 86 92 98 104 106 112 118 122 128 134 136 144 146 152 158 162 168 172 178 182 188
a 2 6 10 16 22 28 32 38 44 46 54 56 62 68 74 76 84 86 92 98 104 106 112 118 122 128 134 136 144 146 152 158 162 168 172 178 182 188
a 2 6 10 18 22 28 32 38 44 46 54 56 62 68 74 76 84 86 92 98 104 106 112 118 122 128 134 136 144 146 152 158 162 168 172 178 182 188
a 2 6 10 18 22 28 32 38 44 46 50 56 62 68 74 76 84 86 92 98 104 106 112 118 122 128 134 136 144 146 152 158 162 168 172 178 182 188
a 2 6 10 18 22 28 32 38 44 46 50 58 62 68 74 76 84 86 92 98 104 106 112 118 122 128 134 136 144 146 152 158 162 168 172 178 182 188
a 2 6 10 18 22 28 32 38 44 46 52 58 62 68 74 76 84 86 92 98 104 106 112 118 122 128 134 136 144 146 152 158 162 168 172 178 182 188
a 2 6 10 16 22 28 32 38 44 46 52 58 62 68 74 76 84 86 92 98 104 106 112 118 122 128 134 136 144 146 152 158 162 168 172 178 182 188
a 2 6 14 16 22 28 32 38 44 46 52 58 62 68 74 76 84 86 92 98 104 106 112 118 122 128 134 136 144 146 152 158 162 168 172 178 182 188
a 2 8 14 16 22 28 32 38 44 46 52 58 62 68 74 76 84 86 92 98 104 106 112 118 122 128 134 136 144 146 152 158 162 168 172 178 182 188
a 4 8 14 16 22 28 32 38 44 46 52 58 62 68 74 76 84 86 92 98 104 106 112 118 122 128 134 136 144 146 152 158 162 168 172 178 182 188
a 4 8 14 16 20 28 32 38 44 46 52 58 62 68 74 76 84 86 92 98 104 106 112 118 122 128 134 136 144 146 152 158 162 168 172 178 182 188
a 4 8 14 16 20 26 32 38 44 46 52 58 62 68 74 76 84 86 92 98 104 106 112 118 122 128 134 136 144 146 152 158 162 168 172 178 182 188
a 4 8 14 16 24 26 32 38 44 46 52 58 62 68 74 76 84 86 92 98 104 106 112 118 122 128 134 136 144 146 152 158 162 168 172 178 182 188
a 2 8 14 16 24 26 32 38 44 46 52 58 62 68 74 76 84 86 92 98 104 106 112 118 122 128 134 136 144 146 152 158 162 168 172 178 182 188
a 2 6 14 16 24 26 32 38 44 46 52 58 62 68 74 76 84 86 92 98 104 106 112 118 122 128 134 136 144 146 152 158 162 168 172 178 182 188
a 2 6 14 16 24 26 30 38 44 46 52 58 62 68 74 76 84 86 92 98 104 106 112 118 122 128 134 136 144 146 152 158 162 168 172 178 182 188
a 2 6 14 16 24 26 30 36 44 46 52 58 62 68 74 76 84 86 92 98 104 106 112 118 122 128 134 136 144 146 152 158 162 168 172 178 182 188
a 2 6 14 16 24 26 30 36 40 46 52 58 62 68 74 76 84 86 92 98 104 106 112 118 122 128 134 136 144 146 152 158 162 168 172 178 182 188
a 2 6 14 16 24 26 30 36 40 48 52 58 62 68 74 76 84 86 92 98 104 106 112 118 122 128 134 136 144 146 152 158 162 168 172 178 182 188
a 2 6 14 16 24 26 30 36 40 48 52 58 62 68 74 76 80 86 92 98 104 106 112 118 122 128 134 136 144 146 152 158 162 168 172 178 182 188
a 2 6 14 16 24 26 30 36 40 48 52 58 62 68 74 76 80 88 92 98 104 106 112 118 122 128 134 136 144 146 152 158 162 168 172 178 182 188
a 2 6 14 16 24 26 30 36 40 48 52 58 62 68 74 76 82 88 92 98 104 106 112 118 122 128 134 136 144 146 152 158 162 168 172 178 182 188
a 2 6 14 16 24 26 30 36 40 46 52 58 62 68 74 76 82 88 92 98 104 106 112 118 122 128 134 136 144 146 152 158 162 168 172 178 182 188
a 2 6 14 16 24 26 30 36 44 46 52 58 62 68 74 76 82 88 92 98 104 106 112 118 122 128 134 136 144 146 152 158 162 168 172 178 182 188
a 2 6 14 16 24 26 30 38 44 46 52 58 62 68 74 76 82 88 92 98 104 106 112 118 122 128 134 136 144 146 152 158 162 168 172 178 182 188
a 2 6 14 16 24 26 32 38 44 46 52 58 62 68 74 76 82 88 92 98 104 106 112 118 122 128 134 136 144 146 152 158 162 168 172 178 182 188
a 2 8 14 16 24 26 32 38 44 46 52 58 62 68 74 76 82 88 92 98 104 106 112 118 122 128 134 136 144 146 152 158 162 168 172 178 182 188
a 4 8 14 16 24 26 32 38 44 46 52 58 62 68 74 76 82 88 92 98 104 106 112 118 122 128 134 136 144 146 152 158 162 168 172 178 182 188
a 4 8 14 16 20 26 32 38 44 46 52 58 62 68 74 76 82 88 92 98 104 106 112 118 122 128 134 136 144 146 152 158 162 168 172 178 182 188
a 4 8 14 16 20 28 32 38 44 46 52 58 62 68 74 76 82 88 92 98 104 106 112 118 122 128 134 136 144 146 152 158 162 168 172 178 182 188
a 4 8 14 16 22 28 32 38 44 46 52 58 62 68 74 76 82 88 92 98 104 106 112 118 122 128 134 136 144 146 152 158 162 168 172 178 182 188
a 2 8 14 16 22 28 32 38 44 46 52 58 62 68 74 76 82 88 92 98 104 106 112 118 122 128 134 136 144 146 152 158 162 168 172 178 182 188
a 2 6 14 16 22 28 32 38 44 46 52 58 62 68 74 76 82 88 92 98 104 106 112 118 122 128 134 136 144 146 152 158 162 168 172 178 182 188
a 2 6 10 16 22 28 32 38 44 46 52 58 62 68 74 76 82 88 92 98 104 106 112 118 122 128 134 136 144 146 152 158 162 168 172 178 182 188
a 2 6 10 18 22 28 32 38 44 46 52 58 62 68 74 76 82 88 92 98 104 106 112 118 122 128 134 136 144 146 152 158 162 168 172 178 182 188
a 2 6 10 18 22 28 32 38 44 46 50 58 62 68 74 76 82 88 92 98 104 106 112 118 122 128 134 136 144 146 152 158 162 168 172 178 182 188
a 2 6 10 18 22 28 32 38 44 46 50 56 62 68 74 76 82 88 92 98 104 106 112 118 122 128 134 136 144 146 152 158 162 168 172 178 182 188
a 2 6 10 18 22 28 32 38 44 46 54 56 62 68 74 76 82 88 92 98 104 106 112 118 122 128 134 136 144 146 152 158 162 168 172 178 182 188
a 2 6 10 16 22 28 32 38 44 46 54 56 62 68 74 76 82 88 92 98 104 106 112 118 122 128 134 136 144 146 152 158 162 168 172 178 182 188
a 2 6 14 16 22 28 32 38 44 46 54 56 62 68 74 76 82 88 92 98 104 106 112 118 122 128 134 136 144 146 152 158 162 168 172 178 182 188
a 2 8 14 16 22 28 32 38 44 46 54 56 62 68 74 76 82 88 92 98 104 106 112 118 122 128 134 136 144 146 152 158 162 168 172 178 182 188
a 4 8 14 16 22 28 32 38 44 46 54 56 62 68 74 76 82 88 92 98 104 106 112 118 122 128 134 136 144 146 152 158 162 168 172 178 182 188
a 4 8 14 16 20 28 32 38 44 46 54 56 62 68 74 76 82 88 92 98 104 106 112 118 122 128 134 136 144 146 152 158 162 168 172 178 182 188
a 4 8 14 16 20 26 32 38 44 46 54 56 62 68 74 76 82 88 92 98 104 106 112 118 122 128 134 136 144 146 152 158 162 168 172 178 182 188
a 4 8 14 16 24 26 32 38 44 46 54 56 62 68 74 76 82 88 92 98 104 106 112 118 122 128 134 136 144 146 152 158 162 168 172 178 182 188
a 2 8 14 16 24 26 32 38 44 46 54 56 62 68 74 76 82 88 92 98 104 106 112 118 122 128 134 136 144 146 152 158 162 168 172 178 182 188
a 2 6 14 16 24 26 32 38 44 46 54 56 62 68 74 76 82 88 92 98 104 106 112 118 122 128 134 136 144 146 152 158 162 168 172 178 182 188
a 2 6 14 16 24 26 30 38 44 46 54 56 62 68 74 76 82 88 92 98 104 106 112 118 122 128 134 136 144 146 152 158 162 168 172 178 182 188
a 2 6 14 16 24 26 30 36 44 46 54 56 62 68 74 76 82 88 92 98 104 106 112 118 122 128 134 136 144 146 152 158 162 168 172 178 182 188
a 2 6 14 16 24 26 30 36 44 46 54 56 60 68 74 76 82 88 92 98 104 106 112 118 122 128 134 136 144 146 152 158 162 168 172 178 182 188
a 2 6 14 16 24 26 30 36 44 46 54 56 60 66 74 76 82 88 92 98 104 106 112 118 122 128 134 136 144 146 152 158 162 168 172 178 182 188
a 2 6 14 16 24 26 30 36 44 46 54 56 60 66 70 76 82 88 92 98 104 106 112 118 122 128 134 136 144 146 152 158 162 168 172 178 182 188
a 2 6 14 16 24 26 30 36 44 46 54 56 60 66 70 78 82 88 92 98 104 106 112 118 122 128 134 136 144 146 152 158 162 168 172 178 182 188
a 2 6 14 16 24 26 30 36 44 46 54 56 60 66 70 78 82 88 92 98 104 106 110 118 122 128 134 136 144 146 152 158 162 168 172 178 182 188
a 2 6 14 16 24 26 30 36 44 46 54 56 60 66 70 78 82 88 92 98 104 106 110 116 122 128 134 136 144 146 152 158 162 168 172 178 182 188
a 2 6 14 16 24 26 30 36 44 46 54 56 60 66 70 78 82 88 92 98 104 106 114 116 122 128 134 136 144 146 152 158 162 168 172 178 182 188
a 2 6 14 16 24 26 30 36 44 46 54 56 60 66 70 76 82 88 92 98 104 106 114 116 122 128 134 136 144 146 152 158 162 168 172 178 182 188
a 2 6 14 16 24 26 30 36 44 46 54 56 60 66 74 76 82 88 92 98 104 106 114 116 122 128 134 136 144 146 152 158 162 168 172 178 182 188
a 2 6 14 16 24 26 30 36 44 46 54 56 60 68 74 76 82 88 92 98 104 106 114 116 122 128 134 136 144 146 152 158 162 168 172 178 182 188
a 2 6 14 16 24 26 30 36 44 46 54 56 62 68 74 76 82 88 92 98 104 106 114 116 122 128 134 136 144 146 152 158 162 168 172 178 182 188
a 2 6 14 16 24 26 30 38 44 46 54 56 62 68 74 76 82 88 92 98 104 106 114 116 122 128 134 136 144 146 152 158 162 168 172 178 182 188
a 2 6 14 16 24 26 32 38 44 46 54 56 62 68 74 76 82 88 92 98 104 106 114 116 122 128 134 136 144 146 152 158 162 168 172 178 182 188
a 2 8 14 16 24 26 32 38 44 46 54 56 62 68 74 76 82 88 92 98 104 106 114 116 122 128 134 136 144 146 152 158 162 168 172 178 182 188
a 4 8 14 16 24 26 32 38 44 46 54 56 62 68 74 76 82 88 92 98 104 106 114 116 122 128 134 136 144 146 152 158 162 168 172 178 182 188
a 4 8 14 16 20 26 32 38 44 46 54 56 62 68 74 76 82 88 92 98 104 106 114 116 122 128 134 136 144 146 152 158 162 168 172 178 182 188
a 4 8 14 16 20 28 32 38 44 46 54 56 62 68 74 76 82 88 92 98 104 106 114 116 122 128 134 136 144 146 152 158 162 168 172 178 182 188
a 4 8 14 16 22 28 32 38 44 46 54 56 62 68 74 76 82 88 92 98 104 106 114 116 122 128 134 136 144 146 152 158 162 168 172 178 182 188
a 2 8 14 16 22 28 32 38 44 46 54 56 62 68 74 76 82 88 92 98 104 106 114 116 122 128 134 136 144 146 152 158 162 168 172 178 182 188
a 2 6 14 16 22 28 32 38 44 46 54 56 62 68 74 76 82 88 92 98 104 106 114 116 122 128 134 136 144 146 152 158 162 168 172 178 182 188
a 2 6 10 16 22 28 32 38 44 46 54 56 62 68 74 76 82 88 92 98 104 106 114 116 122 128 134 136 144 146 152 158 162 168 172 178 182 188
a 2 6 10 18 22 28 32 38 44 46 54 56 62 68 74 76 82 88 92 98 104 106 114 116 122 128 134 136 144 146 152 158 162 168 172 178 182 188
a 2 6 10 18 22 28 32 38 44 46 50 56 62 68 74 76 82 88 92 98 104 106 114 116 122 128 134 136 144 146 152 158 162 168 172 178 182 188
a 2 6 10 18 22 28 32 38 44 46 50 58 62 68 74 76 82 88 92 98 104 106 114 116 122 128 134 136 144 146 152 158 162 168 172 178 182 188
a 2 6 10 18 22 28 32 38 44 46 52 58 62 68 74 76 82 88 92 98 104 106 114 116 122 128 134 136 144 146 152 158 162 168 172 178 182 188
a 2 6 10 16 22 28 32 38 44 46 52 58 62 68 74 76 82 88 92 98 104 106 114 116 122 128 134 136 144 146 152 158 162 168 172 178 182 188
a 2 6 14 16 22 28 32 38 44 46 52 58 62 68 74 76 82 88 92 98 104 106 114 116 122 128 134 136 144 146 152 158 162 168 172 178 182 188
a 2 8 14 16 22 28 32 38 44 46 52 58 62 68 74 76 82 88 92 98 104 106 114 116 122 128 134 136 144 146 152 158 162 168 172 178 182 188
a 4 8 14 16 22 28 32 38 44 46 52 58 62 68 74 76 82 88 92 98 104 106 114 116 122 128 134 136 144 146 152 158 162 168 172 178 182 188
a 4 8 14 16 20 28 32 38 44 46 52 58 62 68 74 76 82 88 92 98 104 106 114 116 122 128 134 136 144 146 152 158 162 168 172 178 182 188
a 4 8 14 16 20 26 32 38 44 46 52 58 62 68 74 76 82 88 92 98 104 106 114 116 122 128 134 136 144 146 152 158 162 168 172 178 182 188
a 4 8 14 16 24 26 32 38 44 46 52 58 62 68 74 76 82 88 92 98 104 106 114 116 122 128 134 136 144 146 152 158 162 168 172 178 182 188
a 2 8 14 16 24 26 32 38 44 46 52 58 62 68 74 76 82 88 92 98 104 106 114 116 122 128 134 136 144 146 152 158 162 168 172 178 182 188
a 2 6 14 16 24 26 32 38 44 46 52 58 62 68 74 76 82 88 92 98 104 106 114 116 122 128 134 136 144 146 152 158 162 168 172 178 182 188
a 2 6 14 16 24 26 30 38 44 46 52 58 62 68 74 76 82 88 92 98 104 106 114 116 122 128 134 136 144 146 152 158 162 168 172 178 182 188
a 2 6 14 16 24 26 30 36 44 46 52 58 62 68 74 76 82 88 92 98 104 106 114 116 122 128 134 136 144 146 152 158 162 168 172 178 182 188
a 2 6 14 16 24 26 30 36 40 46 52 58 62 68 74 76 82 88 92 98 104 106 114 116 122 128 134 136 144 146 152 158 162 168 172 178 182 188
a 2 6 14 16 24 26 30 36 40 48 52 58 62 68 74 76 82 88 92 98 104 106 114 116 122 128 134 136 144 146 152 158 162 168 172 178 182 188
a 2 6 14 16 24 26 30 36 40 48 52 58 62 68 74 76 80 88 92 98 104 106 114 116 122 128 134 136 144 146 152 158 162 168 172 178 182 188
a 2 6 14 16 24 26 30 36 40 48 52 58 62 68 74 76 80 86 92 98 104 106 114 116 122 128 134 136 144 146 152 158 162 168 172 178 182 188
a 2 6 14 16 24 26 30 36 40 48 52 58 62 68 74 76 84 86 92 98 104 106 114 116 122 128 134 136 144 146 152 158 162 168 172 178 182 188
a 2 6 14 16 24 26 30 36 40 46 52 58 62 68 74 76 84 86 92 98 104 106 114 116 122 128 134 136 144 146 152 158 162 168 172 178 182 188
a 2 6 14 16 24 26 30 36 44 46 52 58 62 68 74 76 84 86 92 98 104 106 114 116 122 128 134 136 144 146 152 158 162 168 172 178 182 188
a 2 6 14 16 24 26 30 38 44 46 52 58 62 68 74 76 84 86 92 98 104 106 114 116 122 128 134 136 144 146 152 158 162 168 172 178 182 188
a 2 6 14 16 24 26 32 38 44 46 52 58 62 68 74 76 84 86 92 98 104 106 114 116 122 128 134 136 144 146 152 158 162 168 172 178 182 188
a 2 8 14 16 24 26 32 38 44 46 52 58 62 68 74 76 84 86 92 98 104 106 114 116 122 128 134 136 144 146 152 158 162 168 172 178 182 188
a 4 8 14 16 24 26 32 38 44 46 52 58 62 68 74 76 84 86 92 98 104 106 114 116 122 128 134 136 144 146 152 158 162 168 172 178 182 188
a 4 8 14 16 20 26 32 38 44 46 52 58 62 68 74 76 84 86 92 98 104 106 114 116 122 128 134 136 144 146 152 158 162 168 172 178 182 188
a 4 8 14 16 20 28 32 38 44 46 52 58 62 68 74 76 84 86 92 98 104 106 114 116 122 128 134 136 144 146 152 158 162 168 172 178 182 188
a 4 8 14 16 22 28 32 38 44 46 52 58 62 68 74 76 84 86 92 98 104 106 114 116 122 128 134 136 144 146 152 158 162 168 172 178 182 188
a 2 8 14 16 22 28 32 38 44 46 52 58 62 68 74 76 84 86 92 98 104 106 114 116 122 128 134 136 144 146 152 158 162 168 172 178 182 188
a 2 6 14 16 22 28 32 38 44 46 52 58 62 68 74 76 84 86 92 98 104 106 114 116 122 128 134 136 144 146 152 158 162 168 172 178 182 188
a 2 6 10 16 22 28 32 38 44 46 52 58 62 68 74 76 84 86 92 98 104 106 114 116 122 128 134 136 144 146 152 158 162 168 172 178 182 188
a 2 6 10 18 22 28 32 38 44 46 52 58 62 68 74 76 84 86 92 98 104 106 114 116 122 128 134 136 144 146 152 158 162 168 172 178 182 188
a 2 6 10 18 22 28 32 38 44 46 50 58 62 68 74 76 84 86 92 98 104 106 114 116 122 128 134 136 144 146 152 158 162 168 172 178 182 188
a 2 6 10 18 22 28 32 38 44 46 50 56 62 68 74 76 84 86 92 98 104 106 114 116 122 128 134 136 144 146 152 158 162 168 172 178 182 188
a 2 6 10 18 22 28 32 38 44 46 54 56 62 68 74 76 84 86 92 98 104 106 114 116 122 128 134 136 144 146 152 158 162 168 172 178 182 188
a 2 6 10 16 22 28 32 38 44 46 54 56 62 68 74 76 84 86 92 98 104 106 114 116 122 128 134 136 144 146 152 158 162 168 172 178 182 188
a 2 6 14 16 22 28 32 38 44 46 54 56 62 68 74 76 84 86 92 98 104 106 114 116 122 128 134 136 144 146 152 158 162 168 172 178 182 188
a 2 8 14 16 22 28 32 38 44 46 54 56 62 68 74 76 84 86 92 98 104 106 114 116 122 128 134 136 144 146 152 158 162 168 172 178 182 188
a 4 8 14 16 22 28 32 38 44 46 54 56 62 68 74 76 84 86 92 98 104 106 114 116 122 128 134 136 144 146 152 158 162 168 172 178 182 188
a 4 8 14 16 20 28 32 38 44 46 54 56 62 68 74 76 84 86 92 98 104 106 114 116 122 128 134 136 144 146 152 158 162 168 172 178 182 188
a 4 8 14 16 20 26 32 38 44 46 54 56 62 68 74 76 84 86 92 98 104 106 114 116 122 128 134 136 144 146 152 158 162 168 172 178 182 188
a 4 8 14 16 24 26 32 38 44 46 54 56 62 68 74 76 84 86 92 98 104 106 114 116 122 128 134 136 144 146 152 158 162 168 172 178 182 188
a 2 8 14 16 24 26 32 38 44 46 54 56 62 68 74 76 84 86 92 98 104 106 114 116 122 128 134 136 144 146 152 158 162 168 172 178 182 188
a 2 6 14 16 24 26 32 38 44 46 54 56 62 68 74 76 84 86 92 98 104 106 114 116 122 128 134 136 144 146 152 158 162 168 172 178 182 188
a 2 6 14 16 24 26 30 38 44 46 54 56 62 68 74 76 84 86 92 98 104 106 114 116 122 128 134 136 144 146 152 158 162 168 172 178 182 188
a 2 6 14 16 24 26 30 36 44 46 54 56 62 68 74 76 84 86 92 98 104 106 114 116 122 128 134 136 144 146 152 158 162 168 172 178 182 188
a 2 6 14 16 24 26 30 36 44 46 54 56 60 68 74 76 84 86 92 98 104 106 114 116 122 128 134 136 144 146 152 158 162 168 172 178 182 188
a 2 6 14 16 24 26 30 36 44 46 54 56 60 66 74 76 84 86 92 98 104 106 114 116 122 128 134 136 144 146 152 158 162 168 172 178 182 188
a 2 6 14 16 24 26 30 36 44 46 54 56 60 66 74 76 84 86 90 98 104 106 114 116 122 128 134 136 144 146 152 158 162 168 172 178 182 188
a 2 6 14 16 24 26 30 36 44 46 54 56 60 66 74 76 84 86 90 96 104 106 114 116 122 128 134 136 144 146 152 158 162 168 172 178 182 188
a 2 6 14 16 24 26 30 36 44 46 54 56 60 66 74 76 84 86 90 96 104 106 114 116 120 128 134 136 144 146 152 158 162 168 172 178 182 188
a 2 6 14 16 24 26 30 36 44 46 54 56 60 66 74 76 84 86 90 96 104 106 114 116 120 126 134 136 144 146 152 158 162 168 172 178 182 188
a 2 6 14 16 24 26 30 36 44 46 54 56 60 66 74 76 84 86 90 96 104 106 114 116 120 126 134 136 144 146 150 158 162 168 172 178 182 188
a 2 6 14 16 24 26 30 36 44 46 54 56 60 66 74 76 84 86 90 96 104 106 114 116 120 126 134 136 144 146 150 156 162 168 172 178 182 188
a 2 6 14 16 24 26 30 36 44 46 54 56 60 66 74 76 84 86 90 96 104 106 114 116 120 126 134 136 144 146 150 156 160 168 172 178 182 188
a 2 6 14 16 24 26 30 36 44 46 54 56 60 66 74 76 84 86 90 96 104 106 114 116 120 126 134 136 144 146 150 156 160 166 172 178 182 188
a 2 6 14 16 24 26 30 36 44 46 54 56 60 66 74 76 84 86 90 96 104 106 114 116 120 126 134 136 144 146 150 156 163 166 172 178 182 188
a 2 6 14 16 24 26 30 36 44 46 54 56 60 66 74 76 84 86 90 96 104 106 114 116 120 126 134 136 144 146 150 158 163 166 172 178 182 188
a 2 6 14 16 24 26 30 36 44 46 54 56 60 66 74 76 84 86 90 96 104 106 114 116 120 126 134 136 144 146 152 158 163 166 172 178 182 188
a 2 6 14 16 24 26 30 36 44 46 54 56 60 66 74 76 84 86 90 96 104 106 114 116 120 128 134 136 144 146 152 158 163 166 172 178 182 188
a 2 6 14 16 24 26 30 36 44 46 54 56 60 66 74 76 84 86 90 96 104 106 114 116 122 128 134 136 144 146 152 158 163 166 172 178 182 188
a 2 6 14 16 24 26 30 36 44 46 54 56 60 66 74 76 84 86 90 98 104 106 114 116 122 128 134 136 144 146 152 158 163 166 172 178 182 188
a 2 6 14 16 24 26 30 36 44 46 54 56 60 66 74 76 84 86 92 98 104 106 114 116 122 128 134 136 144 146 152 158 163 166 172 178 182 188
a 2 6 14 16 24 26 30 36 44 46 54 56 60 68 74 76 84 86 92 98 104 106 114 116 122 128 134 136 144 146 152 158 163 166 172 178 182 188
a 2 6 14 16 24 26 30 36 44 46 54 56 62 68 74 76 84 86 92 98 104 106 114 116 122 128 134 136 144 146 152 158 163 166 172 178 182 188
a 2 6 14 16 24 26 30 38 44 46 54 56 62 68 74 76 84 86 92 98 104 106 114 116 122 128 134 136 144 146 152 158 163 166 172 178 182 188
a 2 6 14 16 24 26 32 38 44 46 54 56 62 68 74 76 84 86 92 98 104 106 114 116 122 128 134 136 144 146 152 158 163 166 172 178 182 188
a 2 8 14 16 24 26 32 38 44 46 54 56 62 68 74 76 84 86 92 98 104 106 114 116 122 128 134 136 144 146 152 158 163 166 172 178 182 188
a 4 8 14 16 24 26 32 38 44 46 54 56 62 68 74 76 84 86 92 98 104 106 114 116 122 128 134 136 144 146 152 158 163 166 172 178 182 188
a 4 8 14 16 20 26 32 38 44 46 54 56 62 68 74 76 84 86 92 98 104 106 114 116 122 128 134 136 144 146 152 158 163 166 172 178 182 188
a 4 8 14 16 20 28 32 38 44 46 54 56 62 68 74 76 84 86 92 98 104 106 114 116 122 128 134 136 144 146 152 158 163 166 172 178 182 188
a 4 8 14 16 22 28 32 38 44 46 54 56 62 68 74 76 84 86 92 98 104 106 114 116 122 128 134 136 144 146 152 158 163 166 172 178 182 188
a 2 8 14 16 22 28 32 38 44 46 54 56 62 68 74 76 84 86 92 98 104 106 114 116 122 128 134 136 144 146 152 158 163 166 172 178 182 188
a 2 6 14 16 22 28 32 38 44 46 54 56 62 68 74 76 84 86 92 98 104 106 114 116 122 128 134 136 144 146 152 158 163 166 172 178 182 188
a 2 6 10 16 22 28 32 38 44 46 54 56 62 68 74 76 84 86 92 98 104 106 114 116 122 128 134 136 144 146 152 158 163 166 172 178 182 188
a 2 6 10 18 22 28 32 38 44 46 54 56 62 68 74 76 84 86 92 98 104 106 114 116 122 128 134 136 144 146 152 158 163 166 172 178 182 188
a 2 6 10 18 22 28 32 38 44 46 50 56 62 68 74 76 84 86 92 98 104 106 114 116 122 128 134 136 144 146 152 158 163 166 172 178 182 188
a 2 6 10 18 22 28 32 38 44 46 50 58 62 68 74 76 84 86 92 98 104 106 114 116 122 128 134 136 144 146 152 158 163 166 172 178 182 188
a 2 6 10 18 22 28 32 38 44 46 52 58 62 68 74 76 84 86 92 98 104 106 114 116 122 128 134 136 144 146 152 158 163 166 172 178 182 188
a 2 6 10 16 22 28 32 38 44 46 52 58 62 68 74 76 84 86 92 98 104 106 114 116 122 128 134 136 144 146 152 158 163 166 172 178 182 188
a 2 6 14 16 22 28 32 38 44 46 52 58 62 68 74 76 84 86 92 98 104 106 114 116 122 128 134 136 144 146 152 158 163 166 172 178 182 188
a 2 8 14 16 22 28 32 38 44 46 52 58 62 68 74 76 84 86 92 98 104 106 114 116 122 128 134 136 144 146 152 158 163 166 172 178 182 188
a 4 8 14 16 22 28 32 38 44 46 52 58 62 68 74 76 84 86 92 98 104 106 114 116 122 128 134 136 144 146 152 158 163 166 172 178 182 188
a 4 8 14 16 20 28 32 38 44 46 52 58 62 68 74 76 84 86 92 98 104 106 114 116 122 128 134 136 144 146 152 158 163 166 172 178 182 188
a 4 8 14 16 20 26 32 38 44 46 52 58 62 68 74 76 84 86 92 98 104 106 114 116 122 128 134 136 144 146 152 158 163 166 172 178 182 188
a 4 8 14 16 24 26 32 38 44 46 52 58 62 68 74 76 84 86 92 98 104 106 114 116 122 128 134 136 144 146 152 158 163 166 172 178 182 188
a 2 8 14 16 24 26 32 38 44 46 52 58 62 68 74 76 84 86 92 98 104 106 114 116 122 128 134 136 144 146 152 158 163 166 172 178 182 188
a 2 6 14 16 24 26 32 38 44 46 52 58 62 68 74 76 84 86 92 98 104 106 114 116 122 128 134 136 144 146 152 158 163 166 172 178 182 188
a 2 6 14 16 24 26 30 38 44 46 52 58 62 68 74 76 84 86 92 98 104 106 114 116 122 128 134 136 144 146 152 158 163 166 172 178 182 188
a 2 6 14 16 24 26 30 36 44 46 52 58 62 68 74 76 84 86 92 98 104 106 114 116 122 128 134 136 144 146 152 158 163 166 172 178 182 188
a 2 6 14 16 24 26 30 36 40 46 52 58 62 68 74 76 84 86 92 98 104 106 114 116 122 128 134 136 144 146 152 158 163 166 172 178 182 188
a 2 6 14 16 24 26 30 36 40 48 52 58 62 68 74 76 84 86 92 98 104 106 114 116 122 128 134 136 144 146 152 158 163 166 172 178 182 188
a 2 6 14 16 24 26 30 36 40 48 52 58 62 68 74 76 80 86 92 98 104 106 114 116 122 128 134 136 144 146 152 158 163 166 172 178 182 188
a 2 6 14 16 24 26 30 36 40 48 52 58 62 68 74 76 80 88 92 98 104 106 114 116 122 128 134 136 144 146 152 158 163 166 172 178 182 188
a 2 6 14 16 24 26 30 36 40 48 52 58 62 68 74 76 82 88 92 98 104 106 114 116 122 128 134 136 144 146 152 158 163 166 172 178 182 188
a 2 6 14 16 24 26 30 36 40 46 52 58 62 68 74 76 82 88 92 98 104 106 114 116 122 128 134 136 144 146 152 158 163 166 172 178 182 188
a 2 6 14 16 24 26 30 36 44 46 52 58 62 68 74 76 82 88 92 98 104 106 114 116 122 128 134 136 144 146 152 158 163 166 172 178 182 188
a 2 6 14 16 24 26 30 38 44 46 52 58 62 68 74 76 82 88 92 98 104 106 114 116 122 128 134 136 144 146 152 158 163 166 172 178 182 188
a 2 6 14 16 24 26 32 38 44 46 52 58 62 68 74 76 82 88 92 98 104 106 114 116 122 128 134 136 144 146 152 158 163 166 172 178 182 188
a 2 8 14 16 24 26 32 38 44 46 52 58 62 68 74 76 82 88 92 98 104 106 114 116 122 128 134 136 144 146 152 158 163 166 172 178 182 188
a 4 8 14 16 24 26 32 38 44 46 52 58 62 68 74 76 82 88 92 98 104 106 114 116 122 128 134 136 144 146 152 158 163 166 172 178 182 188
a 4 8 14 16 20 26 32 38 44 46 52 58 62 68 74 76 82 88 92 98 104 106 114 116 122 128 134 136 144 146 152 158 163 166 172 178 182 188
a 4 8 14 16 20 28 32 38 44 46 52 58 62 68 74 76 82 88 92 98 104 106 114 116 122 128 134 136 144 146 152 158 163 166 172 178 182 188
a 4 8 14 16 22 28 32 38 44 46 52 58 62 68 74 76 82 88 92 98 104 106 114 116 122 128 134 136 144 146 152 158 163 166 172 178 182 188
a 2 8 14 16 22 28 32 38 44 46 52 58 62 68 74 76 82 88 92 98 104 106 114 116 122 128 134 136 144 146 152 158 163 166 172 178 182 188
a 2 6 14 16 22 28 32 38 44 46 52 58 62 68 74 76 82 88 92 98 104 106 114 116 122 128 134 136 144 146 152 158 163 166 172 178 182 188
a 2 6 10 16 22 28 32 38 44 46 52 58 62 68 74 76 82 88 92 98 104 106 114 116 122 128 134 136 144 146 152 158 163 166 172 178 182 188
a 2 6 10 18 22 28 32 38 44 46 52 58 62 68 74 76 82 88 92 98 104 106 114 116 122 128 134 136 144 146 152 158 163 166 172 178 182 188
a 2 6 10 18 22 28 32 38 44 46 50 58 62 68 74 76 82 88 92 98 104 106 114 116 122 128 134 136 144 146 152 158 163 166 172 178 182 188
a 2 6 10 18 22 28 32 38 44 46 50 56 62 68 74 76 82 88 92 98 104 106 114 116 122 128 134 136 144 146 152 158 163 166 172 178 182 188
a 2 6 10 18 22 28 32 38 44 46 54 56 62 68 74 76 82 88 92 98 104 106 114 116 122 128 134 136 144 146 152 158 163 166 172 178 182 188
a 2 6 10 16 22 28 32 38 44 46 54 56 62 68 74 76 82 88 92 98 104 106 114 116 122 128 134 136 144 146 152 158 163 166 172 178 182 188
a 2 6 14 16 22 28 32 38 44 46 54 56 62 68 74 76 82 88 92 98 104 106 114 116 122 128 134 136 144 146 152 158 163 166 172 178 182 188
a 2 8 14 16 22 28 32 38 44 46 54 56 62 68 74 76 82 88 92 98 104 106 114 116 122 128 134 136 144 146 152 158 163 166 172 178 182 188
a 4 8 14 16 22 28 32 38 44 46 54 56 62 68 74 76 82 88 92 98 104 106 114 116 122 128 134 136 144 146 152 158 163 166 172 178 182 188
a 4 8 14 16 20 28 32 38 44 46 54 56 62 68 74 76 82 88 92 98 104 106 114 116 122 128 134 136 144 146 152 158 163 166 172 178 182 188
a 4 8 14 16 20 26 32 38 44 46 54 56 62 68 74 76 82 88 92 98 104 106 114 116 122 128 134 136 144 146 152 158 163 166 172 178 182 188
a 4 8 14 16 24 26 32 38 44 46 54 56 62 68 74 76 82 88 92 98 104 106 114 116 122 128 134 136 144 146 152 158 163 166 172 178 182 188
a 2 8 14 16 24 26 32 38 44 46 54 56 62 68 74 76 82 88 92 98 104 106 114 116 122 128 134 136 144 146 152 158 163 166 172 178 182 188
a 2 6 14 16 24 26 32 38 44 46 54 56 62 68 74 76 82 88 92 98 104 106 114 116 122 128 134 136 144 146 152 158 163 166 172 178 182 188
a 2 6 14 16 24 26 30 38 44 46 54 56 62 68 74 76 82 88 92 98 104 106 114 116 122 128 134 136 144 146 152 158 163 166 172 178 182 188
a 2 6 14 16 24 26 30 36 44 46 54 56 62 68 74 76 82 88 92 98 104 106 114 116 122 128 134 136 144 146 152 158 163 166 172 178 182 188
a 2 6 14 16 24 26 30 36 44 46 54 56 60 68 74 76 82 88 92 98 104 106 114 116 122 128 134 136 144 146 152 158 163 166 172 178 182 188
a 2 6 14 16 24 26 30 36 44 46 54 56 60 66 74 76 82 88 92 98 104 106 114 116 122 128 134 136 144 146 152 158 163 166 172 178 182 188
a 2 6 14 16 24 26 30 36 44 46 54 56 60 66 70 76 82 88 92 98 104 106 114 116 122 128 134 136 144 146 152 158 163 166 172 178 182 188
a 2 6 14 16 24 26 30 36 44 46 54 56 60 66 70 78 82 88 92 98 104 106 114 116 122 128 134 136 144 146 152 158 163 166 172 178 182 188
a 2 6 14 16 24 26 30 36 44 46 54 56 60 66 70 78 82 88 92 98 104 106 110 116 122 128 134 136 144 146 152 158 163 166 172 178 182 188
a 2 6 14 16 24 26 30 36 44 46 54 56 60 66 70 78 82 88 92 98 104 106 110 118 122 128 134 136 144 146 152 158 163 166 172 178 182 188
a 2 6 14 16 24 26 30 36 44 46 54 56 60 66 70 78 82 88 92 98 104 106 112 118 122 128 134 136 144 146 152 158 163 166 172 178 182 188
a 2 6 14 16 24 26 30 36 44 46 54 56 60 66 70 76 82 88 92 98 104 106 112 118 122 128 134 136 144 146 152 158 163 166 172 178 182 188
a 2 6 14 16 24 26 30 36 44 46 54 56 60 66 74 76 82 88 92 98 104 106 112 118 122 128 134 136 144 146 152 158 163 166 172 178 182 188
a 2 6 14 16 24 26 30 36 44 46 54 56 60 68 74 76 82 88 92 98 104 106 112 118 122 128 134 136 144 146 152 158 163 166 172 178 182 188
a 2 6 14 16 24 26 30 36 44 46 54 56 62 68 74 76 82 88 92 98 104 106 112 118 122 128 134 136 144 146 152 158 163 166 172 178 182 188
a 2 6 14 16 24 26 30 38 44 46 54 56 62 68 74 76 82 88 92 98 104 106 112 118 122 128 134 136 144 146 152 158 163 166 172 178 182 188
a 2 6 14 16 24 26 32 38 44 46 54 56 62 68 74 76 82 88 92 98 104 106 112 118 122 128 134 136 144 146 152 158 163 166 172 178 182 188
a 2 8 14 16 24 26 32 38 44 46 54 56 62 68 74 76 82 88 92 98 104 106 112 118 122 128 134 136 144 146 152 158 163 166 172 178 182 188
a 4 8 14 16 24 26 32 38 44 46 54 56 62 68 74 76 82 88 92 98 104 106 112 118 122 128 134 136 144 146 152 158 163 166 172 178 182 188
a 4 8 14 16 20 26 32 38 44 46 54 56 62 68 74 76 82 88 92 98 104 106 112 118 122 128 134 136 144 146 152 158 163 166 172 178 182 188
a 4 8 14 16 20 28 32 38 44 46 54 56 62 68 74 76 82 88 92 98 104 106 112 118 122 128 134 136 144 146 152 158 163 166 172 178 182 188
a 4 8 14 16 22 28 32 38 44 46 54 56 62 68 74 76 82 88 92 98 104 106 112 118 122 128 134 136 144 146 152 158 163 166 172 178 182 188
a 2 8 14 16 22 28 32 38 44 46 54 56 62 68 74 76 82 88 92 98 104 106 112 118 122 128 134 136 144 146 152 158 163 166 172 178 182 188
a 2 6 14 16 22 28 32 38 44 46 54 56 62 68 74 76 82 88 92 98 104 106 112 118 122 128 134 136 144 146 152 158 163 166 172 178 182 188
a 2 6 10 16 22 28 32 38 44 46 54 56 62 68 74 76 82 88 92 98 104 106 112 118 122 128 134 136 144 146 152 158 163 166 172 178 182 188
a 2 6 10 18 22 28 32 38 44 46 54 56 62 68 74 76 82 88 92 98 104 106 112 118 122 128 134 136 144 146 152 158 163 166 172 178 182 188
a 2 6 10 18 22 28 32 38 44 46 50 56 62 68 74 76 82 88 92 98 104 106 112 118 122 128 134 136 144 146 152 158 163 166 172 178 182 188
a 2 6 10 18 22 28 32 38 44 46 50 58 62 68 74 76 82 88 92 98 104 106 112 118 122 128 134 136 144 146 152 158 163 166 172 178 182 188
a 2 6 10 18 22 28 32 38 44 46 52 58 62 68 74 76 82 88 92 98 104 106 112 118 122 128 134 136 144 146 152 158 163 166 172 178 182 188
a 2 6 10 16 22 28 32 38 44 46 52 58 62 68 74 76 82 88 92 98 104 106 112 118 122 128 134 136 144 146 152 158 163 166 172 178 182 188
a 2 6 14 16 22 28 32 38 44 46 52 58 62 68 74 76 82 88 92 98 104 106 112 118 122 128 134 136 144 146 152 158 163 166 172 178 182 188
a 2 8 14 16 22 28 32 38 44 46 52 58 62 68 74 76 82 88 92 98 104 106 112 118 122 128 134 136 144 146 152 158 163 166 172 178 182 188
a 4 8 14 16 22 28 32 38 44 46 52 58 62 68 74 76 82 88 92 98 104 106 112 118 122 128 134 136 144 146 152 158 163 166 172 178 182 188
a 4 8 14 16 20 28 32 38 44 46 52 58 62 68 74 76 82 88 92 98 104 106 112 118 122 128 134 136 144 146 152 158 163 166 172 178 182 188
a 4 8 14 16 20 26 32 38 44 46 52 58 62 68 74 76 82 88 92 98 104 106 112 118 122 128 134 136 144 146 152 158 163 166 172 178 182 188
a 4 8 14 16 24 26 32 38 44 46 52 58 62 68 74 76 82 88 92 98 104 106 112 118 122 128 134 136 144 146 152 158 163 166 172 178 182 188
a 2 8 14 16 24 26 32 38 44 46 52 58 62 68 74 76 82 88 92 98 104 106 112 118 122 128 134 136 144 146 152 158 163 166 172 178 182 188
a 2 6 14 16 24 26 32 38 44 46 52 58 62 68 74 76 82 88 92 98 104 106 112 118 122 128 134 136 144 146 152 158 163 166 172 178 182 188
a 2 6 14 16 24 26 30 38 44 46 52 58 62 68 74 76 82 88 92 98 104 106 112 118 122 128 134 136 144 146 152 158 163 166 172 178 182 188
a 2 6 14 16 24 26 30 36 44 46 52 58 62 68 74 76 82 88 92 98 104 106 112 118 122 128 134 136 144 146 152 158 163 166 172 178 182 188
a 2 6 14 16 24 26 30 36 40 46 52 58 62 68 74 76 82 88 92 98 104 106 112 118 122 128 134 136 144 146 152 158 163 166 172 178 182 188
a 2 6 14 16 24 26 30 36 40 48 52 58 62 68 74 76 82 88 92 98 104 106 112 118 122 128 134 136 144 146 152 158 163 166 172 178 182 188
a 2 6 14 16 24 26 30 36 40 48 52 58 62 68 74 76 80 88 92 98 104 106 112 118 122 128 134 136 144 146 152 158 163 166 172 178 182 188
a 2 6 14 16 24 26 30 36 40 48 52 58 62 68 74 76 80 86 92 98 104 106 112 118 122 128 134 136 144 146 152 158 163 166 172 178 182 188
a 2 6 14 16 24 26 30 36 40 48 52 58 62 68 74 76 84 86 92 98 104 106 112 118 122 128 134 136 144 146 152 158 163 166 172 178 182 188
a 2 6 14 16 24 26 30 36 40 46 52 58 62 68 74 76 84 86 92 98 104 106 112 118 122 128 134 136 144 146 152 158 163 166 172 178 182 188
a 2 6 14 16 24 26 30 36 44 46 52 58 62 68 74 76 84 86 92 98 104 106 112 118 122 128 134 136 144 146 152 158 163 166 172 178 182 188
a 2 6 14 16 24 26 30 38 44 46 52 58 62 68 74 76 84 86 92 98 104 106 112 118 122 128 134 136 144 146 152 158 163 166 172 178 182 188
a 2 6 14 16 24 26 32 38 44 46 52 58 62 68 74 76 84 86 92 98 104 106 112 118 122 128 134 136 144 146 152 158 163 166 172 178 182 188
a 2 8 14 16 24 26 32 38 44 46 52 58 62 68 74 76 84 86 92 98 104 106 112 118 122 128 134 136 144 146 152 158 163 166 172 178 182 188
a 4 8 14 16 24 26 32 38 44 46 52 58 62 68 74 76 84 86 92 98 104 106 112 118 122 128 134 136 144 146 152 158 163 166 172 178 182 188
a 4 8 14 16 20 26 32 38 44 46 52 58 62 68 74 76 84 86 92 98 104 106 112 118 122 128 134 136 144 146 152 158 163 166 172 178 182 188
a 4 8 14 16 20 28 32 38 44 46 52 58 62 68 74 76 84 86 92 98 104 106 112 118 122 128 134 136 144 146 152 158 163 166 172 178 182 188
a 4 8 14 16 22 28 32 38 44 46 52 58 62 68 74 76 84 86 92 98 104 106 112 118 122 128 134 136 144 146 152 158 163 166 172 178 182 188
a 2 8 14 16 22 28 32 38 44 46 52 58 62 68 74 76 84 86 92 98 104 106 112 118 122 128 134 136 144 146 152 158 163 166 172 178 182 188
a 2 6 14 16 22 28 32 38 44 46 52 58 62 68 74 76 84 86 92 98 104 106 112 118 122 128 134 136 144 146 152 158 163 166 172 178 182 188
a 2 6 10 16 22 28 32 38 44 46 52 58 62 68 74 76 84 86 92 98 104 106 112 118 122 128 134 136 144 146 152 158 163 166 172 178 182 188
a 2 6 10 18 22 28 32 38 44 46 52 58 62 68 74 76 84 86 92 98 104 106 112 118 122 128 134 136 144 146 152 158 163 166 172 178 182 188
a 2 6 10 18 22 28 32 38 44 46 50 58 62 68 74 76 84 86 92 98 104 106 112 118 122 128 134 136 144 146 152 158 163 166 172 178 182 188
a 2 6 10 18 22 28 32 38 44 46 50 56 62 68 74 76 84 86 92 98 104 106 112 118 122 128 134 136 144 146 152 158 163 166 172 178 182 188
a 2 6 10 18 22 28 32 38 44 46 54 56 62 68 74 76 84 86 92 98 104 106 112 118 122 128 134 136 144 146 152 158 163 166 172 178 182 188
a 2 6 10 16 22 28 32 38 44 46 54 56 62 68 74 76 84 86 92 98 104 106 112 118 122 128 134 136 144 146 152 158 163 166 172 178 182 188
a 2 6 14 16 22 28 32 38 44 46 54 56 62 68 74 76 84 86 92 98 104 106 112 118 122 128 134 136 144 146 152 158 163 166 172 178 182 188
a 2 8 14 16 22 28 32 38 44 46 54 56 62 68 74 76 84 86 92 98 104 106 112 118 122 128 134 136 144 146 152 158 163 166 172 178 182 188
a 4 8 14 16 22 28 32 38 44 46 54 56 62 68 74 76 84 86 92 98 104 106 112 118 122 128 134 136 144 146 152 158 163 166 172 178 182 188
a 4 8 14 16 20 28 32 38 44 46 54 56 62 68 74 76 84 86 92 98 104 106 112 118 122 128 134 136 144 146 152 158 163 166 172 178 182 188
a 4 8 14 16 20 26 32 38 44 46 54 56 62 68 74 76 84 86 92 98 104 106 112 118 122 128 134 136 144 146 152 158 163 166 172 178 182 188
a 4 8 14 16 24 26 32 38 44 46 54 56 62 68 74 76 84 86 92 98 104 106 112 118 122 128 134 136 144 146 152 158 163 166 172 178 182 188
a 2 8 14 16 24 26 32 38 44 46 54 56 62 68 74 76 84 86 92 98 104 106 112 118 122 128 134 136 144 146 152 158 163 166 172 178 182 188
a 2 6 14 16 24 26 32 38 44 46 54 56 62 68 74 76 84 86 92 98 104 106 112 118 122 128 134 136 144 146 152 158 163 166 172 178 182 188
a 2 6 14 16 24 26 30 38 44 46 54 56 62 68 74 76 84 86 92 98 104 106 112 118 122 128 134 136 144 146 152 158 163 166 172 178 182 188
a 2 6 14 16 24 26 30 36 44 46 54 56 62 68 74 76 84 86 92 98 104 106 112 118 122 128 134 136 144 146 152 158 163 166 172 178 182 188
a 2 6 14 16 24 26 30 36 44 46 54 56 60 68 74 76 84 86 92 98 104 106 112 118 122 128 134 136 144 146 152 158 163 166 172 178 182 188
a 2 6 14 16 24 26 30 36 44 46 54 56 60 66 74 76 84 86 92 98 104 106 112 118 122 128 134 136 144 146 152 158 163 166 172 178 182 188
a 2 6 14 16 24 26 30 36 44 46 54 56 60 66 74 76 84 86 90 98 104 106 112 118 122 128 134 136 144 146 152 158 163 166 172 178 182 188
a 2 6 14 16 24 26 30 36 44 46 54 56 60 66 74 76 84 86 90 96 104 106 112 118 122 128 134 136 144 146 152 158 163 166 172 178 182 188
a 2 6 14 16 24 26 30 36 44 46 54 56 60 66 74 76 84 86 90 96 100 106 112 118 122 128 134 136 144 146 152 158 163 166 172 178 182 188
a 2 6 14 16 24 26 30 36 44 46 54 56 60 66 74 76 84 86 90 96 100 108 112 118 122 128 134 136 144 146 152 158 163 166 172 178 182 188
a 2 6 14 16 24 26 30 36 44 46 54 56 60 66 74 76 84 86 90 96 100 108 112 118 122 128 134 136 140 146 152 158 163 166 172 178 182 188
a 2 6 14 16 24 26 30 36 44 46 54 56 60 66 74 76 84 86 90 96 100 108 112 118 122 128 134 136 140 148 152 158 163 166 172 178 182 188
a 2 6 14 16 24 26 30 36 44 46 54 56 60 66 74 76 84 86 90 96 100 108 112 118 122 128 134 136 142 148 152 158 163 166 172 178 182 188
a 2 6 14 16 24 26 30 36 44 46 54 56 60 66 74 76 84 86 90 96 100 106 112 118 122 128 134 136 142 148 152 158 163 166 172 178 182 188
a 2 6 14 16 24 26 30 36 44 46 54 56 60 66 74 76 84 86 90 96 104 106 112 118 122 128 134 136 142 148 152 158 163 166 172 178 182 188
a 2 6 14 16 24 26 30 36 44 46 54 56 60 66 74 76 84 86 90 98 104 106 112 118 122 128 134 136 142 148 152 158 163 166 172 178 182 188
a 2 6 14 16 24 26 30 36 44 46 54 56 60 66 74 76 84 86 92 98 104 106 112 118 122 128 134 136 142 148 152 158 163 166 172 178 182 188
a 2 6 14 16 24 26 30 36 44 46 54 56 60 68 74 76 84 86 92 98 104 106 112 118 122 128 134 136 142 148 152 158 163 166 172 178 182 188
a 2 6 14 16 24 26 30 36 44 46 54 56 62 68 74 76 84 86 92 98 104 106 112 118 122 128 134 136 142 148 152 158 163 166 172 178 182 188
a 2 6 14 16 24 26 30 38 44 46 54 56 62 68 74 76 84 86 92 98 104 106 112 118 122 128 134 136 142 148 152 158 163 166 172 178 182 188
a 2 6 14 16 24 26 32 38 44 46 54 56 62 68 74 76 84 86 92 98 104 106 112 118 122 128 134 136 142 148 152 158 163 166 172 178 182 188
a 2 8 14 16 24 26 32 38 44 46 54 56 62 68 74 76 84 86 92 98 104 106 112 118 122 128 134 136 142 148 152 158 163 166 172 178 182 188
a 4 8 14 16 24 26 32 38 44 46 54 56 62 68 74 76 84 86 92 98 104 106 112 118 122 128 134 136 142 148 152 158 163 166 172 178 182 188
a 4 8 14 16 20 26 32 38 44 46 54 56 62 68 74 76 84 86 92 98 104 106 112 118 122 128 134 136 142 148 152 158 163 166 172 178 182 188
a 4 8 14 16 20 28 32 38 44 46 54 56 62 68 74 76 84 86 92 98 104 106 112 118 122 128 134 136 142 148 152 158 163 166 172 178 182 188
a 4 8 14 16 22 28 32 38 44 46 54 56 62 68 74 76 84 86 92 98 104 106 112 118 122 128 134 136 142 148 152 158 163 166 172 178 182 188
a 2 8 14 16 22 28 32 38 44 46 54 56 62 68 74 76 84 86 92 98 104 106 112 118 122 128 134 136 142 148 152 158 163 166 172 178 182 188
a 2 6 14 16 22 28 32 38 44 46 54 56 62 68 74 76 84 86 92 98 104 106 112 118 122 128 134 136 142 148 152 158 163 166 172 178 182 188
a 2 6 10 16 22 28 32 38 44 46 54 56 62 68 74 76 84 86 92 98 104 106 112 118 122 128 134 136 142 148 152 158 163 166 172 178 182 188
a 2 6 10 18 22 28 32 38 44 46 54 56 62 68 74 76 84 86 92 98 104 106 112 118 122 128 134 136 142 148 152 158 163 166 172 178 182 188
a 2 6 10 18 22 28 32 38 44 46 50 56 62 68 74 76 84 86 92 98 104 106 112 118 122 128 134 136 142 148 152 158 163 166 172 178 182 188
a 2 6 10 18 22 28 32 38 44 46 50 58 62 68 74 76 84 86 92 98 104 106 112 118 122 128 134 136 142 148 152 158 163 166 172 178 182 188
a 2 6 10 18 22 28 32 38 44 46 52 58 62 68 74 76 84 86 92 98 104 106 112 118 122 128 134 136 142 148 152 158 163 166 172 178 182 188
a 2 6 10 16 22 28 32 38 44 46 52 58 62 68 74 76 84 86 92 98 104 106 112 118 122 128 134 136 142 148 152 158 163 166 172 178 182 188
a 2 6 14 16 22 28 32 38 44 46 52 58 62 68 74 76 84 86 92 98 104 106 112 118 122 128 134 136 142 148 152 158 163 166 172 178 182 188
a 2 8 14 16 22 28 32 38 44 46 52 58 62 68 74 76 84 86 92 98 104 106 112 118 122 128 134 136 142 148 152 158 163 166 172 178 182 188
a 4 8 14 16 22 28 32 38 44 46 52 58 62 68 74 76 84 86 92 98 104 106 112 118 122 128 134 136 142 148 152 158 163 166 172 178 182 188
a 4 8 14 16 20 28 32 38 44 46 52 58 62 68 74 76 84 86 92 98 104 106 112 118 122 128 134 136 142 148 152 158 163 166 172 178 182 188
a 4 8 14 16 20 26 32 38 44 46 52 58 62 68 74 76 84 86 92 98 104 106 112 118 122 128 134 136 142 148 152 158 163 166 172 178 182 188
a 4 8 14 16 24 26 32 38 44 46 52 58 62 68 74 76 84 86 92 98 104 106 112 118 122 128 134 136 142 148 152 158 163 166 172 178 182 188
a 2 8 14 16 24 26 32 38 44 46 52 58 62 68 74 76 84 86 92 98 104 106 112 118 122 128 134 136 142 148 152 158 163 166 172 178 182 188
a 2 6 14 16 24 26 32 38 44 46 52 58 62 68 74 76 84 86 92 98 104 106 112 118 122 128 134 136 142 148 152 158 163 166 172 178 182 188
a 2 6 14 16 24 26 30 38 44 46 52 58 62 68 74 76 84 86 92 98 104 106 112 118 122 128 134 136 142 148 152 158 163 166 172 178 182 188
a 2 6 14 16 24 26 30 36 44 46 52 58 62 68 74 76 84 86 92 98 104 106 112 118 122 128 134 136 142 148 152 158 163 166 172 178 182 188
a 2 6 14 16 24 26 30 36 40 46 52 58 62 68 74 76 84 86 92 98 104 106 112 118 122 128 134 136 142 148 152 158 163 166 172 178 182 188
a 2 6 14 16 24 26 30 36 40 48 52 58 62 68 74 76 84 86 92 98 104 106 112 118 122 128 134 136 142 148 152 158 163 166 172 178 182 188
a 2 6 14 16 24 26 30 36 40 48 52 58 62 68 74 76 80 86 92 98 104 106 112 118 122 128 134 136 142 148 152 158 163 166 172 178 182 188
a 2 6 14 16 24 26 30 36 40 48 52 58 62 68 74 76 80 88 92 98 104 106 112 118 122 128 134 136 142 148 152 158 163 166 172 178 182 188
a 2 6 14 16 24 26 30 36 40 48 52 58 62 68 74 76 82 88 92 98 104 106 112 118 122 128 134 136 142 148 152 158 163 166 172 178 182 188
a 2 6 14 16 24 26 30 36 40 46 52 58 62 68 74 76 82 88 92 98 104 106 112 118 122 128 134 136 142 148 152 158 163 166 172 178 182 188
a 2 6 14 16 24 26 30 36 44 46 52 58 62 68 74 76 82 88 92 98 104 106 112 118 122 128 134 136 142 148 152 158 163 166 172 178 182 188
a 2 6 14 16 24 26 30 38 44 46 52 58 62 68 74 76 82 88 92 98 104 106 112 118 122 128 134 136 142 148 152 158 163 166 172 178 182 188
a 2 6 14 16 24 26 32 38 44 46 52 58 62 68 74 76 82 88 92 98 104 106 112 118 122 128 134 136 142 148 152 158 163 166 172 178 182 188
a 2 8 14 16 24 26 32 38 44 46 52 58 62 68 74 76 82 88 92 98 104 106 112 118 122 128 134 136 142 148 152 158 163 166 172 178 182 188
a 4 8 14 16 24 26 32 38 44 46 52 58 62 68 74 76 82 88 92 98 104 106 112 118 122 128 134 136 142 148 152 158 163 166 172 178 182 188
a 4 8 14 16 20 26 32 38 44 46 52 58 62 68 74 76 82 88 92 98 104 106 112 118 122 128 134 136 142 148 152 158 163 166 172 178 182 188
a 4 8 14 16 20 28 32 38 44 46 52 58 62 68 74 76 82 88 92 98 104 106 112 118 122 128 134 136 142 148 152 158 163 166 172 178 182 188
a 4 8 14 16 22 28 32 38 44 46 52 58 62 68 74 76 82 88 92 98 104 106 112 118 122 128 134 136 142 148 152 158 163 166 172 178 182 188
a 2 8 14 16 22 28 32 38 44 46 52 58 62 68 74 76 82 88 92 98 104 106 112 118 122 128 134 136 142 148 152 158 163 166 172 178 182 188
a 2 6 14 16 22 28 32 38 44 46 52 58 62 68 74 76 82 88 92 98 104 106 112 118 122 128 134 136 142 148 152 158 163 166 172 178 182 188
a 2 6 10 16 22 28 32 38 44 46 52 58 62 68 74 76 82 88 92 98 104 106 112 118 122 128 134 136 142 148 152 158 163 166 172 178 182 188
a 2 6 10 18 22 28 32 38 44 46 52 58 62 68 74 76 82 88 92 98 104 106 112 118 122 128 134 136 142 148 152 158 163 166 172 178 182 188
a 2 6 10 18 22 28 32 38 44 46 50 58 62 68 74 76 82 88 92 98 104 106 112 118 122 128 134 136 142 148 152 158 163 166 172 178 182 188
a 2 6 10 18 22 28 32 38 44 46 50 56 62 68 74 76 82 88 92 98 104 106 112 118 122 128 134 136 142 148 152 158 163 166 172 178 182 188
a 2 6 10 18 22 28 32 38 44 46 54 56 62 68 74 76 82 88 92 98 104 106 112 118 122 128 134 136 142 148 152 158 163 166 172 178 182 188
a 2 6 10 16 22 28 32 38 44 46 54 56 62 68 74 76 82 88 92 98 104 106 112 118 122 128 134 136 142 148 152 158 163 166 172 178 182 188
a 2 6 14 16 22 28 32 38 44 46 54 56 62 68 74 76 82 88 92 98 104 106 112 118 122 128 134 136 142 148 152 158 163 166 172 178 182 188
a 2 8 14 16 22 28 32 38 44 46 54 56 62 68 74 76 82 88 92 98 104 106 112 118 122 128 134 136 142 148 152 158 163 166 172 178 182 188
a 4 8 14 16 22 28 32 38 44 46 54 56 62 68 74 76 82 88 92 98 104 106 112 118 122 128 134 136 142 148 152 158 163 166 172 178 182 188
a 4 8 14 16 20 28 32 38 44 46 54 56 62 68 74 76 82 88 92 98 104 106 112 118 122 128 134 136 142 148 152 158 163 166 172 178 182 188
a 4 8 14 16 20 26 32 38 44 46 54 56 62 68 74 76 82 88 92 98 104 106 112 118 122 128 134 136 142 148 152 158 163 166 172 178 182 188
a 4 8 14 16 24 26 32 38 44 46 54 56 62 68 74 76 82 88 92 98 104 106 112 118 122 128 134 136 142 148 152 158 163 166 172 178 182 188
a 2 8 14 16 24 26 32 38 44 46 54 56 62 68 74 76 82 88 92 98 104 106 112 118 122 128 134 136 142 148 152 158 163 166 172 178 182 188
a 2 6 14 16 24 26 32 38 44 46 54 56 62 68 74 76 82 88 92 98 104 106 112 118 122 128 134 136 142 148 152 158 163 166 172 178 182 188
a 2 6 14 16 24 26 30 38 44 46 54 56 62 68 74 76 82 88 92 98 104 106 112 118 122 128 134 136 142 148 152 158 163 166 172 178 182 188
a 2 6 14 16 24 26 30 36 44 46 54 56 62 68 74 76 82 88 92 98 104 106 112 118 122 128 134 136 142 148 152 158 163 166 172 178 182 188
a 2 6 14 16 24 26 30 36 44 46 54 56 60 68 74 76 82 88 92 98 104 106 112 118 122 128 134 136 142 148 152 158 163 166 172 178 182 188
a 2 6 14 16 24 26 30 36 44 46 54 56 60 66 74 76 82 88 92 98 104 106 112 118 122 128 134 136 142 148 152 158 163 166 172 178 182 188
a 2 6 14 16 24 26 30 36 44 46 54 56 60 66 70 76 82 88 92 98 104 106 112 118 122 128 134 136 142 148 152 158 163 166 172 178 182 188
a 2 6 14 16 24 26 30 36 44 46 54 56 60 66 70 78 82 88 92 98 104 106 112 118 122 128 134 136 142 148 152 158 163 166 172 178 182 188
a 2 6 14 16 24 26 30 36 44 46 54 56 60 66 70 78 82 88 92 98 104 106 110 118 122 128 134 136 142 148 152 158 163 166 172 178 182 188
a 2 6 14 16 24 26 30 36 44 46 54 56 60 66 70 78 82 88 92 98 104 106 110 116 122 128 134 136 142 148 152 158 163 166 172 178 182 188
a 2 6 14 16 24 26 30 36 44 46 54 56 60 66 70 78 82 88 92 98 104 106 114 116 122 128 134 136 142 148 152 158 163 166 172 178 182 188
a 2 6 14 16 24 26 30 36 44 46 54 56 60 66 70 76 82 88 92 98 104 106 114 116 122 128 134 136 142 148 152 158 163 166 172 178 182 188
a 2 6 14 16 24 26 30 36 44 46 54 56 60 66 74 76 82 88 92 98 104 106 114 116 122 128 134 136 142 148 152 158 163 166 172 178 182 188
a 2 6 14 16 24 26 30 36 44 46 54 56 60 68 74 76 82 88 92 98 104 106 114 116 122 128 134 136 142 148 152 158 163 166 172 178 182 188
a 2 6 14 16 24 26 30 36 44 46 54 56 62 68 74 76 82 88 92 98 104 106 114 116 122 128 134 136 142 148 152 158 163 166 172 178 182 188
a 2 6 14 16 24 26 30 38 44 46 54 56 62 68 74 76 82 88 92 98 104 106 114 116 122 128 134 136 142 148 152 158 163 166 172 178 182 188
a 2 6 14 16 24 26 32 38 44 46 54 56 62 68 74 76 82 88 92 98 104 106 114 116 122 128 134 136 142 148 152 158 163 166 172 178 182 188
a 2 8 14 16 24 26 32 38 44 46 54 56 62 68 74 76 82 88 92 98 104 106 114 116 122 128 134 136 142 148 152 158 163 166 172 178 182 188
a 4 8 14 16 24 26 32 38 44 46 54 56 62 68 74 76 82 88 92 98 104 106 114 116 122 128 134 136 142 148 152 158 163 166 172 178 182 188
a 4 8 14 16 20 26 32 38 44 46 54 56 62 68 74 76 82 88 92 98 104 106 114 116 122 128 134 136 142 148 152 158 163 166 172 178 182 188
a 4 8 14 16 20 28 32 38 44 46 54 56 62 68 74 76 82 88 92 98 104 106 114 116 122 128 134 136 142 148 152 158 163 166 172 178 182 188
a 4 8 14 16 22 28 32 38 44 46 54 56 62 68 74 76 82 88 92 98 104 106 114 116 122 128 134 136 142 148 152 158 163 166 172 178 182 188
a 2 8 14 16 22 28 32 38 44 46 54 56 62 68 74 76 82 88 92 98 104 106 114 116 122 128 134 136 142 148 152 158 163 166 172 178 182 188
a 2 6 14 16 22 28 32 38 44 46 54 56 62 68 74 76 82 88 92 98 104 106 114 116 122 128 134 136 142 148 152 158 163 166 172 178 182 188
a 2 6 10 16 22 28 32 38 44 46 54 56 62 68 74 76 82 88 92 98 104 106 114 116 122 128 134 136 142 148 152 158 163 166 172 178 182 188
a 2 6 10 18 22 28 32 38 44 46 54 56 62 68 74 76 82 88 92 98 104 106 114 116 122 128 134 136 142 148 152 158 163 166 172 178 182 188
a 2 6 10 18 22 28 32 38 44 46 50 56 62 68 74 76 82 88 92 98 104 106 114 116 122 128 134 136 142 148 152 158 163 166 172 178 182 188
a 2 6 10 18 22 28 32 38 44 46 50 58 62 68 74 76 82 88 92 98 104 106 114 116 122 128 134 136 142 148 152 158 163 166 172 178 182 188
a 2 6 10 18 22 28 32 38 44 46 52 58 62 68 74 76 82 88 92 98 104 106 114 116 122 128 134 136 142 148 152 158 163 166 172 178 182 188
a 2 6 10 16 22 28 32 38 44 46 52 58 62 68 74 76 82 88 92 98 104 106 114 116 122 128 134 136 142 148 152 158 163 166 172 178 182 188
a 2 6 14 16 22 28 32 38 44 46 52 58 62 68 74 76 82 88 92 98 104 106 114 116 122 128 134 136 142 148 152 158 163 166 172 178 182 188
a 2 8 14 16 22 28 32 38 44 46 52 58 62 68 74 76 82 88 92 98 104 106 114 116 122 128 134 136 142 148 152 158 163 166 172 178 182 188
a 4 8 14 16 22 28 32 38 44 46 52 58 62 68 74 76 82 88 92 98 104 106 114 116 122 128 134 136 142 148 152 158 163 166 172 178 182 188
a 4 8 14 16 20 28 32 38 44 46 52 58 62 68 74 76 82 88 92 98 104 106 114 116 122 128 134 136 142 148 152 158 163 166 172 178 182 188
a 4 8 14 16 20 26 32 38 44 46 52 58 62 68 74 76 82 88 92 98 104 106 114 116 122 128 134 136 142 148 152 158 163 166 172 178 182 188
a 4 8 14 16 24 26 32 38 44 46 52 58 62 68 74 76 82 88 92 98 104 106 114 116 122 128 134 136 142 148 152 158 163 166 172 178 182 188
a 2 8 14 16 24 26 32 38 44 46 52 58 62 68 74 76 82 88 92 98 104 106 114 116 122 128 134 136 142 148 152 158 163 166 172 178 182 188
a 2 6 14 16 24 26 32 38 44 46 52 58 62 68 74 76 82 88 92 98 104 106 114 116 122 128 134 136 142 148 152 158 163 166 172 178 182 188
a 2 6 14 16 24 26 30 38 44 46 52 58 62 68 74 76 82 88 92 98 104 106 114 116 122 128 134 136 142 148 152 158 163 166 172 178 182 188
a 2 6 14 16 24 26 30 36 44 46 52 58 62 68 74 76 82 88 92 98 104 106 114 116 122 128 134 136 142 148 152 158 163 166 172 178 182 188
a 2 6 14 16 24 26 30 36 40 46 52 58 62 68 74 76 82 88 92 98 104 106 114 116 122 128 134 136 142 148 152 158 163 166 172 178 182 188
a 2 6 14 16 24 26 30 36 40 48 52 58 62 68 74 76 82 88 92 98 104 106 114 116 122 128 134 136 142 148 152 158 163 166 172 178 182 188
a 2 6 14 16 24 26 30 36 40 48 52 58 62 68 74 76 80 88 92 98 104 106 114 116 122 128 134 136 142 148 152 158 163 166 172 178 182 188
a 2 6 14 16 24 26 30 36 40 48 52 58 62 68 74 76 80 86 92 98 104 106 114 116 122 128 134 136 142 148 152 158 163 166 172 178 182 188
a 2 6 14 16 24 26 30 36 40 48 52 58 62 68 74 76 84 86 92 98 104 106 114 116 122 128 134 136 142 148 152 158 163 166 172 178 182 188
a 2 6 14 16 24 26 30 36 40 46 52 58 62 68 74 76 84 86 92 98 104 106 114 116 122 128 134 136 142 148 152 158 163 166 172 178 182 188
a 2 6 14 16 24 26 30 36 44 46 52 58 62 68 74 76 84 86 92 98 104 106 114 116 122 128 134 136 142 148 152 158 163 166 172 178 182 188
a 2 6 14 16 24 26 30 38 44 46 52 58 62 68 74 76 84 86 92 98 104 106 114 116 122 128 134 136 142 148 152 158 163 166 172 178 182 188
a 2 6 14 16 24 26 32 38 44 46 52 58 62 68 74 76 84 86 92 98 104 106 114 116 122 128 134 136 142 148 152 158 163 166 172 178 182 188
a 2 8 14 16 24 26 32 38 44 46 52 58 62 68 74 76 84 86 92 98 104 106 114 116 122 128 134 136 142 148 152 158 163 166 172 178 182 188
a 4 8 14 16 24 26 32 38 44 46 52 58 62 68 74 76 84 86 92 98 104 106 114 116 122 128 134 136 142 148 152 158 163 166 172 178 182 188
a 4 8 14 16 20 26 32 38 44 46 52 58 62 68 74 76 84 86 92 98 104 106 114 116 122 128 134 136 142 148 152 158 163 166 172 178 182 188
a 4 8 14 16 20 28 32 38 44 46 52 58 62 68 74 76 84 86 92 98 104 106 114 116 122 128 134 136 142 148 152 158 163 166 172 178 182 188
a 4 8 14 16 22 28 32 38 44 46 52 58 62 68 74 76 84 86 92 98 104 106 114 116 122 128 134 136 142 148 152 158 163 166 172 178 182 188
a 2 8 14 16 22 28 32 38 44 46 52 58 62 68 74 76 84 86 92 98 104 106 114 116 122 128 134 136 142 148 152 158 163 166 172 178 182 188
a 2 6 14 16 22 28 32 38 44 46 52 58 62 68 74 76 84 86 92 98 104 106 114 116 122 128 134 136 142 148 152 158 163 166 172 178 182 188
a 2 6 10 16 22 28 32 38 44 46 52 58 62 68 74 76 84 86 92 98 104 106 114 116 122 128 134 136 142 148 152 158 163 166 172 178 182 188
a 2 6 10 18 22 28 32 38 44 46 52 58 62 68 74 76 84 86 92 98 104 106 114 116 122 128 134 136 142 148 152 158 163 166 172 178 182 188
a 2 6 10 18 22 28 32 38 44 46 50 58 62 68 74 76 84 86 92 98 104 106 114 116 122 128 134 136 142 148 152 158 163 166 172 178 182 188
a 2 6 10 18 22 28 32 38 44 46 50 56 62 68 74 76 84 86 92 98 104 106 114 116 122 128 134 136 142 148 152 158 163 166 172 178 182 188
a 2 6 10 18 22 28 32 38 44 46 54 56 62 68 74 76 84 86 92 98 104 106 114 116 122 128 134 136 142 148 152 158 163 166 172 178 182 188
a 2 6 10 16 22 28 32 38 44 46 54 56 62 68 74 76 84 86 92 98 104 106 114 116 122 128 134 136 142 148 152 158 163 166 172 178 182 188
a 2 6 14 16 22 28 32 38 44 46 54 56 62 68 74 76 84 86 92 98 104 106 114 116 122 128 134 136 142 148 152 158 163 166 172 178 182 188
a 2 8 14 16 22 28 32 38 44 46 54 56 62 68 74 76 84 86 92 98 104 106 114 116 122 128 134 136 142 148 152 158 163 166 172 178 182 188
a 4 8 14 16 22 28 32 38 44 46 54 56 62 68 74 76 84 86 92 98 104 106 114 116 122 128 134 136 142 148 152 158 163 166 172 178 182 188
a 4 8 14 16 20 28 32 38 44 46 54 56 62 68 74 76 84 86 92 98 104 106 114 116 122 128 134 136 142 148 152 158 163 166 172 178 182 188
a 4 8 14 16 20 26 32 38 44 46 54 56 62 68 74 76 84 86 92 98 104 106 114 116 122 128 134 136 142 148 152 158 163 166 172 178 182 188
a 4 8 14 16 24 26 32 38 44 46 54 56 62 68 74 76 84 86 92 98 104 106 114 116 122 128 134 136 142 148 152 158 163 166 172 178 182 188
a 2 8 14 16 24 26 32 38 44 46 54 56 62 68 74 76 84 86 92 98 104 106 114 116 122 128 134 136 142 148 152 158 163 166 172 178 182 188
a 2 6 14 16 24 26 32 38 44 46 54 56 62 68 74 76 84 86 92 98 104 106 114 116 122 128 134 136 142 148 152 158 163 166 172 178 182 188
a 2 6 14 16 24 26 30 38 44 46 54 56 62 68 74 76 84 86 92 98 104 106 114 116 122 128 134 136 142 148 152 158 163 166 172 178 182 188
a 2 6 14 16 24 26 30 36 44 46 54 56 62 68 74 76 84 86 92 98 104 106 114 116 122 128 134 136 142 148 152 158 163 166 172 178 182 188
a 2 6 14 16 24 26 30 36 44 46 54 56 60 68 74 76 84 86 92 98 104 106 114 116 122 128 134 136 142 148 152 158 163 166 172 178 182 188
a 2 6 14 16 24 26 30 36 44 46 54 56 60 66 74 76 84 86 92 98 104 106 114 116 122 128 134 136 142 148 152 158 163 166 172 178 182 188
a 2 6 14 16 24 26 30 36 44 46 54 56 60 66 74 76 84 86 90 98 104 106 114 116 122 128 134 136 142 148 152 158 163 166 172 178 182 188
a 2 6 14 16 24 26 30 36 44 46 54 56 60 66 74 76 84 86 90 96 104 106 114 116 122 128 134 136 142 148 152 158 163 166 172 178 182 188
a 2 6 14 16 24 26 30 36 44 46 54 56 60 66 74 76 84 86 90 96 104 106 114 116 120 128 134 136 142 148 152 158 163 166 172 178 182 188
a 2 6 14 16 24 26 30 36 44 46 54 56 60 66 74 76 84 86 90 96 104 106 114 116 120 126 134 136 142 148 152 158 163 166 172 178 182 188
a 2 6 14 16 24 26 30 36 44 46 54 56 60 66 74 76 84 86 90 96 104 106 114 116 120 126 130 136 142 148 152 158 163 166 172 178 182 188
a 2 6 14 16 24 26 30 36 44 46 54 56 60 66 74 76 84 86 90 96 104 106 114 116 120 126 130 138 142 148 152 158 163 166 172 178 182 188
a 2 6 14 16 24 26 30 36 44 46 54 56 60 66 74 76 84 86 90 96 104 106 114 116 120 126 130 138 142 148 152 158 163 166 170 178 182 188
a 2 6 14 16 24 26 30 36 44 46 54 56 60 66 74 76 84 86 90 96 104 106 114 116 120 126 130 138 142 148 152 158 163 166 170 175 182 188
a 2 6 14 16 24 26 30 36 44 46 54 56 60 66 74 76 84 86 90 96 104 106 114 116 120 126 130 138 142 148 152 158 163 166 174 175 182 188
a 2 6 14 16 24 26 30 36 44 46 54 56 60 66 74 76 84 86 90 96 104 106 114 116 120 126 130 136 142 148 152 158 163 166 174 175 182 188
a 2 6 14 16 24 26 30 36 44 46 54 56 60 66 74 76 84 86 90 96 104 106 114 116 120 126 134 136 142 148 152 158 163 166 174 175 182 188
a 2 6 14 16 24 26 30 36 44 46 54 56 60 66 74 76 84 86 90 96 104 106 114 116 120 128 134 136 142 148 152 158 163 166 174 175 182 188
a 2 6 14 16 24 26 30 36 44 46 54 56 60 66 74 76 84 86 90 96 104 106 114 116 122 128 134 136 142 148 152 158 163 166 174 175 182 188
a 2 6 14 16 24 26 30 36 44 46 54 56 60 66 74 76 84 86 90 98 104 106 114 116 122 128 134 136 142 148 152 158 163 166 174 175 182 188
a 2 6 14 16 24 26 30 36 44 46 54 56 60 66 74 76 84 86 92 98 104 106 114 116 122 128 134 136 142 148 152 158 163 166 174 175 182 188
a 2 6 14 16 24 26 30 36 44 46 54 56 60 68 74 76 84 86 92 98 104 106 114 116 122 128 134 136 142 148 152 158 163 166 174 175 182 188
a 2 6 14 16 24 26 30 36 44 46 54 56 62 68 74 76 84 86 92 98 104 106 114 116 122 128 134 136 142 148 152 158 163 166 174 175 182 188
a 2 6 14 16 24 26 30 38 44 46 54 56 62 68 74 76 84 86 92 98 104 106 114 116 122 128 134 136 142 148 152 158 163 166 174 175 182 188
a 2 6 14 16 24 26 32 38 44 46 54 56 62 68 74 76 84 86 92 98 104 106 114 116 122 128 134 136 142 148 152 158 163 166 174 175 182 188
a 2 8 14 16 24 26 32 38 44 46 54 56 62 68 74 76 84 86 92 98 104 106 114 116 122 128 134 136 142 148 152 158 163 166 174 175 182 188
a 4 8 14 16 24 26 32 38 44 46 54 56 62 68 74 76 84 86 92 98 104 106 114 116 122 128 134 136 142 148 152 158 163 166 174 175 182 188
a 4 8 14 16 20 26 32 38 44 46 54 56 62 68 74 76 84 86 92 98 104 106 114 116 122 128 134 136 142 148 152 158 163 166 174 175 182 188
a 4 8 14 16 20 28 32 38 44 46 54 56 62 68 74 76 84 86 92 98 104 106 114 116 122 128 134 136 142 148 152 158 163 166 174 175 182 188
a 4 8 14 16 22 28 32 38 44 46 54 56 62 68 74 76 84 86 92 98 104 106 114 116 122 128 134 136 142 148 152 158 163 166 174 175 182 188
a 2 8 14 16 22 28 32 38 44 46 54 56 62 68 74 76 84 86 92 98 104 106 114 116 122 128 134 136 142 148 152 158 163 166 174 175 182 188
a 2 6 14 16 22 28 32 38 44 46 54 56 62 68 74 76 84 86 92 98 104 106 114 116 122 128 134 136 142 148 152 158 163 166 174 175 182 188
a 2 6 10 16 22 28 32 38 44 46 54 56 62 68 74 76 84 86 92 98 104 106 114 116 122 128 134 136 142 148 152 158 163 166 174 175 182 188
a 2 6 10 18 22 28 32 38 44 46 54 56 62 68 74 76 84 86 92 98 104 106 114 116 122 128 134 136 142 148 152 158 163 166 174 175 182 188
a 2 6 10 18 22 28 32 38 44 46 50 56 62 68 74 76 84 86 92 98 104 106 114 116 122 128 134 136 142 148 152 158 163 166 174 175 182 188
a 2 6 10 18 22 28 32 38 44 46 50 58 62 68 74 76 84 86 92 98 104 106 114 116 122 128 134 136 142 148 152 158 163 166 174 175 182 188
a 2 6 10 18 22 28 32 38 44 46 52 58 62 68 74 76 84 86 92 98 104 106 114 116 122 128 134 136 142 148 152 158 163 166 174 175 182 188
a 2 6 10 16 22 28 32 38 44 46 52 58 62 68 74 76 84 86 92 98 104 106 114 116 122 128 134 136 142 148 152 158 163 166 174 175 182 188
a 2 6 14 16 22 28 32 38 44 46 52 58 62 68 74 76 84 86 92 98 104 106 114 116 122 128 134 136 142 148 152 158 163 166 174 175 182 188
a 2 8 14 16 22 28 32 38 44 46 52 58 62 68 74 76 84 86 92 98 104 106 114 116 122 128 134 136 142 148 152 158 163 166 174 175 182 188
a 4 8 14 16 22 28 32 38 44 46 52 58 62 68 74 76 84 86 92 98 104 106 114 116 122 128 134 136 142 148 152 158 163 166 174 175 182 188
a 4 8 14 16 20 28 32 38 44 46 52 58 62 68 74 76 84 86 92 98 104 106 114 116 122 128 134 136 142 148 152 158 163 166 174 175 182 188
a 4 8 14 16 20 26 32 38 44 46 52 58 62 68 74 76 84 86 92 98 104 106 114 116 122 128 134 136 142 148 152 158 163 166 174 175 182 188
a 4 8 14 16 24 26 32 38 44 46 52 58 62 68 74 76 84 86 92 98 104 106 114 116 122 128 134 136 142 148 152 158 163 166 174 175 182 188
a 2 8 14 16 24 26 32 38 44 46 52 58 62 68 74 76 84 86 92 98 104 106 114 116 122 128 134 136 142 148 152 158 163 166 174 175 182 188
a 2 6 14 16 24 26 32 38 44 46 52 58 62 68 74 76 84 86 92 98 104 106 114 116 122 128 134 136 142 148 152 158 163 166 174 175 182 188
a 2 6 14 16 24 26 30 38 44 46 52 58 62 68 74 76 84 86 92 98 104 106 114 116 122 128 134 136 142 148 152 158 163 166 174 175 182 188
a 2 6 14 16 24 26 30 36 44 46 52 58 62 68 74 76 84 86 92 98 104 106 114 116 122 128 134 136 142 148 152 158 163 166 174 175 182 188
a 2 6 14 16 24 26 30 36 40 46 52 58 62 68 74 76 84 86 92 98 104 106 114 116 122 128 134 136 142 148 152 158 163 166 174 175 182 188
a 2 6 14 16 24 26 30 36 40 48 52 58 62 68 74 76 84 86 92 98 104 106 114 116 122 128 134 136 142 148 152 158 163 166 174 175 182 188
a 2 6 14 16 24 26 30 36 40 48 52 58 62 68 74 76 80 86 92 98 104 106 114 116 122 128 134 136 142 148 152 158 163 166 174 175 182 188
a 2 6 14 16 24 26 30 36 40 48 52 58 62 68 74 76 80 88 92 98 104 106 114 116 122 128 134 136 142 148 152 158 163 166 174 175 182 188
a 2 6 14 16 24 26 30 36 40 48 52 58 62 68 74 76 82 88 92 98 104 106 114 116 122 128 134 136 142 148 152 158 163 166 174 175 182 188
a 2 6 14 16 24 26 30 36 40 46 52 58 62 68 74 76 82 88 92 98 104 106 114 116 122 128 134 136 142 148 152 158 163 166 174 175 182 188
a 2 6 14 16 24 26 30 36 44 46 52 58 62 68 74 76 82 88 92 98 104 106 114 116 122 128 134 136 142 148 152 158 163 166 174 175 182 188
a 2 6 14 16 24 26 30 38 44 46 52 58 62 68 74 76 82 88 92 98 104 106 114 116 122 128 134 136 142 148 152 158 163 166 174 175 182 188
a 2 6 14 16 24 26 32 38 44 46 52 58 62 68 74 76 82 88 92 98 104 106 114 116 122 128 134 136 142 148 152 158 163 166 174 175 182 188
a 2 8 14 16 24 26 32 38 44 46 52 58 62 68 74 76 82 88 92 98 104 106 114 116 122 128 134 136 142 148 152 158 163 166 174 175 182 188
a 4 8 14 16 24 26 32 38 44 46 52 58 62 68 74 76 82 88 92 98 104 106 114 116 122 128 134 136 142 148 152 158 163 166 174 175 182 188
a 4 8 14 16 20 26 32 38 44 46 52 58 62 68 74 76 82 88 92 98 104 106 114 116 122 128 134 136 142 148 152 158 163 166 174 175 182 188
a 4 8 14 16 20 28 32 38 44 46 52 58 62 68 74 76 82 88 92 98 104 106 114 116 122 128 134 136 142 148 152 158 163 166 174 175 182 188
a 4 8 14 16 22 28 32 38 44 46 52 58 62 68 74 76 82 88 92 98 104 106 114 116 122 128 134 136 142 148 152 158 163 166 174 175 182 188
a 2 8 14 16 22 28 32 38 44 46 52 58 62 68 74 76 82 88 92 98 104 106 114 116 122 128 134 136 142 148 152 158 163 166 174 175 182 188
a 2 6 14 16 22 28 32 38 44 46 52 58 62 68 74 76 82 88 92 98 104 106 114 116 122 128 134 136 142 148 152 158 163 166 174 175 182 188
a 2 6 10 16 22 28 32 38 44 46 52 58 62 68 74 76 82 88 92 98 104 106 114 116 122 128 134 136 142 148 152 158 163 166 174 175 182 188
a 2 6 10 18 22 28 32 38 44 46 52 58 62 68 74 76 82 88 92 98 104 106 114 116 122 128 134 136 142 148 152 158 163 166 174 175 182 188
a 2 6 10 18 22 28 32 38 44 46 50 58 62 68 74 76 82 88 92 98 104 106 114 116 122 128 134 136 142 148 152 158 163 166 174 175 182 188
a 2 6 10 18 22 28 32 38 44 46 50 56 62 68 74 76 82 88 92 98 104 106 114 116 122 128 134 136 142 148 152 158 163 166 174 175 182 188
a 2 6 10 18 22 28 32 38 44 46 54 56 62 68 74 76 82 88 92 98 104 106 114 116 122 128 134 136 142 148 152 158 163 166 174 175 182 188
a 2 6 10 16 22 28 32 38 44 46 54 56 62 68 74 76 82 88 92 98 104 106 114 116 122 128 134 136 142 148 152 158 163 166 174 175 182 188
a 2 6 14 16 22 28 32 38 44 46 54 56 62 68 74 76 82 88 92 98 104 106 114 116 122 128 134 136 142 148 152 158 163 166 174 175 182 188
a 2 8 14 16 22 28 32 38 44 46 54 56 62 68 74 76 82 88 92 98 104 106 114 116 122 128 134 136 142 148 152 158 163 166 174 175 182 188
a 4 8 14 16 22 28 32 38 44 46 54 56 62 68 74 76 82 88 92 98 104 106 114 116 122 128 134 136 142 148 152 158 163 166 174 175 182 188
a 4 8 14 16 20 28 32 38 44 46 54 56 62 68 74 76 82 88 92 98 104 106 114 116 122 128 134 136 142 148 152 158 163 166 174 175 182 188
a 4 8 14 16 20 26 32 38 44 46 54 56 62 68 74 76 82 88 92 98 104 106 114 116 122 128 134 136 142 148 152 158 163 166 174 175 182 188
a 4 8 14 16 24 26 32 38 44 46 54 56 62 68 74 76 82 88 92 98 104 106 114 116 122 128 134 136 142 148 152 158 163 166 174 175 182 188
a 2 8 14 16 24 26 32 38 44 46 54 56 62 68 74 76 82 88 92 98 104 106 114 116 122 128 134 136 142 148 152 158 163 166 174 175 182 188
a 2 6 14 16 24 26 32 38 44 46 54 56 62 68 74 76 82 88 92 98 104 106 114 116 122 128 134 136 142 148 152 158 163 166 174 175 182 188
a 2 6 14 16 24 26 30 38 44 46 54 56 62 68 74 76 82 88 92 98 104 106 114 116 122 128 134 136 142 148 152 158 163 166 174 175 182 188
a 2 6 14 16 24 26 30 36 44 46 54 56 62 68 74 76 82 88 92 98 104 106 114 116 122 128 134 136 142 148 152 158 163 166 174 175 182 188
a 2 6 14 16 24 26 30 36 44 46 54 56 60 68 74 76 82 88 92 98 104 106 114 116 122 128 134 136 142 148 152 158 163 166 174 175 182 188
a 2 6 14 16 24 26 30 36 44 46 54 56 60 66 74 76 82 88 92 98 104 106 114 116 122 128 134 136 142 148 152 158 163 166 174 175 182 188
a 2 6 14 16 24 26 30 36 44 46 54 56 60 66 70 76 82 88 92 98 104 106 114 116 122 128 134 136 142 148 152 158 163 166 174 175 182 188
a 2 6 14 16 24 26 30 36 44 46 54 56 60 66 70 78 82 88 92 98 104 106 114 116 122 128 134 136 142 148 152 158 163 166 174 175 182 188
a 2 6 14 16 24 26 30 36 44 46 54 56 60 66 70 78 82 88 92 98 104 106 110 116 122 128 134 136 142 148 152 158 163 166 174 175 182 188
a 2 6 14 16 24 26 30 36 44 46 54 56 60 66 70 78 82 88 92 98 104 106 110 118 122 128 134 136 142 148 152 158 163 166 174 175 182 188
a 2 6 14 16 24 26 30 36 44 46 54 56 60 66 70 78 82 88 92 98 104 106 112 118 122 128 134 136 142 148 152 158 163 166 174 175 182 188
a 2 6 14 16 24 26 30 36 44 46 54 56 60 66 70 76 82 88 92 98 104 106 112 118 122 128 134 136 142 148 152 158 163 166 174 175 182 188
a 2 6 14 16 24 26 30 36 44 46 54 56 60 66 74 76 82 88 92 98 104 106 112 118 122 128 134 136 142 148 152 158 163 166 174 175 182 188
a 2 6 14 16 24 26 30 36 44 46 54 56 60 68 74 76 82 88 92 98 104 106 112 118 122 128 134 136 142 148 152 158 163 166 174 175 182 188
a 2 6 14 16 24 26 30 36 44 46 54 56 62 68 74 76 82 88 92 98 104 106 112 118 122 128 134 136 142 148 152 158 163 166 174 175 182 188
a 2 6 14 16 24 26 30 38 44 46 54 56 62 68 74 76 82 88 92 98 104 106 112 118 122 128 134 136 142 148 152 158 163 166 174 175 182 188
a 2 6 14 16 24 26 32 38 44 46 54 56 62 68 74 76 82 88 92 98 104 106 112 118 122 128 134 136 142 148 152 158 163 166 174 175 182 188
a 2 8 14 16 24 26 32 38 44 46 54 56 62 68 74 76 82 88 92 98 104 106 112 118 122 128 134 136 142 148 152 158 163 166 174 175 182 188
a 4 8 14 16 24 26 32 38 44 46 54 56 62 68 74 76 82 88 92 98 104 106 112 118 122 128 134 136 142 148 152 158 163 166 174 175 182 188
a 4 8 14 16 20 26 32 38 44 46 54 56 62 68 74 76 82 88 92 98 104 106 112 118 122 128 134 136 142 148 152 158 163 166 174 175 182 188
a 4 8 14 16 20 28 32 38 44 46 54 56 62 68 74 76 82 88 92 98 104 106 112 118 122 128 134 136 142 148 152 158 163 166 174 175 182 188
a 4 8 14 16 22 28 32 38 44 46 54 56 62 68 74 76 82 88 92 98 104 106 112 118 122 128 134 136 142 148 152 158 163 166 174 175 182 188
a 2 8 14 16 22 28 32 38 44 46 54 56 62 68 74 76 82 88 92 98 104 106 112 118 122 128 134 136 142 148 152 158 163 166 174 175 182 188
a 2 6 14 16 22 28 32 38 44 46 54 56 62 68 74 76 82 88 92 98 104 106 112 118 122 128 134 136 142 148 152 158 163 166 174 175 182 188
a 2 6 10 16 22 28 32 38 44 46 54 56 62 68 74 76 82 88 92 98 104 106 112 118 122 128 134 136 142 148 152 158 163 166 174 175 182 188
a 2 6 10 18 22 28 32 38 44 46 54 56 62 68 74 76 82 88 92 98 104 106 112 118 122 128 134 136 142 148 152 158 163 166 174 175 182 188
a 2 6 10 18 22 28 32 38 44 46 50 56 62 68 74 76 82 88 92 98 104 106 112 118 122 128 134 136 142 148 152 158 163 166 174 175 182 188
a 2 6 10 18 22 28 32 38 44 46 50 58 62 68 74 76 82 88 92 98 104 106 112 118 122 128 134 136 142 148 152 158 163 166 174 175 182 188
a 2 6 10 18 22 28 32 38 44 46 52 58 62 68 74 76 82 88 92 98 104 106 112 118 122 128 134 136 142 148 152 158 163 166 174 175 182 188
a 2 6 10 16 22 28 32 38 44 46 52 58 62 68 74 76 82 88 92 98 104 106 112 118 122 128 134 136 142 148 152 158 163 166 174 175 182 188
a 2 6 14 16 22 28 32 38 44 46 52 58 62 68 74 76 82 88 92 98 104 106 112 118 122 128 134 136 142 148 152 158 163 166 174 175 182 188
a 2 8 14 16 22 28 32 38 44 46 52 58 62 68 74 76 82 88 92 98 104 106 112 118 122 128 134 136 142 148 152 158 163 166 174 175 182 188
a 4 8 14 16 22 28 32 38 44 46 52 58 62 68 74 76 82 88 92 98 104 106 112 118 122 128 134 136 142 148 152 158 163 166 174 175 182 188
a 4 8 14 16 20 28 32 38 44 46 52 58 62 68 74 76 82 88 92 98 104 106 112 118 122 128 134 136 142 148 152 158 163 166 174 175 182 188
a 4 8 14 16 20 26 32 38 44 46 52 58 62 68 74 76 82 88 92 98 104 106 112 118 122 128 134 136 142 148 152 158 163 166 174 175 182 188
a 4 8 14 16 24 26 32 38 44 46 52 58 62 68 74 76 82 88 92 98 104 106 112 118 122 128 134 136 142 148 152 158 163 166 174 175 182 188
a 2 8 14 16 24 26 32 38 44 46 52 58 62 68 74 76 82 88 92 98 104 106 112 118 122 128 134 136 142 148 152 158 163 166 174 175 182 188
a 2 6 14 16 24 26 32 38 44 46 52 58 62 68 74 76 82 88 92 98 104 106 112 118 122 128 134 136 142 148 152 158 163 166 174 175 182 188
a 2 6 14 16 24 26 30 38 44 46 52 58 62 68 74 76 82 88 92 98 104 106 112 118 122 128 134 136 142 148 152 158 163 166 174 175 182 188
a 2 6 14 16 24 26 30 36 44 46 52 58 62 68 74 76 82 88 92 98 104 106 112 118 122 128 134 136 142 148 152 158 163 166 174 175 182 188
a 2 6 14 16 24 26 30 36 40 46 52 58 62 68 74 76 82 88 92 98 104 106 112 118 122 128 134 136 142 148 152 158 163 166 174 175 182 188
a 2 6 14 16 24 26 30 36 40 48 52 58 62 68 74 76 82 88 92 98 104 106 112 118 122 128 134 136 142 148 152 158 163 166 174 175 182 188
a 2 6 14 16 24 26 30 36 40 48 52 58 62 68 74 76 80 88 92 98 104 106 112 118 122 128 134 136 142 148 152 158 163 166 174 175 182 188
a 2 6 14 16 24 26 30 36 40 48 52 58 62 68 74 76 80 86 92 98 104 106 112 118 122 128 134 136 142 148 152 158 163 166 174 175 182 188
a 2 6 14 16 24 26 30 36 40 48 52 58 62 68 74 76 84 86 92 98 104 106 112 118 122 128 134 136 142 148 152 158 163 166 174 175 182 188
a 2 6 14 16 24 26 30 36 40 46 52 58 62 68 74 76 84 86 92 98 104 106 112 118 122 128 134 136 142 148 152 158 163 166 174 175 182 188
a 2 6 14 16 24 26 30 36 44 46 52 58 62 68 74 76 84 86 92 98 104 106 112 118 122 128 134 136 142 148 152 158 163 166 174 175 182 188
a 2 6 14 16 24 26 30 38 44 46 52 58 62 68 74 76 84 86 92 98 104 106 112 118 122 128 134 136 142 148 152 158 163 166 174 175 182 188
a 2 6 14 16 24 26 32 38 44 46 52 58 62 68 74 76 84 86 92 98 104 106 112 118 122 128 134 136 142 148 152 158 163 166 174 175 182 188
a 2 8 14 16 24 26 32 38 44 46 52 58 62 68 74 76 84 86 92 98 104 106 112 118 122 128 134 136 142 148 152 158 163 166 174 175 182 188
a 4 8 14 16 24 26 32 38 44 46 52 58 62 68 74 76 84 86 92 98 104 106 112 118 122 128 134 136 142 148 152 158 163 166 174 175 182 188
a 4 8 14 16 20 26 32 38 44 46 52 58 62 68 74 76 84 86 92 98 104 106 112 118 122 128 134 136 142 148 152 158 163 166 174 175 182 188
a 4 8 14 16 20 28 32 38 44 46 52 58 62 68 74 76 84 86 92 98 104 106 112 118 122 128 134 136 142 148 152 158 163 166 174 175 182 188
a 4 8 14 16 22 28 32 38 44 46 52 58 62 68 74 76 84 86 92 98 104 106 112 118 122 128 134 136 142 148 152 158 163 166 174 175 182 188
a 2 8 14 16 22 28 32 38 44 46 52 58 62 68 74 76 84 86 92 98 104 106 112 118 122 128 134 136 142 148 152 158 163 166 174 175 182 188
a 2 6 14 16 22 28 32 38 44 46 52 58 62 68 74 76 84 86 92 98 104 106 112 118 122 128 134 136 142 148 152 158 163 166 174 175 182 188
a 2 6 10 16 22 28 32 38 44 46 52 58 62 68 74 76 84 86 92 98 104 106 112 118 122 128 134 136 142 148 152 158 163 166 174 175 182 188
a 2 6 10 18 22 28 32 38 44 46 52 58 62 68 74 76 84 86 92 98 104 106 112 118 122 128 134 136 142 148 152 158 163 166 174 175 182 188
a 2 6 10 18 22 28 32 38 44 46 50 58 62 68 74 76 84 86 92 98 104 106 112 118 122 128 134 136 142 148 152 158 163 166 174 175 182 188
a 2 6 10 18 22 28 32 38 44 46 50 56 62 68 74 76 84 86 92 98 104 106 112 118 122 128 134 136 142 148 152 158 163 166 174 175 182 188
a 2 6 10 18 22 28 32 38 44 46 54 56 62 68 74 76 84 86 92 98 104 106 112 118 122 128 134 136 142 148 152 158 163 166 174 175 182 188
a 2 6 10 16 22 28 32 38 44 46 54 56 62 68 74 76 84 86 92 98 104 106 112 118 122 128 134 136 142 148 152 158 163 166 174 175 182 188
a 2 6 14 16 22 28 32 38 44 46 54 56 62 68 74 76 84 86 92 98 104 106 112 118 122 128 134 136 142 148 152 158 163 166 174 175 182 188
a 2 8 14 16 22 28 32 38 44 46 54 56 62 68 74 76 84 86 92 98 104 106 112 118 122 128 134 136 142 148 152 158 163 166 174 175 182 188
a 4 8 14 16 22 28 32 38 44 46 54 56 62 68 74 76 84 86 92 98 104 106 112 118 122 128 134 136 142 148 152 158 163 166 174 175 182 188
a 4 8 14 16 20 28 32 38 44 46 54 56 62 68 74 76 84 86 92 98 104 106 112 118 122 128 134 136 142 148 152 158 163 166 174 175 182 188
a 4 8 14 16 20 26 32 38 44 46 54 56 62 68 74 76 84 86 92 98 104 106 112 118 122 128 134 136 142 148 152 158 163 166 174 175 182 188
a 4 8 14 16 24 26 32 38 44 46 54 56 62 68 74 76 84 86 92 98 104 106 112 118 122 128 134 136 142 148 152 158 163 166 174 175 182 188
a 2 8 14 16 24 26 32 38 44 46 54 56 62 68 74 76 84 86 92 98 104 106 112 118 122 128 134 136 142 148 152 158 163 166 174 175 182 188
a 2 6 14 16 24 26 32 38 44 46 54 56 62 68 74 76 84 86 92 98 104 106 112 118 122 128 134 136 142 148 152 158 163 166 174 175 182 188
a 2 6 14 16 24 26 30 38 44 46 54 56 62 68 74 76 84 86 92 98 104 106 112 118 122 128 134 136 142 148 152 158 163 166 174 175 182 188
a 2 6 14 16 24 26 30 36 44 46 54 56 62 68 74 76 84 86 92 98 104 106 112 118 122 128 134 136 142 148 152 158 163 166 174 175 182 188
a 2 6 14 16 24 26 30 36 44 46 54 56 60 68 74 76 84 86 92 98 104 106 112 118 122 128 134 136 142 148 152 158 163 166 174 175 182 188
a 2 6 14 16 24 26 30 36 44 46 54 56 60 66 74 76 84 86 92 98 104 106 112 118 122 128 134 136 142 148 152 158 163 166 174 175 182 188
a 2 6 14 16 24 26 30 36 44 46 54 56 60 66 74 76 84 86 90 98 104 106 112 118 122 128 134 136 142 148 152 158 163 166 174 175 182 188
a 2 6 14 16 24 26 30 36 44 46 54 56 60 66 74 76 84 86 90 96 104 106 112 118 122 128 134 136 142 148 152 158 163 166 174 175 182 188
a 2 6 14 16 24 26 30 36 44 46 54 56 60 66 74 76 84 86 90 96 100 106 112 118 122 128 134 136 142 148 152 158 163 166 174 175 182 188
a 2 6 14 16 24 26 30 36 44 46 54 56 60 66 74 76 84 86 90 96 100 108 112 118 122 128 134 136 142 148 152 158 163 166 174 175 182 188
a 2 6 14 16 24 26 30 36 44 46 54 56 60 66 74 76 84 86 90 96 100 108 112 118 122 128 134 136 140 148 152 158 163 166 174 175 182 188
a 2 6 14 16 24 26 30 36 44 46 54 56 60 66 74 76 84 86 90 96 100 108 112 118 122 128 134 136 140 146 152 158 163 166 174 175 182 188
a 2 6 14 16 24 26 30 36 44 46 54 56 60 66 74 76 84 86 90 96 100 108 112 118 122 128 134 136 144 146 152 158 163 166 174 175 182 188
a 2 6 14 16 24 26 30 36 44 46 54 56 60 66 74 76 84 86 90 96 100 106 112 118 122 128 134 136 144 146 152 158 163 166 174 175 182 188
a 2 6 14 16 24 26 30 36 44 46 54 56 60 66 74 76 84 86 90 96 104 106 112 118 122 128 134 136 144 146 152 158 163 166 174 175 182 188
a 2 6 14 16 24 26 30 36 44 46 54 56 60 66 74 76 84 86 90 98 104 106 112 118 122 128 134 136 144 146 152 158 163 166 174 175 182 188
a 2 6 14 16 24 26 30 36 44 46 54 56 60 66 74 76 84 86 92 98 104 106 112 118 122 128 134 136 144 146 152 158 163 166 174 175 182 188
a 2 6 14 16 24 26 30 36 44 46 54 56 60 68 74 76 84 86 92 98 104 106 112 118 122 128 134 136 144 146 152 158 163 166 174 175 182 188
a 2 6 14 16 24 26 30 36 44 46 54 56 62 68 74 76 84 86 92 98 104 106 112 118 122 128 134 136 144 146 152 158 163 166 174 175 182 188
a 2 6 14 16 24 26 30 38 44 46 54 56 62 68 74 76 84 86 92 98 104 106 112 118 122 128 134 136 144 146 152 158 163 166 174 175 182 188
a 2 6 14 16 24 26 32 38 44 46 54 56 62 68 74 76 84 86 92 98 104 106 112 118 122 128 134 136 144 146 152 158 163 166 174 175 182 188
a 2 8 14 16 24 26 32 38 44 46 54 56 62 68 74 76 84 86 92 98 104 106 112 118 122 128 134 136 144 146 152 158 163 166 174 175 182 188
a 4 8 14 16 24 26 32 38 44 46 54 56 62 68 74 76 84 86 92 98 104 106 112 118 122 128 134 136 144 146 152 158 163 166 174 175 182 188
a 4 8 14 16 20 26 32 38 44 46 54 56 62 68 74 76 84 86 92 98 104 106 112 118 122 128 134 136 144 146 152 158 163 166 174 175 182 188
a 4 8 14 16 20 28 32 38 44 46 54 56 62 68 74 76 84 86 92 98 104 106 112 118 122 128 134 136 144 146 152 158 163 166 174 175 182 188
a 4 8 14 16 22 28 32 38 44 46 54 56 62 68 74 76 84 86 92 98 104 106 112 118 122 128 134 136 144 146 152 158 163 166 174 175 182 188
a 2 8 14 16 22 28 32 38 44 46 54 56 62 68 74 76 84 86 92 98 104 106 112 118 122 128 134 136 144 146 152 158 163 166 174 175 182 188
a 2 6 14 16 22 28 32 38 44 46 54 56 62 68 74 76 84 86 92 98 104 106 112 118 122 128 134 136 144 146 152 158 163 166 174 175 182 188
a 2 6 10 16 22 28 32 38 44 46 54 56 62 68 74 76 84 86 92 98 104 106 112 118 122 128 134 136 144 146 152 158 163 166 174 175 182 188
a 2 6 10 18 22 28 32 38 44 46 54 56 62 68 74 76 84 86 92 98 104 106 112 118 122 128 134 136 144 146 152 158 163 166 174 175 182 188
a 2 6 10 18 22 28 32 38 44 46 50 56 62 68 74 76 84 86 92 98 104 106 112 118 122 128 134 136 144 146 152 158 163 166 174 175 182 188
a 2 6 10 18 22 28 32 38 44 46 50 58 62 68 74 76 84 86 92 98 104 106 112 118 122 128 134 136 144 146 152 158 163 166 174 175 182 188
a 2 6 10 18 22 28 32 38 44 46 52 58 62 68 74 76 84 86 92 98 104 106 112 118 122 128 134 136 144 146 152 158 163 166 174 175 182 188
a 2 6 10 16 22 28 32 38 44 46 52 58 62 68 74 76 84 86 92 98 104 106 112 118 122 128 134 136 144 146 152 158 163 166 174 175 182 188
a 2 6 14 16 22 28 32 38 44 46 52 58 62 68 74 76 84 86 92 98 104 106 112 118 122 128 134 136 144 146 152 158 163 166 174 175 182 188
a 2 8 14 16 22 28 32 38 44 46 52 58 62 68 74 76 84 86 92 98 104 106 112 118 122 128 134 136 144 146 152 158 163 166 174 175 182 188
a 4 8 14 16 22 28 32 38 44 46 52 58 62 68 74 76 84 86 92 98 104 106 112 118 122 128 134 136 144 146 152 158 163 166 174 175 182 188
a 4 8 14 16 20 28 32 38 44 46 52 58 62 68 74 76 84 86 92 98 104 106 112 118 122 128 134 136 144 146 152 158 163 166 174 175 182 188
a 4 8 14 16 20 26 32 38 44 46 52 58 62 68 74 76 84 86 92 98 104 106 112 118 122 128 134 136 144 146 152 158 163 166 174 175 182 188
a 4 8 14 16 24 26 32 38 44 46 52 58 62 68 74 76 84 86 92 98 104 106 112 118 122 128 134 136 144 146 152 158 163 166 174 175 182 188
a 2 8 14 16 24 26 32 38 44 46 52 58 62 68 74 76 84 86 92 98 104 106 112 118 122 128 134 136 144 146 152 158 163 166 174 175 182 188
a 2 6 14 16 24 26 32 38 44 46 52 58 62 68 74 76 84 86 92 98 104 106 112 118 122 128 134 136 144 146 152 158 163 166 174 175 182 188
a 2 6 14 16 24 26 30 38 44 46 52 58 62 68 74 76 84 86 92 98 104 106 112 118 122 128 134 136 144 146 152 158 163 166 174 175 182 188
a 2 6 14 16 24 26 30 36 44 46 52 58 62 68 74 76 84 86 92 98 104 106 112 118 122 128 134 136 144 146 152 158 163 166 174 175 182 188
a 2 6 14 16 24 26 30 36 40 46 52 58 62 68 74 76 84 86 92 98 104 106 112 118 122 128 134 136 144 146 152 158 163 166 174 175 182 188
a 2 6 14 16 24 26 30 36 40 48 52 58 62 68 74 76 84 86 92 98 104 106 112 118 122 128 134 136 144 146 152 158 163 166 174 175 182 188
a 2 6 14 16 24 26 30 36 40 48 52 58 62 68 74 76 80 86 92 98 104 106 112 118 122 128 134 136 144 146 152 158 163 166 174 175 182 188
a 2 6 14 16 24 26 30 36 40 48 52 58 62 68 74 76 80 88 92 98 104 106 112 118 122 128 134 136 144 146 152 158 163 166 174 175 182 188
a 2 6 14 16 24 26 30 36 40 48 52 58 62 68 74 76 82 88 92 98 104 106 112 118 122 128 134 136 144 146 152 158 163 166 174 175 182 188
a 2 6 14 16 24 26 30 36 40 46 52 58 62 68 74 76 82 88 92 98 104 106 112 118 122 128 134 136 144 146 152 158 163 166 174 175 182 188
a 2 6 14 16 24 26 30 36 44 46 52 58 62 68 74 76 82 88 92 98 104 106 112 118 122 128 134 136 144 146 152 158 163 166 174 175 182 188
a 2 6 14 16 24 26 30 38 44 46 52 58 62 68 74 76 82 88 92 98 104 106 112 118 122 128 134 136 144 146 152 158 163 166 174 175 182 188
a 2 6 14 16 24 26 32 38 44 46 52 58 62 68 74 76 82 88 92 98 104 106 112 118 122 128 134 136 144 146 152 158 163 166 174 175 182 188
a 2 8 14 16 24 26 32 38 44 46 52 58 62 68 74 76 82 88 92 98 104 106 112 118 122 128 134 136 144 146 152 158 163 166 174 175 182 188
a 4 8 14 16 24 26 32 38 44 46 52 58 62 68 74 76 82 88 92 98 104 106 112 118 122 128 134 136 144 146 152 158 163 166 174 175 182 188
a 4 8 14 16 20 26 32 38 44 46 52 58 62 68 74 76 82 88 92 98 104 106 112 118 122 128 134 136 144 146 152 158 163 166 174 175 182 188
a 4 8 14 16 20 28 32 38 44 46 52 58 62 68 74 76 82 88 92 98 104 106 112 118 122 128 134 136 144 146 152 158 163 166 174 175 182 188
a 4 8 14 16 22 28 32 38 44 46 52 58 62 68 74 76 82 88 92 98 104 106 112 118 122 128 134 136 144 146 152 158 163 166 174 175 182 188
a 2 8 14 16 22 28 32 38 44 46 52 58 62 68 74 76 82 88 92 98 104 106 112 118 122 128 134 136 144 146 152 158 163 166 174 175 182 188
a 2 6 14 16 22 28 32 38 44 46 52 58 62 68 74 76 82 88 92 98 104 106 112 118 122 128 134 136 144 146 152 158 163 166 174 175 182 188
a 2 6 10 16 22 28 32 38 44 46 52 58 62 68 74 76 82 88 92 98 104 106 112 118 122 128 134 136 144 146 152 158 163 166 174 175 182 188
a 2 6 10 18 22 28 32 38 44 46 52 58 62 68 74 76 82 88 92 98 104 106 112 118 122 128 134 136 144 146 152 158 163 166 174 175 182 188
a 2 6 10 18 22 28 32 38 44 46 50 58 62 68 74 76 82 88 92 98 104 106 112 118 122 128 134 136 144 146 152 158 163 166 174 175 182 188
a 2 6 10 18 22 28 32 38 44 46 50 56 62 68 74 76 82 88 92 98 104 106 112 118 122 128 134 136 144 146 152 158 163 166 174 175 182 188
a 2 6 10 18 22 28 32 38 44 46 54 56 62 68 74 76 82 88 92 98 104 106 112 118 122 128 134 136 144 146 152 158 163 166 174 175 182 188
a 2 6 10 16 22 28 32 38 44 46 54 56 62 68 74 76 82 88 92 98 104 106 112 118 122 128 134 136 144 146 152 158 163 166 174 175 182 188
a 2 6 14 16 22 28 32 38 44 46 54 56 62 68 74 76 82 88 92 98 104 106 112 118 122 128 134 136 144 146 152 158 163 166 174 175 182 188
a 2 8 14 16 22 28 32 38 44 46 54 56 62 68 74 76 82 88 92 98 104 106 112 118 122 128 134 136 144 146 152 158 163 166 174 175 182 188
a 4 8 14 16 22 28 32 38 44 46 54 56 62 68 74 76 82 88 92 98 104 106 112 118 122 128 134 136 144 146 152 158 163 166 174 175 182 188
a 4 8 14 16 20 28 32 38 44 46 54 56 62 68 74 76 82 88 92 98 104 106 112 118 122 128 134 136 144 146 152 158 163 166 174 175 182 188
a 4 8 14 16 20 26 32 38 44 46 54 56 62 68 74 76 82 88 92 98 104 106 112 118 122 128 134 136 144 146 152 158 163 166 174 175 182 188
a 4 8 14 16 24 26 32 38 44 46 54 56 62 68 74 76 82 88 92 98 104 106 112 118 122 128 134 136 144 146 152 158 163 166 174 175 182 188
a 2 8 14 16 24 26 32 38 44 46 54 56 62 68 74 76 82 88 92 98 104 106 112 118 122 128 134 136 144 146 152 158 163 166 174 175 182 188
a 2 6 14 16 24 26 32 38 44 46 54 56 62 68 74 76 82 88 92 98 104 106 112 118 122 128 134 136 144 146 152 158 163 166 174 175 182 188
a 2 6 14 16 24 26 30 38 44 46 54 56 62 68 74 76 82 88 92 98 104 106 112 118 122 128 134 136 144 146 152 158 163 166 174 175 182 188
a 2 6 14 16 24 26 30 36 44 46 54 56 62 68 74 76 82 88 92 98 104 106 112 118 122 128 134 136 144 146 152 158 163 166 174 175 182 188
a 2 6 14 16 24 26 30 36 44 46 54 56 60 68 74 76 82 88 92 98 104 106 112 118 122 128 134 136 144 146 152 158 163 166 174 175 182 188
a 2 6 14 16 24 26 30 36 44 46 54 56 60 66 74 76 82 88 92 98 104 106 112 118 122 128 134 136 144 146 152 158 163 166 174 175 182 188
a 2 6 14 16 24 26 30 36 44 46 54 56 60 66 70 76 82 88 92 98 104 106 112 118 122 128 134 136 144 146 152 158 163 166 174 175 182 188
a 2 6 14 16 24 26 30 36 44 46 54 56 60 66 70 78 82 88 92 98 104 106 112 118 122 128 134 136 144 146 152 158 163 166 174 175 182 188
a 2 6 14 16 24 26 30 36 44 46 54 56 60 66 70 78 82 88 92 98 104 106 110 118 122 128 134 136 144 146 152 158 163 166 174 175 182 188
a 2 6 14 16 24 26 30 36 44 46 54 56 60 66 70 78 82 88 92 98 104 106 110 116 122 128 134 136 144 146 152 158 163 166 174 175 182 188
a 2 6 14 16 24 26 30 36 44 46 54 56 60 66 70 78 82 88 92 98 104 106 114 116 122 128 134 136 144 146 152 158 163 166 174 175 182 188
a 2 6 14 16 24 26 30 36 44 46 54 56 60 66 70 76 82 88 92 98 104 106 114 116 122 128 134 136 144 146 152 158 163 166 174 175 182 188
a 2 6 14 16 24 26 30 36 44 46 54 56 60 66 74 76 82 88 92 98 104 106 114 116 122 128 134 136 144 146 152 158 163 166 174 175 182 188
a 2 6 14 16 24 26 30 36 44 46 54 56 60 68 74 76 82 88 92 98 104 106 114 116 122 128 134 136 144 146 152 158 163 166 174 175 182 188
a 2 6 14 16 24 26 30 36 44 46 54 56 62 68 74 76 82 88 92 98 104 106 114 116 122 128 134 136 144 146 152 158 163 166 174 175 182 188
a 2 6 14 16 24 26 30 38 44 46 54 56 62 68 74 76 82 88 92 98 104 106 114 116 122 128 134 136 144 146 152 158 163 166 174 175 182 188
a 2 6 14 16 24 26 32 38 44 46 54 56 62 68 74 76 82 88 92 98 104 106 114 116 122 128 134 136 144 146 152 158 163 166 174 175 182 188
a 2 8 14 16 24 26 32 38 44 46 54 56 62 68 74 76 82 88 92 98 104 106 114 116 122 128 134 136 144 146 152 158 163 166 174 175 182 188
a 4 8 14 16 24 26 32 38 44 46 54 56 62 68 74 76 82 88 92 98 104 106 114 116 122 128 134 136 144 146 152 158 163 166 174 175 182 188
a 4 8 14 16 20 26 32 38 44 46 54 56 62 68 74 76 82 88 92 98 104 106 114 116 122 128 134 136 144 146 152 158 163 166 174 175 182 188
a 4 8 14 16 20 28 32 38 44 46 54 56 62 68 74 76 82 88 92 98 104 106 114 116 122 128 134 136 144 146 152 158 163 166 174 175 182 188
a 4 8 14 16 22 28 32 38 44 46 54 56 62 68 74 76 82 88 92 98 104 106 114 116 122 128 134 136 144 146 152 158 163 166 174 175 182 188
a 2 8 14 16 22 28 32 38 44 46 54 56 62 68 74 76 82 88 92 98 104 106 114 116 122 128 134 136 144 146 152 158 163 166 174 175 182 188
a 2 6 14 16 22 28 32 38 44 46 54 56 62 68 74 76 82 88 92 98 104 106 114 116 122 128 134 136 144 146 152 158 163 166 174 175 182 188
a 2 6 10 16 22 28 32 38 44 46 54 56 62 68 74 76 82 88 92 98 104 106 114 116 122 128 134 136 144 146 152 158 163 166 174 175 182 188
a 2 6 10 18 22 28 32 38 44 46 54 56 62 68 74 76 82 88 92 98 104 106 114 116 122 128 134 136 144 146 152 158 163 166 174 175 182 188
a 2 6 10 18 22 28 32 38 44 46 50 56 62 68 74 76 82 88 92 98 104 106 114 116 122 128 134 136 144 146 152 158 163 166 174 175 182 188
a 2 6 10 18 22 28 32 38 44 46 50 58 62 68 74 76 82 88 92 98 104 106 114 116 122 128 134 136 144 146 152 158 163 166 174 175 182 188
a 2 6 10 18 22 28 32 38 44 46 52 58 62 68 74 76 82 88 92 98 104 106 114 116 122 128 134 136 144 146 152 158 163 166 174 175 182 188
a 2 6 10 16 22 28 32 38 44 46 52 58 62 68 74 76 82 88 92 98 104 106 114 116 122 128 134 136 144 146 152 158 163 166 174 175 182 188
a 2 6 14 16 22 28 32 38 44 46 52 58 62 68 74 76 82 88 92 98 104 106 114 116 122 128 134 136 144 146 152 158 163 166 174 175 182 188
a 2 8 14 16 22 28 32 38 44 46 52 58 62 68 74 76 82 88 92 98 104 106 114 116 122 128 134 136 144 146 152 158 163 166 174 175 182 188
a 4 8 14 16 22 28 32 38 44 46 52 58 62 68 74 76 82 88 92 98 104 106 114 116 122 128 134 136 144 146 152 158 163 166 174 175 182 188
a 4 8 14 16 20 28 32 38 44 46 52 58 62 68 74 76 82 88 92 98 104 106 114 116 122 128 134 136 144 146 152 158 163 166 174 175 182 188
a 4 8 14 16 20 26 32 38 44 46 52 58 62 68 74 76 82 88 92 98 104 106 114 116 122 128 134 136 144 146 152 158 163 166 174 175 182 188
a 4 8 14 16 24 26 32 38 44 46 52 58 62 68 74 76 82 88 92 98 104 106 114 116 122 128 134 136 144 146 152 158 163 166 174 175 182 188
a 2 8 14 16 24 26 32 38 44 46 52 58 62 68 74 76 82 88 92 98 104 106 114 116 122 128 134 136 144 146 152 158 163 166 174 175 182 188
a 2 6 14 16 24 26 32 38 44 46 52 58 62 68 74 76 82 88 92 98 104 106 114 116 122 128 134 136 144 146 152 158 163 166 174 175 182 188
a 2 6 14 16 24 26 30 38 44 46 52 58 62 68 74 76 82 88 92 98 104 106 114 116 122 128 134 136 144 146 152 158 163 166 174 175 182 188
a 2 6 14 16 24 26 30 36 44 46 52 58 62 68 74 76 82 88 92 98 104 106 114 116 122 128 134 136 144 146 152 158 163 166 174 175 182 188
a 2 6 14 16 24 26 30 36 40 46 52 58 62 68 74 76 82 88 92 98 104 106 114 116 122 128 134 136 144 146 152 158 163 166 174 175 182 188
a 2 6 14 16 24 26 30 36 40 48 52 58 62 68 74 76 82 88 92 98 104 106 114 116 122 128 134 136 144 146 152 158 163 166 174 175 182 188
a 2 6 14 16 24 26 30 36 40 48 52 58 62 68 74 76 80 88 92 98 104 106 114 116 122 128 134 136 144 146 152 158 163 166 174 175 182 188
a 2 6 14 16 24 26 30 36 40 48 52 58 62 68 74 76 80 86 92 98 104 106 114 116 122 128 134 136 144 146 152 158 163 166 174 175 182 188
a 2 6 14 16 24 26 30 36 40 48 52 58 62 68 74 76 84 86 92 98 104 106 114 116 122 128 134 136 144 146 152 158 163 166 174 175 182 188
a 2 6 14 16 24 26 30 36 40 46 52 58 62 68 74 76 84 86 92 98 104 106 114 116 122 128 134 136 144 146 152 158 163 166 174 175 182 188
a 2 6 14 16 24 26 30 36 44 46 52 58 62 68 74 76 84 86 92 98 104 106 114 116 122 128 134 136 144 146 152 158 163 166 174 175 182 188
a 2 6 14 16 24 26 30 38 44 46 52 58 62 68 74 76 84 86 92 98 104 106 114 116 122 128 134 136 144 146 152 158 163 166 174 175 182 188
a 2 6 14 16 24 26 32 38 44 46 52 58 62 68 74 76 84 86 92 98 104 106 114 116 122 128 134 136 144 146 152 158 163 166 174 175 182 188
a 2 8 14 16 24 26 32 38 44 46 52 58 62 68 74 76 84 86 92 98 104 106 114 116 122 128 134 136 144 146 152 158 163 166 174 175 182 188
a 4 8 14 16 24 26 32 38 44 46 52 58 62 68 74 76 84 86 92 98 104 106 114 116 122 128 134 136 144 146 152 158 163 166 174 175 182 188
a 4 8 14 16 20 26 32 38 44 46 52 58 62 68 74 76 84 86 92 98 104 106 114 116 122 128 134 136 144 146 152 158 163 166 174 175 182 188
a 4 8 14 16 20 28 32 38 44 46 52 58 62 68 74 76 84 86 92 98 104 106 114 116 122 128 134 136 144 146 152 158 163 166 174 175 182 188
a 4 8 14 16 22 28 32 38 44 46 52 58 62 68 74 76 84 86 92 98 104 106 114 116 122 128 134 136 144 146 152 158 163 166 174 175 182 188
a 2 8 14 16 22 28 32 38 44 46 52 58 62 68 74 76 84 86 92 98 104 106 114 116 122 128 134 136 144 146 152 158 163 166 174 175 182 188
a 2 6 14 16 22 28 32 38 44 46 52 58 62 68 74 76 84 86 92 98 104 106 114 116 122 128 134 136 144 146 152 158 163 166 174 175 182 188
a 2 6 10 16 22 28 32 38 44 46 52 58 62 68 74 76 84 86 92 98 104 106 114 116 122 128 134 136 144 146 152 158 163 166 174 175 182 188
a 2 6 10 18 22 28 32 38 44 46 52 58 62 68 74 76 84 86 92 98 104 106 114 116 122 128 134 136 144 146 152 158 163 166 174 175 182 188
a 2 6 10 18 22 28 32 38 44 46 50 58 62 68 74 76 84 86 92 98 104 106 114 116 122 128 134 136 144 146 152 158 163 166 174 175 182 188
a 2 6 10 18 22 28 32 38 44 46 50 56 62 68 74 76 84 86 92 98 104 106 114 116 122 128 134 136 144 146 152 158 163 166 174 175 182 188
a 2 6 10 18 22 28 32 38 44 46 54 56 62 68 74 76 84 86 92 98 104 106 114 116 122 128 134 136 144 146 152 158 163 166 174 175 182 188
a 2 6 10 16 22 28 32 38 44 46 54 56 62 68 74 76 84 86 92 98 104 106 114 116 122 128 134 136 144 146 152 158 163 166 174 175 182 188
a 2 6 14 16 22 28 32 38 44 46 54 56 62 68 74 76 84 86 92 98 104 106 114 116 122 128 134 136 144 146 152 158 163 166 174 175 182 188
a 2 8 14 16 22 28 32 38 44 46 54 56 62 68 74 76 84 86 92 98 104 106 114 116 122 128 134 136 144 146 152 158 163 166 174 175 182 188
a 4 8 14 16 22 28 32 38 44 46 54 56 62 68 74 76 84 86 92 98 104 106 114 116 122 128 134 136 144 146 152 158 163 166 174 175 182 188
a 4 8 14 16 20 28 32 38 44 46 54 56 62 68 74 76 84 86 92 98 104 106 114 116 122 128 134 136 144 146 152 158 163 166 174 175 182 188
a 4 8 14 16 20 26 32 38 44 46 54 56 62 68 74 76 84 86 92 98 104 106 114 116 122 128 134 136 144 146 152 158 163 166 174 175 182 188
a 4 8 14 16 24 26 32 38 44 46 54 56 62 68 74 76 84 86 92 98 104 106 114 116 122 128 134 136 144 146 152 158 163 166 174 175 182 188
a 2 8 14 16 24 26 32 38 44 46 54 56 62 68 74 76 84 86 92 98 104 106 114 116 122 128 134 136 144 146 152 158 163 166 174 175 182 188
a 2 6 14 16 24 26 32 38 44 46 54 56 62 68 74 76 84 86 92 98 104 106 114 116 122 128 134 136 144 146 152 158 163 166 174 175 182 188
a 2 6 14 16 24 26 30 38 44 46 54 56 62 68 74 76 84 86 92 98 104 106 114 116 122 128 134 136 144 146 152 158 163 166 174 175 182 188
a 2 6 14 16 24 26 30 36 44 46 54 56 62 68 74 76 84 86 92 98 104 106 114 116 122 128 134 136 144 146 152 158 163 166 174 175 182 188
a 2 6 14 16 24 26 30 36 44 46 54 56 60 68 74 76 84 86 92 98 104 106 114 116 122 128 134 136 144 146 152 158 163 166 174 175 182 188
a 2 6 14 16 24 26 30 36 44 46 54 56 60 66 74 76 84 86 92 98 104 106 114 116 122 128 134 136 144 146 152 158 163 166 174 175 182 188
a 2 6 14 16 24 26 30 36 44 46 54 56 60 66 74 76 84 86 90 98 104 106 114 116 122 128 134 136 144 146 152 158 163 166 174 175 182 188
a 2 6 14 16 24 26 30 36 44 46 54 56 60 66 74 76 84 86 90 96 104 106 114 116 122 128 134 136 144 146 152 158 163 166 174 175 182 188
a 2 6 14 16 24 26 30 36 44 46 54 56 60 66 74 76 84 86 90 96 104 106 114 116 120 128 134 136 144 146 152 158 163 166 174 175 182 188
a 2 6 14 16 24 26 30 36 44 46 54 56 60 66 74 76 84 86 90 96 104 106 114 116 120 126 134 136 144 146 152 158 163 166 174 175 182 188
a 2 6 14 16 24 26 30 36 44 46 54 56 60 66 74 76 84 86 90 96 104 106 114 116 120 126 134 136 144 146 150 158 163 166 174 175 182 188
a 2 6 14 16 24 26 30 36 44 46 54 56 60 66 74 76 84 86 90 96 104 106 114 116 120 126 134 136 144 146 150 156 163 166 174 175 182 188
a 2 6 14 16 24 26 30 36 44 46 54 56 60 66 74 76 84 86 90 96 104 106 114 116 120 126 134 136 144 146 150 156 163 166 174 175 180 188
a 2 6 14 16 24 26 30 36 44 46 54 56 60 66 74 76 84 86 90 96 104 106 114 116 120 126 134 136 144 146 150 156 163 166 174 175 180 185
a 2 6 14 16 24 26 30 36 44 46 54 56 60 66 74 76 84 86 90 96 104 106 114 116 120 126 134 136 144 146 150 156 163 166 174 175 183 185
a 2 6 14 16 24 26 30 36 44 46 54 56 60 66 74 76 84 86 90 96 104 106 114 116 120 126 134 136 144 146 150 157 163 166 174 175 183 185
a 2 6 14 16 24 26 30 36 44 46 54 56 60 66 74 76 84 86 90 96 104 106 114 116 120 126 134 136 144 146 151 157 163 166 174 175 183 185
a 2 6 14 16 24 26 30 36 44 46 54 56 60 66 74 76 84 86 90 96 104 106 114 116 120 128 134 136 144 146 151 157 163 166 174 175 183 185
a 2 6 14 16 24 26 30 36 44 46 54 56 60 66 74 76 84 86 90 96 104 106 114 116 122 128 134 136 144 146 151 157 163 166 174 175 183 185
a 2 6 14 16 24 26 30 36 44 46 54 56 60 66 74 76 84 86 90 98 104 106 114 116 122 128 134 136 144 146 151 157 163 166 174 175 183 185
a 2 6 14 16 24 26 30 36 44 46 54 56 60 66 74 76 84 86 92 98 104 106 114 116 122 128 134 136 144 146 151 157 163 166 174 175 183 185
a 2 6 14 16 24 26 30 36 44 46 54 56 60 68 74 76 84 86 92 98 104 106 114 116 122 128 134 136 144 146 151 157 163 166 174 175 183 185
a 2 6 14 16 24 26 30 36 44 46 54 56 62 68 74 76 84 86 92 98 104 106 114 116 122 128 134 136 144 146 151 157 163 166 174 175 183 185
a 2 6 14 16 24 26 30 38 44 46 54 56 62 68 74 76 84 86 92 98 104 106 114 116 122 128 134 136 144 146 151 157 163 166 174 175 183 185
a 2 6 14 16 24 26 32 38 44 46 54 56 62 68 74 76 84 86 92 98 104 106 114 116 122 128 134 136 144 146 151 157 163 166 174 175 183 185
a 2 8 14 16 24 26 32 38 44 46 54 56 62 68 74 76 84 86 92 98 104 106 114 116 122 128 134 136 144 146 151 157 163 166 174 175 183 185
a 4 8 14 16 24 26 32 38 44 46 54 56 62 68 74 76 84 86 92 98 104 106 114 116 122 128 134 136 144 146 151 157 163 166 174 175 183 185
a 4 8 14 16 20 26 32 38 44 46 54 56 62 68 74 76 84 86 92 98 104 106 114 116 122 128 134 136 144 146 151 157 163 166 174 175 183 185
a 4 8 14 16 20 28 32 38 44 46 54 56 62 68 74 76 84 86 92 98 104 106 114 116 122 128 134 136 144 146 151 157 163 166 174 175 183 185
a 4 8 14 16 22 28 32 38 44 46 54 56 62 68 74 76 84 86 92 98 104 106 114 116 122 128 134 136 144 146 151 157 163 166 174 175 183 185
a 2 8 14 16 22 28 32 38 44 46 54 56 62 68 74 76 84 86 92 98 104 106 114 116 122 128 134 136 144 146 151 157 163 166 174 175 183 185
a 2 6 14 16 22 28 32 38 44 46 54 56 62 68 74 76 84 86 92 98 104 106 114 116 122 128 134 136 144 146 151 157 163 166 174 175 183 185
a 2 6 10 16 22 28 32 38 44 46 54 56 62 68 74 76 84 86 92 98 104 106 114 116 122 128 134 136 144 146 151 157 163 166 174 175 183 185
a 2 6 10 18 22 28 32 38 44 46 54 56 62 68 74 76 84 86 92 98 104 106 114 116 122 128 134 136 144 146 151 157 163 166 174 175 183 185
a 2 6 10 18 22 28 32 38 44 46 50 56 62 68 74 76 84 86 92 98 104 106 114 116 122 128 134 136 144 146 151 157 163 166 174 175 183 185
a 2 6 10 18 22 28 32 38 44 46 50 58 62 68 74 76 84 86 92 98 104 106 114 116 122 128 134 136 144 146 151 157 163 166 174 175 183 185
a 2 6 10 18 22 28 32 38 44 46 52 58 62 68 74 76 84 86 92 98 104 106 114 116 122 128 134 136 144 146 151 157 163 166 174 175 183 185
a 2 6 10 16 22 28 32 38 44 46 52 58 62 68 74 76 84 86 92 98 104 106 114 116 122 128 134 136 144 146 151 157 163 166 174 175 183 185
a 2 6 14 16 22 28 32 38 44 46 52 58 62 68 74 76 84 86 92 98 104 106 114 116 122 128 134 136 144 146 151 157 163 166 174 175 183 185
a 2 8 14 16 22 28 32 38 44 46 52 58 62 68 74 76 84 86 92 98 104 106 114 116 122 128 134 136 144 146 151 157 163 166 174 175 183 185
a 4 8 14 16 22 28 32 38 44 46 52 58 62 68 74 76 84 86 92 98 104 106 114 116 122 128 134 136 144 146 151 157 163 166 174 175 183 185
a 4 8 14 16 20 28 32 38 44 46 52 58 62 68 74 76 84 86 92 98 104 106 114 116 122 128 134 136 144 146 151 157 163 166 174 175 183 185
a 4 8 14 16 20 26 32 38 44 46 52 58 62 68 74 76 84 86 92 98 104 106 114 116 122 128 134 136 144 146 151 157 163 166 174 175 183 185
a 4 8 14 16 24 26 32 38 44 46 52 58 62 68 74 76 84 86 92 98 104 106 114 116 122 128 134 136 144 146 151 157 163 166 174 175 183 185
a 2 8 14 16 24 26 32 38 44 46 52 58 62 68 74 76 84 86 92 98 104 106 114 116 122 128 134 136 144 146 151 157 163 166 174 175 183 185
a 2 6 14 16 24 26 32 38 44 46 52 58 62 68 74 76 84 86 92 98 104 106 114 116 122 128 134 136 144 146 151 157 163 166 174 175 183 185
a 2 6 14 16 24 26 30 38 44 46 52 58 62 68 74 76 84 86 92 98 104 106 114 116 122 128 134 136 144 146 151 157 163 166 174 175 183 185
a 2 6 14 16 24 26 30 36 44 46 52 58 62 68 74 76 84 86 92 98 104 106 114 116 122 128 134 136 144 146 151 157 163 166 174 175 183 185
a 2 6 14 16 24 26 30 36 40 46 52 58 62 68 74 76 84 86 92 98 104 106 114 116 122 128 134 136 144 146 151 157 163 166 174 175 183 185
a 2 6 14 16 24 26 30 36 40 48 52 58 62 68 74 76 84 86 92 98 104 106 114 116 122 128 134 136 144 146 151 157 163 166 174 175 183 185
a 2 6 14 16 24 26 30 36 40 48 52 58 62 68 74 76 80 86 92 98 104 106 114 116 122 128 134 136 144 146 151 157 163 166 174 175 183 185
a 2 6 14 16 24 26 30 36 40 48 52 58 62 68 74 76 80 88 92 98 104 106 114 116 122 128 134 136 144 146 151 157 163 166 174 175 183 185
a 2 6 14 16 24 26 30 36 40 48 52 58 62 68 74 76 82 88 92 98 104 106 114 116 122 128 134 136 144 146 151 157 163 166 174 175 183 185
a 2 6 14 16 24 26 30 36 40 46 52 58 62 68 74 76 82 88 92 98 104 106 114 116 122 128 134 136 144 146 151 157 163 166 174 175 183 185
a 2 6 14 16 24 26 30 36 44 46 52 58 62 68 74 76 82 88 92 98 104 106 114 116 122 128 134 136 144 146 151 157 163 166 174 175 183 185
a 2 6 14 16 24 26 30 38 44 46 52 58 62 68 74 76 82 88 92 98 104 106 114 116 122 128 134 136 144 146 151 157 163 166 174 175 183 185
a 2 6 14 16 24 26 32 38 44 46 52 58 62 68 74 76 82 88 92 98 104 106 114 116 122 128 134 136 144 146 151 157 163 166 174 175 183 185
a 2 8 14 16 24 26 32 38 44 46 52 58 62 68 74 76 82 88 92 98 104 106 114 116 122 128 134 136 144 146 151 157 163 166 174 175 183 185
a 4 8 14 16 24 26 32 38 44 46 52 58 62 68 74 76 82 88 92 98 104 106 114 116 122 128 134 136 144 146 151 157 163 166 174 175 183 185
a 4 8 14 16 20 26 32 38 44 46 52 58 62 68 74 76 82 88 92 98 104 106 114 116 122 128 134 136 144 146 151 157 163 166 174 175 183 185
a 4 8 14 16 20 28 32 38 44 46 52 58 62 68 74 76 82 88 92 98 104 106 114 116 122 128 134 136 144 146 151 157 163 166 174 175 183 185
a 4 8 14 16 22 28 32 38 44 46 52 58 62 68 74 76 82 88 92 98 104 106 114 116 122 128 134 136 144 146 151 157 163 166 174 175 183 185
a 2 8 14 16 22 28 32 38 44 46 52 58 62 68 74 76 82 88 92 98 104 106 114 116 122 128 134 136 144 146 151 157 163 166 174 175 183 185
a 2 6 14 16 22 28 32 38 44 46 52 58 62 68 74 76 82 88 92 98 104 106 114 116 122 128 134 136 144 146 151 157 163 166 174 175 183 185
a 2 6 10 16 22 28 32 38 44 46 52 58 62 68 74 76 82 88 92 98 104 106 114 116 122 128 134 136 144 146 151 157 163 166 174 175 183 185
a 2 6 10 18 22 28 32 38 44 46 52 58 62 68 74 76 82 88 92 98 104 106 114 116 122 128 134 136 144 146 151 157 163 166 174 175 183 185
a 2 6 10 18 22 28 32 38 44 46 50 58 62 68 74 76 82 88 92 98 104 106 114 116 122 128 134 136 144 146 151 157 163 166 174 175 183 185
a 2 6 10 18 22 28 32 38 44 46 50 56 62 68 74 76 82 88 92 98 104 106 114 116 122 128 134 136 144 146 151 157 163 166 174 175 183 185
a 2 6 10 18 22 28 32 38 44 46 54 56 62 68 74 76 82 88 92 98 104 106 114 116 122 128 134 136 144 146 151 157 163 166 174 175 183 185
a 2 6 10 16 22 28 32 38 44 46 54 56 62 68 74 76 82 88 92 98 104 106 114 116 122 128 134 136 144 146 151 157 163 166 174 175 183 185
a 2 6 14 16 22 28 32 38 44 46 54 56 62 68 74 76 82 88 92 98 104 106 114 116 122 128 134 136 144 146 151 157 163 166 174 175 183 185
a 2 8 14 16 22 28 32 38 44 46 54 56 62 68 74 76 82 88 92 98 104 106 114 116 122 128 134 136 144 146 151 157 163 166 174 175 183 185
a 4 8 14 16 22 28 32 38 44 46 54 56 62 68 74 76 82 88 92 98 104 106 114 116 122 128 134 136 144 146 151 157 163 166 174 175 183 185
a 4 8 14 16 20 28 32 38 44 46 54 56 62 68 74 76 82 88 92 98 104 106 114 116 122 128 134 136 144 146 151 157 163 166 174 175 183 185
a 4 8 14 16 20 26 32 38 44 46 54 56 62 68 74 76 82 88 92 98 104 106 114 116 122 128 134 136 144 146 151 157 163 166 174 175 183 185
a 4 8 14 16 24 26 32 38 44 46 54 56 62 68 74 76 82 88 92 98 104 106 114 116 122 128 134 136 144 146 151 157 163 166 174 175 183 185
a 2 8 14 16 24 26 32 38 44 46 54 56 62 68 74 76 82 88 92 98 104 106 114 116 122 128 134 136 144 146 151 157 163 166 174 175 183 185
a 2 6 14 16 24 26 32 38 44 46 54 56 62 68 74 76 82 88 92 98 104 106 114 116 122 128 134 136 144 146 151 157 163 166 174 175 183 185
a 2 6 14 16 24 26 30 38 44 46 54 56 62 68 74 76 82 88 92 98 104 106 114 116 122 128 134 136 144 146 151 157 163 166 174 175 183 185
a 2 6 14 16 24 26 30 36 44 46 54 56 62 68 74 76 82 88 92 98 104 106 114 116 122 128 134 136 144 146 151 157 163 166 174 175 183 185
a 2 6 14 16 24 26 30 36 44 46 54 56 60 68 74 76 82 88 92 98 104 106 114 116 122 128 134 136 144 146 151 157 163 166 174 175 183 185
a 2 6 14 16 24 26 30 36 44 46 54 56 60 66 74 76 82 88 92 98 104 106 114 116 122 128 134 136 144 146 151 157 163 166 174 175 183 185
a 2 6 14 16 24 26 30 36 44 46 54 56 60 66 70 76 82 88 92 98 104 106 114 116 122 128 134 136 144 146 151 157 163 166 174 175 183 185
a 2 6 14 16 24 26 30 36 44 46 54 56 60 66 70 78 82 88 92 98 104 106 114 116 122 128 134 136 144 146 151 157 163 166 174 175 183 185
a 2 6 14 16 24 26 30 36 44 46 54 56 60 66 70 78 82 88 92 98 104 106 110 116 122 128 134 136 144 146 151 157 163 166 174 175 183 185
a 2 6 14 16 24 26 30 36 44 46 54 56 60 66 70 78 82 88 92 98 104 106 110 118 122 128 134 136 144 146 151 157 163 166 174 175 183 185
a 2 6 14 16 24 26 30 36 44 46 54 56 60 66 70 78 82 88 92 98 104 106 112 118 122 128 134 136 144 146 151 157 163 166 174 175 183 185
a 2 6 14 16 24 26 30 36 44 46 54 56 60 66 70 76 82 88 92 98 104 106 112 118 122 128 134 136 144 146 151 157 163 166 174 175 183 185
a 2 6 14 16 24 26 30 36 44 46 54 56 60 66 74 76 82 88 92 98 104 106 112 118 122 128 134 136 144 146 151 157 163 166 174 175 183 185
a 2 6 14 16 24 26 30 36 44 46 54 56 60 68 74 76 82 88 92 98 104 106 112 118 122 128 134 136 144 146 151 157 163 166 174 175 183 185
a 2 6 14 16 24 26 30 36 44 46 54 56 62 68 74 76 82 88 92 98 104 106 112 118 122 128 134 136 144 146 151 157 163 166 174 175 183 185
a 2 6 14 16 24 26 30 38 44 46 54 56 62 68 74 76 82 88 92 98 104 106 112 118 122 128 134 136 144 146 151 157 163 166 174 175 183 185
a 2 6 14 16 24 26 32 38 44 46 54 56 62 68 74 76 82 88 92 98 104 106 112 118 122 128 134 136 144 146 151 157 163 166 174 175 183 185
a 2 8 14 16 24 26 32 38 44 46 54 56 62 68 74 76 82 88 92 98 104 106 112 118 122 128 134 136 144 146 151 157 163 166 174 175 183 185
a 4 8 14 16 24 26 32 38 44 46 54 56 62 68 74 76 82 88 92 98 104 106 112 118 122 128 134 136 144 146 151 157 163 166 174 175 183 185
a 4 8 14 16 20 26 32 38 44 46 54 56 62 68 74 76 82 88 92 98 104 106 112 118 122 128 134 136 144 146 151 157 163 166 174 175 183 185
a 4 8 14 16 20 28 32 38 44 46 54 56 62 68 74 76 82 88 92 98 104 106 112 118 122 128 134 136 144 146 151 157 163 166 174 175 183 185
a 4 8 14 16 22 28 32 38 44 46 54 56 62 68 74 76 82 88 92 98 104 106 112 118 122 128 134 136 144 146 151 157 163 166 174 175 183 185
a 2 8 14 16 22 28 32 38 44 46 54 56 62 68 74 76 82 88 92 98 104 106 112 118 122 128 134 136 144 146 151 157 163 166 174 175 183 185
a 2 6 14 16 22 28 32 38 44 46 54 56 62 68 74 76 82 88 92 98 104 106 112 118 122 128 134 136 144 146 151 157 163 166 174 175 183 185
a 2 6 10 16 22 28 32 38 44 46 54 56 62 68 74 76 82 88 92 98 104 106 112 118 122 128 134 136 144 146 151 157 163 166 174 175 183 185
a 2 6 10 18 22 28 32 38 44 46 54 56 62 68 74 76 82 88 92 98 104 106 112 118 122 128 134 136 144 146 151 157 163 166 174 175 183 185
a 2 6 10 18 22 28 32 38 44 46 50 56 62 68 74 76 82 88 92 98 104 106 112 118 122 128 134 136 144 146 151 157 163 166 174 175 183 185
a 2 6 10 18 22 28 32 38 44 46 50 58 62 68 74 76 82 88 92 98 104 106 112 118 122 128 134 136 144 146 151 157 163 166 174 175 183 185
a 2 6 10 18 22 28 32 38 44 46 52 58 62 68 74 76 82 88 92 98 104 106 112 118 122 128 134 136 144 146 151 157 163 166 174 175 183 185
a 2 6 10 16 22 28 32 38 44 46 52 58 62 68 74 76 82 88 92 98 104 106 112 118 122 128 134 136 144 146 151 157 163 166 174 175 183 185
a 2 6 14 16 22 28 32 38 44 46 52 58 62 68 74 76 82 88 92 98 104 106 112 118 122 128 134 136 144 146 151 157 163 166 174 175 183 185
a 2 8 14 16 22 28 32 38 44 46 52 58 62 68 74 76 82 88 92 98 104 106 112 118 122 128 134 136 144 146 151 157 163 166 174 175 183 185
a 4 8 14 16 22 28 32 38 44 46 52 58 62 68 74 76 82 88 92 98 104 106 112 118 122 128 134 136 144 146 151 157 163 166 174 175 183 185
a 4 8 14 16 20 28 32 38 44 46 52 58 62 68 74 76 82 88 92 98 104 106 112 118 122 128 134 136 144 146 151 157 163 166 174 175 183 185
a 4 8 14 16 20 26 32 38 44 46 52 58 62 68 74 76 82 88 92 98 104 106 112 118 122 128 134 136 144 146 151 157 163 166 174 175 183 185
a 4 8 14 16 24 26 32 38 44 46 52 58 62 68 74 76 82 88 92 98 104 106 112 118 122 128 134 136 144 146 151 157 163 166 174 175 183 185
a 2 8 14 16 24 26 32 38 44 46 52 58 62 68 74 76 82 88 92 98 104 106 112 118 122 128 134 136 144 146 151 157 163 166 174 175 183 185
a 2 6 14 16 24 26 32 38 44 46 52 58 62 68 74 76 82 88 92 98 104 106 112 118 122 128 134 136 144 146 151 157 163 166 174 175 183 185
a 2 6 14 16 24 26 30 38 44 46 52 58 62 68 74 76 82 88 92 98 104 106 112 118 122 128 134 136 144 146 151 157 163 166 174 175 183 185
a 2 6 14 16 24 26 30 36 44 46 52 58 62 68 74 76 82 88 92 98 104 106 112 118 122 128 134 136 144 146 151 157 163 166 174 175 183 185
a 2 6 14 16 24 26 30 36 40 46 52 58 62 68 74 76 82 88 92 98 104 106 112 118 122 128 134 136 144 146 151 157 163 166 174 175 183 185
a 2 6 14 16 24 26 30 36 40 48 52 58 62 68 74 76 82 88 92 98 104 106 112 118 122 128 134 136 144 146 151 157 163 166 174 175 183 185
a 2 6 14 16 24 26 30 36 40 48 52 58 62 68 74 76 80 88 92 98 104 106 112 118 122 128 134 136 144 146 151 157 163 166 174 175 183 185
a 2 6 14 16 24 26 30 36 40 48 52 58 62 68 74 76 80 86 92 98 104 106 112 118 122 128 134 136 144 146 151 157 163 166 174 175 183 185
a 2 6 14 16 24 26 30 36 40 48 52 58 62 68 74 76 84 86 92 98 104 106 112 118 122 128 134 136 144 146 151 157 163 166 174 175 183 185
a 2 6 14 16 24 26 30 36 40 46 52 58 62 68 74 76 84 86 92 98 104 106 112 118 122 128 134 136 144 146 151 157 163 166 174 175 183 185
a 2 6 14 16 24 26 30 36 44 46 52 58 62 68 74 76 84 86 92 98 104 106 112 118 122 128 134 136 144 146 151 157 163 166 174 175 183 185
a 2 6 14 16 24 26 30 38 44 46 52 58 62 68 74 76 84 86 92 98 104 106 112 118 122 128 134 136 144 146 151 157 163 166 174 175 183 185
a 2 6 14 16 24 26 32 38 44 46 52 58 62 68 74 76 84 86 92 98 104 106 112 118 122 128 134 136 144 146 151 157 163 166 174 175 183 185
a 2 8 14 16 24 26 32 38 44 46 52 58 62 68 74 76 84 86 92 98 104 106 112 118 122 128 134 136 144 146 151 157 163 166 174 175 183 185
a 4 8 14 16 24 26 32 38 44 46 52 58 62 68 74 76 84 86 92 98 104 106 112 118 122 128 134 136 144 146 151 157 163 166 174 175 183 185
a 4 8 14 16 20 26 32 38 44 46 52 58 62 68 74 76 84 86 92 98 104 106 112 118 122 128 134 136 144 146 151 157 163 166 174 175 183 185
a 4 8 14 16 20 28 32 38 44 46 52 58 62 68 74 76 84 86 92 98 104 106 112 118 122 128 134 136 144 146 151 157 163 166 174 175 183 185
a 4 8 14 16 22 28 32 38 44 46 52 58 62 68 74 76 84 86 92 98 104 106 112 118 122 128 134 136 144 146 151 157 163 166 174 175 183 185
a 2 8 14 16 22 28 32 38 44 46 52 58 62 68 74 76 84 86 92 98 104 106 112 118 122 128 134 136 144 146 151 157 163 166 174 175 183 185
a 2 6 14 16 22 28 32 38 44 46 52 58 62 68 74 76 84 86 92 98 104 106 112 118 122 128 134 136 144 146 151 157 163 166 174 175 183 185
a 2 6 10 16 22 28 32 38 44 46 52 58 62 68 74 76 84 86 92 98 104 106 112 118 122 128 134 136 144 146 151 157 163 166 174 175 183 185
a 2 6 10 18 22 28 32 38 44 46 52 58 62 68 74 76 84 86 92 98 104 106 112 118 122 128 134 136 144 146 151 157 163 166 174 175 183 185
a 2 6 10 18 22 28 32 38 44 46 50 58 62 68 74 76 84 86 92 98 104 106 112 118 122 128 134 136 144 146 151 157 163 166 174 175 183 185
a 2 6 10 18 22 28 32 38 44 46 50 56 62 68 74 76 84 86 92 98 104 106 112 118 122 128 134 136 144 146 151 157 163 166 174 175 183 185
a 2 6 10 18 22 28 32 38 44 46 54 56 62 68 74 76 84 86 92 98 104 106 112 118 122 128 134 136 144 146 151 157 163 166 174 175 183 185
a 2 6 10 16 22 28 32 38 44 46 54 56 62 68 74 76 84 86 92 98 104 106 112 118 122 128 134 136 144 146 151 157 163 166 174 175 183 185
a 2 6 14 16 22 28 32 38 44 46 54 56 62 68 74 76 84 86 92 98 104 106 112 118 122 128 134 136 144 146 151 157 163 166 174 175 183 185
a 2 8 14 16 22 28 32 38 44 46 54 56 62 68 74 76 84 86 92 98 104 106 112 118 122 128 134 136 144 146 151 157 163 166 174 175 183 185
a 4 8 14 16 22 28 32 38 44 46 54 56 62 68 74 76 84 86 92 98 104 106 112 118 122 128 134 136 144 146 151 157 163 166 174 175 183 185
a 4 8 14 16 20 28 32 38 44 46 54 56 62 68 74 76 84 86 92 98 104 106 112 118 122 128 134 136 144 146 151 157 163 166 174 175 183 185
a 4 8 14 16 20 26 32 38 44 46 54 56 62 68 74 76 84 86 92 98 104 106 112 118 122 128 134 136 144 146 151 157 163 166 174 175 183 185
a 4 8 14 16 24 26 32 38 44 46 54 56 62 68 74 76 84 86 92 98 104 106 112 118 122 128 134 136 144 146 151 157 163 166 174 175 183 185
a 2 8 14 16 24 26 32 38 44 46 54 56 62 68 74 76 84 86 92 98 104 106 112 118 122 128 134 136 144 146 151 157 163 166 174 175 183 185
a 2 6 14 16 24 26 32 38 44 46 54 56 62 68 74 76 84 86 92 98 104 106 112 118 122 128 134 136 144 146 151 157 163 166 174 175 183 185
a 2 6 14 16 24 26 30 38 44 46 54 56 62 68 74 76 84 86 92 98 104 106 112 118 122 128 134 136 144 146 151 157 163 166 174 175 183 185
a 2 6 14 16 24 26 30 36 44 46 54 56 62 68 74 76 84 86 92 98 104 106 112 118 122 128 134 136 144 146 151 157 163 166 174 175 183 185
a 2 6 14 16 24 26 30 36 44 46 54 56 60 68 74 76 84 86 92 98 104 106 112 118 122 128 134 136 144 146 151 157 163 166 174 175 183 185
a 2 6 14 16 24 26 30 36 44 46 54 56 60 66 74 76 84 86 92 98 104 106 112 118 122 128 134 136 144 146 151 157 163 166 174 175 183 185
a 2 6 14 16 24 26 30 36 44 46 54 56 60 66 74 76 84 86 90 98 104 106 112 118 122 128 134 136 144 146 151 157 163 166 174 175 183 185
a 2 6 14 16 24 26 30 36 44 46 54 56 60 66 74 76 84 86 90 96 104 106 112 118 122 128 134 136 144 146 151 157 163 166 174 175 183 185
a 2 6 14 16 24 26 30 36 44 46 54 56 60 66 74 76 84 86 90 96 100 106 112 118 122 128 134 136 144 146 151 157 163 166 174 175 183 185
a 2 6 14 16 24 26 30 36 44 46 54 56 60 66 74 76 84 86 90 96 100 108 112 118 122 128 134 136 144 146 151 157 163 166 174 175 183 185
a 2 6 14 16 24 26 30 36 44 46 54 56 60 66 74 76 84 86 90 96 100 108 112 118 122 128 134 136 140 146 151 157 163 166 174 175 183 185
a 2 6 14 16 24 26 30 36 44 46 54 56 60 66 74 76 84 86 90 96 100 108 112 118 122 128 134 136 140 148 151 157 163 166 174 175 183 185
a 2 6 14 16 24 26 30 36 44 46 54 56 60 66 74 76 84 86 90 96 100 108 112 118 122 128 134 136 142 148 151 157 163 166 174 175 183 185
a 2 6 14 16 24 26 30 36 44 46 54 56 60 66 74 76 84 86 90 96 100 106 112 118 122 128 134 136 142 148 151 157 163 166 174 175 183 185
a 2 6 14 16 24 26 30 36 44 46 54 56 60 66 74 76 84 86 90 96 104 106 112 118 122 128 134 136 142 148 151 157 163 166 174 175 183 185
a 2 6 14 16 24 26 30 36 44 46 54 56 60 66 74 76 84 86 90 98 104 106 112 118 122 128 134 136 142 148 151 157 163 166 174 175 183 185
a 2 6 14 16 24 26 30 36 44 46 54 56 60 66 74 76 84 86 92 98 104 106 112 118 122 128 134 136 142 148 151 157 163 166 174 175 183 185
a 2 6 14 16 24 26 30 36 44 46 54 56 60 68 74 76 84 86 92 98 104 106 112 118 122 128 134 136 142 148 151 157 163 166 174 175 183 185
a 2 6 14 16 24 26 30 36 44 46 54 56 62 68 74 76 84 86 92 98 104 106 112 118 122 128 134 136 142 148 151 157 163 166 174 175 183 185
a 2 6 14 16 24 26 30 38 44 46 54 56 62 68 74 76 84 86 92 98 104 106 112 118 122 128 134 136 142 148 151 157 163 166 174 175 183 185
a 2 6 14 16 24 26 32 38 44 46 54 56 62 68 74 76 84 86 92 98 104 106 112 118 122 128 134 136 142 148 151 157 163 166 174 175 183 185
a 2 8 14 16 24 26 32 38 44 46 54 56 62 68 74 76 84 86 92 98 104 106 112 118 122 128 134 136 142 148 151 157 163 166 174 175 183 185
a 4 8 14 16 24 26 32 38 44 46 54 56 62 68 74 76 84 86 92 98 104 106 112 118 122 128 134 136 142 148 151 157 163 166 174 175 183 185
a 4 8 14 16 20 26 32 38 44 46 54 56 62 68 74 76 84 86 92 98 104 106 112 118 122 128 134 136 142 148 151 157 163 166 174 175 183 185
a 4 8 14 16 20 28 32 38 44 46 54 56 62 68 74 76 84 86 92 98 104 106 112 118 122 128 134 136 142 148 151 157 163 166 174 175 183 185
a 4 8 14 16 22 28 32 38 44 46 54 56 62 68 74 76 84 86 92 98 104 106 112 118 122 128 134 136 142 148 151 157 163 166 174 175 183 185
a 2 8 14 16 22 28 32 38 44 46 54 56 62 68 74 76 84 86 92 98 104 106 112 118 122 128 134 136 142 148 151 157 163 166 174 175 183 185
a 2 6 14 16 22 28 32 38 44 46 54 56 62 68 74 76 84 86 92 98 104 106 112 118 122 128 134 136 142 148 151 157 163 166 174 175 183 185
a 2 6 10 16 22 28 32 38 44 46 54 56 62 68 74 76 84 86 92 98 104 106 112 118 122 128 134 136 142 148 151 157 163 166 174 175 183 185
a 2 6 10 18 22 28 32 38 44 46 54 56 62 68 74 76 84 86 92 98 104 106 112 118 122 128 134 136 142 148 151 157 163 166 174 175 183 185
a 2 6 10 18 22 28 32 38 44 46 50 56 62 68 74 76 84 86 92 98 104 106 112 118 122 128 134 136 142 148 151 157 163 166 174 175 183 185
a 2 6 10 18 22 28 32 38 44 46 50 58 62 68 74 76 84 86 92 98 104 106 112 118 122 128 134 136 142 148 151 157 163 166 174 175 183 185
a 2 6 10 18 22 28 32 38 44 46 52 58 62 68 74 76 84 86 92 98 104 106 112 118 122 128 134 136 142 148 151 157 163 166 174 175 183 185
a 2 6 10 16 22 28 32 38 44 46 52 58 62 68 74 76 84 86 92 98 104 106 112 118 122 128 134 136 142 148 151 157 163 166 174 175 183 185
a 2 6 14 16 22 28 32 38 44 46 52 58 62 68 74 76 84 86 92 98 104 106 112 118 122 128 134 136 142 148 151 157 163 166 174 175 183 185
a 2 8 14 16 22 28 32 38 44 46 52 58 62 68 74 76 84 86 92 98 104 106 112 118 122 128 134 136 142 148 151 157 163 166 174 175 183 185
a 4 8 14 16 22 28 32 38 44 46 52 58 62 68 74 76 84 86 92 98 104 106 112 118 122 128 134 136 142 148 151 157 163 166 174 175 183 185
a 4 8 14 16 20 28 32 38 44 46 52 58 62 68 74 76 84 86 92 98 104 106 112 118 122 128 134 136 142 148 151 157 163 166 174 175 183 185
a 4 8 14 16 20 26 32 38 44 46 52 58 62 68 74 76 84 86 92 98 104 106 112 118 122 128 134 136 142 148 151 157 163 166 174 175 183 185
a 4 8 14 16 24 26 32 38 44 46 52 58 62 68 74 76 84 86 92 98 104 106 112 118 122 128 134 136 142 148 151 157 163 166 174 175 183 185
a 2 8 14 16 24 26 32 38 44 46 52 58 62 68 74 76 84 86 92 98 104 106 112 118 122 128 134 136 142 148 151 157 163 166 174 175 183 185
a 2 6 14 16 24 26 32 38 44 46 52 58 62 68 74 76 84 86 92 98 104 106 112 118 122 128 134 136 142 148 151 157 163 166 174 175 183 185
a 2 6 14 16 24 26 30 38 44 46 52 58 62 68 74 76 84 86 92 98 104 106 112 118 122 128 134 136 142 148 151 157 163 166 174 175 183 185
a 2 6 14 16 24 26 30 36 44 46 52 58 62 68 74 76 84 86 92 98 104 106 112 118 122 128 134 136 142 148 151 157 163 166 174 175 183 185
a 2 6 14 16 24 26 30 36 40 46 52 58 62 68 74 76 84 86 92 98 104 106 112 118 122 128 134 136 142 148 151 157 163 166 174 175 183 185
a 2 6 14 16 24 26 30 36 40 48 52 58 62 68 74 76 84 86 92 98 104 106 112 118 122 128 134 136 142 148 151 157 163 166 174 175 183 185
a 2 6 14 16 24 26 30 36 40 48 52 58 62 68 74 76 80 86 92 98 104 106 112 118 122 128 134 136 142 148 151 157 163 166 174 175 183 185
a 2 6 14 16 24 26 30 36 40 48 52 58 62 68 74 76 80 88 92 98 104 106 112 118 122 128 134 136 142 148 151 157 163 166 174 175 183 185
a 2 6 14 16 24 26 30 36 40 48 52 58 62 68 74 76 82 88 92 98 104 106 112 118 122 128 134 136 142 148 151 157 163 166 174 175 183 185
a 2 6 14 16 24 26 30 36 40 46 52 58 62 68 74 76 82 88 92 98 104 106 112 118 122 128 134 136 142 148 151 157 163 166 174 175 183 185
a 2 6 14 16 24 26 30 36 44 46 52 58 62 68 74 76 82 88 92 98 104 106 112 118 122 128 134 136 142 148 151 157 163 166 174 175 183 185
a 2 6 14 16 24 26 30 38 44 46 52 58 62 68 74 76 82 88 92 98 104 106 112 118 122 128 134 136 142 148 151 157 163 166 174 175 183 185
a 2 6 14 16 24 26 32 38 44 46 52 58 62 68 74 76 82 88 92 98 104 106 112 118 122 128 134 136 142 148 151 157 163 166 174 175 183 185
a 2 8 14 16 24 26 32 38 44 46 52 58 62 68 74 76 82 88 92 98 104 106 112 118 122 128 134 136 142 148 151 157 163 166 174 175 183 185
a 4 8 14 16 24 26 32 38 44 46 52 58 62 68 74 76 82 88 92 98 104 106 112 118 122 128 134 136 142 148 151 157 163 166 174 175 183 185
a 4 8 14 16 20 26 32 38 44 46 52 58 62 68 74 76 82 88 92 98 104 106 112 118 122 128 134 136 142 148 151 157 163 166 174 175 183 185
a 4 8 14 16 20 28 32 38 44 46 52 58 62 68 74 76 82 88 92 98 104 106 112 118 122 128 134 136 142 148 151 157 163 166 174 175 183 185
a 4 8 14 16 22 28 32 38 44 46 52 58 62 68 74 76 82 88 92 98 104 106 112 118 122 128 134 136 142 148 151 157 163 166 174 175 183 185
a 2 8 14 16 22 28 32 38 44 46 52 58 62 68 74 76 82 88 92 98 104 106 112 118 122 128 134 136 142 148 151 157 163 166 174 175 183 185
a 2 6 14 16 22 28 32 38 44 46 52 58 62 68 74 76 82 88 92 98 104 106 112 118 122 128 134 136 142 148 151 157 163 166 174 175 183 185
a 2 6 10 16 22 28 32 38 44 46 52 58 62 68 74 76 82 88 92 98 104 106 112 118 122 128 134 136 142 148 151 157 163 166 174 175 183 185
a 2 6 10 18 22 28 32 38 44 46 52 58 62 68 74 76 82 88 92 98 104 106 112 118 122 128 134 136 142 148 151 157 163 166 174 175 183 185
a 2 6 10 18 22 28 32 38 44 46 50 58 62 68 74 76 82 88 92 98 104 106 112 118 122 128 134 136 142 148 151 157 163 166 174 175 183 185
a 2 6 10 18 22 28 32 38 44 46 50 56 62 68 74 76 82 88 92 98 104 106 112 118 122 128 134 136 142 148 151 157 163 166 174 175 183 185
a 2 6 10 18 22 28 32 38 44 46 54 56 62 68 74 76 82 88 92 98 104 106 112 118 122 128 134 136 142 148 151 157 163 166 174 175 183 185
a 2 6 10 16 22 28 32 38 44 46 54 56 62 68 74 76 82 88 92 98 104 106 112 118 122 128 134 136 142 148 151 157 163 166 174 175 183 185
a 2 6 14 16 22 28 32 38 44 46 54 56 62 68 74 76 82 88 92 98 104 106 112 118 122 128 134 136 142 148 151 157 163 166 174 175 183 185
a 2 8 14 16 22 28 32 38 44 46 54 56 62 68 74 76 82 88 92 98 104 106 112 118 122 128 134 136 142 148 151 157 163 166 174 175 183 185
a 4 8 14 16 22 28 32 38 44 46 54 56 62 68 74 76 82 88 92 98 104 106 112 118 122 128 134 136 142 148 151 157 163 166 174 175 183 185
a 4 8 14 16 20 28 32 38 44 46 54 56 62 68 74 76 82 88 92 98 104 106 112 118 122 128 134 136 142 148 151 157 163 166 174 175 183 185
a 4 8 14 16 20 26 32 38 44 46 54 56 62 68 74 76 82 88 92 98 104 106 112 118 122 128 134 136 142 148 151 157 163 166 174 175 183 185
a 4 8 14 16 24 26 32 38 44 46 54 56 62 68 74 76 82 88 92 98 104 106 112 118 122 128 134 136 142 148 151 157 163 166 174 175 183 185
a 2 8 14 16 24 26 32 38 44 46 54 56 62 68 74 76 82 88 92 98 104 106 112 118 122 128 134 136 142 148 151 157 163 166 174 175 183 185
a 2 6 14 16 24 26 32 38 44 46 54 56 62 68 74 76 82 88 92 98 104 106 112 118 122 128 134 136 142 148 151 157 163 166 174 175 183 185
a 2 6 14 16 24 26 30 38 44 46 54 56 62 68 74 76 82 88 92 98 104 106 112 118 122 128 134 136 142 148 151 157 163 166 174 175 183 185
a 2 6 14 16 24 26 30 36 44 46 54 56 62 68 74 76 82 88 92 98 104 106 112 118 122 128 134 136 142 148 151 157 163 166 174 175 183 185
a 2 6 14 16 24 26 30 36 44 46 54 56 60 68 74 76 82 88 92 98 104 106 112 118 122 128 134 136 142 148 151 157 163 166 174 175 183 185
a 2 6 14 16 24 26 30 36 44 46 54 56 60 66 74 76 82 88 92 98 104 106 112 118 122 128 134 136 142 148 151 157 163 166 174 175 183 185
a 2 6 14 16 24 26 30 36 44 46 54 56 60 66 70 76 82 88 92 98 104 106 112 118 122 128 134 136 142 148 151 157 163 166 174 175 183 185
a 2 6 14 16 24 26 30 36 44 46 54 56 60 66 70 78 82 88 92 98 104 106 112 118 122 128 134 136 142 148 151 157 163 166 174 175 183 185
a 2 6 14 16 24 26 30 36 44 46 54 56 60 66 70 78 82 88 92 98 104 106 110 118 122 128 134 136 142 148 151 157 163 166 174 175 183 185
a 2 6 14 16 24 26 30 36 44 46 54 56 60 66 70 78 82 88 92 98 104 106 110 116 122 128 134 136 142 148 151 157 163 166 174 175 183 185
a 2 6 14 16 24 26 30 36 44 46 54 56 60 66 70 78 82 88 92 98 104 106 114 116 122 128 134 136 142 148 151 157 163 166 174 175 183 185
a 2 6 14 16 24 26 30 36 44 46 54 56 60 66 70 76 82 88 92 98 104 106 114 116 122 128 134 136 142 148 151 157 163 166 174 175 183 185
a 2 6 14 16 24 26 30 36 44 46 54 56 60 66 74 76 82 88 92 98 104 106 114 116 122 128 134 136 142 148 151 157 163 166 174 175 183 185
a 2 6 14 16 24 26 30 36 44 46 54 56 60 68 74 76 82 88 92 98 104 106 114 116 122 128 134 136 142 148 151 157 163 166 174 175 183 185
a 2 6 14 16 24 26 30 36 44 46 54 56 62 68 74 76 82 88 92 98 104 106 114 116 122 128 134 136 142 148 151 157 163 166 174 175 183 185
a 2 6 14 16 24 26 30 38 44 46 54 56 62 68 74 76 82 88 92 98 104 106 114 116 122 128 134 136 142 148 151 157 163 166 174 175 183 185
a 2 6 14 16 24 26 32 38 44 46 54 56 62 68 74 76 82 88 92 98 104 106 114 116 122 128 134 136 142 148 151 157 163 166 174 175 183 185
a 2 8 14 16 24 26 32 38 44 46 54 56 62 68 74 76 82 88 92 98 104 106 114 116 122 128 134 136 142 148 151 157 163 166 174 175 183 185
a 4 8 14 16 24 26 32 38 44 46 54 56 62 68 74 76 82 88 92 98 104 106 114 116 122 128 134 136 142 148 151 157 163 166 174 175 183 185
a 4 8 14 16 20 26 32 38 44 46 54 56 62 68 74 76 82 88 92 98 104 106 114 116 122 128 134 136 142 148 151 157 163 166 174 175 183 185
a 4 8 14 16 20 28 32 38 44 46 54 56 62 68 74 76 82 88 92 98 104 106 114 116 122 128 134 136 142 148 151 157 163 166 174 175 183 185
a 4 8 14 16 22 28 32 38 44 46 54 56 62 68 74 76 82 88 92 98 104 106 114 116 122 128 134 136 142 148 151 157 163 166 174 175 183 185
a 2 8 14 16 22 28 32 38 44 46 54 56 62 68 74 76 82 88 92 98 104 106 114 116 122 128 134 136 142 148 151 157 163 166 174 175 183 185
a 2 6 14 16 22 28 32 38 44 46 54 56 62 68 74 76 82 88 92 98 104 106 114 116 122 128 134 136 142 148 151 157 163 166 174 175 183 185
a 2 6 10 16 22 28 32 38 44 46 54 56 62 68 74 76 82 88 92 98 104 106 114 116 122 128 134 136 142 148 151 157 163 166 174 175 183 185
a 2 6 10 18 22 28 32 38 44 46 54 56 62 68 74 76 82 88 92 98 104 106 114 116 122 128 134 136 142 148 151 157 163 166 174 175 183 185
a 2 6 10 18 22 28 32 38 44 46 50 56 62 68 74 76 82 88 92 98 104 106 114 116 122 128 134 136 142 148 151 157 163 166 174 175 183 185
a 2 6 10 18 22 28 32 38 44 46 50 58 62 68 74 76 82 88 92 98 104 106 114 116 122 128 134 136 142 148 151 157 163 166 174 175 183 185
a 2 6 10 18 22 28 32 38 44 46 52 58 62 68 74 76 82 88 92 98 104 106 114 116 122 128 134 136 142 148 151 157 163 166 174 175 183 185
a 2 6 10 16 22 28 32 38 44 46 52 58 62 68 74 76 82 88 92 98 104 106 114 116 122 128 134 136 142 148 151 157 163 166 174 175 183 185
a 2 6 14 16 22 28 32 38 44 46 52 58 62 68 74 76 82 88 92 98 104 106 114 116 122 128 134 136 142 148 151 157 163 166 174 175 183 185
a 2 8 14 16 22 28 32 38 44 46 52 58 62 68 74 76 82 88 92 98 104 106 114 116 122 128 134 136 142 148 151 157 163 166 174 175 183 185
a 4 8 14 16 22 28 32 38 44 46 52 58 62 68 74 76 82 88 92 98 104 106 114 116 122 128 134 136 142 148 151 157 163 166 174 175 183 185
a 4 8 14 16 20 28 32 38 44 46 52 58 62 68 74 76 82 88 92 98 104 106 114 116 122 128 134 136 142 148 151 157 163 166 174 175 183 185
a 4 8 14 16 20 26 32 38 44 46 52 58 62 68 74 76 82 88 92 98 104 106 114 116 122 128 134 136 142 148 151 157 163 166 174 175 183 185
a 4 8 14 16 24 26 32 38 44 46 52 58 62 68 74 76 82 88 92 98 104 106 114 116 122 128 134 136 142 148 151 157 163 166 174 175 183 185
a 2 8 14 16 24 26 32 38 44 46 52 58 62 68 74 76 82 88 92 98 104 106 114 116 122 128 134 136 142 148 151 157 163 166 174 175 183 185
a 2 6 14 16 24 26 32 38 44 46 52 58 62 68 74 76 82 88 92 98 104 106 114 116 122 128 134 136 142 148 151 157 163 166 174 175 183 185
a 2 6 14 16 24 26 30 38 44 46 52 58 62 68 74 76 82 88 92 98 104 106 114 116 122 128 134 136 142 148 151 157 163 166 174 175 183 185
a 2 6 14 16 24 26 30 36 44 46 52 58 62 68 74 76 82 88 92 98 104 106 114 116 122 128 134 136 142 148 151 157 163 166 174 175 183 185
a 2 6 14 16 24 26 30 36 40 46 52 58 62 68 74 76 82 88 92 98 104 106 114 116 122 128 134 136 142 148 151 157 163 166 174 175 183 185
a 2 6 14 16 24 26 30 36 40 48 52 58 62 68 74 76 82 88 92 98 104 106 114 116 122 128 134 136 142 148 151 157 163 166 174 175 183 185
a 2 6 14 16 24 26 30 36 40 48 52 58 62 68 74 76 80 88 92 98 104 106 114 116 122 128 134 136 142 148 151 157 163 166 174 175 183 185
a 2 6 14 16 24 26 30 36 40 48 52 58 62 68 74 76 80 86 92 98 104 106 114 116 122 128 134 136 142 148 151 157 163 166 174 175 183 185
a 2 6 14 16 24 26 30 36 40 48 52 58 62 68 74 76 84 86 92 98 104 106 114 116 122 128 134 136 142 148 151 157 163 166 174 175 183 185
a 2 6 14 16 24 26 30 36 40 46 52 58 62 68 74 76 84 86 92 98 104 106 114 116 122 128 134 136 142 148 151 157 163 166 174 175 183 185
a 2 6 14 16 24 26 30 36 44 46 52 58 62 68 74 76 84 86 92 98 104 106 114 116 122 128 134 136 142 148 151 157 163 166 174 175 183 185
a 2 6 14 16 24 26 30 38 44 46 52 58 62 68 74 76 84 86 92 98 104 106 114 116 122 128 134 136 142 148 151 157 163 166 174 175 183 185
a 2 6 14 16 24 26 32 38 44 46 52 58 62 68 74 76 84 86 92 98 104 106 114 116 122 128 134 136 142 148 151 157 163 166 174 175 183 185
a 2 8 14 16 24 26 32 38 44 46 52 58 62 68 74 76 84 86 92 98 104 106 114 116 122 128 134 136 142 148 151 157 163 166 174 175 183 185
a 4 8 14 16 24 26 32 38 44 46 52 58 62 68 74 76 84 86 92 98 104 106 114 116 122 128 134 136 142 148 151 157 163 166 174 175 183 185
a 4 8 14 16 20 26 32 38 44 46 52 58 62 68 74 76 84 86 92 98 104 106 114 116 122 128 134 136 142 148 151 157 163 166 174 175 183 185
a 4 8 14 16 20 28 32 38 44 46 52 58 62 68 74 76 84 86 92 98 104 106 114 116 122 128 134 136 142 148 151 157 163 166 174 175 183 185
a 4 8 14 16 22 28 32 38 44 46 52 58 62 68 74 76 84 86 92 98 104 106 114 116 122 128 134 136 142 148 151 157 163 166 174 175 183 185
a 2 8 14 16 22 28 32 38 44 46 52 58 62 68 74 76 84 86 92 98 104 106 114 116 122 128 134 136 142 148 151 157 163 166 174 175 183 185
a 2 6 14 16 22 28 32 38 44 46 52 58 62 68 74 76 84 86 92 98 104 106 114 116 122 128 134 136 142 148 151 157 163 166 174 175 183 185
a 2 6 10 16 22 28 32 38 44 46 52 58 62 68 74 76 84 86 92 98 104 106 114 116 122 128 134 136 142 148 151 157 163 166 174 175 183 185
a 2 6 10 18 22 28 32 38 44 46 52 58 62 68 74 76 84 86 92 98 104 106 114 116 122 128 134 136 142 148 151 157 163 166 174 175 183 185
a 2 6 10 18 22 28 32 38 44 46 50 58 62 68 74 76 84 86 92 98 104 106 114 116 122 128 134 136 142 148 151 157 163 166 174 175 183 185
a 2 6 10 18 22 28 32 38 44 46 50 56 62 68 74 76 84 86 92 98 104 106 114 116 122 128 134 136 142 148 151 157 163 166 174 175 183 185
a 2 6 10 18 22 28 32 38 44 46 54 56 62 68 74 76 84 86 92 98 104 106 114 116 122 128 134 136 142 148 151 157 163 166 174 175 183 185
a 2 6 10 16 22 28 32 38 44 46 54 56 62 68 74 76 84 86 92 98 104 106 114 116 122 128 134 136 142 148 151 157 163 166 174 175 183 185
a 2 6 14 16 22 28 32 38 44 46 54 56 62 68 74 76 84 86 92 98 104 106 114 116 122 128 134 136 142 148 151 157 163 166 174 175 183 185
a 2 8 14 16 22 28 32 38 44 46 54 56 62 68 74 76 84 86 92 98 104 106 114 116 122 128 134 136 142 148 151 157 163 166 174 175 183 185
a 4 8 14 16 22 28 32 38 44 46 54 56 62 68 74 76 84 86 92 98 104 106 114 116 122 128 134 136 142 148 151 157 163 166 174 175 183 185
a 4 8 14 16 20 28 32 38 44 46 54 56 62 68 74 76 84 86 92 98 104 106 114 116 122 128 134 136 142 148 151 157 163 166 174 175 183 185
a 4 8 14 16 20 26 32 38 44 46 54 56 62 68 74 76 84 86 92 98 104 106 114 116 122 128 134 136 142 148 151 157 163 166 174 175 183 185
a 4 8 14 16 24 26 32 38 44 46 54 56 62 68 74 76 84 86 92 98 104 106 114 116 122 128 134 136 142 148 151 157 163 166 174 175 183 185
a 2 8 14 16 24 26 32 38 44 46 54 56 62 68 74 76 84 86 92 98 104 106 114 116 122 128 134 136 142 148 151 157 163 166 174 175 183 185
a 2 6 14 16 24 26 32 38 44 46 54 56 62 68 74 76 84 86 92 98 104 106 114 116 122 128 134 136 142 148 151 157 163 166 174 175 183 185
a 2 6 14 16 24 26 30 38 44 46 54 56 62 68 74 76 84 86 92 98 104 106 114 116 122 128 134 136 142 148 151 157 163 166 174 175 183 185
a 2 6 14 16 24 26 30 36 44 46 54 56 62 68 74 76 84 86 92 98 104 106 114 116 122 128 134 136 142 148 151 157 163 166 174 175 183 185
a 2 6 14 16 24 26 30 36 44 46 54 56 60 68 74 76 84 86 92 98 104 106 114 116 122 128 134 136 142 148 151 157 163 166 174 175 183 185
a 2 6 14 16 24 26 30 36 44 46 54 56 60 66 74 76 84 86 92 98 104 106 114 116 122 128 134 136 142 148 151 157 163 166 174 175 183 185
a 2 6 14 16 24 26 30 36 44 46 54 56 60 66 74 76 84 86 90 98 104 106 114 116 122 128 134 136 142 148 151 157 163 166 174 175 183 185
a 2 6 14 16 24 26 30 36 44 46 54 56 60 66 74 76 84 86 90 96 104 106 114 116 122 128 134 136 142 148 151 157 163 166 174 175 183 185
a 2 6 14 16 24 26 30 36 44 46 54 56 60 66 74 76 84 86 90 96 104 106 114 116 120 128 134 136 142 148 151 157 163 166 174 175 183 185
a 2 6 14 16 24 26 30 36 44 46 54 56 60 66 74 76 84 86 90 96 104 106 114 116 120 126 134 136 142 148 151 157 163 166 174 175 183 185
a 2 6 14 16 24 26 30 36 44 46 54 56 60 66 74 76 84 86 90 96 104 106 114 116 120 126 130 136 142 148 151 157 163 166 174 175 183 185
a 2 6 14 16 24 26 30 36 44 46 54 56 60 66 74 76 84 86 90 96 104 106 114 116 120 126 130 137 142 148 151 157 163 166 174 175 183 185
a 2 6 14 16 24 26 30 36 44 46 54 56 60 66 74 76 84 86 90 96 104 106 114 116 120 126 130 137 142 148 151 157 163 166 170 175 183 185
a 2 6 14 16 24 26 30 36 44 46 54 56 60 66 74 76 84 86 90 96 104 106 114 116 120 126 131 137 142 148 151 157 163 166 170 175 183 185
a 2 6 14 16 24 26 30 36 44 46 54 56 60 66 74 76 84 86 90 96 104 106 114 116 120 127 131 137 142 148 151 157 163 166 170 175 183 185
a 2 6 14 16 24 26 30 36 44 46 54 56 60 66 74 76 84 86 90 96 104 106 114 116 121 127 131 137 142 148 151 157 163 166 170 175 183 185
a 2 6 14 16 24 26 30 36 44 46 54 56 60 66 74 76 84 86 90 98 104 106 114 116 121 127 131 137 142 148 151 157 163 166 170 175 183 185
a 2 6 14 16 24 26 30 36 44 46 54 56 60 66 74 76 84 86 92 98 104 106 114 116 121 127 131 137 142 148 151 157 163 166 170 175 183 185
a 2 6 14 16 24 26 30 36 44 46 54 56 60 68 74 76 84 86 92 98 104 106 114 116 121 127 131 137 142 148 151 157 163 166 170 175 183 185
a 2 6 14 16 24 26 30 36 44 46 54 56 62 68 74 76 84 86 92 98 104 106 114 116 121 127 131 137 142 148 151 157 163 166 170 175 183 185
a 2 6 14 16 24 26 30 38 44 46 54 56 62 68 74 76 84 86 92 98 104 106 114 116 121 127 131 137 142 148 151 157 163 166 170 175 183 185
a 2 6 14 16 24 26 32 38 44 46 54 56 62 68 74 76 84 86 92 98 104 106 114 116 121 127 131 137 142 148 151 157 163 166 170 175 183 185
a 2 8 14 16 24 26 32 38 44 46 54 56 62 68 74 76 84 86 92 98 104 106 114 116 121 127 131 137 142 148 151 157 163 166 170 175 183 185
a 4 8 14 16 24 26 32 38 44 46 54 56 62 68 74 76 84 86 92 98 104 106 114 116 121 127 131 137 142 148 151 157 163 166 170 175 183 185
a 4 8 14 16 20 26 32 38 44 46 54 56 62 68 74 76 84 86 92 98 104 106 114 116 121 127 131 137 142 148 151 157 163 166 170 175 183 185
a 4 8 14 16 20 28 32 38 44 46 54 56 62 68 74 76 84 86 92 98 104 106 114 116 121 127 131 137 142 148 151 157 163 166 170 175 183 185
a 4 8 14 16 22 28 32 38 44 46 54 56 62 68 74 76 84 86 92 98 104 106 114 116 121 127 131 137 142 148 151 157 163 166 170 175 183 185
a 2 8 14 16 22 28 32 38 44 46 54 56 62 68 74 76 84 86 92 98 104 106 114 116 121 127 131 137 142 148 151 157 163 166 170 175 183 185
a 2 6 14 16 22 28 32 38 44 46 54 56 62 68 74 76 84 86 92 98 104 106 114 116 121 127 131 137 142 148 151 157 163 166 170 175 183 185
a 2 6 10 16 22 28 32 38 44 46 54 56 62 68 74 76 84 86 92 98 104 106 114 116 121 127 131 137 142 148 151 157 163 166 170 175 183 185
a 2 6 10 18 22 28 32 38 44 46 54 56 62 68 74 76 84 86 92 98 104 106 114 116 121 127 131 137 142 148 151 157 163 166 170 175 183 185
a 2 6 10 18 22 28 32 38 44 46 50 56 62 68 74 76 84 86 92 98 104 106 114 116 121 127 131 137 142 148 151 157 163 166 170 175 183 185
a 2 6 10 18 22 28 32 38 44 46 50 58 62 68 74 76 84 86 92 98 104 106 114 116 121 127 131 137 142 148 151 157 163 166 170 175 183 185
a 2 6 10 18 22 28 32 38 44 46 52 58 62 68 74 76 84 86 92 98 104 106 114 116 121 127 131 137 142 148 151 157 163 166 170 175 183 185
a 2 6 10 16 22 28 32 38 44 46 52 58 62 68 74 76 84 86 92 98 104 106 114 116 121 127 131 137 142 148 151 157 163 166 170 175 183 185
a 2 6 14 16 22 28 32 38 44 46 52 58 62 68 74 76 84 86 92 98 104 106 114 116 121 127 131 137 142 148 151 157 163 166 170 175 183 185
a 2 8 14 16 22 28 32 38 44 46 52 58 62 68 74 76 84 86 92 98 104 106 114 116 121 127 131 137 142 148 151 157 163 166 170 175 183 185
a 4 8 14 16 22 28 32 38 44 46 52 58 62 68 74 76 84 86 92 98 104 106 114 116 121 127 131 137 142 148 151 157 163 166 170 175 183 185
a 4 8 14 16 20 28 32 38 44 46 52 58 62 68 74 76 84 86 92 98 104 106 114 116 121 127 131 137 142 148 151 157 163 166 170 175 183 185
a 4 8 14 16 20 26 32 38 44 46 52 58 62 68 74 76 84 86 92 98 104 106 114 116 121 127 131 137 142 148 151 157 163 166 170 175 183 185
a 4 8 14 16 24 26 32 38 44 46 52 58 62 68 74 76 84 86 92 98 104 106 114 116 121 127 131 137 142 148 151 157 163 166 170 175 183 185
a 2 8 14 16 24 26 32 38 44 46 52 58 62 68 74 76 84 86 92 98 104 106 114 116 121 127 131 137 142 148 151 157 163 166 170 175 183 185
a 2 6 14 16 24 26 32 38 44 46 52 58 62 68 74 76 84 86 92 98 104 106 114 116 121 127 131 137 142 148 151 157 163 166 170 175 183 185
a 2 6 14 16 24 26 30 38 44 46 52 58 62 68 74 76 84 86 92 98 104 106 114 116 121 127 131 137 142 148 151 157 163 166 170 175 183 185
a 2 6 14 16 24 26 30 36 44 46 52 58 62 68 74 76 84 86 92 98 104 106 114 116 121 127 131 137 142 148 151 157 163 166 170 175 183 185
a 2 6 14 16 24 26 30 36 40 46 52 58 62 68 74 76 84 86 92 98 104 106 114 116 121 127 131 137 142 148 151 157 163 166 170 175 183 185
a 2 6 14 16 24 26 30 36 40 48 52 58 62 68 74 76 84 86 92 98 104 106 114 116 121 127 131 137 142 148 151 157 163 166 170 175 183 185
a 2 6 14 16 24 26 30 36 40 48 52 58 62 68 74 76 80 86 92 98 104 106 114 116 121 127 131 137 142 148 151 157 163 166 170 175 183 185
a 2 6 14 16 24 26 30 36 40 48 52 58 62 68 74 76 80 88 92 98 104 106 114 116 121 127 131 137 142 148 151 157 163 166 170 175 183 185
a 2 6 14 16 24 26 30 36 40 48 52 58 62 68 74 76 82 88 92 98 104 106 114 116 121 127 131 137 142 148 151 157 163 166 170 175 183 185
a 2 6 14 16 24 26 30 36 40 46 52 58 62 68 74 76 82 88 92 98 104 106 114 116 121 127 131 137 142 148 151 157 163 166 170 175 183 185
a 2 6 14 16 24 26 30 36 44 46 52 58 62 68 74 76 82 88 92 98 104 106 114 116 121 127 131 137 142 148 151 157 163 166 170 175 183 185
a 2 6 14 16 24 26 30 38 44 46 52 58 62 68 74 76 82 88 92 98 104 106 114 116 121 127 131 137 142 148 151 157 163 166 170 175 183 185
a 2 6 14 16 24 26 32 38 44 46 52 58 62 68 74 76 82 88 92 98 104 106 114 116 121 127 131 137 142 148 151 157 163 166 170 175 183 185
a 2 8 14 16 24 26 32 38 44 46 52 58 62 68 74 76 82 88 92 98 104 106 114 116 121 127 131 137 142 148 151 157 163 166 170 175 183 185
a 4 8 14 16 24 26 32 38 44 46 52 58 62 68 74 76 82 88 92 98 104 106 114 116 121 127 131 137 142 148 151 157 163 166 170 175 183 185
a 4 8 14 16 20 26 32 38 44 46 52 58 62 68 74 76 82 88 92 98 104 106 114 116 121 127 131 137 142 148 151 157 163 166 170 175 183 185
a 4 8 14 16 20 28 32 38 44 46 52 58 62 68 74 76 82 88 92 98 104 106 114 116 121 127 131 137 142 148 151 157 163 166 170 175 183 185
a 4 8 14 16 22 28 32 38 44 46 52 58 62 68 74 76 82 88 92 98 104 106 114 116 121 127 131 137 142 148 151 157 163 166 170 175 183 185
a 2 8 14 16 22 28 32 38 44 46 52 58 62 68 74 76 82 88 92 98 104 106 114 116 121 127 131 137 142 148 151 157 163 166 170 175 183 185
a 2 6 14 16 22 28 32 38 44 46 52 58 62 68 74 76 82 88 92 98 104 106 114 116 121 127 131 137 142 148 151 157 163 166 170 175 183 185
a 2 6 10 16 22 28 32 38 44 46 52 58 62 68 74 76 82 88 92 98 104 106 114 116 121 127 131 137 142 148 151 157 163 166 170 175 183 185
a 2 6 10 18 22 28 32 38 44 46 52 58 62 68 74 76 82 88 92 98 104 106 114 116 121 127 131 137 142 148 151 157 163 166 170 175 183 185
a 2 6 10 18 22 28 32 38 44 46 50 58 62 68 74 76 82 88 92 98 104 106 114 116 121 127 131 137 142 148 151 157 163 166 170 175 183 185
a 2 6 10 18 22 28 32 38 44 46 50 56 62 68 74 76 82 88 92 98 104 106 114 116 121 127 131 137 142 148 151 157 163 166 170 175 183 185
a 2 6 10 18 22 28 32 38 44 46 54 56 62 68 74 76 82 88 92 98 104 106 114 116 121 127 131 137 142 148 151 157 163 166 170 175 183 185
a 2 6 10 16 22 28 32 38 44 46 54 56 62 68 74 76 82 88 92 98 104 106 114 116 121 127 131 137 142 148 151 157 163 166 170 175 183 185
a 2 6 14 16 22 28 32 38 44 46 54 56 62 68 74 76 82 88 92 98 104 106 114 116 121 127 131 137 142 148 151 157 163 166 170 175 183 185
a 2 8 14 16 22 28 32 38 44 46 54 56 62 68 74 76 82 88 92 98 104 106 114 116 121 127 131 137 142 148 151 157 163 166 170 175 183 185
a 4 8 14 16 22 28 32 38 44 46 54 56 62 68 74 76 82 88 92 98 104 106 114 116 121 127 131 137 142 148 151 157 163 166 170 175 183 185
a 4 8 14 16 20 28 32 38 44 46 54 56 62 68 74 76 82 88 92 98 104 106 114 116 121 127 131 137 142 148 151 157 163 166 170 175 183 185
a 4 8 14 16 20 26 32 38 44 46 54 56 62 68 74 76 82 88 92 98 104 106 114 116 121 127 131 137 142 148 151 157 163 166 170 175 183 185
a 4 8 14 16 24 26 32 38 44 46 54 56 62 68 74 76 82 88 92 98 104 106 114 116 121 127 131 137 142 148 151 157 163 166 170 175 183 185
a 2 8 14 16 24 26 32 38 44 46 54 56 62 68 74 76 82 88 92 98 104 106 114 116 121 127 131 137 142 148 151 157 163 166 170 175 183 185
a 2 6 14 16 24 26 32 38 44 46 54 56 62 68 74 76 82 88 92 98 104 106 114 116 121 127 131 137 142 148 151 157 163 166 170 175 183 185
a 2 6 14 16 24 26 30 38 44 46 54 56 62 68 74 76 82 88 92 98 104 106 114 116 121 127 131 137 142 148 151 157 163 166 170 175 183 185
a 2 6 14 16 24 26 30 36 44 46 54 56 62 68 74 76 82 88 92 98 104 106 114 116 121 127 131 137 142 148 151 157 163 166 170 175 183 185
a 2 6 14 16 24 26 30 36 44 46 54 56 60 68 74 76 82 88 92 98 104 106 114 116 121 127 131 137 142 148 151 157 163 166 170 175 183 185
a 2 6 14 16 24 26 30 36 44 46 54 56 60 66 74 76 82 88 92 98 104 106 114 116 121 127 131 137 142 148 151 157 163 166 170 175 183 185
a 2 6 14 16 24 26 30 36 44 46 54 56 60 66 70 76 82 88 92 98 104 106 114 116 121 127 131 137 142 148 151 157 163 166 170 175 183 185
a 2 6 14 16 24 26 30 36 44 46 54 56 60 66 70 78 82 88 92 98 104 106 114 116 121 127 131 137 142 148 151 157 163 166 170 175 183 185
a 2 6 14 16 24 26 30 36 44 46 54 56 60 66 70 78 82 88 92 98 104 106 110 116 121 127 131 137 142 148 151 157 163 166 170 175 183 185
a 2 6 14 16 24 26 30 36 44 46 54 56 60 66 70 78 82 88 92 98 104 106 110 117 121 127 131 137 142 148 151 157 163 166 170 175 183 185
a 2 6 14 16 24 26 30 36 44 46 54 56 60 66 70 78 82 88 92 98 104 106 112 117 121 127 131 137 142 148 151 157 163 166 170 175 183 185
a 2 6 14 16 24 26 30 36 44 46 54 56 60 66 70 76 82 88 92 98 104 106 112 117 121 127 131 137 142 148 151 157 163 166 170 175 183 185
a 2 6 14 16 24 26 30 36 44 46 54 56 60 66 74 76 82 88 92 98 104 106 112 117 121 127 131 137 142 148 151 157 163 166 170 175 183 185
a 2 6 14 16 24 26 30 36 44 46 54 56 60 68 74 76 82 88 92 98 104 106 112 117 121 127 131 137 142 148 151 157 163 166 170 175 183 185
a 2 6 14 16 24 26 30 36 44 46 54 56 62 68 74 76 82 88 92 98 104 106 112 117 121 127 131 137 142 148 151 157 163 166 170 175 183 185
a 2 6 14 16 24 26 30 38 44 46 54 56 62 68 74 76 82 88 92 98 104 106 112 117 121 127 131 137 142 148 151 157 163 166 170 175 183 185
a 2 6 14 16 24 26 32 38 44 46 54 56 62 68 74 76 82 88 92 98 104 106 112 117 121 127 131 137 142 148 151 157 163 166 170 175 183 185
a 2 8 14 16 24 26 32 38 44 46 54 56 62 68 74 76 82 88 92 98 104 106 112 117 121 127 131 137 142 148 151 157 163 166 170 175 183 185
a 4 8 14 16 24 26 32 38 44 46 54 56 62 68 74 76 82 88 92 98 104 106 112 117 121 127 131 137 142 148 151 157 163 166 170 175 183 185
a 4 8 14 16 20 26 32 38 44 46 54 56 62 68 74 76 82 88 92 98 104 106 112 117 121 127 131 137 142 148 151 157 163 166 170 175 183 185
a 4 8 14 16 20 28 32 38 44 46 54 56 62 68 74 76 82 88 92 98 104 106 112 117 121 127 131 137 142 148 151 157 163 166 170 175 183 185
a 4 8 14 16 22 28 32 38 44 46 54 56 62 68 74 76 82 88 92 98 104 106 112 117 121 127 131 137 142 148 151 157 163 166 170 175 183 185
a 2 8 14 16 22 28 32 38 44 46 54 56 62 68 74 76 82 88 92 98 104 106 112 117 121 127 131 137 142 148 151 157 163 166 170 175 183 185
a 2 6 14 16 22 28 32 38 44 46 54 56 62 68 74 76 82 88 92 98 104 106 112 117 121 127 131 137 142 148 151 157 163 166 170 175 183 185
a 2 6 10 16 22 28 32 38 44 46 54 56 62 68 74 76 82 88 92 98 104 106 112 117 121 127 131 137 142 148 151 157 163 166 170 175 183 185
a 2 6 10 18 22 28 32 38 44 46 54 56 62 68 74 76 82 88 92 98 104 106 112 117 121 127 131 137 142 148 151 157 163 166 170 175 183 185
a 2 6 10 18 22 28 32 38 44 46 50 56 62 68 74 76 82 88 92 98 104 106 112 117 121 127 131 137 142 148 151 157 163 166 170 175 183 185
a 2 6 10 18 22 28 32 38 44 46 50 58 62 68 74 76 82 88 92 98 104 106 112 117 121 127 131 137 142 148 151 157 163 166 170 175 183 185
a 2 6 10 18 22 28 32 38 44 46 52 58 62 68 74 76 82 88 92 98 104 106 112 117 121 127 131 137 142 148 151 157 163 166 170 175 183 185
a 2 6 10 16 22 28 32 38 44 46 52 58 62 68 74 76 82 88 92 98 104 106 112 117 121 127 131 137 142 148 151 157 163 166 170 175 183 185
a 2 6 14 16 22 28 32 38 44 46 52 58 62 68 74 76 82 88 92 98 104 106 112 117 121 127 131 137 142 148 151 157 163 166 170 175 183 185
a 2 8 14 16 22 28 32 38 44 46 52 58 62 68 74 76 82 88 92 98 104 106 112 117 121 127 131 137 142 148 151 157 163 166 170 175 183 185
a 4 8 14 16 22 28 32 38 44 46 52 58 62 68 74 76 82 88 92 98 104 106 112 117 121 127 131 137 142 148 151 157 163 166 170 175 183 185
a 4 8 14 16 20 28 32 38 44 46 52 58 62 68 74 76 82 88 92 98 104 106 112 117 121 127 131 137 142 148 151 157 163 166 170 175 183 185
a 4 8 14 16 20 26 32 38 44 46 52 58 62 68 74 76 82 88 92 98 104 106 112 117 121 127 131 137 142 148 151 157 163 166 170 175 183 185
a 4 8 14 16 24 26 32 38 44 46 52 58 62 68 74 76 82 88 92 98 104 106 112 117 121 127 131 137 142 148 151 157 163 166 170 175 183 185
a 2 8 14 16 24 26 32 38 44 46 52 58 62 68 74 76 82 88 92 98 104 106 112 117 121 127 131 137 142 148 151 157 163 166 170 175 183 185
a 2 6 14 16 24 26 32 38 44 46 52 58 62 68 74 76 82 88 92 98 104 106 112 117 121 127 131 137 142 148 151 157 163 166 170 175 183 185
a 2 6 14 16 24 26 30 38 44 46 52 58 62 68 74 76 82 88 92 98 104 106 112 117 121 127 131 137 142 148 151 157 163 166 170 175 183 185
a 2 6 14 16 24 26 30 36 44 46 52 58 62 68 74 76 82 88 92 98 104 106 112 117 121 127 131 137 142 148 151 157 163 166 170 175 183 185
a 2 6 14 16 24 26 30 36 40 46 52 58 62 68 74 76 82 88 92 98 104 106 112 117 121 127 131 137 142 148 151 157 163 166 170 175 183 185
a 2 6 14 16 24 26 30 36 40 48 52 58 62 68 74 76 82 88 92 98 104 106 112 117 121 127 131 137 142 148 151 157 163 166 170 175 183 185
a 2 6 14 16 24 26 30 36 40 48 52 58 62 68 74 76 80 88 92 98 104 106 112 117 121 127 131 137 142 148 151 157 163 166 170 175 183 185
a 2 6 14 16 24 26 30 36 40 48 52 58 62 68 74 76 80 86 92 98 104 106 112 117 121 127 131 137 142 148 151 157 163 166 170 175 183 185
a 2 6 14 16 24 26 30 36 40 48 52 58 62 68 74 76 84 86 92 98 104 106 112 117 121 127 131 137 142 148 151 157 163 166 170 175 183 185
a 2 6 14 16 24 26 30 36 40 46 52 58 62 68 74 76 84 86 92 98 104 106 112 117 121 127 131 137 142 148 151 157 163 166 170 175 183 185
a 2 6 14 16 24 26 30 36 44 46 52 58 62 68 74 76 84 86 92 98 104 106 112 117 121 127 131 137 142 148 151 157 163 166 170 175 183 185
a 2 6 14 16 24 26 30 38 44 46 52 58 62 68 74 76 84 86 92 98 104 106 112 117 121 127 131 137 142 148 151 157 163 166 170 175 183 185
a 2 6 14 16 24 26 32 38 44 46 52 58 62 68 74 76 84 86 92 98 104 106 112 117 121 127 131 137 142 148 151 157 163 166 170 175 183 185
a 2 8 14 16 24 26 32 38 44 46 52 58 62 68 74 76 84 86 92 98 104 106 112 117 121 127 131 137 142 148 151 157 163 166 170 175 183 185
a 4 8 14 16 24 26 32 38 44 46 52 58 62 68 74 76 84 86 92 98 104 106 112 117 121 127 131 137 142 148 151 157 163 166 170 175 183 185
a 4 8 14 16 20 26 32 38 44 46 52 58 62 68 74 76 84 86 92 98 104 106 112 117 121 127 131 137 142 148 151 157 163 166 170 175 183 185
a 4 8 14 16 20 28 32 38 44 46 52 58 62 68 74 76 84 86 92 98 104 106 112 117 121 127 131 137 142 148 151 157 163 166 170 175 183 185
a 4 8 14 16 22 28 32 38 44 46 52 58 62 68 74 76 84 86 92 98 104 106 112 117 121 127 131 137 142 148 151 157 163 166 170 175 183 185
a 2 8 14 16 22 28 32 38 44 46 52 58 62 68 74 76 84 86 92 98 104 106 112 117 121 127 131 137 142 148 151 157 163 166 170 175 183 185
a 2 6 14 16 22 28 32 38 44 46 52 58 62 68 74 76 84 86 92 98 104 106 112 117 121 127 131 137 142 148 151 157 163 166 170 175 183 185
a 2 6 10 16 22 28 32 38 44 46 52 58 62 68 74 76 84 86 92 98 104 106 112 117 121 127 131 137 142 148 151 157 163 166 170 175 183 185
a 2 6 10 18 22 28 32 38 44 46 52 58 62 68 74 76 84 86 92 98 104 106 112 117 121 127 131 137 142 148 151 157 163 166 170 175 183 185
a 2 6 10 18 22 28 32 38 44 46 50 58 62 68 74 76 84 86 92 98 104 106 112 117 121 127 131 137 142 148 151 157 163 166 170 175 183 185
a 2 6 10 18 22 28 32 38 44 46 50 56 62 68 74 76 84 86 92 98 104 106 112 117 121 127 131 137 142 148 151 157 163 166 170 175 183 185
a 2 6 10 18 22 28 32 38 44 46 54 56 62 68 74 76 84 86 92 98 104 106 112 117 121 127 131 137 142 148 151 157 163 166 170 175 183 185
a 2 6 10 16 22 28 32 38 44 46 54 56 62 68 74 76 84 86 92 98 104 106 112 117 121 127 131 137 142 148 151 157 163 166 170 175 183 185
a 2 6 14 16 22 28 32 38 44 46 54 56 62 68 74 76 84 86 92 98 104 106 112 117 121 127 131 137 142 148 151 157 163 166 170 175 183 185
a 2 8 14 16 22 28 32 38 44 46 54 56 62 68 74 76 84 86 92 98 104 106 112 117 121 127 131 137 142 148 151 157 163 166 170 175 183 185
a 4 8 14 16 22 28 32 38 44 46 54 56 62 68 74 76 84 86 92 98 104 106 112 117 121 127 131 137 142 148 151 157 163 166 170 175 183 185
a 4 8 14 16 20 28 32 38 44 46 54 56 62 68 74 76 84 86 92 98 104 106 112 117 121 127 131 137 142 148 151 157 163 166 170 175 183 185
a 4 8 14 16 20 26 32 38 44 46 54 56 62 68 74 76 84 86 92 98 104 106 112 117 121 127 131 137 142 148 151 157 163 166 170 175 183 185
a 4 8 14 16 24 26 32 38 44 46 54 56 62 68 74 76 84 86 92 98 104 106 112 117 121 127 131 137 142 148 151 157 163 166 170 175 183 185
a 2 8 14 16 24 26 32 38 44 46 54 56 62 68 74 76 84 86 92 98 104 106 112 117 121 127 131 137 142 148 151 157 163 166 170 175 183 185
a 2 6 14 16 24 26 32 38 44 46 54 56 62 68 74 76 84 86 92 98 104 106 112 117 121 127 131 137 142 148 151 157 163 166 170 175 183 185
a 2 6 14 16 24 26 30 38 44 46 54 56 62 68 74 76 84 86 92 98 104 106 112 117 121 127 131 137 142 148 151 157 163 166 170 175 183 185
a 2 6 14 16 24 26 30 36 44 46 54 56 62 68 74 76 84 86 92 98 104 106 112 117 121 127 131 137 142 148 151 157 163 166 170 175 183 185
a 2 6 14 16 24 26 30 36 44 46 54 56 60 68 74 76 84 86 92 98 104 106 112 117 121 127 131 137 142 148 151 157 163 166 170 175 183 185
a 2 6 14 16 24 26 30 36 44 46 54 56 60 66 74 76 84 86 92 98 104 106 112 117 121 127 131 137 142 148 151 157 163 166 170 175 183 185
a 2 6 14 16 24 26 30 36 44 46 54 56 60 66 74 76 84 86 90 98 104 106 112 117 121 127 131 137 142 148 151 157 163 166 170 175 183 185
a 2 6 14 16 24 26 30 36 44 46 54 56 60 66 74 76 84 86 90 96 104 106 112 117 121 127 131 137 142 148 151 157 163 166 170 175 183 185
a 2 6 14 16 24 26 30 36 44 46 54 56 60 66 74 76 84 86 90 96 100 106 112 117 121 127 131 137 142 148 151 157 163 166 170 175 183 185
a 2 6 14 16 24 26 30 36 44 46 54 56 60 66 74 76 84 86 90 96 100 108 112 117 121 127 131 137 142 148 151 157 163 166 170 175 183 185
a 2 6 14 16 24 26 30 36 44 46 54 56 60 66 74 76 84 86 90 96 100 108 112 117 121 127 131 137 139 148 151 157 163 166 170 175 183 185
a 2 6 14 16 24 26 30 36 44 46 54 56 60 66 74 76 84 86 90 96 101 108 112 117 121 127 131 137 139 148 151 157 163 166 170 175 183 185
a 2 6 14 16 24 26 30 36 44 46 54 56 60 66 74 76 84 86 90 97 101 108 112 117 121 127 131 137 139 148 151 157 163 166 170 175 183 185
a 2 6 14 16 24 26 30 36 44 46 54 56 60 66 74 76 84 86 91 97 101 108 112 117 121 127 131 137 139 148 151 157 163 166 170 175 183 185
a 2 6 14 16 24 26 30 36 44 46 54 56 60 68 74 76 84 86 91 97 101 108 112 117 121 127 131 137 139 148 151 157 163 166 170 175 183 185
a 2 6 14 16 24 26 30 36 44 46 54 56 62 68 74 76 84 86 91 97 101 108 112 117 121 127 131 137 139 148 151 157 163 166 170 175 183 185
a 2 6 14 16 24 26 30 38 44 46 54 56 62 68 74 76 84 86 91 97 101 108 112 117 121 127 131 137 139 148 151 157 163 166 170 175 183 185
a 2 6 14 16 24 26 32 38 44 46 54 56 62 68 74 76 84 86 91 97 101 108 112 117 121 127 131 137 139 148 151 157 163 166 170 175 183 185
a 2 8 14 16 24 26 32 38 44 46 54 56 62 68 74 76 84 86 91 97 101 108 112 117 121 127 131 137 139 148 151 157 163 166 170 175 183 185
a 4 8 14 16 24 26 32 38 44 46 54 56 62 68 74 76 84 86 91 97 101 108 112 117 121 127 131 137 139 148 151 157 163 166 170 175 183 185
a 4 8 14 16 20 26 32 38 44 46 54 56 62 68 74 76 84 86 91 97 101 108 112 117 121 127 131 137 139 148 151 157 163 166 170 175 183 185
a 4 8 14 16 20 28 32 38 44 46 54 56 62 68 74 76 84 86 91 97 101 108 112 117 121 127 131 137 139 148 151 157 163 166 170 175 183 185
a 4 8 14 16 22 28 32 38 44 46 54 56 62 68 74 76 84 86 91 97 101 108 112 117 121 127 131 137 139 148 151 157 163 166 170 175 183 185
a 2 8 14 16 22 28 32 38 44 46 54 56 62 68 74 76 84 86 91 97 101 108 112 117 121 127 131 137 139 148 151 157 163 166 170 175 183 185
a 2 6 14 16 22 28 32 38 44 46 54 56 62 68 74 76 84 86 91 97 101 108 112 117 121 127 131 137 139 148 151 157 163 166 170 175 183 185
a 2 6 10 16 22 28 32 38 44 46 54 56 62 68 74 76 84 86 91 97 101 108 112 117 121 127 131 137 139 148 151 157 163 166 170 175 183 185
a 2 6 10 18 22 28 32 38 44 46 54 56 62 68 74 76 84 86 91 97 101 108 112 117 121 127 131 137 139 148 151 157 163 166 170 175 183 185
a 2 6 10 18 22 28 32 38 44 46 50 56 62 68 74 76 84 86 91 97 101 108 112 117 121 127 131 137 139 148 151 157 163 166 170 175 183 185
a 2 6 10 18 22 28 32 38 44 46 50 58 62 68 74 76 84 86 91 97 101 108 112 117 121 127 131 137 139 148 151 157 163 166 170 175 183 185
a 2 6 10 18 22 28 32 38 44 46 52 58 62 68 74 76 84 86 91 97 101 108 112 117 121 127 131 137 139 148 151 157 163 166 170 175 183 185
a 2 6 10 16 22 28 32 38 44 46 52 58 62 68 74 76 84 86 91 97 101 108 112 117 121 127 131 137 139 148 151 157 163 166 170 175 183 185
a 2 6 14 16 22 28 32 38 44 46 52 58 62 68 74 76 84 86 91 97 101 108 112 117 121 127 131 137 139 148 151 157 163 166 170 175 183 185
a 2 8 14 16 22 28 32 38 44 46 52 58 62 68 74 76 84 86 91 97 101 108 112 117 121 127 131 137 139 148 151 157 163 166 170 175 183 185
a 4 8 14 16 22 28 32 38 44 46 52 58 62 68 74 76 84 86 91 97 101 108 112 117 121 127 131 137 139 148 151 157 163 166 170 175 183 185
a 4 8 14 16 20 28 32 38 44 46 52 58 62 68 74 76 84 86 91 97 101 108 112 117 121 127 131 137 139 148 151 157 163 166 170 175 183 185
a 4 8 14 16 20 26 32 38 44 46 52 58 62 68 74 76 84 86 91 97 101 108 112 117 121 127 131 137 139 148 151 157 163 166 170 175 183 185
a 4 8 14 16 24 26 32 38 44 46 52 58 62 68 74 76 84 86 91 97 101 108 112 117 121 127 131 137 139 148 151 157 163 166 170 175 183 185
a 2 8 14 16 24 26 32 38 44 46 52 58 62 68 74 76 84 86 91 97 101 108 112 117 121 127 131 137 139 148 151 157 163 166 170 175 183 185
a 2 6 14 16 24 26 32 38 44 46 52 58 62 68 74 76 84 86 91 97 101 108 112 117 121 127 131 137 139 148 151 157 163 166 170 175 183 185
a 2 6 14 16 24 26 30 38 44 46 52 58 62 68 74 76 84 86 91 97 101 108 112 117 121 127 131 137 139 148 151 157 163 166 170 175 183 185
a 2 6 14 16 24 26 30 36 44 46 52 58 62 68 74 76 84 86 91 97 101 108 112 117 121 127 131 137 139 148 151 157 163 166 170 175 183 185
a 2 6 14 16 24 26 30 36 40 46 52 58 62 68 74 76 84 86 91 97 101 108 112 117 121 127 131 137 139 148 151 157 163 166 170 175 183 185
a 2 6 14 16 24 26 30 36 40 48 52 58 62 68 74 76 84 86 91 97 101 108 112 117 121 127 131 137 139 148 151 157 163 166 170 175 183 185
a 2 6 14 16 24 26 30 36 40 48 52 58 62 68 74 76 80 86 91 97 101 108 112 117 121 127 131 137 139 148 151 157 163 166 170 175 183 185
a 2 6 14 16 24 26 30 36 40 48 52 58 62 68 74 76 80 88 91 97 101 108 112 117 121 127 131 137 139 148 151 157 163 166 170 175 183 185
a 2 6 14 16 24 26 30 36 40 48 52 58 62 68 74 76 82 88 91 97 101 108 112 117 121 127 131 137 139 148 151 157 163 166 170 175 183 185
a 2 6 14 16 24 26 30 36 40 46 52 58 62 68 74 76 82 88 91 97 101 108 112 117 121 127 131 137 139 148 151 157 163 166 170 175 183 185
a 2 6 14 16 24 26 30 36 44 46 52 58 62 68 74 76 82 88 91 97 101 108 112 117 121 127 131 137 139 148 151 157 163 166 170 175 183 185
a 2 6 14 16 24 26 30 38 44 46 52 58 62 68 74 76 82 88 91 97 101 108 112 117 121 127 131 137 139 148 151 157 163 166 170 175 183 185
a 2 6 14 16 24 26 32 38 44 46 52 58 62 68 74 76 82 88 91 97 101 108 112 117 121 127 131 137 139 148 151 157 163 166 170 175 183 185
a 2 8 14 16 24 26 32 38 44 46 52 58 62 68 74 76 82 88 91 97 101 108 112 117 121 127 131 137 139 148 151 157 163 166 170 175 183 185
a 4 8 14 16 24 26 32 38 44 46 52 58 62 68 74 76 82 88 91 97 101 108 112 117 121 127 131 137 139 148 151 157 163 166 170 175 183 185
a 4 8 14 16 20 26 32 38 44 46 52 58 62 68 74 76 82 88 91 97 101 108 112 117 121 127 131 137 139 148 151 157 163 166 170 175 183 185
a 4 8 14 16 20 28 32 38 44 46 52 58 62 68 74 76 82 88 91 97 101 108 112 117 121 127 131 137 139 148 151 157 163 166 170 175 183 185
a 4 8 14 16 22 28 32 38 44 46 52 58 62 68 74 76 82 88 91 97 101 108 112 117 121 127 131 137 139 148 151 157 163 166 170 175 183 185
a 2 8 14 16 22 28 32 38 44 46 52 58 62 68 74 76 82 88 91 97 101 108 112 117 121 127 131 137 139 148 151 157 163 166 170 175 183 185
a 2 6 14 16 22 28 32 38 44 46 52 58 62 68 74 76 82 88 91 97 101 108 112 117 121 127 131 137 139 148 151 157 163 166 170 175 183 185
a 2 6 10 16 22 28 32 38 44 46 52 58 62 68 74 76 82 88 91 97 101 108 112 117 121 127 131 137 139 148 151 157 163 166 170 175 183 185
a 2 6 10 18 22 28 32 38 44 46 52 58 62 68 74 76 82 88 91 97 101 108 112 117 121 127 131 137 139 148 151 157 163 166 170 175 183 185
a 2 6 10 18 22 28 32 38 44 46 50 58 62 68 74 76 82 88 91 97 101 108 112 117 121 127 131 137 139 148 151 157 163 166 170 175 183 185
a 2 6 10 18 22 28 32 38 44 46 50 56 62 68 74 76 82 88 91 97 101 108 112 117 121 127 131 137 139 148 151 157 163 166 170 175 183 185
a 2 6 10 18 22 28 32 38 44 46 54 56 62 68 74 76 82 88 91 97 101 108 112 117 121 127 131 137 139 148 151 157 163 166 170 175 183 185
a 2 6 10 16 22 28 32 38 44 46 54 56 62 68 74 76 82 88 91 97 101 108 112 117 121 127 131 137 139 148 151 157 163 166 170 175 183 185
a 2 6 14 16 22 28 32 38 44 46 54 56 62 68 74 76 82 88 91 97 101 108 112 117 121 127 131 137 139 148 151 157 163 166 170 175 183 185
a 2 8 14 16 22 28 32 38 44 46 54 56 62 68 74 76 82 88 91 97 101 108 112 117 121 127 131 137 139 148 151 157 163 166 170 175 183 185
a 4 8 14 16 22 28 32 38 44 46 54 56 62 68 74 76 82 88 91 97 101 108 112 117 121 127 131 137 139 148 151 157 163 166 170 175 183 185
a 4 8 14 16 20 28 32 38 44 46 54 56 62 68 74 76 82 88 91 97 101 108 112 117 121 127 131 137 139 148 151 157 163 166 170 175 183 185
a 4 8 14 16 20 26 32 38 44 46 54 56 62 68 74 76 82 88 91 97 101 108 112 117 121 127 131 137 139 148 151 157 163 166 170 175 183 185
a 4 8 14 16 24 26 32 38 44 46 54 56 62 68 74 76 82 88 91 97 101 108 112 117 121 127 131 137 139 148 151 157 163 166 170 175 183 185
a 2 8 14 16 24 26 32 38 44 46 54 56 62 68 74 76 82 88 91 97 101 108 112 117 121 127 131 137 139 148 151 157 163 166 170 175 183 185
a 2 6 14 16 24 26 32 38 44 46 54 56 62 68 74 76 82 88 91 97 101 108 112 117 121 127 131 137 139 148 151 157 163 166 170 175 183 185
a 2 6 14 16 24 26 30 38 44 46 54 56 62 68 74 76 82 88 91 97 101 108 112 117 121 127 131 137 139 148 151 157 163 166 170 175 183 185
a 2 6 14 16 24 26 30 36 44 46 54 56 62 68 74 76 82 88 91 97 101 108 112 117 121 127 131 137 139 148 151 157 163 166 170 175 183 185
a 2 6 14 16 24 26 30 36 44 46 54 56 60 68 74 76 82 88 91 97 101 108 112 117 121 127 131 137 139 148 151 157 163 166 170 175 183 185
a 2 6 14 16 24 26 30 36 44 46 54 56 60 66 74 76 82 88 91 97 101 108 112 117 121 127 131 137 139 148 151 157 163 166 170 175 183 185
a 2 6 14 16 24 26 30 36 44 46 54 56 60 66 70 76 82 88 91 97 101 108 112 117 121 127 131 137 139 148 151 157 163 166 170 175 183 185
a 2 6 14 16 24 26 30 36 44 46 54 56 60 66 70 77 82 88 91 97 101 108 112 117 121 127 131 137 139 148 151 157 163 166 170 175 183 185
a 2 6 14 16 24 26 30 36 44 46 54 56 60 66 70 77 82 88 91 97 101 108 110 117 121 127 131 137 139 148 151 157 163 166 170 175 183 185
a 2 6 14 16 24 26 30 36 44 46 54 56 60 66 71 77 82 88 91 97 101 108 110 117 121 127 131 137 139 148 151 157 163 166 170 175 183 185
a 2 6 14 16 24 26 30 36 44 46 54 56 60 67 71 77 82 88 91 97 101 108 110 117 121 127 131 137 139 148 151 157 163 166 170 175 183 185
a 2 6 14 16 24 26 30 36 44 46 54 56 61 67 71 77 82 88 91 97 101 108 110 117 121 127 131 137 139 148 151 157 163 166 170 175 183 185
a 2 6 14 16 24 26 30 38 44 46 54 56 61 67 71 77 82 88 91 97 101 108 110 117 121 127 131 137 139 148 151 157 163 166 170 175 183 185
a 2 6 14 16 24 26 32 38 44 46 54 56 61 67 71 77 82 88 91 97 101 108 110 117 121 127 131 137 139 148 151 157 163 166 170 175 183 185
a 2 8 14 16 24 26 32 38 44 46 54 56 61 67 71 77 82 88 91 97 101 108 110 117 121 127 131 137 139 148 151 157 163 166 170 175 183 185
a 4 8 14 16 24 26 32 38 44 46 54 56 61 67 71 77 82 88 91 97 101 108 110 117 121 127 131 137 139 148 151 157 163 166 170 175 183 185
a 4 8 14 16 20 26 32 38 44 46 54 56 61 67 71 77 82 88 91 97 101 108 110 117 121 127 131 137 139 148 151 157 163 166 170 175 183 185
a 4 8 14 16 20 28 32 38 44 46 54 56 61 67 71 77 82 88 91 97 101 108 110 117 121 127 131 137 139 148 151 157 163 166 170 175 183 185
a 4 8 14 16 22 28 32 38 44 46 54 56 61 67 71 77 82 88 91 97 101 108 110 117 121 127 131 137 139 148 151 157 163 166 170 175 183 185
a 2 8 14 16 22 28 32 38 44 46 54 56 61 67 71 77 82 88 91 97 101 108 110 117 121 127 131 137 139 148 151 157 163 166 170 175 183 185
a 2 6 14 16 22 28 32 38 44 46 54 56 61 67 71 77 82 88 91 97 101 108 110 117 121 127 131 137 139 148 151 157 163 166 170 175 183 185
a 2 6 10 16 22 28 32 38 44 46 54 56 61 67 71 77 82 88 91 97 101 108 110 117 121 127 131 137 139 148 151 157 163 166 170 175 183 185
a 2 6 10 18 22 28 32 38 44 46 54 56 61 67 71 77 82 88 91 97 101 108 110 117 121 127 131 137 139 148 151 157 163 166 170 175 183 185
a 2 6 10 18 22 28 32 38 44 46 50 56 61 67 71 77 82 88 91 97 101 108 110 117 121 127 131 137 139 148 151 157 163 166 170 175 183 185
a 2 6 10 18 22 28 32 38 44 46 50 57 61 67 71 77 82 88 91 97 101 108 110 117 121 127 131 137 139 148 151 157 163 166 170 175 183 185
a 2 6 10 18 22 28 32 38 44 46 52 57 61 67 71 77 82 88 91 97 101 108 110 117 121 127 131 137 139 148 151 157 163 166 170 175 183 185
a 2 6 10 16 22 28 32 38 44 46 52 57 61 67 71 77 82 88 91 97 101 108 110 117 121 127 131 137 139 148 151 157 163 166 170 175 183 185
a 2 6 14 16 22 28 32 38 44 46 52 57 61 67 71 77 82 88 91 97 101 108 110 117 121 127 131 137 139 148 151 157 163 166 170 175 183 185
a 2 8 14 16 22 28 32 38 44 46 52 57 61 67 71 77 82 88 91 97 101 108 110 117 121 127 131 137 139 148 151 157 163 166 170 175 183 185
a 4 8 14 16 22 28 32 38 44 46 52 57 61 67 71 77 82 88 91 97 101 108 110 117 121 127 131 137 139 148 151 157 163 166 170 175 183 185
a 4 8 14 16 20 28 32 38 44 46 52 57 61 67 71 77 82 88 91 97 101 108 110 117 121 127 131 137 139 148 151 157 163 166 170 175 183 185
a 4 8 14 16 20 26 32 38 44 46 52 57 61 67 71 77 82 88 91 97 101 108 110 117 121 127 131 137 139 148 151 157 163 166 170 175 183 185
a 4 8 14 16 24 26 32 38 44 46 52 57 61 67 71 77 82 88 91 97 101 108 110 117 121 127 131 137 139 148 151 157 163 166 170 175 183 185
a 2 8 14 16 24 26 32 38 44 46 52 57 61 67 71 77 82 88 91 97 101 108 110 117 121 127 131 137 139 148 151 157 163 166 170 175 183 185
a 2 6 14 16 24 26 32 38 44 46 52 57 61 67 71 77 82 88 91 97 101 108 110 117 121 127 131 137 139 148 151 157 163 166 170 175 183 185
a 2 6 14 16 24 26 30 38 44 46 52 57 61 67 71 77 82 88 91 97 101 108 110 117 121 127 131 137 139 148 151 157 163 166 170 175 183 185
a 2 6 14 16 24 26 30 36 44 46 52 57 61 67 71 77 82 88 91 97 101 108 110 117 121 127 131 137 139 148 151 157 163 166 170 175 183 185
a 2 6 14 16 24 26 30 36 40 46 52 57 61 67 71 77 82 88 91 97 101 108 110 117 121 127 131 137 139 148 151 157 163 166 170 175 183 185
a 2 6 14 16 24 26 30 36 40 48 52 57 61 67 71 77 82 88 91 97 101 108 110 117 121 127 131 137 139 148 151 157 163 166 170 175 183 185
a 2 6 14 16 24 26 30 36 40 48 52 57 61 67 71 77 80 88 91 97 101 108 110 117 121 127 131 137 139 148 151 157 163 166 170 175 183 185
a 2 6 14 16 24 26 30 36 41 48 52 57 61 67 71 77 80 88 91 97 101 108 110 117 121 127 131 137 139 148 151 157 163 166 170 175 183 185
a 2 6 14 16 24 26 30 38 41 48 52 57 61 67 71 77 80 88 91 97 101 108 110 117 121 127 131 137 139 148 151 157 163 166 170 175 183 185
a 2 6 14 16 24 26 31 38 41 48 52 57 61 67 71 77 80 88 91 97 101 108 110 117 121 127 131 137 139 148 151 157 163 166 170 175 183 185
a 2 8 14 16 24 26 31 38 41 48 52 57 61 67 71 77 80 88 91 97 101 108 110 117 121 127 131 137 139 148 151 157 163 166 170 175 183 185
a 4 8 14 16 24 26 31 38 41 48 52 57 61 67 71 77 80 88 91 97 101 108 110 117 121 127 131 137 139 148 151 157 163 166 170 175 183 185
a 4 8 14 16 20 26 31 38 41 48 52 57 61 67 71 77 80 88 91 97 101 108 110 117 121 127 131 137 139 148 151 157 163 166 170 175 183 185
a 4 8 14 16 20 28 31 38 41 48 52 57 61 67 71 77 80 88 91 97 101 108 110 117 121 127 131 137 139 148 151 157 163 166 170 175 183 185
a 4 8 14 16 22 28 31 38 41 48 52 57 61 67 71 77 80 88 91 97 101 108 110 117 121 127 131 137 139 148 151 157 163 166 170 175 183 185
a 2 8 14 16 22 28 31 38 41 48 52 57 61 67 71 77 80 88 91 97 101 108 110 117 121 127 131 137 139 148 151 157 163 166 170 175 183 185
a 2 6 14 16 22 28 31 38 41 48 52 57 61 67 71 77 80 88 91 97 101 108 110 117 121 127 131 137 139 148 151 157 163 166 170 175 183 185
a 2 6 10 16 22 28 31 38 41 48 52 57 61 67 71 77 80 88 91 97 101 108 110 117 121 127 131 137 139 148 151 157 163 166 170 175 183 185
a 2 6 10 17 22 28 31 38 41 48 52 57 61 67 71 77 80 88 91 97 101 108 110 117 121 127 131 137 139 148 151 157 163 166 170 175 183 185
a 2 6 10 17 22 28 31 38 41 48 50 57 61 67 71 77 80 88 91 97 101 108 110 117 121 127 131 137 139 148 151 157 163 166 170 175 183 185
a 2 6 11 17 22 28 31 38 41 48 50 57 61 67 71 77 80 88 91 97 101 108 110 117 121 127 131 137 139 148 151 157 163 166 170 175 183 185
a 2 7 11 17 22 28 31 38 41 48 50 57 61 67 71 77 80 88 91 97 101 108 110 117 121 127 131 137 139 148 151 157 163 166 170 175 183 185
a 3 7 11 17 22 28 31 38 41 48 50 57 61 67 71 77 80 88 91 97 101 108 110 117 121 127 131 137 139 148 151 157 163 166 170 175 183 185
a 3 7 11 17 20 28 31 38 41 48 50 57 61 67 71 77 80 88 91 97 101 108 110 117 121 127 131 137 139 148 151 157 163 166 170 175 183 185
Reconfiguration time = 6.501909
	Command being timed: "timeout 20m ../ddreconf/ddreconf ../benchmark_instances/2023result/docs/solver/benchmark/hand_made_wide/power_wide/suzuki_instance_3_6_2_2.col --stfile=../benchmark_instances/2023result/docs/solver/benchmark/hand_made_wide/power_wide/suzuki_instance_3_6_2_2_01.dat --tj --indset --longest"
	User time (seconds): 6.44
	System time (seconds): 0.15
	Percent of CPU this job got: 99%
	Elapsed (wall clock) time (h:mm:ss or m:ss): 0:06.61
	Average shared text size (kbytes): 0
	Average unshared data size (kbytes): 0
	Average stack size (kbytes): 0
	Average total size (kbytes): 0
	Maximum resident set size (kbytes): 153192
	Average resident set size (kbytes): 0
	Major (requiring I/O) page faults: 0
	Minor (reclaiming a frame) page faults: 44790
	Voluntary context switches: 4
	Involuntary context switches: 30
	Swaps: 0
	File system inputs: 16
	File system outputs: 656
	Socket messages sent: 0
	Socket messages received: 0
	Signals delivered: 0
	Page size (bytes): 4096
	Exit status: 0
