Input graph file parsed. # of vertices = 342, # of edges = 1854
s 6 12 18 27 33 42 48 57 63 72 78 87 93 102 108 117 123 132 138 147 153 162 168 177 183 192 198 207 213 222 228 237 243 252 258 267 273 282 288 297 303 312 318 327 333 342
Solution space ZDD construction start
Solution space ZDD construction end
Solution space ZDD construction time = 0.466110
Solution space ZDD size = 918
# of elements in the solution space = 2769505010261921082592573804929936952
Start searching the longest reconfiguration sequence
Step 1 time = 0.001057, # ZDD nodes = 218, # elems = 128
Step 2 time = 0.001662, # ZDD nodes = 389, # elems = 7974
Step 3 time = 0.002348, # ZDD nodes = 554, # elems = 322239
Step 4 time = 0.001682, # ZDD nodes = 710, # elems = 9499524
Step 5 time = 0.001544, # ZDD nodes = 867, # elems = 217822023
Step 6 time = 0.001597, # ZDD nodes = 1024, # elems = 4045039836
Step 7 time = 0.001991, # ZDD nodes = 1173, # elems = 62546721240
Step 8 time = 0.001706, # ZDD nodes = 1308, # elems = 821664834417
Step 9 time = 0.001834, # ZDD nodes = 1434, # elems = 9311328301144
Step 10 time = 0.001342, # ZDD nodes = 1556, # elems = 92111512519961
Step 11 time = 0.001567, # ZDD nodes = 1675, # elems = 802994914328220
Step 12 time = 0.001399, # ZDD nodes = 1801, # elems = 6216417308809680
Step 13 time = 0.001708, # ZDD nodes = 1935, # elems = 43006074102252030
Step 14 time = 0.001703, # ZDD nodes = 2062, # elems = 267266348639304840
Step 15 time = 0.001713, # ZDD nodes = 2175, # elems = 1498532707194709476
Step 16 time = 0.001589, # ZDD nodes = 2282, # elems = 7607911767496931742
Step 17 time = 0.001690, # ZDD nodes = 2385, # elems = 35079179924740972113
Step 18 time = 0.001684, # ZDD nodes = 2485, # elems = 147265699022299834840
Step 19 time = 0.001615, # ZDD nodes = 2582, # elems = 564041885639605252985
Step 20 time = 0.001711, # ZDD nodes = 2676, # elems = 1974229134777076781673
Step 21 time = 0.001973, # ZDD nodes = 2768, # elems = 6323066526209861601288
Step 22 time = 0.002047, # ZDD nodes = 2869, # elems = 18549597352234938165234
Step 23 time = 0.027541, # ZDD nodes = 2961, # elems = 49880444151003869440809
Step 24 time = 0.002880, # ZDD nodes = 3055, # elems = 123005134185481803270492
Step 25 time = 0.002605, # ZDD nodes = 3144, # elems = 278249974271096201960148
Step 26 time = 0.002334, # ZDD nodes = 3227, # elems = 577466378873180728909911
Step 27 time = 0.002437, # ZDD nodes = 3301, # elems = 1099600642957378719569831
Step 28 time = 0.002893, # ZDD nodes = 3372, # elems = 1921466440339166769090847
Step 29 time = 0.002549, # ZDD nodes = 3440, # elems = 3082659290391799149021594
Step 30 time = 0.002361, # ZDD nodes = 3505, # elems = 4545780994903233702401187
Step 31 time = 0.002211, # ZDD nodes = 3564, # elems = 6176140554192760366047651
Step 32 time = 0.002652, # ZDD nodes = 3617, # elems = 7766059738294422690311295
Step 33 time = 0.002342, # ZDD nodes = 3660, # elems = 9107736522253891823136873
Step 34 time = 0.002196, # ZDD nodes = 3715, # elems = 10082154076001416973104251
Step 35 time = 0.002443, # ZDD nodes = 3764, # elems = 10707137776897172642538675
Step 36 time = 0.002205, # ZDD nodes = 3813, # elems = 11103964165905386735366321
Step 37 time = 0.002449, # ZDD nodes = 3874, # elems = 11397822496437582054365392
Step 38 time = 0.003251, # ZDD nodes = 3924, # elems = 11622339114438052874534994
Step 39 time = 0.002881, # ZDD nodes = 3976, # elems = 11703257738953450331565432
Step 40 time = 0.003248, # ZDD nodes = 4023, # elems = 11540797832871381385888710
Step 41 time = 0.002902, # ZDD nodes = 4070, # elems = 11135861381329434657158445
Step 42 time = 0.003013, # ZDD nodes = 4114, # elems = 10669131213267496098183954
Step 43 time = 0.002980, # ZDD nodes = 4151, # elems = 10468362236971593841431096
Step 44 time = 0.002685, # ZDD nodes = 4181, # elems = 10866661484822742587797899
Step 45 time = 0.002708, # ZDD nodes = 4196, # elems = 12021202039625754734563028
Step 46 time = 0.003069, # ZDD nodes = 4188, # elems = 13792065864008892637536070
Step 47 time = 0.002997, # ZDD nodes = 4174, # elems = 15757932554988082376423031
Step 48 time = 0.002946, # ZDD nodes = 4184, # elems = 17376488101329528396868947
Step 49 time = 0.002672, # ZDD nodes = 4185, # elems = 18216666218234709459286380
Step 50 time = 0.002881, # ZDD nodes = 4178, # elems = 18144804973622846029152462
Step 51 time = 0.002659, # ZDD nodes = 4175, # elems = 17369059579824854959310268
Step 52 time = 0.002251, # ZDD nodes = 4175, # elems = 16326505237845777780348864
Step 53 time = 0.002292, # ZDD nodes = 4195, # elems = 15486899010323401331953254
Step 54 time = 0.002452, # ZDD nodes = 4222, # elems = 15188136697186607859713109
Step 55 time = 0.003199, # ZDD nodes = 4269, # elems = 15582612676849022856525291
Step 56 time = 0.002876, # ZDD nodes = 4331, # elems = 16686155952508940254187109
Step 57 time = 0.003125, # ZDD nodes = 4398, # elems = 18448416311818479847472214
Step 58 time = 0.003383, # ZDD nodes = 4476, # elems = 20764044108528455402368497
Step 59 time = 0.003972, # ZDD nodes = 4554, # elems = 23417501584663872565810884
Step 60 time = 0.004026, # ZDD nodes = 4622, # elems = 26036787010385524081941936
Step 61 time = 0.004144, # ZDD nodes = 4686, # elems = 28146826448833001789547837
Step 62 time = 0.004214, # ZDD nodes = 4751, # elems = 29340447043239399822332535
Step 63 time = 0.003996, # ZDD nodes = 4813, # elems = 29479320682587068629440465
Step 64 time = 0.004569, # ZDD nodes = 4880, # elems = 28788458557631718345054552
Step 65 time = 0.004007, # ZDD nodes = 4926, # elems = 27763757288109749504493441
Step 66 time = 0.004034, # ZDD nodes = 4966, # elems = 26935415400951304041902265
Step 67 time = 0.003774, # ZDD nodes = 4998, # elems = 26626719440258223417731043
Step 68 time = 0.003354, # ZDD nodes = 5019, # elems = 26846459478272313398808504
Step 69 time = 0.003639, # ZDD nodes = 5044, # elems = 27363444839441781878560500
Step 70 time = 0.003560, # ZDD nodes = 5086, # elems = 27906105902232820338765927
Step 71 time = 0.003700, # ZDD nodes = 5125, # elems = 28375603908042401483645808
Step 72 time = 0.003592, # ZDD nodes = 5161, # elems = 28968827573946803576303025
Step 73 time = 0.003687, # ZDD nodes = 5197, # elems = 30149225940446256608673507
Step 74 time = 0.003896, # ZDD nodes = 5233, # elems = 32455642628491360845550290
Step 75 time = 0.004346, # ZDD nodes = 5272, # elems = 36202866476871169549153485
Step 76 time = 0.004203, # ZDD nodes = 5323, # elems = 41198962567492075633512651
Step 77 time = 0.004005, # ZDD nodes = 5367, # elems = 46645040939257410138731034
Step 78 time = 0.004044, # ZDD nodes = 5414, # elems = 51335482451548917850491141
Step 79 time = 0.003986, # ZDD nodes = 5476, # elems = 54125757944450058528194886
Step 80 time = 0.003927, # ZDD nodes = 5544, # elems = 54455010367906396066283082
Step 81 time = 0.004387, # ZDD nodes = 5621, # elems = 52632808289253800012632167
Step 82 time = 0.004369, # ZDD nodes = 5698, # elems = 49707283157385115599315819
Step 83 time = 0.004770, # ZDD nodes = 5761, # elems = 46973886070677821747674533
Step 84 time = 0.004982, # ZDD nodes = 5818, # elems = 45398352647545099852712157
Step 85 time = 0.005158, # ZDD nodes = 5866, # elems = 45266326877883940589604519
Step 86 time = 0.004849, # ZDD nodes = 5881, # elems = 46216427225747462128374156
Step 87 time = 0.004911, # ZDD nodes = 5890, # elems = 47579982698000189460647367
Step 88 time = 0.004469, # ZDD nodes = 5896, # elems = 48795078664313272313135244
Step 89 time = 0.004063, # ZDD nodes = 5899, # elems = 49667961206871941136639768
Step 90 time = 0.005051, # ZDD nodes = 5902, # elems = 50388847026176721842845506
Step 91 time = 0.004764, # ZDD nodes = 5926, # elems = 51366750705387406293296148
Step 92 time = 0.004326, # ZDD nodes = 5960, # elems = 53030082916223530504411788
Step 93 time = 0.004571, # ZDD nodes = 6017, # elems = 55710017589868946444937402
Step 94 time = 0.004459, # ZDD nodes = 6071, # elems = 59619815268807554761889979
Step 95 time = 0.004608, # ZDD nodes = 6139, # elems = 64849977031931622795464829
Step 96 time = 0.004503, # ZDD nodes = 6207, # elems = 71293008190526504554737600
Step 97 time = 0.005976, # ZDD nodes = 6278, # elems = 78504079933363245912230409
Step 98 time = 0.005764, # ZDD nodes = 6345, # elems = 85620625307301189610201788
Step 99 time = 0.004862, # ZDD nodes = 6409, # elems = 91491966534849311895427836
Step 100 time = 0.005111, # ZDD nodes = 6455, # elems = 95053927004963429163633513
Step 101 time = 0.005106, # ZDD nodes = 6501, # elems = 95792145620364367222351203
Step 102 time = 0.004535, # ZDD nodes = 6558, # elems = 94025739188765585184716700
Step 103 time = 0.004601, # ZDD nodes = 6615, # elems = 90818210300336764242695217
Step 104 time = 0.004965, # ZDD nodes = 6669, # elems = 87543943001659116103629996
Step 105 time = 0.004570, # ZDD nodes = 6690, # elems = 85345409894703056099225748
Step 106 time = 0.004951, # ZDD nodes = 6717, # elems = 84762376143009034591878849
Step 107 time = 0.005297, # ZDD nodes = 6744, # elems = 85682773681076612632068171
Step 108 time = 0.005062, # ZDD nodes = 6777, # elems = 87567527053312428879885852
Step 109 time = 0.006108, # ZDD nodes = 6801, # elems = 89778520871816411952160317
Step 110 time = 0.005758, # ZDD nodes = 6843, # elems = 91846867105502285298641307
Step 111 time = 0.006214, # ZDD nodes = 6900, # elems = 93604639761964920220923762
Step 112 time = 0.006065, # ZDD nodes = 6966, # elems = 95178573497427208754962545
Step 113 time = 0.006459, # ZDD nodes = 7050, # elems = 96873622272162970534112355
Step 114 time = 0.007452, # ZDD nodes = 7119, # elems = 98988191911529263993346082
Step 115 time = 0.006264, # ZDD nodes = 7173, # elems = 101636710483445278811600688
Step 116 time = 0.007730, # ZDD nodes = 7214, # elems = 104692084038192828331902501
Step 117 time = 0.006262, # ZDD nodes = 7258, # elems = 107936261752049168096768427
Step 118 time = 0.005769, # ZDD nodes = 7291, # elems = 111379330278442270945562625
Step 119 time = 0.006436, # ZDD nodes = 7315, # elems = 115533228446844906074204592
Step 120 time = 0.006617, # ZDD nodes = 7324, # elems = 121356067960554741956311632
Step 121 time = 0.005555, # ZDD nodes = 7326, # elems = 129740109837443873932851324
Step 122 time = 0.005883, # ZDD nodes = 7346, # elems = 140753595261916553989867191
Step 123 time = 0.005933, # ZDD nodes = 7367, # elems = 153130746341245348166502177
Step 124 time = 0.005584, # ZDD nodes = 7405, # elems = 164474711947527940555654104
Step 125 time = 0.005577, # ZDD nodes = 7432, # elems = 172233552235506776224944030
Step 126 time = 0.005611, # ZDD nodes = 7480, # elems = 174970014200419262865606216
Step 127 time = 0.005625, # ZDD nodes = 7525, # elems = 173167471874416068185917914
Step 128 time = 0.005452, # ZDD nodes = 7543, # elems = 169038134703372172241513115
Step 129 time = 0.005843, # ZDD nodes = 7570, # elems = 165402756123980082075345582
Step 130 time = 0.005487, # ZDD nodes = 7594, # elems = 164287442907228617313044400
Step 131 time = 0.006224, # ZDD nodes = 7615, # elems = 166043204075756313538463844
Step 132 time = 0.006501, # ZDD nodes = 7615, # elems = 169442538321345154559886879
Step 133 time = 0.006463, # ZDD nodes = 7633, # elems = 172600624179061841080010997
Step 134 time = 0.006778, # ZDD nodes = 7666, # elems = 174116675108827493571670470
Step 135 time = 0.005889, # ZDD nodes = 7708, # elems = 173797100236893208861735209
Step 136 time = 0.007630, # ZDD nodes = 7747, # elems = 172655668509952060338441903
Step 137 time = 0.008006, # ZDD nodes = 7813, # elems = 172313493393879425228210856
Step 138 time = 0.008127, # ZDD nodes = 7882, # elems = 174183017566346912196060273
Step 139 time = 0.007118, # ZDD nodes = 7959, # elems = 178830847906535784550117572
Step 140 time = 0.007936, # ZDD nodes = 8036, # elems = 185756803946316053219974527
Step 141 time = 0.007979, # ZDD nodes = 8110, # elems = 193631567678563665542685957
Step 142 time = 0.010169, # ZDD nodes = 8183, # elems = 200874084621296509444045707
Step 143 time = 0.007931, # ZDD nodes = 8242, # elems = 206329864816711334390347890
Step 144 time = 0.007464, # ZDD nodes = 8283, # elems = 209756756785172002385888367
Step 145 time = 0.009429, # ZDD nodes = 8351, # elems = 211902311900789447271176394
Step 146 time = 0.007884, # ZDD nodes = 8417, # elems = 214173912507225436149886548
Step 147 time = 0.007405, # ZDD nodes = 8498, # elems = 218123887422067891320061440
Step 148 time = 0.008506, # ZDD nodes = 8605, # elems = 225018151861822426730628675
Step 149 time = 0.009556, # ZDD nodes = 8697, # elems = 235597802545417780713775833
Step 150 time = 0.008545, # ZDD nodes = 8777, # elems = 249944486329960158709579797
Step 151 time = 0.007361, # ZDD nodes = 8845, # elems = 267327262427232032721254205
Step 152 time = 0.008567, # ZDD nodes = 8887, # elems = 286078350657294601434398331
Step 153 time = 0.006857, # ZDD nodes = 8923, # elems = 303729597881590059936349551
Step 154 time = 0.007950, # ZDD nodes = 8950, # elems = 317599298008382140850688957
Step 155 time = 0.008216, # ZDD nodes = 8947, # elems = 325716028193690041180661217
Step 156 time = 0.008044, # ZDD nodes = 8956, # elems = 327643341402847396789755576
Step 157 time = 0.008204, # ZDD nodes = 8983, # elems = 324720118710978175441146195
Step 158 time = 0.007396, # ZDD nodes = 9013, # elems = 319529917826188345121202657
Step 159 time = 0.007982, # ZDD nodes = 9013, # elems = 314858815248782243836755549
Step 160 time = 0.008170, # ZDD nodes = 9001, # elems = 312686746198439174499764043
Step 161 time = 0.009076, # ZDD nodes = 8983, # elems = 313690800388166148081275919
Step 162 time = 0.007652, # ZDD nodes = 8964, # elems = 317388053482132855162865040
Step 163 time = 0.010324, # ZDD nodes = 8954, # elems = 322684416794573320420288233
Step 164 time = 0.008847, # ZDD nodes = 8962, # elems = 328468464685861202730711006
Step 165 time = 0.008556, # ZDD nodes = 8986, # elems = 334009242634316587975146051
Step 166 time = 0.008087, # ZDD nodes = 9001, # elems = 339109176105938286770709240
Step 167 time = 0.007758, # ZDD nodes = 9007, # elems = 344063626148892516983108154
Step 168 time = 0.058356, # ZDD nodes = 9013, # elems = 349470790821500888351996073
Step 169 time = 0.009218, # ZDD nodes = 9028, # elems = 355921067478129809715669879
Step 170 time = 0.009020, # ZDD nodes = 9049, # elems = 363657316589666103552997779
Step 171 time = 0.008891, # ZDD nodes = 9088, # elems = 372386692953698822550926919
Step 172 time = 0.009670, # ZDD nodes = 9163, # elems = 381398465667757738096719774
Step 173 time = 0.010311, # ZDD nodes = 9248, # elems = 389952566963286052072715028
Step 174 time = 0.010225, # ZDD nodes = 9344, # elems = 397694405954947210849205928
Step 175 time = 0.009273, # ZDD nodes = 9425, # elems = 404812387533502790581240125
Step 176 time = 0.010431, # ZDD nodes = 9524, # elems = 411824297287010666725467417
Step 177 time = 0.009085, # ZDD nodes = 9626, # elems = 419142161321838964408223709
Step 178 time = 0.010542, # ZDD nodes = 9731, # elems = 426765667294544436651998727
Step 179 time = 0.009732, # ZDD nodes = 9817, # elems = 434444786670630755596995036
Step 180 time = 0.009841, # ZDD nodes = 9900, # elems = 442349707815688941435867615
Step 181 time = 0.011057, # ZDD nodes = 9980, # elems = 451808752508190018547537914
Step 182 time = 0.012206, # ZDD nodes = 10057, # elems = 465380093729057935231546722
Step 183 time = 0.009886, # ZDD nodes = 10114, # elems = 485770580902974719392545708
Step 184 time = 0.011405, # ZDD nodes = 10177, # elems = 513910593727248927621694761
Step 185 time = 0.010168, # ZDD nodes = 10245, # elems = 547342252888871814359658156
Step 186 time = 0.010510, # ZDD nodes = 10290, # elems = 580250299395598717367988936
Step 187 time = 0.010922, # ZDD nodes = 10353, # elems = 605600861232878424372452733
Step 188 time = 0.012243, # ZDD nodes = 10419, # elems = 618428157879148358898297132
Step 189 time = 0.010721, # ZDD nodes = 10475, # elems = 618381324918491139359988453
Step 190 time = 0.009706, # ZDD nodes = 10498, # elems = 609970517980746541964477028
Step 191 time = 0.009900, # ZDD nodes = 10518, # elems = 600332887572239566447687476
Step 192 time = 0.010974, # ZDD nodes = 10529, # elems = 595815375301489444287945825
Step 193 time = 0.012233, # ZDD nodes = 10528, # elems = 599281568767728462576748752
Step 194 time = 0.009466, # ZDD nodes = 10494, # elems = 609472341358152531113302308
Step 195 time = 0.011569, # ZDD nodes = 10448, # elems = 622458402352389786119005377
Step 196 time = 0.009427, # ZDD nodes = 10417, # elems = 634107509430655713077332242
Step 197 time = 0.009528, # ZDD nodes = 10372, # elems = 642183299529220183467497625
Step 198 time = 0.011442, # ZDD nodes = 10333, # elems = 647165361604685564210586822
Step 199 time = 0.011475, # ZDD nodes = 10312, # elems = 651649052122817217371286345
Step 200 time = 0.012479, # ZDD nodes = 10300, # elems = 658805874396283447548241608
Step 201 time = 0.010005, # ZDD nodes = 10288, # elems = 670684894505488528628437242
Step 202 time = 0.009378, # ZDD nodes = 10273, # elems = 687124187613937521876467934
Step 203 time = 0.010754, # ZDD nodes = 10282, # elems = 705779543060825981770099665
Step 204 time = 0.009126, # ZDD nodes = 10300, # elems = 723306501554177401842017421
Step 205 time = 0.009124, # ZDD nodes = 10324, # elems = 737138752380256077383468346
Step 206 time = 0.010700, # ZDD nodes = 10366, # elems = 746878207234564875428671257
Step 207 time = 0.010152, # ZDD nodes = 10408, # elems = 754439586482890163535104070
Step 208 time = 0.009254, # ZDD nodes = 10459, # elems = 762833361373360347660599808
Step 209 time = 0.009460, # ZDD nodes = 10533, # elems = 774339000526782210821352084
Step 210 time = 0.010285, # ZDD nodes = 10629, # elems = 789192277324971742591117965
Step 211 time = 0.012517, # ZDD nodes = 10752, # elems = 805567777225115619990988071
Step 212 time = 0.012314, # ZDD nodes = 10906, # elems = 820842673479208353006677505
Step 213 time = 0.011025, # ZDD nodes = 11071, # elems = 833356547053186800261417894
Step 214 time = 0.013234, # ZDD nodes = 11220, # elems = 843585978464249938272775242
Step 215 time = 0.012798, # ZDD nodes = 11348, # elems = 854041526275939532898349338
Step 216 time = 0.016371, # ZDD nodes = 11458, # elems = 868035608141284895419789632
Step 217 time = 0.014540, # ZDD nodes = 11556, # elems = 888176643047732026323277155
Step 218 time = 0.012824, # ZDD nodes = 11651, # elems = 915509196784422615557534544
Step 219 time = 0.019710, # ZDD nodes = 11785, # elems = 949608631823502086802330372
Step 220 time = 0.015179, # ZDD nodes = 11917, # elems = 989147049547055155510112136
Step 221 time = 0.012500, # ZDD nodes = 12004, # elems = 1032167322948598511603418477
Step 222 time = 0.011757, # ZDD nodes = 12070, # elems = 1075824478809443831809532922
Step 223 time = 0.012089, # ZDD nodes = 12127, # elems = 1116170218153944825114870666
Step 224 time = 0.014658, # ZDD nodes = 12166, # elems = 1148773814488980608815546038
Step 225 time = 0.015050, # ZDD nodes = 12157, # elems = 1170284022819768993628367970
Step 226 time = 0.011428, # ZDD nodes = 12136, # elems = 1180090221953511514133164635
Step 227 time = 0.012146, # ZDD nodes = 12112, # elems = 1180932337475054052932554992
Step 228 time = 0.012285, # ZDD nodes = 12076, # elems = 1177914990789901559574323415
Step 229 time = 0.011395, # ZDD nodes = 12010, # elems = 1176425882387617533438484188
Step 230 time = 0.012625, # ZDD nodes = 11950, # elems = 1180158026941695052329475275
Step 231 time = 0.011877, # ZDD nodes = 11887, # elems = 1190262399831093716741545461
Step 232 time = 0.011028, # ZDD nodes = 11821, # elems = 1205776523935581643459265985
Step 233 time = 0.012072, # ZDD nodes = 11764, # elems = 1224672242504727655921158324
Step 234 time = 0.010930, # ZDD nodes = 11728, # elems = 1244787138310975204227917355
Step 235 time = 0.013600, # ZDD nodes = 11692, # elems = 1264405126062392673971590404
Step 236 time = 0.010464, # ZDD nodes = 11658, # elems = 1282665733269968365965139770
Step 237 time = 0.011535, # ZDD nodes = 11628, # elems = 1299912711234330668586889122
Step 238 time = 0.012448, # ZDD nodes = 11625, # elems = 1317732708227453728404279768
Step 239 time = 0.012336, # ZDD nodes = 11667, # elems = 1338299370193249498739250816
Step 240 time = 0.014822, # ZDD nodes = 11733, # elems = 1363057762338427944925096353
Step 241 time = 0.013381, # ZDD nodes = 11805, # elems = 1391492038031046981008072127
Step 242 time = 0.012615, # ZDD nodes = 11877, # elems = 1420956676054358308239075612
Step 243 time = 0.012101, # ZDD nodes = 11961, # elems = 1447896303771127618817911023
Step 244 time = 0.016755, # ZDD nodes = 12048, # elems = 1469748661724252443012737867
Step 245 time = 0.011670, # ZDD nodes = 12111, # elems = 1486336206696063560344377495
Step 246 time = 0.013496, # ZDD nodes = 12177, # elems = 1499934579135555449484132957
Step 247 time = 0.013849, # ZDD nodes = 12231, # elems = 1514063537041244256452342250
Step 248 time = 0.013831, # ZDD nodes = 12272, # elems = 1531797028831157047224128010
Step 249 time = 0.012713, # ZDD nodes = 12292, # elems = 1554602513627757878627935014
Step 250 time = 0.013469, # ZDD nodes = 12342, # elems = 1582252356960673787557753209
Step 251 time = 0.013430, # ZDD nodes = 12425, # elems = 1613555470245820874994002070
Step 252 time = 0.012187, # ZDD nodes = 12532, # elems = 1647191812407814703546627787
Step 253 time = 0.012443, # ZDD nodes = 12639, # elems = 1682088506428792948163100153
Step 254 time = 0.013600, # ZDD nodes = 12767, # elems = 1717259770912661225754332472
Step 255 time = 0.015461, # ZDD nodes = 12901, # elems = 1751453882151837635417154768
Step 256 time = 0.015191, # ZDD nodes = 13018, # elems = 1783143446145365473285041018
Step 257 time = 0.013273, # ZDD nodes = 13141, # elems = 1811271198962503435157807904
Step 258 time = 0.013464, # ZDD nodes = 13258, # elems = 1836696074738488408445159718
Step 259 time = 0.015125, # ZDD nodes = 13351, # elems = 1863657214883954804263921245
Step 260 time = 0.013222, # ZDD nodes = 13402, # elems = 1900092200856517193851632888
Step 261 time = 0.013159, # ZDD nodes = 13444, # elems = 1955670192195847332690000060
Step 262 time = 0.014463, # ZDD nodes = 13465, # elems = 2037358885775772645829458072
Step 263 time = 0.013562, # ZDD nodes = 13477, # elems = 2144189294202056073668627040
Step 264 time = 0.015585, # ZDD nodes = 13455, # elems = 2264430397393266407724867327
Step 265 time = 0.013470, # ZDD nodes = 13446, # elems = 2377947394921443662131864443
Step 266 time = 0.015664, # ZDD nodes = 13461, # elems = 2463762398626342874122193295
Step 267 time = 0.016559, # ZDD nodes = 13485, # elems = 2509408324329477290957274723
Step 268 time = 0.015929, # ZDD nodes = 13482, # elems = 2517010906850750634886341936
Step 269 time = 0.013899, # ZDD nodes = 13494, # elems = 2502411343507429805295433917
Step 270 time = 0.013864, # ZDD nodes = 13515, # elems = 2487515127823564206147812556
Step 271 time = 0.017534, # ZDD nodes = 13539, # elems = 2490037326815791210191230553
Step 272 time = 0.019022, # ZDD nodes = 13566, # elems = 2516321596411702162195228350
Step 273 time = 0.014741, # ZDD nodes = 13605, # elems = 2560789833719957387388805095
Step 274 time = 0.015164, # ZDD nodes = 13668, # elems = 2611485913833292682443307427
Step 275 time = 0.015988, # ZDD nodes = 13737, # elems = 2657844449573377166690460291
Step 276 time = 0.013743, # ZDD nodes = 13812, # elems = 2696198527585963235931827598
Step 277 time = 0.015481, # ZDD nodes = 13896, # elems = 2730485274393982677338542788
Step 278 time = 0.016291, # ZDD nodes = 13968, # elems = 2768668889071313597239788012
Step 279 time = 0.014664, # ZDD nodes = 14025, # elems = 2817587714916527807787581985
Step 280 time = 0.018196, # ZDD nodes = 14058, # elems = 2879161560673385551995234987
Step 281 time = 0.014660, # ZDD nodes = 14072, # elems = 2949558891533862995737125153
Step 282 time = 0.014722, # ZDD nodes = 14080, # elems = 3021304835728481005153901754
Step 283 time = 0.017770, # ZDD nodes = 14083, # elems = 3087124936615153553448336714
Step 284 time = 0.016173, # ZDD nodes = 14077, # elems = 3143635649823484223445017196
Step 285 time = 0.014104, # ZDD nodes = 14065, # elems = 3192999777974410368109725681
Step 286 time = 0.017237, # ZDD nodes = 14071, # elems = 3241619124796844805815360226
Step 287 time = 0.016049, # ZDD nodes = 14083, # elems = 3296455809673291934372661609
Step 288 time = 0.016058, # ZDD nodes = 14080, # elems = 3360858980466635566977108744
Step 289 time = 0.014478, # ZDD nodes = 14116, # elems = 3432268694703892466499987645
Step 290 time = 0.017777, # ZDD nodes = 14164, # elems = 3503503433549912887360057329
Step 291 time = 0.014627, # ZDD nodes = 14212, # elems = 3567363839096010482392621947
Step 292 time = 0.018759, # ZDD nodes = 14242, # elems = 3621909376445313368278564713
Step 293 time = 0.015615, # ZDD nodes = 14281, # elems = 3672856185397937007327426132
Step 294 time = 0.014468, # ZDD nodes = 14320, # elems = 3731125980068210107653092325
Step 295 time = 0.014867, # ZDD nodes = 14355, # elems = 3806648448093607509199059273
Step 296 time = 0.014624, # ZDD nodes = 14376, # elems = 3902047852301365542721361334
Step 297 time = 0.014644, # ZDD nodes = 14406, # elems = 4010234731098811900515642213
Step 298 time = 0.015706, # ZDD nodes = 14475, # elems = 4117714097990367870469662111
Step 299 time = 0.116763, # ZDD nodes = 14565, # elems = 4211782239398014250056912158
Step 300 time = 0.021053, # ZDD nodes = 14655, # elems = 4287260460116039536505745585
Step 301 time = 0.017936, # ZDD nodes = 14742, # elems = 4348932161599120815093103362
Step 302 time = 0.020177, # ZDD nodes = 14823, # elems = 4408772588772736919098629150
Step 303 time = 0.017436, # ZDD nodes = 14904, # elems = 4480071185703769961094948618
Step 304 time = 0.016513, # ZDD nodes = 14994, # elems = 4571739656459006617588402494
Step 305 time = 0.017023, # ZDD nodes = 15054, # elems = 4685258092492315538246123433
Step 306 time = 0.017018, # ZDD nodes = 15105, # elems = 4814636312786111079532106616
Step 307 time = 0.022646, # ZDD nodes = 15153, # elems = 4948388791001203438402433523
Step 308 time = 0.019619, # ZDD nodes = 15207, # elems = 5072595217574035886533686069
Step 309 time = 0.020973, # ZDD nodes = 15249, # elems = 5175023298391872383993912430
Step 310 time = 0.017213, # ZDD nodes = 15300, # elems = 5249670627896169614655365097
Step 311 time = 0.019327, # ZDD nodes = 15348, # elems = 5299707888982456610474223864
Step 312 time = 0.023817, # ZDD nodes = 15390, # elems = 5336346390344547792495309486
Step 313 time = 0.020150, # ZDD nodes = 15402, # elems = 5373529632951611717270557431
Step 314 time = 0.020475, # ZDD nodes = 15387, # elems = 5421171915143662193792143659
Step 315 time = 0.021741, # ZDD nodes = 15353, # elems = 5481173438722570749957573057
Step 316 time = 0.017453, # ZDD nodes = 15313, # elems = 5548672164518918043113097783
Step 317 time = 0.024930, # ZDD nodes = 15291, # elems = 5617493277769434153150651258
Step 318 time = 0.021047, # ZDD nodes = 15275, # elems = 5685445755424898162533533258
Step 319 time = 0.018834, # ZDD nodes = 15259, # elems = 5755415606559467572771727037
Step 320 time = 0.017424, # ZDD nodes = 15225, # elems = 5831779189318639367259276765
Step 321 time = 0.016204, # ZDD nodes = 15188, # elems = 5915612882980729148580243495
Step 322 time = 0.017223, # ZDD nodes = 15148, # elems = 6002808077833416561080233170
Step 323 time = 0.016683, # ZDD nodes = 15085, # elems = 6086589162742133384720959485
Step 324 time = 0.018469, # ZDD nodes = 15034, # elems = 6162405887888620385367407652
Step 325 time = 0.015134, # ZDD nodes = 15001, # elems = 6231415457111417336858305428
Step 326 time = 0.017133, # ZDD nodes = 14965, # elems = 6299917338568282136675711064
Step 327 time = 0.014991, # ZDD nodes = 14955, # elems = 6375293900339915400916890312
Step 328 time = 0.015930, # ZDD nodes = 15009, # elems = 6461513974908507711636815355
Step 329 time = 0.015477, # ZDD nodes = 15072, # elems = 6557008211625227006249415963
Step 330 time = 0.014910, # ZDD nodes = 15150, # elems = 6655579708967675777232639027
Step 331 time = 0.017168, # ZDD nodes = 15219, # elems = 6749368797381239136895108587
Step 332 time = 0.015113, # ZDD nodes = 15282, # elems = 6832473815693798563301753922
Step 333 time = 0.021952, # ZDD nodes = 15327, # elems = 6903745392922129073509642350
Step 334 time = 0.017711, # ZDD nodes = 15363, # elems = 6967367358788416022780989923
Step 335 time = 0.016902, # ZDD nodes = 15405, # elems = 7030780769209620238852701843
Step 336 time = 0.015135, # ZDD nodes = 15462, # elems = 7100953252954900472507217201
Step 337 time = 0.017737, # ZDD nodes = 15543, # elems = 7180817650792660509936925221
Step 338 time = 0.015709, # ZDD nodes = 15633, # elems = 7267622857439481983267138205
Step 339 time = 0.015408, # ZDD nodes = 15723, # elems = 7354226458172929609754016957
Step 340 time = 0.018118, # ZDD nodes = 15810, # elems = 7432935553437572362132529496
Step 341 time = 0.018076, # ZDD nodes = 15891, # elems = 7499808071090392396921653591
Step 342 time = 0.015858, # ZDD nodes = 15978, # elems = 7556819902689303176134965147
Step 343 time = 0.017126, # ZDD nodes = 16080, # elems = 7610643290160820415096778771
Step 344 time = 0.025817, # ZDD nodes = 16212, # elems = 7668791427755426749964535564
Step 345 time = 0.019753, # ZDD nodes = 16323, # elems = 7735250434838098187472303780
Step 346 time = 0.017883, # ZDD nodes = 16428, # elems = 7808093291564741780302299840
Step 347 time = 0.018566, # ZDD nodes = 16527, # elems = 7880667928127447188624075053
Step 348 time = 0.020936, # ZDD nodes = 16599, # elems = 7945652110727097183460865625
Step 349 time = 0.022369, # ZDD nodes = 16623, # elems = 7999149916668094054354384074
Step 350 time = 0.016517, # ZDD nodes = 16629, # elems = 8042132927736828594630750888
Step 351 time = 0.021937, # ZDD nodes = 16626, # elems = 8078787669655325364250393521
Step 352 time = 0.020443, # ZDD nodes = 16622, # elems = 8113383839035203602217665310
Step 353 time = 0.018141, # ZDD nodes = 16588, # elems = 8147846595147457114249245918
Step 354 time = 0.015737, # ZDD nodes = 16546, # elems = 8181376714228151074722633666
Step 355 time = 0.015150, # ZDD nodes = 16492, # elems = 8211942299007535840560239193
Step 356 time = 0.021673, # ZDD nodes = 16438, # elems = 8238018207727336908996758178
Step 357 time = 0.015972, # ZDD nodes = 16384, # elems = 8259185697968703135252474045
Step 358 time = 0.014627, # ZDD nodes = 16327, # elems = 8275832109951267367139004234
Step 359 time = 0.013979, # ZDD nodes = 16273, # elems = 8289168370269325510502792979
Step 360 time = 0.020256, # ZDD nodes = 16219, # elems = 8301700373549948778675556431
Step 361 time = 0.013854, # ZDD nodes = 16156, # elems = 8317065969172426680638938188
Step 362 time = 0.013531, # ZDD nodes = 16086, # elems = 8338520440506575404511005176
Step 363 time = 0.013660, # ZDD nodes = 16017, # elems = 8366801558670178666752144528
Step 364 time = 0.015560, # ZDD nodes = 15942, # elems = 8398885752639025904062311093
Step 365 time = 0.013881, # ZDD nodes = 15876, # elems = 8428839082038826257172471011
Step 366 time = 0.015606, # ZDD nodes = 15816, # elems = 8450713236134716261523747640
Step 367 time = 0.013215, # ZDD nodes = 15774, # elems = 8461789180063812188449639110
Step 368 time = 0.013075, # ZDD nodes = 15738, # elems = 8463799052897062255767210294
Step 369 time = 0.013113, # ZDD nodes = 15705, # elems = 8461251845021814814021437135
Step 370 time = 0.014081, # ZDD nodes = 15672, # elems = 8458414738964547877481396220
Step 371 time = 0.013702, # ZDD nodes = 15648, # elems = 8457298037129357733476143035
Step 372 time = 0.012714, # ZDD nodes = 15657, # elems = 8457610872773543315676082011
Step 373 time = 0.013759, # ZDD nodes = 15672, # elems = 8457959793719663096513694444
Step 374 time = 0.013765, # ZDD nodes = 15690, # elems = 8457044037831735398446640454
Step 375 time = 0.014961, # ZDD nodes = 15714, # elems = 8454114800985619728500145561
Step 376 time = 0.013666, # ZDD nodes = 15756, # elems = 8448836327636036746817496726
Step 377 time = 0.012390, # ZDD nodes = 15789, # elems = 8441212186733224545443793087
Step 378 time = 0.012337, # ZDD nodes = 15825, # elems = 8431779860562017725163374320
Step 379 time = 0.012409, # ZDD nodes = 15861, # elems = 8421359513339394572431108419
Step 380 time = 0.014334, # ZDD nodes = 15903, # elems = 8409840288769995970824203688
Step 381 time = 0.016563, # ZDD nodes = 15933, # elems = 8394949658465142669462280050
Step 382 time = 0.013676, # ZDD nodes = 15969, # elems = 8372636604541070403943334787
Step 383 time = 0.012332, # ZDD nodes = 16035, # elems = 8339386571505802667540677662
Step 384 time = 0.012758, # ZDD nodes = 16101, # elems = 8294953657066912857139387560
Step 385 time = 0.012390, # ZDD nodes = 16140, # elems = 8243513822085236247525762987
Step 386 time = 0.012509, # ZDD nodes = 16185, # elems = 8192168639932565266794822555
Step 387 time = 0.013064, # ZDD nodes = 16212, # elems = 8147266901598243303105108291
Step 388 time = 0.014932, # ZDD nodes = 16215, # elems = 8110578480845100051634699194
Step 389 time = 0.012837, # ZDD nodes = 16170, # elems = 8077937794055195401522524456
Step 390 time = 0.013119, # ZDD nodes = 16103, # elems = 8041554703614094341108007851
Step 391 time = 0.014946, # ZDD nodes = 16024, # elems = 7994555249261025470771158911
Step 392 time = 0.011948, # ZDD nodes = 15939, # elems = 7934752683042233492302241148
Step 393 time = 0.012767, # ZDD nodes = 15857, # elems = 7865439069768387299938918143
Step 394 time = 0.013732, # ZDD nodes = 15772, # elems = 7793139304213004721453414408
Step 395 time = 0.010979, # ZDD nodes = 15672, # elems = 7724042606655427305140766756
Step 396 time = 0.015478, # ZDD nodes = 15572, # elems = 7661264830054012091785589163
Step 397 time = 0.010553, # ZDD nodes = 15488, # elems = 7604224471919000670810337710
Step 398 time = 0.012319, # ZDD nodes = 15393, # elems = 7549850349256636011932797473
Step 399 time = 0.014329, # ZDD nodes = 15318, # elems = 7494283970271660040929474192
Step 400 time = 0.012105, # ZDD nodes = 15249, # elems = 7434058214630162338190882865
Step 401 time = 0.010327, # ZDD nodes = 15180, # elems = 7366820756430797273847962007
Step 402 time = 0.009795, # ZDD nodes = 15105, # elems = 7292049375311436516580993464
Step 403 time = 0.013392, # ZDD nodes = 15051, # elems = 7211611391425267538198380428
Step 404 time = 0.009535, # ZDD nodes = 14991, # elems = 7129468039647491185355922321
Step 405 time = 0.010685, # ZDD nodes = 14934, # elems = 7050109267408791772429116453
Step 406 time = 0.009352, # ZDD nodes = 14895, # elems = 6976244860290342121107631311
Step 407 time = 0.011529, # ZDD nodes = 14859, # elems = 6907181843518641445506738696
Step 408 time = 0.010235, # ZDD nodes = 14850, # elems = 6839273561812241997003365061
Step 409 time = 0.009025, # ZDD nodes = 14841, # elems = 6768392001441175585992418866
Step 410 time = 0.009092, # ZDD nodes = 14823, # elems = 6692577298102780399323463707
Step 411 time = 0.009048, # ZDD nodes = 14805, # elems = 6612767342741229924711923928
Step 412 time = 0.009089, # ZDD nodes = 14790, # elems = 6531251545339119172420315839
Step 413 time = 0.011355, # ZDD nodes = 14775, # elems = 6449425496472158746362635031
Step 414 time = 0.011227, # ZDD nodes = 14772, # elems = 6366697640612107313554211247
Step 415 time = 0.010141, # ZDD nodes = 14784, # elems = 6281150154663460479704401941
Step 416 time = 0.011549, # ZDD nodes = 14793, # elems = 6191199150127877767185941634
Step 417 time = 0.011326, # ZDD nodes = 14790, # elems = 6096990227206896841778151102
Step 418 time = 0.008828, # ZDD nodes = 14805, # elems = 6000641992841078422950821406
Step 419 time = 0.009433, # ZDD nodes = 14829, # elems = 5905313409719645649685102779
Step 420 time = 0.008818, # ZDD nodes = 14856, # elems = 5813803306165593476617202232
Step 421 time = 0.008814, # ZDD nodes = 14880, # elems = 5727425852869053203408935059
Step 422 time = 0.008638, # ZDD nodes = 14895, # elems = 5645390218007244094955653812
Step 423 time = 0.011147, # ZDD nodes = 14895, # elems = 5564647173979376460115566084
Step 424 time = 0.008152, # ZDD nodes = 14886, # elems = 5480500591506245838057638406
Step 425 time = 0.008639, # ZDD nodes = 14850, # elems = 5388425861652944143102361817
Step 426 time = 0.008609, # ZDD nodes = 14796, # elems = 5286653035008945490384100334
Step 427 time = 0.008580, # ZDD nodes = 14727, # elems = 5177845321139049054498285813
Step 428 time = 0.010899, # ZDD nodes = 14640, # elems = 5068277655916637888106978384
Step 429 time = 0.010857, # ZDD nodes = 14538, # elems = 4964653678814512309295619039
Step 430 time = 0.007946, # ZDD nodes = 14433, # elems = 4870498492774860415513128927
Step 431 time = 0.007838, # ZDD nodes = 14324, # elems = 4784359451297972248678649364
Step 432 time = 0.010358, # ZDD nodes = 14212, # elems = 4700892980788286730274778427
Step 433 time = 0.007445, # ZDD nodes = 14104, # elems = 4614250575488397229417151061
Step 434 time = 0.007705, # ZDD nodes = 13996, # elems = 4521730984498283182380117081
Step 435 time = 0.007050, # ZDD nodes = 13888, # elems = 4425287324616276625718628336
Step 436 time = 0.007329, # ZDD nodes = 13783, # elems = 4329896263252049758895801370
Step 437 time = 0.007182, # ZDD nodes = 13689, # elems = 4240091089913648434238309058
Step 438 time = 0.007025, # ZDD nodes = 13584, # elems = 4157063742122678593045801440
Step 439 time = 0.006849, # ZDD nodes = 13482, # elems = 4078004473972563047560008207
Step 440 time = 0.006774, # ZDD nodes = 13392, # elems = 3997868304131415157434879996
Step 441 time = 0.006711, # ZDD nodes = 13305, # elems = 3912417435150171448998252237
Step 442 time = 0.008851, # ZDD nodes = 13218, # elems = 3820575512432745235172585997
Step 443 time = 0.007638, # ZDD nodes = 13122, # elems = 3724609259757984925991254920
Step 444 time = 0.006519, # ZDD nodes = 13014, # elems = 3628408631608504917336498165
Step 445 time = 0.006440, # ZDD nodes = 12876, # elems = 3535412119717762985096458557
Step 446 time = 0.006390, # ZDD nodes = 12741, # elems = 3447293615781493005342315378
Step 447 time = 0.007431, # ZDD nodes = 12603, # elems = 3363561609700516224556501800
Step 448 time = 0.006219, # ZDD nodes = 12474, # elems = 3282026299245343685894168106
Step 449 time = 0.008618, # ZDD nodes = 12360, # elems = 3200044996990471102855698528
Step 450 time = 0.006080, # ZDD nodes = 12258, # elems = 3115945343106012440542942710
Step 451 time = 0.006057, # ZDD nodes = 12165, # elems = 3029922212811610922467651881
Step 452 time = 0.006016, # ZDD nodes = 12072, # elems = 2944234998813843147335132682
Step 453 time = 0.005930, # ZDD nodes = 11988, # elems = 2862529322992592843929510575
Step 454 time = 0.005844, # ZDD nodes = 11904, # elems = 2787859507010477048245745586
Step 455 time = 0.005885, # ZDD nodes = 11817, # elems = 2720143814882614520551508592
Step 456 time = 0.005848, # ZDD nodes = 11721, # elems = 2655365475517987442140237203
Step 457 time = 0.005747, # ZDD nodes = 11592, # elems = 2587853959223844316508284203
Step 458 time = 0.005679, # ZDD nodes = 11457, # elems = 2513928848881757593941295668
Step 459 time = 0.005643, # ZDD nodes = 11313, # elems = 2434001012795916103348101393
Step 460 time = 0.005550, # ZDD nodes = 11172, # elems = 2352023430786673991729844921
Step 461 time = 0.005487, # ZDD nodes = 11049, # elems = 2273098200898244548884082713
Step 462 time = 0.005475, # ZDD nodes = 10938, # elems = 2200601117783313194117130837
Step 463 time = 0.005469, # ZDD nodes = 10830, # elems = 2134447381725303005350602318
Step 464 time = 0.005424, # ZDD nodes = 10722, # elems = 2071777655700229301613647568
Step 465 time = 0.007624, # ZDD nodes = 10614, # elems = 2009371191763006016612949672
Step 466 time = 0.005278, # ZDD nodes = 10500, # elems = 1945494246030844337016842025
Step 467 time = 0.006409, # ZDD nodes = 10389, # elems = 1880081167110265355409799227
Step 468 time = 0.005147, # ZDD nodes = 10266, # elems = 1814199993754181763930060327
Step 469 time = 0.005074, # ZDD nodes = 10146, # elems = 1749617186123132698104695421
Step 470 time = 0.005050, # ZDD nodes = 10011, # elems = 1688140017660603347570759562
Step 471 time = 0.004999, # ZDD nodes = 9864, # elems = 1630716166231461740871361899
Step 472 time = 0.004870, # ZDD nodes = 9726, # elems = 1576945158335486542771797492
Step 473 time = 0.004737, # ZDD nodes = 9590, # elems = 1525185818554694199396290550
Step 474 time = 0.004598, # ZDD nodes = 9469, # elems = 1473109601381376996228514344
Step 475 time = 0.004523, # ZDD nodes = 9355, # elems = 1418962301581778527125630186
Step 476 time = 0.004166, # ZDD nodes = 9259, # elems = 1363207965088805536003043445
Step 477 time = 0.003963, # ZDD nodes = 9150, # elems = 1308862945175846424067068624
Step 478 time = 0.003841, # ZDD nodes = 9033, # elems = 1259536755456371521023292215
Step 479 time = 0.003621, # ZDD nodes = 8925, # elems = 1216791789676189691848859529
Step 480 time = 0.003520, # ZDD nodes = 8826, # elems = 1179078018435263932463215872
Step 481 time = 0.003464, # ZDD nodes = 8679, # elems = 1142514459608088630997577223
Step 482 time = 0.003355, # ZDD nodes = 8523, # elems = 1102654872571304782735485867
Step 483 time = 0.003273, # ZDD nodes = 8370, # elems = 1056796061198418374842683459
Step 484 time = 0.003172, # ZDD nodes = 8214, # elems = 1005828258385003391873694423
Step 485 time = 0.003085, # ZDD nodes = 8076, # elems = 953839248146024004056207790
Step 486 time = 0.003124, # ZDD nodes = 7947, # elems = 905455484179938816962298498
Step 487 time = 0.002937, # ZDD nodes = 7824, # elems = 863319106817306459529786270
Step 488 time = 0.003004, # ZDD nodes = 7701, # elems = 827379892742115567585794175
Step 489 time = 0.002962, # ZDD nodes = 7578, # elems = 795460513489638176694422322
Step 490 time = 0.002914, # ZDD nodes = 7440, # elems = 764441214841756606469903703
Step 491 time = 0.002856, # ZDD nodes = 7308, # elems = 732048160785328898575516089
Step 492 time = 0.002967, # ZDD nodes = 7179, # elems = 698202569648180364112629000
Step 493 time = 0.002940, # ZDD nodes = 7056, # elems = 664491892124630984388646608
Step 494 time = 0.002933, # ZDD nodes = 6933, # elems = 632472066240130865151520893
Step 495 time = 0.002878, # ZDD nodes = 6810, # elems = 602826523000795432596871269
Step 496 time = 0.002822, # ZDD nodes = 6687, # elems = 575601546639027316452643143
Step 497 time = 0.002755, # ZDD nodes = 6573, # elems = 550283086743886671655272633
Step 498 time = 0.002769, # ZDD nodes = 6486, # elems = 525728809068840509174617779
Step 499 time = 0.002714, # ZDD nodes = 6405, # elems = 500822968181714797483824408
Step 500 time = 0.002675, # ZDD nodes = 6342, # elems = 475398153029138322673302750
Step 501 time = 0.002642, # ZDD nodes = 6291, # elems = 450351489903000354576207396
Step 502 time = 0.002666, # ZDD nodes = 6234, # elems = 427087262109814722810626652
Step 503 time = 0.002626, # ZDD nodes = 6177, # elems = 406828555110093472527798720
Step 504 time = 0.002612, # ZDD nodes = 6111, # elems = 389676800306761515684710343
Step 505 time = 0.002546, # ZDD nodes = 6012, # elems = 373880090264834207898066222
Step 506 time = 0.002518, # ZDD nodes = 5895, # elems = 356636751767599175210319912
Step 507 time = 0.002447, # ZDD nodes = 5778, # elems = 336254948405104973523381855
Step 508 time = 0.002222, # ZDD nodes = 5667, # elems = 313487045146619881819173135
Step 509 time = 0.002195, # ZDD nodes = 5580, # elems = 290836329625494639851677254
Step 510 time = 0.002191, # ZDD nodes = 5484, # elems = 270953805110407529059809864
Step 511 time = 0.002131, # ZDD nodes = 5373, # elems = 255348140623503841852344657
Step 512 time = 0.002083, # ZDD nodes = 5247, # elems = 243567326320681300673389254
Step 513 time = 0.001933, # ZDD nodes = 5097, # elems = 233312906916243356905399401
Step 514 time = 0.001997, # ZDD nodes = 4932, # elems = 222033341002632273843980427
Step 515 time = 0.001921, # ZDD nodes = 4770, # elems = 208710375466990197474333378
Step 516 time = 0.001837, # ZDD nodes = 4611, # elems = 193932903308822927313721092
Step 517 time = 0.001796, # ZDD nodes = 4473, # elems = 178800913625869557109271646
Step 518 time = 0.001689, # ZDD nodes = 4334, # elems = 164486283791728584228113430
Step 519 time = 0.001536, # ZDD nodes = 4192, # elems = 152292850480891109942580888
Step 520 time = 0.001395, # ZDD nodes = 4041, # elems = 143083273003669977692677776
Step 521 time = 0.001194, # ZDD nodes = 3894, # elems = 136577876423845041888265890
Step 522 time = 0.001071, # ZDD nodes = 3759, # elems = 131508275819403811261394502
Step 523 time = 0.000992, # ZDD nodes = 3633, # elems = 126225964700090920608220818
Step 524 time = 0.000932, # ZDD nodes = 3504, # elems = 119206517709326139740245050
Step 525 time = 0.000893, # ZDD nodes = 3372, # elems = 109758625673776573571984736
Step 526 time = 0.000844, # ZDD nodes = 3240, # elems = 98706541838569904705361273
Step 527 time = 0.000801, # ZDD nodes = 3087, # elems = 87982386713790378379287183
Step 528 time = 0.000746, # ZDD nodes = 2919, # elems = 79216940913454054795413402
Step 529 time = 0.000704, # ZDD nodes = 2751, # elems = 72817899591064949004152664
Step 530 time = 0.000668, # ZDD nodes = 2589, # elems = 68182582954486690930981797
Step 531 time = 0.000627, # ZDD nodes = 2433, # elems = 64274027243719937947677108
Step 532 time = 0.000593, # ZDD nodes = 2295, # elems = 60108446327483262432590478
Step 533 time = 0.000568, # ZDD nodes = 2217, # elems = 55349048557229869344076605
Step 534 time = 0.000555, # ZDD nodes = 2139, # elems = 50598513725096128756658661
Step 535 time = 0.000535, # ZDD nodes = 2064, # elems = 46787450333645553285409191
Step 536 time = 0.000525, # ZDD nodes = 1983, # elems = 44252650031424937971973497
Step 537 time = 0.000508, # ZDD nodes = 1893, # elems = 42542102974332005260459200
Step 538 time = 0.000492, # ZDD nodes = 1812, # elems = 40831555917239072548944903
Step 539 time = 0.000458, # ZDD nodes = 1731, # elems = 38296755615018457235509209
Step 540 time = 0.000440, # ZDD nodes = 1647, # elems = 34485692223567881764259739
Step 541 time = 0.000421, # ZDD nodes = 1569, # elems = 29744020329553793677937724
Step 542 time = 0.000407, # ZDD nodes = 1491, # elems = 25073251940496925600383141
Step 543 time = 0.000393, # ZDD nodes = 1407, # elems = 21341954992123222638997032
Step 544 time = 0.000393, # ZDD nodes = 1329, # elems = 18824880566141912327753196
Step 545 time = 0.000367, # ZDD nodes = 1254, # elems = 17459988095715427158980130
Step 546 time = 0.000349, # ZDD nodes = 1188, # elems = 17034567065972107106375538
Step 547 time = 0.000336, # ZDD nodes = 1134, # elems = 16999115313493497101991822
Step 548 time = 0.000324, # ZDD nodes = 1086, # elems = 16582557221869829550483159
Step 549 time = 0.000313, # ZDD nodes = 1053, # elems = 15306294132639869392669383
Step 550 time = 0.000307, # ZDD nodes = 1038, # elems = 13205777798282226632934210
Step 551 time = 0.000308, # ZDD nodes = 1026, # elems = 10688703372300916321690374
Step 552 time = 0.000298, # ZDD nodes = 1008, # elems = 8455242966148486045516266
Step 553 time = 0.000288, # ZDD nodes = 975, # elems = 7258746319995398397565851
Step 554 time = 0.000284, # ZDD nodes = 942, # elems = 7294198072474008401949567
Step 555 time = 0.000267, # ZDD nodes = 900, # elems = 7923466678969335979760526
Step 556 time = 0.000257, # ZDD nodes = 849, # elems = 8180491884439258511542467
Step 557 time = 0.000248, # ZDD nodes = 789, # elems = 7427142144268795918388502
Step 558 time = 0.000230, # ZDD nodes = 726, # elems = 5645691582218643198106773
Step 559 time = 0.000218, # ZDD nodes = 651, # elems = 3421094114185865423028594
Step 560 time = 0.000202, # ZDD nodes = 552, # elems = 1559877109058840192883504
Step 561 time = 0.000175, # ZDD nodes = 426, # elems = 496324534700540061372024
Step 562 time = 0.000153, # ZDD nodes = 288, # elems = 97492319316177512055219
Step 563 time = 0.000119, # ZDD nodes = 138, # elems = 8862938119652501095929
Step 564 time = 0.000032, # ZDD nodes = 0, # elems = 0
a 6 12 18 27 33 42 48 57 63 72 78 87 93 102 108 117 123 132 138 147 153 162 168 177 183 192 198 207 213 222 228 237 243 252 258 267 273 282 288 297 303 312 318 327 333 342
a 1 12 18 27 33 42 48 57 63 72 78 87 93 102 108 117 123 132 138 147 153 162 168 177 183 192 198 207 213 222 228 237 243 252 258 267 273 282 288 297 303 312 318 327 333 342
a 1 7 18 27 33 42 48 57 63 72 78 87 93 102 108 117 123 132 138 147 153 162 168 177 183 192 198 207 213 222 228 237 243 252 258 267 273 282 288 297 303 312 318 327 333 342
a 1 7 13 27 33 42 48 57 63 72 78 87 93 102 108 117 123 132 138 147 153 162 168 177 183 192 198 207 213 222 228 237 243 252 258 267 273 282 288 297 303 312 318 327 333 342
a 1 7 13 22 33 42 48 57 63 72 78 87 93 102 108 117 123 132 138 147 153 162 168 177 183 192 198 207 213 222 228 237 243 252 258 267 273 282 288 297 303 312 318 327 333 342
a 1 7 19 22 33 42 48 57 63 72 78 87 93 102 108 117 123 132 138 147 153 162 168 177 183 192 198 207 213 222 228 237 243 252 258 267 273 282 288 297 303 312 318 327 333 342
a 1 10 19 22 33 42 48 57 63 72 78 87 93 102 108 117 123 132 138 147 153 162 168 177 183 192 198 207 213 222 228 237 243 252 258 267 273 282 288 297 303 312 318 327 333 342
a 4 10 19 22 33 42 48 57 63 72 78 87 93 102 108 117 123 132 138 147 153 162 168 177 183 192 198 207 213 222 228 237 243 252 258 267 273 282 288 297 303 312 318 327 333 342
a 4 10 19 22 28 42 48 57 63 72 78 87 93 102 108 117 123 132 138 147 153 162 168 177 183 192 198 207 213 222 228 237 243 252 258 267 273 282 288 297 303 312 318 327 333 342
a 4 10 19 22 28 37 48 57 63 72 78 87 93 102 108 117 123 132 138 147 153 162 168 177 183 192 198 207 213 222 228 237 243 252 258 267 273 282 288 297 303 312 318 327 333 342
a 4 10 19 22 28 37 43 57 63 72 78 87 93 102 108 117 123 132 138 147 153 162 168 177 183 192 198 207 213 222 228 237 243 252 258 267 273 282 288 297 303 312 318 327 333 342
a 4 10 19 22 28 37 43 52 63 72 78 87 93 102 108 117 123 132 138 147 153 162 168 177 183 192 198 207 213 222 228 237 243 252 258 267 273 282 288 297 303 312 318 327 333 342
a 4 10 19 22 28 37 49 52 63 72 78 87 93 102 108 117 123 132 138 147 153 162 168 177 183 192 198 207 213 222 228 237 243 252 258 267 273 282 288 297 303 312 318 327 333 342
a 4 10 19 22 28 40 49 52 63 72 78 87 93 102 108 117 123 132 138 147 153 162 168 177 183 192 198 207 213 222 228 237 243 252 258 267 273 282 288 297 303 312 318 327 333 342
a 4 10 19 22 31 40 49 52 63 72 78 87 93 102 108 117 123 132 138 147 153 162 168 177 183 192 198 207 213 222 228 237 243 252 258 267 273 282 288 297 303 312 318 327 333 342
a 1 10 19 22 31 40 49 52 63 72 78 87 93 102 108 117 123 132 138 147 153 162 168 177 183 192 198 207 213 222 228 237 243 252 258 267 273 282 288 297 303 312 318 327 333 342
a 1 7 19 22 31 40 49 52 63 72 78 87 93 102 108 117 123 132 138 147 153 162 168 177 183 192 198 207 213 222 228 237 243 252 258 267 273 282 288 297 303 312 318 327 333 342
a 1 7 13 22 31 40 49 52 63 72 78 87 93 102 108 117 123 132 138 147 153 162 168 177 183 192 198 207 213 222 228 237 243 252 258 267 273 282 288 297 303 312 318 327 333 342
a 1 7 13 25 31 40 49 52 63 72 78 87 93 102 108 117 123 132 138 147 153 162 168 177 183 192 198 207 213 222 228 237 243 252 258 267 273 282 288 297 303 312 318 327 333 342
a 1 7 13 25 31 40 49 52 58 72 78 87 93 102 108 117 123 132 138 147 153 162 168 177 183 192 198 207 213 222 228 237 243 252 258 267 273 282 288 297 303 312 318 327 333 342
a 1 7 13 25 31 40 49 52 58 67 78 87 93 102 108 117 123 132 138 147 153 162 168 177 183 192 198 207 213 222 228 237 243 252 258 267 273 282 288 297 303 312 318 327 333 342
a 1 7 13 25 31 40 49 52 58 67 73 87 93 102 108 117 123 132 138 147 153 162 168 177 183 192 198 207 213 222 228 237 243 252 258 267 273 282 288 297 303 312 318 327 333 342
a 1 7 13 25 31 40 49 52 58 67 73 82 93 102 108 117 123 132 138 147 153 162 168 177 183 192 198 207 213 222 228 237 243 252 258 267 273 282 288 297 303 312 318 327 333 342
a 1 7 13 25 31 40 49 52 58 67 79 82 93 102 108 117 123 132 138 147 153 162 168 177 183 192 198 207 213 222 228 237 243 252 258 267 273 282 288 297 303 312 318 327 333 342
a 1 7 13 25 31 40 49 52 58 70 79 82 93 102 108 117 123 132 138 147 153 162 168 177 183 192 198 207 213 222 228 237 243 252 258 267 273 282 288 297 303 312 318 327 333 342
a 1 7 13 25 31 40 49 52 61 70 79 82 93 102 108 117 123 132 138 147 153 162 168 177 183 192 198 207 213 222 228 237 243 252 258 267 273 282 288 297 303 312 318 327 333 342
a 1 7 13 22 31 40 49 52 61 70 79 82 93 102 108 117 123 132 138 147 153 162 168 177 183 192 198 207 213 222 228 237 243 252 258 267 273 282 288 297 303 312 318 327 333 342
a 1 7 19 22 31 40 49 52 61 70 79 82 93 102 108 117 123 132 138 147 153 162 168 177 183 192 198 207 213 222 228 237 243 252 258 267 273 282 288 297 303 312 318 327 333 342
a 1 10 19 22 31 40 49 52 61 70 79 82 93 102 108 117 123 132 138 147 153 162 168 177 183 192 198 207 213 222 228 237 243 252 258 267 273 282 288 297 303 312 318 327 333 342
a 4 10 19 22 31 40 49 52 61 70 79 82 93 102 108 117 123 132 138 147 153 162 168 177 183 192 198 207 213 222 228 237 243 252 258 267 273 282 288 297 303 312 318 327 333 342
a 4 10 19 22 28 40 49 52 61 70 79 82 93 102 108 117 123 132 138 147 153 162 168 177 183 192 198 207 213 222 228 237 243 252 258 267 273 282 288 297 303 312 318 327 333 342
a 4 10 19 22 28 37 49 52 61 70 79 82 93 102 108 117 123 132 138 147 153 162 168 177 183 192 198 207 213 222 228 237 243 252 258 267 273 282 288 297 303 312 318 327 333 342
a 4 10 19 22 28 37 43 52 61 70 79 82 93 102 108 117 123 132 138 147 153 162 168 177 183 192 198 207 213 222 228 237 243 252 258 267 273 282 288 297 303 312 318 327 333 342
a 4 10 19 22 28 37 43 55 61 70 79 82 93 102 108 117 123 132 138 147 153 162 168 177 183 192 198 207 213 222 228 237 243 252 258 267 273 282 288 297 303 312 318 327 333 342
a 4 10 19 22 28 37 43 55 61 70 79 82 88 102 108 117 123 132 138 147 153 162 168 177 183 192 198 207 213 222 228 237 243 252 258 267 273 282 288 297 303 312 318 327 333 342
a 4 10 19 22 28 37 43 55 61 70 79 82 88 97 108 117 123 132 138 147 153 162 168 177 183 192 198 207 213 222 228 237 243 252 258 267 273 282 288 297 303 312 318 327 333 342
a 4 10 19 22 28 37 43 55 61 70 79 82 88 97 103 117 123 132 138 147 153 162 168 177 183 192 198 207 213 222 228 237 243 252 258 267 273 282 288 297 303 312 318 327 333 342
a 4 10 19 22 28 37 43 55 61 70 79 82 88 97 103 112 123 132 138 147 153 162 168 177 183 192 198 207 213 222 228 237 243 252 258 267 273 282 288 297 303 312 318 327 333 342
a 4 10 19 22 28 37 43 55 61 70 79 82 88 97 109 112 123 132 138 147 153 162 168 177 183 192 198 207 213 222 228 237 243 252 258 267 273 282 288 297 303 312 318 327 333 342
a 4 10 19 22 28 37 43 55 61 70 79 82 88 100 109 112 123 132 138 147 153 162 168 177 183 192 198 207 213 222 228 237 243 252 258 267 273 282 288 297 303 312 318 327 333 342
a 4 10 19 22 28 37 43 55 61 70 79 82 91 100 109 112 123 132 138 147 153 162 168 177 183 192 198 207 213 222 228 237 243 252 258 267 273 282 288 297 303 312 318 327 333 342
a 4 10 19 22 28 37 43 52 61 70 79 82 91 100 109 112 123 132 138 147 153 162 168 177 183 192 198 207 213 222 228 237 243 252 258 267 273 282 288 297 303 312 318 327 333 342
a 4 10 19 22 28 37 49 52 61 70 79 82 91 100 109 112 123 132 138 147 153 162 168 177 183 192 198 207 213 222 228 237 243 252 258 267 273 282 288 297 303 312 318 327 333 342
a 4 10 19 22 28 40 49 52 61 70 79 82 91 100 109 112 123 132 138 147 153 162 168 177 183 192 198 207 213 222 228 237 243 252 258 267 273 282 288 297 303 312 318 327 333 342
a 4 10 19 22 31 40 49 52 61 70 79 82 91 100 109 112 123 132 138 147 153 162 168 177 183 192 198 207 213 222 228 237 243 252 258 267 273 282 288 297 303 312 318 327 333 342
a 1 10 19 22 31 40 49 52 61 70 79 82 91 100 109 112 123 132 138 147 153 162 168 177 183 192 198 207 213 222 228 237 243 252 258 267 273 282 288 297 303 312 318 327 333 342
a 1 7 19 22 31 40 49 52 61 70 79 82 91 100 109 112 123 132 138 147 153 162 168 177 183 192 198 207 213 222 228 237 243 252 258 267 273 282 288 297 303 312 318 327 333 342
a 1 7 13 22 31 40 49 52 61 70 79 82 91 100 109 112 123 132 138 147 153 162 168 177 183 192 198 207 213 222 228 237 243 252 258 267 273 282 288 297 303 312 318 327 333 342
a 1 7 13 25 31 40 49 52 61 70 79 82 91 100 109 112 123 132 138 147 153 162 168 177 183 192 198 207 213 222 228 237 243 252 258 267 273 282 288 297 303 312 318 327 333 342
a 1 7 13 25 31 40 49 52 58 70 79 82 91 100 109 112 123 132 138 147 153 162 168 177 183 192 198 207 213 222 228 237 243 252 258 267 273 282 288 297 303 312 318 327 333 342
a 1 7 13 25 31 40 49 52 58 67 79 82 91 100 109 112 123 132 138 147 153 162 168 177 183 192 198 207 213 222 228 237 243 252 258 267 273 282 288 297 303 312 318 327 333 342
a 1 7 13 25 31 40 49 52 58 67 73 82 91 100 109 112 123 132 138 147 153 162 168 177 183 192 198 207 213 222 228 237 243 252 258 267 273 282 288 297 303 312 318 327 333 342
a 1 7 13 25 31 40 49 52 58 67 73 85 91 100 109 112 123 132 138 147 153 162 168 177 183 192 198 207 213 222 228 237 243 252 258 267 273 282 288 297 303 312 318 327 333 342
a 1 7 13 25 31 40 49 52 58 67 73 85 91 100 109 112 118 132 138 147 153 162 168 177 183 192 198 207 213 222 228 237 243 252 258 267 273 282 288 297 303 312 318 327 333 342
a 1 7 13 25 31 40 49 52 58 67 73 85 91 100 109 112 118 127 138 147 153 162 168 177 183 192 198 207 213 222 228 237 243 252 258 267 273 282 288 297 303 312 318 327 333 342
a 1 7 13 25 31 40 49 52 58 67 73 85 91 100 109 112 118 127 133 147 153 162 168 177 183 192 198 207 213 222 228 237 243 252 258 267 273 282 288 297 303 312 318 327 333 342
a 1 7 13 25 31 40 49 52 58 67 73 85 91 100 109 112 118 127 133 142 153 162 168 177 183 192 198 207 213 222 228 237 243 252 258 267 273 282 288 297 303 312 318 327 333 342
a 1 7 13 25 31 40 49 52 58 67 73 85 91 100 109 112 118 127 139 142 153 162 168 177 183 192 198 207 213 222 228 237 243 252 258 267 273 282 288 297 303 312 318 327 333 342
a 1 7 13 25 31 40 49 52 58 67 73 85 91 100 109 112 118 130 139 142 153 162 168 177 183 192 198 207 213 222 228 237 243 252 258 267 273 282 288 297 303 312 318 327 333 342
a 1 7 13 25 31 40 49 52 58 67 73 85 91 100 109 112 121 130 139 142 153 162 168 177 183 192 198 207 213 222 228 237 243 252 258 267 273 282 288 297 303 312 318 327 333 342
a 1 7 13 25 31 40 49 52 58 67 73 82 91 100 109 112 121 130 139 142 153 162 168 177 183 192 198 207 213 222 228 237 243 252 258 267 273 282 288 297 303 312 318 327 333 342
a 1 7 13 25 31 40 49 52 58 67 79 82 91 100 109 112 121 130 139 142 153 162 168 177 183 192 198 207 213 222 228 237 243 252 258 267 273 282 288 297 303 312 318 327 333 342
a 1 7 13 25 31 40 49 52 58 70 79 82 91 100 109 112 121 130 139 142 153 162 168 177 183 192 198 207 213 222 228 237 243 252 258 267 273 282 288 297 303 312 318 327 333 342
a 1 7 13 25 31 40 49 52 61 70 79 82 91 100 109 112 121 130 139 142 153 162 168 177 183 192 198 207 213 222 228 237 243 252 258 267 273 282 288 297 303 312 318 327 333 342
a 1 7 13 22 31 40 49 52 61 70 79 82 91 100 109 112 121 130 139 142 153 162 168 177 183 192 198 207 213 222 228 237 243 252 258 267 273 282 288 297 303 312 318 327 333 342
a 1 7 19 22 31 40 49 52 61 70 79 82 91 100 109 112 121 130 139 142 153 162 168 177 183 192 198 207 213 222 228 237 243 252 258 267 273 282 288 297 303 312 318 327 333 342
a 1 10 19 22 31 40 49 52 61 70 79 82 91 100 109 112 121 130 139 142 153 162 168 177 183 192 198 207 213 222 228 237 243 252 258 267 273 282 288 297 303 312 318 327 333 342
a 4 10 19 22 31 40 49 52 61 70 79 82 91 100 109 112 121 130 139 142 153 162 168 177 183 192 198 207 213 222 228 237 243 252 258 267 273 282 288 297 303 312 318 327 333 342
a 4 10 19 22 28 40 49 52 61 70 79 82 91 100 109 112 121 130 139 142 153 162 168 177 183 192 198 207 213 222 228 237 243 252 258 267 273 282 288 297 303 312 318 327 333 342
a 4 10 19 22 28 37 49 52 61 70 79 82 91 100 109 112 121 130 139 142 153 162 168 177 183 192 198 207 213 222 228 237 243 252 258 267 273 282 288 297 303 312 318 327 333 342
a 4 10 19 22 28 37 43 52 61 70 79 82 91 100 109 112 121 130 139 142 153 162 168 177 183 192 198 207 213 222 228 237 243 252 258 267 273 282 288 297 303 312 318 327 333 342
a 4 10 19 22 28 37 43 55 61 70 79 82 91 100 109 112 121 130 139 142 153 162 168 177 183 192 198 207 213 222 228 237 243 252 258 267 273 282 288 297 303 312 318 327 333 342
a 4 10 19 22 28 37 43 55 61 70 79 82 88 100 109 112 121 130 139 142 153 162 168 177 183 192 198 207 213 222 228 237 243 252 258 267 273 282 288 297 303 312 318 327 333 342
a 4 10 19 22 28 37 43 55 61 70 79 82 88 97 109 112 121 130 139 142 153 162 168 177 183 192 198 207 213 222 228 237 243 252 258 267 273 282 288 297 303 312 318 327 333 342
a 4 10 19 22 28 37 43 55 61 70 79 82 88 97 103 112 121 130 139 142 153 162 168 177 183 192 198 207 213 222 228 237 243 252 258 267 273 282 288 297 303 312 318 327 333 342
a 4 10 19 22 28 37 43 55 61 70 79 82 88 97 103 115 121 130 139 142 153 162 168 177 183 192 198 207 213 222 228 237 243 252 258 267 273 282 288 297 303 312 318 327 333 342
a 4 10 19 22 28 37 43 55 61 70 79 82 88 97 103 115 121 130 139 142 148 162 168 177 183 192 198 207 213 222 228 237 243 252 258 267 273 282 288 297 303 312 318 327 333 342
a 4 10 19 22 28 37 43 55 61 70 79 82 88 97 103 115 121 130 139 142 148 157 168 177 183 192 198 207 213 222 228 237 243 252 258 267 273 282 288 297 303 312 318 327 333 342
a 4 10 19 22 28 37 43 55 61 70 79 82 88 97 103 115 121 130 139 142 148 157 163 177 183 192 198 207 213 222 228 237 243 252 258 267 273 282 288 297 303 312 318 327 333 342
a 4 10 19 22 28 37 43 55 61 70 79 82 88 97 103 115 121 130 139 142 148 157 163 172 183 192 198 207 213 222 228 237 243 252 258 267 273 282 288 297 303 312 318 327 333 342
a 4 10 19 22 28 37 43 55 61 70 79 82 88 97 103 115 121 130 139 142 148 157 169 172 183 192 198 207 213 222 228 237 243 252 258 267 273 282 288 297 303 312 318 327 333 342
a 4 10 19 22 28 37 43 55 61 70 79 82 88 97 103 115 121 130 139 142 148 160 169 172 183 192 198 207 213 222 228 237 243 252 258 267 273 282 288 297 303 312 318 327 333 342
a 4 10 19 22 28 37 43 55 61 70 79 82 88 97 103 115 121 130 139 142 151 160 169 172 183 192 198 207 213 222 228 237 243 252 258 267 273 282 288 297 303 312 318 327 333 342
a 4 10 19 22 28 37 43 55 61 70 79 82 88 97 103 112 121 130 139 142 151 160 169 172 183 192 198 207 213 222 228 237 243 252 258 267 273 282 288 297 303 312 318 327 333 342
a 4 10 19 22 28 37 43 55 61 70 79 82 88 97 109 112 121 130 139 142 151 160 169 172 183 192 198 207 213 222 228 237 243 252 258 267 273 282 288 297 303 312 318 327 333 342
a 4 10 19 22 28 37 43 55 61 70 79 82 88 100 109 112 121 130 139 142 151 160 169 172 183 192 198 207 213 222 228 237 243 252 258 267 273 282 288 297 303 312 318 327 333 342
a 4 10 19 22 28 37 43 55 61 70 79 82 91 100 109 112 121 130 139 142 151 160 169 172 183 192 198 207 213 222 228 237 243 252 258 267 273 282 288 297 303 312 318 327 333 342
a 4 10 19 22 28 37 43 52 61 70 79 82 91 100 109 112 121 130 139 142 151 160 169 172 183 192 198 207 213 222 228 237 243 252 258 267 273 282 288 297 303 312 318 327 333 342
a 4 10 19 22 28 37 49 52 61 70 79 82 91 100 109 112 121 130 139 142 151 160 169 172 183 192 198 207 213 222 228 237 243 252 258 267 273 282 288 297 303 312 318 327 333 342
a 4 10 19 22 28 40 49 52 61 70 79 82 91 100 109 112 121 130 139 142 151 160 169 172 183 192 198 207 213 222 228 237 243 252 258 267 273 282 288 297 303 312 318 327 333 342
a 4 10 19 22 31 40 49 52 61 70 79 82 91 100 109 112 121 130 139 142 151 160 169 172 183 192 198 207 213 222 228 237 243 252 258 267 273 282 288 297 303 312 318 327 333 342
a 1 10 19 22 31 40 49 52 61 70 79 82 91 100 109 112 121 130 139 142 151 160 169 172 183 192 198 207 213 222 228 237 243 252 258 267 273 282 288 297 303 312 318 327 333 342
a 1 7 19 22 31 40 49 52 61 70 79 82 91 100 109 112 121 130 139 142 151 160 169 172 183 192 198 207 213 222 228 237 243 252 258 267 273 282 288 297 303 312 318 327 333 342
a 1 7 13 22 31 40 49 52 61 70 79 82 91 100 109 112 121 130 139 142 151 160 169 172 183 192 198 207 213 222 228 237 243 252 258 267 273 282 288 297 303 312 318 327 333 342
a 1 7 13 25 31 40 49 52 61 70 79 82 91 100 109 112 121 130 139 142 151 160 169 172 183 192 198 207 213 222 228 237 243 252 258 267 273 282 288 297 303 312 318 327 333 342
a 1 7 13 25 31 40 49 52 58 70 79 82 91 100 109 112 121 130 139 142 151 160 169 172 183 192 198 207 213 222 228 237 243 252 258 267 273 282 288 297 303 312 318 327 333 342
a 1 7 13 25 31 40 49 52 58 67 79 82 91 100 109 112 121 130 139 142 151 160 169 172 183 192 198 207 213 222 228 237 243 252 258 267 273 282 288 297 303 312 318 327 333 342
a 1 7 13 25 31 40 49 52 58 67 73 82 91 100 109 112 121 130 139 142 151 160 169 172 183 192 198 207 213 222 228 237 243 252 258 267 273 282 288 297 303 312 318 327 333 342
a 1 7 13 25 31 40 49 52 58 67 73 85 91 100 109 112 121 130 139 142 151 160 169 172 183 192 198 207 213 222 228 237 243 252 258 267 273 282 288 297 303 312 318 327 333 342
a 1 7 13 25 31 40 49 52 58 67 73 85 91 100 109 112 118 130 139 142 151 160 169 172 183 192 198 207 213 222 228 237 243 252 258 267 273 282 288 297 303 312 318 327 333 342
a 1 7 13 25 31 40 49 52 58 67 73 85 91 100 109 112 118 127 139 142 151 160 169 172 183 192 198 207 213 222 228 237 243 252 258 267 273 282 288 297 303 312 318 327 333 342
a 1 7 13 25 31 40 49 52 58 67 73 85 91 100 109 112 118 127 133 142 151 160 169 172 183 192 198 207 213 222 228 237 243 252 258 267 273 282 288 297 303 312 318 327 333 342
a 1 7 13 25 31 40 49 52 58 67 73 85 91 100 109 112 118 127 133 145 151 160 169 172 183 192 198 207 213 222 228 237 243 252 258 267 273 282 288 297 303 312 318 327 333 342
a 1 7 13 25 31 40 49 52 58 67 73 85 91 100 109 112 118 127 133 145 151 160 169 172 178 192 198 207 213 222 228 237 243 252 258 267 273 282 288 297 303 312 318 327 333 342
a 1 7 13 25 31 40 49 52 58 67 73 85 91 100 109 112 118 127 133 145 151 160 169 172 178 187 198 207 213 222 228 237 243 252 258 267 273 282 288 297 303 312 318 327 333 342
a 1 7 13 25 31 40 49 52 58 67 73 85 91 100 109 112 118 127 133 145 151 160 169 172 178 187 193 207 213 222 228 237 243 252 258 267 273 282 288 297 303 312 318 327 333 342
a 1 7 13 25 31 40 49 52 58 67 73 85 91 100 109 112 118 127 133 145 151 160 169 172 178 187 193 202 213 222 228 237 243 252 258 267 273 282 288 297 303 312 318 327 333 342
a 1 7 13 25 31 40 49 52 58 67 73 85 91 100 109 112 118 127 133 145 151 160 169 172 178 187 199 202 213 222 228 237 243 252 258 267 273 282 288 297 303 312 318 327 333 342
a 1 7 13 25 31 40 49 52 58 67 73 85 91 100 109 112 118 127 133 145 151 160 169 172 178 190 199 202 213 222 228 237 243 252 258 267 273 282 288 297 303 312 318 327 333 342
a 1 7 13 25 31 40 49 52 58 67 73 85 91 100 109 112 118 127 133 145 151 160 169 172 181 190 199 202 213 222 228 237 243 252 258 267 273 282 288 297 303 312 318 327 333 342
a 1 7 13 25 31 40 49 52 58 67 73 85 91 100 109 112 118 127 133 142 151 160 169 172 181 190 199 202 213 222 228 237 243 252 258 267 273 282 288 297 303 312 318 327 333 342
a 1 7 13 25 31 40 49 52 58 67 73 85 91 100 109 112 118 127 139 142 151 160 169 172 181 190 199 202 213 222 228 237 243 252 258 267 273 282 288 297 303 312 318 327 333 342
a 1 7 13 25 31 40 49 52 58 67 73 85 91 100 109 112 118 130 139 142 151 160 169 172 181 190 199 202 213 222 228 237 243 252 258 267 273 282 288 297 303 312 318 327 333 342
a 1 7 13 25 31 40 49 52 58 67 73 85 91 100 109 112 121 130 139 142 151 160 169 172 181 190 199 202 213 222 228 237 243 252 258 267 273 282 288 297 303 312 318 327 333 342
a 1 7 13 25 31 40 49 52 58 67 73 82 91 100 109 112 121 130 139 142 151 160 169 172 181 190 199 202 213 222 228 237 243 252 258 267 273 282 288 297 303 312 318 327 333 342
a 1 7 13 25 31 40 49 52 58 67 79 82 91 100 109 112 121 130 139 142 151 160 169 172 181 190 199 202 213 222 228 237 243 252 258 267 273 282 288 297 303 312 318 327 333 342
a 1 7 13 25 31 40 49 52 58 70 79 82 91 100 109 112 121 130 139 142 151 160 169 172 181 190 199 202 213 222 228 237 243 252 258 267 273 282 288 297 303 312 318 327 333 342
a 1 7 13 25 31 40 49 52 61 70 79 82 91 100 109 112 121 130 139 142 151 160 169 172 181 190 199 202 213 222 228 237 243 252 258 267 273 282 288 297 303 312 318 327 333 342
a 1 7 13 22 31 40 49 52 61 70 79 82 91 100 109 112 121 130 139 142 151 160 169 172 181 190 199 202 213 222 228 237 243 252 258 267 273 282 288 297 303 312 318 327 333 342
a 1 7 19 22 31 40 49 52 61 70 79 82 91 100 109 112 121 130 139 142 151 160 169 172 181 190 199 202 213 222 228 237 243 252 258 267 273 282 288 297 303 312 318 327 333 342
a 1 10 19 22 31 40 49 52 61 70 79 82 91 100 109 112 121 130 139 142 151 160 169 172 181 190 199 202 213 222 228 237 243 252 258 267 273 282 288 297 303 312 318 327 333 342
a 4 10 19 22 31 40 49 52 61 70 79 82 91 100 109 112 121 130 139 142 151 160 169 172 181 190 199 202 213 222 228 237 243 252 258 267 273 282 288 297 303 312 318 327 333 342
a 4 10 19 22 28 40 49 52 61 70 79 82 91 100 109 112 121 130 139 142 151 160 169 172 181 190 199 202 213 222 228 237 243 252 258 267 273 282 288 297 303 312 318 327 333 342
a 4 10 19 22 28 37 49 52 61 70 79 82 91 100 109 112 121 130 139 142 151 160 169 172 181 190 199 202 213 222 228 237 243 252 258 267 273 282 288 297 303 312 318 327 333 342
a 4 10 19 22 28 37 43 52 61 70 79 82 91 100 109 112 121 130 139 142 151 160 169 172 181 190 199 202 213 222 228 237 243 252 258 267 273 282 288 297 303 312 318 327 333 342
a 4 10 19 22 28 37 43 55 61 70 79 82 91 100 109 112 121 130 139 142 151 160 169 172 181 190 199 202 213 222 228 237 243 252 258 267 273 282 288 297 303 312 318 327 333 342
a 4 10 19 22 28 37 43 55 61 70 79 82 88 100 109 112 121 130 139 142 151 160 169 172 181 190 199 202 213 222 228 237 243 252 258 267 273 282 288 297 303 312 318 327 333 342
a 4 10 19 22 28 37 43 55 61 70 79 82 88 97 109 112 121 130 139 142 151 160 169 172 181 190 199 202 213 222 228 237 243 252 258 267 273 282 288 297 303 312 318 327 333 342
a 4 10 19 22 28 37 43 55 61 70 79 82 88 97 103 112 121 130 139 142 151 160 169 172 181 190 199 202 213 222 228 237 243 252 258 267 273 282 288 297 303 312 318 327 333 342
a 4 10 19 22 28 37 43 55 61 70 79 82 88 97 103 115 121 130 139 142 151 160 169 172 181 190 199 202 213 222 228 237 243 252 258 267 273 282 288 297 303 312 318 327 333 342
a 4 10 19 22 28 37 43 55 61 70 79 82 88 97 103 115 121 130 139 142 148 160 169 172 181 190 199 202 213 222 228 237 243 252 258 267 273 282 288 297 303 312 318 327 333 342
a 4 10 19 22 28 37 43 55 61 70 79 82 88 97 103 115 121 130 139 142 148 157 169 172 181 190 199 202 213 222 228 237 243 252 258 267 273 282 288 297 303 312 318 327 333 342
a 4 10 19 22 28 37 43 55 61 70 79 82 88 97 103 115 121 130 139 142 148 157 163 172 181 190 199 202 213 222 228 237 243 252 258 267 273 282 288 297 303 312 318 327 333 342
a 4 10 19 22 28 37 43 55 61 70 79 82 88 97 103 115 121 130 139 142 148 157 163 175 181 190 199 202 213 222 228 237 243 252 258 267 273 282 288 297 303 312 318 327 333 342
a 4 10 19 22 28 37 43 55 61 70 79 82 88 97 103 115 121 130 139 142 148 157 163 175 181 190 199 202 208 222 228 237 243 252 258 267 273 282 288 297 303 312 318 327 333 342
a 4 10 19 22 28 37 43 55 61 70 79 82 88 97 103 115 121 130 139 142 148 157 163 175 181 190 199 202 208 217 228 237 243 252 258 267 273 282 288 297 303 312 318 327 333 342
a 4 10 19 22 28 37 43 55 61 70 79 82 88 97 103 115 121 130 139 142 148 157 163 175 181 190 199 202 208 217 223 237 243 252 258 267 273 282 288 297 303 312 318 327 333 342
a 4 10 19 22 28 37 43 55 61 70 79 82 88 97 103 115 121 130 139 142 148 157 163 175 181 190 199 202 208 217 223 232 243 252 258 267 273 282 288 297 303 312 318 327 333 342
a 4 10 19 22 28 37 43 55 61 70 79 82 88 97 103 115 121 130 139 142 148 157 163 175 181 190 199 202 208 217 229 232 243 252 258 267 273 282 288 297 303 312 318 327 333 342
a 4 10 19 22 28 37 43 55 61 70 79 82 88 97 103 115 121 130 139 142 148 157 163 175 181 190 199 202 208 220 229 232 243 252 258 267 273 282 288 297 303 312 318 327 333 342
a 4 10 19 22 28 37 43 55 61 70 79 82 88 97 103 115 121 130 139 142 148 157 163 175 181 190 199 202 211 220 229 232 243 252 258 267 273 282 288 297 303 312 318 327 333 342
a 4 10 19 22 28 37 43 55 61 70 79 82 88 97 103 115 121 130 139 142 148 157 163 172 181 190 199 202 211 220 229 232 243 252 258 267 273 282 288 297 303 312 318 327 333 342
a 4 10 19 22 28 37 43 55 61 70 79 82 88 97 103 115 121 130 139 142 148 157 169 172 181 190 199 202 211 220 229 232 243 252 258 267 273 282 288 297 303 312 318 327 333 342
a 4 10 19 22 28 37 43 55 61 70 79 82 88 97 103 115 121 130 139 142 148 160 169 172 181 190 199 202 211 220 229 232 243 252 258 267 273 282 288 297 303 312 318 327 333 342
a 4 10 19 22 28 37 43 55 61 70 79 82 88 97 103 115 121 130 139 142 151 160 169 172 181 190 199 202 211 220 229 232 243 252 258 267 273 282 288 297 303 312 318 327 333 342
a 4 10 19 22 28 37 43 55 61 70 79 82 88 97 103 112 121 130 139 142 151 160 169 172 181 190 199 202 211 220 229 232 243 252 258 267 273 282 288 297 303 312 318 327 333 342
a 4 10 19 22 28 37 43 55 61 70 79 82 88 97 109 112 121 130 139 142 151 160 169 172 181 190 199 202 211 220 229 232 243 252 258 267 273 282 288 297 303 312 318 327 333 342
a 4 10 19 22 28 37 43 55 61 70 79 82 88 100 109 112 121 130 139 142 151 160 169 172 181 190 199 202 211 220 229 232 243 252 258 267 273 282 288 297 303 312 318 327 333 342
a 4 10 19 22 28 37 43 55 61 70 79 82 91 100 109 112 121 130 139 142 151 160 169 172 181 190 199 202 211 220 229 232 243 252 258 267 273 282 288 297 303 312 318 327 333 342
a 4 10 19 22 28 37 43 52 61 70 79 82 91 100 109 112 121 130 139 142 151 160 169 172 181 190 199 202 211 220 229 232 243 252 258 267 273 282 288 297 303 312 318 327 333 342
a 4 10 19 22 28 37 49 52 61 70 79 82 91 100 109 112 121 130 139 142 151 160 169 172 181 190 199 202 211 220 229 232 243 252 258 267 273 282 288 297 303 312 318 327 333 342
a 4 10 19 22 28 40 49 52 61 70 79 82 91 100 109 112 121 130 139 142 151 160 169 172 181 190 199 202 211 220 229 232 243 252 258 267 273 282 288 297 303 312 318 327 333 342
a 4 10 19 22 31 40 49 52 61 70 79 82 91 100 109 112 121 130 139 142 151 160 169 172 181 190 199 202 211 220 229 232 243 252 258 267 273 282 288 297 303 312 318 327 333 342
a 1 10 19 22 31 40 49 52 61 70 79 82 91 100 109 112 121 130 139 142 151 160 169 172 181 190 199 202 211 220 229 232 243 252 258 267 273 282 288 297 303 312 318 327 333 342
a 1 7 19 22 31 40 49 52 61 70 79 82 91 100 109 112 121 130 139 142 151 160 169 172 181 190 199 202 211 220 229 232 243 252 258 267 273 282 288 297 303 312 318 327 333 342
a 1 7 13 22 31 40 49 52 61 70 79 82 91 100 109 112 121 130 139 142 151 160 169 172 181 190 199 202 211 220 229 232 243 252 258 267 273 282 288 297 303 312 318 327 333 342
a 1 7 13 25 31 40 49 52 61 70 79 82 91 100 109 112 121 130 139 142 151 160 169 172 181 190 199 202 211 220 229 232 243 252 258 267 273 282 288 297 303 312 318 327 333 342
a 1 7 13 25 31 40 49 52 58 70 79 82 91 100 109 112 121 130 139 142 151 160 169 172 181 190 199 202 211 220 229 232 243 252 258 267 273 282 288 297 303 312 318 327 333 342
a 1 7 13 25 31 40 49 52 58 67 79 82 91 100 109 112 121 130 139 142 151 160 169 172 181 190 199 202 211 220 229 232 243 252 258 267 273 282 288 297 303 312 318 327 333 342
a 1 7 13 25 31 40 49 52 58 67 73 82 91 100 109 112 121 130 139 142 151 160 169 172 181 190 199 202 211 220 229 232 243 252 258 267 273 282 288 297 303 312 318 327 333 342
a 1 7 13 25 31 40 49 52 58 67 73 85 91 100 109 112 121 130 139 142 151 160 169 172 181 190 199 202 211 220 229 232 243 252 258 267 273 282 288 297 303 312 318 327 333 342
a 1 7 13 25 31 40 49 52 58 67 73 85 91 100 109 112 118 130 139 142 151 160 169 172 181 190 199 202 211 220 229 232 243 252 258 267 273 282 288 297 303 312 318 327 333 342
a 1 7 13 25 31 40 49 52 58 67 73 85 91 100 109 112 118 127 139 142 151 160 169 172 181 190 199 202 211 220 229 232 243 252 258 267 273 282 288 297 303 312 318 327 333 342
a 1 7 13 25 31 40 49 52 58 67 73 85 91 100 109 112 118 127 133 142 151 160 169 172 181 190 199 202 211 220 229 232 243 252 258 267 273 282 288 297 303 312 318 327 333 342
a 1 7 13 25 31 40 49 52 58 67 73 85 91 100 109 112 118 127 133 145 151 160 169 172 181 190 199 202 211 220 229 232 243 252 258 267 273 282 288 297 303 312 318 327 333 342
a 1 7 13 25 31 40 49 52 58 67 73 85 91 100 109 112 118 127 133 145 151 160 169 172 178 190 199 202 211 220 229 232 243 252 258 267 273 282 288 297 303 312 318 327 333 342
a 1 7 13 25 31 40 49 52 58 67 73 85 91 100 109 112 118 127 133 145 151 160 169 172 178 187 199 202 211 220 229 232 243 252 258 267 273 282 288 297 303 312 318 327 333 342
a 1 7 13 25 31 40 49 52 58 67 73 85 91 100 109 112 118 127 133 145 151 160 169 172 178 187 193 202 211 220 229 232 243 252 258 267 273 282 288 297 303 312 318 327 333 342
a 1 7 13 25 31 40 49 52 58 67 73 85 91 100 109 112 118 127 133 145 151 160 169 172 178 187 193 205 211 220 229 232 243 252 258 267 273 282 288 297 303 312 318 327 333 342
a 1 7 13 25 31 40 49 52 58 67 73 85 91 100 109 112 118 127 133 145 151 160 169 172 178 187 193 205 211 220 229 232 238 252 258 267 273 282 288 297 303 312 318 327 333 342
a 1 7 13 25 31 40 49 52 58 67 73 85 91 100 109 112 118 127 133 145 151 160 169 172 178 187 193 205 211 220 229 232 238 247 258 267 273 282 288 297 303 312 318 327 333 342
a 1 7 13 25 31 40 49 52 58 67 73 85 91 100 109 112 118 127 133 145 151 160 169 172 178 187 193 205 211 220 229 232 238 247 253 267 273 282 288 297 303 312 318 327 333 342
a 1 7 13 25 31 40 49 52 58 67 73 85 91 100 109 112 118 127 133 145 151 160 169 172 178 187 193 205 211 220 229 232 238 247 253 262 273 282 288 297 303 312 318 327 333 342
a 1 7 13 25 31 40 49 52 58 67 73 85 91 100 109 112 118 127 133 145 151 160 169 172 178 187 193 205 211 220 229 232 238 247 259 262 273 282 288 297 303 312 318 327 333 342
a 1 7 13 25 31 40 49 52 58 67 73 85 91 100 109 112 118 127 133 145 151 160 169 172 178 187 193 205 211 220 229 232 238 250 259 262 273 282 288 297 303 312 318 327 333 342
a 1 7 13 25 31 40 49 52 58 67 73 85 91 100 109 112 118 127 133 145 151 160 169 172 178 187 193 205 211 220 229 232 241 250 259 262 273 282 288 297 303 312 318 327 333 342
a 1 7 13 25 31 40 49 52 58 67 73 85 91 100 109 112 118 127 133 145 151 160 169 172 178 187 193 202 211 220 229 232 241 250 259 262 273 282 288 297 303 312 318 327 333 342
a 1 7 13 25 31 40 49 52 58 67 73 85 91 100 109 112 118 127 133 145 151 160 169 172 178 187 199 202 211 220 229 232 241 250 259 262 273 282 288 297 303 312 318 327 333 342
a 1 7 13 25 31 40 49 52 58 67 73 85 91 100 109 112 118 127 133 145 151 160 169 172 178 190 199 202 211 220 229 232 241 250 259 262 273 282 288 297 303 312 318 327 333 342
a 1 7 13 25 31 40 49 52 58 67 73 85 91 100 109 112 118 127 133 145 151 160 169 172 181 190 199 202 211 220 229 232 241 250 259 262 273 282 288 297 303 312 318 327 333 342
a 1 7 13 25 31 40 49 52 58 67 73 85 91 100 109 112 118 127 133 142 151 160 169 172 181 190 199 202 211 220 229 232 241 250 259 262 273 282 288 297 303 312 318 327 333 342
a 1 7 13 25 31 40 49 52 58 67 73 85 91 100 109 112 118 127 139 142 151 160 169 172 181 190 199 202 211 220 229 232 241 250 259 262 273 282 288 297 303 312 318 327 333 342
a 1 7 13 25 31 40 49 52 58 67 73 85 91 100 109 112 118 130 139 142 151 160 169 172 181 190 199 202 211 220 229 232 241 250 259 262 273 282 288 297 303 312 318 327 333 342
a 1 7 13 25 31 40 49 52 58 67 73 85 91 100 109 112 121 130 139 142 151 160 169 172 181 190 199 202 211 220 229 232 241 250 259 262 273 282 288 297 303 312 318 327 333 342
a 1 7 13 25 31 40 49 52 58 67 73 82 91 100 109 112 121 130 139 142 151 160 169 172 181 190 199 202 211 220 229 232 241 250 259 262 273 282 288 297 303 312 318 327 333 342
a 1 7 13 25 31 40 49 52 58 67 79 82 91 100 109 112 121 130 139 142 151 160 169 172 181 190 199 202 211 220 229 232 241 250 259 262 273 282 288 297 303 312 318 327 333 342
a 1 7 13 25 31 40 49 52 58 70 79 82 91 100 109 112 121 130 139 142 151 160 169 172 181 190 199 202 211 220 229 232 241 250 259 262 273 282 288 297 303 312 318 327 333 342
a 1 7 13 25 31 40 49 52 61 70 79 82 91 100 109 112 121 130 139 142 151 160 169 172 181 190 199 202 211 220 229 232 241 250 259 262 273 282 288 297 303 312 318 327 333 342
a 1 7 13 22 31 40 49 52 61 70 79 82 91 100 109 112 121 130 139 142 151 160 169 172 181 190 199 202 211 220 229 232 241 250 259 262 273 282 288 297 303 312 318 327 333 342
a 1 7 19 22 31 40 49 52 61 70 79 82 91 100 109 112 121 130 139 142 151 160 169 172 181 190 199 202 211 220 229 232 241 250 259 262 273 282 288 297 303 312 318 327 333 342
a 1 10 19 22 31 40 49 52 61 70 79 82 91 100 109 112 121 130 139 142 151 160 169 172 181 190 199 202 211 220 229 232 241 250 259 262 273 282 288 297 303 312 318 327 333 342
a 4 10 19 22 31 40 49 52 61 70 79 82 91 100 109 112 121 130 139 142 151 160 169 172 181 190 199 202 211 220 229 232 241 250 259 262 273 282 288 297 303 312 318 327 333 342
a 4 10 19 22 28 40 49 52 61 70 79 82 91 100 109 112 121 130 139 142 151 160 169 172 181 190 199 202 211 220 229 232 241 250 259 262 273 282 288 297 303 312 318 327 333 342
a 4 10 19 22 28 37 49 52 61 70 79 82 91 100 109 112 121 130 139 142 151 160 169 172 181 190 199 202 211 220 229 232 241 250 259 262 273 282 288 297 303 312 318 327 333 342
a 4 10 19 22 28 37 43 52 61 70 79 82 91 100 109 112 121 130 139 142 151 160 169 172 181 190 199 202 211 220 229 232 241 250 259 262 273 282 288 297 303 312 318 327 333 342
a 4 10 19 22 28 37 43 55 61 70 79 82 91 100 109 112 121 130 139 142 151 160 169 172 181 190 199 202 211 220 229 232 241 250 259 262 273 282 288 297 303 312 318 327 333 342
a 4 10 19 22 28 37 43 55 61 70 79 82 88 100 109 112 121 130 139 142 151 160 169 172 181 190 199 202 211 220 229 232 241 250 259 262 273 282 288 297 303 312 318 327 333 342
a 4 10 19 22 28 37 43 55 61 70 79 82 88 97 109 112 121 130 139 142 151 160 169 172 181 190 199 202 211 220 229 232 241 250 259 262 273 282 288 297 303 312 318 327 333 342
a 4 10 19 22 28 37 43 55 61 70 79 82 88 97 103 112 121 130 139 142 151 160 169 172 181 190 199 202 211 220 229 232 241 250 259 262 273 282 288 297 303 312 318 327 333 342
a 4 10 19 22 28 37 43 55 61 70 79 82 88 97 103 115 121 130 139 142 151 160 169 172 181 190 199 202 211 220 229 232 241 250 259 262 273 282 288 297 303 312 318 327 333 342
a 4 10 19 22 28 37 43 55 61 70 79 82 88 97 103 115 121 130 139 142 148 160 169 172 181 190 199 202 211 220 229 232 241 250 259 262 273 282 288 297 303 312 318 327 333 342
a 4 10 19 22 28 37 43 55 61 70 79 82 88 97 103 115 121 130 139 142 148 157 169 172 181 190 199 202 211 220 229 232 241 250 259 262 273 282 288 297 303 312 318 327 333 342
a 4 10 19 22 28 37 43 55 61 70 79 82 88 97 103 115 121 130 139 142 148 157 163 172 181 190 199 202 211 220 229 232 241 250 259 262 273 282 288 297 303 312 318 327 333 342
a 4 10 19 22 28 37 43 55 61 70 79 82 88 97 103 115 121 130 139 142 148 157 163 175 181 190 199 202 211 220 229 232 241 250 259 262 273 282 288 297 303 312 318 327 333 342
a 4 10 19 22 28 37 43 55 61 70 79 82 88 97 103 115 121 130 139 142 148 157 163 175 181 190 199 202 208 220 229 232 241 250 259 262 273 282 288 297 303 312 318 327 333 342
a 4 10 19 22 28 37 43 55 61 70 79 82 88 97 103 115 121 130 139 142 148 157 163 175 181 190 199 202 208 217 229 232 241 250 259 262 273 282 288 297 303 312 318 327 333 342
a 4 10 19 22 28 37 43 55 61 70 79 82 88 97 103 115 121 130 139 142 148 157 163 175 181 190 199 202 208 217 223 232 241 250 259 262 273 282 288 297 303 312 318 327 333 342
a 4 10 19 22 28 37 43 55 61 70 79 82 88 97 103 115 121 130 139 142 148 157 163 175 181 190 199 202 208 217 223 235 241 250 259 262 273 282 288 297 303 312 318 327 333 342
a 4 10 19 22 28 37 43 55 61 70 79 82 88 97 103 115 121 130 139 142 148 157 163 175 181 190 199 202 208 217 223 235 241 250 259 262 268 282 288 297 303 312 318 327 333 342
a 4 10 19 22 28 37 43 55 61 70 79 82 88 97 103 115 121 130 139 142 148 157 163 175 181 190 199 202 208 217 223 235 241 250 259 262 268 277 288 297 303 312 318 327 333 342
a 4 10 19 22 28 37 43 55 61 70 79 82 88 97 103 115 121 130 139 142 148 157 163 175 181 190 199 202 208 217 223 235 241 250 259 262 268 277 283 297 303 312 318 327 333 342
a 4 10 19 22 28 37 43 55 61 70 79 82 88 97 103 115 121 130 139 142 148 157 163 175 181 190 199 202 208 217 223 235 241 250 259 262 268 277 283 292 303 312 318 327 333 342
a 4 10 19 22 28 37 43 55 61 70 79 82 88 97 103 115 121 130 139 142 148 157 163 175 181 190 199 202 208 217 223 235 241 250 259 262 268 277 289 292 303 312 318 327 333 342
a 4 10 19 22 28 37 43 55 61 70 79 82 88 97 103 115 121 130 139 142 148 157 163 175 181 190 199 202 208 217 223 235 241 250 259 262 268 280 289 292 303 312 318 327 333 342
a 4 10 19 22 28 37 43 55 61 70 79 82 88 97 103 115 121 130 139 142 148 157 163 175 181 190 199 202 208 217 223 235 241 250 259 262 271 280 289 292 303 312 318 327 333 342
a 4 10 19 22 28 37 43 55 61 70 79 82 88 97 103 115 121 130 139 142 148 157 163 175 181 190 199 202 208 217 223 232 241 250 259 262 271 280 289 292 303 312 318 327 333 342
a 4 10 19 22 28 37 43 55 61 70 79 82 88 97 103 115 121 130 139 142 148 157 163 175 181 190 199 202 208 217 229 232 241 250 259 262 271 280 289 292 303 312 318 327 333 342
a 4 10 19 22 28 37 43 55 61 70 79 82 88 97 103 115 121 130 139 142 148 157 163 175 181 190 199 202 208 220 229 232 241 250 259 262 271 280 289 292 303 312 318 327 333 342
a 4 10 19 22 28 37 43 55 61 70 79 82 88 97 103 115 121 130 139 142 148 157 163 175 181 190 199 202 211 220 229 232 241 250 259 262 271 280 289 292 303 312 318 327 333 342
a 4 10 19 22 28 37 43 55 61 70 79 82 88 97 103 115 121 130 139 142 148 157 163 172 181 190 199 202 211 220 229 232 241 250 259 262 271 280 289 292 303 312 318 327 333 342
a 4 10 19 22 28 37 43 55 61 70 79 82 88 97 103 115 121 130 139 142 148 157 169 172 181 190 199 202 211 220 229 232 241 250 259 262 271 280 289 292 303 312 318 327 333 342
a 4 10 19 22 28 37 43 55 61 70 79 82 88 97 103 115 121 130 139 142 148 160 169 172 181 190 199 202 211 220 229 232 241 250 259 262 271 280 289 292 303 312 318 327 333 342
a 4 10 19 22 28 37 43 55 61 70 79 82 88 97 103 115 121 130 139 142 151 160 169 172 181 190 199 202 211 220 229 232 241 250 259 262 271 280 289 292 303 312 318 327 333 342
a 4 10 19 22 28 37 43 55 61 70 79 82 88 97 103 112 121 130 139 142 151 160 169 172 181 190 199 202 211 220 229 232 241 250 259 262 271 280 289 292 303 312 318 327 333 342
a 4 10 19 22 28 37 43 55 61 70 79 82 88 97 109 112 121 130 139 142 151 160 169 172 181 190 199 202 211 220 229 232 241 250 259 262 271 280 289 292 303 312 318 327 333 342
a 4 10 19 22 28 37 43 55 61 70 79 82 88 100 109 112 121 130 139 142 151 160 169 172 181 190 199 202 211 220 229 232 241 250 259 262 271 280 289 292 303 312 318 327 333 342
a 4 10 19 22 28 37 43 55 61 70 79 82 91 100 109 112 121 130 139 142 151 160 169 172 181 190 199 202 211 220 229 232 241 250 259 262 271 280 289 292 303 312 318 327 333 342
a 4 10 19 22 28 37 43 52 61 70 79 82 91 100 109 112 121 130 139 142 151 160 169 172 181 190 199 202 211 220 229 232 241 250 259 262 271 280 289 292 303 312 318 327 333 342
a 4 10 19 22 28 37 49 52 61 70 79 82 91 100 109 112 121 130 139 142 151 160 169 172 181 190 199 202 211 220 229 232 241 250 259 262 271 280 289 292 303 312 318 327 333 342
a 4 10 19 22 28 40 49 52 61 70 79 82 91 100 109 112 121 130 139 142 151 160 169 172 181 190 199 202 211 220 229 232 241 250 259 262 271 280 289 292 303 312 318 327 333 342
a 4 10 19 22 31 40 49 52 61 70 79 82 91 100 109 112 121 130 139 142 151 160 169 172 181 190 199 202 211 220 229 232 241 250 259 262 271 280 289 292 303 312 318 327 333 342
a 1 10 19 22 31 40 49 52 61 70 79 82 91 100 109 112 121 130 139 142 151 160 169 172 181 190 199 202 211 220 229 232 241 250 259 262 271 280 289 292 303 312 318 327 333 342
a 1 7 19 22 31 40 49 52 61 70 79 82 91 100 109 112 121 130 139 142 151 160 169 172 181 190 199 202 211 220 229 232 241 250 259 262 271 280 289 292 303 312 318 327 333 342
a 1 7 13 22 31 40 49 52 61 70 79 82 91 100 109 112 121 130 139 142 151 160 169 172 181 190 199 202 211 220 229 232 241 250 259 262 271 280 289 292 303 312 318 327 333 342
a 1 7 13 25 31 40 49 52 61 70 79 82 91 100 109 112 121 130 139 142 151 160 169 172 181 190 199 202 211 220 229 232 241 250 259 262 271 280 289 292 303 312 318 327 333 342
a 1 7 13 25 31 40 49 52 58 70 79 82 91 100 109 112 121 130 139 142 151 160 169 172 181 190 199 202 211 220 229 232 241 250 259 262 271 280 289 292 303 312 318 327 333 342
a 1 7 13 25 31 40 49 52 58 67 79 82 91 100 109 112 121 130 139 142 151 160 169 172 181 190 199 202 211 220 229 232 241 250 259 262 271 280 289 292 303 312 318 327 333 342
a 1 7 13 25 31 40 49 52 58 67 73 82 91 100 109 112 121 130 139 142 151 160 169 172 181 190 199 202 211 220 229 232 241 250 259 262 271 280 289 292 303 312 318 327 333 342
a 1 7 13 25 31 40 49 52 58 67 73 85 91 100 109 112 121 130 139 142 151 160 169 172 181 190 199 202 211 220 229 232 241 250 259 262 271 280 289 292 303 312 318 327 333 342
a 1 7 13 25 31 40 49 52 58 67 73 85 91 100 109 112 118 130 139 142 151 160 169 172 181 190 199 202 211 220 229 232 241 250 259 262 271 280 289 292 303 312 318 327 333 342
a 1 7 13 25 31 40 49 52 58 67 73 85 91 100 109 112 118 127 139 142 151 160 169 172 181 190 199 202 211 220 229 232 241 250 259 262 271 280 289 292 303 312 318 327 333 342
a 1 7 13 25 31 40 49 52 58 67 73 85 91 100 109 112 118 127 133 142 151 160 169 172 181 190 199 202 211 220 229 232 241 250 259 262 271 280 289 292 303 312 318 327 333 342
a 1 7 13 25 31 40 49 52 58 67 73 85 91 100 109 112 118 127 133 145 151 160 169 172 181 190 199 202 211 220 229 232 241 250 259 262 271 280 289 292 303 312 318 327 333 342
a 1 7 13 25 31 40 49 52 58 67 73 85 91 100 109 112 118 127 133 145 151 160 169 172 178 190 199 202 211 220 229 232 241 250 259 262 271 280 289 292 303 312 318 327 333 342
a 1 7 13 25 31 40 49 52 58 67 73 85 91 100 109 112 118 127 133 145 151 160 169 172 178 187 199 202 211 220 229 232 241 250 259 262 271 280 289 292 303 312 318 327 333 342
a 1 7 13 25 31 40 49 52 58 67 73 85 91 100 109 112 118 127 133 145 151 160 169 172 178 187 193 202 211 220 229 232 241 250 259 262 271 280 289 292 303 312 318 327 333 342
a 1 7 13 25 31 40 49 52 58 67 73 85 91 100 109 112 118 127 133 145 151 160 169 172 178 187 193 205 211 220 229 232 241 250 259 262 271 280 289 292 303 312 318 327 333 342
a 1 7 13 25 31 40 49 52 58 67 73 85 91 100 109 112 118 127 133 145 151 160 169 172 178 187 193 205 211 220 229 232 238 250 259 262 271 280 289 292 303 312 318 327 333 342
a 1 7 13 25 31 40 49 52 58 67 73 85 91 100 109 112 118 127 133 145 151 160 169 172 178 187 193 205 211 220 229 232 238 247 259 262 271 280 289 292 303 312 318 327 333 342
a 1 7 13 25 31 40 49 52 58 67 73 85 91 100 109 112 118 127 133 145 151 160 169 172 178 187 193 205 211 220 229 232 238 247 253 262 271 280 289 292 303 312 318 327 333 342
a 1 7 13 25 31 40 49 52 58 67 73 85 91 100 109 112 118 127 133 145 151 160 169 172 178 187 193 205 211 220 229 232 238 247 253 265 271 280 289 292 303 312 318 327 333 342
a 1 7 13 25 31 40 49 52 58 67 73 85 91 100 109 112 118 127 133 145 151 160 169 172 178 187 193 205 211 220 229 232 238 247 253 265 271 280 289 292 298 312 318 327 333 342
a 1 7 13 25 31 40 49 52 58 67 73 85 91 100 109 112 118 127 133 145 151 160 169 172 178 187 193 205 211 220 229 232 238 247 253 265 271 280 289 292 298 307 318 327 333 342
a 1 7 13 25 31 40 49 52 58 67 73 85 91 100 109 112 118 127 133 145 151 160 169 172 178 187 193 205 211 220 229 232 238 247 253 265 271 280 289 292 298 307 313 327 333 342
a 1 7 13 25 31 40 49 52 58 67 73 85 91 100 109 112 118 127 133 145 151 160 169 172 178 187 193 205 211 220 229 232 238 247 253 265 271 280 289 292 298 307 313 323 333 342
a 1 7 13 25 31 40 49 52 58 67 73 85 91 100 109 112 118 127 133 145 151 160 169 172 178 187 193 205 211 220 229 232 238 247 253 265 271 280 289 292 298 307 319 323 333 342
a 1 7 13 25 31 40 49 52 58 67 73 85 91 100 109 112 118 127 133 145 151 160 169 172 178 187 193 205 211 220 229 232 238 247 253 265 271 280 289 292 298 310 319 323 333 342
a 1 7 13 25 31 40 49 52 58 67 73 85 91 100 109 112 118 127 133 145 151 160 169 172 178 187 193 205 211 220 229 232 238 247 253 265 271 280 289 292 301 310 319 323 333 342
a 1 7 13 25 31 40 49 52 58 67 73 85 91 100 109 112 118 127 133 145 151 160 169 172 178 187 193 205 211 220 229 232 238 247 253 262 271 280 289 292 301 310 319 323 333 342
a 1 7 13 25 31 40 49 52 58 67 73 85 91 100 109 112 118 127 133 145 151 160 169 172 178 187 193 205 211 220 229 232 238 247 259 262 271 280 289 292 301 310 319 323 333 342
a 1 7 13 25 31 40 49 52 58 67 73 85 91 100 109 112 118 127 133 145 151 160 169 172 178 187 193 205 211 220 229 232 238 250 259 262 271 280 289 292 301 310 319 323 333 342
a 1 7 13 25 31 40 49 52 58 67 73 85 91 100 109 112 118 127 133 145 151 160 169 172 178 187 193 205 211 220 229 232 241 250 259 262 271 280 289 292 301 310 319 323 333 342
a 1 7 13 25 31 40 49 52 58 67 73 85 91 100 109 112 118 127 133 145 151 160 169 172 178 187 193 202 211 220 229 232 241 250 259 262 271 280 289 292 301 310 319 323 333 342
a 1 7 13 25 31 40 49 52 58 67 73 85 91 100 109 112 118 127 133 145 151 160 169 172 178 187 199 202 211 220 229 232 241 250 259 262 271 280 289 292 301 310 319 323 333 342
a 1 7 13 25 31 40 49 52 58 67 73 85 91 100 109 112 118 127 133 145 151 160 169 172 178 190 199 202 211 220 229 232 241 250 259 262 271 280 289 292 301 310 319 323 333 342
a 1 7 13 25 31 40 49 52 58 67 73 85 91 100 109 112 118 127 133 145 151 160 169 172 181 190 199 202 211 220 229 232 241 250 259 262 271 280 289 292 301 310 319 323 333 342
a 1 7 13 25 31 40 49 52 58 67 73 85 91 100 109 112 118 127 133 142 151 160 169 172 181 190 199 202 211 220 229 232 241 250 259 262 271 280 289 292 301 310 319 323 333 342
a 1 7 13 25 31 40 49 52 58 67 73 85 91 100 109 112 118 127 139 142 151 160 169 172 181 190 199 202 211 220 229 232 241 250 259 262 271 280 289 292 301 310 319 323 333 342
a 1 7 13 25 31 40 49 52 58 67 73 85 91 100 109 112 118 130 139 142 151 160 169 172 181 190 199 202 211 220 229 232 241 250 259 262 271 280 289 292 301 310 319 323 333 342
a 1 7 13 25 31 40 49 52 58 67 73 85 91 100 109 112 121 130 139 142 151 160 169 172 181 190 199 202 211 220 229 232 241 250 259 262 271 280 289 292 301 310 319 323 333 342
a 1 7 13 25 31 40 49 52 58 67 73 82 91 100 109 112 121 130 139 142 151 160 169 172 181 190 199 202 211 220 229 232 241 250 259 262 271 280 289 292 301 310 319 323 333 342
a 1 7 13 25 31 40 49 52 58 67 79 82 91 100 109 112 121 130 139 142 151 160 169 172 181 190 199 202 211 220 229 232 241 250 259 262 271 280 289 292 301 310 319 323 333 342
a 1 7 13 25 31 40 49 52 58 70 79 82 91 100 109 112 121 130 139 142 151 160 169 172 181 190 199 202 211 220 229 232 241 250 259 262 271 280 289 292 301 310 319 323 333 342
a 1 7 13 25 31 40 49 52 61 70 79 82 91 100 109 112 121 130 139 142 151 160 169 172 181 190 199 202 211 220 229 232 241 250 259 262 271 280 289 292 301 310 319 323 333 342
a 1 7 13 22 31 40 49 52 61 70 79 82 91 100 109 112 121 130 139 142 151 160 169 172 181 190 199 202 211 220 229 232 241 250 259 262 271 280 289 292 301 310 319 323 333 342
a 1 7 19 22 31 40 49 52 61 70 79 82 91 100 109 112 121 130 139 142 151 160 169 172 181 190 199 202 211 220 229 232 241 250 259 262 271 280 289 292 301 310 319 323 333 342
a 1 10 19 22 31 40 49 52 61 70 79 82 91 100 109 112 121 130 139 142 151 160 169 172 181 190 199 202 211 220 229 232 241 250 259 262 271 280 289 292 301 310 319 323 333 342
a 4 10 19 22 31 40 49 52 61 70 79 82 91 100 109 112 121 130 139 142 151 160 169 172 181 190 199 202 211 220 229 232 241 250 259 262 271 280 289 292 301 310 319 323 333 342
a 4 10 19 22 28 40 49 52 61 70 79 82 91 100 109 112 121 130 139 142 151 160 169 172 181 190 199 202 211 220 229 232 241 250 259 262 271 280 289 292 301 310 319 323 333 342
a 4 10 19 22 28 37 49 52 61 70 79 82 91 100 109 112 121 130 139 142 151 160 169 172 181 190 199 202 211 220 229 232 241 250 259 262 271 280 289 292 301 310 319 323 333 342
a 4 10 19 22 28 37 43 52 61 70 79 82 91 100 109 112 121 130 139 142 151 160 169 172 181 190 199 202 211 220 229 232 241 250 259 262 271 280 289 292 301 310 319 323 333 342
a 4 10 19 22 28 37 43 55 61 70 79 82 91 100 109 112 121 130 139 142 151 160 169 172 181 190 199 202 211 220 229 232 241 250 259 262 271 280 289 292 301 310 319 323 333 342
a 4 10 19 22 28 37 43 55 61 70 79 82 88 100 109 112 121 130 139 142 151 160 169 172 181 190 199 202 211 220 229 232 241 250 259 262 271 280 289 292 301 310 319 323 333 342
a 4 10 19 22 28 37 43 55 61 70 79 82 88 97 109 112 121 130 139 142 151 160 169 172 181 190 199 202 211 220 229 232 241 250 259 262 271 280 289 292 301 310 319 323 333 342
a 4 10 19 22 28 37 43 55 61 70 79 82 88 97 103 112 121 130 139 142 151 160 169 172 181 190 199 202 211 220 229 232 241 250 259 262 271 280 289 292 301 310 319 323 333 342
a 4 10 19 22 28 37 43 55 61 70 79 82 88 97 103 115 121 130 139 142 151 160 169 172 181 190 199 202 211 220 229 232 241 250 259 262 271 280 289 292 301 310 319 323 333 342
a 4 10 19 22 28 37 43 55 61 70 79 82 88 97 103 115 121 130 139 142 148 160 169 172 181 190 199 202 211 220 229 232 241 250 259 262 271 280 289 292 301 310 319 323 333 342
a 4 10 19 22 28 37 43 55 61 70 79 82 88 97 103 115 121 130 139 142 148 157 169 172 181 190 199 202 211 220 229 232 241 250 259 262 271 280 289 292 301 310 319 323 333 342
a 4 10 19 22 28 37 43 55 61 70 79 82 88 97 103 115 121 130 139 142 148 157 163 172 181 190 199 202 211 220 229 232 241 250 259 262 271 280 289 292 301 310 319 323 333 342
a 4 10 19 22 28 37 43 55 61 70 79 82 88 97 103 115 121 130 139 142 148 157 163 175 181 190 199 202 211 220 229 232 241 250 259 262 271 280 289 292 301 310 319 323 333 342
a 4 10 19 22 28 37 43 55 61 70 79 82 88 97 103 115 121 130 139 142 148 157 163 175 181 190 199 202 208 220 229 232 241 250 259 262 271 280 289 292 301 310 319 323 333 342
a 4 10 19 22 28 37 43 55 61 70 79 82 88 97 103 115 121 130 139 142 148 157 163 175 181 190 199 202 208 217 229 232 241 250 259 262 271 280 289 292 301 310 319 323 333 342
a 4 10 19 22 28 37 43 55 61 70 79 82 88 97 103 115 121 130 139 142 148 157 163 175 181 190 199 202 208 217 223 232 241 250 259 262 271 280 289 292 301 310 319 323 333 342
a 4 10 19 22 28 37 43 55 61 70 79 82 88 97 103 115 121 130 139 142 148 157 163 175 181 190 199 202 208 217 223 235 241 250 259 262 271 280 289 292 301 310 319 323 333 342
a 4 10 19 22 28 37 43 55 61 70 79 82 88 97 103 115 121 130 139 142 148 157 163 175 181 190 199 202 208 217 223 235 241 250 259 262 268 280 289 292 301 310 319 323 333 342
a 4 10 19 22 28 37 43 55 61 70 79 82 88 97 103 115 121 130 139 142 148 157 163 175 181 190 199 202 208 217 223 235 241 250 259 262 268 277 289 292 301 310 319 323 333 342
a 4 10 19 22 28 37 43 55 61 70 79 82 88 97 103 115 121 130 139 142 148 157 163 175 181 190 199 202 208 217 223 235 241 250 259 262 268 277 283 292 301 310 319 323 333 342
a 4 10 19 22 28 37 43 55 61 70 79 82 88 97 103 115 121 130 139 142 148 157 163 175 181 190 199 202 208 217 223 235 241 250 259 262 268 277 283 295 301 310 319 323 333 342
a 4 10 19 22 28 37 43 55 61 70 79 82 88 97 103 115 121 130 139 142 148 157 163 175 181 190 199 202 208 217 223 235 241 250 259 262 268 277 283 295 301 310 319 323 328 342
a 4 10 19 22 28 37 43 55 61 70 79 82 88 97 103 115 121 130 139 142 148 157 163 175 181 190 199 202 208 217 223 235 241 250 259 262 268 277 283 295 301 310 319 323 328 339
a 4 10 19 22 28 37 43 55 61 70 79 82 88 97 103 115 121 130 139 142 148 157 163 175 181 190 199 202 208 217 223 235 241 250 259 262 268 277 283 295 301 310 319 323 336 339
a 4 10 19 22 28 37 43 55 61 70 79 82 88 97 103 115 121 130 139 142 148 157 163 175 181 190 199 202 208 217 223 235 241 250 259 262 268 277 283 292 301 310 319 323 336 339
a 4 10 19 22 28 37 43 55 61 70 79 82 88 97 103 115 121 130 139 142 148 157 163 175 181 190 199 202 208 217 223 235 241 250 259 262 268 277 289 292 301 310 319 323 336 339
a 4 10 19 22 28 37 43 55 61 70 79 82 88 97 103 115 121 130 139 142 148 157 163 175 181 190 199 202 208 217 223 235 241 250 259 262 268 280 289 292 301 310 319 323 336 339
a 4 10 19 22 28 37 43 55 61 70 79 82 88 97 103 115 121 130 139 142 148 157 163 175 181 190 199 202 208 217 223 235 241 250 259 262 271 280 289 292 301 310 319 323 336 339
a 4 10 19 22 28 37 43 55 61 70 79 82 88 97 103 115 121 130 139 142 148 157 163 175 181 190 199 202 208 217 223 232 241 250 259 262 271 280 289 292 301 310 319 323 336 339
a 4 10 19 22 28 37 43 55 61 70 79 82 88 97 103 115 121 130 139 142 148 157 163 175 181 190 199 202 208 217 229 232 241 250 259 262 271 280 289 292 301 310 319 323 336 339
a 4 10 19 22 28 37 43 55 61 70 79 82 88 97 103 115 121 130 139 142 148 157 163 175 181 190 199 202 208 220 229 232 241 250 259 262 271 280 289 292 301 310 319 323 336 339
a 4 10 19 22 28 37 43 55 61 70 79 82 88 97 103 115 121 130 139 142 148 157 163 175 181 190 199 202 211 220 229 232 241 250 259 262 271 280 289 292 301 310 319 323 336 339
a 4 10 19 22 28 37 43 55 61 70 79 82 88 97 103 115 121 130 139 142 148 157 163 172 181 190 199 202 211 220 229 232 241 250 259 262 271 280 289 292 301 310 319 323 336 339
a 4 10 19 22 28 37 43 55 61 70 79 82 88 97 103 115 121 130 139 142 148 157 169 172 181 190 199 202 211 220 229 232 241 250 259 262 271 280 289 292 301 310 319 323 336 339
a 4 10 19 22 28 37 43 55 61 70 79 82 88 97 103 115 121 130 139 142 148 160 169 172 181 190 199 202 211 220 229 232 241 250 259 262 271 280 289 292 301 310 319 323 336 339
a 4 10 19 22 28 37 43 55 61 70 79 82 88 97 103 115 121 130 139 142 151 160 169 172 181 190 199 202 211 220 229 232 241 250 259 262 271 280 289 292 301 310 319 323 336 339
a 4 10 19 22 28 37 43 55 61 70 79 82 88 97 103 112 121 130 139 142 151 160 169 172 181 190 199 202 211 220 229 232 241 250 259 262 271 280 289 292 301 310 319 323 336 339
a 4 10 19 22 28 37 43 55 61 70 79 82 88 97 109 112 121 130 139 142 151 160 169 172 181 190 199 202 211 220 229 232 241 250 259 262 271 280 289 292 301 310 319 323 336 339
a 4 10 19 22 28 37 43 55 61 70 79 82 88 100 109 112 121 130 139 142 151 160 169 172 181 190 199 202 211 220 229 232 241 250 259 262 271 280 289 292 301 310 319 323 336 339
a 4 10 19 22 28 37 43 55 61 70 79 82 91 100 109 112 121 130 139 142 151 160 169 172 181 190 199 202 211 220 229 232 241 250 259 262 271 280 289 292 301 310 319 323 336 339
a 4 10 19 22 28 37 43 52 61 70 79 82 91 100 109 112 121 130 139 142 151 160 169 172 181 190 199 202 211 220 229 232 241 250 259 262 271 280 289 292 301 310 319 323 336 339
a 4 10 19 22 28 37 49 52 61 70 79 82 91 100 109 112 121 130 139 142 151 160 169 172 181 190 199 202 211 220 229 232 241 250 259 262 271 280 289 292 301 310 319 323 336 339
a 4 10 19 22 28 40 49 52 61 70 79 82 91 100 109 112 121 130 139 142 151 160 169 172 181 190 199 202 211 220 229 232 241 250 259 262 271 280 289 292 301 310 319 323 336 339
a 4 10 19 22 31 40 49 52 61 70 79 82 91 100 109 112 121 130 139 142 151 160 169 172 181 190 199 202 211 220 229 232 241 250 259 262 271 280 289 292 301 310 319 323 336 339
a 1 10 19 22 31 40 49 52 61 70 79 82 91 100 109 112 121 130 139 142 151 160 169 172 181 190 199 202 211 220 229 232 241 250 259 262 271 280 289 292 301 310 319 323 336 339
a 1 7 19 22 31 40 49 52 61 70 79 82 91 100 109 112 121 130 139 142 151 160 169 172 181 190 199 202 211 220 229 232 241 250 259 262 271 280 289 292 301 310 319 323 336 339
a 1 7 13 22 31 40 49 52 61 70 79 82 91 100 109 112 121 130 139 142 151 160 169 172 181 190 199 202 211 220 229 232 241 250 259 262 271 280 289 292 301 310 319 323 336 339
a 1 7 13 25 31 40 49 52 61 70 79 82 91 100 109 112 121 130 139 142 151 160 169 172 181 190 199 202 211 220 229 232 241 250 259 262 271 280 289 292 301 310 319 323 336 339
a 1 7 13 25 31 40 49 52 58 70 79 82 91 100 109 112 121 130 139 142 151 160 169 172 181 190 199 202 211 220 229 232 241 250 259 262 271 280 289 292 301 310 319 323 336 339
a 1 7 13 25 31 40 49 52 58 67 79 82 91 100 109 112 121 130 139 142 151 160 169 172 181 190 199 202 211 220 229 232 241 250 259 262 271 280 289 292 301 310 319 323 336 339
a 1 7 13 25 31 40 49 52 58 67 73 82 91 100 109 112 121 130 139 142 151 160 169 172 181 190 199 202 211 220 229 232 241 250 259 262 271 280 289 292 301 310 319 323 336 339
a 1 7 13 25 31 40 49 52 58 67 73 85 91 100 109 112 121 130 139 142 151 160 169 172 181 190 199 202 211 220 229 232 241 250 259 262 271 280 289 292 301 310 319 323 336 339
a 1 7 13 25 31 40 49 52 58 67 73 85 91 100 109 112 118 130 139 142 151 160 169 172 181 190 199 202 211 220 229 232 241 250 259 262 271 280 289 292 301 310 319 323 336 339
a 1 7 13 25 31 40 49 52 58 67 73 85 91 100 109 112 118 127 139 142 151 160 169 172 181 190 199 202 211 220 229 232 241 250 259 262 271 280 289 292 301 310 319 323 336 339
a 1 7 13 25 31 40 49 52 58 67 73 85 91 100 109 112 118 127 133 142 151 160 169 172 181 190 199 202 211 220 229 232 241 250 259 262 271 280 289 292 301 310 319 323 336 339
a 1 7 13 25 31 40 49 52 58 67 73 85 91 100 109 112 118 127 133 145 151 160 169 172 181 190 199 202 211 220 229 232 241 250 259 262 271 280 289 292 301 310 319 323 336 339
a 1 7 13 25 31 40 49 52 58 67 73 85 91 100 109 112 118 127 133 145 151 160 169 172 178 190 199 202 211 220 229 232 241 250 259 262 271 280 289 292 301 310 319 323 336 339
a 1 7 13 25 31 40 49 52 58 67 73 85 91 100 109 112 118 127 133 145 151 160 169 172 178 187 199 202 211 220 229 232 241 250 259 262 271 280 289 292 301 310 319 323 336 339
a 1 7 13 25 31 40 49 52 58 67 73 85 91 100 109 112 118 127 133 145 151 160 169 172 178 187 193 202 211 220 229 232 241 250 259 262 271 280 289 292 301 310 319 323 336 339
a 1 7 13 25 31 40 49 52 58 67 73 85 91 100 109 112 118 127 133 145 151 160 169 172 178 187 193 205 211 220 229 232 241 250 259 262 271 280 289 292 301 310 319 323 336 339
a 1 7 13 25 31 40 49 52 58 67 73 85 91 100 109 112 118 127 133 145 151 160 169 172 178 187 193 205 211 220 229 232 238 250 259 262 271 280 289 292 301 310 319 323 336 339
a 1 7 13 25 31 40 49 52 58 67 73 85 91 100 109 112 118 127 133 145 151 160 169 172 178 187 193 205 211 220 229 232 238 247 259 262 271 280 289 292 301 310 319 323 336 339
a 1 7 13 25 31 40 49 52 58 67 73 85 91 100 109 112 118 127 133 145 151 160 169 172 178 187 193 205 211 220 229 232 238 247 253 262 271 280 289 292 301 310 319 323 336 339
a 1 7 13 25 31 40 49 52 58 67 73 85 91 100 109 112 118 127 133 145 151 160 169 172 178 187 193 205 211 220 229 232 238 247 253 265 271 280 289 292 301 310 319 323 336 339
a 1 7 13 25 31 40 49 52 58 67 73 85 91 100 109 112 118 127 133 145 151 160 169 172 178 187 193 205 211 220 229 232 238 247 253 265 271 280 289 292 298 310 319 323 336 339
a 1 7 13 25 31 40 49 52 58 67 73 85 91 100 109 112 118 127 133 145 151 160 169 172 178 187 193 205 211 220 229 232 238 247 253 265 271 280 289 292 298 307 319 323 336 339
a 1 7 13 25 31 40 49 52 58 67 73 85 91 100 109 112 118 127 133 145 151 160 169 172 178 187 193 205 211 220 229 232 238 247 253 265 271 280 289 292 298 307 313 323 336 339
a 1 7 13 25 31 40 49 52 58 67 73 85 91 100 109 112 118 127 133 145 151 160 169 172 178 187 193 205 211 220 229 232 238 247 253 265 271 280 289 292 306 307 313 323 336 339
a 1 7 13 25 31 40 49 52 58 67 73 85 91 100 109 112 118 127 133 145 151 160 169 172 178 187 193 205 211 220 229 232 238 247 253 263 271 280 289 292 306 307 313 323 336 339
a 1 7 13 25 31 40 49 52 58 67 73 85 91 100 109 112 118 127 133 145 151 160 169 172 178 187 193 205 211 220 229 232 238 247 259 263 271 280 289 292 306 307 313 323 336 339
a 1 7 13 25 31 40 49 52 58 67 73 85 91 100 109 112 118 127 133 145 151 160 169 172 178 187 193 205 211 220 229 232 238 250 259 263 271 280 289 292 306 307 313 323 336 339
a 1 7 13 25 31 40 49 52 58 67 73 85 91 100 109 112 118 127 133 145 151 160 169 172 178 187 193 205 211 220 229 232 241 250 259 263 271 280 289 292 306 307 313 323 336 339
a 1 7 13 25 31 40 49 52 58 67 73 85 91 100 109 112 118 127 133 145 151 160 169 172 178 187 193 202 211 220 229 232 241 250 259 263 271 280 289 292 306 307 313 323 336 339
a 1 7 13 25 31 40 49 52 58 67 73 85 91 100 109 112 118 127 133 145 151 160 169 172 178 187 199 202 211 220 229 232 241 250 259 263 271 280 289 292 306 307 313 323 336 339
a 1 7 13 25 31 40 49 52 58 67 73 85 91 100 109 112 118 127 133 145 151 160 169 172 178 190 199 202 211 220 229 232 241 250 259 263 271 280 289 292 306 307 313 323 336 339
a 1 7 13 25 31 40 49 52 58 67 73 85 91 100 109 112 118 127 133 145 151 160 169 172 181 190 199 202 211 220 229 232 241 250 259 263 271 280 289 292 306 307 313 323 336 339
a 1 7 13 25 31 40 49 52 58 67 73 85 91 100 109 112 118 127 133 142 151 160 169 172 181 190 199 202 211 220 229 232 241 250 259 263 271 280 289 292 306 307 313 323 336 339
a 1 7 13 25 31 40 49 52 58 67 73 85 91 100 109 112 118 127 139 142 151 160 169 172 181 190 199 202 211 220 229 232 241 250 259 263 271 280 289 292 306 307 313 323 336 339
a 1 7 13 25 31 40 49 52 58 67 73 85 91 100 109 112 118 130 139 142 151 160 169 172 181 190 199 202 211 220 229 232 241 250 259 263 271 280 289 292 306 307 313 323 336 339
a 1 7 13 25 31 40 49 52 58 67 73 85 91 100 109 112 121 130 139 142 151 160 169 172 181 190 199 202 211 220 229 232 241 250 259 263 271 280 289 292 306 307 313 323 336 339
a 1 7 13 25 31 40 49 52 58 67 73 82 91 100 109 112 121 130 139 142 151 160 169 172 181 190 199 202 211 220 229 232 241 250 259 263 271 280 289 292 306 307 313 323 336 339
a 1 7 13 25 31 40 49 52 58 67 79 82 91 100 109 112 121 130 139 142 151 160 169 172 181 190 199 202 211 220 229 232 241 250 259 263 271 280 289 292 306 307 313 323 336 339
a 1 7 13 25 31 40 49 52 58 70 79 82 91 100 109 112 121 130 139 142 151 160 169 172 181 190 199 202 211 220 229 232 241 250 259 263 271 280 289 292 306 307 313 323 336 339
a 1 7 13 25 31 40 49 52 61 70 79 82 91 100 109 112 121 130 139 142 151 160 169 172 181 190 199 202 211 220 229 232 241 250 259 263 271 280 289 292 306 307 313 323 336 339
a 1 7 13 22 31 40 49 52 61 70 79 82 91 100 109 112 121 130 139 142 151 160 169 172 181 190 199 202 211 220 229 232 241 250 259 263 271 280 289 292 306 307 313 323 336 339
a 1 7 19 22 31 40 49 52 61 70 79 82 91 100 109 112 121 130 139 142 151 160 169 172 181 190 199 202 211 220 229 232 241 250 259 263 271 280 289 292 306 307 313 323 336 339
a 1 10 19 22 31 40 49 52 61 70 79 82 91 100 109 112 121 130 139 142 151 160 169 172 181 190 199 202 211 220 229 232 241 250 259 263 271 280 289 292 306 307 313 323 336 339
a 4 10 19 22 31 40 49 52 61 70 79 82 91 100 109 112 121 130 139 142 151 160 169 172 181 190 199 202 211 220 229 232 241 250 259 263 271 280 289 292 306 307 313 323 336 339
a 4 10 19 22 28 40 49 52 61 70 79 82 91 100 109 112 121 130 139 142 151 160 169 172 181 190 199 202 211 220 229 232 241 250 259 263 271 280 289 292 306 307 313 323 336 339
a 4 10 19 22 28 37 49 52 61 70 79 82 91 100 109 112 121 130 139 142 151 160 169 172 181 190 199 202 211 220 229 232 241 250 259 263 271 280 289 292 306 307 313 323 336 339
a 4 10 19 22 28 37 43 52 61 70 79 82 91 100 109 112 121 130 139 142 151 160 169 172 181 190 199 202 211 220 229 232 241 250 259 263 271 280 289 292 306 307 313 323 336 339
a 4 10 19 22 28 37 43 55 61 70 79 82 91 100 109 112 121 130 139 142 151 160 169 172 181 190 199 202 211 220 229 232 241 250 259 263 271 280 289 292 306 307 313 323 336 339
a 4 10 19 22 28 37 43 55 61 70 79 82 88 100 109 112 121 130 139 142 151 160 169 172 181 190 199 202 211 220 229 232 241 250 259 263 271 280 289 292 306 307 313 323 336 339
a 4 10 19 22 28 37 43 55 61 70 79 82 88 97 109 112 121 130 139 142 151 160 169 172 181 190 199 202 211 220 229 232 241 250 259 263 271 280 289 292 306 307 313 323 336 339
a 4 10 19 22 28 37 43 55 61 70 79 82 88 97 103 112 121 130 139 142 151 160 169 172 181 190 199 202 211 220 229 232 241 250 259 263 271 280 289 292 306 307 313 323 336 339
a 4 10 19 22 28 37 43 55 61 70 79 82 88 97 103 115 121 130 139 142 151 160 169 172 181 190 199 202 211 220 229 232 241 250 259 263 271 280 289 292 306 307 313 323 336 339
a 4 10 19 22 28 37 43 55 61 70 79 82 88 97 103 115 121 130 139 142 148 160 169 172 181 190 199 202 211 220 229 232 241 250 259 263 271 280 289 292 306 307 313 323 336 339
a 4 10 19 22 28 37 43 55 61 70 79 82 88 97 103 115 121 130 139 142 148 157 169 172 181 190 199 202 211 220 229 232 241 250 259 263 271 280 289 292 306 307 313 323 336 339
a 4 10 19 22 28 37 43 55 61 70 79 82 88 97 103 115 121 130 139 142 148 157 163 172 181 190 199 202 211 220 229 232 241 250 259 263 271 280 289 292 306 307 313 323 336 339
a 4 10 19 22 28 37 43 55 61 70 79 82 88 97 103 115 121 130 139 142 148 157 163 175 181 190 199 202 211 220 229 232 241 250 259 263 271 280 289 292 306 307 313 323 336 339
a 4 10 19 22 28 37 43 55 61 70 79 82 88 97 103 115 121 130 139 142 148 157 163 175 181 190 199 202 208 220 229 232 241 250 259 263 271 280 289 292 306 307 313 323 336 339
a 4 10 19 22 28 37 43 55 61 70 79 82 88 97 103 115 121 130 139 142 148 157 163 175 181 190 199 202 208 217 229 232 241 250 259 263 271 280 289 292 306 307 313 323 336 339
a 4 10 19 22 28 37 43 55 61 70 79 82 88 97 103 115 121 130 139 142 148 157 163 175 181 190 199 202 208 217 223 232 241 250 259 263 271 280 289 292 306 307 313 323 336 339
a 4 10 19 22 28 37 43 55 61 70 79 82 88 97 103 115 121 130 139 142 148 157 163 175 181 190 199 202 208 217 223 235 241 250 259 263 271 280 289 292 306 307 313 323 336 339
a 4 10 19 22 28 37 43 55 61 70 79 82 88 97 103 115 121 130 139 142 148 157 163 175 181 190 199 202 208 217 223 235 241 250 259 263 268 280 289 292 306 307 313 323 336 339
a 4 10 19 22 28 37 43 55 61 70 79 82 88 97 103 115 121 130 139 142 148 157 163 175 181 190 199 202 208 217 223 235 241 250 259 263 268 278 289 292 306 307 313 323 336 339
a 4 10 19 22 28 37 43 55 61 70 79 82 88 97 103 115 121 130 139 142 148 157 163 175 181 190 199 202 208 217 223 235 241 250 259 263 268 278 283 292 306 307 313 323 336 339
a 4 10 19 22 28 37 43 55 61 70 79 82 88 97 103 115 121 130 139 142 148 157 163 175 181 190 199 202 208 217 223 235 241 250 259 263 275 278 283 292 306 307 313 323 336 339
a 4 10 19 22 28 37 43 55 61 70 79 82 88 97 103 115 121 130 139 142 148 157 163 175 181 190 199 202 208 217 223 233 241 250 259 263 275 278 283 292 306 307 313 323 336 339
a 4 10 19 22 28 37 43 55 61 70 79 82 88 97 103 115 121 130 139 142 148 157 163 175 181 190 199 202 208 217 229 233 241 250 259 263 275 278 283 292 306 307 313 323 336 339
a 4 10 19 22 28 37 43 55 61 70 79 82 88 97 103 115 121 130 139 142 148 157 163 175 181 190 199 202 208 220 229 233 241 250 259 263 275 278 283 292 306 307 313 323 336 339
a 4 10 19 22 28 37 43 55 61 70 79 82 88 97 103 115 121 130 139 142 148 157 163 175 181 190 199 202 211 220 229 233 241 250 259 263 275 278 283 292 306 307 313 323 336 339
a 4 10 19 22 28 37 43 55 61 70 79 82 88 97 103 115 121 130 139 142 148 157 163 172 181 190 199 202 211 220 229 233 241 250 259 263 275 278 283 292 306 307 313 323 336 339
a 4 10 19 22 28 37 43 55 61 70 79 82 88 97 103 115 121 130 139 142 148 157 169 172 181 190 199 202 211 220 229 233 241 250 259 263 275 278 283 292 306 307 313 323 336 339
a 4 10 19 22 28 37 43 55 61 70 79 82 88 97 103 115 121 130 139 142 148 160 169 172 181 190 199 202 211 220 229 233 241 250 259 263 275 278 283 292 306 307 313 323 336 339
a 4 10 19 22 28 37 43 55 61 70 79 82 88 97 103 115 121 130 139 142 151 160 169 172 181 190 199 202 211 220 229 233 241 250 259 263 275 278 283 292 306 307 313 323 336 339
a 4 10 19 22 28 37 43 55 61 70 79 82 88 97 103 112 121 130 139 142 151 160 169 172 181 190 199 202 211 220 229 233 241 250 259 263 275 278 283 292 306 307 313 323 336 339
a 4 10 19 22 28 37 43 55 61 70 79 82 88 97 109 112 121 130 139 142 151 160 169 172 181 190 199 202 211 220 229 233 241 250 259 263 275 278 283 292 306 307 313 323 336 339
a 4 10 19 22 28 37 43 55 61 70 79 82 88 100 109 112 121 130 139 142 151 160 169 172 181 190 199 202 211 220 229 233 241 250 259 263 275 278 283 292 306 307 313 323 336 339
a 4 10 19 22 28 37 43 55 61 70 79 82 91 100 109 112 121 130 139 142 151 160 169 172 181 190 199 202 211 220 229 233 241 250 259 263 275 278 283 292 306 307 313 323 336 339
a 4 10 19 22 28 37 43 52 61 70 79 82 91 100 109 112 121 130 139 142 151 160 169 172 181 190 199 202 211 220 229 233 241 250 259 263 275 278 283 292 306 307 313 323 336 339
a 4 10 19 22 28 37 49 52 61 70 79 82 91 100 109 112 121 130 139 142 151 160 169 172 181 190 199 202 211 220 229 233 241 250 259 263 275 278 283 292 306 307 313 323 336 339
a 4 10 19 22 28 40 49 52 61 70 79 82 91 100 109 112 121 130 139 142 151 160 169 172 181 190 199 202 211 220 229 233 241 250 259 263 275 278 283 292 306 307 313 323 336 339
a 4 10 19 22 31 40 49 52 61 70 79 82 91 100 109 112 121 130 139 142 151 160 169 172 181 190 199 202 211 220 229 233 241 250 259 263 275 278 283 292 306 307 313 323 336 339
a 1 10 19 22 31 40 49 52 61 70 79 82 91 100 109 112 121 130 139 142 151 160 169 172 181 190 199 202 211 220 229 233 241 250 259 263 275 278 283 292 306 307 313 323 336 339
a 1 7 19 22 31 40 49 52 61 70 79 82 91 100 109 112 121 130 139 142 151 160 169 172 181 190 199 202 211 220 229 233 241 250 259 263 275 278 283 292 306 307 313 323 336 339
a 1 7 13 22 31 40 49 52 61 70 79 82 91 100 109 112 121 130 139 142 151 160 169 172 181 190 199 202 211 220 229 233 241 250 259 263 275 278 283 292 306 307 313 323 336 339
a 1 7 13 25 31 40 49 52 61 70 79 82 91 100 109 112 121 130 139 142 151 160 169 172 181 190 199 202 211 220 229 233 241 250 259 263 275 278 283 292 306 307 313 323 336 339
a 1 7 13 25 31 40 49 52 58 70 79 82 91 100 109 112 121 130 139 142 151 160 169 172 181 190 199 202 211 220 229 233 241 250 259 263 275 278 283 292 306 307 313 323 336 339
a 1 7 13 25 31 40 49 52 58 67 79 82 91 100 109 112 121 130 139 142 151 160 169 172 181 190 199 202 211 220 229 233 241 250 259 263 275 278 283 292 306 307 313 323 336 339
a 1 7 13 25 31 40 49 52 58 67 73 82 91 100 109 112 121 130 139 142 151 160 169 172 181 190 199 202 211 220 229 233 241 250 259 263 275 278 283 292 306 307 313 323 336 339
a 1 7 13 25 31 40 49 52 58 67 73 85 91 100 109 112 121 130 139 142 151 160 169 172 181 190 199 202 211 220 229 233 241 250 259 263 275 278 283 292 306 307 313 323 336 339
a 1 7 13 25 31 40 49 52 58 67 73 85 91 100 109 112 118 130 139 142 151 160 169 172 181 190 199 202 211 220 229 233 241 250 259 263 275 278 283 292 306 307 313 323 336 339
a 1 7 13 25 31 40 49 52 58 67 73 85 91 100 109 112 118 127 139 142 151 160 169 172 181 190 199 202 211 220 229 233 241 250 259 263 275 278 283 292 306 307 313 323 336 339
a 1 7 13 25 31 40 49 52 58 67 73 85 91 100 109 112 118 127 133 142 151 160 169 172 181 190 199 202 211 220 229 233 241 250 259 263 275 278 283 292 306 307 313 323 336 339
a 1 7 13 25 31 40 49 52 58 67 73 85 91 100 109 112 118 127 133 145 151 160 169 172 181 190 199 202 211 220 229 233 241 250 259 263 275 278 283 292 306 307 313 323 336 339
a 1 7 13 25 31 40 49 52 58 67 73 85 91 100 109 112 118 127 133 145 151 160 169 172 178 190 199 202 211 220 229 233 241 250 259 263 275 278 283 292 306 307 313 323 336 339
a 1 7 13 25 31 40 49 52 58 67 73 85 91 100 109 112 118 127 133 145 151 160 169 172 178 187 199 202 211 220 229 233 241 250 259 263 275 278 283 292 306 307 313 323 336 339
a 1 7 13 25 31 40 49 52 58 67 73 85 91 100 109 112 118 127 133 145 151 160 169 172 178 187 193 202 211 220 229 233 241 250 259 263 275 278 283 292 306 307 313 323 336 339
a 1 7 13 25 31 40 49 52 58 67 73 85 91 100 109 112 118 127 133 145 151 160 169 172 178 187 193 205 211 220 229 233 241 250 259 263 275 278 283 292 306 307 313 323 336 339
a 1 7 13 25 31 40 49 52 58 67 73 85 91 100 109 112 118 127 133 145 151 160 169 172 178 187 193 205 211 220 229 233 238 250 259 263 275 278 283 292 306 307 313 323 336 339
a 1 7 13 25 31 40 49 52 58 67 73 85 91 100 109 112 118 127 133 145 151 160 169 172 178 187 193 205 211 220 229 233 238 248 259 263 275 278 283 292 306 307 313 323 336 339
a 1 7 13 25 31 40 49 52 58 67 73 85 91 100 109 112 118 127 133 145 151 160 169 172 178 187 193 205 211 220 229 233 238 248 255 263 275 278 283 292 306 307 313 323 336 339
a 1 7 13 25 31 40 49 52 58 67 73 85 91 100 109 112 118 127 133 145 151 160 169 172 178 187 193 205 211 220 229 233 244 248 255 263 275 278 283 292 306 307 313 323 336 339
a 1 7 13 25 31 40 49 52 58 67 73 85 91 100 109 112 118 127 133 145 151 160 169 172 178 187 193 203 211 220 229 233 244 248 255 263 275 278 283 292 306 307 313 323 336 339
a 1 7 13 25 31 40 49 52 58 67 73 85 91 100 109 112 118 127 133 145 151 160 169 172 178 187 199 203 211 220 229 233 244 248 255 263 275 278 283 292 306 307 313 323 336 339
a 1 7 13 25 31 40 49 52 58 67 73 85 91 100 109 112 118 127 133 145 151 160 169 172 178 190 199 203 211 220 229 233 244 248 255 263 275 278 283 292 306 307 313 323 336 339
a 1 7 13 25 31 40 49 52 58 67 73 85 91 100 109 112 118 127 133 145 151 160 169 172 181 190 199 203 211 220 229 233 244 248 255 263 275 278 283 292 306 307 313 323 336 339
a 1 7 13 25 31 40 49 52 58 67 73 85 91 100 109 112 118 127 133 142 151 160 169 172 181 190 199 203 211 220 229 233 244 248 255 263 275 278 283 292 306 307 313 323 336 339
a 1 7 13 25 31 40 49 52 58 67 73 85 91 100 109 112 118 127 139 142 151 160 169 172 181 190 199 203 211 220 229 233 244 248 255 263 275 278 283 292 306 307 313 323 336 339
a 1 7 13 25 31 40 49 52 58 67 73 85 91 100 109 112 118 130 139 142 151 160 169 172 181 190 199 203 211 220 229 233 244 248 255 263 275 278 283 292 306 307 313 323 336 339
a 1 7 13 25 31 40 49 52 58 67 73 85 91 100 109 112 121 130 139 142 151 160 169 172 181 190 199 203 211 220 229 233 244 248 255 263 275 278 283 292 306 307 313 323 336 339
a 1 7 13 25 31 40 49 52 58 67 73 82 91 100 109 112 121 130 139 142 151 160 169 172 181 190 199 203 211 220 229 233 244 248 255 263 275 278 283 292 306 307 313 323 336 339
a 1 7 13 25 31 40 49 52 58 67 79 82 91 100 109 112 121 130 139 142 151 160 169 172 181 190 199 203 211 220 229 233 244 248 255 263 275 278 283 292 306 307 313 323 336 339
a 1 7 13 25 31 40 49 52 58 70 79 82 91 100 109 112 121 130 139 142 151 160 169 172 181 190 199 203 211 220 229 233 244 248 255 263 275 278 283 292 306 307 313 323 336 339
a 1 7 13 25 31 40 49 52 61 70 79 82 91 100 109 112 121 130 139 142 151 160 169 172 181 190 199 203 211 220 229 233 244 248 255 263 275 278 283 292 306 307 313 323 336 339
a 1 7 13 22 31 40 49 52 61 70 79 82 91 100 109 112 121 130 139 142 151 160 169 172 181 190 199 203 211 220 229 233 244 248 255 263 275 278 283 292 306 307 313 323 336 339
a 1 7 19 22 31 40 49 52 61 70 79 82 91 100 109 112 121 130 139 142 151 160 169 172 181 190 199 203 211 220 229 233 244 248 255 263 275 278 283 292 306 307 313 323 336 339
a 1 10 19 22 31 40 49 52 61 70 79 82 91 100 109 112 121 130 139 142 151 160 169 172 181 190 199 203 211 220 229 233 244 248 255 263 275 278 283 292 306 307 313 323 336 339
a 4 10 19 22 31 40 49 52 61 70 79 82 91 100 109 112 121 130 139 142 151 160 169 172 181 190 199 203 211 220 229 233 244 248 255 263 275 278 283 292 306 307 313 323 336 339
a 4 10 19 22 28 40 49 52 61 70 79 82 91 100 109 112 121 130 139 142 151 160 169 172 181 190 199 203 211 220 229 233 244 248 255 263 275 278 283 292 306 307 313 323 336 339
a 4 10 19 22 28 37 49 52 61 70 79 82 91 100 109 112 121 130 139 142 151 160 169 172 181 190 199 203 211 220 229 233 244 248 255 263 275 278 283 292 306 307 313 323 336 339
a 4 10 19 22 28 37 43 52 61 70 79 82 91 100 109 112 121 130 139 142 151 160 169 172 181 190 199 203 211 220 229 233 244 248 255 263 275 278 283 292 306 307 313 323 336 339
a 4 10 19 22 28 37 43 55 61 70 79 82 91 100 109 112 121 130 139 142 151 160 169 172 181 190 199 203 211 220 229 233 244 248 255 263 275 278 283 292 306 307 313 323 336 339
a 4 10 19 22 28 37 43 55 61 70 79 82 88 100 109 112 121 130 139 142 151 160 169 172 181 190 199 203 211 220 229 233 244 248 255 263 275 278 283 292 306 307 313 323 336 339
a 4 10 19 22 28 37 43 55 61 70 79 82 88 97 109 112 121 130 139 142 151 160 169 172 181 190 199 203 211 220 229 233 244 248 255 263 275 278 283 292 306 307 313 323 336 339
a 4 10 19 22 28 37 43 55 61 70 79 82 88 97 103 112 121 130 139 142 151 160 169 172 181 190 199 203 211 220 229 233 244 248 255 263 275 278 283 292 306 307 313 323 336 339
a 4 10 19 22 28 37 43 55 61 70 79 82 88 97 103 115 121 130 139 142 151 160 169 172 181 190 199 203 211 220 229 233 244 248 255 263 275 278 283 292 306 307 313 323 336 339
a 4 10 19 22 28 37 43 55 61 70 79 82 88 97 103 115 121 130 139 142 148 160 169 172 181 190 199 203 211 220 229 233 244 248 255 263 275 278 283 292 306 307 313 323 336 339
a 4 10 19 22 28 37 43 55 61 70 79 82 88 97 103 115 121 130 139 142 148 157 169 172 181 190 199 203 211 220 229 233 244 248 255 263 275 278 283 292 306 307 313 323 336 339
a 4 10 19 22 28 37 43 55 61 70 79 82 88 97 103 115 121 130 139 142 148 157 163 172 181 190 199 203 211 220 229 233 244 248 255 263 275 278 283 292 306 307 313 323 336 339
a 4 10 19 22 28 37 43 55 61 70 79 82 88 97 103 115 121 130 139 142 148 157 163 175 181 190 199 203 211 220 229 233 244 248 255 263 275 278 283 292 306 307 313 323 336 339
a 4 10 19 22 28 37 43 55 61 70 79 82 88 97 103 115 121 130 139 142 148 157 163 175 181 190 199 203 208 220 229 233 244 248 255 263 275 278 283 292 306 307 313 323 336 339
a 4 10 19 22 28 37 43 55 61 70 79 82 88 97 103 115 121 130 139 142 148 157 163 175 181 190 199 203 208 217 229 233 244 248 255 263 275 278 283 292 306 307 313 323 336 339
a 4 10 19 22 28 37 43 55 61 70 79 82 88 97 103 115 121 130 139 142 148 157 163 175 181 190 199 203 208 217 224 233 244 248 255 263 275 278 283 292 306 307 313 323 336 339
a 4 10 19 22 28 37 43 55 61 70 79 82 88 97 103 115 121 130 139 142 148 157 163 175 181 190 199 203 215 217 224 233 244 248 255 263 275 278 283 292 306 307 313 323 336 339
a 4 10 19 22 28 37 43 55 61 70 79 82 88 97 103 115 121 130 139 142 148 157 163 174 181 190 199 203 215 217 224 233 244 248 255 263 275 278 283 292 306 307 313 323 336 339
a 4 10 19 22 28 37 43 55 61 70 79 82 88 97 103 115 121 130 139 142 148 157 169 174 181 190 199 203 215 217 224 233 244 248 255 263 275 278 283 292 306 307 313 323 336 339
a 4 10 19 22 28 37 43 55 61 70 79 82 88 97 103 115 121 130 139 142 148 160 169 174 181 190 199 203 215 217 224 233 244 248 255 263 275 278 283 292 306 307 313 323 336 339
a 4 10 19 22 28 37 43 55 61 70 79 82 88 97 103 115 121 130 139 142 151 160 169 174 181 190 199 203 215 217 224 233 244 248 255 263 275 278 283 292 306 307 313 323 336 339
a 4 10 19 22 28 37 43 55 61 70 79 82 88 97 103 112 121 130 139 142 151 160 169 174 181 190 199 203 215 217 224 233 244 248 255 263 275 278 283 292 306 307 313 323 336 339
a 4 10 19 22 28 37 43 55 61 70 79 82 88 97 109 112 121 130 139 142 151 160 169 174 181 190 199 203 215 217 224 233 244 248 255 263 275 278 283 292 306 307 313 323 336 339
a 4 10 19 22 28 37 43 55 61 70 79 82 88 100 109 112 121 130 139 142 151 160 169 174 181 190 199 203 215 217 224 233 244 248 255 263 275 278 283 292 306 307 313 323 336 339
a 4 10 19 22 28 37 43 55 61 70 79 82 91 100 109 112 121 130 139 142 151 160 169 174 181 190 199 203 215 217 224 233 244 248 255 263 275 278 283 292 306 307 313 323 336 339
a 4 10 19 22 28 37 43 52 61 70 79 82 91 100 109 112 121 130 139 142 151 160 169 174 181 190 199 203 215 217 224 233 244 248 255 263 275 278 283 292 306 307 313 323 336 339
a 4 10 19 22 28 37 49 52 61 70 79 82 91 100 109 112 121 130 139 142 151 160 169 174 181 190 199 203 215 217 224 233 244 248 255 263 275 278 283 292 306 307 313 323 336 339
a 4 10 19 22 28 40 49 52 61 70 79 82 91 100 109 112 121 130 139 142 151 160 169 174 181 190 199 203 215 217 224 233 244 248 255 263 275 278 283 292 306 307 313 323 336 339
a 4 10 19 22 31 40 49 52 61 70 79 82 91 100 109 112 121 130 139 142 151 160 169 174 181 190 199 203 215 217 224 233 244 248 255 263 275 278 283 292 306 307 313 323 336 339
a 1 10 19 22 31 40 49 52 61 70 79 82 91 100 109 112 121 130 139 142 151 160 169 174 181 190 199 203 215 217 224 233 244 248 255 263 275 278 283 292 306 307 313 323 336 339
a 1 7 19 22 31 40 49 52 61 70 79 82 91 100 109 112 121 130 139 142 151 160 169 174 181 190 199 203 215 217 224 233 244 248 255 263 275 278 283 292 306 307 313 323 336 339
a 1 7 13 22 31 40 49 52 61 70 79 82 91 100 109 112 121 130 139 142 151 160 169 174 181 190 199 203 215 217 224 233 244 248 255 263 275 278 283 292 306 307 313 323 336 339
a 1 7 13 25 31 40 49 52 61 70 79 82 91 100 109 112 121 130 139 142 151 160 169 174 181 190 199 203 215 217 224 233 244 248 255 263 275 278 283 292 306 307 313 323 336 339
a 1 7 13 25 31 40 49 52 58 70 79 82 91 100 109 112 121 130 139 142 151 160 169 174 181 190 199 203 215 217 224 233 244 248 255 263 275 278 283 292 306 307 313 323 336 339
a 1 7 13 25 31 40 49 52 58 67 79 82 91 100 109 112 121 130 139 142 151 160 169 174 181 190 199 203 215 217 224 233 244 248 255 263 275 278 283 292 306 307 313 323 336 339
a 1 7 13 25 31 40 49 52 58 67 73 82 91 100 109 112 121 130 139 142 151 160 169 174 181 190 199 203 215 217 224 233 244 248 255 263 275 278 283 292 306 307 313 323 336 339
a 1 7 13 25 31 40 49 52 58 67 73 85 91 100 109 112 121 130 139 142 151 160 169 174 181 190 199 203 215 217 224 233 244 248 255 263 275 278 283 292 306 307 313 323 336 339
a 1 7 13 25 31 40 49 52 58 67 73 85 91 100 109 112 118 130 139 142 151 160 169 174 181 190 199 203 215 217 224 233 244 248 255 263 275 278 283 292 306 307 313 323 336 339
a 1 7 13 25 31 40 49 52 58 67 73 85 91 100 109 112 118 127 139 142 151 160 169 174 181 190 199 203 215 217 224 233 244 248 255 263 275 278 283 292 306 307 313 323 336 339
a 1 7 13 25 31 40 49 52 58 67 73 85 91 100 109 112 118 127 133 142 151 160 169 174 181 190 199 203 215 217 224 233 244 248 255 263 275 278 283 292 306 307 313 323 336 339
a 1 7 13 25 31 40 49 52 58 67 73 85 91 100 109 112 118 127 133 145 151 160 169 174 181 190 199 203 215 217 224 233 244 248 255 263 275 278 283 292 306 307 313 323 336 339
a 1 7 13 25 31 40 49 52 58 67 73 85 91 100 109 112 118 127 133 145 151 160 169 174 178 190 199 203 215 217 224 233 244 248 255 263 275 278 283 292 306 307 313 323 336 339
a 1 7 13 25 31 40 49 52 58 67 73 85 91 100 109 112 118 127 133 145 151 160 169 174 178 187 199 203 215 217 224 233 244 248 255 263 275 278 283 292 306 307 313 323 336 339
a 1 7 13 25 31 40 49 52 58 67 73 85 91 100 109 112 118 127 133 145 151 160 169 174 178 187 194 203 215 217 224 233 244 248 255 263 275 278 283 292 306 307 313 323 336 339
a 1 7 13 25 31 40 49 52 58 67 73 85 91 100 109 112 118 127 133 145 151 160 169 174 186 187 194 203 215 217 224 233 244 248 255 263 275 278 283 292 306 307 313 323 336 339
a 1 7 13 25 31 40 49 52 58 67 73 85 91 100 109 112 118 127 133 143 151 160 169 174 186 187 194 203 215 217 224 233 244 248 255 263 275 278 283 292 306 307 313 323 336 339
a 1 7 13 25 31 40 49 52 58 67 73 85 91 100 109 112 118 127 139 143 151 160 169 174 186 187 194 203 215 217 224 233 244 248 255 263 275 278 283 292 306 307 313 323 336 339
a 1 7 13 25 31 40 49 52 58 67 73 85 91 100 109 112 118 130 139 143 151 160 169 174 186 187 194 203 215 217 224 233 244 248 255 263 275 278 283 292 306 307 313 323 336 339
a 1 7 13 25 31 40 49 52 58 67 73 85 91 100 109 112 121 130 139 143 151 160 169 174 186 187 194 203 215 217 224 233 244 248 255 263 275 278 283 292 306 307 313 323 336 339
a 1 7 13 25 31 40 49 52 58 67 73 82 91 100 109 112 121 130 139 143 151 160 169 174 186 187 194 203 215 217 224 233 244 248 255 263 275 278 283 292 306 307 313 323 336 339
a 1 7 13 25 31 40 49 52 58 67 79 82 91 100 109 112 121 130 139 143 151 160 169 174 186 187 194 203 215 217 224 233 244 248 255 263 275 278 283 292 306 307 313 323 336 339
a 1 7 13 25 31 40 49 52 58 70 79 82 91 100 109 112 121 130 139 143 151 160 169 174 186 187 194 203 215 217 224 233 244 248 255 263 275 278 283 292 306 307 313 323 336 339
a 1 7 13 25 31 40 49 52 61 70 79 82 91 100 109 112 121 130 139 143 151 160 169 174 186 187 194 203 215 217 224 233 244 248 255 263 275 278 283 292 306 307 313 323 336 339
a 1 7 13 22 31 40 49 52 61 70 79 82 91 100 109 112 121 130 139 143 151 160 169 174 186 187 194 203 215 217 224 233 244 248 255 263 275 278 283 292 306 307 313 323 336 339
a 1 7 19 22 31 40 49 52 61 70 79 82 91 100 109 112 121 130 139 143 151 160 169 174 186 187 194 203 215 217 224 233 244 248 255 263 275 278 283 292 306 307 313 323 336 339
a 1 10 19 22 31 40 49 52 61 70 79 82 91 100 109 112 121 130 139 143 151 160 169 174 186 187 194 203 215 217 224 233 244 248 255 263 275 278 283 292 306 307 313 323 336 339
a 4 10 19 22 31 40 49 52 61 70 79 82 91 100 109 112 121 130 139 143 151 160 169 174 186 187 194 203 215 217 224 233 244 248 255 263 275 278 283 292 306 307 313 323 336 339
a 4 10 19 22 28 40 49 52 61 70 79 82 91 100 109 112 121 130 139 143 151 160 169 174 186 187 194 203 215 217 224 233 244 248 255 263 275 278 283 292 306 307 313 323 336 339
a 4 10 19 22 28 37 49 52 61 70 79 82 91 100 109 112 121 130 139 143 151 160 169 174 186 187 194 203 215 217 224 233 244 248 255 263 275 278 283 292 306 307 313 323 336 339
a 4 10 19 22 28 37 43 52 61 70 79 82 91 100 109 112 121 130 139 143 151 160 169 174 186 187 194 203 215 217 224 233 244 248 255 263 275 278 283 292 306 307 313 323 336 339
a 4 10 19 22 28 37 43 55 61 70 79 82 91 100 109 112 121 130 139 143 151 160 169 174 186 187 194 203 215 217 224 233 244 248 255 263 275 278 283 292 306 307 313 323 336 339
a 4 10 19 22 28 37 43 55 61 70 79 82 88 100 109 112 121 130 139 143 151 160 169 174 186 187 194 203 215 217 224 233 244 248 255 263 275 278 283 292 306 307 313 323 336 339
a 4 10 19 22 28 37 43 55 61 70 79 82 88 97 109 112 121 130 139 143 151 160 169 174 186 187 194 203 215 217 224 233 244 248 255 263 275 278 283 292 306 307 313 323 336 339
a 4 10 19 22 28 37 43 55 61 70 79 82 88 97 103 112 121 130 139 143 151 160 169 174 186 187 194 203 215 217 224 233 244 248 255 263 275 278 283 292 306 307 313 323 336 339
a 4 10 19 22 28 37 43 55 61 70 79 82 88 97 103 115 121 130 139 143 151 160 169 174 186 187 194 203 215 217 224 233 244 248 255 263 275 278 283 292 306 307 313 323 336 339
a 4 10 19 22 28 37 43 55 61 70 79 82 88 97 103 115 121 130 139 143 148 160 169 174 186 187 194 203 215 217 224 233 244 248 255 263 275 278 283 292 306 307 313 323 336 339
a 4 10 19 22 28 37 43 55 61 70 79 82 88 97 103 115 121 130 139 143 148 159 169 174 186 187 194 203 215 217 224 233 244 248 255 263 275 278 283 292 306 307 313 323 336 339
a 4 10 19 22 28 37 43 55 61 70 79 82 88 97 103 115 121 130 139 143 148 159 165 174 186 187 194 203 215 217 224 233 244 248 255 263 275 278 283 292 306 307 313 323 336 339
a 4 10 19 22 28 37 43 55 61 70 79 82 88 97 103 115 121 130 139 143 154 159 165 174 186 187 194 203 215 217 224 233 244 248 255 263 275 278 283 292 306 307 313 323 336 339
a 4 10 19 22 28 37 43 55 61 70 79 82 88 97 103 112 121 130 139 143 154 159 165 174 186 187 194 203 215 217 224 233 244 248 255 263 275 278 283 292 306 307 313 323 336 339
a 4 10 19 22 28 37 43 55 61 70 79 82 88 97 109 112 121 130 139 143 154 159 165 174 186 187 194 203 215 217 224 233 244 248 255 263 275 278 283 292 306 307 313 323 336 339
a 4 10 19 22 28 37 43 55 61 70 79 82 88 100 109 112 121 130 139 143 154 159 165 174 186 187 194 203 215 217 224 233 244 248 255 263 275 278 283 292 306 307 313 323 336 339
a 4 10 19 22 28 37 43 55 61 70 79 82 91 100 109 112 121 130 139 143 154 159 165 174 186 187 194 203 215 217 224 233 244 248 255 263 275 278 283 292 306 307 313 323 336 339
a 4 10 19 22 28 37 43 52 61 70 79 82 91 100 109 112 121 130 139 143 154 159 165 174 186 187 194 203 215 217 224 233 244 248 255 263 275 278 283 292 306 307 313 323 336 339
a 4 10 19 22 28 37 49 52 61 70 79 82 91 100 109 112 121 130 139 143 154 159 165 174 186 187 194 203 215 217 224 233 244 248 255 263 275 278 283 292 306 307 313 323 336 339
a 4 10 19 22 28 40 49 52 61 70 79 82 91 100 109 112 121 130 139 143 154 159 165 174 186 187 194 203 215 217 224 233 244 248 255 263 275 278 283 292 306 307 313 323 336 339
a 4 10 19 22 31 40 49 52 61 70 79 82 91 100 109 112 121 130 139 143 154 159 165 174 186 187 194 203 215 217 224 233 244 248 255 263 275 278 283 292 306 307 313 323 336 339
a 1 10 19 22 31 40 49 52 61 70 79 82 91 100 109 112 121 130 139 143 154 159 165 174 186 187 194 203 215 217 224 233 244 248 255 263 275 278 283 292 306 307 313 323 336 339
a 1 7 19 22 31 40 49 52 61 70 79 82 91 100 109 112 121 130 139 143 154 159 165 174 186 187 194 203 215 217 224 233 244 248 255 263 275 278 283 292 306 307 313 323 336 339
a 1 7 13 22 31 40 49 52 61 70 79 82 91 100 109 112 121 130 139 143 154 159 165 174 186 187 194 203 215 217 224 233 244 248 255 263 275 278 283 292 306 307 313 323 336 339
a 1 7 13 25 31 40 49 52 61 70 79 82 91 100 109 112 121 130 139 143 154 159 165 174 186 187 194 203 215 217 224 233 244 248 255 263 275 278 283 292 306 307 313 323 336 339
a 1 7 13 25 31 40 49 52 58 70 79 82 91 100 109 112 121 130 139 143 154 159 165 174 186 187 194 203 215 217 224 233 244 248 255 263 275 278 283 292 306 307 313 323 336 339
a 1 7 13 25 31 40 49 52 58 67 79 82 91 100 109 112 121 130 139 143 154 159 165 174 186 187 194 203 215 217 224 233 244 248 255 263 275 278 283 292 306 307 313 323 336 339
a 1 7 13 25 31 40 49 52 58 67 73 82 91 100 109 112 121 130 139 143 154 159 165 174 186 187 194 203 215 217 224 233 244 248 255 263 275 278 283 292 306 307 313 323 336 339
a 1 7 13 25 31 40 49 52 58 67 73 85 91 100 109 112 121 130 139 143 154 159 165 174 186 187 194 203 215 217 224 233 244 248 255 263 275 278 283 292 306 307 313 323 336 339
a 1 7 13 25 31 40 49 52 58 67 73 85 91 100 109 112 118 130 139 143 154 159 165 174 186 187 194 203 215 217 224 233 244 248 255 263 275 278 283 292 306 307 313 323 336 339
a 1 7 13 25 31 40 49 52 58 67 73 85 91 100 109 112 118 128 139 143 154 159 165 174 186 187 194 203 215 217 224 233 244 248 255 263 275 278 283 292 306 307 313 323 336 339
a 1 7 13 25 31 40 49 52 58 67 73 85 91 100 109 112 118 128 135 143 154 159 165 174 186 187 194 203 215 217 224 233 244 248 255 263 275 278 283 292 306 307 313 323 336 339
a 1 7 13 25 31 40 49 52 58 67 73 85 91 100 109 112 125 128 135 143 154 159 165 174 186 187 194 203 215 217 224 233 244 248 255 263 275 278 283 292 306 307 313 323 336 339
a 1 7 13 25 31 40 49 52 58 67 73 84 91 100 109 112 125 128 135 143 154 159 165 174 186 187 194 203 215 217 224 233 244 248 255 263 275 278 283 292 306 307 313 323 336 339
a 1 7 13 25 31 40 49 52 58 67 79 84 91 100 109 112 125 128 135 143 154 159 165 174 186 187 194 203 215 217 224 233 244 248 255 263 275 278 283 292 306 307 313 323 336 339
a 1 7 13 25 31 40 49 52 58 70 79 84 91 100 109 112 125 128 135 143 154 159 165 174 186 187 194 203 215 217 224 233 244 248 255 263 275 278 283 292 306 307 313 323 336 339
a 1 7 13 25 31 40 49 52 61 70 79 84 91 100 109 112 125 128 135 143 154 159 165 174 186 187 194 203 215 217 224 233 244 248 255 263 275 278 283 292 306 307 313 323 336 339
a 1 7 13 22 31 40 49 52 61 70 79 84 91 100 109 112 125 128 135 143 154 159 165 174 186 187 194 203 215 217 224 233 244 248 255 263 275 278 283 292 306 307 313 323 336 339
a 1 7 19 22 31 40 49 52 61 70 79 84 91 100 109 112 125 128 135 143 154 159 165 174 186 187 194 203 215 217 224 233 244 248 255 263 275 278 283 292 306 307 313 323 336 339
a 1 10 19 22 31 40 49 52 61 70 79 84 91 100 109 112 125 128 135 143 154 159 165 174 186 187 194 203 215 217 224 233 244 248 255 263 275 278 283 292 306 307 313 323 336 339
a 4 10 19 22 31 40 49 52 61 70 79 84 91 100 109 112 125 128 135 143 154 159 165 174 186 187 194 203 215 217 224 233 244 248 255 263 275 278 283 292 306 307 313 323 336 339
a 4 10 19 22 28 40 49 52 61 70 79 84 91 100 109 112 125 128 135 143 154 159 165 174 186 187 194 203 215 217 224 233 244 248 255 263 275 278 283 292 306 307 313 323 336 339
a 4 10 19 22 28 37 49 52 61 70 79 84 91 100 109 112 125 128 135 143 154 159 165 174 186 187 194 203 215 217 224 233 244 248 255 263 275 278 283 292 306 307 313 323 336 339
a 4 10 19 22 28 37 43 52 61 70 79 84 91 100 109 112 125 128 135 143 154 159 165 174 186 187 194 203 215 217 224 233 244 248 255 263 275 278 283 292 306 307 313 323 336 339
a 4 10 19 22 28 37 43 55 61 70 79 84 91 100 109 112 125 128 135 143 154 159 165 174 186 187 194 203 215 217 224 233 244 248 255 263 275 278 283 292 306 307 313 323 336 339
a 4 10 19 22 28 37 43 55 61 70 79 84 88 100 109 112 125 128 135 143 154 159 165 174 186 187 194 203 215 217 224 233 244 248 255 263 275 278 283 292 306 307 313 323 336 339
a 4 10 19 22 28 37 43 55 61 70 79 84 88 97 109 112 125 128 135 143 154 159 165 174 186 187 194 203 215 217 224 233 244 248 255 263 275 278 283 292 306 307 313 323 336 339
a 4 10 19 22 28 37 43 55 61 70 79 84 88 97 103 112 125 128 135 143 154 159 165 174 186 187 194 203 215 217 224 233 244 248 255 263 275 278 283 292 306 307 313 323 336 339
a 4 10 19 22 28 37 43 55 61 70 79 84 94 97 103 112 125 128 135 143 154 159 165 174 186 187 194 203 215 217 224 233 244 248 255 263 275 278 283 292 306 307 313 323 336 339
a 4 10 19 22 28 37 43 54 61 70 79 84 94 97 103 112 125 128 135 143 154 159 165 174 186 187 194 203 215 217 224 233 244 248 255 263 275 278 283 292 306 307 313 323 336 339
a 4 10 19 22 28 37 49 54 61 70 79 84 94 97 103 112 125 128 135 143 154 159 165 174 186 187 194 203 215 217 224 233 244 248 255 263 275 278 283 292 306 307 313 323 336 339
a 4 10 19 22 28 40 49 54 61 70 79 84 94 97 103 112 125 128 135 143 154 159 165 174 186 187 194 203 215 217 224 233 244 248 255 263 275 278 283 292 306 307 313 323 336 339
a 4 10 19 22 31 40 49 54 61 70 79 84 94 97 103 112 125 128 135 143 154 159 165 174 186 187 194 203 215 217 224 233 244 248 255 263 275 278 283 292 306 307 313 323 336 339
a 1 10 19 22 31 40 49 54 61 70 79 84 94 97 103 112 125 128 135 143 154 159 165 174 186 187 194 203 215 217 224 233 244 248 255 263 275 278 283 292 306 307 313 323 336 339
a 1 7 19 22 31 40 49 54 61 70 79 84 94 97 103 112 125 128 135 143 154 159 165 174 186 187 194 203 215 217 224 233 244 248 255 263 275 278 283 292 306 307 313 323 336 339
a 1 7 13 22 31 40 49 54 61 70 79 84 94 97 103 112 125 128 135 143 154 159 165 174 186 187 194 203 215 217 224 233 244 248 255 263 275 278 283 292 306 307 313 323 336 339
a 1 7 13 25 31 40 49 54 61 70 79 84 94 97 103 112 125 128 135 143 154 159 165 174 186 187 194 203 215 217 224 233 244 248 255 263 275 278 283 292 306 307 313 323 336 339
a 1 7 13 25 31 40 49 54 58 70 79 84 94 97 103 112 125 128 135 143 154 159 165 174 186 187 194 203 215 217 224 233 244 248 255 263 275 278 283 292 306 307 313 323 336 339
a 1 7 13 25 31 40 49 54 58 67 79 84 94 97 103 112 125 128 135 143 154 159 165 174 186 187 194 203 215 217 224 233 244 248 255 263 275 278 283 292 306 307 313 323 336 339
a 1 7 13 25 31 40 49 54 58 67 75 84 94 97 103 112 125 128 135 143 154 159 165 174 186 187 194 203 215 217 224 233 244 248 255 263 275 278 283 292 306 307 313 323 336 339
a 1 7 13 25 31 40 49 54 64 67 75 84 94 97 103 112 125 128 135 143 154 159 165 174 186 187 194 203 215 217 224 233 244 248 255 263 275 278 283 292 306 307 313 323 336 339
a 1 7 13 22 31 40 49 54 64 67 75 84 94 97 103 112 125 128 135 143 154 159 165 174 186 187 194 203 215 217 224 233 244 248 255 263 275 278 283 292 306 307 313 323 336 339
a 1 7 19 22 31 40 49 54 64 67 75 84 94 97 103 112 125 128 135 143 154 159 165 174 186 187 194 203 215 217 224 233 244 248 255 263 275 278 283 292 306 307 313 323 336 339
a 1 10 19 22 31 40 49 54 64 67 75 84 94 97 103 112 125 128 135 143 154 159 165 174 186 187 194 203 215 217 224 233 244 248 255 263 275 278 283 292 306 307 313 323 336 339
a 4 10 19 22 31 40 49 54 64 67 75 84 94 97 103 112 125 128 135 143 154 159 165 174 186 187 194 203 215 217 224 233 244 248 255 263 275 278 283 292 306 307 313 323 336 339
a 4 10 19 22 28 40 49 54 64 67 75 84 94 97 103 112 125 128 135 143 154 159 165 174 186 187 194 203 215 217 224 233 244 248 255 263 275 278 283 292 306 307 313 323 336 339
a 4 10 19 22 28 39 49 54 64 67 75 84 94 97 103 112 125 128 135 143 154 159 165 174 186 187 194 203 215 217 224 233 244 248 255 263 275 278 283 292 306 307 313 323 336 339
a 4 10 19 22 28 39 43 54 64 67 75 84 94 97 103 112 125 128 135 143 154 159 165 174 186 187 194 203 215 217 224 233 244 248 255 263 275 278 283 292 306 307 313 323 336 339
a 4 10 19 22 36 39 43 54 64 67 75 84 94 97 103 112 125 128 135 143 154 159 165 174 186 187 194 203 215 217 224 233 244 248 255 263 275 278 283 292 306 307 313 323 336 339
a 2 10 19 22 36 39 43 54 64 67 75 84 94 97 103 112 125 128 135 143 154 159 165 174 186 187 194 203 215 217 224 233 244 248 255 263 275 278 283 292 306 307 313 323 336 339
a 2 9 19 22 36 39 43 54 64 67 75 84 94 97 103 112 125 128 135 143 154 159 165 174 186 187 194 203 215 217 224 233 244 248 255 263 275 278 283 292 306 307 313 323 336 339
a 2 9 14 22 36 39 43 54 64 67 75 84 94 97 103 112 125 128 135 143 154 159 165 174 186 187 194 203 215 217 224 233 244 248 255 263 275 278 283 292 306 307 313 323 336 339
Reconfiguration time = 13.759344
	Command being timed: "timeout 20m ../ddreconf/ddreconf ../instances_pwwt_col/suzuki_instance_2_11_2_3.pwwt.col --stfile=../benchmark_instances/2023result/docs/solver/benchmark/hand_made_wide/square_wider/suzuki_instance_2_11_2_3_01.dat --tj --indset --longest"
	User time (seconds): 14.06
	System time (seconds): 0.15
	Percent of CPU this job got: 99%
	Elapsed (wall clock) time (h:mm:ss or m:ss): 0:14.25
	Average shared text size (kbytes): 0
	Average unshared data size (kbytes): 0
	Average stack size (kbytes): 0
	Average total size (kbytes): 0
	Maximum resident set size (kbytes): 286460
	Average resident set size (kbytes): 0
	Major (requiring I/O) page faults: 0
	Minor (reclaiming a frame) page faults: 13460
	Voluntary context switches: 10
	Involuntary context switches: 19
	Swaps: 0
	File system inputs: 40
	File system outputs: 288
	Socket messages sent: 0
	Socket messages received: 0
	Signals delivered: 0
	Page size (bytes): 4096
	Exit status: 0
